Season,Week,GameSlot,Date,AwayTeam,HomeTeam,Quarter,DriveNumber,TeamWithPossession,IsScoringDrive,PlayNumberInDrive,IsScoringPlay,PlayOutcome,PlayStart,PlayTimeFormation,PlayDescription
2026,WEEK 1,Sunday Night Football,September 9th,NE,SEA,1st Quarter,1,Seattle Seahawks,0,1,0,Kickoff from NE 35,,Kickoff,— A.Borregales kicks 63 yards from NE 35 to SEA 2. R.Shaheed to SEA 24 for 22 yards (N.Obiazor).
2026,WEEK 1,Sunday Night Football,September 9th,NE,SEA,1st Quarter,1,Seattle Seahawks,0,2,0,13 Yard Run,1st & 10 at SEA 24,14:55 1st,— J.Price right tackle to SEA 37 for 13 yards (K.Byard; E.Ponder).
2026,WEEK 1,Sunday Night Football,September 9th,NE,SEA,1st Quarter,1,Seattle Seahawks,0,3,0,13 Yard Pass,1st & 10 at SEA 37,14:17 1st,— S.Darnold pass short middle to J.Smith-Njigba to 50 for 13 yards (R.Spillane).
2026,WEEK 1,Sunday Night Football,September 9th,NE,SEA,1st Quarter,1,Seattle Seahawks,0,4,0,-5 Yard Penalty,1st & 10 at 50,13:32 1st,"— PENALTY on SEA-E.Saubert, False Start, 5 yards, enforced at 50 - No Play."
2026,WEEK 1,Sunday Night Football,September 9th,NE,SEA,1st Quarter,1,Seattle Seahawks,0,5,0,9 Yard Run,1st & 15 at SEA 45,13:09 1st Shotgun,— G.Holani up the middle to NE 46 for 9 yards (C.Durden; R.Spillane).
2026,WEEK 1,Sunday Night Football,September 9th,NE,SEA,1st Quarter,1,Seattle Seahawks,0,6,0,Pass Incomplete,2nd & 6 at NE 46,12:30 1st Shotgun,— S.Darnold pass incomplete short right to R.Shaheed.
2026,WEEK 1,Sunday Night Football,September 9th,NE,SEA,1st Quarter,1,Seattle Seahawks,0,7,0,-5 Yard Sack,3rd & 6 at NE 46,12:27 1st Shotgun,— S.Darnold sacked at SEA 49 for -5 yards (D.Jones). SEA-S.Darnold was injured during the play.
2026,WEEK 1,Sunday Night Football,September 9th,NE,SEA,1st Quarter,1,Seattle Seahawks,0,8,0,Punt,4th & 11 at SEA 49,11:49 1st,"— M.Dickson punts 43 yards to NE 8, Center-C.Stoll, fair catch by M.Jones."
2026,WEEK 1,Sunday Night Football,September 9th,NE,SEA,1st Quarter,2,New England Patriots,0,1,0,3 Yard Run,1st & 10 at NE 8,11:42 1st,— R.Stevenson up the middle to NE 11 for 3 yards (D.Lawrence; D.Thomas).
2026,WEEK 1,Sunday Night Football,September 9th,NE,SEA,1st Quarter,2,New England Patriots,0,2,0,10 Yard Run,2nd & 7 at NE 11,11:07 1st,— D.Maye scrambles up the middle to NE 21 for 10 yards (E.Jones; D.Witherspoon).
2026,WEEK 1,Sunday Night Football,September 9th,NE,SEA,1st Quarter,2,New England Patriots,0,3,0,2 Yard Run,1st & 10 at NE 21,10:26 1st Shotgun,— R.Stevenson left end pushed ob at NE 23 for 2 yards (J.Love).
2026,WEEK 1,Sunday Night Football,September 9th,NE,SEA,1st Quarter,2,New England Patriots,0,4,0,3 Yard Run,2nd & 8 at NE 23,09:53 1st,— R.Stevenson up the middle to NE 26 for 3 yards (N.Pritchett).
2026,WEEK 1,Sunday Night Football,September 9th,NE,SEA,1st Quarter,2,New England Patriots,0,5,0,16 Yard Run,3rd & 5 at NE 26,09:14 1st Shotgun,"— D.Maye scrambles right end pushed ob at NE 27 for 1 yard (B.Murphy). PENALTY on SEA-D.Hall, Unnecessary Roughness, 15 yards, enforced at NE 27."
2026,WEEK 1,Sunday Night Football,September 9th,NE,SEA,1st Quarter,2,New England Patriots,0,6,0,6 Yard Run,1st & 10 at NE 42,08:58 1st,— R.Stevenson left end pushed ob at NE 48 for 6 yards (E.Jones).
2026,WEEK 1,Sunday Night Football,September 9th,NE,SEA,1st Quarter,2,New England Patriots,0,7,0,-3 Yard Run,2nd & 4 at NE 48,08:25 1st Shotgun,— R.Stevenson left guard to NE 45 for -3 yards (U.Nwosu).
2026,WEEK 1,Sunday Night Football,September 9th,NE,SEA,1st Quarter,2,New England Patriots,0,8,0,Pass Incomplete,3rd & 7 at NE 45,07:41 1st Shotgun,— D.Maye pass incomplete short right [D.Witherspoon].
2026,WEEK 1,Sunday Night Football,September 9th,NE,SEA,1st Quarter,2,New England Patriots,0,9,0,Punt,4th & 7 at NE 45,07:35 1st,"— M.Wishnowsky punts 45 yards to SEA 10, Center-J.Ashby, fair catch by R.Shaheed."
2026,WEEK 1,Sunday Night Football,September 9th,NE,SEA,1st Quarter,3,Seattle Seahawks,0,1,0,4 Yard Run,1st & 10 at SEA 10,07:29 1st Shotgun,— G.Holani left guard to SEA 14 for 4 yards (M.Jones).
2026,WEEK 1,Sunday Night Football,September 9th,NE,SEA,1st Quarter,3,Seattle Seahawks,0,2,0,7 Yard Run,2nd & 6 at SEA 14,06:54 1st,— J.Price left tackle to SEA 21 for 7 yards (C.Woodson).
2026,WEEK 1,Sunday Night Football,September 9th,NE,SEA,1st Quarter,3,Seattle Seahawks,0,3,0,8 Yard Pass,1st & 10 at SEA 21,06:22 1st,— D.Lock pass short right to J.Smith-Njigba pushed ob at SEA 29 for 8 yards (R.Spillane).
2026,WEEK 1,Sunday Night Football,September 9th,NE,SEA,1st Quarter,3,Seattle Seahawks,0,4,0,0 Yard Run,2nd & 2 at SEA 29,06:02 1st No Huddle,— J.Price right end to SEA 29 for no gain (C.Davis; K.Byard). NE-C.Davis was injured during the play.
2026,WEEK 1,Sunday Night Football,September 9th,NE,SEA,1st Quarter,3,Seattle Seahawks,0,5,0,1 Yard Run,3rd & 2 at SEA 29,05:19 1st Shotgun,— G.Holani right guard to SEA 30 for 1 yard (R.Spillane).
2026,WEEK 1,Sunday Night Football,September 9th,NE,SEA,1st Quarter,3,Seattle Seahawks,0,6,0,Punt,4th & 1 at SEA 30,04:42 1st,"— M.Dickson punts 50 yards to NE 20, Center-C.Stoll, out of bounds."
2026,WEEK 1,Sunday Night Football,September 9th,NE,SEA,1st Quarter,4,New England Patriots,0,1,0,9 Yard Pass,1st & 10 at NE 20,04:35 1st Shotgun,— D.Maye pass short right to M.Hollins to NE 29 for 9 yards (E.Jones).
2026,WEEK 1,Sunday Night Football,September 9th,NE,SEA,1st Quarter,4,New England Patriots,0,2,0,3 Yard Run,2nd & 1 at NE 29,04:00 1st,— D.Maye up the middle to NE 32 for 3 yards (L.Williams).
2026,WEEK 1,Sunday Night Football,September 9th,NE,SEA,1st Quarter,4,New England Patriots,0,3,0,7 Yard Pass,1st & 10 at NE 32,03:24 1st Shotgun,— D.Maye pass short left to A.Brown pushed ob at NE 39 for 7 yards (N.Pritchett).
2026,WEEK 1,Sunday Night Football,September 9th,NE,SEA,1st Quarter,4,New England Patriots,0,4,0,2 Yard Run,2nd & 3 at NE 39,02:48 1st,— R.Stevenson right tackle to NE 41 for 2 yards (L.Williams).
2026,WEEK 1,Sunday Night Football,September 9th,NE,SEA,1st Quarter,4,New England Patriots,0,5,0,-1 Yard Run,3rd & 1 at NE 41,02:12 1st,— R.Stevenson right guard to NE 40 for -1 yards (J.Love).
2026,WEEK 1,Sunday Night Football,September 9th,NE,SEA,1st Quarter,4,New England Patriots,0,6,0,Punt,4th & 2 at NE 40,01:28 1st,"— M.Wishnowsky punts 46 yards to SEA 14, Center-J.Ashby, fair catch by R.Shaheed."
2026,WEEK 1,Sunday Night Football,September 9th,NE,SEA,2nd Quarter,1,Seattle Seahawks,0,1,0,12 Yard Run,1st & 10 at SEA 14,01:22 1st,— J.Price right end pushed ob at SEA 26 for 12 yards (C.Gonzalez). ** Injury Update: NE-C.Davis has returned to the game.
2026,WEEK 1,Sunday Night Football,September 9th,NE,SEA,2nd Quarter,1,Seattle Seahawks,0,2,0,2 Yard Run,1st & 10 at SEA 26,00:49 1st,— J.Price right end to SEA 28 for 2 yards (C.Elliss; M.Williams).
2026,WEEK 1,Sunday Night Football,September 9th,NE,SEA,2nd Quarter,1,Seattle Seahawks,0,3,0,3 Yard Run,2nd & 8 at SEA 28,00:08 1st,— E.Wilson left guard to SEA 31 for 3 yards (R.Spillane).
2026,WEEK 1,Sunday Night Football,September 9th,NE,SEA,2nd Quarter,1,Seattle Seahawks,0,4,0,Pass Incomplete,3rd & 5 at SEA 31,15:00 2nd Shotgun,— D.Lock pass incomplete deep left to C.Kupp (C.Gonzalez).
2026,WEEK 1,Sunday Night Football,September 9th,NE,SEA,2nd Quarter,1,Seattle Seahawks,0,5,0,Punt,4th & 5 at SEA 31,14:55 2nd,"— M.Dickson punts 46 yards to NE 23, Center-C.Stoll, fair catch by M.Jones."
2026,WEEK 1,Sunday Night Football,September 9th,NE,SEA,2nd Quarter,2,New England Patriots,1,1,0,7 Yard Run,1st & 10 at NE 23,14:48 2nd,— C.Kiner right guard to NE 30 for 7 yards (R.Mills).
2026,WEEK 1,Sunday Night Football,September 9th,NE,SEA,2nd Quarter,2,New England Patriots,1,2,0,-1 Yard Run,2nd & 3 at NE 30,14:09 2nd,— C.Kiner right guard to NE 29 for -1 yards (R.Mills).
2026,WEEK 1,Sunday Night Football,September 9th,NE,SEA,2nd Quarter,2,New England Patriots,1,3,0,5 Yard Pass,3rd & 4 at NE 29,13:28 2nd Shotgun,— D.Maye pass short left to D.Douglas ran ob at NE 34 for 5 yards.
2026,WEEK 1,Sunday Night Football,September 9th,NE,SEA,2nd Quarter,2,New England Patriots,1,4,0,11 Yard Pass,1st & 10 at NE 34,13:00 2nd,— D.Maye pass short left to L.Larison to NE 45 for 11 yards (J.Jobe).
2026,WEEK 1,Sunday Night Football,September 9th,NE,SEA,2nd Quarter,2,New England Patriots,1,5,0,0 Yard Run,1st & 10 at NE 45,12:21 2nd,— C.Kiner up the middle to NE 45 for no gain (U.Nwosu).
2026,WEEK 1,Sunday Night Football,September 9th,NE,SEA,2nd Quarter,2,New England Patriots,1,6,0,6 Yard Run,2nd & 10 at NE 45,11:47 2nd Shotgun,— D.Maye scrambles right end ran ob at SEA 49 for 6 yards (N.Pritchett).
2026,WEEK 1,Sunday Night Football,September 9th,NE,SEA,2nd Quarter,2,New England Patriots,1,7,0,5 Yard Pass,3rd & 4 at SEA 49,11:08 2nd Shotgun,— D.Maye pass short right to A.Brown to SEA 44 for 5 yards (J.Jobe).
2026,WEEK 1,Sunday Night Football,September 9th,NE,SEA,2nd Quarter,2,New England Patriots,1,8,0,3 Yard Run,1st & 10 at SEA 44,10:31 2nd,— C.Kiner right tackle to SEA 41 for 3 yards (D.Lawrence; J.Love).
2026,WEEK 1,Sunday Night Football,September 9th,NE,SEA,2nd Quarter,2,New England Patriots,1,9,0,5 Yard Pass,2nd & 7 at SEA 41,09:54 2nd Shotgun,— D.Maye pass short left to D.Douglas to SEA 36 for 5 yards (E.Jones; N.Pritchett).
2026,WEEK 1,Sunday Night Football,September 9th,NE,SEA,2nd Quarter,2,New England Patriots,1,10,0,34 Yard Penalty,3rd & 2 at SEA 36,09:22 2nd,"— D.Maye pass incomplete deep left to A.Brown (J.Jobe). PENALTY on SEA-J.Jobe, Defensive Pass Interference, 34 yards, enforced at SEA 36 - No Play."
2026,WEEK 1,Sunday Night Football,September 9th,NE,SEA,2nd Quarter,2,New England Patriots,1,11,1,Touchdown,1st & 2 at SEA 2,09:14 2nd,"— G.Van Roten reported in as eligible. D.Maye pass short left to E.Raridon for 2 yards, TOUCHDOWN."
2026,WEEK 1,Sunday Night Football,September 9th,NE,SEA,2nd Quarter,2,New England Patriots,1,12,1,Extra Point,,09:11 2nd,"— A.Borregales extra point is GOOD, Center-J.Ashby, Holder-M.Wishnowsky."
2026,WEEK 1,Sunday Night Football,September 9th,NE,SEA,2nd Quarter,3,Seattle Seahawks,0,1,0,Kickoff from NE 35,,Kickoff,— A.Borregales kicks 63 yards from NE 35 to SEA 2. R.Shaheed to SEA 30 for 28 yards (C.Woods).
2026,WEEK 1,Sunday Night Football,September 9th,NE,SEA,2nd Quarter,3,Seattle Seahawks,0,2,0,7 Yard Pass,1st & 10 at SEA 30,09:06 2nd,— D.Lock pass short left to B.Russell to SEA 37 for 7 yards (D.Pettus).
2026,WEEK 1,Sunday Night Football,September 9th,NE,SEA,2nd Quarter,3,Seattle Seahawks,0,3,0,8 Yard Run,2nd & 3 at SEA 37,08:25 2nd,— J.Price right end to SEA 45 for 8 yards (K.Byard).
2026,WEEK 1,Sunday Night Football,September 9th,NE,SEA,2nd Quarter,3,Seattle Seahawks,0,4,0,-7 Yard Sack,1st & 10 at SEA 45,07:42 2nd,— D.Lock sacked at SEA 38 for -7 yards (G.Jacas).
2026,WEEK 1,Sunday Night Football,September 9th,NE,SEA,2nd Quarter,3,Seattle Seahawks,0,5,0,-5 Yard Penalty,2nd & 17 at SEA 38,06:54 2nd Shotgun,"— PENALTY on SEA-A.Lucas, False Start, 5 yards, enforced at SEA 38 - No Play."
2026,WEEK 1,Sunday Night Football,September 9th,NE,SEA,2nd Quarter,3,Seattle Seahawks,0,6,0,5 Yard Pass,2nd & 22 at SEA 33,06:45 2nd Shotgun,— D.Lock pass short right to J.Smith-Njigba to SEA 38 for 5 yards (C.Durden; M.Jones).
2026,WEEK 1,Sunday Night Football,September 9th,NE,SEA,2nd Quarter,3,Seattle Seahawks,0,7,0,-5 Yard Penalty,3rd & 17 at SEA 38,06:02 2nd Shotgun,"— PENALTY on SEA-A.Barner, False Start, 5 yards, enforced at SEA 38 - No Play."
2026,WEEK 1,Sunday Night Football,September 9th,NE,SEA,2nd Quarter,3,Seattle Seahawks,0,8,0,21 Yard Pass,3rd & 22 at SEA 33,05:39 2nd Shotgun,— D.Lock pass deep middle to J.Smith-Njigba to NE 46 for 21 yards (C.Woodson).
2026,WEEK 1,Sunday Night Football,September 9th,NE,SEA,2nd Quarter,3,Seattle Seahawks,0,9,0,-4 Yard Penalty,4th & 1 at NE 46,04:54 2nd,"— Direct snap to A.Barner. A.Barner up the middle to NE 45 for 1 yard (D.Jones; E.Ponder). PENALTY on SEA-A.Bradford, Offensive Offside, 4 yards, enforced at NE 46 - No Play."
2026,WEEK 1,Sunday Night Football,September 9th,NE,SEA,2nd Quarter,3,Seattle Seahawks,0,10,0,Punt,4th & 5 at 50,04:45 2nd,"— M.Dickson punts 42 yards to NE 8, Center-C.Stoll, out of bounds."
2026,WEEK 1,Sunday Night Football,September 9th,NE,SEA,2nd Quarter,4,New England Patriots,0,1,0,4 Yard Run,1st & 10 at NE 8,04:39 2nd,— R.Stevenson left tackle to NE 12 for 4 yards (U.Nwosu).
2026,WEEK 1,Sunday Night Football,September 9th,NE,SEA,2nd Quarter,4,New England Patriots,0,2,0,3 Yard Pass,2nd & 6 at NE 12,04:02 2nd Shotgun,— D.Maye pass short middle to H.Henry to NE 15 for 3 yards (U.Nwosu).
2026,WEEK 1,Sunday Night Football,September 9th,NE,SEA,2nd Quarter,4,New England Patriots,0,3,0,14 Yard Pass,3rd & 3 at NE 15,03:18 2nd Shotgun,— D.Maye pass short left to A.Brown to NE 29 for 14 yards (N.Pritchett).
2026,WEEK 1,Sunday Night Football,September 9th,NE,SEA,2nd Quarter,4,New England Patriots,0,4,0,1 Yard Run,1st & 10 at NE 29,02:45 2nd,— C.Kiner left tackle to NE 30 for 1 yard (E.Jones; D.Thomas).
2026,WEEK 1,Sunday Night Football,September 9th,NE,SEA,2nd Quarter,4,New England Patriots,0,5,0,16 Yard Run,2nd & 9 at NE 30,02:00 2nd Shotgun,— D.Maye scrambles left tackle ran ob at NE 46 for 16 yards (E.Jones).
2026,WEEK 1,Sunday Night Football,September 9th,NE,SEA,2nd Quarter,4,New England Patriots,0,6,0,Pass Incomplete,1st & 10 at NE 46,01:52 2nd Shotgun,— D.Maye pass incomplete deep right to D.Douglas [D.Thomas].
2026,WEEK 1,Sunday Night Football,September 9th,NE,SEA,2nd Quarter,4,New England Patriots,0,7,0,5 Yard Pass,2nd & 10 at NE 46,01:46 2nd Shotgun,— D.Maye pass short left to R.Stevenson to SEA 49 for 5 yards (D.Thomas; J.Jobe).
2026,WEEK 1,Sunday Night Football,September 9th,NE,SEA,2nd Quarter,4,New England Patriots,0,8,0,2 Yard Run,3rd & 5 at SEA 49,01:03 2nd Shotgun,— R.Stevenson left guard to SEA 47 for 2 yards (E.Jones; L.Williams).
2026,WEEK 1,Sunday Night Football,September 9th,NE,SEA,2nd Quarter,4,New England Patriots,0,9,0,Timeout,,00:57 2nd,— Timeout #1 by SEA at 00:57.
2026,WEEK 1,Sunday Night Football,September 9th,NE,SEA,2nd Quarter,4,New England Patriots,0,10,0,Punt,4th & 3 at SEA 47,00:57 2nd,"— M.Wishnowsky punts 40 yards to SEA 7, Center-J.Ashby, fair catch by R.Shaheed."
2026,WEEK 1,Sunday Night Football,September 9th,NE,SEA,2nd Quarter,5,Seattle Seahawks,0,1,0,4 Yard Run,1st & 10 at SEA 7,00:50 2nd Shotgun,— G.Holani right tackle to SEA 11 for 4 yards (C.Woodson).
2026,WEEK 1,Sunday Night Football,September 9th,NE,SEA,2nd Quarter,5,Seattle Seahawks,0,2,0,Timeout,,00:45 2nd,— Timeout #1 by NE at 00:45.
2026,WEEK 1,Sunday Night Football,September 9th,NE,SEA,2nd Quarter,5,Seattle Seahawks,0,3,0,1 Yard Run,2nd & 6 at SEA 11,00:45 2nd,— G.Holani right end to SEA 12 for 1 yard (C.Davis).
2026,WEEK 1,Sunday Night Football,September 9th,NE,SEA,2nd Quarter,5,Seattle Seahawks,0,4,0,Timeout,,00:39 2nd,— Timeout #2 by NE at 00:39.
2026,WEEK 1,Sunday Night Football,September 9th,NE,SEA,2nd Quarter,5,Seattle Seahawks,0,5,0,6 Yard Pass,3rd & 5 at SEA 12,00:39 2nd Shotgun,— D.Lock pass short right to J.Smith-Njigba to SEA 18 for 6 yards (C.Elliss).
2026,WEEK 1,Sunday Night Football,September 9th,NE,SEA,2nd Quarter,5,Seattle Seahawks,0,6,0,Timeout,,00:33 2nd,— Timeout #2 by SEA at 00:33.
2026,WEEK 1,Sunday Night Football,September 9th,NE,SEA,2nd Quarter,5,Seattle Seahawks,0,7,0,4 Yard Pass,1st & 10 at SEA 18,00:33 2nd Shotgun,— D.Lock pass short left to A.Barner to SEA 22 for 4 yards (C.Gonzalez).
2026,WEEK 1,Sunday Night Football,September 9th,NE,SEA,2nd Quarter,5,Seattle Seahawks,0,8,0,Timeout,,00:24 2nd,— Timeout #3 by SEA at 00:24.
2026,WEEK 1,Sunday Night Football,September 9th,NE,SEA,2nd Quarter,5,Seattle Seahawks,0,9,0,Pass Incomplete,2nd & 6 at SEA 22,00:24 2nd Shotgun,— D.Lock pass incomplete short right to G.Holani. The penalty was assisted by replay.
2026,WEEK 1,Sunday Night Football,September 9th,NE,SEA,2nd Quarter,5,Seattle Seahawks,0,10,0,4 Yard Run,3rd & 6 at SEA 22,00:17 2nd Shotgun,— G.Holani left guard to SEA 26 for 4 yards (C.Barmore).
2026,WEEK 1,Sunday Night Football,September 9th,NE,SEA,3rd Quarter,1,New England Patriots,1,1,0,Kickoff from SEA 35,,Kickoff,— J.Myers kicks 65 yards from SEA 35 to NE 0. K.Williams pushed ob at NE 29 for 29 yards (M.Foster).
2026,WEEK 1,Sunday Night Football,September 9th,NE,SEA,3rd Quarter,1,New England Patriots,1,2,0,13 Yard Pass,1st & 10 at NE 29,14:53 3rd,— D.Maye pass short right to H.Henry to NE 42 for 13 yards (J.Love).
2026,WEEK 1,Sunday Night Football,September 9th,NE,SEA,3rd Quarter,1,New England Patriots,1,3,0,Pass Incomplete,1st & 10 at NE 42,14:18 3rd Shotgun,— D.Maye pass incomplete short right.
2026,WEEK 1,Sunday Night Football,September 9th,NE,SEA,3rd Quarter,1,New England Patriots,1,4,0,6 Yard Run,2nd & 10 at NE 42,14:11 3rd Shotgun,— R.Stevenson up the middle to NE 48 for 6 yards (D.Witherspoon; D.Thomas).
2026,WEEK 1,Sunday Night Football,September 9th,NE,SEA,3rd Quarter,1,New England Patriots,1,5,0,Pass Incomplete,3rd & 4 at NE 48,13:30 3rd Shotgun,— D.Maye pass incomplete short left to A.Brown (N.Pritchett). NE-A.Brown was injured during the play.
2026,WEEK 1,Sunday Night Football,September 9th,NE,SEA,3rd Quarter,1,New England Patriots,1,6,0,0 Yard Run,1st & 10 at SEA 37,13:20 3rd,— R.Stevenson left end to SEA 37 for no gain (E.Jones).
2026,WEEK 1,Sunday Night Football,September 9th,NE,SEA,3rd Quarter,1,New England Patriots,1,7,0,Pass Incomplete,2nd & 10 at SEA 37,12:41 3rd Shotgun,— D.Maye pass incomplete short left to R.Stevenson (U.Nwosu). The incomplete pass was assisted by replay.
2026,WEEK 1,Sunday Night Football,September 9th,NE,SEA,3rd Quarter,1,New England Patriots,1,8,0,5 Yard Pass,3rd & 10 at SEA 37,12:38 3rd Shotgun,— D.Maye pass short right to R.Stevenson to SEA 32 for 5 yards (J.Love; D.Witherspoon).
2026,WEEK 1,Sunday Night Football,September 9th,NE,SEA,3rd Quarter,1,New England Patriots,1,9,1,Field Goal,4th & 5 at SEA 32,11:53 3rd,"— A.Borregales 50 yard field goal is GOOD, Center-J.Ashby, Holder-M.Wishnowsky."
2026,WEEK 1,Sunday Night Football,September 9th,NE,SEA,3rd Quarter,2,Seattle Seahawks,0,1,0,Kickoff from NE 35,,Kickoff,— A.Borregales kicks 66 yards from NE 35 to SEA -1. R.Shaheed to SEA 29 for 30 yards (N.Obiazor).
2026,WEEK 1,Sunday Night Football,September 9th,NE,SEA,3rd Quarter,2,Seattle Seahawks,0,2,0,13 Yard Pass,1st & 10 at SEA 29,11:44 3rd,— D.Lock pass short middle to B.Russell to SEA 42 for 13 yards (R.Spillane).
2026,WEEK 1,Sunday Night Football,September 9th,NE,SEA,3rd Quarter,2,Seattle Seahawks,0,3,0,-3 Yard Run,1st & 10 at SEA 42,11:02 3rd,— J.Price left end to SEA 39 for -3 yards (G.Jacas).
2026,WEEK 1,Sunday Night Football,September 9th,NE,SEA,3rd Quarter,2,Seattle Seahawks,0,4,0,Pass Incomplete,2nd & 13 at SEA 39,10:21 3rd Shotgun,— D.Lock pass incomplete short middle to R.Shaheed.
2026,WEEK 1,Sunday Night Football,September 9th,NE,SEA,3rd Quarter,2,Seattle Seahawks,0,5,0,5 Yard Penalty,3rd & 13 at SEA 39,10:18 3rd Shotgun,"— PENALTY on NE-M.Williams, Encroachment, 5 yards, enforced at SEA 39 - No Play."
2026,WEEK 1,Sunday Night Football,September 9th,NE,SEA,3rd Quarter,2,Seattle Seahawks,0,6,0,4 Yard Pass,3rd & 8 at SEA 44,10:18 3rd Shotgun,— D.Lock pass short middle to R.Shaheed to SEA 48 for 4 yards (R.Spillane) [D.Jones].
2026,WEEK 1,Sunday Night Football,September 9th,NE,SEA,3rd Quarter,2,Seattle Seahawks,0,7,0,Punt,4th & 4 at SEA 48,09:37 3rd,"— M.Dickson punts 46 yards to NE 6, Center-C.Stoll, downed by SEA-V.Jones."
2026,WEEK 1,Sunday Night Football,September 9th,NE,SEA,3rd Quarter,3,New England Patriots,0,1,0,-2 Yard Run,1st & 10 at NE 6,09:29 3rd,— R.Stevenson up the middle to NE 4 for -2 yards (J.Love).
2026,WEEK 1,Sunday Night Football,September 9th,NE,SEA,3rd Quarter,3,New England Patriots,0,2,0,1 Yard Pass,2nd & 12 at NE 4,08:54 3rd Shotgun,— D.Maye pass short right to D.Douglas to NE 5 for 1 yard (R.Thomas).
2026,WEEK 1,Sunday Night Football,September 9th,NE,SEA,3rd Quarter,3,New England Patriots,0,3,0,6 Yard Pass,3rd & 11 at NE 5,08:11 3rd Shotgun,— D.Maye pass short middle to R.Stevenson to NE 11 for 6 yards (E.Jones).
2026,WEEK 1,Sunday Night Football,September 9th,NE,SEA,3rd Quarter,3,New England Patriots,0,4,0,Punt,4th & 10 at NE 6,07:05 3rd,"— M.Wishnowsky punts 46 yards to SEA 48, Center-J.Ashby. R.Shaheed to NE 43 for 9 yards (N.Obiazor; E.Ponder)."
2026,WEEK 1,Sunday Night Football,September 9th,NE,SEA,3rd Quarter,4,Seattle Seahawks,1,1,0,4 Yard Pass,1st & 10 at NE 43,06:53 3rd Shotgun,— D.Lock pass short right to J.Price to NE 39 for 4 yards (C.Elliss).
2026,WEEK 1,Sunday Night Football,September 9th,NE,SEA,3rd Quarter,4,Seattle Seahawks,1,2,0,Timeout,,06:12 3rd,— Timeout #1 by SEA at 06:12.
2026,WEEK 1,Sunday Night Football,September 9th,NE,SEA,3rd Quarter,4,Seattle Seahawks,1,3,0,2 Yard Pass,2nd & 6 at NE 39,06:12 3rd Shotgun,— D.Lock pass short left to J.Price pushed ob at NE 37 for 2 yards (R.Spillane).
2026,WEEK 1,Sunday Night Football,September 9th,NE,SEA,3rd Quarter,4,Seattle Seahawks,1,4,0,24 Yard Pass,3rd & 4 at NE 37,05:36 3rd Shotgun,— D.Lock pass deep right to C.Kupp to NE 13 for 24 yards (M.Jones) [C.Barmore].
2026,WEEK 1,Sunday Night Football,September 9th,NE,SEA,3rd Quarter,4,Seattle Seahawks,1,5,0,2 Yard Run,1st & 10 at NE 13,04:50 3rd Shotgun,— G.Holani up the middle to NE 11 for 2 yards (M.Williams).
2026,WEEK 1,Sunday Night Football,September 9th,NE,SEA,3rd Quarter,4,Seattle Seahawks,1,6,0,4 Yard Run,2nd & 8 at NE 11,04:12 3rd Shotgun,— G.Holani right end to NE 7 for 4 yards (G.Jacas).
2026,WEEK 1,Sunday Night Football,September 9th,NE,SEA,3rd Quarter,4,Seattle Seahawks,1,7,0,-5 Yard Penalty,3rd & 4 at NE 7,03:25 3rd Shotgun,"— D.Lock pass short left to C.Kupp for 7 yards, TOUCHDOWN NULLIFIED by Penalty. PENALTY on SEA, Illegal Shift, 5 yards, enforced at NE 7 - No Play."
2026,WEEK 1,Sunday Night Football,September 9th,NE,SEA,3rd Quarter,4,Seattle Seahawks,1,8,0,Pass Incomplete,3rd & 9 at NE 12,03:21 3rd Shotgun,— D.Lock pass incomplete short left to J.Smith-Njigba [D.Jones].
2026,WEEK 1,Sunday Night Football,September 9th,NE,SEA,3rd Quarter,4,Seattle Seahawks,1,9,1,Field Goal,4th & 9 at NE 12,03:16 3rd,"— J.Myers 30 yard field goal is GOOD, Center-C.Stoll, Holder-M.Dickson."
2026,WEEK 1,Sunday Night Football,September 9th,NE,SEA,4th Quarter,1,New England Patriots,0,1,0,Kickoff from SEA 35,,Kickoff,— J.Myers kicks 62 yards from SEA 35 to NE 3. K.Williams to NE 32 for 29 yards (P.O'Connell; C.Surratt).
2026,WEEK 1,Sunday Night Football,September 9th,NE,SEA,4th Quarter,1,New England Patriots,0,2,0,-5 Yard Penalty,1st & 10 at NE 32,03:06 3rd,"— PENALTY on NE-M.Moses, False Start, 5 yards, enforced at NE 32 - No Play."
2026,WEEK 1,Sunday Night Football,September 9th,NE,SEA,4th Quarter,1,New England Patriots,0,3,0,17 Yard Pass,1st & 15 at NE 27,03:06 3rd,— D.Maye pass short left to R.Stevenson pushed ob at NE 44 for 17 yards (E.Jones).
2026,WEEK 1,Sunday Night Football,September 9th,NE,SEA,4th Quarter,1,New England Patriots,0,4,0,1 Yard Run,1st & 10 at NE 44,02:29 3rd,— R.Stevenson right guard to NE 45 for 1 yard (D.Thomas; U.Nwosu).
2026,WEEK 1,Sunday Night Football,September 9th,NE,SEA,4th Quarter,1,New England Patriots,0,5,0,-10 Yard Penalty,2nd & 9 at NE 45,01:48 3rd Shotgun,"— R.Stevenson left end to NE 49 for 4 yards (D.Hall; R.Thomas). PENALTY on NE-W.Campbell, Illegal Block Above the Waist, 10 yards, enforced at NE 45 - No Play."
2026,WEEK 1,Sunday Night Football,September 9th,NE,SEA,4th Quarter,1,New England Patriots,0,6,0,11 Yard Pass,2nd & 19 at NE 35,01:26 3rd,— D.Maye pass short left to R.Stevenson to NE 46 for 11 yards (D.Thomas; E.Jones).
2026,WEEK 1,Sunday Night Football,September 9th,NE,SEA,4th Quarter,1,New England Patriots,0,7,0,8 Yard Pass,3rd & 8 at NE 46,00:43 3rd Shotgun,— D.Maye pass short right to D.Douglas to SEA 46 for 8 yards (R.Thomas).
2026,WEEK 1,Sunday Night Football,September 9th,NE,SEA,4th Quarter,1,New England Patriots,0,8,0,1 Yard Run,1st & 10 at SEA 46,15:00 4th,— C.Kiner right end pushed ob at SEA 45 for 1 yard (D.Lawrence).
2026,WEEK 1,Sunday Night Football,September 9th,NE,SEA,4th Quarter,1,New England Patriots,0,9,0,Interception,2nd & 9 at SEA 45,14:27 4th,— D.Maye pass deep left intended for R.Doubs INTERCEPTED by N.Pritchett (R.Thomas) at SEA 3. N.Pritchett to SEA 33 for 30 yards (J.Wilson).
2026,WEEK 1,Sunday Night Football,September 9th,NE,SEA,4th Quarter,2,Seattle Seahawks,1,1,0,13 Yard Pass,1st & 10 at SEA 33,14:12 4th,— D.Lock pass short right to J.Smith-Njigba pushed ob at SEA 46 for 13 yards (K.Byard) [D.Jones].
2026,WEEK 1,Sunday Night Football,September 9th,NE,SEA,4th Quarter,2,Seattle Seahawks,1,2,0,5 Yard Run,1st & 10 at SEA 46,13:41 4th,— J.Price left end to NE 49 for 5 yards (C.Woodson).
2026,WEEK 1,Sunday Night Football,September 9th,NE,SEA,4th Quarter,2,Seattle Seahawks,1,3,0,4 Yard Run,2nd & 5 at NE 49,13:04 4th,— J.Price left tackle to NE 45 for 4 yards (D.Jones; K.Byard).
2026,WEEK 1,Sunday Night Football,September 9th,NE,SEA,4th Quarter,2,Seattle Seahawks,1,4,0,0 Yard Run,3rd & 1 at NE 45,12:20 4th,— J.Jones reported in as eligible. E.Wilson right guard to NE 45 for no gain (M.Williams).
2026,WEEK 1,Sunday Night Football,September 9th,NE,SEA,4th Quarter,2,Seattle Seahawks,1,5,1,Touchdown,4th & 1 at NE 45,11:38 4th,"— D.Lock pass short left to J.Smith-Njigba for 45 yards, TOUCHDOWN."
2026,WEEK 1,Sunday Night Football,September 9th,NE,SEA,4th Quarter,2,Seattle Seahawks,1,6,1,Extra Point,,11:28 4th,"— J.Myers extra point is GOOD, Center-C.Stoll, Holder-M.Dickson."
2026,WEEK 1,Sunday Night Football,September 9th,NE,SEA,4th Quarter,3,New England Patriots,0,1,0,Kickoff from SEA 35,,Kickoff,"— J.Myers kicks 63 yards from SEA 35 to NE 2. L.Larison to NE 25 for 23 yards (C.Surratt). PENALTY on NE-G.Jacas, Illegal Block Above the Waist, 10 yards, enforced at NE 24."
2026,WEEK 1,Sunday Night Football,September 9th,NE,SEA,4th Quarter,3,New England Patriots,0,2,0,7 Yard Run,1st & 10 at NE 14,11:23 4th,— R.Stevenson up the middle to NE 21 for 7 yards (J.Reed).
2026,WEEK 1,Sunday Night Football,September 9th,NE,SEA,4th Quarter,3,New England Patriots,0,3,0,5 Yard Run,2nd & 3 at NE 21,10:49 4th,— R.Stevenson left tackle to NE 26 for 5 yards (D.Thomas).
2026,WEEK 1,Sunday Night Football,September 9th,NE,SEA,4th Quarter,3,New England Patriots,0,4,0,-4 Yard Run,1st & 10 at NE 26,10:11 4th,— R.Stevenson up the middle to NE 22 for -4 yards (B.Murphy).
2026,WEEK 1,Sunday Night Football,September 9th,NE,SEA,4th Quarter,3,New England Patriots,0,5,0,Pass Incomplete,2nd & 14 at NE 22,09:32 4th Shotgun,— D.Maye pass incomplete deep right to R.Doubs.
2026,WEEK 1,Sunday Night Football,September 9th,NE,SEA,4th Quarter,3,New England Patriots,0,6,0,Interception,3rd & 14 at NE 22,09:25 4th Shotgun,— D.Maye pass deep middle intended for D.Douglas INTERCEPTED by J.Love at NE 47. J.Love to NE 47 for no gain (D.Douglas).
2026,WEEK 1,Sunday Night Football,September 9th,NE,SEA,4th Quarter,4,Seattle Seahawks,1,1,0,4 Yard Run,1st & 10 at NE 47,09:20 4th,— J.Price right end to NE 43 for 4 yards (C.Woodson).
2026,WEEK 1,Sunday Night Football,September 9th,NE,SEA,4th Quarter,4,Seattle Seahawks,1,2,0,9 Yard Pass,2nd & 6 at NE 43,08:37 4th,— D.Lock pass short right to A.Barner pushed ob at NE 34 for 9 yards (C.Elliss).
2026,WEEK 1,Sunday Night Football,September 9th,NE,SEA,4th Quarter,4,Seattle Seahawks,1,3,0,11 Yard Pass,1st & 10 at NE 34,08:11 4th,— D.Lock pass short left to J.Smith-Njigba pushed ob at NE 23 for 11 yards (D.Pettus).
2026,WEEK 1,Sunday Night Football,September 9th,NE,SEA,4th Quarter,4,Seattle Seahawks,1,4,0,11 Yard Pass,1st & 10 at NE 23,07:31 4th Shotgun,— D.Lock pass short right to C.Kupp to NE 12 for 11 yards (C.Davis).
2026,WEEK 1,Sunday Night Football,September 9th,NE,SEA,4th Quarter,4,Seattle Seahawks,1,5,0,-5 Yard Penalty,1st & 10 at NE 12,06:42 4th,"— PENALTY on SEA-A.Bradford, False Start, 5 yards, enforced at NE 12 - No Play."
2026,WEEK 1,Sunday Night Football,September 9th,NE,SEA,4th Quarter,4,Seattle Seahawks,1,6,0,14 Yard Run,1st & 15 at NE 17,06:42 4th,— D.Lock scrambles left tackle pushed ob at NE 3 for 14 yards (M.Jones).
2026,WEEK 1,Sunday Night Football,September 9th,NE,SEA,4th Quarter,4,Seattle Seahawks,1,7,0,-5 Yard Penalty,2nd & 1 at NE 3,05:59 4th,"— PENALTY on SEA, Delay of Game, 5 yards, enforced at NE 3 - No Play."
2026,WEEK 1,Sunday Night Football,September 9th,NE,SEA,4th Quarter,4,Seattle Seahawks,1,8,0,Pass Incomplete,2nd & 6 at NE 8,05:59 4th Shotgun,— D.Lock pass incomplete short right to J.Smith-Njigba (C.Gonzalez).
2026,WEEK 1,Sunday Night Football,September 9th,NE,SEA,4th Quarter,4,Seattle Seahawks,1,9,0,Pass Incomplete,3rd & 6 at NE 8,05:56 4th Shotgun,— D.Lock pass incomplete short left to J.Smith-Njigba.
2026,WEEK 1,Sunday Night Football,September 9th,NE,SEA,4th Quarter,4,Seattle Seahawks,1,10,1,Field Goal,4th & 6 at NE 8,05:53 4th,"— J.Myers 26 yard field goal is GOOD, Center-C.Stoll, Holder-M.Dickson."
2026,WEEK 1,Sunday Night Football,September 9th,NE,SEA,4th Quarter,5,New England Patriots,0,1,0,Kickoff from SEA 35,,Kickoff,— J.Myers kicks 65 yards from SEA 35 to NE 0. L.Larison to NE 27 for 27 yards (C.O'Toole; B.Russell).
2026,WEEK 1,Sunday Night Football,September 9th,NE,SEA,4th Quarter,5,New England Patriots,0,2,0,-10 Yard Penalty,1st & 10 at NE 27,05:45 4th,"— R.Stevenson left tackle to NE 33 for 6 yards (J.Love). PENALTY on NE-W.Campbell, Offensive Holding, 10 yards, enforced at NE 27 - No Play."
2026,WEEK 1,Sunday Night Football,September 9th,NE,SEA,4th Quarter,5,New England Patriots,0,3,0,-1 Yard Sack,1st & 20 at NE 17,05:22 4th Shotgun,— D.Maye sacked at NE 16 for -1 yards (L.Williams).
2026,WEEK 1,Sunday Night Football,September 9th,NE,SEA,4th Quarter,5,New England Patriots,0,4,0,19 Yard Pass,2nd & 21 at NE 16,04:41 4th Shotgun,— D.Maye pass deep middle to M.Hollins to NE 35 for 19 yards (R.Thomas).
2026,WEEK 1,Sunday Night Football,September 9th,NE,SEA,4th Quarter,5,New England Patriots,0,5,0,Pass Incomplete,3rd & 2 at NE 35,03:55 4th Shotgun,— D.Maye pass incomplete short left to R.Doubs.
2026,WEEK 1,Sunday Night Football,September 9th,NE,SEA,4th Quarter,5,New England Patriots,0,6,0,5 Yard Run,4th & 2 at NE 35,03:49 4th Shotgun,— D.Maye scrambles right end ran ob at NE 40 for 5 yards (D.Thomas).
2026,WEEK 1,Sunday Night Football,September 9th,NE,SEA,4th Quarter,5,New England Patriots,0,7,0,12 Yard Run,1st & 10 at NE 40,03:42 4th,— R.Stevenson right guard to SEA 48 for 12 yards (D.Witherspoon; R.Thomas).
2026,WEEK 1,Sunday Night Football,September 9th,NE,SEA,4th Quarter,5,New England Patriots,0,8,0,-5 Yard Penalty,1st & 10 at SEA 48,03:03 4th Shotgun,"— D.Maye pass incomplete short right. PENALTY on NE-A.Vera-Tucker, Ineligible Downfield Pass, 5 yards, enforced at SEA 48 - No Play."
2026,WEEK 1,Sunday Night Football,September 9th,NE,SEA,4th Quarter,5,New England Patriots,0,9,0,-2 Yard Pass,1st & 15 at NE 47,02:59 4th Shotgun,— D.Maye pass short right to L.Larison to NE 45 for -2 yards (J.Jobe).
2026,WEEK 1,Sunday Night Football,September 9th,NE,SEA,4th Quarter,5,New England Patriots,0,10,0,-2 Yard Sack,2nd & 17 at NE 45,02:16 4th Shotgun,— D.Maye sacked ob at NE 43 for -2 yards (D.Thomas).
2026,WEEK 1,Sunday Night Football,September 9th,NE,SEA,4th Quarter,5,New England Patriots,0,11,0,10 Yard Pass,3rd & 19 at NE 43,02:10 4th Shotgun,— D.Maye pass short left to H.Henry to SEA 47 for 10 yards (E.Jones).
2026,WEEK 1,Sunday Night Football,September 9th,NE,SEA,4th Quarter,5,New England Patriots,0,12,0,Timeout,,02:00 4th,— Timeout #2 by SEA at 02:00.
2026,WEEK 1,Sunday Night Football,September 9th,NE,SEA,4th Quarter,5,New England Patriots,0,13,0,11 Yard Pass,4th & 9 at SEA 47,02:00 4th Shotgun,— D.Maye pass short right to M.Hollins to SEA 36 for 11 yards (E.Jones).
2026,WEEK 1,Sunday Night Football,September 9th,NE,SEA,4th Quarter,5,New England Patriots,0,14,0,8 Yard Run,1st & 10 at SEA 36,01:30 4th,— R.Stevenson up the middle to SEA 28 for 8 yards (D.Hall; D.Witherspoon).
2026,WEEK 1,Sunday Night Football,September 9th,NE,SEA,4th Quarter,5,New England Patriots,0,15,0,Timeout,,01:22 4th,— Timeout #3 by SEA at 01:22.
2026,WEEK 1,Sunday Night Football,September 9th,NE,SEA,4th Quarter,5,New England Patriots,0,16,0,1 Yard Pass,2nd & 2 at SEA 28,01:22 4th,— D.Maye pass short left to D.Douglas to SEA 27 for 1 yard (N.Pritchett).
2026,WEEK 1,Sunday Night Football,September 9th,NE,SEA,4th Quarter,5,New England Patriots,0,17,0,Timeout,,00:44 4th,— Timeout #1 by NE at 00:44.
2026,WEEK 1,Sunday Night Football,September 9th,NE,SEA,4th Quarter,5,New England Patriots,0,18,0,6 Yard Run,3rd & 1 at SEA 27,00:44 4th,— G.Van Roten reported in as eligible. D.Maye scrambles left end ran ob at SEA 21 for 6 yards (J.Jobe).
2026,WEEK 1,Sunday Night Football,September 9th,NE,SEA,4th Quarter,5,New England Patriots,0,19,0,-7 Yard Sack,1st & 10 at SEA 21,00:38 4th Shotgun,— D.Maye sacked at SEA 28 for -7 yards (D.Hall).
2026,WEEK 1,Sunday Night Football,September 9th,NE,SEA,4th Quarter,5,New England Patriots,0,20,0,Timeout,,00:32 4th,— Timeout #2 by NE at 00:32.
2026,WEEK 1,Sunday Night Football,September 9th,NE,SEA,4th Quarter,5,New England Patriots,0,21,0,12 Yard Pass,2nd & 17 at SEA 28,00:32 4th Shotgun,— D.Maye pass short right to M.Hollins pushed ob at SEA 16 for 12 yards (J.Jobe).
2026,WEEK 1,Sunday Night Football,September 9th,NE,SEA,4th Quarter,5,New England Patriots,0,22,0,Interception,3rd & 5 at SEA 16,00:26 4th Shotgun,— D.Maye pass deep right intended for M.Hollins INTERCEPTED by J.Jobe [D.Lawrence] at SEA -3. Touchback.
2026,WEEK 1,Sunday Night Football,September 9th,NE,SEA,4th Quarter,6,Seattle Seahawks,0,1,0,-1 Yard Run,1st & 10 at SEA 20,00:21 4th,— D.Lock kneels to SEA 19 for -1 yards.
2026,WEEK 1,Thursday,September 10th,SF,LAR,1st Quarter,1,Los Angeles Rams,0,1,0,Kickoff from SF 35,,Kickoff,— E.Pineiro kicks 65 yards from SF 35 to LAR 0. J.Whittington to LAR 17 for 17 yards (M.Mustapha).
2026,WEEK 1,Thursday,September 10th,SF,LAR,1st Quarter,1,Los Angeles Rams,0,2,0,Pass Incomplete,1st & 10 at LAR 17,14:54 1st Shotgun,— M.Stafford pass incomplete short left to P.Nacua (F.Warner) [N.Bosa].
2026,WEEK 1,Thursday,September 10th,SF,LAR,1st Quarter,1,Los Angeles Rams,0,3,0,5 Yard Run,2nd & 10 at LAR 17,14:50 1st Shotgun,— K.Williams left guard to LAR 22 for 5 yards (F.Warner).
2026,WEEK 1,Thursday,September 10th,SF,LAR,1st Quarter,1,Los Angeles Rams,0,4,0,4 Yard Pass,3rd & 5 at LAR 22,14:17 1st Shotgun,— M.Stafford pass short left to P.Nacua to LAR 26 for 4 yards (D.Lenoir).
2026,WEEK 1,Thursday,September 10th,SF,LAR,1st Quarter,1,Los Angeles Rams,0,5,0,Punt,4th & 1 at LAR 26,13:38 1st,"— E.Evans punts 54 yards to SF 20, Center-J.Cardona. J.Cowing ran ob at SF 33 for 13 yards (K.Kinchens)."
2026,WEEK 1,Thursday,September 10th,SF,LAR,1st Quarter,2,San Francisco 49ers,1,1,0,6 Yard Run,1st & 10 at SF 33,13:28 1st,— C.McCaffrey up the middle to SF 39 for 6 yards (N.Landman).
2026,WEEK 1,Thursday,September 10th,SF,LAR,1st Quarter,2,San Francisco 49ers,1,2,0,Pass Incomplete,2nd & 4 at SF 39,12:59 1st Shotgun,— B.Purdy pass incomplete short left to G.Kittle (Q.Lake).
2026,WEEK 1,Thursday,September 10th,SF,LAR,1st Quarter,2,San Francisco 49ers,1,3,0,7 Yard Pass,3rd & 4 at SF 39,12:53 1st Shotgun,— B.Purdy pass short left to M.Evans to SF 46 for 7 yards (Q.Lake).
2026,WEEK 1,Thursday,September 10th,SF,LAR,1st Quarter,2,San Francisco 49ers,1,4,0,6 Yard Pass,1st & 10 at SF 46,12:19 1st Shotgun,— B.Purdy pass short left to G.Kittle to LAR 48 for 6 yards (J.Watson).
2026,WEEK 1,Thursday,September 10th,SF,LAR,1st Quarter,2,San Francisco 49ers,1,5,0,9 Yard Pass,2nd & 4 at LAR 48,11:40 1st,— B.Purdy pass short right to D.Samuel pushed ob at LAR 39 for 9 yards (T.McDuffie).
2026,WEEK 1,Thursday,September 10th,SF,LAR,1st Quarter,2,San Francisco 49ers,1,6,0,1 Yard Run,1st & 10 at LAR 39,11:07 1st,— K.Black left guard to LAR 38 for 1 yard (K.Turner; O.Speights).
2026,WEEK 1,Thursday,September 10th,SF,LAR,1st Quarter,2,San Francisco 49ers,1,7,0,5 Yard Pass,2nd & 9 at LAR 38,10:30 1st,— B.Purdy pass short left to K.Black to LAR 33 for 5 yards (K.Curl; K.Kinchens) [J.Stewart].
2026,WEEK 1,Thursday,September 10th,SF,LAR,1st Quarter,2,San Francisco 49ers,1,8,0,7 Yard Pass,3rd & 4 at LAR 33,09:48 1st Shotgun,— B.Purdy pass short right to M.Evans to LAR 26 for 7 yards (J.Watson; J.McCollough).
2026,WEEK 1,Thursday,September 10th,SF,LAR,1st Quarter,2,San Francisco 49ers,1,9,0,Pass Incomplete,1st & 10 at LAR 26,09:07 1st Shotgun,— B.Purdy pass incomplete deep right to G.Kittle (T.McDuffie).
2026,WEEK 1,Thursday,September 10th,SF,LAR,1st Quarter,2,San Francisco 49ers,1,10,0,8 Yard Pass,2nd & 10 at LAR 26,09:01 1st,— B.Purdy pass short right to C.McCaffrey to LAR 18 for 8 yards (K.Curl).
2026,WEEK 1,Thursday,September 10th,SF,LAR,1st Quarter,2,San Francisco 49ers,1,11,0,8 Yard Pass,3rd & 2 at LAR 18,08:19 1st Shotgun,— B.Purdy pass short left to M.Evans to LAR 10 for 8 yards (Q.Lake).
2026,WEEK 1,Thursday,September 10th,SF,LAR,1st Quarter,2,San Francisco 49ers,1,12,0,2 Yard Pass,1st & 10 at LAR 10,07:44 1st,— B.Purdy pass short right to D.Samuel to LAR 8 for 2 yards (T.McDuffie).
2026,WEEK 1,Thursday,September 10th,SF,LAR,1st Quarter,2,San Francisco 49ers,1,13,0,6 Yard Pass,2nd & 8 at LAR 8,07:04 1st,— B.Purdy pass short right to G.Kittle to LAR 2 for 6 yards (T.Davis; K.Kinchens).
2026,WEEK 1,Thursday,September 10th,SF,LAR,1st Quarter,2,San Francisco 49ers,1,14,0,Pass Incomplete,3rd & 2 at LAR 2,06:22 1st Shotgun,— B.Purdy pass incomplete short right to D.Robinson (T.McDuffie) [N.Landman].
2026,WEEK 1,Thursday,September 10th,SF,LAR,1st Quarter,2,San Francisco 49ers,1,15,1,Field Goal,4th & 2 at LAR 2,06:17 1st,"— E.Pineiro 20 yard field goal is GOOD, Center-J.Weeks, Holder-C.Waitman."
2026,WEEK 1,Thursday,September 10th,SF,LAR,1st Quarter,3,Los Angeles Rams,0,1,0,Kickoff from SF 35,,Kickoff,— E.Pineiro kicks 65 yards from SF 35 to LAR 0. X.Smith to LAR 25 for 25 yards (A.Davis; K.Hodge).
2026,WEEK 1,Thursday,September 10th,SF,LAR,1st Quarter,3,Los Angeles Rams,0,2,0,9 Yard Run,1st & 10 at LAR 25,06:10 1st,— B.Corum up the middle to LAR 34 for 9 yards (M.Sigle).
2026,WEEK 1,Thursday,September 10th,SF,LAR,1st Quarter,3,Los Angeles Rams,0,3,0,-1 Yard Run,2nd & 1 at LAR 34,05:32 1st,— B.Corum up the middle to LAR 33 for -1 yards (N.Bosa).
2026,WEEK 1,Thursday,September 10th,SF,LAR,1st Quarter,3,Los Angeles Rams,0,4,0,3 Yard Run,3rd & 2 at LAR 33,04:59 1st,— K.Williams up the middle to LAR 36 for 3 yards (F.Warner; O.Odighizuwa).
2026,WEEK 1,Thursday,September 10th,SF,LAR,1st Quarter,3,Los Angeles Rams,0,5,0,Pass Incomplete,1st & 10 at LAR 36,04:18 1st,— M.Stafford pass incomplete deep left to P.Nacua [O.Odighizuwa].
2026,WEEK 1,Thursday,September 10th,SF,LAR,1st Quarter,3,Los Angeles Rams,0,6,0,4 Yard Pass,2nd & 10 at LAR 36,04:13 1st Shotgun,— M.Stafford pass short left to K.Williams to LAR 40 for 4 yards (D.Greenlaw) [C.West].
2026,WEEK 1,Thursday,September 10th,SF,LAR,1st Quarter,3,Los Angeles Rams,0,7,0,Pass Incomplete,3rd & 6 at LAR 40,03:29 1st Shotgun,— M.Stafford pass incomplete deep right to D.Adams [O.Odighizuwa].
2026,WEEK 1,Thursday,September 10th,SF,LAR,1st Quarter,3,Los Angeles Rams,0,8,0,Punt,4th & 6 at LAR 40,03:25 1st,"— E.Evans punts 43 yards to SF 17, Center-J.Cardona, fair catch by J.Cowing."
2026,WEEK 1,Thursday,September 10th,SF,LAR,1st Quarter,4,San Francisco 49ers,0,1,0,5 Yard Pass,1st & 10 at SF 17,03:18 1st,— B.Purdy pass short left to L.Farrell to SF 22 for 5 yards (Q.Lake).
2026,WEEK 1,Thursday,September 10th,SF,LAR,1st Quarter,4,San Francisco 49ers,0,2,0,3 Yard Run,2nd & 5 at SF 22,02:47 1st,— K.Black left guard to SF 25 for 3 yards (N.Landman).
2026,WEEK 1,Thursday,September 10th,SF,LAR,1st Quarter,4,San Francisco 49ers,0,3,0,Pass Incomplete,3rd & 2 at SF 25,02:06 1st Shotgun,— B.Purdy pass incomplete short left to C.McCaffrey (O.Speights).
2026,WEEK 1,Thursday,September 10th,SF,LAR,1st Quarter,4,San Francisco 49ers,0,4,0,Punt,4th & 2 at SF 25,02:01 1st,"— C.Waitman punts 43 yards to LAR 32, Center-J.Weeks. X.Smith to LAR 43 for 11 yards (J.Dugger; A.Davis)."
2026,WEEK 1,Thursday,September 10th,SF,LAR,2nd Quarter,1,Los Angeles Rams,1,1,0,8 Yard Run,1st & 10 at LAR 43,01:52 1st,— K.Williams up the middle to SF 49 for 8 yards (M.Sigle; J.Thompson).
2026,WEEK 1,Thursday,September 10th,SF,LAR,2nd Quarter,1,Los Angeles Rams,1,2,0,41 Yard Pass,2nd & 2 at SF 49,"01:31 1st No Huddle, Shotgun",— M.Stafford pass deep right to P.Nacua to SF 8 for 41 yards (M.Sigle; R.Green).
2026,WEEK 1,Thursday,September 10th,SF,LAR,2nd Quarter,1,Los Angeles Rams,1,3,0,3 Yard Run,1st & 8 at SF 8,00:41 1st,— K.Williams up the middle to SF 5 for 3 yards (N.Bosa).
2026,WEEK 1,Thursday,September 10th,SF,LAR,2nd Quarter,1,Los Angeles Rams,1,4,1,Touchdown,2nd & 5 at SF 5,15:00 2nd,"— K.Williams up the middle for 5 yards, TOUCHDOWN."
2026,WEEK 1,Thursday,September 10th,SF,LAR,2nd Quarter,1,Los Angeles Rams,1,5,1,Extra Point,,14:57 2nd,"— H.Mevis extra point is GOOD, Center-J.Cardona, Holder-E.Evans."
2026,WEEK 1,Thursday,September 10th,SF,LAR,2nd Quarter,2,San Francisco 49ers,0,1,0,Kickoff from LAR 35,,Kickoff,— H.Mevis kicks 63 yards from LAR 35 to SF 2. D.Samuel to SF 31 for 29 yards (S.Dolac; J.Stewart).
2026,WEEK 1,Thursday,September 10th,SF,LAR,2nd Quarter,2,San Francisco 49ers,0,2,0,Pass Incomplete,1st & 10 at SF 31,14:51 2nd Shotgun,— B.Purdy pass incomplete short left to D.Samuel. ** Injury Update: SF-D.Stribling has returned to the game.
2026,WEEK 1,Thursday,September 10th,SF,LAR,2nd Quarter,2,San Francisco 49ers,0,3,0,12 Yard Pass,2nd & 10 at SF 31,14:47 2nd Shotgun,— B.Purdy pass short middle to M.Evans to SF 43 for 12 yards (J.Watson).
2026,WEEK 1,Thursday,September 10th,SF,LAR,2nd Quarter,2,San Francisco 49ers,0,4,0,4 Yard Run,1st & 10 at SF 43,14:14 2nd,— C.McCaffrey right end to SF 47 for 4 yards (S.Dolac).
2026,WEEK 1,Thursday,September 10th,SF,LAR,2nd Quarter,2,San Francisco 49ers,0,5,0,5 Yard Pass,2nd & 6 at SF 47,13:37 2nd,— B.Purdy pass short middle to C.McCaffrey to LAR 48 for 5 yards (B.Young; K.Turner).
2026,WEEK 1,Thursday,September 10th,SF,LAR,2nd Quarter,2,San Francisco 49ers,0,6,0,Timeout,,12:46 2nd,— Timeout #1 by SF at 12:46.
2026,WEEK 1,Thursday,September 10th,SF,LAR,2nd Quarter,2,San Francisco 49ers,0,7,0,2 Yard Run,3rd & 1 at LAR 48,12:46 2nd,— B.Purdy up the middle to LAR 46 for 2 yards (S.Dolac).
2026,WEEK 1,Thursday,September 10th,SF,LAR,2nd Quarter,2,San Francisco 49ers,0,8,0,Interception,1st & 10 at LAR 46,12:09 2nd,— B.Purdy pass short right intended for G.Kittle INTERCEPTED by Q.Lake at LAR 31. Q.Lake to LAR 31 for no gain (G.Kittle).
2026,WEEK 1,Thursday,September 10th,SF,LAR,2nd Quarter,3,Los Angeles Rams,0,1,0,5 Yard Run,1st & 10 at LAR 31,12:04 2nd,— B.Corum right guard to LAR 36 for 5 yards (M.Sigle; F.Warner).
2026,WEEK 1,Thursday,September 10th,SF,LAR,2nd Quarter,3,Los Angeles Rams,0,2,0,10 Yard Run,2nd & 5 at LAR 36,11:28 2nd,— B.Corum left guard to LAR 46 for 10 yards (M.Sigle).
2026,WEEK 1,Thursday,September 10th,SF,LAR,2nd Quarter,3,Los Angeles Rams,0,3,0,6 Yard Run,1st & 10 at LAR 46,10:49 2nd,— B.Corum left tackle to SF 48 for 6 yards (J.Dugger).
2026,WEEK 1,Thursday,September 10th,SF,LAR,2nd Quarter,3,Los Angeles Rams,0,4,0,13 Yard Run,2nd & 4 at SF 48,10:11 2nd,— B.Corum left tackle to SF 35 for 13 yards (M.Sigle).
2026,WEEK 1,Thursday,September 10th,SF,LAR,2nd Quarter,3,Los Angeles Rams,0,5,0,0 Yard Run,1st & 10 at SF 35,09:23 2nd,— K.Williams left guard to SF 35 for no gain (U.Stout).
2026,WEEK 1,Thursday,September 10th,SF,LAR,2nd Quarter,3,Los Angeles Rams,0,6,0,Pass Incomplete,2nd & 10 at SF 35,"09:02 2nd No Huddle, Shotgun",— M.Stafford pass incomplete short right [O.Odighizuwa].
2026,WEEK 1,Thursday,September 10th,SF,LAR,2nd Quarter,3,Los Angeles Rams,0,7,0,Interception,3rd & 10 at SF 35,08:58 2nd Shotgun,— M.Stafford pass deep right intended for P.Nacua INTERCEPTED by R.Green at SF 14. R.Green to SF 14 for no gain (P.Nacua).
2026,WEEK 1,Thursday,September 10th,SF,LAR,2nd Quarter,4,San Francisco 49ers,1,1,0,5 Yard Run,1st & 10 at SF 14,08:52 2nd Shotgun,— K.Black right tackle to SF 19 for 5 yards (T.Davis).
2026,WEEK 1,Thursday,September 10th,SF,LAR,2nd Quarter,4,San Francisco 49ers,1,2,0,9 Yard Run,2nd & 5 at SF 19,08:14 2nd,— K.Black left end to SF 28 for 9 yards (T.Davis; J.Watson).
2026,WEEK 1,Thursday,September 10th,SF,LAR,2nd Quarter,4,San Francisco 49ers,1,3,0,2 Yard Pass,1st & 10 at SF 28,07:34 2nd Shotgun,— B.Purdy pass short middle to J.Brendel to SF 30 for 2 yards (N.Landman). SF-D.Stribling was injured during the play.
2026,WEEK 1,Thursday,September 10th,SF,LAR,2nd Quarter,4,San Francisco 49ers,1,4,0,Pass Incomplete,2nd & 8 at SF 30,07:01 2nd Shotgun,— B.Purdy pass incomplete short left to C.McCaffrey (N.Landman).
2026,WEEK 1,Thursday,September 10th,SF,LAR,2nd Quarter,4,San Francisco 49ers,1,5,0,13 Yard Pass,3rd & 8 at SF 30,06:55 2nd Shotgun,— B.Purdy pass short left to M.Evans to SF 43 for 13 yards (T.McDuffie).
2026,WEEK 1,Thursday,September 10th,SF,LAR,2nd Quarter,4,San Francisco 49ers,1,6,0,9 Yard Run,1st & 10 at SF 43,06:16 2nd,— K.Black left end pushed ob at LAR 48 for 9 yards (J.McCollough).
2026,WEEK 1,Thursday,September 10th,SF,LAR,2nd Quarter,4,San Francisco 49ers,1,7,0,5 Yard Run,2nd & 1 at LAR 48,05:47 2nd,— K.Black up the middle to LAR 43 for 5 yards (N.Landman).
2026,WEEK 1,Thursday,September 10th,SF,LAR,2nd Quarter,4,San Francisco 49ers,1,8,0,4 Yard Run,1st & 10 at LAR 43,05:10 2nd,— K.Black up the middle to LAR 39 for 4 yards (T.Hamilton; O.Speights).
2026,WEEK 1,Thursday,September 10th,SF,LAR,2nd Quarter,4,San Francisco 49ers,1,9,1,Touchdown,2nd & 6 at LAR 39,04:35 2nd,"— B.Purdy pass deep middle to D.Robinson for 39 yards, TOUCHDOWN."
2026,WEEK 1,Thursday,September 10th,SF,LAR,2nd Quarter,4,San Francisco 49ers,1,10,1,Extra Point,,04:28 2nd,"— E.Pineiro extra point is GOOD, Center-J.Weeks, Holder-C.Waitman."
2026,WEEK 1,Thursday,September 10th,SF,LAR,2nd Quarter,5,Los Angeles Rams,0,1,0,Kickoff from SF 35,,Kickoff,"— E.Pineiro kicks 65 yards from SF 35 to end zone, Touchback to the LAR 35."
2026,WEEK 1,Thursday,September 10th,SF,LAR,2nd Quarter,5,Los Angeles Rams,0,2,0,16 Yard Pass,1st & 10 at LAR 35,04:28 2nd,— M.Stafford pass short left to K.Williams to SF 49 for 16 yards (F.Warner).
2026,WEEK 1,Thursday,September 10th,SF,LAR,2nd Quarter,5,Los Angeles Rams,0,3,0,7 Yard Run,1st & 10 at SF 49,03:48 2nd,— K.Williams up the middle to SF 42 for 7 yards (F.Warner).
2026,WEEK 1,Thursday,September 10th,SF,LAR,2nd Quarter,5,Los Angeles Rams,0,4,0,-10 Yard Penalty,2nd & 3 at SF 42,03:10 2nd Shotgun,"— M.Stafford pass incomplete short middle to P.Nacua. PENALTY on LAR-W.McClendon, Offensive Holding, 10 yards, enforced at SF 42 - No Play."
2026,WEEK 1,Thursday,September 10th,SF,LAR,2nd Quarter,5,Los Angeles Rams,0,5,0,Pass Incomplete,2nd & 13 at LAR 48,03:05 2nd Shotgun,— M.Stafford pass incomplete short right to C.Parkinson.
2026,WEEK 1,Thursday,September 10th,SF,LAR,2nd Quarter,5,Los Angeles Rams,0,6,0,Pass Incomplete,3rd & 13 at LAR 48,02:59 2nd Shotgun,— M.Stafford pass incomplete deep left to D.Adams (J.Jones) [U.Stout].
2026,WEEK 1,Thursday,September 10th,SF,LAR,2nd Quarter,5,Los Angeles Rams,0,7,0,Punt,4th & 13 at LAR 48,02:54 2nd,"— E.Evans punts 48 yards to SF 4, Center-J.Cardona. J.Cowing to SF 8 for 4 yards (J.McCollough)."
2026,WEEK 1,Thursday,September 10th,SF,LAR,2nd Quarter,6,San Francisco 49ers,0,1,0,12 Yard Run,1st & 10 at SF 8,02:43 2nd Shotgun,— D.Samuel right guard to SF 20 for 12 yards (Q.Lake; J.McCollough). SF-J.Tonges was injured during the play.
2026,WEEK 1,Thursday,September 10th,SF,LAR,2nd Quarter,6,San Francisco 49ers,0,2,0,7 Yard Run,1st & 10 at SF 20,02:00 2nd Shotgun,— C.McCaffrey right guard to SF 27 for 7 yards (K.Kinchens; T.Davis).
2026,WEEK 1,Thursday,September 10th,SF,LAR,2nd Quarter,6,San Francisco 49ers,0,3,0,15 Yard Penalty,2nd & 3 at SF 27,01:24 2nd Shotgun,"— B.Purdy pass incomplete short middle to D.Samuel. PENALTY on LAR-T.Davis, Roughing the Passer, 15 yards, enforced at SF 27 - No Play."
2026,WEEK 1,Thursday,September 10th,SF,LAR,2nd Quarter,6,San Francisco 49ers,0,4,0,-1 Yard Pass,1st & 10 at SF 42,01:19 2nd Shotgun,— B.Purdy pass short right to C.McCaffrey to SF 41 for -1 yards (T.McDuffie).
2026,WEEK 1,Thursday,September 10th,SF,LAR,2nd Quarter,6,San Francisco 49ers,0,5,0,8 Yard Pass,2nd & 11 at SF 41,00:39 2nd,— B.Purdy pass short right to C.McCaffrey to SF 49 for 8 yards (Q.Lake).
2026,WEEK 1,Thursday,September 10th,SF,LAR,2nd Quarter,6,San Francisco 49ers,0,6,0,Timeout,,00:32 2nd,— Timeout #2 by SF at 00:32.
2026,WEEK 1,Thursday,September 10th,SF,LAR,2nd Quarter,6,San Francisco 49ers,0,7,0,Pass Incomplete,3rd & 3 at SF 49,00:32 2nd Shotgun,— B.Purdy pass incomplete short left to M.Evans.
2026,WEEK 1,Thursday,September 10th,SF,LAR,2nd Quarter,6,San Francisco 49ers,0,8,0,Punt,4th & 3 at SF 49,00:28 2nd,"— C.Waitman punts 51 yards to end zone, Center-J.Weeks, Touchback."
2026,WEEK 1,Thursday,September 10th,SF,LAR,2nd Quarter,7,Los Angeles Rams,0,1,0,-1 Yard Run,1st & 10 at LAR 20,00:20 2nd,— M.Stafford kneels to LAR 19 for -1 yards.
2026,WEEK 1,Thursday,September 10th,SF,LAR,3rd Quarter,1,San Francisco 49ers,1,1,0,Kickoff from LAR 35,,Kickoff,— H.Mevis kicks 61 yards from LAR 35 to SF 4. D.Samuel to SF 49 for 45 yards (K.Kinchens).
2026,WEEK 1,Thursday,September 10th,SF,LAR,3rd Quarter,1,San Francisco 49ers,1,2,0,14 Yard Run,1st & 10 at SF 49,14:53 3rd,— C.McCaffrey right guard to LAR 37 for 14 yards (K.Kinchens; J.McCollough).
2026,WEEK 1,Thursday,September 10th,SF,LAR,3rd Quarter,1,San Francisco 49ers,1,3,0,16 Yard Run,1st & 10 at LAR 37,14:20 3rd,— C.McCaffrey left guard to LAR 21 for 16 yards (K.Kinchens; Q.Lake).
2026,WEEK 1,Thursday,September 10th,SF,LAR,3rd Quarter,1,San Francisco 49ers,1,4,0,4 Yard Run,1st & 10 at LAR 21,13:42 3rd,— K.Black up the middle to LAR 17 for 4 yards (N.Landman).
2026,WEEK 1,Thursday,September 10th,SF,LAR,3rd Quarter,1,San Francisco 49ers,1,5,0,11 Yard Pass,2nd & 6 at LAR 17,12:58 3rd Shotgun,— B.Purdy pass short right to D.Robinson pushed ob at LAR 6 for 11 yards (Q.Lake).
2026,WEEK 1,Thursday,September 10th,SF,LAR,3rd Quarter,1,San Francisco 49ers,1,6,0,1 Yard Run,1st & 6 at LAR 6,12:21 3rd,— C.McCaffrey right tackle to LAR 5 for 1 yard (T.Davis).
2026,WEEK 1,Thursday,September 10th,SF,LAR,3rd Quarter,1,San Francisco 49ers,1,7,0,Timeout,,11:44 3rd,— Timeout #1 by SF at 11:44.
2026,WEEK 1,Thursday,September 10th,SF,LAR,3rd Quarter,1,San Francisco 49ers,1,8,0,3 Yard Pass,2nd & 5 at LAR 5,11:44 3rd Shotgun,— B.Purdy pass short left to D.Samuel to LAR 2 for 3 yards (N.Landman; Q.Lake).
2026,WEEK 1,Thursday,September 10th,SF,LAR,3rd Quarter,1,San Francisco 49ers,1,9,1,Touchdown,3rd & 2 at LAR 2,11:07 3rd,"— B.Purdy pass short left to M.Evans for 2 yards, TOUCHDOWN."
2026,WEEK 1,Thursday,September 10th,SF,LAR,3rd Quarter,1,San Francisco 49ers,1,10,1,Extra Point,,11:03 3rd,"— E.Pineiro extra point is GOOD, Center-J.Weeks, Holder-C.Waitman."
2026,WEEK 1,Thursday,September 10th,SF,LAR,3rd Quarter,2,Los Angeles Rams,0,1,0,Kickoff from SF 35,,Kickoff,"— E.Pineiro kicks 62 yards from SF 35 to LAR 3. J.Whittington to LAR 27 for 24 yards (S.Neal). FUMBLES (S.Neal), and recovers at LAR 27."
2026,WEEK 1,Thursday,September 10th,SF,LAR,3rd Quarter,2,Los Angeles Rams,0,2,0,-1 Yard Run,1st & 10 at LAR 27,10:59 3rd,— B.Corum right tackle to LAR 26 for -1 yards (N.Bosa).
2026,WEEK 1,Thursday,September 10th,SF,LAR,3rd Quarter,2,Los Angeles Rams,0,3,0,5 Yard Penalty,2nd & 11 at LAR 26,10:24 3rd,"— M.Stafford pass incomplete deep right to P.Nacua (D.Lenoir). PENALTY on SF-D.Lenoir, Illegal Contact, 5 yards, enforced at LAR 26 - No Play."
2026,WEEK 1,Thursday,September 10th,SF,LAR,3rd Quarter,2,Los Angeles Rams,0,4,0,8 Yard Run,1st & 10 at LAR 31,10:17 3rd,— B.Corum left end to LAR 39 for 8 yards (D.Greenlaw; C.West).
2026,WEEK 1,Thursday,September 10th,SF,LAR,3rd Quarter,2,Los Angeles Rams,0,5,0,1 Yard Run,2nd & 2 at LAR 39,09:39 3rd,— B.Corum left tackle to LAR 40 for 1 yard (N.Bosa; F.Warner).
2026,WEEK 1,Thursday,September 10th,SF,LAR,3rd Quarter,2,Los Angeles Rams,0,6,0,13 Yard Pass,3rd & 1 at LAR 40,09:01 3rd,— M.Stafford pass short right to D.Allen pushed ob at SF 47 for 13 yards (D.Greenlaw; J.Brown). LAR-D.Allen was injured during the play.
2026,WEEK 1,Thursday,September 10th,SF,LAR,3rd Quarter,2,Los Angeles Rams,0,7,0,5 Yard Run,1st & 10 at SF 47,08:29 3rd,— K.Williams up the middle to SF 42 for 5 yards (D.Greenlaw; J.Thompson).
2026,WEEK 1,Thursday,September 10th,SF,LAR,3rd Quarter,2,Los Angeles Rams,0,8,0,23 Yard Pass,2nd & 5 at SF 42,07:53 3rd,— M.Stafford pass deep middle to P.Nacua to SF 19 for 23 yards (D.Lenoir; M.Sigle).
2026,WEEK 1,Thursday,September 10th,SF,LAR,3rd Quarter,2,Los Angeles Rams,0,9,0,-5 Yard Penalty,1st & 10 at SF 19,07:13 3rd,"— PENALTY on LAR-K.Dotson, False Start, 5 yards, enforced at SF 19 - No Play."
2026,WEEK 1,Thursday,September 10th,SF,LAR,3rd Quarter,2,Los Angeles Rams,0,10,0,13 Yard Pass,1st & 15 at SF 24,06:56 3rd,— M.Stafford pass short left to D.Adams to SF 11 for 13 yards (J.Brown).
2026,WEEK 1,Thursday,September 10th,SF,LAR,3rd Quarter,2,Los Angeles Rams,0,11,0,2 Yard Run,2nd & 2 at SF 11,06:20 3rd,— K.Williams up the middle to SF 9 for 2 yards (K.Kareem).
2026,WEEK 1,Thursday,September 10th,SF,LAR,3rd Quarter,2,Los Angeles Rams,0,12,0,6 Yard Pass,1st & 9 at SF 9,05:37 3rd,— M.Stafford pass short left to C.Parkinson pushed ob at SF 3 for 6 yards (D.Lenoir; D.Greenlaw).
2026,WEEK 1,Thursday,September 10th,SF,LAR,3rd Quarter,2,Los Angeles Rams,0,13,0,1 Yard Run,2nd & 3 at SF 3,05:07 3rd,— K.Williams right guard to SF 2 for 1 yard (J.Dugger; F.Warner).
2026,WEEK 1,Thursday,September 10th,SF,LAR,3rd Quarter,2,Los Angeles Rams,0,14,0,1 Yard Pass,3rd & 2 at SF 2,04:26 3rd Shotgun,— M.Stafford pass short left to P.Nacua to SF 1 for 1 yard (D.Lenoir).
2026,WEEK 1,Thursday,September 10th,SF,LAR,3rd Quarter,2,Los Angeles Rams,0,15,0,Turnover on Downs,4th & 1 at SF 1,03:46 3rd,"— M.Stafford right guard to SF 1 for no gain (O.Odighizuwa). The Replay Official reviewed the short of the goal line ruling, and the play was Upheld. The ruling on the field stands."
2026,WEEK 1,Thursday,September 10th,SF,LAR,4th Quarter,1,San Francisco 49ers,1,1,0,0 Yard Run,1st & 10 at SF 1,03:41 3rd,"— B.Purdy up the middle to SF 1 for no gain (N.Landman; T.Davis). Penalty on SF-D.Robinson, Offensive Offside, declined."
2026,WEEK 1,Thursday,September 10th,SF,LAR,4th Quarter,1,San Francisco 49ers,1,2,0,14 Yard Pass,2nd & 10 at SF 1,03:27 3rd,— B.Purdy pass short left to L.Farrell to SF 15 for 14 yards (K.Kinchens).
2026,WEEK 1,Thursday,September 10th,SF,LAR,4th Quarter,1,San Francisco 49ers,1,3,0,9 Yard Run,1st & 10 at SF 15,02:41 3rd,— C.McCaffrey right end to SF 24 for 9 yards (S.Dolac).
2026,WEEK 1,Thursday,September 10th,SF,LAR,4th Quarter,1,San Francisco 49ers,1,4,0,13 Yard Pass,2nd & 1 at SF 24,01:54 3rd Shotgun,— B.Purdy pass short left to D.Samuel pushed ob at SF 37 for 13 yards (Q.Lake).
2026,WEEK 1,Thursday,September 10th,SF,LAR,4th Quarter,1,San Francisco 49ers,1,5,0,14 Yard Run,1st & 10 at SF 37,01:23 3rd,— K.Black right end pushed ob at LAR 49 for 14 yards (Q.Lake).
2026,WEEK 1,Thursday,September 10th,SF,LAR,4th Quarter,1,San Francisco 49ers,1,6,0,0 Yard Run,1st & 10 at LAR 49,00:54 3rd,— K.Black left end to LAR 49 for no gain (B.Fiske; K.Kinchens).
2026,WEEK 1,Thursday,September 10th,SF,LAR,4th Quarter,1,San Francisco 49ers,1,7,0,18 Yard Run,2nd & 10 at LAR 49,00:10 3rd Shotgun,— B.Purdy scrambles left end to LAR 31 for 18 yards (J.McCollough).
2026,WEEK 1,Thursday,September 10th,SF,LAR,4th Quarter,1,San Francisco 49ers,1,8,0,6 Yard Pass,1st & 10 at LAR 31,15:00 4th Shotgun,— B.Purdy pass short right to D.Samuel to LAR 25 for 6 yards (T.Davis; J.Stewart).
2026,WEEK 1,Thursday,September 10th,SF,LAR,4th Quarter,1,San Francisco 49ers,1,9,0,8 Yard Run,2nd & 4 at LAR 25,14:20 4th Shotgun,— B.Purdy scrambles left end ran ob at LAR 17 for 8 yards (J.Stewart).
2026,WEEK 1,Thursday,September 10th,SF,LAR,4th Quarter,1,San Francisco 49ers,1,10,0,2 Yard Run,1st & 10 at LAR 17,13:45 4th,— C.McCaffrey right guard to LAR 15 for 2 yards (J.Stewart; K.Turner).
2026,WEEK 1,Thursday,September 10th,SF,LAR,4th Quarter,1,San Francisco 49ers,1,11,1,Touchdown,2nd & 8 at LAR 15,13:04 4th Shotgun,"— B.Purdy pass short right to D.Samuel for 15 yards, TOUCHDOWN."
2026,WEEK 1,Thursday,September 10th,SF,LAR,4th Quarter,1,San Francisco 49ers,1,12,1,Extra Point,,12:57 4th,"— E.Pineiro extra point is GOOD, Center-J.Weeks, Holder-C.Waitman."
2026,WEEK 1,Thursday,September 10th,SF,LAR,4th Quarter,2,Los Angeles Rams,0,1,0,Kickoff from SF 35,,Kickoff,— E.Pineiro kicks 64 yards from SF 35 to LAR 1. J.Whittington to LAR 23 for 22 yards (G.Wallow). ** Injury Update: LAR-D.Allen has returned to the game.
2026,WEEK 1,Thursday,September 10th,SF,LAR,4th Quarter,2,Los Angeles Rams,0,2,0,3 Yard Pass,1st & 10 at LAR 23,12:53 4th Shotgun,— M.Stafford pass short left to D.Adams to LAR 26 for 3 yards (U.Stout).
2026,WEEK 1,Thursday,September 10th,SF,LAR,4th Quarter,2,Los Angeles Rams,0,3,0,-13 Yard Penalty,2nd & 7 at LAR 26,"12:30 4th No Huddle, Shotgun","— M.Stafford pass short middle to C.Parkinson to LAR 36 for 10 yards (F.Warner; D.Greenlaw). PENALTY on LAR-A.Jackson, Chop Block, 13 yards, enforced at LAR 26 - No Play."
2026,WEEK 1,Thursday,September 10th,SF,LAR,4th Quarter,2,Los Angeles Rams,0,4,0,2 Yard Run,2nd & 20 at LAR 13,12:05 4th Shotgun,— K.Williams up the middle to LAR 15 for 2 yards (F.Warner).
2026,WEEK 1,Thursday,September 10th,SF,LAR,4th Quarter,2,Los Angeles Rams,0,5,0,16 Yard Penalty,3rd & 18 at LAR 15,"11:45 4th No Huddle, Shotgun","— M.Stafford pass incomplete deep middle to P.Nacua (R.Green) [R.Height]. PENALTY on SF-R.Green, Defensive Pass Interference, 16 yards, enforced at LAR 15 - No Play."
2026,WEEK 1,Thursday,September 10th,SF,LAR,4th Quarter,2,Los Angeles Rams,0,6,0,8 Yard Pass,1st & 10 at LAR 31,11:40 4th Shotgun,— M.Stafford pass short right to T.Higbee to LAR 39 for 8 yards (F.Warner).
2026,WEEK 1,Thursday,September 10th,SF,LAR,4th Quarter,2,Los Angeles Rams,0,7,0,Fumble,2nd & 2 at LAR 39,"11:19 4th No Huddle, Shotgun","— M.Stafford pass short middle to T.Higbee to LAR 44 for 5 yards (F.Warner; D.Greenlaw). FUMBLES (F.Warner), RECOVERED by SF-K.White at LAR 43."
2026,WEEK 1,Thursday,September 10th,SF,LAR,4th Quarter,3,San Francisco 49ers,1,1,0,4 Yard Run,1st & 10 at LAR 43,11:08 4th,— K.Black up the middle to LAR 39 for 4 yards (K.Turner).
2026,WEEK 1,Thursday,September 10th,SF,LAR,4th Quarter,3,San Francisco 49ers,1,2,0,1 Yard Run,2nd & 6 at LAR 39,10:29 4th,— K.Black left tackle to LAR 38 for 1 yard (J.Stewart; K.Turner).
2026,WEEK 1,Thursday,September 10th,SF,LAR,4th Quarter,3,San Francisco 49ers,1,3,0,Pass Incomplete,3rd & 5 at LAR 38,09:52 4th Shotgun,— B.Purdy pass incomplete short left to C.McCaffrey (Q.Lake).
2026,WEEK 1,Thursday,September 10th,SF,LAR,4th Quarter,3,San Francisco 49ers,1,4,1,Field Goal,4th & 5 at LAR 38,09:48 4th,"— E.Pineiro 56 yard field goal is GOOD, Center-J.Weeks, Holder-C.Waitman."
2026,WEEK 1,Thursday,September 10th,SF,LAR,4th Quarter,4,Los Angeles Rams,0,1,0,Kickoff from SF 35,,Kickoff,— E.Pineiro kicks 64 yards from SF 35 to LAR 1. J.Whittington to LAR 32 for 31 yards (K.Hodge).
2026,WEEK 1,Thursday,September 10th,SF,LAR,4th Quarter,4,Los Angeles Rams,0,2,0,4 Yard Pass,1st & 10 at LAR 32,09:38 4th Shotgun,— M.Stafford pass short right to K.Williams to LAR 36 for 4 yards (D.Lenoir).
2026,WEEK 1,Thursday,September 10th,SF,LAR,4th Quarter,4,Los Angeles Rams,0,3,0,10 Yard Pass,2nd & 6 at LAR 36,09:08 4th Shotgun,— M.Stafford pass short left to D.Adams to LAR 46 for 10 yards (R.Green).
2026,WEEK 1,Thursday,September 10th,SF,LAR,4th Quarter,4,Los Angeles Rams,0,4,0,Pass Incomplete,1st & 10 at LAR 46,"08:45 4th No Huddle, Shotgun",— M.Stafford pass incomplete short middle to P.Nacua (J.Jones).
2026,WEEK 1,Thursday,September 10th,SF,LAR,4th Quarter,4,Los Angeles Rams,0,5,0,Pass Incomplete,2nd & 10 at LAR 46,08:39 4th Shotgun,— M.Stafford pass incomplete deep right to D.Adams.
2026,WEEK 1,Thursday,September 10th,SF,LAR,4th Quarter,4,Los Angeles Rams,0,6,0,5 Yard Pass,3rd & 10 at LAR 46,08:34 4th Shotgun,— M.Stafford pass short right to P.Nacua to SF 49 for 5 yards (M.Sigle).
2026,WEEK 1,Thursday,September 10th,SF,LAR,4th Quarter,4,Los Angeles Rams,0,7,0,Pass Incomplete,4th & 5 at SF 49,07:58 4th Shotgun,— M.Stafford pass incomplete deep right to T.Ferguson [O.Odighizuwa].
2026,WEEK 1,Thursday,September 10th,SF,LAR,4th Quarter,5,San Francisco 49ers,0,1,0,7 Yard Run,1st & 10 at 50,07:54 4th,— C.McCaffrey left guard to LAR 43 for 7 yards (D.Johnson; K.Curl).
2026,WEEK 1,Thursday,September 10th,SF,LAR,4th Quarter,5,San Francisco 49ers,0,2,0,2 Yard Run,2nd & 3 at LAR 43,07:14 4th,— C.McCaffrey up the middle to LAR 41 for 2 yards (S.Dolac; N.Landman).
2026,WEEK 1,Thursday,September 10th,SF,LAR,4th Quarter,5,San Francisco 49ers,0,3,0,1 Yard Run,3rd & 1 at LAR 41,06:34 4th,— B.Purdy up the middle to LAR 40 for 1 yard (B.Fiske).
2026,WEEK 1,Thursday,September 10th,SF,LAR,4th Quarter,5,San Francisco 49ers,0,4,0,2 Yard Run,1st & 10 at LAR 40,05:52 4th,— K.Black right guard to LAR 38 for 2 yards (K.Turner).
2026,WEEK 1,Thursday,September 10th,SF,LAR,4th Quarter,5,San Francisco 49ers,0,5,0,4 Yard Run,2nd & 8 at LAR 38,05:08 4th,— K.Black left guard to LAR 34 for 4 yards (S.Dolac; K.Turner).
2026,WEEK 1,Thursday,September 10th,SF,LAR,4th Quarter,5,San Francisco 49ers,0,6,0,0 Yard Pass,3rd & 4 at LAR 34,04:24 4th Shotgun,— B.Purdy pass short right to C.McCaffrey to LAR 34 for no gain (J.Stewart). LAR-N.Landman was injured during the play.
2026,WEEK 1,Thursday,September 10th,SF,LAR,4th Quarter,5,San Francisco 49ers,0,7,0,Timeout,,03:34 4th,— Timeout #2 by SF at 03:34.
2026,WEEK 1,Thursday,September 10th,SF,LAR,4th Quarter,5,San Francisco 49ers,0,8,0,Field Goal No Good,4th & 4 at LAR 34,03:34 4th,"— E.Pineiro 52 yard field goal is No Good, Hit Right Upright, Center-J.Weeks, Holder-C.Waitman."
2026,WEEK 1,Thursday,September 10th,SF,LAR,4th Quarter,6,Los Angeles Rams,0,1,0,4 Yard Run,1st & 10 at LAR 42,03:29 4th,— B.Corum up the middle to LAR 46 for 4 yards (F.Warner; J.Brown).
2026,WEEK 1,Thursday,September 10th,SF,LAR,4th Quarter,6,Los Angeles Rams,0,2,0,9 Yard Run,2nd & 6 at LAR 46,"03:05 4th No Huddle, Shotgun","— S.Bennett scrambles up the middle to SF 45 for 9 yards (J.Brown). Penalty on SF, Defensive Too Many Men on Field, declined."
2026,WEEK 1,Thursday,September 10th,SF,LAR,4th Quarter,6,Los Angeles Rams,0,3,0,7 Yard Run,1st & 10 at SF 45,02:46 4th Shotgun,— R.Rivers right guard to SF 38 for 7 yards (C.West).
2026,WEEK 1,Thursday,September 10th,SF,LAR,4th Quarter,6,Los Angeles Rams,0,4,0,Pass Incomplete,2nd & 3 at SF 38,"02:22 4th No Huddle, Shotgun",— S.Bennett pass incomplete short middle to K.Mumpfield [O.Okoronkwo]. LAR-K.Mumpfield was injured during the play.
2026,WEEK 1,Thursday,September 10th,SF,LAR,4th Quarter,6,Los Angeles Rams,0,5,0,1 Yard Run,3rd & 3 at SF 38,02:18 4th Shotgun,— R.Rivers right guard to SF 37 for 1 yard (G.Wallow).
2026,WEEK 1,Thursday,September 10th,SF,LAR,4th Quarter,6,Los Angeles Rams,0,6,0,5 Yard Run,4th & 2 at SF 37,02:00 4th,— R.Rivers right tackle to SF 32 for 5 yards (D.Lenoir; M.Sigle). ** Injury Update: LAR-K.Mumpfield has returned to the game.
2026,WEEK 1,Thursday,September 10th,SF,LAR,4th Quarter,6,Los Angeles Rams,0,7,0,8 Yard Pass,1st & 10 at SF 32,01:26 4th Shotgun,— S.Bennett pass short middle to J.Whittington to SF 24 for 8 yards (M.Mustapha).
2026,WEEK 1,Thursday,September 10th,SF,LAR,4th Quarter,6,Los Angeles Rams,0,8,0,5 Yard Pass,2nd & 2 at SF 24,"01:05 4th No Huddle, Shotgun",— S.Bennett pass short middle to R.Rivers to SF 19 for 5 yards (J.Dugger; M.Mustapha). LAR-K.Dotson was injured during the play.
2026,WEEK 1,Thursday,September 10th,SF,LAR,4th Quarter,6,Los Angeles Rams,0,9,0,Timeout,,00:47 4th,— Timeout #1 by LAR at 00:47.
2026,WEEK 1,Thursday,September 10th,SF,LAR,4th Quarter,6,Los Angeles Rams,0,10,0,4 Yard Run,1st & 10 at SF 19,00:47 4th,— R.Rivers right guard to SF 15 for 4 yards (K.Kareem; J.Dugger).
2026,WEEK 1,Thursday,September 10th,SF,LAR,4th Quarter,6,Los Angeles Rams,0,11,0,2 Yard Run,2nd & 6 at SF 15,00:14 4th,— R.Rivers left end to SF 13 for 2 yards (R.Green).
2026,WEEK 1,Sunday,September 13th,CHI,CAR,1st Quarter,1,Chicago Bears,0,1,0,Kickoff from CAR 35,,Kickoff,"— R.Fitzgerald kicks 65 yards from CAR 35 to landing zone to end zone, Touchback to the CHI 20."
2026,WEEK 1,Sunday,September 13th,CHI,CAR,1st Quarter,1,Chicago Bears,0,2,0,-1 Yard Run,1st & 10 at CHI 20,15:00 1st,"— D.Swift right tackle to CHI 37 for 17 yards (Ja.Horn). PENALTY on CHI-R.Odunze, Offensive Holding, 10 yards, enforced at CHI 29."
2026,WEEK 1,Sunday,September 13th,CHI,CAR,1st Quarter,1,Chicago Bears,0,3,0,4 Yard Run,1st & 11 at CHI 19,14:38 1st,— D.Swift right end to CHI 23 for 4 yards (J.Phillips).
2026,WEEK 1,Sunday,September 13th,CHI,CAR,1st Quarter,1,Chicago Bears,0,4,0,Fumble,2nd & 7 at CHI 23,14:06 1st Shotgun,"— C.Williams pass short right to L.Burden to CHI 30 for 7 yards (D.Lloyd, B.Okereke). FUMBLES (B.Okereke), touched at CHI 33, RECOVERED by CAR-W.Lee at CHI 42."
2026,WEEK 1,Sunday,September 13th,CHI,CAR,1st Quarter,2,Carolina Panthers,1,1,0,11 Yard Pass,1st & 10 at CHI 42,13:56 1st Shotgun,— B.Young pass short middle to T.Tremble to CHI 31 for 11 yards (T.Stevenson).
2026,WEEK 1,Sunday,September 13th,CHI,CAR,1st Quarter,2,Carolina Panthers,1,2,0,3 Yard Run,1st & 10 at CHI 31,13:28 1st,— C.Hubbard right tackle to CHI 28 for 3 yards (K.Street; J.Johnson).
2026,WEEK 1,Sunday,September 13th,CHI,CAR,1st Quarter,2,Carolina Panthers,1,3,0,27 Yard Pass,2nd & 7 at CHI 28,12:54 1st Shotgun,"— B.Young pass deep right to J.Coker ran ob at CHI 2 for 26 yards. PENALTY on CHI-D.Odeyingbo, Roughing the Passer, 1 yard, enforced at CHI 2."
2026,WEEK 1,Sunday,September 13th,CHI,CAR,1st Quarter,2,Carolina Panthers,1,4,0,Penalty,1st & 1 at CHI 1,12:44 1st,"— S.Forsythe reported in as eligible. C.Hubbard left guard to CHI 1 for no gain (G.Jarrett; J.van den Berg). PENALTY on CHI-M.Sweat, Defensive Offside, 0 yards, enforced at CHI 1 - No Play."
2026,WEEK 1,Sunday,September 13th,CHI,CAR,1st Quarter,2,Carolina Panthers,1,5,0,-9 Yard Penalty,1st & 1 at CHI 1,12:29 1st,"— B.Young pass short middle to D.Waller for 1 yard, TOUCHDOWN NULLIFIED by Penalty. PENALTY on CAR-D.Waller, Offensive Pass Interference, 9 yards, enforced at CHI 1 - No Play."
2026,WEEK 1,Sunday,September 13th,CHI,CAR,1st Quarter,2,Carolina Panthers,1,6,0,6 Yard Run,1st & 10 at CHI 10,12:24 1st,— C.Hubbard left end to CHI 4 for 6 yards (D.Odeyingbo).
2026,WEEK 1,Sunday,September 13th,CHI,CAR,1st Quarter,2,Carolina Panthers,1,7,0,Pass Incomplete,2nd & 4 at CHI 4,11:45 1st Shotgun,— B.Young pass incomplete short left to M.Evans (D.Thieneman).
2026,WEEK 1,Sunday,September 13th,CHI,CAR,1st Quarter,2,Carolina Panthers,1,8,1,Touchdown,3rd & 4 at CHI 4,11:40 1st Shotgun,"— B.Young pass short right to C.Hubbard for 4 yards, TOUCHDOWN."
2026,WEEK 1,Sunday,September 13th,CHI,CAR,1st Quarter,2,Carolina Panthers,1,9,1,Extra Point,,11:33 1st,"— R.Fitzgerald extra point is GOOD, Center-J.Jansen, Holder-S.Martin."
2026,WEEK 1,Sunday,September 13th,CHI,CAR,1st Quarter,3,Chicago Bears,1,1,0,Kickoff from CAR 35,,Kickoff,— R.Fitzgerald kicks 61 yards from CAR 35 to CHI 4. J.Blackwell to CHI 27 for 23 yards (B.Tremayne).
2026,WEEK 1,Sunday,September 13th,CHI,CAR,1st Quarter,3,Chicago Bears,1,2,0,4 Yard Run,1st & 10 at CHI 27,11:28 1st,— D.Swift left tackle to CHI 31 for 4 yards (L.Hunter; B.Brown).
2026,WEEK 1,Sunday,September 13th,CHI,CAR,1st Quarter,3,Chicago Bears,1,3,0,5 Yard Run,2nd & 6 at CHI 31,10:45 1st,— D.Swift left end pushed ob at CHI 36 for 5 yards (T.Moehrig; P.Umanmielen).
2026,WEEK 1,Sunday,September 13th,CHI,CAR,1st Quarter,3,Chicago Bears,1,4,0,-9 Yard Penalty,3rd & 1 at CHI 36,10:09 1st,"— D.Swift left end to CHI 45 for 9 yards (B.Okereke). PENALTY on CHI-G.Bradbury, Offensive Holding, 9 yards, enforced at CHI 36 - No Play."
2026,WEEK 1,Sunday,September 13th,CHI,CAR,1st Quarter,3,Chicago Bears,1,5,0,15 Yard Pass,3rd & 10 at CHI 27,09:49 1st Shotgun,— C.Williams pass short middle to L.Burden to CHI 42 for 15 yards (W.Lee) [D.Brown].
2026,WEEK 1,Sunday,September 13th,CHI,CAR,1st Quarter,3,Chicago Bears,1,6,0,7 Yard Pass,1st & 10 at CHI 42,"09:23 1st No Huddle, Shotgun",— C.Williams pass short middle to K.Raymond to CHI 49 for 7 yards (L.Ransom).
2026,WEEK 1,Sunday,September 13th,CHI,CAR,1st Quarter,3,Chicago Bears,1,7,0,6 Yard Run,2nd & 3 at CHI 49,08:51 1st Shotgun,— C.Williams scrambles right end ran ob at CAR 45 for 6 yards (M.Jackson).
2026,WEEK 1,Sunday,September 13th,CHI,CAR,1st Quarter,3,Chicago Bears,1,8,0,32 Yard Run,1st & 10 at CAR 45,08:19 1st,— D.Swift right tackle to CAR 13 for 32 yards (W.Lee).
2026,WEEK 1,Sunday,September 13th,CHI,CAR,1st Quarter,3,Chicago Bears,1,9,0,5 Yard Run,1st & 10 at CAR 13,07:30 1st,— D.Swift right end to CAR 8 for 5 yards (D.Lloyd; C.Smith-Wade).
2026,WEEK 1,Sunday,September 13th,CHI,CAR,1st Quarter,3,Chicago Bears,1,10,0,-1 Yard Run,2nd & 5 at CAR 8,06:46 1st,— K.Monangai right end to CAR 9 for -1 yards (B.Okereke).
2026,WEEK 1,Sunday,September 13th,CHI,CAR,1st Quarter,3,Chicago Bears,1,11,1,Touchdown,3rd & 6 at CAR 9,06:03 1st Shotgun,"— C.Williams scrambles left end for 9 yards, TOUCHDOWN."
2026,WEEK 1,Sunday,September 13th,CHI,CAR,1st Quarter,3,Chicago Bears,1,12,1,Extra Point,,05:52 1st,"— C.Santos extra point is GOOD, Center-B.Gardner, Holder-T.Taylor."
2026,WEEK 1,Sunday,September 13th,CHI,CAR,1st Quarter,4,Carolina Panthers,0,1,0,Kickoff from CHI 35,,Kickoff,"— C.Santos kicks 43 yards from CHI 35 to CAR 22, short of landing zone. PENALTY on CHI-C.Santos, Kickoff Short of Landing Zone, placed at CAR 40."
2026,WEEK 1,Sunday,September 13th,CHI,CAR,1st Quarter,4,Carolina Panthers,0,2,0,Pass Incomplete,1st & 10 at CAR 40,05:52 1st Shotgun,— B.Young pass incomplete short left to X.Legette.
2026,WEEK 1,Sunday,September 13th,CHI,CAR,1st Quarter,4,Carolina Panthers,0,3,0,3 Yard Pass,2nd & 10 at CAR 40,05:49 1st Shotgun,— B.Young pass short right to T.Tremble to CAR 43 for 3 yards (C.Lewis).
2026,WEEK 1,Sunday,September 13th,CHI,CAR,1st Quarter,4,Carolina Panthers,0,4,0,-6 Yard Sack,3rd & 7 at CAR 43,05:11 1st Shotgun,— B.Young sacked at CAR 37 for -6 yards (M.Sweat).
2026,WEEK 1,Sunday,September 13th,CHI,CAR,1st Quarter,4,Carolina Panthers,0,5,0,Punt,4th & 13 at CAR 37,04:22 1st,"— S.Martin punts 30 yards to CHI 33, Center-J.Jansen, out of bounds."
2026,WEEK 1,Sunday,September 13th,CHI,CAR,1st Quarter,5,Chicago Bears,1,1,0,12 Yard Pass,1st & 10 at CHI 33,04:12 1st,— C.Williams pass short right to K.Raymond to CHI 45 for 12 yards (N.Scott).
2026,WEEK 1,Sunday,September 13th,CHI,CAR,1st Quarter,5,Chicago Bears,1,2,0,2 Yard Run,1st & 10 at CHI 45,03:35 1st,— L.Burden right end ran ob at CHI 47 for 2 yards (N.Scott).
2026,WEEK 1,Sunday,September 13th,CHI,CAR,1st Quarter,5,Chicago Bears,1,3,0,47 Yard Pass,2nd & 8 at CHI 47,03:01 1st Shotgun,— C.Williams pass deep right to R.Odunze pushed ob at CAR 6 for 47 yards (W.Lee). CAR-B.Brown was injured during the play.
2026,WEEK 1,Sunday,September 13th,CHI,CAR,1st Quarter,5,Chicago Bears,1,4,0,Pass Incomplete,1st & 6 at CAR 6,02:37 1st,— C.Williams pass incomplete short right.
2026,WEEK 1,Sunday,September 13th,CHI,CAR,1st Quarter,5,Chicago Bears,1,5,0,5 Yard Run,2nd & 6 at CAR 6,02:30 1st,— D.Swift right tackle to CAR 1 for 5 yards (L.Hunter).
2026,WEEK 1,Sunday,September 13th,CHI,CAR,1st Quarter,5,Chicago Bears,1,6,1,Touchdown,3rd & 1 at CAR 1,"02:03 1st No Huddle, Shotgun","— D.Swift up the middle for 1 yard, TOUCHDOWN."
2026,WEEK 1,Sunday,September 13th,CHI,CAR,1st Quarter,5,Chicago Bears,1,7,1,Extra Point,,01:59 1st,"— C.Santos extra point is GOOD, Center-B.Gardner, Holder-T.Taylor."
2026,WEEK 1,Sunday,September 13th,CHI,CAR,2nd Quarter,1,Carolina Panthers,0,1,0,Kickoff from CHI 35,,Kickoff,"— C.Santos kicks 64 yards from CHI 35 to CAR 1. Ji.Horn ran ob at CAR 27 for 26 yards (J.Blackwell). PENALTY on CAR-I.Simmons, Offensive Holding, 10 yards, enforced at CAR 27."
2026,WEEK 1,Sunday,September 13th,CHI,CAR,2nd Quarter,1,Carolina Panthers,0,2,0,1 Yard Run,1st & 10 at CAR 17,01:54 1st,— J.Brooks right tackle to CAR 18 for 1 yard (G.Jarrett; N.Gallimore).
2026,WEEK 1,Sunday,September 13th,CHI,CAR,2nd Quarter,1,Carolina Panthers,0,3,0,-5 Yard Penalty,2nd & 9 at CAR 18,"01:27 1st No Huddle, Shotgun","— PENALTY on CAR-M.Freeling, False Start, 5 yards, enforced at CAR 18 - No Play."
2026,WEEK 1,Sunday,September 13th,CHI,CAR,2nd Quarter,1,Carolina Panthers,0,4,0,5 Yard Run,2nd & 14 at CAR 13,01:09 1st Shotgun,— J.Brooks left guard to CAR 18 for 5 yards (G.Jarrett; M.Muhammad).
2026,WEEK 1,Sunday,September 13th,CHI,CAR,2nd Quarter,1,Carolina Panthers,0,5,0,5 Yard Pass,3rd & 9 at CAR 18,00:25 1st Shotgun,— B.Young pass short left to C.Hubbard to CAR 23 for 5 yards (D.Thieneman).
2026,WEEK 1,Sunday,September 13th,CHI,CAR,2nd Quarter,1,Carolina Panthers,0,6,0,Punt,4th & 4 at CAR 23,15:00 2nd,"— S.Martin punts 56 yards to CHI 21, Center-J.Jansen. K.Raymond to CHI 44 for 23 yards (T.Incoom). PENALTY on CAR-M.Evans, Unnecessary Roughness, 15 yards, enforced at CHI 44."
2026,WEEK 1,Sunday,September 13th,CHI,CAR,2nd Quarter,2,Chicago Bears,1,1,0,19 Yard Pass,1st & 10 at CAR 41,14:48 2nd Shotgun,— C.Williams pass short middle to K.Monangai to CAR 22 for 19 yards (M.Jackson).
2026,WEEK 1,Sunday,September 13th,CHI,CAR,2nd Quarter,2,Chicago Bears,1,2,1,Touchdown,1st & 10 at CAR 22,14:05 2nd,"— C.Williams pass deep left to C.Kmet for 22 yards, TOUCHDOWN."
2026,WEEK 1,Sunday,September 13th,CHI,CAR,2nd Quarter,2,Chicago Bears,1,3,1,Extra Point,,13:57 2nd,"— C.Santos extra point is GOOD, Center-B.Gardner, Holder-T.Taylor. CAR-D.Brown was injured during the play."
2026,WEEK 1,Sunday,September 13th,CHI,CAR,2nd Quarter,3,Carolina Panthers,1,1,0,Kickoff from CHI 35,,Kickoff,— C.Santos kicks 54 yards from CHI 35 to CAR 11. Ji.Horn to CAR 27 for 16 yards (D.Thieneman).
2026,WEEK 1,Sunday,September 13th,CHI,CAR,2nd Quarter,3,Carolina Panthers,1,2,0,17 Yard Pass,1st & 10 at CAR 27,13:52 2nd Shotgun,— B.Young pass short left to J.Coker pushed ob at CAR 44 for 17 yards (T.Stevenson).
2026,WEEK 1,Sunday,September 13th,CHI,CAR,2nd Quarter,3,Carolina Panthers,1,3,0,5 Yard Run,1st & 10 at CAR 44,13:22 2nd,— C.Hubbard left end to CAR 49 for 5 yards (D.Thieneman).
2026,WEEK 1,Sunday,September 13th,CHI,CAR,2nd Quarter,3,Carolina Panthers,1,4,1,Touchdown,2nd & 5 at CAR 49,12:49 2nd,"— B.Young pass deep left to J.Coker for 51 yards, TOUCHDOWN."
2026,WEEK 1,Sunday,September 13th,CHI,CAR,2nd Quarter,3,Carolina Panthers,1,5,1,Extra Point,,12:40 2nd,"— R.Fitzgerald extra point is GOOD, Center-J.Jansen, Holder-S.Martin."
2026,WEEK 1,Sunday,September 13th,CHI,CAR,2nd Quarter,4,Chicago Bears,0,1,0,Kickoff from CAR 35,,Kickoff,"— R.Fitzgerald kicks 63 yards from CAR 35 to CHI 2. J.Blackwell to CHI 40 for 38 yards (C.Cherelus; L.Ransom). PENALTY on CHI-S.Thomas, Illegal Block Above the Waist, 10 yards, enforced at CHI 22."
2026,WEEK 1,Sunday,September 13th,CHI,CAR,2nd Quarter,4,Chicago Bears,0,2,0,1 Yard Run,1st & 10 at CHI 12,12:34 2nd,— D.Swift right tackle to CHI 13 for 1 yard (D.Brown). ** Injury Update: CAR-B.Brown has returned to the game. ** Injury Update: CAR-D.Brown has returned to the game.
2026,WEEK 1,Sunday,September 13th,CHI,CAR,2nd Quarter,4,Chicago Bears,0,3,0,6 Yard Run,2nd & 9 at CHI 13,11:57 2nd Shotgun,— C.Williams scrambles right end ran ob at CHI 19 for 6 yards (B.Okereke).
2026,WEEK 1,Sunday,September 13th,CHI,CAR,2nd Quarter,4,Chicago Bears,0,4,0,2 Yard Run,3rd & 3 at CHI 19,11:19 2nd Shotgun,— C.Williams scrambles up the middle to CHI 21 for 2 yards (D.Brown).
2026,WEEK 1,Sunday,September 13th,CHI,CAR,2nd Quarter,4,Chicago Bears,0,5,0,Turnover on Downs,4th & 1 at CHI 21,10:35 2nd,— C.Williams up the middle to CHI 21 for no gain (N.Scott; B.Brown). (Virtual Measurement).
2026,WEEK 1,Sunday,September 13th,CHI,CAR,2nd Quarter,5,Carolina Panthers,1,1,0,14 Yard Pass,1st & 10 at CHI 21,10:27 2nd Shotgun,— B.Young pass short right to T.McMillan to CHI 7 for 14 yards (D.Bush).
2026,WEEK 1,Sunday,September 13th,CHI,CAR,2nd Quarter,5,Carolina Panthers,1,2,0,3 Yard Run,1st & 7 at CHI 7,10:03 2nd No Huddle,— C.Hubbard left end to CHI 4 for 3 yards (T.Stevenson).
2026,WEEK 1,Sunday,September 13th,CHI,CAR,2nd Quarter,5,Carolina Panthers,1,3,0,2 Yard Penalty,2nd & 4 at CHI 4,09:21 2nd Shotgun,"— B.Young pass short left to C.Hubbard pushed ob at CHI 2 for 2 yards (T.Edwards). PENALTY on CHI-D.Odeyingbo, Illegal Use of Hands, 2 yards, enforced at CHI 4 - No Play."
2026,WEEK 1,Sunday,September 13th,CHI,CAR,2nd Quarter,5,Carolina Panthers,1,4,0,-5 Yard Penalty,1st & 2 at CHI 2,09:09 2nd,"— C.Hubbard up the middle to CHI 1 for 1 yard (K.Street). PENALTY on CAR, Illegal Shift, 5 yards, enforced at CHI 2 - No Play."
2026,WEEK 1,Sunday,September 13th,CHI,CAR,2nd Quarter,5,Carolina Panthers,1,5,1,Touchdown,1st & 7 at CHI 7,08:51 2nd,"— B.Young scrambles right tackle for 7 yards, TOUCHDOWN."
2026,WEEK 1,Sunday,September 13th,CHI,CAR,2nd Quarter,5,Carolina Panthers,1,6,1,Extra Point,,08:42 2nd,"— R.Fitzgerald extra point is GOOD, Center-J.Jansen, Holder-S.Martin."
2026,WEEK 1,Sunday,September 13th,CHI,CAR,2nd Quarter,6,Chicago Bears,0,1,0,Kickoff from CAR 35,,Kickoff,— R.Fitzgerald kicks 62 yards from CAR 35 to CHI 3. J.Blackwell to CHI 25 for 22 yards (J.Moon).
2026,WEEK 1,Sunday,September 13th,CHI,CAR,2nd Quarter,6,Chicago Bears,0,2,0,Pass Incomplete,1st & 10 at CHI 25,08:36 2nd,— C.Williams pass incomplete short right.
2026,WEEK 1,Sunday,September 13th,CHI,CAR,2nd Quarter,6,Chicago Bears,0,3,0,7 Yard Run,2nd & 10 at CHI 25,08:28 2nd,— K.Monangai up the middle to CHI 32 for 7 yards (T.Edwards).
2026,WEEK 1,Sunday,September 13th,CHI,CAR,2nd Quarter,6,Chicago Bears,0,4,0,-2 Yard Run,3rd & 3 at CHI 32,07:51 2nd,— K.Monangai right tackle to CHI 30 for -2 yards (T.Gipson).
2026,WEEK 1,Sunday,September 13th,CHI,CAR,2nd Quarter,6,Chicago Bears,0,5,0,Fumble,4th & 5 at CHI 30,07:07 2nd,"— T.Taylor punts 48 yards to CAR 22, Center-B.Gardner. Ji.Horn MUFFS catch, RECOVERED by CHI-K.Davis at CAR 28."
2026,WEEK 1,Sunday,September 13th,CHI,CAR,2nd Quarter,7,Chicago Bears,1,1,0,1 Yard Run,1st & 10 at CAR 28,06:56 2nd,— D.Swift right guard to CAR 27 for 1 yard (D.Lloyd).
2026,WEEK 1,Sunday,September 13th,CHI,CAR,2nd Quarter,7,Chicago Bears,1,2,0,Pass Incomplete,2nd & 9 at CAR 27,06:12 2nd Shotgun,— C.Williams pass incomplete short right to K.Raymond (W.Lee).
2026,WEEK 1,Sunday,September 13th,CHI,CAR,2nd Quarter,7,Chicago Bears,1,3,0,5 Yard Pass,3rd & 9 at CAR 27,06:07 2nd Shotgun,— C.Williams pass short middle to K.Raymond to CAR 22 for 5 yards (D.Lloyd).
2026,WEEK 1,Sunday,September 13th,CHI,CAR,2nd Quarter,7,Chicago Bears,1,4,1,Field Goal,4th & 4 at CAR 22,05:24 2nd,"— C.Santos 40 yard field goal is GOOD, Center-B.Gardner, Holder-T.Taylor."
2026,WEEK 1,Sunday,September 13th,CHI,CAR,2nd Quarter,8,Carolina Panthers,1,1,0,Kickoff from CHI 35,,Kickoff,— C.Santos kicks 54 yards from CHI 35 to CAR 11. Ji.Horn to CAR 26 for 15 yards (J.Walker; R.Johnson).
2026,WEEK 1,Sunday,September 13th,CHI,CAR,2nd Quarter,8,Carolina Panthers,1,2,0,5 Yard Penalty,1st & 10 at CAR 26,05:16 2nd,"— J.Brooks right tackle to CAR 27 for 1 yard (N.Gallimore; A.Booker). PENALTY on CHI-J.Lynch, Defensive Offside, 5 yards, enforced at CAR 26 - No Play."
2026,WEEK 1,Sunday,September 13th,CHI,CAR,2nd Quarter,8,Carolina Panthers,1,3,0,3 Yard Pass,1st & 5 at CAR 31,04:57 2nd,— B.Young pass short middle to J.Coker to CAR 34 for 3 yards (J.Lynch).
2026,WEEK 1,Sunday,September 13th,CHI,CAR,2nd Quarter,8,Carolina Panthers,1,4,0,-8 Yard Run,2nd & 2 at CAR 34,04:11 2nd,"— J.Brooks left end pushed ob at CAR 46 for 12 yards (T.Stevenson). PENALTY on CAR-R.Hunt, Offensive Holding, 10 yards, enforced at CAR 36."
2026,WEEK 1,Sunday,September 13th,CHI,CAR,2nd Quarter,8,Carolina Panthers,1,5,0,48 Yard Pass,2nd & 10 at CAR 26,03:41 2nd Shotgun,— B.Young pass deep right to J.Brooks to CHI 26 for 48 yards (J.Johnson).
2026,WEEK 1,Sunday,September 13th,CHI,CAR,2nd Quarter,8,Carolina Panthers,1,6,0,Pass Incomplete,1st & 10 at CHI 26,02:57 2nd,— B.Young pass incomplete short right to T.Tremble.
2026,WEEK 1,Sunday,September 13th,CHI,CAR,2nd Quarter,8,Carolina Panthers,1,7,0,Pass Incomplete,2nd & 10 at CHI 26,02:53 2nd Shotgun,— B.Young pass incomplete short middle to T.McMillan (M.Muhammad).
2026,WEEK 1,Sunday,September 13th,CHI,CAR,2nd Quarter,8,Carolina Panthers,1,8,0,Pass Incomplete,3rd & 10 at CHI 26,02:47 2nd Shotgun,— B.Young pass incomplete short left.
2026,WEEK 1,Sunday,September 13th,CHI,CAR,2nd Quarter,8,Carolina Panthers,1,9,1,Field Goal,4th & 10 at CHI 26,02:39 2nd,"— R.Fitzgerald 44 yard field goal is GOOD, Center-J.Jansen, Holder-S.Martin."
2026,WEEK 1,Sunday,September 13th,CHI,CAR,2nd Quarter,9,Chicago Bears,1,1,0,Kickoff from CAR 35,,Kickoff,— R.Fitzgerald kicks 65 yards from CAR 35 to CHI 0. J.Blackwell to CHI 20 for 20 yards (F.Franks; J.Moon).
2026,WEEK 1,Sunday,September 13th,CHI,CAR,2nd Quarter,9,Chicago Bears,1,2,0,-6 Yard Sack,1st & 10 at CHI 20,02:31 2nd Shotgun,— C.Williams sacked at CHI 14 for -6 yards (J.Phillips).
2026,WEEK 1,Sunday,September 13th,CHI,CAR,2nd Quarter,9,Chicago Bears,1,3,0,5 Yard Pass,2nd & 16 at CHI 14,02:00 2nd Shotgun,— C.Williams pass short middle to R.Odunze to CHI 19 for 5 yards (D.Lloyd).
2026,WEEK 1,Sunday,September 13th,CHI,CAR,2nd Quarter,9,Chicago Bears,1,4,0,28 Yard Pass,3rd & 11 at CHI 19,01:17 2nd Shotgun,— C.Williams pass deep left to K.Raymond to CHI 47 for 28 yards (N.Scott).
2026,WEEK 1,Sunday,September 13th,CHI,CAR,2nd Quarter,9,Chicago Bears,1,5,0,5 Yard Pass,1st & 10 at CHI 47,00:45 2nd Shotgun,— C.Williams pass short middle to K.Monangai to CAR 48 for 5 yards (D.Lloyd).
2026,WEEK 1,Sunday,September 13th,CHI,CAR,2nd Quarter,9,Chicago Bears,1,6,0,Timeout,,00:38 2nd,— Timeout #1 by CHI at 00:38.
2026,WEEK 1,Sunday,September 13th,CHI,CAR,2nd Quarter,9,Chicago Bears,1,7,0,-5 Yard Penalty,2nd & 5 at CAR 48,00:38 2nd Shotgun,"— PENALTY on CHI, Delay of Game, 5 yards, enforced at CAR 48 - No Play."
2026,WEEK 1,Sunday,September 13th,CHI,CAR,2nd Quarter,9,Chicago Bears,1,8,0,24 Yard Pass,2nd & 10 at CHI 47,00:38 2nd Shotgun,— C.Williams pass deep left to L.Burden to CAR 29 for 24 yards (L.Ransom).
2026,WEEK 1,Sunday,September 13th,CHI,CAR,2nd Quarter,9,Chicago Bears,1,9,0,Timeout,,00:32 2nd,— Timeout #2 by CHI at 00:32.
2026,WEEK 1,Sunday,September 13th,CHI,CAR,2nd Quarter,9,Chicago Bears,1,10,1,Touchdown,1st & 10 at CAR 29,00:32 2nd Shotgun,"— C.Williams scrambles left end for 29 yards, TOUCHDOWN."
2026,WEEK 1,Sunday,September 13th,CHI,CAR,2nd Quarter,9,Chicago Bears,1,11,1,Extra Point,,00:22 2nd,"— C.Santos extra point is GOOD, Center-B.Gardner, Holder-T.Taylor."
2026,WEEK 1,Sunday,September 13th,CHI,CAR,2nd Quarter,10,Carolina Panthers,0,1,0,Kickoff from CHI 35,,Kickoff,— C.Santos kicks 59 yards from CHI 35 to CAR 6. X.Legette to CAR 29 for 23 yards (J.Walker; R.Johnson).
2026,WEEK 1,Sunday,September 13th,CHI,CAR,2nd Quarter,10,Carolina Panthers,0,2,0,11 Yard Pass,1st & 10 at CAR 29,00:17 2nd Shotgun,— B.Young pass short middle to D.Waller to CAR 40 for 11 yards (D.Thieneman).
2026,WEEK 1,Sunday,September 13th,CHI,CAR,2nd Quarter,10,Carolina Panthers,0,3,0,Timeout,,00:11 2nd,— Timeout #1 by CAR at 00:11.
2026,WEEK 1,Sunday,September 13th,CHI,CAR,2nd Quarter,10,Carolina Panthers,0,4,0,Interception,1st & 10 at CAR 40,00:11 2nd Shotgun,— B.Young pass deep left intended for J.Coker INTERCEPTED by M.Muhammad at CHI 38. M.Muhammad to CHI 38 for no gain. CHI-M.Muhammad was injured during the play.
2026,WEEK 1,Sunday,September 13th,CHI,CAR,2nd Quarter,11,Chicago Bears,0,1,0,Pass Incomplete,1st & 10 at CHI 38,00:05 2nd Shotgun,— C.Williams pass incomplete deep right to R.Odunze.
2026,WEEK 1,Sunday,September 13th,CHI,CAR,3rd Quarter,1,Carolina Panthers,0,1,0,Kickoff from CHI 35,,Kickoff,— C.Santos kicks 60 yards from CHI 35 to CAR 5. X.Legette to CAR 34 for 29 yards (D.Hardy; E.Hicks).
2026,WEEK 1,Sunday,September 13th,CHI,CAR,3rd Quarter,1,Carolina Panthers,0,2,0,3 Yard Run,1st & 10 at CAR 34,14:54 3rd,— C.Hubbard up the middle to CAR 37 for 3 yards (C.Lewis; M.Sweat).
2026,WEEK 1,Sunday,September 13th,CHI,CAR,3rd Quarter,1,Carolina Panthers,0,3,0,4 Yard Run,2nd & 7 at CAR 37,14:27 3rd Shotgun,— C.Hubbard up the middle to CAR 41 for 4 yards (D.Jackson; G.Jarrett).
2026,WEEK 1,Sunday,September 13th,CHI,CAR,3rd Quarter,1,Carolina Panthers,0,4,0,-2 Yard Sack,3rd & 3 at CAR 41,13:52 3rd Shotgun,— B.Young sacked at CAR 39 for -2 yards (K.Street). ** Injury Update: CHI-M.Muhammad has returned to the game.
2026,WEEK 1,Sunday,September 13th,CHI,CAR,3rd Quarter,1,Carolina Panthers,0,5,0,Punt,4th & 5 at CAR 39,13:08 3rd,"— S.Martin punts 61 yards to end zone, Center-J.Jansen, Touchback."
2026,WEEK 1,Sunday,September 13th,CHI,CAR,3rd Quarter,2,Chicago Bears,0,1,0,Pass Incomplete,1st & 10 at CHI 20,12:59 3rd,— C.Williams pass incomplete deep left to C.Kmet.
2026,WEEK 1,Sunday,September 13th,CHI,CAR,3rd Quarter,2,Chicago Bears,0,2,0,3 Yard Run,2nd & 10 at CHI 20,12:54 3rd,— D.Swift right guard to CHI 23 for 3 yards (D.Lloyd).
2026,WEEK 1,Sunday,September 13th,CHI,CAR,3rd Quarter,2,Chicago Bears,0,3,0,-2 Yard Sack,3rd & 7 at CHI 23,12:09 3rd Shotgun,— C.Williams sacked at CHI 21 for -2 yards (P.Umanmielen).
2026,WEEK 1,Sunday,September 13th,CHI,CAR,3rd Quarter,2,Chicago Bears,0,4,0,Punt,4th & 9 at CHI 21,11:39 3rd,"— T.Taylor punts 54 yards to CAR 25, Center-B.Gardner. Ji.Horn to CAR 42 for 17 yards (R.Johnson; B.Gardner)."
2026,WEEK 1,Sunday,September 13th,CHI,CAR,3rd Quarter,3,Carolina Panthers,1,1,0,17 Yard Pass,1st & 10 at CAR 42,11:28 3rd Shotgun,— B.Young pass short left to D.Waller pushed ob at CHI 41 for 17 yards (M.Muhammad).
2026,WEEK 1,Sunday,September 13th,CHI,CAR,3rd Quarter,3,Carolina Panthers,1,2,0,8 Yard Run,1st & 10 at CHI 41,11:05 3rd,— C.Hubbard left tackle to CHI 33 for 8 yards (D.Thieneman).
2026,WEEK 1,Sunday,September 13th,CHI,CAR,3rd Quarter,3,Carolina Panthers,1,3,0,Pass Incomplete,2nd & 2 at CHI 33,10:30 3rd,— B.Young pass incomplete short right to T.Tremble.
2026,WEEK 1,Sunday,September 13th,CHI,CAR,3rd Quarter,3,Carolina Panthers,1,4,0,11 Yard Pass,3rd & 2 at CHI 33,10:25 3rd Shotgun,— B.Young pass short middle to T.Tremble to CHI 22 for 11 yards (D.Thieneman) [G.Jarrett]. CAR-D.Lewis was injured during the play.
2026,WEEK 1,Sunday,September 13th,CHI,CAR,3rd Quarter,3,Carolina Panthers,1,5,0,11 Yard Run,1st & 10 at CHI 22,10:01 3rd,— C.Hubbard left end pushed ob at CHI 11 for 11 yards (D.Bush).
2026,WEEK 1,Sunday,September 13th,CHI,CAR,3rd Quarter,3,Carolina Panthers,1,6,0,9 Yard Pass,1st & 10 at CHI 11,09:26 3rd Shotgun,— B.Young pass short left to M.Evans to CHI 2 for 9 yards (T.Stevenson). CHI-T.Stevenson was injured during the play.
2026,WEEK 1,Sunday,September 13th,CHI,CAR,3rd Quarter,3,Carolina Panthers,1,7,1,Touchdown,2nd & 1 at CHI 2,09:06 3rd,"— C.Hubbard left guard for 2 yards, TOUCHDOWN. ** Injury Update: CAR-D.Lewis has returned to the game."
2026,WEEK 1,Sunday,September 13th,CHI,CAR,3rd Quarter,3,Carolina Panthers,1,8,1,Extra Point,,09:02 3rd,"— R.Fitzgerald extra point is GOOD, Center-J.Jansen, Holder-S.Martin."
2026,WEEK 1,Sunday,September 13th,CHI,CAR,3rd Quarter,4,Chicago Bears,1,1,0,Kickoff from CAR 35,,Kickoff,"— R.Fitzgerald kicks 65 yards from CAR 35 to end zone, Touchback to the CHI 35."
2026,WEEK 1,Sunday,September 13th,CHI,CAR,3rd Quarter,4,Chicago Bears,1,2,0,Pass Incomplete,1st & 10 at CHI 35,09:02 3rd Shotgun,— C.Williams pass incomplete deep middle to C.Loveland.
2026,WEEK 1,Sunday,September 13th,CHI,CAR,3rd Quarter,4,Chicago Bears,1,3,0,5 Yard Run,2nd & 10 at CHI 35,08:58 3rd Shotgun,— D.Swift left tackle to CHI 40 for 5 yards (T.Incoom; T.Moehrig).
2026,WEEK 1,Sunday,September 13th,CHI,CAR,3rd Quarter,4,Chicago Bears,1,4,0,12 Yard Pass,3rd & 5 at CHI 40,08:21 3rd Shotgun,— C.Williams pass short right to K.Raymond to CAR 48 for 12 yards (T.Gipson).
2026,WEEK 1,Sunday,September 13th,CHI,CAR,3rd Quarter,4,Chicago Bears,1,5,0,10 Yard Pass,1st & 10 at CAR 48,07:53 3rd No Huddle,— C.Williams pass short middle to D.Swift to CAR 38 for 10 yards (B.Okereke).
2026,WEEK 1,Sunday,September 13th,CHI,CAR,3rd Quarter,4,Chicago Bears,1,6,0,9 Yard Run,1st & 10 at CAR 38,07:06 3rd,— D.Swift up the middle to CAR 29 for 9 yards (D.Lloyd; A.Hall).
2026,WEEK 1,Sunday,September 13th,CHI,CAR,3rd Quarter,4,Chicago Bears,1,7,0,6 Yard Run,2nd & 1 at CAR 29,06:28 3rd,— C.Williams scrambles left end ran ob at CAR 23 for 6 yards (P.Umanmielen). CAR-B.Brown was injured during the play.
2026,WEEK 1,Sunday,September 13th,CHI,CAR,3rd Quarter,4,Chicago Bears,1,8,0,5 Yard Pass,1st & 10 at CAR 23,06:11 3rd Shotgun,— C.Williams pass short middle to L.Burden to CAR 18 for 5 yards (D.Lloyd).
2026,WEEK 1,Sunday,September 13th,CHI,CAR,3rd Quarter,4,Chicago Bears,1,9,0,Pass Incomplete,2nd & 5 at CAR 18,05:31 3rd,— C.Williams pass incomplete deep right.
2026,WEEK 1,Sunday,September 13th,CHI,CAR,3rd Quarter,4,Chicago Bears,1,10,0,7 Yard Pass,3rd & 5 at CAR 18,05:23 3rd Shotgun,— C.Williams pass short left to K.Raymond pushed ob at CAR 11 for 7 yards (W.Lee). CHI-B.Jones was injured during the play.
2026,WEEK 1,Sunday,September 13th,CHI,CAR,3rd Quarter,4,Chicago Bears,1,11,0,Pass Incomplete,1st & 10 at CAR 11,04:59 3rd Shotgun,— C.Williams pass incomplete short middle to C.Loveland.
2026,WEEK 1,Sunday,September 13th,CHI,CAR,3rd Quarter,4,Chicago Bears,1,12,0,-10 Yard Penalty,2nd & 10 at CAR 11,04:55 3rd Shotgun,"— D.Swift left end to CAR 12 for -1 yards (Ja.Horn). PENALTY on CHI-C.Loveland, Offensive Holding, 10 yards, enforced at CAR 11 - No Play."
2026,WEEK 1,Sunday,September 13th,CHI,CAR,3rd Quarter,4,Chicago Bears,1,13,0,10 Yard Penalty,2nd & 20 at CAR 21,04:31 3rd Shotgun,"— C.Williams pass incomplete short right to R.Odunze. PENALTY on CAR-D.Brown, Roughing the Passer, 10 yards, enforced at CAR 21 - No Play."
2026,WEEK 1,Sunday,September 13th,CHI,CAR,3rd Quarter,4,Chicago Bears,1,14,0,6 Yard Run,1st & 10 at CAR 11,04:20 3rd,— D.Swift left guard to CAR 5 for 6 yards (D.Lloyd).
2026,WEEK 1,Sunday,September 13th,CHI,CAR,3rd Quarter,4,Chicago Bears,1,15,0,4 Yard Run,2nd & 4 at CAR 5,03:35 3rd,— D.Swift right guard to CAR 1 for 4 yards (B.Okereke; T.Edwards).
2026,WEEK 1,Sunday,September 13th,CHI,CAR,3rd Quarter,4,Chicago Bears,1,16,1,Touchdown,1st & 1 at CAR 1,"03:08 3rd No Huddle, Shotgun","— D.Swift up the middle for 1 yard, TOUCHDOWN."
2026,WEEK 1,Sunday,September 13th,CHI,CAR,3rd Quarter,4,Chicago Bears,1,17,1,Extra Point,,03:05 3rd,"— C.Santos extra point is GOOD, Center-B.Gardner, Holder-T.Taylor. ** Injury Update: CHI-B.Jones has returned to the game."
2026,WEEK 1,Sunday,September 13th,CHI,CAR,3rd Quarter,5,Carolina Panthers,0,1,0,Kickoff from CHI 35,,Kickoff,"— C.Santos kicks 43 yards from CHI 35 to CAR 22, short of landing zone. PENALTY on CHI-C.Santos, Kickoff Short of Landing Zone, placed at CAR 40."
2026,WEEK 1,Sunday,September 13th,CHI,CAR,3rd Quarter,5,Carolina Panthers,0,2,0,Pass Incomplete,1st & 10 at CAR 40,03:05 3rd Shotgun,— B.Young pass incomplete short left.
2026,WEEK 1,Sunday,September 13th,CHI,CAR,3rd Quarter,5,Carolina Panthers,0,3,0,14 Yard Pass,2nd & 10 at CAR 40,03:01 3rd Shotgun,— B.Young pass short middle to J.Coker to CHI 46 for 14 yards (C.Lewis).
2026,WEEK 1,Sunday,September 13th,CHI,CAR,3rd Quarter,5,Carolina Panthers,0,4,0,-5 Yard Penalty,1st & 10 at CHI 46,"02:33 3rd No Huddle, Shotgun","— PENALTY on CAR-R.Walker, False Start, 5 yards, enforced at CHI 46 - No Play."
2026,WEEK 1,Sunday,September 13th,CHI,CAR,3rd Quarter,5,Carolina Panthers,0,5,0,6 Yard Run,1st & 15 at CAR 49,02:15 3rd,— J.Brooks right guard to CHI 45 for 6 yards (A.Booker).
2026,WEEK 1,Sunday,September 13th,CHI,CAR,3rd Quarter,5,Carolina Panthers,0,6,0,6 Yard Pass,2nd & 9 at CHI 45,01:38 3rd Shotgun,— B.Young pass short right to J.Coker to CHI 39 for 6 yards (C.Lewis).
2026,WEEK 1,Sunday,September 13th,CHI,CAR,3rd Quarter,5,Carolina Panthers,0,7,0,Pass Incomplete,3rd & 3 at CHI 39,00:58 3rd Shotgun,— B.Young pass incomplete short right to J.Brooks.
2026,WEEK 1,Sunday,September 13th,CHI,CAR,3rd Quarter,5,Carolina Panthers,0,8,0,Pass Incomplete,4th & 3 at CHI 39,00:55 3rd Shotgun,— B.Young pass incomplete deep left to T.McMillan.
2026,WEEK 1,Sunday,September 13th,CHI,CAR,3rd Quarter,6,Chicago Bears,1,1,1,Touchdown,1st & 10 at CHI 39,00:50 3rd,"— K.Monangai up the middle for 61 yards, TOUCHDOWN. ** Injury Update: CAR-B.Brown has returned to the game."
2026,WEEK 1,Sunday,September 13th,CHI,CAR,3rd Quarter,6,Chicago Bears,1,2,1,Extra Point,,00:40 3rd,"— C.Santos extra point is GOOD, Center-B.Gardner, Holder-T.Taylor."
2026,WEEK 1,Sunday,September 13th,CHI,CAR,4th Quarter,1,Carolina Panthers,0,1,0,Kickoff from CHI 35,,Kickoff,— C.Santos kicks 61 yards from CHI 35 to CAR 4. Ji.Horn to CAR 27 for 23 yards (R.Johnson; S.Thomas).
2026,WEEK 1,Sunday,September 13th,CHI,CAR,4th Quarter,1,Carolina Panthers,0,2,0,4 Yard Run,1st & 10 at CAR 27,00:35 3rd Shotgun,— C.Hubbard right guard to CAR 31 for 4 yards (C.Lewis). ** Injury Update: CHI-T.Stevenson has returned to the game.
2026,WEEK 1,Sunday,September 13th,CHI,CAR,4th Quarter,1,Carolina Panthers,0,3,0,7 Yard Pass,2nd & 6 at CAR 31,"00:12 3rd No Huddle, Shotgun",— B.Young pass short left to T.McMillan to CAR 38 for 7 yards (D.Bush; T.Stevenson).
2026,WEEK 1,Sunday,September 13th,CHI,CAR,4th Quarter,1,Carolina Panthers,0,4,0,Fumble,1st & 10 at CAR 38,15:00 4th Shotgun,"— B.Young pass deep middle to T.McMillan to CHI 41 for 21 yards (J.Johnson; D.Thieneman). FUMBLES (J.Johnson), RECOVERED by CHI-D.Bush at CHI 39. The Replay Official reviewed the fumble ruling, and the play was Upheld. The ruling on the field stands."
2026,WEEK 1,Sunday,September 13th,CHI,CAR,4th Quarter,2,Chicago Bears,1,1,0,1 Yard Run,1st & 10 at CHI 39,14:50 4th,— C.Williams scrambles left end pushed ob at CHI 40 for 1 yard (L.Hunter).
2026,WEEK 1,Sunday,September 13th,CHI,CAR,4th Quarter,2,Chicago Bears,1,2,0,3 Yard Run,2nd & 9 at CHI 40,14:14 4th,— K.Monangai left guard to CHI 43 for 3 yards (L.Hunter).
2026,WEEK 1,Sunday,September 13th,CHI,CAR,4th Quarter,2,Chicago Bears,1,3,0,9 Yard Pass,3rd & 6 at CHI 43,13:29 4th Shotgun,— C.Williams pass short right to K.Raymond to CAR 48 for 9 yards (D.Lloyd).
2026,WEEK 1,Sunday,September 13th,CHI,CAR,4th Quarter,2,Chicago Bears,1,4,0,-5 Yard Penalty,1st & 10 at CAR 48,12:48 4th Shotgun,"— Direct snap to D.Swift. D.Swift left tackle to CAR 41 for 7 yards (D.Lloyd; C.Smith-Wade). PENALTY on CHI, Illegal Formation, 5 yards, enforced at CAR 48 - No Play."
2026,WEEK 1,Sunday,September 13th,CHI,CAR,4th Quarter,2,Chicago Bears,1,5,0,1 Yard Run,1st & 15 at CHI 47,12:20 4th Shotgun,— D.Swift left guard to CHI 48 for 1 yard (J.Phillips; B.Okereke).
2026,WEEK 1,Sunday,September 13th,CHI,CAR,4th Quarter,2,Chicago Bears,1,6,0,12 Yard Pass,2nd & 14 at CHI 48,11:38 4th Shotgun,— C.Williams pass short left to L.Burden to CAR 40 for 12 yards (Ja.Horn; T.Moehrig).
2026,WEEK 1,Sunday,September 13th,CHI,CAR,4th Quarter,2,Chicago Bears,1,7,0,13 Yard Pass,3rd & 2 at CAR 40,10:56 4th Shotgun,— C.Williams pass short left to C.Kmet to CAR 27 for 13 yards (Ja.Horn).
2026,WEEK 1,Sunday,September 13th,CHI,CAR,4th Quarter,2,Chicago Bears,1,8,0,2 Yard Run,1st & 10 at CAR 27,10:12 4th,— K.Monangai left tackle to CAR 25 for 2 yards (L.Hunter; D.Lloyd).
2026,WEEK 1,Sunday,September 13th,CHI,CAR,4th Quarter,2,Chicago Bears,1,9,0,4 Yard Pass,2nd & 8 at CAR 25,09:33 4th Shotgun,— C.Williams pass short left to K.Raymond to CAR 21 for 4 yards (W.Lee).
2026,WEEK 1,Sunday,September 13th,CHI,CAR,4th Quarter,2,Chicago Bears,1,10,0,14 Yard Run,3rd & 4 at CAR 21,08:51 4th Shotgun,— K.Monangai left guard to CAR 7 for 14 yards (N.Scott).
2026,WEEK 1,Sunday,September 13th,CHI,CAR,4th Quarter,2,Chicago Bears,1,11,0,6 Yard Run,1st & 7 at CAR 7,08:05 4th,— C.Williams right end to CAR 1 for 6 yards (D.Lloyd; N.Scott).
2026,WEEK 1,Sunday,September 13th,CHI,CAR,4th Quarter,2,Chicago Bears,1,12,0,Penalty,2nd & 1 at CAR 1,07:21 4th Shotgun,"— C.Williams pass short middle intended for C.Loveland INTERCEPTED by B.Brown at CAR -2. B.Brown to CAR 1 for 3 yards (G.Bradbury). PENALTY on CAR-D.Brown, Defensive Offside, 0 yards, enforced at CAR 1 - No Play."
2026,WEEK 1,Sunday,September 13th,CHI,CAR,4th Quarter,2,Chicago Bears,1,13,0,0 Yard Run,2nd & 1 at CAR 1,07:14 4th,— C.Williams up the middle to CAR 1 for no gain (D.Brown).
2026,WEEK 1,Sunday,September 13th,CHI,CAR,4th Quarter,2,Chicago Bears,1,14,1,Touchdown,3rd & 1 at CAR 1,06:32 4th,"— C.Williams pass short right to J.Walker for 1 yard, TOUCHDOWN."
2026,WEEK 1,Sunday,September 13th,CHI,CAR,4th Quarter,2,Chicago Bears,1,15,1,Extra Point,,06:27 4th,"— C.Santos extra point is GOOD, Center-B.Gardner, Holder-T.Taylor."
2026,WEEK 1,Sunday,September 13th,CHI,CAR,4th Quarter,3,Carolina Panthers,1,1,0,Kickoff from CHI 35,,Kickoff,— C.Santos kicks 62 yards from CHI 35 to CAR 3. Ji.Horn pushed ob at CAR 24 for 21 yards (D.Thieneman).
2026,WEEK 1,Sunday,September 13th,CHI,CAR,4th Quarter,3,Carolina Panthers,1,2,0,Pass Incomplete,1st & 10 at CAR 24,06:20 4th Shotgun,— B.Young pass incomplete deep right to X.Legette.
2026,WEEK 1,Sunday,September 13th,CHI,CAR,4th Quarter,3,Carolina Panthers,1,3,0,13 Yard Pass,2nd & 10 at CAR 24,06:15 4th Shotgun,— B.Young pass short left to J.Coker to CAR 37 for 13 yards (C.Lewis).
2026,WEEK 1,Sunday,September 13th,CHI,CAR,4th Quarter,3,Carolina Panthers,1,4,0,Pass Incomplete,1st & 10 at CAR 37,"05:43 4th No Huddle, Shotgun",— B.Young pass incomplete deep right.
2026,WEEK 1,Sunday,September 13th,CHI,CAR,4th Quarter,3,Carolina Panthers,1,5,0,Pass Incomplete,2nd & 10 at CAR 37,05:35 4th Shotgun,— B.Young pass incomplete deep left to T.McMillan [D.Thieneman].
2026,WEEK 1,Sunday,September 13th,CHI,CAR,4th Quarter,3,Carolina Panthers,1,6,0,29 Yard Pass,3rd & 10 at CAR 37,05:30 4th Shotgun,— B.Young pass short middle to C.Hubbard to CHI 34 for 29 yards (T.Stevenson).
2026,WEEK 1,Sunday,September 13th,CHI,CAR,4th Quarter,3,Carolina Panthers,1,7,0,Pass Incomplete,1st & 10 at CHI 34,"04:55 4th No Huddle, Shotgun",— B.Young pass incomplete short left.
2026,WEEK 1,Sunday,September 13th,CHI,CAR,4th Quarter,3,Carolina Panthers,1,8,0,15 Yard Pass,2nd & 10 at CHI 34,04:50 4th Shotgun,— B.Young pass short right to T.McMillan ran ob at CHI 19 for 15 yards.
2026,WEEK 1,Sunday,September 13th,CHI,CAR,4th Quarter,3,Carolina Panthers,1,9,0,18 Yard Pass,1st & 10 at CHI 19,04:42 4th Shotgun,— B.Young pass short left to T.McMillan pushed ob at CHI 1 for 18 yards (M.Muhammad) [D.Bush].
2026,WEEK 1,Sunday,September 13th,CHI,CAR,4th Quarter,3,Carolina Panthers,1,10,0,-10 Yard Penalty,1st & 1 at CHI 1,04:38 4th Shotgun,"— B.Young pass short left to M.Evans for 1 yard, TOUCHDOWN NULLIFIED by Penalty. PENALTY on CAR-J.Coker, Offensive Pass Interference, 10 yards, enforced at CHI 1 - No Play."
2026,WEEK 1,Sunday,September 13th,CHI,CAR,4th Quarter,3,Carolina Panthers,1,11,0,3 Yard Run,1st & 11 at CHI 11,04:35 4th Shotgun,— B.Young scrambles up the middle to CHI 8 for 3 yards (J.Lynch).
2026,WEEK 1,Sunday,September 13th,CHI,CAR,4th Quarter,3,Carolina Panthers,1,12,1,Touchdown,2nd & 8 at CHI 8,"04:05 4th No Huddle, Shotgun","— B.Young pass short left to J.Coker for 8 yards, TOUCHDOWN."
2026,WEEK 1,Sunday,September 13th,CHI,CAR,4th Quarter,3,Carolina Panthers,1,13,0,Extra Point No Good,,04:00 4th,"— R.Fitzgerald extra point is Blocked (D.Odeyingbo), Center-J.Jansen, Holder-S.Martin."
2026,WEEK 1,Sunday,September 13th,CHI,CAR,4th Quarter,4,Chicago Bears,1,1,0,Kickoff from CAR 35,,Kickoff,— S.Martin kicks onside 14 yards from CAR 35 to CAR 49. R.Odunze (didn't try to advance) to CAR 49 for no gain.
2026,WEEK 1,Sunday,September 13th,CHI,CAR,4th Quarter,4,Chicago Bears,1,2,0,4 Yard Run,1st & 10 at CAR 49,03:59 4th,— K.Monangai right guard to CAR 45 for 4 yards (L.Hunter).
2026,WEEK 1,Sunday,September 13th,CHI,CAR,4th Quarter,4,Chicago Bears,1,3,0,Timeout,,03:55 4th,— Timeout #1 by CAR at 03:55.
2026,WEEK 1,Sunday,September 13th,CHI,CAR,4th Quarter,4,Chicago Bears,1,4,0,3 Yard Run,2nd & 6 at CAR 45,03:55 4th,— K.Monangai right tackle to CAR 42 for 3 yards (N.Scott).
2026,WEEK 1,Sunday,September 13th,CHI,CAR,4th Quarter,4,Chicago Bears,1,5,0,Timeout,,03:52 4th,— Timeout #2 by CAR at 03:52.
2026,WEEK 1,Sunday,September 13th,CHI,CAR,4th Quarter,4,Chicago Bears,1,6,0,5 Yard Penalty,3rd & 3 at CAR 42,03:52 4th,"— PENALTY on CAR-T.Gipson, Neutral Zone Infraction, 5 yards, enforced at CAR 42 - No Play."
2026,WEEK 1,Sunday,September 13th,CHI,CAR,4th Quarter,4,Chicago Bears,1,7,0,9 Yard Run,1st & 10 at CAR 37,03:52 4th,— K.Monangai left tackle to CAR 28 for 9 yards (J.Moon).
2026,WEEK 1,Sunday,September 13th,CHI,CAR,4th Quarter,4,Chicago Bears,1,8,0,Timeout,,03:47 4th,— Timeout #3 by CAR at 03:47.
2026,WEEK 1,Sunday,September 13th,CHI,CAR,4th Quarter,4,Chicago Bears,1,9,1,Touchdown,2nd & 1 at CAR 28,03:47 4th,"— D.Swift right guard for 28 yards, TOUCHDOWN."
2026,WEEK 1,Sunday,September 13th,CHI,CAR,4th Quarter,4,Chicago Bears,1,10,1,Extra Point,,03:40 4th,"— C.Santos extra point is GOOD, Center-B.Gardner, Holder-T.Taylor."
2026,WEEK 1,Sunday,September 13th,CHI,CAR,4th Quarter,5,Carolina Panthers,0,1,0,Kickoff from CHI 35,,Kickoff,"— C.Santos kicks 65 yards from CHI 35 to landing zone to end zone, Touchback to the CAR 20."
2026,WEEK 1,Sunday,September 13th,CHI,CAR,4th Quarter,5,Carolina Panthers,0,2,0,7 Yard Run,1st & 10 at CAR 20,03:40 4th Shotgun,— A.Dillon up the middle to CAR 27 for 7 yards (T.Stevenson; A.Booker).
2026,WEEK 1,Sunday,September 13th,CHI,CAR,4th Quarter,5,Carolina Panthers,0,3,0,11 Yard Run,2nd & 3 at CAR 27,03:03 4th,— A.Dillon left tackle to CAR 38 for 11 yards (D.Bush; D.Thieneman).
2026,WEEK 1,Sunday,September 13th,CHI,CAR,4th Quarter,5,Carolina Panthers,0,4,0,6 Yard Run,1st & 10 at CAR 38,02:24 4th Shotgun,— A.Dillon left end to CAR 44 for 6 yards (D.Bush; T.Stevenson).
2026,WEEK 1,Sunday,September 13th,CHI,CAR,4th Quarter,5,Carolina Panthers,0,5,0,Pass Incomplete,2nd & 4 at CAR 44,02:00 4th Shotgun,— K.Pickett pass incomplete short left to Ji.Horn.
2026,WEEK 1,Sunday,September 13th,CHI,CAR,4th Quarter,5,Carolina Panthers,0,6,0,24 Yard Run,3rd & 4 at CAR 44,01:57 4th Shotgun,— K.Pickett scrambles right end to CHI 32 for 24 yards (D.Thieneman).
2026,WEEK 1,Sunday,September 13th,CHI,CAR,4th Quarter,5,Carolina Panthers,0,7,0,4 Yard Run,1st & 10 at CHI 32,01:12 4th,— A.Dillon up the middle to CHI 28 for 4 yards (D.Jackson; T.Edwards).
2026,WEEK 1,Sunday,September 13th,CHI,CAR,4th Quarter,5,Carolina Panthers,0,8,0,0 Yard Run,2nd & 6 at CHI 28,00:34 4th,— A.Dillon up the middle to CHI 28 for no gain (J.Lynch; D.Bush).
2026,WEEK 1,Sunday,September 13th,TB,CIN,1st Quarter,1,Tampa Bay Buccaneers,1,1,0,Kickoff from CIN 35,,Kickoff,— E.McPherson kicks 60 yards from CIN 35 to TB 5. K.Johnson pushed ob at TB 28 for 23 yards (J.Battle).
2026,WEEK 1,Sunday,September 13th,TB,CIN,1st Quarter,1,Tampa Bay Buccaneers,1,2,0,9 Yard Run,1st & 10 at TB 28,14:56 1st,— B.Irving right tackle to TB 37 for 9 yards (D.Turner).
2026,WEEK 1,Sunday,September 13th,TB,CIN,1st Quarter,1,Tampa Bay Buccaneers,1,3,0,Pass Incomplete,2nd & 1 at TB 37,14:30 1st No Huddle,— B.Mayfield pass incomplete deep left to E.Egbuka (J.Davis).
2026,WEEK 1,Sunday,September 13th,TB,CIN,1st Quarter,1,Tampa Bay Buccaneers,1,4,0,Timeout,,14:23 1st,— Timeout #1 by TB at 14:23.
2026,WEEK 1,Sunday,September 13th,TB,CIN,1st Quarter,1,Tampa Bay Buccaneers,1,5,0,17 Yard Pass,3rd & 1 at TB 37,14:23 1st,— B.Mayfield pass short left to E.Egbuka to CIN 46 for 17 yards (D.Turner).
2026,WEEK 1,Sunday,September 13th,TB,CIN,1st Quarter,1,Tampa Bay Buccaneers,1,6,0,5 Yard Penalty,1st & 10 at CIN 46,13:35 1st,"— B.Mayfield pass incomplete short left to B.Irving. PENALTY on CIN-B.Hill, Defensive Offside, 5 yards, enforced at CIN 46 - No Play."
2026,WEEK 1,Sunday,September 13th,TB,CIN,1st Quarter,1,Tampa Bay Buccaneers,1,7,0,9 Yard Run,1st & 5 at CIN 41,13:31 1st Shotgun,— B.Irving left guard to CIN 32 for 9 yards (B.Cook; D.Knight).
2026,WEEK 1,Sunday,September 13th,TB,CIN,1st Quarter,1,Tampa Bay Buccaneers,1,8,0,-4 Yard Run,1st & 10 at CIN 32,12:50 1st,— T.Johnson right end to CIN 36 for -4 yards (J.Davis).
2026,WEEK 1,Sunday,September 13th,TB,CIN,1st Quarter,1,Tampa Bay Buccaneers,1,9,0,10 Yard Pass,2nd & 14 at CIN 36,12:08 1st Shotgun,— B.Mayfield pass short left to E.Egbuka to CIN 26 for 10 yards (B.Carter; J.Davis).
2026,WEEK 1,Sunday,September 13th,TB,CIN,1st Quarter,1,Tampa Bay Buccaneers,1,10,0,5 Yard Pass,3rd & 4 at CIN 26,11:22 1st Shotgun,— B.Mayfield pass short right to C.Godwin to CIN 21 for 5 yards (B.Cook).
2026,WEEK 1,Sunday,September 13th,TB,CIN,1st Quarter,1,Tampa Bay Buccaneers,1,11,0,2 Yard Run,1st & 10 at CIN 21,10:37 1st,— K.Gainwell right guard to CIN 19 for 2 yards (D.Knight).
2026,WEEK 1,Sunday,September 13th,TB,CIN,1st Quarter,1,Tampa Bay Buccaneers,1,12,0,3 Yard Run,2nd & 8 at CIN 19,09:57 1st Shotgun,— B.Irving right guard to CIN 16 for 3 yards (M.Murphy).
2026,WEEK 1,Sunday,September 13th,TB,CIN,1st Quarter,1,Tampa Bay Buccaneers,1,13,0,Pass Incomplete,3rd & 5 at CIN 16,09:19 1st Shotgun,— B.Mayfield pass incomplete short left [M.Murphy].
2026,WEEK 1,Sunday,September 13th,TB,CIN,1st Quarter,1,Tampa Bay Buccaneers,1,14,1,Field Goal,4th & 5 at CIN 16,09:12 1st,"— C.McLaughlin 34 yard field goal is GOOD, Center-E.Deckers, Holder-R.Dixon."
2026,WEEK 1,Sunday,September 13th,TB,CIN,1st Quarter,2,Cincinnati Bengals,0,1,0,Kickoff from TB 35,,Kickoff,— C.McLaughlin kicks 60 yards from TB 35 to CIN 5. D.Meyers to CIN 26 for 21 yards (S.Dennis).
2026,WEEK 1,Sunday,September 13th,TB,CIN,1st Quarter,2,Cincinnati Bengals,0,2,0,3 Yard Run,1st & 10 at CIN 26,09:03 1st,— C.Brown right guard to CIN 29 for 3 yards (J.Parrish).
2026,WEEK 1,Sunday,September 13th,TB,CIN,1st Quarter,2,Cincinnati Bengals,0,3,0,1 Yard Pass,2nd & 7 at CIN 29,08:34 1st Shotgun,— J.Burrow pass short right to C.Brown to CIN 30 for 1 yard (Z.McCollum).
2026,WEEK 1,Sunday,September 13th,TB,CIN,1st Quarter,2,Cincinnati Bengals,0,4,0,Pass Incomplete,3rd & 6 at CIN 30,07:53 1st Shotgun,— J.Burrow pass incomplete short right to J.Chase (Z.McCollum).
2026,WEEK 1,Sunday,September 13th,TB,CIN,1st Quarter,2,Cincinnati Bengals,0,5,0,Punt,4th & 6 at CIN 30,07:49 1st,"— R.Rehkow punts 51 yards to TB 19, Center-W.Wagner. T.Johnson pushed ob at TB 32 for 13 yards (S.Bozeman)."
2026,WEEK 1,Sunday,September 13th,TB,CIN,1st Quarter,3,Cincinnati Bengals,1,1,0,0 Yard Run,1st & 10 at TB 32,07:38 1st,— B.Irving left tackle to TB 32 for no gain (T.Slaton).
2026,WEEK 1,Sunday,September 13th,TB,CIN,1st Quarter,3,Cincinnati Bengals,1,2,0,1 Yard Pass,2nd & 10 at TB 32,06:58 1st Shotgun,— B.Mayfield pass short right to B.Irving to TB 33 for 1 yard (J.Davis; B.Carter).
2026,WEEK 1,Sunday,September 13th,TB,CIN,1st Quarter,3,Cincinnati Bengals,1,3,1,Touchdown,3rd & 9 at TB 33,06:29 1st No Huddle,"— B.Mayfield sacked at TB 25 for -8 yards (sack split by M.Murphy and B.Carter). FUMBLES (M.Murphy) [B.Carter], touched at TB 26, RECOVERED by CIN-D.Knight at TB 27. D.Knight for 27 yards, TOUCHDOWN."
2026,WEEK 1,Sunday,September 13th,TB,CIN,1st Quarter,4,Tampa Bay Buccaneers,0,1,0,Kickoff from CIN 35,,Kickoff,— E.McPherson kicks 65 yards from CIN 35 to TB 0. K.Johnson to TB 29 for 29 yards (J.Battle; S.Bozeman).
2026,WEEK 1,Sunday,September 13th,TB,CIN,1st Quarter,4,Tampa Bay Buccaneers,0,2,0,-4 Yard Sack,1st & 10 at TB 29,06:12 1st Shotgun,"— B.Mayfield sacked at TB 25 for -4 yards (K.Jenkins). Penalty on TB-C.Mauch, Offensive Holding, declined."
2026,WEEK 1,Sunday,September 13th,TB,CIN,1st Quarter,4,Tampa Bay Buccaneers,0,3,0,Pass Incomplete,2nd & 14 at TB 25,05:41 1st Shotgun,— B.Mayfield pass incomplete short middle to C.Otton.
2026,WEEK 1,Sunday,September 13th,TB,CIN,1st Quarter,4,Tampa Bay Buccaneers,0,4,0,Fumble,3rd & 14 at TB 25,05:38 1st Shotgun,"— B.Mayfield pass short right to B.Irving to TB 32 for 7 yards (B.Cook) [D.Lawrence]. FUMBLES (B.Cook), RECOVERED by CIN-B.Mafe at TB 33."
2026,WEEK 1,Sunday,September 13th,TB,CIN,1st Quarter,5,Cincinnati Bengals,1,1,0,12 Yard Pass,1st & 10 at TB 33,05:22 1st Shotgun,— J.Burrow pass short right to A.Iosivas to TB 21 for 12 yards (Z.McCollum).
2026,WEEK 1,Sunday,September 13th,TB,CIN,1st Quarter,5,Cincinnati Bengals,1,2,0,4 Yard Run,1st & 10 at TB 21,04:43 1st,— C.Brown up the middle to TB 17 for 4 yards (A.Robinson).
2026,WEEK 1,Sunday,September 13th,TB,CIN,1st Quarter,5,Cincinnati Bengals,1,3,0,Pass Incomplete,2nd & 6 at TB 17,04:04 1st Shotgun,— J.Burrow pass incomplete short left to J.Chase (J.Parrish).
2026,WEEK 1,Sunday,September 13th,TB,CIN,1st Quarter,5,Cincinnati Bengals,1,4,0,6 Yard Run,3rd & 6 at TB 17,04:00 1st Shotgun,— J.Burrow scrambles left end pushed ob at TB 11 for 6 yards (A.Anzalone).
2026,WEEK 1,Sunday,September 13th,TB,CIN,1st Quarter,5,Cincinnati Bengals,1,5,0,8 Yard Run,1st & 10 at TB 11,03:19 1st,— C.Brown up the middle to TB 3 for 8 yards (A.Winfield).
2026,WEEK 1,Sunday,September 13th,TB,CIN,1st Quarter,5,Cincinnati Bengals,1,6,0,1 Yard Run,2nd & 2 at TB 3,02:35 1st Shotgun,— C.Brown left guard to TB 2 for 1 yard (A.Anzalone; A.Nelson).
2026,WEEK 1,Sunday,September 13th,TB,CIN,1st Quarter,5,Cincinnati Bengals,1,7,1,Touchdown,3rd & 1 at TB 2,01:51 1st Shotgun,"— J.Burrow pass short left to M.Gesicki for 2 yards, TOUCHDOWN."
2026,WEEK 1,Sunday,September 13th,TB,CIN,1st Quarter,5,Cincinnati Bengals,1,8,1,Extra Point,,01:48 1st,"— E.McPherson extra point is GOOD, Center-W.Wagner, Holder-R.Rehkow."
2026,WEEK 1,Sunday,September 13th,TB,CIN,2nd Quarter,1,Tampa Bay Buccaneers,0,1,0,Kickoff from CIN 35,,Kickoff,— E.McPherson kicks 63 yards from CIN 35 to TB 2. K.Johnson to TB 34 for 32 yards (J.Battle; C.Johnson).
2026,WEEK 1,Sunday,September 13th,TB,CIN,2nd Quarter,1,Tampa Bay Buccaneers,0,2,0,4 Yard Pass,1st & 10 at TB 34,01:42 1st Shotgun,— B.Mayfield pass short left to C.Godwin pushed ob at TB 38 for 4 yards (D.Turner).
2026,WEEK 1,Sunday,September 13th,TB,CIN,2nd Quarter,1,Tampa Bay Buccaneers,0,3,0,7 Yard Run,2nd & 6 at TB 38,01:03 1st,— K.Gainwell right tackle to TB 45 for 7 yards (D.Knight).
2026,WEEK 1,Sunday,September 13th,TB,CIN,2nd Quarter,1,Tampa Bay Buccaneers,0,4,0,13 Yard Pass,1st & 10 at TB 45,00:28 1st,— B.Mayfield pass short right to C.Otton to CIN 42 for 13 yards (J.Allen).
2026,WEEK 1,Sunday,September 13th,TB,CIN,2nd Quarter,1,Tampa Bay Buccaneers,0,5,0,-5 Yard Penalty,1st & 10 at CIN 42,15:00 2nd,"— PENALTY on TB-C.Otton, False Start, 5 yards, enforced at CIN 42 - No Play."
2026,WEEK 1,Sunday,September 13th,TB,CIN,2nd Quarter,1,Tampa Bay Buccaneers,0,6,0,3 Yard Pass,1st & 15 at CIN 47,15:00 2nd Shotgun,— B.Mayfield pass short right to K.Gainwell to CIN 44 for 3 yards (B.Carter).
2026,WEEK 1,Sunday,September 13th,TB,CIN,2nd Quarter,1,Tampa Bay Buccaneers,0,7,0,12 Yard Pass,2nd & 12 at CIN 44,14:14 2nd Shotgun,— B.Mayfield pass short right to E.Egbuka to CIN 32 for 12 yards (D.Turner; D.Knight).
2026,WEEK 1,Sunday,September 13th,TB,CIN,2nd Quarter,1,Tampa Bay Buccaneers,0,8,0,3 Yard Run,1st & 10 at CIN 32,13:33 2nd,— C.Godwin left end to CIN 29 for 3 yards (B.Carter).
2026,WEEK 1,Sunday,September 13th,TB,CIN,2nd Quarter,1,Tampa Bay Buccaneers,0,9,0,12 Yard Penalty,2nd & 7 at CIN 29,12:52 2nd,"— B.Mayfield pass short left intended for E.Egbuka INTERCEPTED by T.Davis at CIN 16. T.Davis ran ob at CIN 20 for 4 yards (E.Egbuka). PENALTY on CIN-T.Davis, Defensive Pass Interference, 12 yards, enforced at CIN 29 - No Play."
2026,WEEK 1,Sunday,September 13th,TB,CIN,2nd Quarter,1,Tampa Bay Buccaneers,0,10,0,5 Yard Penalty,1st & 10 at CIN 17,12:46 2nd,"— B.Irving left tackle to CIN 12 for 5 yards (C.Johnson; D.Hill). PENALTY on CIN-J.Allen, Defensive Offside, 5 yards, enforced at CIN 17 - No Play."
2026,WEEK 1,Sunday,September 13th,TB,CIN,2nd Quarter,1,Tampa Bay Buccaneers,0,11,0,Fumble,1st & 5 at CIN 12,12:15 2nd Shotgun,"— B.Mayfield scrambles up the middle to CIN 4 for 8 yards (B.Carter). FUMBLES (B.Carter), RECOVERED by CIN-B.Cook at CIN -3. Touchback."
2026,WEEK 1,Sunday,September 13th,TB,CIN,2nd Quarter,2,Cincinnati Bengals,1,1,0,Pass Incomplete,1st & 10 at CIN 20,12:04 2nd,— J.Burrow pass incomplete deep middle to T.Higgins [A.Robinson].
2026,WEEK 1,Sunday,September 13th,TB,CIN,2nd Quarter,2,Cincinnati Bengals,1,2,0,3 Yard Run,2nd & 10 at CIN 20,11:58 2nd Shotgun,— S.Perine up the middle to CIN 23 for 3 yards (A.Robinson; A.Anzalone).
2026,WEEK 1,Sunday,September 13th,TB,CIN,2nd Quarter,2,Cincinnati Bengals,1,3,0,9 Yard Pass,3rd & 7 at CIN 23,11:17 2nd Shotgun,— J.Burrow pass short right to S.Perine to CIN 32 for 9 yards (K.Scott).
2026,WEEK 1,Sunday,September 13th,TB,CIN,2nd Quarter,2,Cincinnati Bengals,1,4,0,9 Yard Pass,1st & 10 at CIN 32,10:37 2nd Shotgun,— J.Burrow pass short right to C.Brown to CIN 41 for 9 yards (T.Smith; J.Trotter).
2026,WEEK 1,Sunday,September 13th,TB,CIN,2nd Quarter,2,Cincinnati Bengals,1,5,0,4 Yard Run,2nd & 1 at CIN 41,09:48 2nd,— C.Brown right guard to CIN 45 for 4 yards (R.Bain).
2026,WEEK 1,Sunday,September 13th,TB,CIN,2nd Quarter,2,Cincinnati Bengals,1,6,0,16 Yard Pass,1st & 10 at CIN 45,09:10 2nd,— J.Burrow pass deep left to J.Chase pushed ob at TB 39 for 16 yards (K.Scott).
2026,WEEK 1,Sunday,September 13th,TB,CIN,2nd Quarter,2,Cincinnati Bengals,1,7,0,2 Yard Pass,1st & 10 at TB 39,08:36 2nd,— J.Burrow pass short left to D.Sample to TB 37 for 2 yards (A.Robinson).
2026,WEEK 1,Sunday,September 13th,TB,CIN,2nd Quarter,2,Cincinnati Bengals,1,8,0,7 Yard Pass,2nd & 8 at TB 37,07:55 2nd Shotgun,— J.Burrow pass short middle to S.Perine to TB 30 for 7 yards (J.Trotter; A.Winfield).
2026,WEEK 1,Sunday,September 13th,TB,CIN,2nd Quarter,2,Cincinnati Bengals,1,9,0,2 Yard Run,3rd & 1 at TB 30,07:16 2nd,— J.Burrow up the middle to TB 28 for 2 yards (A.Nelson).
2026,WEEK 1,Sunday,September 13th,TB,CIN,2nd Quarter,2,Cincinnati Bengals,1,10,0,12 Yard Pass,1st & 10 at TB 28,06:39 2nd Shotgun,— J.Burrow pass short left to T.Higgins to TB 16 for 12 yards (J.Parrish). TB-J.Parrish was injured during the play.
2026,WEEK 1,Sunday,September 13th,TB,CIN,2nd Quarter,2,Cincinnati Bengals,1,11,0,11 Yard Pass,1st & 10 at TB 16,06:09 2nd,— J.Burrow pass short right to D.Sample pushed ob at TB 5 for 11 yards (Z.McCollum).
2026,WEEK 1,Sunday,September 13th,TB,CIN,2nd Quarter,2,Cincinnati Bengals,1,12,1,Touchdown,1st & 5 at TB 5,05:35 2nd,"— C.Brown up the middle for 5 yards, TOUCHDOWN."
2026,WEEK 1,Sunday,September 13th,TB,CIN,2nd Quarter,2,Cincinnati Bengals,1,13,1,Extra Point,,05:32 2nd,"— E.McPherson extra point is GOOD, Center-W.Wagner, Holder-R.Rehkow."
2026,WEEK 1,Sunday,September 13th,TB,CIN,2nd Quarter,3,Tampa Bay Buccaneers,1,1,0,Kickoff from CIN 35,,Kickoff,— E.McPherson kicks 62 yards from CIN 35 to TB 3. K.Gainwell to TB 25 for 22 yards (S.Perine).
2026,WEEK 1,Sunday,September 13th,TB,CIN,2nd Quarter,3,Tampa Bay Buccaneers,1,2,0,-4 Yard Pass,1st & 10 at TB 25,05:26 2nd,— B.Mayfield pass short right to B.Irving to TB 21 for -4 yards (B.Carter).
2026,WEEK 1,Sunday,September 13th,TB,CIN,2nd Quarter,3,Tampa Bay Buccaneers,1,3,0,11 Yard Pass,2nd & 14 at TB 21,04:43 2nd Shotgun,— B.Mayfield pass short middle to E.Egbuka to TB 32 for 11 yards (J.Battle).
2026,WEEK 1,Sunday,September 13th,TB,CIN,2nd Quarter,3,Tampa Bay Buccaneers,1,4,0,30 Yard Pass,3rd & 3 at TB 32,03:56 2nd Shotgun,— B.Mayfield pass short middle to C.Godwin to CIN 38 for 30 yards (D.Knight).
2026,WEEK 1,Sunday,September 13th,TB,CIN,2nd Quarter,3,Tampa Bay Buccaneers,1,5,0,5 Yard Penalty,1st & 10 at CIN 38,03:11 2nd,"— B.Irving left end to CIN 40 for -2 yards (J.Davis, B.Mafe). PENALTY on CIN-T.Slaton, Defensive Offside, 5 yards, enforced at CIN 38 - No Play."
2026,WEEK 1,Sunday,September 13th,TB,CIN,2nd Quarter,3,Tampa Bay Buccaneers,1,6,0,13 Yard Pass,1st & 5 at CIN 33,02:42 2nd Shotgun,— B.Mayfield pass short middle to E.Egbuka to CIN 20 for 13 yards (J.Battle).
2026,WEEK 1,Sunday,September 13th,TB,CIN,2nd Quarter,3,Tampa Bay Buccaneers,1,7,0,10 Yard Pass,1st & 10 at CIN 20,02:00 2nd,— B.Mayfield pass short right to C.Otton pushed ob at CIN 10 for 10 yards (J.Battle).
2026,WEEK 1,Sunday,September 13th,TB,CIN,2nd Quarter,3,Tampa Bay Buccaneers,1,8,1,Touchdown,1st & 10 at CIN 10,01:54 2nd,"— B.Irving left end for 10 yards, TOUCHDOWN."
2026,WEEK 1,Sunday,September 13th,TB,CIN,2nd Quarter,3,Tampa Bay Buccaneers,1,9,1,Extra Point,,01:49 2nd,"— C.McLaughlin extra point is GOOD, Center-E.Deckers, Holder-R.Dixon."
2026,WEEK 1,Sunday,September 13th,TB,CIN,2nd Quarter,4,Cincinnati Bengals,1,1,0,Kickoff from TB 35,,Kickoff,— C.McLaughlin kicks 61 yards from TB 35 to CIN 4. D.Meyers to CIN 28 for 24 yards (D.Walker).
2026,WEEK 1,Sunday,September 13th,TB,CIN,2nd Quarter,4,Cincinnati Bengals,1,2,0,Pass Incomplete,1st & 10 at CIN 28,01:45 2nd Shotgun,— J.Burrow pass incomplete short left to M.Gesicki (T.Smith).
2026,WEEK 1,Sunday,September 13th,TB,CIN,2nd Quarter,4,Cincinnati Bengals,1,3,0,16 Yard Pass,2nd & 10 at CIN 28,01:42 2nd Shotgun,— J.Burrow pass short right to M.Gesicki to CIN 44 for 16 yards (J.Trotter; A.Anzalone).
2026,WEEK 1,Sunday,September 13th,TB,CIN,2nd Quarter,4,Cincinnati Bengals,1,4,0,Pass Incomplete,1st & 10 at CIN 44,"01:14 2nd No Huddle, Shotgun",— J.Burrow pass incomplete short left to C.Brown.
2026,WEEK 1,Sunday,September 13th,TB,CIN,2nd Quarter,4,Cincinnati Bengals,1,5,0,11 Yard Pass,2nd & 10 at CIN 44,01:11 2nd Shotgun,— J.Burrow pass short right to M.Gesicki to TB 45 for 11 yards (J.Trotter).
2026,WEEK 1,Sunday,September 13th,TB,CIN,2nd Quarter,4,Cincinnati Bengals,1,6,0,25 Yard Pass,1st & 10 at TB 45,"00:51 2nd No Huddle, Shotgun",— J.Burrow pass short right to M.Gesicki to TB 20 for 25 yards (Z.McCollum).
2026,WEEK 1,Sunday,September 13th,TB,CIN,2nd Quarter,4,Cincinnati Bengals,1,7,0,Timeout,,00:43 2nd,— Timeout #1 by CIN at 00:43.
2026,WEEK 1,Sunday,September 13th,TB,CIN,2nd Quarter,4,Cincinnati Bengals,1,8,0,16 Yard Run,1st & 10 at TB 20,00:43 2nd Shotgun,"— J.Burrow up the middle to TB 8 for 12 yards (A.Winfield). PENALTY on TB-T.Smith, Unnecessary Roughness, 4 yards, enforced at TB 8."
2026,WEEK 1,Sunday,September 13th,TB,CIN,2nd Quarter,4,Cincinnati Bengals,1,9,0,2 Yard Run,1st & 4 at TB 4,00:35 2nd Shotgun,— C.Brown right guard to TB 2 for 2 yards (J.Trotter; R.Nunez-Roches).
2026,WEEK 1,Sunday,September 13th,TB,CIN,2nd Quarter,4,Cincinnati Bengals,1,10,0,Timeout,,00:24 2nd,— Timeout #2 by CIN at 00:24.
2026,WEEK 1,Sunday,September 13th,TB,CIN,2nd Quarter,4,Cincinnati Bengals,1,11,0,Pass Incomplete,2nd & 2 at TB 2,00:24 2nd Shotgun,— J.Burrow pass incomplete short left to M.Gesicki [A.Muhammad].
2026,WEEK 1,Sunday,September 13th,TB,CIN,2nd Quarter,4,Cincinnati Bengals,1,12,0,0 Yard Pass,3rd & 2 at TB 2,00:21 2nd Shotgun,— J.Burrow pass short left to A.Iosivas to TB 2 for no gain (B.Morrison).
2026,WEEK 1,Sunday,September 13th,TB,CIN,2nd Quarter,4,Cincinnati Bengals,1,13,0,Timeout,,00:10 2nd,— Timeout #3 by CIN at 00:10.
2026,WEEK 1,Sunday,September 13th,TB,CIN,2nd Quarter,4,Cincinnati Bengals,1,14,1,Field Goal,4th & 2 at TB 2,00:10 2nd,"— E.McPherson 20 yard field goal is GOOD, Center-W.Wagner, Holder-R.Rehkow."
2026,WEEK 1,Sunday,September 13th,TB,CIN,2nd Quarter,5,Tampa Bay Buccaneers,0,1,0,Kickoff from CIN 35,,Kickoff,"— E.McPherson kicks 65 yards from CIN 35 to end zone, Touchback to the TB 35."
2026,WEEK 1,Sunday,September 13th,TB,CIN,2nd Quarter,5,Tampa Bay Buccaneers,0,2,0,-1 Yard Run,1st & 10 at TB 35,00:06 2nd,— B.Mayfield kneels to TB 34 for -1 yards.
2026,WEEK 1,Sunday,September 13th,TB,CIN,3rd Quarter,1,Cincinnati Bengals,1,1,0,Kickoff from TB 35,,Kickoff,"— C.McLaughlin kicks 63 yards from TB 35 to CIN 2. T.Brooks MUFFS catch, and recovers at CIN 1. T.Brooks to CIN 27 for 26 yards (K.Knowles)."
2026,WEEK 1,Sunday,September 13th,TB,CIN,3rd Quarter,1,Cincinnati Bengals,1,2,0,4 Yard Run,1st & 10 at CIN 27,14:53 3rd,— C.Brown up the middle to CIN 31 for 4 yards (J.Trotter; A.Robinson).
2026,WEEK 1,Sunday,September 13th,TB,CIN,3rd Quarter,1,Cincinnati Bengals,1,3,0,-4 Yard Pass,2nd & 6 at CIN 31,14:16 3rd Shotgun,— J.Burrow pass short left to J.Chase to CIN 27 for -4 yards (B.Morrison).
2026,WEEK 1,Sunday,September 13th,TB,CIN,3rd Quarter,1,Cincinnati Bengals,1,4,0,29 Yard Pass,3rd & 10 at CIN 27,13:37 3rd Shotgun,— J.Burrow pass short middle to T.Higgins pushed ob at TB 44 for 29 yards (A.Winfield) [A.Muhammad].
2026,WEEK 1,Sunday,September 13th,TB,CIN,3rd Quarter,1,Cincinnati Bengals,1,5,0,Timeout,,12:55 3rd,— Timeout #1 by CIN at 12:55.
2026,WEEK 1,Sunday,September 13th,TB,CIN,3rd Quarter,1,Cincinnati Bengals,1,6,0,13 Yard Run,1st & 10 at TB 44,12:55 3rd Shotgun,— C.Brown right end pushed ob at TB 31 for 13 yards (T.Smith).
2026,WEEK 1,Sunday,September 13th,TB,CIN,3rd Quarter,1,Cincinnati Bengals,1,7,0,-1 Yard Run,1st & 10 at TB 31,12:16 3rd Shotgun,— C.Brown right end pushed ob at TB 32 for -1 yards (Z.McCollum).
2026,WEEK 1,Sunday,September 13th,TB,CIN,3rd Quarter,1,Cincinnati Bengals,1,8,0,4 Yard Pass,2nd & 11 at TB 32,11:37 3rd Shotgun,— J.Burrow pass short right to T.Hudson to TB 28 for 4 yards (Z.McCollum).
2026,WEEK 1,Sunday,September 13th,TB,CIN,3rd Quarter,1,Cincinnati Bengals,1,9,0,-9 Yard Sack,3rd & 7 at TB 28,10:55 3rd Shotgun,— J.Burrow sacked at TB 37 for -9 yards (J.Trotter).
2026,WEEK 1,Sunday,September 13th,TB,CIN,3rd Quarter,1,Cincinnati Bengals,1,10,1,Field Goal,4th & 16 at TB 37,10:08 3rd,"— E.McPherson 55 yard field goal is GOOD, Center-W.Wagner, Holder-R.Rehkow."
2026,WEEK 1,Sunday,September 13th,TB,CIN,3rd Quarter,2,Tampa Bay Buccaneers,1,1,0,Kickoff from CIN 35,,Kickoff,— E.McPherson kicks 63 yards from CIN 35 to TB 2. K.Johnson to TB 29 for 27 yards (S.Perine; J.Giles-Harris).
2026,WEEK 1,Sunday,September 13th,TB,CIN,3rd Quarter,2,Tampa Bay Buccaneers,1,2,0,1 Yard Run,1st & 10 at TB 29,09:57 3rd,— B.Irving right guard to TB 30 for 1 yard (J.Battle; J.Allen).
2026,WEEK 1,Sunday,September 13th,TB,CIN,3rd Quarter,2,Tampa Bay Buccaneers,1,3,0,6 Yard Run,2nd & 9 at TB 30,09:13 3rd Shotgun,— B.Mayfield scrambles right end ran ob at TB 36 for 6 yards (D.Hill).
2026,WEEK 1,Sunday,September 13th,TB,CIN,3rd Quarter,2,Tampa Bay Buccaneers,1,4,0,22 Yard Pass,3rd & 3 at TB 36,08:34 3rd Shotgun,— B.Mayfield pass short left to B.Irving pushed ob at CIN 42 for 22 yards (B.Cook).
2026,WEEK 1,Sunday,September 13th,TB,CIN,3rd Quarter,2,Tampa Bay Buccaneers,1,5,0,7 Yard Pass,1st & 10 at CIN 42,07:58 3rd,— B.Mayfield pass short left to B.Irving to CIN 35 for 7 yards (D.Hill).
2026,WEEK 1,Sunday,September 13th,TB,CIN,3rd Quarter,2,Tampa Bay Buccaneers,1,6,0,2 Yard Run,2nd & 3 at CIN 35,07:16 3rd,— K.Gainwell left guard to CIN 33 for 2 yards (D.Hill).
2026,WEEK 1,Sunday,September 13th,TB,CIN,3rd Quarter,2,Tampa Bay Buccaneers,1,7,0,0 Yard Run,3rd & 1 at CIN 33,06:32 3rd,— K.Gainwell left tackle to CIN 33 for no gain (D.Hill).
2026,WEEK 1,Sunday,September 13th,TB,CIN,3rd Quarter,2,Tampa Bay Buccaneers,1,8,0,5 Yard Penalty,4th & 1 at CIN 33,05:46 3rd,"— B.Mayfield pass short right to K.Gainwell pushed ob at CIN 28 for 5 yards (D.Turner). PENALTY on CIN-J.Allen, Defensive Offside, 5 yards, enforced at CIN 33 - No Play."
2026,WEEK 1,Sunday,September 13th,TB,CIN,3rd Quarter,2,Tampa Bay Buccaneers,1,9,0,4 Yard Run,1st & 10 at CIN 28,05:18 3rd,— K.Gainwell right tackle to CIN 24 for 4 yards (D.Hill).
2026,WEEK 1,Sunday,September 13th,TB,CIN,3rd Quarter,2,Tampa Bay Buccaneers,1,10,0,Pass Incomplete,2nd & 6 at CIN 24,04:34 3rd,— B.Mayfield pass incomplete deep left to C.Otton.
2026,WEEK 1,Sunday,September 13th,TB,CIN,3rd Quarter,2,Tampa Bay Buccaneers,1,11,0,-9 Yard Sack,3rd & 6 at CIN 24,04:29 3rd Shotgun,— B.Mayfield sacked at CIN 33 for -9 yards (J.Allen).
2026,WEEK 1,Sunday,September 13th,TB,CIN,3rd Quarter,2,Tampa Bay Buccaneers,1,12,1,Field Goal,4th & 15 at CIN 33,03:46 3rd,"— C.McLaughlin 51 yard field goal is GOOD, Center-E.Deckers, Holder-R.Dixon."
2026,WEEK 1,Sunday,September 13th,TB,CIN,3rd Quarter,3,Tampa Bay Buccaneers,1,1,0,Kickoff from TB 35,,Kickoff,— C.McLaughlin kicks 61 yards from TB 35 to CIN 4. D.Meyers to CIN 29 for 25 yards (K.Knowles).
2026,WEEK 1,Sunday,September 13th,TB,CIN,3rd Quarter,3,Tampa Bay Buccaneers,1,2,0,1 Yard Pass,1st & 10 at CIN 29,03:34 3rd Shotgun,— J.Burrow pass short left to C.Brown to CIN 30 for 1 yard (B.Morrison).
2026,WEEK 1,Sunday,September 13th,TB,CIN,3rd Quarter,3,Tampa Bay Buccaneers,1,3,0,4 Yard Run,2nd & 9 at CIN 30,03:05 3rd Shotgun,— S.Perine up the middle to CIN 34 for 4 yards (A.Robinson).
2026,WEEK 1,Sunday,September 13th,TB,CIN,3rd Quarter,3,Tampa Bay Buccaneers,1,4,1,Touchdown,3rd & 5 at CIN 34,"02:24 3rd No Huddle, Shotgun","— J.Burrow pass short right intended for A.Iosivas INTERCEPTED by J.Trotter [V.Vea] at CIN 38. J.Trotter for 38 yards, TOUCHDOWN."
2026,WEEK 1,Sunday,September 13th,TB,CIN,4th Quarter,1,Cincinnati Bengals,1,1,0,Kickoff from TB 35,,Kickoff,"— C.McLaughlin kicks 61 yards from TB 35 to CIN 4. D.Meyers to CIN 34 for 30 yards (B.Sharp). PENALTY on CIN-K.Dugger, Illegal Block Above the Waist, 10 yards, enforced at CIN 27."
2026,WEEK 1,Sunday,September 13th,TB,CIN,4th Quarter,1,Cincinnati Bengals,1,2,0,5 Yard Penalty,1st & 10 at CIN 17,02:11 3rd,"— J.Burrow pass short right to D.Sample to CIN 17 for no gain (K.Scott; A.Anzalone). PENALTY on TB-A.Nelson, Defensive Holding, 5 yards, enforced at CIN 17 - No Play."
2026,WEEK 1,Sunday,September 13th,TB,CIN,4th Quarter,1,Cincinnati Bengals,1,3,0,Pass Incomplete,1st & 10 at CIN 22,01:47 3rd,"— J.Burrow pass deep right to T.Higgins to TB 45 for 33 yards (Z.McCollum). Tampa Bay challenged the pass completion ruling, and the play was REVERSED. J.Burrow pass incomplete deep right to T.Higgins (Z.McCollum)."
2026,WEEK 1,Sunday,September 13th,TB,CIN,4th Quarter,1,Cincinnati Bengals,1,4,0,Pass Incomplete,2nd & 10 at CIN 22,01:41 3rd Shotgun,— J.Burrow pass incomplete short left to T.Higgins (B.Morrison).
2026,WEEK 1,Sunday,September 13th,TB,CIN,4th Quarter,1,Cincinnati Bengals,1,5,0,24 Yard Pass,3rd & 10 at CIN 22,01:37 3rd Shotgun,— J.Burrow pass deep left to M.Gesicki to CIN 46 for 24 yards (A.Winfield).
2026,WEEK 1,Sunday,September 13th,TB,CIN,4th Quarter,1,Cincinnati Bengals,1,6,0,10 Yard Run,1st & 10 at CIN 46,00:53 3rd,— D.Meyers left end to TB 44 for 10 yards (A.Winfield).
2026,WEEK 1,Sunday,September 13th,TB,CIN,4th Quarter,1,Cincinnati Bengals,1,7,0,8 Yard Pass,1st & 10 at TB 44,00:16 3rd Shotgun,— J.Burrow pass short left to C.Brown pushed ob at TB 36 for 8 yards (B.Morrison).
2026,WEEK 1,Sunday,September 13th,TB,CIN,4th Quarter,1,Cincinnati Bengals,1,8,0,-4 Yard Run,2nd & 2 at TB 36,15:00 4th Shotgun,— C.Brown left end to TB 40 for -4 yards (Y.Diaby).
2026,WEEK 1,Sunday,September 13th,TB,CIN,4th Quarter,1,Cincinnati Bengals,1,9,0,Timeout,,14:15 4th,— Timeout #2 by CIN at 14:15.
2026,WEEK 1,Sunday,September 13th,TB,CIN,4th Quarter,1,Cincinnati Bengals,1,10,0,Pass Incomplete,3rd & 6 at TB 40,14:15 4th Shotgun,— J.Burrow pass incomplete short right [C.Kancey].
2026,WEEK 1,Sunday,September 13th,TB,CIN,4th Quarter,1,Cincinnati Bengals,1,11,1,Field Goal,4th & 6 at TB 40,14:09 4th,"— E.McPherson 58 yard field goal is GOOD, Center-W.Wagner, Holder-R.Rehkow."
2026,WEEK 1,Sunday,September 13th,TB,CIN,4th Quarter,2,Tampa Bay Buccaneers,0,1,0,Kickoff from CIN 35,,Kickoff,— E.McPherson kicks 64 yards from CIN 35 to TB 1. K.Johnson to TB 27 for 26 yards (T.Davis; O.Burks).
2026,WEEK 1,Sunday,September 13th,TB,CIN,4th Quarter,2,Tampa Bay Buccaneers,0,2,0,4 Yard Pass,1st & 10 at TB 27,13:58 4th,— B.Mayfield pass short left to B.Irving to TB 31 for 4 yards (J.Davis).
2026,WEEK 1,Sunday,September 13th,TB,CIN,4th Quarter,2,Tampa Bay Buccaneers,0,3,0,8 Yard Run,2nd & 6 at TB 31,13:16 4th,— B.Irving left guard to TB 39 for 8 yards (B.Cook).
2026,WEEK 1,Sunday,September 13th,TB,CIN,4th Quarter,2,Tampa Bay Buccaneers,0,4,0,5 Yard Run,1st & 10 at TB 39,12:35 4th,— B.Irving left guard to TB 44 for 5 yards (B.Carter).
2026,WEEK 1,Sunday,September 13th,TB,CIN,4th Quarter,2,Tampa Bay Buccaneers,0,5,0,1 Yard Pass,2nd & 5 at TB 44,12:02 4th,— B.Mayfield pass short right to C.Godwin pushed ob at TB 45 for 1 yard (J.Battle).
2026,WEEK 1,Sunday,September 13th,TB,CIN,4th Quarter,2,Tampa Bay Buccaneers,0,6,0,-5 Yard Penalty,3rd & 4 at TB 45,11:24 4th Shotgun,"— PENALTY on TB-T.Wirfs, False Start, 5 yards, enforced at TB 45 - No Play."
2026,WEEK 1,Sunday,September 13th,TB,CIN,4th Quarter,2,Tampa Bay Buccaneers,0,7,0,11 Yard Pass,3rd & 9 at TB 40,11:24 4th Shotgun,— B.Mayfield pass short left to B.Irving pushed ob at CIN 49 for 11 yards (J.Battle).
2026,WEEK 1,Sunday,September 13th,TB,CIN,4th Quarter,2,Tampa Bay Buccaneers,0,8,0,-5 Yard Penalty,1st & 10 at CIN 49,10:41 4th,"— PENALTY on TB, Delay of Game, 5 yards, enforced at CIN 49 - No Play."
2026,WEEK 1,Sunday,September 13th,TB,CIN,4th Quarter,2,Tampa Bay Buccaneers,0,9,0,Fumble,1st & 15 at TB 46,10:41 4th Shotgun,"— B.Mayfield sacked at TB 39 for -7 yards (B.Mafe). FUMBLES (B.Mafe) [B.Mafe], touched at TB 43, RECOVERED by CIN-T.Slaton at TB 44."
2026,WEEK 1,Sunday,September 13th,TB,CIN,4th Quarter,3,Cincinnati Bengals,1,1,0,6 Yard Pass,1st & 10 at TB 44,10:31 4th Shotgun,— J.Burrow pass short right to D.Sample to TB 38 for 6 yards (T.Smith).
2026,WEEK 1,Sunday,September 13th,TB,CIN,4th Quarter,3,Cincinnati Bengals,1,2,0,2 Yard Run,2nd & 4 at TB 38,09:43 4th Shotgun,— S.Perine left guard to TB 36 for 2 yards (K.Scott).
2026,WEEK 1,Sunday,September 13th,TB,CIN,4th Quarter,3,Cincinnati Bengals,1,3,0,8 Yard Run,3rd & 2 at TB 36,08:58 4th Shotgun,— S.Perine up the middle to TB 28 for 8 yards (A.Anzalone).
2026,WEEK 1,Sunday,September 13th,TB,CIN,4th Quarter,3,Cincinnati Bengals,1,4,0,11 Yard Run,1st & 10 at TB 28,08:17 4th,— C.Brown up the middle to TB 17 for 11 yards (A.Winfield).
2026,WEEK 1,Sunday,September 13th,TB,CIN,4th Quarter,3,Cincinnati Bengals,1,5,0,2 Yard Run,1st & 10 at TB 17,07:33 4th,— C.Brown up the middle to TB 15 for 2 yards (A.Anzalone; J.Trotter).
2026,WEEK 1,Sunday,September 13th,TB,CIN,4th Quarter,3,Cincinnati Bengals,1,6,0,3 Yard Run,2nd & 8 at TB 15,06:50 4th Shotgun,— S.Perine right guard to TB 12 for 3 yards (A.Muhammad).
2026,WEEK 1,Sunday,September 13th,TB,CIN,4th Quarter,3,Cincinnati Bengals,1,7,0,3 Yard Pass,3rd & 5 at TB 12,06:09 4th Shotgun,— J.Burrow pass short left to C.Brown to TB 9 for 3 yards (K.Scott).
2026,WEEK 1,Sunday,September 13th,TB,CIN,4th Quarter,3,Cincinnati Bengals,1,8,0,-5 Yard Penalty,4th & 2 at TB 9,05:23 4th Run formation,"— PENALTY on CIN, Delay of Game, 5 yards, enforced at TB 9 - No Play."
2026,WEEK 1,Sunday,September 13th,TB,CIN,4th Quarter,3,Cincinnati Bengals,1,9,1,Field Goal,4th & 7 at TB 14,05:23 4th,"— E.McPherson 32 yard field goal is GOOD, Center-W.Wagner, Holder-R.Rehkow."
2026,WEEK 1,Sunday,September 13th,TB,CIN,4th Quarter,4,Tampa Bay Buccaneers,1,1,0,Kickoff from CIN 35,,Kickoff,— E.McPherson kicks 63 yards from CIN 35 to TB 2. J.Williams pushed ob at TB 49 for 47 yards (E.McPherson).
2026,WEEK 1,Sunday,September 13th,TB,CIN,4th Quarter,4,Tampa Bay Buccaneers,1,2,0,-5 Yard Penalty,1st & 10 at TB 49,05:11 4th Shotgun,"— PENALTY on TB-T.Wirfs, False Start, 5 yards, enforced at TB 49 - No Play."
2026,WEEK 1,Sunday,September 13th,TB,CIN,4th Quarter,4,Tampa Bay Buccaneers,1,3,0,16 Yard Pass,1st & 15 at TB 44,05:11 4th Shotgun,— B.Mayfield pass deep left to T.Hurst pushed ob at CIN 40 for 16 yards (D.Hill).
2026,WEEK 1,Sunday,September 13th,TB,CIN,4th Quarter,4,Tampa Bay Buccaneers,1,4,0,8 Yard Pass,1st & 10 at CIN 40,04:43 4th Shotgun,— B.Mayfield pass short left to T.Hurst to CIN 32 for 8 yards (D.Hill).
2026,WEEK 1,Sunday,September 13th,TB,CIN,4th Quarter,4,Tampa Bay Buccaneers,1,5,0,12 Yard Pass,2nd & 2 at CIN 32,"04:23 4th No Huddle, Shotgun",— B.Mayfield pass short left to T.Hurst to CIN 20 for 12 yards (J.Davis; B.Cook).
2026,WEEK 1,Sunday,September 13th,TB,CIN,4th Quarter,4,Tampa Bay Buccaneers,1,6,0,8 Yard Run,1st & 10 at CIN 20,"04:01 4th No Huddle, Shotgun",— B.Mayfield scrambles left end ran ob at CIN 12 for 8 yards (D.Knight).
2026,WEEK 1,Sunday,September 13th,TB,CIN,4th Quarter,4,Tampa Bay Buccaneers,1,7,0,3 Yard Pass,2nd & 2 at CIN 12,03:54 4th Shotgun,— B.Mayfield pass short left to C.Otton to CIN 9 for 3 yards (D.Knight).
2026,WEEK 1,Sunday,September 13th,TB,CIN,4th Quarter,4,Tampa Bay Buccaneers,1,8,0,Pass Incomplete,1st & 9 at CIN 9,"03:31 4th No Huddle, Shotgun",— B.Mayfield pass incomplete short left to T.Johnson.
2026,WEEK 1,Sunday,September 13th,TB,CIN,4th Quarter,4,Tampa Bay Buccaneers,1,9,1,Touchdown,2nd & 9 at CIN 9,03:25 4th Shotgun,"— B.Mayfield scrambles up the middle for 9 yards, TOUCHDOWN."
2026,WEEK 1,Sunday,September 13th,TB,CIN,4th Quarter,4,Tampa Bay Buccaneers,1,10,0,-5 Yard Penalty,,03:19 4th,"— (Kick formation) PENALTY on TB-C.Mauch, False Start, 5 yards, enforced at CIN 15 - No Play."
2026,WEEK 1,Sunday,September 13th,TB,CIN,4th Quarter,4,Tampa Bay Buccaneers,1,11,1,Extra Point,,03:19 4th,"— C.McLaughlin extra point is GOOD, Center-E.Deckers, Holder-R.Dixon."
2026,WEEK 1,Sunday,September 13th,TB,CIN,4th Quarter,5,Cincinnati Bengals,0,1,0,Kickoff from TB 35,,Kickoff,— C.McLaughlin kicks 64 yards from TB 35 to CIN 1. T.Brooks to CIN 24 for 23 yards (J.Trotter).
2026,WEEK 1,Sunday,September 13th,TB,CIN,4th Quarter,5,Cincinnati Bengals,0,2,0,18 Yard Pass,1st & 10 at CIN 24,03:14 4th Shotgun,— J.Burrow pass short right to D.Meyers to CIN 42 for 18 yards (Z.McCollum; A.Winfield).
2026,WEEK 1,Sunday,September 13th,TB,CIN,4th Quarter,5,Cincinnati Bengals,0,3,0,14 Yard Pass,1st & 10 at CIN 42,02:26 4th Shotgun,— J.Burrow pass short right to S.Perine to TB 44 for 14 yards (A.Winfield).
2026,WEEK 1,Sunday,September 13th,TB,CIN,4th Quarter,5,Cincinnati Bengals,0,4,0,Timeout,,02:17 4th,— Timeout #1 by TB at 02:17.
2026,WEEK 1,Sunday,September 13th,TB,CIN,4th Quarter,5,Cincinnati Bengals,0,5,0,0 Yard Run,1st & 10 at TB 44,02:17 4th,— C.Brown up the middle to TB 44 for no gain (T.Smith).
2026,WEEK 1,Sunday,September 13th,TB,CIN,4th Quarter,5,Cincinnati Bengals,0,6,0,Timeout,,02:13 4th,— Timeout #2 by TB at 02:13.
2026,WEEK 1,Sunday,September 13th,TB,CIN,4th Quarter,5,Cincinnati Bengals,0,7,0,18 Yard Pass,2nd & 10 at TB 44,02:13 4th Shotgun,— J.Burrow pass deep middle to T.Higgins to TB 26 for 18 yards (Z.McCollum).
2026,WEEK 1,Sunday,September 13th,TB,CIN,4th Quarter,5,Cincinnati Bengals,0,8,0,Timeout,,02:08 4th,— Timeout #3 by TB at 02:08.
2026,WEEK 1,Sunday,September 13th,TB,CIN,4th Quarter,5,Cincinnati Bengals,0,9,0,-1 Yard Run,1st & 10 at TB 26,02:08 4th,— J.Bayer reported in as eligible. C.Brown left tackle to TB 27 for -1 yards (J.Trotter).
2026,WEEK 1,Sunday,September 13th,TB,CIN,4th Quarter,5,Cincinnati Bengals,0,10,0,5 Yard Penalty,2nd & 11 at TB 27,02:00 4th,"— PENALTY on TB-E.Roberts, Neutral Zone Infraction, 5 yards, enforced at TB 27 - No Play."
2026,WEEK 1,Sunday,September 13th,TB,CIN,4th Quarter,5,Cincinnati Bengals,0,11,0,5 Yard Run,2nd & 6 at TB 22,02:00 4th Shotgun,— C.Brown right end to TB 17 for 5 yards (Z.McCollum).
2026,WEEK 1,Sunday,September 13th,TB,CIN,4th Quarter,5,Cincinnati Bengals,0,12,0,1 Yard Run,3rd & 1 at TB 17,01:12 4th,— J.Burrow left guard to TB 16 for 1 yard (A.Anzalone; J.Trotter).
2026,WEEK 1,Sunday,September 13th,TB,CIN,4th Quarter,5,Cincinnati Bengals,0,13,0,-1 Yard Run,1st & 10 at TB 16,00:29 4th,— J.Burrow kneels to TB 17 for -1 yards.
2026,WEEK 1,Sunday,September 13th,NO,DET,1st Quarter,1,Detroit Lions,0,1,0,Kickoff from NO 35,,Kickoff,"— D.Carlson kicks 60 yards from NO 35 to DET 5. T.Kennedy MUFFS catch, recovered by DET-J.Saylors at DET 18."
2026,WEEK 1,Sunday,September 13th,NO,DET,1st Quarter,1,Detroit Lions,0,2,0,4 Yard Run,1st & 10 at DET 18,14:58 1st,— J.Gibbs up the middle to DET 22 for 4 yards (J.Blackmon; P.Werner).
2026,WEEK 1,Sunday,September 13th,NO,DET,1st Quarter,1,Detroit Lions,0,3,0,5 Yard Pass,2nd & 6 at DET 22,14:22 1st,— J.Goff pass short left to A.St. Brown to DET 27 for 5 yards (K.McKinstry) [K.Elliss].
2026,WEEK 1,Sunday,September 13th,NO,DET,1st Quarter,1,Detroit Lions,0,4,0,-3 Yard Run,3rd & 1 at DET 27,13:42 1st,— J.Gibbs left tackle to DET 24 for -3 yards (P.Werner).
2026,WEEK 1,Sunday,September 13th,NO,DET,1st Quarter,1,Detroit Lions,0,5,0,Punt,4th & 4 at DET 24,13:08 1st,"— J.Fox punts 56 yards to NO 20, Center-H.Hatten. B.Brown to NO 23 for 3 yards (T.Nowaske; K.Dorsey)."
2026,WEEK 1,Sunday,September 13th,NO,DET,1st Quarter,2,New Orleans Saints,0,1,0,0 Yard Run,1st & 10 at NO 23,12:57 1st,— T.Etienne left tackle to NO 23 for no gain (A.Hutchinson; C.Clark).
2026,WEEK 1,Sunday,September 13th,NO,DET,1st Quarter,2,New Orleans Saints,0,2,0,9 Yard Pass,2nd & 10 at NO 23,12:29 1st Shotgun,— T.Shough pass short right to D.Vele pushed ob at NO 32 for 9 yards (R.McCreary).
2026,WEEK 1,Sunday,September 13th,NO,DET,1st Quarter,2,New Orleans Saints,0,3,0,3 Yard Run,3rd & 1 at NO 32,12:04 1st,— C.Donaldson up the middle to NO 35 for 3 yards (T.Lacy; T.Williams).
2026,WEEK 1,Sunday,September 13th,NO,DET,1st Quarter,2,New Orleans Saints,0,4,0,6 Yard Pass,1st & 10 at NO 35,11:30 1st,— T.Shough pass short right to N.Fant ran ob at NO 41 for 6 yards.
2026,WEEK 1,Sunday,September 13th,NO,DET,1st Quarter,2,New Orleans Saints,0,5,0,2 Yard Run,2nd & 4 at NO 41,10:59 1st,— K.Miller right tackle to NO 43 for 2 yards (T.Williams).
2026,WEEK 1,Sunday,September 13th,NO,DET,1st Quarter,2,New Orleans Saints,0,6,0,Pass Incomplete,3rd & 2 at NO 43,10:18 1st Shotgun,— T.Shough pass incomplete short right to N.Fant.
2026,WEEK 1,Sunday,September 13th,NO,DET,1st Quarter,2,New Orleans Saints,0,7,0,Punt,4th & 2 at NO 43,10:15 1st,"— R.Wright punts 46 yards to DET 11, Center-Z.Wood, downed by NO-I.Stalbird."
2026,WEEK 1,Sunday,September 13th,NO,DET,1st Quarter,3,Detroit Lions,1,1,0,3 Yard Run,1st & 10 at DET 11,10:04 1st,— J.Gibbs up the middle to DET 14 for 3 yards (D.Stutsman).
2026,WEEK 1,Sunday,September 13th,NO,DET,1st Quarter,3,Detroit Lions,1,2,0,2 Yard Run,2nd & 7 at DET 14,09:31 1st,— J.Gibbs right guard to DET 16 for 2 yards (J.Reid; J.Sanker).
2026,WEEK 1,Sunday,September 13th,NO,DET,1st Quarter,3,Detroit Lions,1,3,0,8 Yard Pass,3rd & 5 at DET 16,08:51 1st Shotgun,— J.Goff pass short left to S.LaPorta to DET 24 for 8 yards (D.Stutsman).
2026,WEEK 1,Sunday,September 13th,NO,DET,1st Quarter,3,Detroit Lions,1,4,0,11 Yard Pass,1st & 10 at DET 24,08:14 1st Shotgun,— J.Goff pass short middle to J.Gibbs to DET 35 for 11 yards (J.Reid; J.Sanker) [V.Broughton].
2026,WEEK 1,Sunday,September 13th,NO,DET,1st Quarter,3,Detroit Lions,1,5,0,Pass Incomplete,1st & 10 at DET 35,07:34 1st,— J.Goff pass incomplete short left to I.TeSlaa (C.Young).
2026,WEEK 1,Sunday,September 13th,NO,DET,1st Quarter,3,Detroit Lions,1,6,0,-5 Yard Penalty,2nd & 10 at DET 35,07:32 1st,"— PENALTY on DET-P.Sewell, False Start, 5 yards, enforced at DET 35 - No Play."
2026,WEEK 1,Sunday,September 13th,NO,DET,1st Quarter,3,Detroit Lions,1,7,0,19 Yard Pass,2nd & 15 at DET 30,07:32 1st,— J.Goff pass short middle to S.LaPorta to DET 49 for 19 yards (K.McKinstry) [V.Broughton].
2026,WEEK 1,Sunday,September 13th,NO,DET,1st Quarter,3,Detroit Lions,1,8,0,6 Yard Run,1st & 10 at DET 49,06:47 1st,— J.Gibbs up the middle to NO 45 for 6 yards (N.Shepherd).
2026,WEEK 1,Sunday,September 13th,NO,DET,1st Quarter,3,Detroit Lions,1,9,0,21 Yard Run,2nd & 4 at NO 45,06:11 1st,— J.Gibbs right end to NO 24 for 21 yards (J.Blackmon). DET-C.Mahogany was injured during the play.
2026,WEEK 1,Sunday,September 13th,NO,DET,1st Quarter,3,Detroit Lions,1,10,0,11 Yard Run,1st & 10 at NO 24,05:44 1st,— J.Gibbs right tackle to NO 13 for 11 yards (K.McKinstry).
2026,WEEK 1,Sunday,September 13th,NO,DET,1st Quarter,3,Detroit Lions,1,11,0,2 Yard Run,1st & 10 at NO 13,05:01 1st,— J.Gibbs up the middle to NO 11 for 2 yards (K.Elliss).
2026,WEEK 1,Sunday,September 13th,NO,DET,1st Quarter,3,Detroit Lions,1,12,0,Pass Incomplete,2nd & 8 at NO 11,04:26 1st,— J.Goff pass incomplete short left to A.St. Brown [K.Elliss].
2026,WEEK 1,Sunday,September 13th,NO,DET,1st Quarter,3,Detroit Lions,1,13,0,10 Yard Pass,3rd & 8 at NO 11,04:22 1st Shotgun,— J.Goff pass short middle to J.Williams to NO 1 for 10 yards (K.McKinstry).
2026,WEEK 1,Sunday,September 13th,NO,DET,1st Quarter,3,Detroit Lions,1,14,1,Touchdown,1st & 1 at NO 1,03:41 1st,"— L.Borom reported in as eligible. J.Gibbs up the middle for 1 yard, TOUCHDOWN."
2026,WEEK 1,Sunday,September 13th,NO,DET,1st Quarter,3,Detroit Lions,1,15,1,Extra Point,,03:39 1st,"— J.Bates extra point is GOOD, Center-H.Hatten, Holder-J.Fox."
2026,WEEK 1,Sunday,September 13th,NO,DET,1st Quarter,4,New Orleans Saints,0,1,0,Kickoff from DET 35,,Kickoff,— J.Bates kicks 57 yards from DET 35 to NO 8. K.Miller to NO 27 for 19 yards (D.Barnes; J.Saylors).
2026,WEEK 1,Sunday,September 13th,NO,DET,1st Quarter,4,New Orleans Saints,0,2,0,Pass Incomplete,1st & 10 at NO 27,03:32 1st,— T.Shough pass incomplete short left to D.Vele.
2026,WEEK 1,Sunday,September 13th,NO,DET,1st Quarter,4,New Orleans Saints,0,3,0,3 Yard Run,2nd & 10 at NO 27,03:27 1st Shotgun,— T.Etienne up the middle to NO 30 for 3 yards (S.Gill-Howard; D.White).
2026,WEEK 1,Sunday,September 13th,NO,DET,1st Quarter,4,New Orleans Saints,0,4,0,Pass Incomplete,3rd & 7 at NO 30,02:47 1st Shotgun,— T.Shough pass incomplete short left to J.Johnson (T.Harper).
2026,WEEK 1,Sunday,September 13th,NO,DET,1st Quarter,4,New Orleans Saints,0,5,0,Punt,4th & 7 at NO 30,02:43 1st,"— R.Wright punts 46 yards to DET 24, Center-Z.Wood. T.Kennedy to DET 26 for 2 yards (I.Stalbird)."
2026,WEEK 1,Sunday,September 13th,NO,DET,2nd Quarter,1,Detroit Lions,0,1,0,3 Yard Run,1st & 10 at DET 26,02:33 1st,— L.Borom reported in as eligible. S.Vaki up the middle to DET 29 for 3 yards (P.Werner; T.Wilson).
2026,WEEK 1,Sunday,September 13th,NO,DET,2nd Quarter,1,Detroit Lions,0,2,0,8 Yard Pass,2nd & 7 at DET 29,02:00 1st,— J.Goff pass short left to A.St. Brown to DET 37 for 8 yards (K.Elliss; K.McKinstry).
2026,WEEK 1,Sunday,September 13th,NO,DET,2nd Quarter,1,Detroit Lions,0,3,0,Pass Incomplete,1st & 10 at DET 37,01:19 1st,— J.Goff pass incomplete deep left to J.Williams.
2026,WEEK 1,Sunday,September 13th,NO,DET,2nd Quarter,1,Detroit Lions,0,4,0,5 Yard Run,2nd & 10 at DET 37,01:12 1st,— J.Gibbs up the middle to DET 42 for 5 yards (J.Reid).
2026,WEEK 1,Sunday,September 13th,NO,DET,2nd Quarter,1,Detroit Lions,0,5,0,5 Yard Pass,3rd & 5 at DET 42,00:30 1st Shotgun,— J.Goff pass short right to A.St. Brown to DET 47 for 5 yards (P.Werner).
2026,WEEK 1,Sunday,September 13th,NO,DET,2nd Quarter,1,Detroit Lions,0,6,0,-10 Yard Penalty,1st & 10 at DET 47,15:00 2nd,"— J.Gibbs up the middle to NO 48 for 5 yards (K.Elliss). PENALTY on DET-T.Ratledge, Offensive Holding, 10 yards, enforced at DET 47 - No Play."
2026,WEEK 1,Sunday,September 13th,NO,DET,2nd Quarter,1,Detroit Lions,0,7,0,5 Yard Pass,1st & 20 at DET 37,14:40 2nd Shotgun,— J.Goff pass short left to S.LaPorta to DET 42 for 5 yards (K.Elliss; P.Werner).
2026,WEEK 1,Sunday,September 13th,NO,DET,2nd Quarter,1,Detroit Lions,0,8,0,Pass Incomplete,2nd & 15 at DET 42,13:57 2nd,— J.Goff pass incomplete deep right to J.Williams (Q.Riley).
2026,WEEK 1,Sunday,September 13th,NO,DET,2nd Quarter,1,Detroit Lions,0,9,0,Pass Incomplete,3rd & 15 at DET 42,13:52 2nd Shotgun,— J.Goff pass incomplete deep right to A.St. Brown (P.Werner) [N.Shepherd].
2026,WEEK 1,Sunday,September 13th,NO,DET,2nd Quarter,1,Detroit Lions,0,10,0,Punt,4th & 15 at DET 42,13:47 2nd,"— J.Fox punts 45 yards to NO 13, Center-H.Hatten, fair catch by B.Brown."
2026,WEEK 1,Sunday,September 13th,NO,DET,2nd Quarter,2,New Orleans Saints,0,1,0,3 Yard Run,1st & 10 at NO 13,13:40 2nd,— B.Brown left end to NO 16 for 3 yards (R.Ya-Sin).
2026,WEEK 1,Sunday,September 13th,NO,DET,2nd Quarter,2,New Orleans Saints,0,2,0,22 Yard Pass,2nd & 7 at NO 16,"13:16 2nd No Huddle, Shotgun",— T.Shough pass short middle to C.Olave to NO 38 for 22 yards (T.Harper).
2026,WEEK 1,Sunday,September 13th,NO,DET,2nd Quarter,2,New Orleans Saints,0,3,0,Pass Incomplete,1st & 10 at NO 38,"12:53 2nd No Huddle, Shotgun",— T.Shough pass incomplete short right to C.Olave. The incomplete pass was assisted by replay.
2026,WEEK 1,Sunday,September 13th,NO,DET,2nd Quarter,2,New Orleans Saints,0,4,0,Pass Incomplete,2nd & 10 at NO 38,12:50 2nd,— T.Shough pass incomplete short left to T.Etienne.
2026,WEEK 1,Sunday,September 13th,NO,DET,2nd Quarter,2,New Orleans Saints,0,5,0,Pass Incomplete,3rd & 10 at NO 38,12:46 2nd Shotgun,— T.Shough pass incomplete deep middle to C.Olave (A.Maddox).
2026,WEEK 1,Sunday,September 13th,NO,DET,2nd Quarter,2,New Orleans Saints,0,6,0,Punt,4th & 10 at NO 38,12:40 2nd,"— R.Wright punts 57 yards to DET 5, Center-Z.Wood. T.Kennedy to DET 21 for 16 yards (J.Howden)."
2026,WEEK 1,Sunday,September 13th,NO,DET,2nd Quarter,3,Detroit Lions,0,1,0,5 Yard Penalty,1st & 10 at DET 21,12:27 2nd,"— J.Gibbs right end to DET 20 for -1 yards (J.Reid). PENALTY on NO-C.Miller, Defensive Holding, 5 yards, enforced at DET 21 - No Play."
2026,WEEK 1,Sunday,September 13th,NO,DET,2nd Quarter,3,Detroit Lions,0,2,0,7 Yard Pass,1st & 10 at DET 26,12:00 2nd Shotgun,— J.Goff pass short left to J.Williams to DET 33 for 7 yards (M.Emerson; D.Stutsman).
2026,WEEK 1,Sunday,September 13th,NO,DET,2nd Quarter,3,Detroit Lions,0,3,0,5 Yard Run,2nd & 3 at DET 33,11:21 2nd,— L.Borom reported in as eligible. J.Gibbs right guard to DET 38 for 5 yards (D.Godchaux; K.Elliss).
2026,WEEK 1,Sunday,September 13th,NO,DET,2nd Quarter,3,Detroit Lions,0,4,0,-6 Yard Run,1st & 10 at DET 38,10:47 2nd,"— J.Goff FUMBLES (Aborted) at DET 31, recovered by DET-J.Williams at DET 25. J.Williams to DET 32 for 7 yards (D.Godchaux)."
2026,WEEK 1,Sunday,September 13th,NO,DET,2nd Quarter,3,Detroit Lions,0,5,0,0 Yard Pass,2nd & 16 at DET 32,10:08 2nd,— J.Goff pass short left to A.St. Brown to DET 32 for no gain (D.Stutsman).
2026,WEEK 1,Sunday,September 13th,NO,DET,2nd Quarter,3,Detroit Lions,0,6,0,Pass Incomplete,3rd & 16 at DET 32,09:34 2nd Shotgun,"— J.Goff sacked at DET 23 for -9 yards (C.Young). FUMBLES (C.Young) [C.Young], touched at DET 12, RECOVERED by NO-J.Sanker at DET 7. J.Sanker for 7 yards, TOUCHDOWN. The Replay Official reviewed the fumble ruling, and the play was REVERSED. (Shotgun) J.Goff pass incomplete short right to S.LaPorta [C.Young]."
2026,WEEK 1,Sunday,September 13th,NO,DET,2nd Quarter,3,Detroit Lions,0,7,0,Punt,4th & 16 at DET 32,09:31 2nd,"— J.Fox punts 56 yards to NO 12, Center-H.Hatten. B.Brown to NO 14 for 2 yards (T.Martin)."
2026,WEEK 1,Sunday,September 13th,NO,DET,2nd Quarter,4,New Orleans Saints,0,1,0,1 Yard Run,1st & 10 at NO 14,09:21 2nd,— T.Etienne right guard to NO 15 for 1 yard (M.Rodriguez).
2026,WEEK 1,Sunday,September 13th,NO,DET,2nd Quarter,4,New Orleans Saints,0,2,0,Pass Incomplete,2nd & 9 at NO 15,08:44 2nd Shotgun,— T.Shough pass incomplete short right to D.Vele (A.Maddox).
2026,WEEK 1,Sunday,September 13th,NO,DET,2nd Quarter,4,New Orleans Saints,0,3,0,11 Yard Pass,3rd & 9 at NO 15,08:41 2nd Shotgun,— T.Shough pass short right to C.Olave to NO 26 for 11 yards (D.White; D.Reed) [C.Clark].
2026,WEEK 1,Sunday,September 13th,NO,DET,2nd Quarter,4,New Orleans Saints,0,4,0,Pass Incomplete,1st & 10 at NO 26,08:17 2nd No Huddle,— T.Shough pass incomplete short right to C.Donaldson [A.Hutchinson].
2026,WEEK 1,Sunday,September 13th,NO,DET,2nd Quarter,4,New Orleans Saints,0,5,0,Pass Incomplete,2nd & 10 at NO 26,08:10 2nd Shotgun,— T.Shough pass incomplete deep left to C.Olave (D.Reed).
2026,WEEK 1,Sunday,September 13th,NO,DET,2nd Quarter,4,New Orleans Saints,0,6,0,Timeout,,08:03 2nd,— Timeout #1 by NO at 08:03.
2026,WEEK 1,Sunday,September 13th,NO,DET,2nd Quarter,4,New Orleans Saints,0,7,0,Pass Incomplete,3rd & 10 at NO 26,08:03 2nd Shotgun,"— T.Shough pass incomplete short middle. PENALTY on NO-T.Shough, Intentional Grounding, 13 yards, enforced at NO 26."
2026,WEEK 1,Sunday,September 13th,NO,DET,2nd Quarter,4,New Orleans Saints,0,8,0,Punt,4th & 23 at NO 13,07:57 2nd,"— R.Wright punts 48 yards to DET 39, Center-Z.Wood. T.Kennedy to NO 44 for 17 yards (A.Jennings; D.Richardson)."
2026,WEEK 1,Sunday,September 13th,NO,DET,2nd Quarter,5,Detroit Lions,0,1,0,Fumble,1st & 10 at NO 44,07:46 2nd Shotgun,"— J.Goff pass short right to J.Gibbs to NO 40 for 4 yards (V.Broughton). New Orleans challenged the runner was down by contact ruling, and the play was REVERSED. (Shotgun) J.Goff pass short right to J.Gibbs to NO 40 for 4 yards (V.Broughton). FUMBLES (V.Broughton), RECOVERED by NO-V.Broughton at NO 40."
2026,WEEK 1,Sunday,September 13th,NO,DET,2nd Quarter,6,New Orleans Saints,0,1,0,4 Yard Run,1st & 10 at NO 40,07:40 2nd Shotgun,— K.Miller up the middle to NO 44 for 4 yards (A.Maddox; M.Rodriguez).
2026,WEEK 1,Sunday,September 13th,NO,DET,2nd Quarter,6,New Orleans Saints,0,2,0,4 Yard Run,2nd & 6 at NO 44,07:09 2nd,— K.Miller left tackle to NO 48 for 4 yards (D.Wonnum).
2026,WEEK 1,Sunday,September 13th,NO,DET,2nd Quarter,6,New Orleans Saints,0,3,0,8 Yard Run,3rd & 2 at NO 48,"06:30 2nd No Huddle, Shotgun",— K.Miller left end to DET 44 for 8 yards (K.Abney).
2026,WEEK 1,Sunday,September 13th,NO,DET,2nd Quarter,6,New Orleans Saints,0,4,0,4 Yard Run,1st & 10 at DET 44,"06:04 2nd No Huddle, Shotgun",— T.Shough left end pushed ob at DET 40 for 4 yards (A.Hutchinson).
2026,WEEK 1,Sunday,September 13th,NO,DET,2nd Quarter,6,New Orleans Saints,0,5,0,Interception,2nd & 6 at DET 40,05:31 2nd Shotgun,— T.Shough pass short left intended for N.Fant INTERCEPTED by C.Clark at DET 35. C.Clark to DET 36 for 1 yard (N.Fant).
2026,WEEK 1,Sunday,September 13th,NO,DET,2nd Quarter,7,Detroit Lions,0,1,0,2 Yard Run,1st & 10 at DET 36,05:25 2nd,— L.Borom reported in as eligible. J.Gibbs left guard to DET 38 for 2 yards (N.Shepherd; V.Broughton).
2026,WEEK 1,Sunday,September 13th,NO,DET,2nd Quarter,7,Detroit Lions,0,2,0,-3 Yard Run,2nd & 8 at DET 38,04:54 2nd,— J.Gibbs right end to DET 35 for -3 yards (J.Reid).
2026,WEEK 1,Sunday,September 13th,NO,DET,2nd Quarter,7,Detroit Lions,0,3,0,9 Yard Pass,3rd & 11 at DET 35,04:12 2nd Shotgun,— J.Goff pass short right to A.St. Brown to DET 44 for 9 yards (J.Reid).
2026,WEEK 1,Sunday,September 13th,NO,DET,2nd Quarter,7,Detroit Lions,0,4,0,-5 Yard Penalty,4th & 2 at DET 44,03:21 2nd Run formation,"— L.Borom reported in as eligible. PENALTY on DET, Delay of Game, 5 yards, enforced at DET 44 - No Play."
2026,WEEK 1,Sunday,September 13th,NO,DET,2nd Quarter,7,Detroit Lions,0,5,0,Punt,4th & 7 at DET 39,03:21 2nd,"— J.Fox punts 47 yards to NO 14, Center-H.Hatten. B.Brown to NO 14 for no gain (T.Martin)."
2026,WEEK 1,Sunday,September 13th,NO,DET,2nd Quarter,8,New Orleans Saints,0,1,0,2 Yard Run,1st & 10 at NO 14,03:12 2nd Shotgun,— T.Etienne right tackle to NO 16 for 2 yards (M.Rodriguez; T.Williams).
2026,WEEK 1,Sunday,September 13th,NO,DET,2nd Quarter,8,New Orleans Saints,0,2,0,3 Yard Pass,2nd & 8 at NO 16,02:33 2nd Shotgun,— T.Shough pass short right to T.Etienne to NO 19 for 3 yards (J.Campbell; D.Reed).
2026,WEEK 1,Sunday,September 13th,NO,DET,2nd Quarter,8,New Orleans Saints,0,3,0,7 Yard Pass,3rd & 5 at NO 19,02:00 2nd Shotgun,— T.Shough pass short left to C.Olave to NO 26 for 7 yards (D.Reed).
2026,WEEK 1,Sunday,September 13th,NO,DET,2nd Quarter,8,New Orleans Saints,0,4,0,Pass Incomplete,1st & 10 at NO 26,"01:41 2nd No Huddle, Shotgun",— T.Shough pass incomplete short right to T.Etienne.
2026,WEEK 1,Sunday,September 13th,NO,DET,2nd Quarter,8,New Orleans Saints,0,5,0,4 Yard Pass,2nd & 10 at NO 26,01:37 2nd Shotgun,— T.Shough pass short left to D.Vele pushed ob at NO 30 for 4 yards (R.Ya-Sin).
2026,WEEK 1,Sunday,September 13th,NO,DET,2nd Quarter,8,New Orleans Saints,0,6,0,5 Yard Penalty,3rd & 6 at NO 30,01:33 2nd Shotgun,"— T.Shough pass short left to T.Etienne to NO 34 for 4 yards (D.Barnes). PENALTY on DET-R.Ya-Sin, Illegal Contact, 5 yards, enforced at NO 30 - No Play."
2026,WEEK 1,Sunday,September 13th,NO,DET,2nd Quarter,8,New Orleans Saints,0,7,0,19 Yard Pass,1st & 10 at NO 35,01:24 2nd,— T.Shough pass deep right to B.Lance to DET 46 for 19 yards (D.Reed).
2026,WEEK 1,Sunday,September 13th,NO,DET,2nd Quarter,8,New Orleans Saints,0,8,0,-2 Yard Pass,1st & 10 at DET 46,"01:04 2nd No Huddle, Shotgun",— T.Shough pass short left to C.Donaldson to DET 48 for -2 yards (K.Abney).
2026,WEEK 1,Sunday,September 13th,NO,DET,2nd Quarter,8,New Orleans Saints,0,9,0,6 Yard Pass,2nd & 12 at DET 48,"00:38 2nd No Huddle, Shotgun",— T.Shough pass short left to D.Vele to DET 42 for 6 yards (A.Hutchinson).
2026,WEEK 1,Sunday,September 13th,NO,DET,2nd Quarter,8,New Orleans Saints,0,10,0,Timeout,,00:32 2nd,— Timeout #2 by NO at 00:32.
2026,WEEK 1,Sunday,September 13th,NO,DET,2nd Quarter,8,New Orleans Saints,0,11,0,-8 Yard Sack,3rd & 6 at DET 42,00:32 2nd Shotgun,— T.Shough sacked at 50 for -8 yards (A.Hutchinson).
2026,WEEK 1,Sunday,September 13th,NO,DET,2nd Quarter,8,New Orleans Saints,0,12,0,Timeout,,00:26 2nd,— Timeout #1 by DET at 00:26.
2026,WEEK 1,Sunday,September 13th,NO,DET,2nd Quarter,8,New Orleans Saints,0,13,0,Punt,4th & 14 at 50,00:26 2nd,"— R.Wright punts 41 yards to DET 9, Center-Z.Wood, fair catch by T.Kennedy."
2026,WEEK 1,Sunday,September 13th,NO,DET,2nd Quarter,9,Detroit Lions,0,1,0,0 Yard Pass,1st & 10 at DET 9,00:20 2nd Shotgun,— J.Goff pass short right to J.Gibbs pushed ob at DET 9 for no gain (J.Reid).
2026,WEEK 1,Sunday,September 13th,NO,DET,2nd Quarter,9,Detroit Lions,0,2,0,11 Yard Run,2nd & 10 at DET 9,00:14 2nd Shotgun,— J.Gibbs right guard to DET 20 for 11 yards (J.Blackmon; K.McKinstry).
2026,WEEK 1,Sunday,September 13th,NO,DET,3rd Quarter,1,New Orleans Saints,0,1,0,Kickoff from DET 35,,Kickoff,"— J.Bates kicks 33 yards from DET 35 to NO 32, short of landing zone. PENALTY on DET-J.Bates, Kickoff Short of Landing Zone, placed at NO 40."
2026,WEEK 1,Sunday,September 13th,NO,DET,3rd Quarter,1,New Orleans Saints,0,2,0,Interception,1st & 10 at NO 40,15:00 3rd Shotgun,— T.Shough pass short middle intended for N.Fant INTERCEPTED by D.Barnes at NO 44. D.Barnes to NO 41 for 3 yards (T.Welch).
2026,WEEK 1,Sunday,September 13th,NO,DET,3rd Quarter,2,Detroit Lions,1,1,0,11 Yard Pass,1st & 10 at NO 41,14:51 3rd,— J.Goff pass short left to S.Vaki to NO 30 for 11 yards (K.Elliss).
2026,WEEK 1,Sunday,September 13th,NO,DET,3rd Quarter,2,Detroit Lions,1,2,0,18 Yard Run,1st & 10 at NO 30,14:08 3rd,— J.Gibbs left guard to NO 12 for 18 yards (J.Blackmon; K.McKinstry).
2026,WEEK 1,Sunday,September 13th,NO,DET,3rd Quarter,2,Detroit Lions,1,3,0,2 Yard Run,1st & 10 at NO 12,13:30 3rd,— J.Gibbs up the middle to NO 10 for 2 yards (Q.Riley).
2026,WEEK 1,Sunday,September 13th,NO,DET,3rd Quarter,2,Detroit Lions,1,4,0,7 Yard Pass,2nd & 8 at NO 10,12:54 3rd Shotgun,— J.Goff pass short right to S.LaPorta to NO 3 for 7 yards (J.Reid; K.Elliss).
2026,WEEK 1,Sunday,September 13th,NO,DET,3rd Quarter,2,Detroit Lions,1,5,0,2 Yard Run,3rd & 1 at NO 3,12:15 3rd,— L.Borom reported in as eligible. J.Gibbs right guard to NO 1 for 2 yards (Q.Riley; K.Elliss).
2026,WEEK 1,Sunday,September 13th,NO,DET,3rd Quarter,2,Detroit Lions,1,6,0,Pass Incomplete,1st & 1 at NO 1,11:23 3rd,— L.Borom reported in as eligible. J.Goff pass incomplete short right to S.LaPorta.
2026,WEEK 1,Sunday,September 13th,NO,DET,3rd Quarter,2,Detroit Lions,1,7,1,Touchdown,2nd & 1 at NO 1,11:18 3rd,"— J.Gibbs left guard for 1 yard, TOUCHDOWN."
2026,WEEK 1,Sunday,September 13th,NO,DET,3rd Quarter,2,Detroit Lions,1,8,1,Extra Point,,11:14 3rd,"— J.Bates extra point is GOOD, Center-H.Hatten, Holder-J.Fox."
2026,WEEK 1,Sunday,September 13th,NO,DET,3rd Quarter,3,New Orleans Saints,0,1,0,Kickoff from DET 35,,Kickoff,"— J.Bates kicks 65 yards from DET 35 to end zone, Touchback to the NO 35."
2026,WEEK 1,Sunday,September 13th,NO,DET,3rd Quarter,3,New Orleans Saints,0,2,0,2 Yard Run,1st & 10 at NO 35,11:14 3rd,— K.Miller left guard to NO 37 for 2 yards (D.Wonnum; D.Reed).
2026,WEEK 1,Sunday,September 13th,NO,DET,3rd Quarter,3,New Orleans Saints,0,3,0,-6 Yard Sack,2nd & 8 at NO 37,10:38 3rd,— T.Shough sacked at NO 31 for -6 yards (D.Barnes).
2026,WEEK 1,Sunday,September 13th,NO,DET,3rd Quarter,3,New Orleans Saints,0,4,0,Fumble,3rd & 14 at NO 31,09:54 3rd Shotgun,"— T.Shough sacked at NO 23 for -8 yards (R.McCreary). FUMBLES (R.McCreary) [R.McCreary], RECOVERED by DET-D.Wonnum at NO 25."
2026,WEEK 1,Sunday,September 13th,NO,DET,3rd Quarter,4,Detroit Lions,1,1,0,Pass Incomplete,1st & 10 at NO 25,09:45 3rd,— J.Goff pass incomplete short left to S.LaPorta (K.Elliss) [K.Elliss].
2026,WEEK 1,Sunday,September 13th,NO,DET,3rd Quarter,4,Detroit Lions,1,2,0,6 Yard Pass,2nd & 10 at NO 25,09:41 3rd Shotgun,— J.Goff pass short left to J.Williams to NO 19 for 6 yards (Q.Riley).
2026,WEEK 1,Sunday,September 13th,NO,DET,3rd Quarter,4,Detroit Lions,1,3,1,Touchdown,3rd & 4 at NO 19,08:59 3rd Shotgun,"— J.Goff pass deep right to A.St. Brown for 19 yards, TOUCHDOWN."
2026,WEEK 1,Sunday,September 13th,NO,DET,3rd Quarter,4,Detroit Lions,1,4,1,Extra Point,,08:54 3rd,"— J.Bates extra point is GOOD, Center-H.Hatten, Holder-J.Fox."
2026,WEEK 1,Sunday,September 13th,NO,DET,3rd Quarter,5,New Orleans Saints,1,1,0,Kickoff from DET 35,,Kickoff,— J.Bates kicks 63 yards from DET 35 to NO 2. B.Brown to NO 21 for 19 yards (T.Martin).
2026,WEEK 1,Sunday,September 13th,NO,DET,3rd Quarter,5,New Orleans Saints,1,2,0,47 Yard Pass,1st & 10 at NO 21,08:49 3rd,— T.Shough pass deep right to C.Olave to DET 32 for 47 yards (D.Reed).
2026,WEEK 1,Sunday,September 13th,NO,DET,3rd Quarter,5,New Orleans Saints,1,3,0,9 Yard Pass,1st & 10 at DET 32,"08:15 3rd No Huddle, Shotgun",— T.Shough pass short right to N.Fant pushed ob at DET 23 for 9 yards (J.Campbell).
2026,WEEK 1,Sunday,September 13th,NO,DET,3rd Quarter,5,New Orleans Saints,1,4,0,0 Yard Run,2nd & 1 at DET 23,"07:51 3rd No Huddle, Shotgun",— T.Etienne right tackle to DET 23 for no gain (S.Gill-Howard; D.Barnes).
2026,WEEK 1,Sunday,September 13th,NO,DET,3rd Quarter,5,New Orleans Saints,1,5,0,3 Yard Run,3rd & 1 at DET 23,07:13 3rd,— T.Shough scrambles right end to DET 20 for 3 yards (D.Barnes).
2026,WEEK 1,Sunday,September 13th,NO,DET,3rd Quarter,5,New Orleans Saints,1,6,0,Pass Incomplete,1st & 10 at DET 20,06:29 3rd Shotgun,— T.Shough pass incomplete short left to J.Johnson [M.Rodriguez].
2026,WEEK 1,Sunday,September 13th,NO,DET,3rd Quarter,5,New Orleans Saints,1,7,0,7 Yard Run,2nd & 10 at DET 20,06:25 3rd Shotgun,— T.Etienne up the middle to DET 13 for 7 yards (J.Campbell; A.Maddox).
2026,WEEK 1,Sunday,September 13th,NO,DET,3rd Quarter,5,New Orleans Saints,1,8,0,6 Yard Pass,3rd & 3 at DET 13,05:45 3rd Shotgun,— T.Shough pass short right to T.Etienne to DET 7 for 6 yards (C.Clark).
2026,WEEK 1,Sunday,September 13th,NO,DET,3rd Quarter,5,New Orleans Saints,1,9,0,-1 Yard Run,1st & 7 at DET 7,05:13 3rd No Huddle,— K.Miller up the middle to DET 8 for -1 yards (J.Campbell).
2026,WEEK 1,Sunday,September 13th,NO,DET,3rd Quarter,5,New Orleans Saints,1,10,1,Touchdown,2nd & 8 at DET 8,04:32 3rd Shotgun,"— K.Miller up the middle for 8 yards, TOUCHDOWN."
2026,WEEK 1,Sunday,September 13th,NO,DET,3rd Quarter,5,New Orleans Saints,1,11,1,Extra Point,,04:27 3rd,"— D.Carlson extra point is GOOD, Center-Z.Wood, Holder-R.Wright."
2026,WEEK 1,Sunday,September 13th,NO,DET,3rd Quarter,6,Detroit Lions,0,1,0,Kickoff from NO 35,,Kickoff,"— D.Carlson kicks 65 yards from NO 35 to landing zone to end zone, Touchback to the DET 20."
2026,WEEK 1,Sunday,September 13th,NO,DET,3rd Quarter,6,Detroit Lions,0,2,0,Pass Incomplete,1st & 10 at DET 20,04:27 3rd,— J.Goff pass incomplete short right to A.St. Brown.
2026,WEEK 1,Sunday,September 13th,NO,DET,3rd Quarter,6,Detroit Lions,0,3,0,5 Yard Pass,2nd & 10 at DET 20,04:22 3rd,— J.Goff pass short right to B.Wright to DET 25 for 5 yards (J.Sanker).
2026,WEEK 1,Sunday,September 13th,NO,DET,3rd Quarter,6,Detroit Lions,0,4,0,Pass Incomplete,3rd & 5 at DET 25,03:38 3rd Shotgun,— J.Goff pass incomplete short right to J.Williams.
2026,WEEK 1,Sunday,September 13th,NO,DET,3rd Quarter,6,Detroit Lions,0,5,0,Punt,4th & 5 at DET 25,03:34 3rd,"— J.Fox punts 45 yards to NO 30, Center-H.Hatten. B.Brown to NO 46 for 16 yards (K.Dorsey)."
2026,WEEK 1,Sunday,September 13th,NO,DET,3rd Quarter,7,New Orleans Saints,1,1,0,0 Yard Pass,1st & 10 at NO 46,03:20 3rd Shotgun,— T.Shough pass short left to T.Etienne to NO 46 for no gain (M.Rodriguez).
2026,WEEK 1,Sunday,September 13th,NO,DET,3rd Quarter,7,New Orleans Saints,1,2,0,11 Yard Pass,2nd & 10 at NO 46,02:58 3rd No Huddle,— T.Shough pass short left to C.Olave to DET 43 for 11 yards (A.Maddox).
2026,WEEK 1,Sunday,September 13th,NO,DET,3rd Quarter,7,New Orleans Saints,1,3,0,4 Yard Pass,1st & 10 at DET 43,"02:32 3rd No Huddle, Shotgun",— T.Shough pass short right to T.Etienne pushed ob at DET 39 for 4 yards (R.McCreary).
2026,WEEK 1,Sunday,September 13th,NO,DET,3rd Quarter,7,New Orleans Saints,1,4,0,16 Yard Pass,2nd & 6 at DET 39,01:55 3rd Shotgun,— T.Shough pass short right to T.Etienne to DET 23 for 16 yards (C.Clark).
2026,WEEK 1,Sunday,September 13th,NO,DET,3rd Quarter,7,New Orleans Saints,1,5,0,1 Yard Run,1st & 10 at DET 23,"01:25 3rd No Huddle, Shotgun",— K.Miller up the middle to DET 22 for 1 yard (D.White).
2026,WEEK 1,Sunday,September 13th,NO,DET,3rd Quarter,7,New Orleans Saints,1,6,0,Pass Incomplete,2nd & 9 at DET 22,00:42 3rd Shotgun,— T.Shough pass incomplete short left to B.Lance.
2026,WEEK 1,Sunday,September 13th,NO,DET,3rd Quarter,7,New Orleans Saints,1,7,0,21 Yard Penalty,3rd & 9 at DET 22,00:40 3rd Shotgun,"— T.Shough pass incomplete deep right to D.Vele. PENALTY on DET-R.Ya-Sin, Defensive Pass Interference, 21 yards, enforced at DET 22 - No Play."
2026,WEEK 1,Sunday,September 13th,NO,DET,3rd Quarter,7,New Orleans Saints,1,8,1,Touchdown,1st & 1 at DET 1,00:34 3rd,"— T.Shough pass short left to D.Vele for 1 yard, TOUCHDOWN."
2026,WEEK 1,Sunday,September 13th,NO,DET,3rd Quarter,7,New Orleans Saints,1,9,1,Extra Point,,00:28 3rd,"— D.Carlson extra point is GOOD, Center-Z.Wood, Holder-R.Wright."
2026,WEEK 1,Sunday,September 13th,NO,DET,4th Quarter,1,Detroit Lions,0,1,0,Kickoff from NO 35,,Kickoff,— D.Carlson kicks 64 yards from NO 35 to DET 1. T.Kennedy to DET 27 for 26 yards (C.Rumph; I.Stalbird).
2026,WEEK 1,Sunday,September 13th,NO,DET,4th Quarter,1,Detroit Lions,0,2,0,6 Yard Run,1st & 10 at DET 27,00:23 3rd,— J.Gibbs left tackle to DET 33 for 6 yards (D.Godchaux).
2026,WEEK 1,Sunday,September 13th,NO,DET,4th Quarter,1,Detroit Lions,0,3,0,5 Yard Run,2nd & 4 at DET 33,15:00 4th,— J.Gibbs left tackle to DET 38 for 5 yards (C.Wooden; D.Godchaux).
2026,WEEK 1,Sunday,September 13th,NO,DET,4th Quarter,1,Detroit Lions,0,4,0,1 Yard Run,1st & 10 at DET 38,14:27 4th,— J.Gibbs up the middle to DET 39 for 1 yard (C.Wooden).
2026,WEEK 1,Sunday,September 13th,NO,DET,4th Quarter,1,Detroit Lions,0,5,0,6 Yard Pass,2nd & 9 at DET 39,13:54 4th Shotgun,— J.Goff pass short left to A.St. Brown to DET 45 for 6 yards (M.Emerson).
2026,WEEK 1,Sunday,September 13th,NO,DET,4th Quarter,1,Detroit Lions,0,6,0,Pass Incomplete,3rd & 3 at DET 45,13:16 4th Shotgun,— J.Goff pass incomplete short left to A.St. Brown (K.McKinstry).
2026,WEEK 1,Sunday,September 13th,NO,DET,4th Quarter,1,Detroit Lions,0,7,0,Punt,4th & 3 at DET 45,13:12 4th,"— J.Fox punts 31 yards to NO 24, Center-H.Hatten, downed by DET-J.Bachie."
2026,WEEK 1,Sunday,September 13th,NO,DET,4th Quarter,2,New Orleans Saints,1,1,0,14 Yard Run,1st & 10 at NO 24,13:03 4th,— T.Etienne up the middle to NO 38 for 14 yards (D.Reed).
2026,WEEK 1,Sunday,September 13th,NO,DET,4th Quarter,2,New Orleans Saints,1,2,0,2 Yard Pass,1st & 10 at NO 38,12:37 4th Shotgun,— T.Shough pass short middle to T.Etienne to NO 40 for 2 yards (J.Campbell).
2026,WEEK 1,Sunday,September 13th,NO,DET,4th Quarter,2,New Orleans Saints,1,3,0,7 Yard Pass,2nd & 8 at NO 40,"12:04 4th No Huddle, Shotgun",— T.Shough pass short left to D.Vele to NO 47 for 7 yards (J.Campbell).
2026,WEEK 1,Sunday,September 13th,NO,DET,4th Quarter,2,New Orleans Saints,1,4,0,1 Yard Run,3rd & 1 at NO 47,11:25 4th,— C.Donaldson up the middle to NO 48 for 1 yard (A.Maddox).
2026,WEEK 1,Sunday,September 13th,NO,DET,4th Quarter,2,New Orleans Saints,1,5,0,Pass Incomplete,1st & 10 at NO 48,10:49 4th,— T.Shough pass incomplete short left to N.Fant.
2026,WEEK 1,Sunday,September 13th,NO,DET,4th Quarter,2,New Orleans Saints,1,6,0,5 Yard Pass,2nd & 10 at NO 48,10:43 4th Shotgun,— T.Shough pass short right to C.Olave to DET 47 for 5 yards (J.Campbell).
2026,WEEK 1,Sunday,September 13th,NO,DET,4th Quarter,2,New Orleans Saints,1,7,0,31 Yard Pass,3rd & 5 at DET 47,10:03 4th Shotgun,— T.Shough pass deep right to D.Vele to DET 16 for 31 yards (T.Harper).
2026,WEEK 1,Sunday,September 13th,NO,DET,4th Quarter,2,New Orleans Saints,1,8,0,1 Yard Run,1st & 10 at DET 16,"09:37 4th No Huddle, Shotgun",— T.Shough scrambles right end ran ob at DET 15 for 1 yard (S.Gill-Howard).
2026,WEEK 1,Sunday,September 13th,NO,DET,4th Quarter,2,New Orleans Saints,1,9,0,-5 Yard Penalty,2nd & 9 at DET 15,08:58 4th Shotgun,"— PENALTY on NO, Delay of Game, 5 yards, enforced at DET 15 - No Play."
2026,WEEK 1,Sunday,September 13th,NO,DET,4th Quarter,2,New Orleans Saints,1,10,0,9 Yard Pass,2nd & 14 at DET 20,08:58 4th Shotgun,— T.Shough pass short right to C.Olave to DET 11 for 9 yards (R.Ya-Sin).
2026,WEEK 1,Sunday,September 13th,NO,DET,4th Quarter,2,New Orleans Saints,1,11,0,1 Yard Pass,3rd & 5 at DET 11,08:18 4th Shotgun,— T.Shough pass short right to T.Etienne pushed ob at DET 10 for 1 yard (D.Barnes).
2026,WEEK 1,Sunday,September 13th,NO,DET,4th Quarter,2,New Orleans Saints,1,12,1,Field Goal,4th & 4 at DET 10,07:45 4th,"— D.Carlson 28 yard field goal is GOOD, Center-Z.Wood, Holder-R.Wright."
2026,WEEK 1,Sunday,September 13th,NO,DET,4th Quarter,3,Detroit Lions,1,1,0,Kickoff from NO 35,,Kickoff,"— D.Carlson kicks 63 yards from NO 35 to DET 2. T.Kennedy to DET 35 for 33 yards (I.Stalbird). PENALTY on NO-T.Wilson, Face Mask, 15 yards, enforced at DET 35."
2026,WEEK 1,Sunday,September 13th,NO,DET,4th Quarter,3,Detroit Lions,1,2,0,15 Yard Run,1st & 10 at 50,07:34 4th,— J.Gibbs left tackle pushed ob at NO 35 for 15 yards (J.Reid).
2026,WEEK 1,Sunday,September 13th,NO,DET,4th Quarter,3,Detroit Lions,1,3,0,22 Yard Pass,1st & 10 at NO 35,06:56 4th,"— J.Goff pass short right to J.Gibbs pushed ob at NO 27 for 8 yards (J.Sanker). PENALTY on NO-Q.Riley, Low Block, 14 yards, enforced at NO 27."
2026,WEEK 1,Sunday,September 13th,NO,DET,4th Quarter,3,Detroit Lions,1,4,0,8 Yard Run,1st & 10 at NO 13,06:35 4th,— J.Gibbs right tackle to NO 5 for 8 yards (J.Blackmon; D.Stutsman).
2026,WEEK 1,Sunday,September 13th,NO,DET,4th Quarter,3,Detroit Lions,1,5,0,3 Yard Run,2nd & 2 at NO 5,06:08 4th,— J.Gibbs up the middle to NO 2 for 3 yards (C.Granderson).
2026,WEEK 1,Sunday,September 13th,NO,DET,4th Quarter,3,Detroit Lions,1,6,0,1 Yard Penalty,1st & 2 at NO 2,05:25 4th,"— J.Gibbs left tackle to NO 1 for 1 yard (C.Young). PENALTY on NO-C.Young, Defensive Offside, 1 yard, enforced at NO 2 - No Play."
2026,WEEK 1,Sunday,September 13th,NO,DET,4th Quarter,3,Detroit Lions,1,7,0,-10 Yard Penalty,1st & 1 at NO 1,04:54 4th,"— L.Borom reported in as eligible. J.Gibbs up the middle to NO 1 for no gain (C.Young; Q.Riley). PENALTY on DET-B.Bartch, Offensive Holding, 10 yards, enforced at NO 1 - No Play."
2026,WEEK 1,Sunday,September 13th,NO,DET,4th Quarter,3,Detroit Lions,1,8,0,-2 Yard Sack,1st & 11 at NO 11,04:47 4th Shotgun,— J.Goff sacked at NO 13 for -2 yards (C.Granderson).
2026,WEEK 1,Sunday,September 13th,NO,DET,4th Quarter,3,Detroit Lions,1,9,0,4 Yard Run,2nd & 13 at NO 13,04:04 4th,— L.Borom reported in as eligible. S.Vaki right tackle to NO 9 for 4 yards (N.Shepherd; D.Stutsman).
2026,WEEK 1,Sunday,September 13th,NO,DET,4th Quarter,3,Detroit Lions,1,10,0,4 Yard Pass,3rd & 9 at NO 9,03:18 4th Shotgun,— J.Goff pass short left to A.St. Brown to NO 5 for 4 yards (J.Sanker; V.Broughton).
2026,WEEK 1,Sunday,September 13th,NO,DET,4th Quarter,3,Detroit Lions,1,11,1,Field Goal,4th & 5 at NO 5,02:35 4th,"— J.Bates 23 yard field goal is GOOD, Center-H.Hatten, Holder-J.Fox."
2026,WEEK 1,Sunday,September 13th,NO,DET,4th Quarter,4,New Orleans Saints,1,1,0,Kickoff from DET 35,,Kickoff,— J.Bates kicks 55 yards from DET 35 to NO 10. B.Brown to NO 25 for 15 yards (E.O'Neill).
2026,WEEK 1,Sunday,September 13th,NO,DET,4th Quarter,4,New Orleans Saints,1,2,0,8 Yard Pass,1st & 10 at NO 25,02:27 4th Shotgun,— T.Shough pass short left to C.Olave ran ob at NO 33 for 8 yards (R.Ya-Sin).
2026,WEEK 1,Sunday,September 13th,NO,DET,4th Quarter,4,New Orleans Saints,1,3,0,-10 Yard Sack,2nd & 2 at NO 33,02:23 4th Shotgun,— T.Shough sacked at NO 23 for -10 yards (A.Hutchinson).
2026,WEEK 1,Sunday,September 13th,NO,DET,4th Quarter,4,New Orleans Saints,1,4,0,Pass Incomplete,3rd & 12 at NO 23,02:00 4th Shotgun,— T.Shough pass incomplete short left to J.Johnson (D.Wonnum).
2026,WEEK 1,Sunday,September 13th,NO,DET,4th Quarter,4,New Orleans Saints,1,5,0,15 Yard Pass,4th & 12 at NO 23,01:55 4th Shotgun,— T.Shough pass short right to B.Lance to NO 38 for 15 yards (D.Reed).
2026,WEEK 1,Sunday,September 13th,NO,DET,4th Quarter,4,New Orleans Saints,1,6,0,Timeout,,01:47 4th,— Timeout #1 by NO at 01:47.
2026,WEEK 1,Sunday,September 13th,NO,DET,4th Quarter,4,New Orleans Saints,1,7,0,11 Yard Pass,1st & 10 at NO 38,01:47 4th Shotgun,— T.Shough pass short right to D.Vele to NO 49 for 11 yards (R.Ya-Sin).
2026,WEEK 1,Sunday,September 13th,NO,DET,4th Quarter,4,New Orleans Saints,1,8,0,Pass Incomplete,1st & 10 at NO 49,"01:29 4th No Huddle, Shotgun",— T.Shough pass incomplete short right.
2026,WEEK 1,Sunday,September 13th,NO,DET,4th Quarter,4,New Orleans Saints,1,9,0,42 Yard Pass,2nd & 10 at NO 49,01:23 4th Shotgun,"— T.Shough pass deep middle to C.Olave to DET 9 for 42 yards (D.Reed) [A.Hutchinson]. NO-C.Olave was injured during the play. Penalty on DET-D.Reed, Defensive Pass Interference, declined."
2026,WEEK 1,Sunday,September 13th,NO,DET,4th Quarter,4,New Orleans Saints,1,10,0,Timeout,,01:13 4th,— Timeout #2 by NO at 01:13.
2026,WEEK 1,Sunday,September 13th,NO,DET,4th Quarter,4,New Orleans Saints,1,11,1,Touchdown,1st & 9 at DET 9,01:13 4th Shotgun,"— T.Shough pass short right to J.Johnson for 9 yards, TOUCHDOWN."
2026,WEEK 1,Sunday,September 13th,NO,DET,4th Quarter,4,New Orleans Saints,1,12,1,Extra Point,,01:07 4th,"— D.Carlson extra point is GOOD, Center-Z.Wood, Holder-R.Wright."
2026,WEEK 1,Sunday,September 13th,NO,DET,4th Quarter,5,Detroit Lions,0,1,0,Kickoff from NO 35,,Kickoff,"— D.Carlson kicks 65 yards from NO 35 to end zone, Touchback to the DET 35."
2026,WEEK 1,Sunday,September 13th,NO,DET,4th Quarter,5,Detroit Lions,0,2,0,2 Yard Run,1st & 10 at DET 35,01:07 4th Shotgun,— J.Goff scrambles left end ran ob at DET 37 for 2 yards (J.Sanker).
2026,WEEK 1,Sunday,September 13th,NO,DET,4th Quarter,5,Detroit Lions,0,3,0,7 Yard Pass,2nd & 8 at DET 37,01:00 4th Shotgun,— J.Goff pass short middle to A.St. Brown to DET 44 for 7 yards (P.Werner; K.Elliss).
2026,WEEK 1,Sunday,September 13th,NO,DET,4th Quarter,5,Detroit Lions,0,4,0,Pass Incomplete,3rd & 1 at DET 44,"00:40 4th No Huddle, Shotgun",— J.Goff pass incomplete short right to J.Williams.
2026,WEEK 1,Sunday,September 13th,NO,DET,4th Quarter,5,Detroit Lions,0,5,0,Punt,4th & 1 at DET 44,00:37 4th,"— J.Fox punts 56 yards to end zone, Center-H.Hatten, Touchback."
2026,WEEK 1,Sunday,September 13th,NO,DET,4th Quarter,6,New Orleans Saints,0,1,0,18 Yard Run,1st & 10 at NO 20,00:27 4th Shotgun,— T.Etienne up the middle to NO 38 for 18 yards (D.Reed). ** Injury Update: NO-C.Olave has returned to the game.
2026,WEEK 1,Sunday,September 13th,NO,DET,4th Quarter,6,New Orleans Saints,0,2,0,Timeout,,00:21 4th,— Timeout #3 by NO at 00:21.
2026,WEEK 1,Sunday,September 13th,NO,DET,4th Quarter,6,New Orleans Saints,0,3,0,18 Yard Pass,1st & 10 at NO 38,00:21 4th Shotgun,— T.Shough pass deep middle to J.Johnson to DET 44 for 18 yards (A.Maddox).
2026,WEEK 1,Sunday,September 13th,NO,DET,4th Quarter,6,New Orleans Saints,0,4,0,Pass Incomplete,1st & 10 at DET 44,00:07 4th No Huddle,— T.Shough spiked the ball to stop the clock.
2026,WEEK 1,Sunday,September 13th,NO,DET,4th Quarter,6,New Orleans Saints,0,5,0,Timeout,,00:06 4th,— Timeout #1 by DET at 00:06.
2026,WEEK 1,Sunday,September 13th,NO,DET,4th Quarter,6,New Orleans Saints,0,6,0,Pass Incomplete,2nd & 10 at DET 44,00:06 4th Shotgun,— T.Shough pass incomplete short right.
2026,WEEK 1,Sunday,September 13th,NO,DET,4th Quarter,6,New Orleans Saints,0,7,0,Field Goal No Good,3rd & 10 at DET 44,00:02 4th,"— D.Carlson 62 yard field goal is No Good, Wide Right, Center-Z.Wood, Holder-R.Wright."
2026,WEEK 1,Sunday,September 13th,NO,DET,Overtime,1,Detroit Lions,1,1,0,Kickoff from NO 35,,Kickoff,— D.Carlson kicks 60 yards from NO 35 to DET 5. J.Saylors to DET 30 for 25 yards (T.Wilson; J.Howden).
2026,WEEK 1,Sunday,September 13th,NO,DET,Overtime,1,Detroit Lions,1,2,0,9 Yard Pass,1st & 10 at DET 30,09:55 OT,— J.Goff pass short right to S.LaPorta to DET 39 for 9 yards (J.Sanker).
2026,WEEK 1,Sunday,September 13th,NO,DET,Overtime,1,Detroit Lions,1,3,0,11 Yard Run,2nd & 1 at DET 39,09:22 OT,— J.Gibbs up the middle to 50 for 11 yards (J.Sanker).
2026,WEEK 1,Sunday,September 13th,NO,DET,Overtime,1,Detroit Lions,1,4,0,7 Yard Pass,1st & 10 at 50,08:47 OT,— J.Goff pass short left to J.Gibbs to NO 43 for 7 yards (P.Werner).
2026,WEEK 1,Sunday,September 13th,NO,DET,Overtime,1,Detroit Lions,1,5,0,7 Yard Run,2nd & 3 at NO 43,08:07 OT Shotgun,— J.Gibbs up the middle to NO 36 for 7 yards (J.Sanker).
2026,WEEK 1,Sunday,September 13th,NO,DET,Overtime,1,Detroit Lions,1,6,0,Pass Incomplete,1st & 10 at NO 36,07:34 OT,— J.Goff pass incomplete deep left to J.Williams.
2026,WEEK 1,Sunday,September 13th,NO,DET,Overtime,1,Detroit Lions,1,7,0,10 Yard Run,2nd & 10 at NO 36,07:28 OT,— J.Gibbs left end to NO 26 for 10 yards (J.Blackmon).
2026,WEEK 1,Sunday,September 13th,NO,DET,Overtime,1,Detroit Lions,1,8,0,-1 Yard Run,1st & 10 at NO 26,06:49 OT,— J.Gibbs right end pushed ob at NO 27 for -1 yards (J.Sanker).
2026,WEEK 1,Sunday,September 13th,NO,DET,Overtime,1,Detroit Lions,1,9,0,22 Yard Pass,2nd & 11 at NO 27,06:19 OT Shotgun,— J.Goff pass deep left to J.Williams ran ob at NO 5 for 22 yards.
2026,WEEK 1,Sunday,September 13th,NO,DET,Overtime,1,Detroit Lions,1,10,0,1 Yard Run,1st & 5 at NO 5,05:45 OT,— J.Gibbs right tackle to NO 4 for 1 yard (K.Elliss).
2026,WEEK 1,Sunday,September 13th,NO,DET,Overtime,1,Detroit Lions,1,11,1,Touchdown,2nd & 4 at NO 4,05:07 OT Shotgun,"— J.Goff pass short left to A.St. Brown for 4 yards, TOUCHDOWN."
2026,WEEK 1,Sunday,September 13th,NO,DET,Overtime,1,Detroit Lions,1,12,1,Extra Point,,05:04 OT,"— J.Bates extra point is GOOD, Center-H.Hatten, Holder-J.Fox."
2026,WEEK 1,Sunday,September 13th,NO,DET,Overtime,2,New Orleans Saints,1,1,0,Kickoff from DET 35,,Kickoff,— J.Bates kicks 66 yards from DET 35 to NO -1. B.Brown to NO 20 for 21 yards (E.O'Neill).
2026,WEEK 1,Sunday,September 13th,NO,DET,Overtime,2,New Orleans Saints,1,2,0,-2 Yard Sack,1st & 10 at NO 20,04:57 OT Shotgun,— T.Shough sacked at NO 18 for -2 yards (A.McNeill).
2026,WEEK 1,Sunday,September 13th,NO,DET,Overtime,2,New Orleans Saints,1,3,0,8 Yard Pass,2nd & 12 at NO 18,04:17 OT Shotgun,— T.Shough pass short left to B.Lance to NO 26 for 8 yards (R.Ya-Sin). DET-R.Ya-Sin was injured during the play.
2026,WEEK 1,Sunday,September 13th,NO,DET,Overtime,2,New Orleans Saints,1,4,0,1 Yard Run,3rd & 4 at NO 26,03:49 OT Shotgun,"— T.Shough FUMBLES (Aborted) at NO 21, recovered by NO-T.Etienne at NO 23. T.Etienne to NO 27 for 4 yards (D.Wonnum; D.Barnes)."
2026,WEEK 1,Sunday,September 13th,NO,DET,Overtime,2,New Orleans Saints,1,5,0,20 Yard Pass,4th & 3 at NO 27,"03:13 OT No Huddle, Shotgun",— T.Shough pass deep right to C.Olave to NO 47 for 20 yards (A.Maddox). ** Injury Update: DET-R.Ya-Sin has returned to the game.
2026,WEEK 1,Sunday,September 13th,NO,DET,Overtime,2,New Orleans Saints,1,6,0,1 Yard Run,1st & 10 at NO 47,02:38 OT,— T.Etienne right tackle to NO 48 for 1 yard (R.McCreary).
2026,WEEK 1,Sunday,September 13th,NO,DET,Overtime,2,New Orleans Saints,1,7,0,10 Yard Pass,2nd & 9 at NO 48,"02:17 OT No Huddle, Shotgun",— T.Shough pass short right to N.Fant ran ob at DET 42 for 10 yards (R.Ya-Sin).
2026,WEEK 1,Sunday,September 13th,NO,DET,Overtime,2,New Orleans Saints,1,8,0,2 Yard Run,1st & 10 at DET 42,02:12 OT,— K.Miller up the middle to DET 40 for 2 yards (E.O'Neill; A.Maddox).
2026,WEEK 1,Sunday,September 13th,NO,DET,Overtime,2,New Orleans Saints,1,9,0,5 Yard Penalty,2nd & 8 at DET 40,02:00 OT Shotgun,"— T.Shough pass incomplete short left to T.Etienne. PENALTY on DET-K.Abney, Illegal Use of Hands, 5 yards, enforced at DET 40 - No Play."
2026,WEEK 1,Sunday,September 13th,NO,DET,Overtime,2,New Orleans Saints,1,10,0,27 Yard Pass,1st & 10 at DET 35,01:53 OT Shotgun,— T.Shough pass deep right to J.Johnson pushed ob at DET 8 for 27 yards (T.Harper).
2026,WEEK 1,Sunday,September 13th,NO,DET,Overtime,2,New Orleans Saints,1,11,0,Pass Incomplete,1st & 8 at DET 8,01:45 OT,— T.Shough pass incomplete short right to J.Johnson (D.Barnes).
2026,WEEK 1,Sunday,September 13th,NO,DET,Overtime,2,New Orleans Saints,1,12,1,Touchdown,2nd & 8 at DET 8,01:38 OT Shotgun,"— T.Shough pass short right to N.Fant for 8 yards, TOUCHDOWN."
2026,WEEK 1,Sunday,September 13th,NO,DET,Overtime,2,New Orleans Saints,1,13,0,2PT Conversion Fails,,01:34 OT,— TWO-POINT CONVERSION ATTEMPT. T.Shough pass to B.Lance is incomplete. ATTEMPT FAILS.
2026,WEEK 1,Sunday,September 13th,BUF,HOU,1st Quarter,1,Buffalo Bills,0,1,0,Kickoff from HOU 35,,Kickoff,— K.Fairbairn kicks 57 yards from HOU 35 to BUF 8. G.Dortch to BUF 34 for 26 yards (J.Hansen; G.Odum).
2026,WEEK 1,Sunday,September 13th,BUF,HOU,1st Quarter,1,Buffalo Bills,0,2,0,9 Yard Run,1st & 10 at BUF 34,14:55 1st,— J.Cook left guard to BUF 43 for 9 yards (C.Bullock).
2026,WEEK 1,Sunday,September 13th,BUF,HOU,1st Quarter,1,Buffalo Bills,0,3,0,3 Yard Pass,2nd & 1 at BUF 43,14:21 1st,— T.Grable reported in as eligible. J.Allen pass short right to J.Cook pushed ob at BUF 46 for 3 yards (R.Blankenship).
2026,WEEK 1,Sunday,September 13th,BUF,HOU,1st Quarter,1,Buffalo Bills,0,4,0,11 Yard Run,1st & 10 at BUF 46,13:55 1st,— J.Cook up the middle to HOU 43 for 11 yards (C.Bullock).
2026,WEEK 1,Sunday,September 13th,BUF,HOU,1st Quarter,1,Buffalo Bills,0,5,0,3 Yard Run,1st & 10 at HOU 43,13:18 1st,— R.Davis right guard to HOU 40 for 3 yards (J.Pitre).
2026,WEEK 1,Sunday,September 13th,BUF,HOU,1st Quarter,1,Buffalo Bills,0,6,0,4 Yard Run,2nd & 7 at HOU 40,12:39 1st Shotgun,— J.Allen up the middle to HOU 36 for 4 yards (A.Al-Shaair).
2026,WEEK 1,Sunday,September 13th,BUF,HOU,1st Quarter,1,Buffalo Bills,0,7,0,2 Yard Run,3rd & 3 at HOU 36,12:02 1st Shotgun,— J.Cook left guard to HOU 34 for 2 yards (A.Al-Shaair; T.Togiai).
2026,WEEK 1,Sunday,September 13th,BUF,HOU,1st Quarter,1,Buffalo Bills,0,8,0,Turnover on Downs,4th & 1 at HOU 34,11:18 1st Shotgun,— J.Allen left end to HOU 36 for -2 yards (K.Lassiter).
2026,WEEK 1,Sunday,September 13th,BUF,HOU,1st Quarter,2,Houston Texans,0,1,0,1 Yard Run,1st & 10 at HOU 36,11:15 1st,— D.Montgomery left tackle to HOU 37 for 1 yard (T.Bernard).
2026,WEEK 1,Sunday,September 13th,BUF,HOU,1st Quarter,2,Houston Texans,0,2,0,-5 Yard Penalty,2nd & 9 at HOU 37,10:36 1st Shotgun,"— PENALTY on HOU-A.Ersery, False Start, 5 yards, enforced at HOU 37 - No Play."
2026,WEEK 1,Sunday,September 13th,BUF,HOU,1st Quarter,2,Houston Texans,0,3,0,2 Yard Run,2nd & 14 at HOU 32,10:17 1st Shotgun,— D.Montgomery left tackle to HOU 34 for 2 yards (T.Bernard; D.Walker).
2026,WEEK 1,Sunday,September 13th,BUF,HOU,1st Quarter,2,Houston Texans,0,4,0,Fumble,3rd & 12 at HOU 34,09:40 1st Shotgun,"— C.Stroud sacked at HOU 29 for -5 yards (G.Rousseau). FUMBLES (G.Rousseau) [G.Rousseau], RECOVERED by BUF-E.Oliver at HOU 32."
2026,WEEK 1,Sunday,September 13th,BUF,HOU,1st Quarter,3,Buffalo Bills,1,1,0,4 Yard Run,1st & 10 at HOU 32,09:32 1st,— J.Cook left guard to HOU 28 for 4 yards (J.Pitre; R.Blankenship).
2026,WEEK 1,Sunday,September 13th,BUF,HOU,1st Quarter,3,Buffalo Bills,1,2,0,-6 Yard Sack,2nd & 6 at HOU 28,08:56 1st,— J.Allen sacked at HOU 34 for -6 yards (J.Clowney).
2026,WEEK 1,Sunday,September 13th,BUF,HOU,1st Quarter,3,Buffalo Bills,1,3,0,11 Yard Pass,3rd & 12 at HOU 34,08:14 1st Shotgun,— J.Allen pass short left to K.Coleman to HOU 33 for 1 yard. Lateral to K.Shakir pushed ob at HOU 23 for 10 yards (R.Blankenship).
2026,WEEK 1,Sunday,September 13th,BUF,HOU,1st Quarter,3,Buffalo Bills,1,4,0,-5 Yard Penalty,4th & 1 at HOU 23,07:42 1st Run formation,"— PENALTY on BUF, Offensive Too Many Men on Field, 5 yards, enforced at HOU 23 - No Play."
2026,WEEK 1,Sunday,September 13th,BUF,HOU,1st Quarter,3,Buffalo Bills,1,5,1,Field Goal,4th & 6 at HOU 28,07:32 1st,"— T.Bass 46 yard field goal is GOOD, Center-R.Ferguson, Holder-T.Doman."
2026,WEEK 1,Sunday,September 13th,BUF,HOU,1st Quarter,4,Houston Texans,1,1,0,Kickoff from BUF 35,,Kickoff,— T.Bass kicks 64 yards from BUF 35 to HOU 1. J.Noel to HOU 24 for 23 yards (K.Latu; M.Hoecht).
2026,WEEK 1,Sunday,September 13th,BUF,HOU,1st Quarter,4,Houston Texans,1,2,0,4 Yard Run,1st & 10 at HOU 24,07:21 1st Shotgun,— D.Montgomery right guard to HOU 28 for 4 yards (G.Rousseau).
2026,WEEK 1,Sunday,September 13th,BUF,HOU,1st Quarter,4,Houston Texans,1,3,0,9 Yard Pass,2nd & 6 at HOU 28,06:43 1st Shotgun,— C.Stroud pass short right to N.Collins to HOU 37 for 9 yards (T.Bernard; C.Bishop).
2026,WEEK 1,Sunday,September 13th,BUF,HOU,1st Quarter,4,Houston Texans,1,4,0,7 Yard Run,1st & 10 at HOU 37,06:04 1st Shotgun,— D.Montgomery left tackle to HOU 44 for 7 yards (T.Bernard; D.Williams).
2026,WEEK 1,Sunday,September 13th,BUF,HOU,1st Quarter,4,Houston Texans,1,5,0,16 Yard Pass,2nd & 3 at HOU 44,05:24 1st,— C.Stroud pass short left to M.Klein to BUF 40 for 16 yards (M.Hairston).
2026,WEEK 1,Sunday,September 13th,BUF,HOU,1st Quarter,4,Houston Texans,1,6,0,4 Yard Run,1st & 10 at BUF 40,04:43 1st,— W.Marks left guard to BUF 36 for 4 yards (M.Hoecht; D.Williams).
2026,WEEK 1,Sunday,September 13th,BUF,HOU,1st Quarter,4,Houston Texans,1,7,0,7 Yard Run,2nd & 6 at BUF 36,04:03 1st,— N.Collins right end pushed ob at BUF 29 for 7 yards (C.Gardner-Johnson).
2026,WEEK 1,Sunday,September 13th,BUF,HOU,1st Quarter,4,Houston Texans,1,8,0,2 Yard Run,1st & 10 at BUF 29,03:20 1st,— B.Fisher reported in as eligible. D.Montgomery left end to BUF 27 for 2 yards (G.Gaines; T.Bernard).
2026,WEEK 1,Sunday,September 13th,BUF,HOU,1st Quarter,4,Houston Texans,1,9,0,Pass Incomplete,2nd & 8 at BUF 27,02:37 1st,— C.Stroud pass incomplete deep right to K.Boutte.
2026,WEEK 1,Sunday,September 13th,BUF,HOU,1st Quarter,4,Houston Texans,1,10,0,25 Yard Pass,3rd & 8 at BUF 27,02:30 1st Shotgun,— C.Stroud pass deep right to N.Collins pushed ob at BUF 2 for 25 yards (C.Gardner-Johnson).
2026,WEEK 1,Sunday,September 13th,BUF,HOU,1st Quarter,4,Houston Texans,1,11,0,1 Yard Run,1st & 2 at BUF 2,01:53 1st,"— D.Montgomery right guard to BUF 1 for 1 yard (T.Bernard, B.Chubb)."
2026,WEEK 1,Sunday,September 13th,BUF,HOU,1st Quarter,4,Houston Texans,1,12,0,0 Yard Run,2nd & 1 at BUF 1,01:15 1st,— B.Fisher reported in as eligible. D.Montgomery right tackle to BUF 1 for no gain (D.Walker; D.Williams).
2026,WEEK 1,Sunday,September 13th,BUF,HOU,1st Quarter,4,Houston Texans,1,13,1,Touchdown,3rd & 1 at BUF 1,00:37 1st,"— D.Montgomery right guard for 1 yard, TOUCHDOWN."
2026,WEEK 1,Sunday,September 13th,BUF,HOU,1st Quarter,4,Houston Texans,1,14,1,Extra Point,,00:32 1st,"— K.Fairbairn extra point is GOOD, Center-A.Brinkman, Holder-K.Kroeger."
2026,WEEK 1,Sunday,September 13th,BUF,HOU,2nd Quarter,1,Buffalo Bills,1,1,0,Kickoff from HOU 35,,Kickoff,— K.Fairbairn kicks 64 yards from HOU 35 to BUF 1. G.Dortch to BUF 38 for 37 yards (J.Smith).
2026,WEEK 1,Sunday,September 13th,BUF,HOU,2nd Quarter,1,Buffalo Bills,1,2,0,19 Yard Pass,1st & 10 at BUF 38,00:25 1st Shotgun,— J.Allen pass deep middle to K.Shakir to HOU 43 for 19 yards (C.Bullock).
2026,WEEK 1,Sunday,September 13th,BUF,HOU,2nd Quarter,1,Buffalo Bills,1,3,0,-5 Yard Penalty,1st & 10 at HOU 43,15:00 2nd Shotgun,"— J.Allen pass incomplete deep right [H.To'oTo'o]. PENALTY on BUF-O.Torrence, Ineligible Downfield Pass, 5 yards, enforced at HOU 43 - No Play."
2026,WEEK 1,Sunday,September 13th,BUF,HOU,2nd Quarter,1,Buffalo Bills,1,4,0,Pass Incomplete,1st & 15 at HOU 48,14:52 2nd Shotgun,"— J.Allen pass incomplete short right to D.Kincaid. Penalty on BUF-C.McGovern, Ineligible Downfield Pass, declined."
2026,WEEK 1,Sunday,September 13th,BUF,HOU,2nd Quarter,1,Buffalo Bills,1,5,0,16 Yard Pass,2nd & 15 at HOU 48,14:48 2nd Shotgun,— J.Allen pass short right to K.Shakir to HOU 32 for 16 yards (A.Al-Shaair; J.Pitre).
2026,WEEK 1,Sunday,September 13th,BUF,HOU,2nd Quarter,1,Buffalo Bills,1,6,0,7 Yard Run,1st & 10 at HOU 32,14:07 2nd,— J.Cook right end pushed ob at HOU 25 for 7 yards (D.Stingley).
2026,WEEK 1,Sunday,September 13th,BUF,HOU,2nd Quarter,1,Buffalo Bills,1,7,0,4 Yard Run,2nd & 3 at HOU 25,13:32 2nd,— J.Cook left guard to HOU 21 for 4 yards (A.Al-Shaair).
2026,WEEK 1,Sunday,September 13th,BUF,HOU,2nd Quarter,1,Buffalo Bills,1,8,1,Touchdown,1st & 10 at HOU 21,12:57 2nd Shotgun,"— J.Allen scrambles right end for 21 yards, TOUCHDOWN."
2026,WEEK 1,Sunday,September 13th,BUF,HOU,2nd Quarter,1,Buffalo Bills,1,9,1,Extra Point,,12:46 2nd,"— T.Bass extra point is GOOD, Center-R.Ferguson, Holder-T.Doman."
2026,WEEK 1,Sunday,September 13th,BUF,HOU,2nd Quarter,2,Houston Texans,1,1,0,Kickoff from BUF 35,,Kickoff,— T.Bass kicks 62 yards from BUF 35 to HOU 3. W.Marks to HOU 25 for 22 yards (J.Andreessen).
2026,WEEK 1,Sunday,September 13th,BUF,HOU,2nd Quarter,2,Houston Texans,1,2,0,6 Yard Pass,1st & 10 at HOU 25,12:39 2nd,— C.Stroud pass short right to F.Moreau to HOU 31 for 6 yards (C.Bishop).
2026,WEEK 1,Sunday,September 13th,BUF,HOU,2nd Quarter,2,Houston Texans,1,3,0,4 Yard Run,2nd & 4 at HOU 31,11:56 2nd Shotgun,— W.Marks left tackle to HOU 35 for 4 yards (T.Bernard).
2026,WEEK 1,Sunday,September 13th,BUF,HOU,2nd Quarter,2,Houston Texans,1,4,0,5 Yard Penalty,1st & 10 at HOU 35,11:15 2nd Shotgun,"— C.Stroud pass short left to N.Collins to HOU 38 for 3 yards (T.Bernard; C.Benford). PENALTY on BUF-D.Alford, Defensive Holding, 5 yards, enforced at HOU 35 - No Play."
2026,WEEK 1,Sunday,September 13th,BUF,HOU,2nd Quarter,2,Houston Texans,1,5,0,Pass Incomplete,1st & 10 at HOU 40,10:51 2nd,— C.Stroud pass incomplete short middle to D.Schultz [G.Rousseau].
2026,WEEK 1,Sunday,September 13th,BUF,HOU,2nd Quarter,2,Houston Texans,1,6,0,-2 Yard Pass,2nd & 10 at HOU 40,10:47 2nd Shotgun,— C.Stroud pass short left to W.Marks to HOU 38 for -2 yards (D.Walker).
2026,WEEK 1,Sunday,September 13th,BUF,HOU,2nd Quarter,2,Houston Texans,1,7,0,15 Yard Run,3rd & 12 at HOU 38,10:06 2nd Shotgun,— C.Stroud scrambles up the middle to BUF 47 for 15 yards (T.Bernard).
2026,WEEK 1,Sunday,September 13th,BUF,HOU,2nd Quarter,2,Houston Texans,1,8,0,6 Yard Run,1st & 10 at BUF 47,09:18 2nd Shotgun,— B.Fisher reported in as eligible. D.Montgomery left guard to BUF 41 for 6 yards (M.Hoecht).
2026,WEEK 1,Sunday,September 13th,BUF,HOU,2nd Quarter,2,Houston Texans,1,9,0,3 Yard Run,2nd & 4 at BUF 41,08:41 2nd,— D.Montgomery right end to BUF 38 for 3 yards (T.Bernard; M.Hairston).
2026,WEEK 1,Sunday,September 13th,BUF,HOU,2nd Quarter,2,Houston Texans,1,10,0,2 Yard Run,3rd & 1 at BUF 38,08:01 2nd,— D.Montgomery right tackle to BUF 36 for 2 yards (G.Gaines).
2026,WEEK 1,Sunday,September 13th,BUF,HOU,2nd Quarter,2,Houston Texans,1,11,0,Timeout,,07:21 2nd,— Timeout #1 by HOU at 07:21.
2026,WEEK 1,Sunday,September 13th,BUF,HOU,2nd Quarter,2,Houston Texans,1,12,0,Pass Incomplete,1st & 10 at BUF 36,07:21 2nd Shotgun,— B.Fisher reported in as eligible. C.Stroud pass incomplete short left to D.Schultz [G.Rousseau].
2026,WEEK 1,Sunday,September 13th,BUF,HOU,2nd Quarter,2,Houston Texans,1,13,0,12 Yard Run,2nd & 10 at BUF 36,07:16 2nd Shotgun,— W.Marks up the middle to BUF 24 for 12 yards (C.Bishop; D.Alford).
2026,WEEK 1,Sunday,September 13th,BUF,HOU,2nd Quarter,2,Houston Texans,1,14,0,-2 Yard Pass,1st & 10 at BUF 24,06:33 2nd Shotgun,— C.Stroud pass short left to C.Stover to BUF 26 for -2 yards (T.Bernard) [B.Chubb].
2026,WEEK 1,Sunday,September 13th,BUF,HOU,2nd Quarter,2,Houston Texans,1,15,0,3 Yard Pass,2nd & 12 at BUF 26,05:49 2nd Shotgun,— C.Stroud pass short right to X.Hutchinson to BUF 23 for 3 yards (C.Gardner-Johnson; D.Walker).
2026,WEEK 1,Sunday,September 13th,BUF,HOU,2nd Quarter,2,Houston Texans,1,16,0,5 Yard Penalty,3rd & 9 at BUF 23,05:03 2nd Shotgun,"— C.Stroud pass incomplete deep right. PENALTY on BUF-D.Hamlin, Defensive Holding, 5 yards, enforced at BUF 23 - No Play."
2026,WEEK 1,Sunday,September 13th,BUF,HOU,2nd Quarter,2,Houston Texans,1,17,1,Touchdown,1st & 10 at BUF 18,04:53 2nd Shotgun,"— D.Montgomery up the middle for 18 yards, TOUCHDOWN."
2026,WEEK 1,Sunday,September 13th,BUF,HOU,2nd Quarter,2,Houston Texans,1,18,1,Extra Point,,04:48 2nd,"— K.Fairbairn extra point is GOOD, Center-A.Brinkman, Holder-K.Kroeger."
2026,WEEK 1,Sunday,September 13th,BUF,HOU,2nd Quarter,3,Buffalo Bills,1,1,0,Kickoff from HOU 35,,Kickoff,"— K.Fairbairn kicks 65 yards from HOU 35 to end zone, Touchback to the BUF 35."
2026,WEEK 1,Sunday,September 13th,BUF,HOU,2nd Quarter,3,Buffalo Bills,1,2,0,18 Yard Pass,1st & 10 at BUF 35,04:48 2nd,— J.Allen pass deep left to D.Moore to HOU 47 for 18 yards (C.Bullock; K.Lassiter).
2026,WEEK 1,Sunday,September 13th,BUF,HOU,2nd Quarter,3,Buffalo Bills,1,3,0,46 Yard Penalty,1st & 10 at HOU 47,04:13 2nd,"— J.Allen pass incomplete deep left to D.Moore (K.Lassiter). PENALTY on HOU-K.Lassiter, Defensive Pass Interference, 46 yards, enforced at HOU 47 - No Play."
2026,WEEK 1,Sunday,September 13th,BUF,HOU,2nd Quarter,3,Buffalo Bills,1,4,0,Pass Incomplete,1st & 1 at HOU 1,04:05 2nd,— J.Allen pass incomplete short right to K.Shakir (J.Pitre).
2026,WEEK 1,Sunday,September 13th,BUF,HOU,2nd Quarter,3,Buffalo Bills,1,5,1,Touchdown,2nd & 1 at HOU 1,04:02 2nd,"— J.Allen up the middle for 1 yard, TOUCHDOWN."
2026,WEEK 1,Sunday,September 13th,BUF,HOU,2nd Quarter,3,Buffalo Bills,1,6,1,Extra Point,,03:59 2nd,"— T.Bass extra point is GOOD, Center-R.Ferguson, Holder-T.Doman."
2026,WEEK 1,Sunday,September 13th,BUF,HOU,2nd Quarter,4,Houston Texans,0,1,0,Kickoff from BUF 35,,Kickoff,— T.Bass kicks 65 yards from BUF 35 to HOU 0. T.Smith to HOU 26 for 26 yards (T.Parker; J.Solomon).
2026,WEEK 1,Sunday,September 13th,BUF,HOU,2nd Quarter,4,Houston Texans,0,2,0,5 Yard Penalty,1st & 10 at HOU 26,03:51 2nd Shotgun,"— C.Stroud pass short right to J.Wayne pushed ob at HOU 33 for 7 yards (C.Gardner-Johnson). PENALTY on BUF-D.Igbinosun, Defensive Holding, 5 yards, enforced at HOU 26 - No Play."
2026,WEEK 1,Sunday,September 13th,BUF,HOU,2nd Quarter,4,Houston Texans,0,3,0,5 Yard Run,1st & 10 at HOU 31,03:33 2nd,— D.Montgomery up the middle to HOU 36 for 5 yards (T.Parker; C.Bishop). BUF-C.Bishop was injured during the play.
2026,WEEK 1,Sunday,September 13th,BUF,HOU,2nd Quarter,4,Houston Texans,0,4,0,3 Yard Pass,2nd & 5 at HOU 36,03:05 2nd,— C.Stroud pass short middle to D.Montgomery to HOU 39 for 3 yards (D.Williams).
2026,WEEK 1,Sunday,September 13th,BUF,HOU,2nd Quarter,4,Houston Texans,0,5,0,Pass Incomplete,3rd & 2 at HOU 39,02:26 2nd Shotgun,— C.Stroud pass incomplete short left to X.Hutchinson (D.Igbinosun).
2026,WEEK 1,Sunday,September 13th,BUF,HOU,2nd Quarter,4,Houston Texans,0,6,0,Punt,4th & 2 at HOU 39,02:22 2nd,"— K.Kroeger punts 57 yards to BUF 4, Center-A.Brinkman, downed by HOU-T.Smith."
2026,WEEK 1,Sunday,September 13th,BUF,HOU,2nd Quarter,5,Buffalo Bills,1,1,0,38 Yard Pass,1st & 10 at BUF 4,02:10 2nd,— J.Allen pass deep right to D.Kincaid to BUF 42 for 38 yards (D.Stingley).
2026,WEEK 1,Sunday,September 13th,BUF,HOU,2nd Quarter,5,Buffalo Bills,1,2,0,15 Yard Pass,1st & 10 at BUF 42,02:00 2nd Shotgun,— J.Allen pass short middle to D.Moore to HOU 43 for 15 yards (R.Blankenship).
2026,WEEK 1,Sunday,September 13th,BUF,HOU,2nd Quarter,5,Buffalo Bills,1,3,1,Touchdown,1st & 10 at HOU 43,"01:39 2nd No Huddle, Shotgun","— J.Allen pass deep right to D.Moore for 43 yards, TOUCHDOWN."
2026,WEEK 1,Sunday,September 13th,BUF,HOU,2nd Quarter,5,Buffalo Bills,1,4,1,Extra Point,,01:29 2nd,"— T.Bass extra point is GOOD, Center-R.Ferguson, Holder-T.Doman."
2026,WEEK 1,Sunday,September 13th,BUF,HOU,2nd Quarter,6,Houston Texans,1,1,0,Kickoff from BUF 35,,Kickoff,"— T.Bass kicks 62 yards from BUF 35 to HOU 3. J.Noel to HOU 24 for 21 yards (K.Latu). PENALTY on HOU-G.Odum, Offensive Holding, 10 yards, enforced at HOU 24."
2026,WEEK 1,Sunday,September 13th,BUF,HOU,2nd Quarter,6,Houston Texans,1,2,0,9 Yard Pass,1st & 10 at HOU 14,01:24 2nd Shotgun,— C.Stroud pass short left to D.Schultz to HOU 23 for 9 yards (K.Elarms-Orr; C.Gardner-Johnson).
2026,WEEK 1,Sunday,September 13th,BUF,HOU,2nd Quarter,6,Houston Texans,1,3,0,21 Yard Penalty,2nd & 1 at HOU 23,"01:03 2nd No Huddle, Shotgun","— C.Stroud pass incomplete deep left to N.Collins. PENALTY on BUF-C.Benford, Defensive Pass Interference, 21 yards, enforced at HOU 23 - No Play."
2026,WEEK 1,Sunday,September 13th,BUF,HOU,2nd Quarter,6,Houston Texans,1,4,0,9 Yard Pass,1st & 10 at HOU 44,00:58 2nd Shotgun,— C.Stroud pass short left to X.Hutchinson to BUF 47 for 9 yards (C.Benford; K.Elarms-Orr).
2026,WEEK 1,Sunday,September 13th,BUF,HOU,2nd Quarter,6,Houston Texans,1,5,0,35 Yard Pass,2nd & 1 at BUF 47,"00:40 2nd No Huddle, Shotgun",— C.Stroud pass short middle to J.Noel pushed ob at BUF 12 for 35 yards (C.Gardner-Johnson).
2026,WEEK 1,Sunday,September 13th,BUF,HOU,2nd Quarter,6,Houston Texans,1,6,1,Touchdown,1st & 10 at BUF 12,00:31 2nd Shotgun,"— C.Stroud pass short middle to N.Collins for 12 yards, TOUCHDOWN."
2026,WEEK 1,Sunday,September 13th,BUF,HOU,2nd Quarter,6,Houston Texans,1,7,1,Extra Point,,00:26 2nd,"— K.Fairbairn extra point is GOOD, Center-A.Brinkman, Holder-K.Kroeger."
2026,WEEK 1,Sunday,September 13th,BUF,HOU,2nd Quarter,7,Buffalo Bills,0,1,0,Kickoff from HOU 35,,Kickoff,"— K.Fairbairn kicks 60 yards from HOU 35 to BUF 5. R.Davis to BUF 46 for 41 yards (C.Stover; K.Fairbairn). PENALTY on BUF-J.Andreessen, Offensive Holding, 10 yards, enforced at BUF 27."
2026,WEEK 1,Sunday,September 13th,BUF,HOU,2nd Quarter,7,Buffalo Bills,0,2,0,Pass Incomplete,1st & 10 at BUF 17,00:18 2nd Shotgun,— J.Allen pass incomplete deep middle to D.Moore (C.Bullock).
2026,WEEK 1,Sunday,September 13th,BUF,HOU,2nd Quarter,7,Buffalo Bills,0,3,0,3 Yard Run,2nd & 10 at BUF 17,00:10 2nd,— F.Gore up the middle to BUF 20 for 3 yards (W.Anderson; S.Rankins).
2026,WEEK 1,Sunday,September 13th,BUF,HOU,3rd Quarter,1,Houston Texans,0,1,0,Kickoff from BUF 35,,Kickoff,— T.Bass kicks 62 yards from BUF 35 to HOU 3. W.Marks to HOU 34 for 31 yards (D.Igbinosun; M.Hoecht).
2026,WEEK 1,Sunday,September 13th,BUF,HOU,3rd Quarter,1,Houston Texans,0,2,0,5 Yard Run,1st & 10 at HOU 34,14:55 3rd Shotgun,— D.Montgomery left guard to HOU 39 for 5 yards (L.Jackson). ** Injury Update: BUF-C.Bishop has returned to the game.
2026,WEEK 1,Sunday,September 13th,BUF,HOU,3rd Quarter,1,Houston Texans,0,3,0,0 Yard Run,2nd & 5 at HOU 39,14:19 3rd,— B.Fisher reported in as eligible. D.Montgomery right tackle to HOU 39 for no gain (G.Rousseau).
2026,WEEK 1,Sunday,September 13th,BUF,HOU,3rd Quarter,1,Houston Texans,0,4,0,-15 Yard Penalty,3rd & 5 at HOU 39,13:39 3rd Shotgun,"— C.Stroud pass short middle to K.Boutte to HOU 45 for 6 yards (M.Hoecht). PENALTY on HOU-D.Montgomery, Chop Block, 15 yards, enforced at HOU 39 - No Play."
2026,WEEK 1,Sunday,September 13th,BUF,HOU,3rd Quarter,1,Houston Texans,0,5,0,Pass Incomplete,3rd & 20 at HOU 24,13:24 3rd Shotgun,— C.Stroud pass incomplete short left to D.Schultz [B.Chubb]. HOU-E.Brown was injured during the play.
2026,WEEK 1,Sunday,September 13th,BUF,HOU,3rd Quarter,1,Houston Texans,0,6,0,Punt,4th & 20 at HOU 24,13:19 3rd,"— K.Kroeger punts 48 yards to BUF 28, Center-A.Brinkman. G.Dortch pushed ob at BUF 36 for 8 yards (C.Stover; W.Woodaz). PENALTY on BUF-S.Franklin, Illegal Blindside Block, 14 yards, enforced at BUF 28."
2026,WEEK 1,Sunday,September 13th,BUF,HOU,3rd Quarter,2,Buffalo Bills,0,1,0,1 Yard Run,1st & 10 at BUF 14,13:10 3rd,— J.Cook right tackle to BUF 15 for 1 yard (A.Al-Shaair).
2026,WEEK 1,Sunday,September 13th,BUF,HOU,3rd Quarter,2,Buffalo Bills,0,2,0,3 Yard Pass,2nd & 9 at BUF 15,12:33 3rd Shotgun,— J.Allen pass short right to K.Shakir to BUF 18 for 3 yards (S.Rankins; R.Blankenship).
2026,WEEK 1,Sunday,September 13th,BUF,HOU,3rd Quarter,2,Buffalo Bills,0,3,0,17 Yard Pass,3rd & 6 at BUF 18,12:01 3rd Shotgun,— J.Allen pass deep right to D.Moore ran ob at BUF 35 for 17 yards.
2026,WEEK 1,Sunday,September 13th,BUF,HOU,3rd Quarter,2,Buffalo Bills,0,4,0,1 Yard Run,1st & 10 at BUF 35,11:35 3rd,— J.Cook right tackle to BUF 36 for 1 yard (A.Al-Shaair; S.Rankins).
2026,WEEK 1,Sunday,September 13th,BUF,HOU,3rd Quarter,2,Buffalo Bills,0,5,0,-10 Yard Penalty,2nd & 9 at BUF 36,10:54 3rd Shotgun,"— J.Allen pass short middle to K.Shakir to BUF 46 for 10 yards (A.Al-Shaair; H.To'oTo'o). PENALTY on BUF-A.Anderson, Offensive Holding, 10 yards, enforced at BUF 36 - No Play."
2026,WEEK 1,Sunday,September 13th,BUF,HOU,3rd Quarter,2,Buffalo Bills,0,6,0,Pass Incomplete,2nd & 19 at BUF 26,10:31 3rd Shotgun,"— J.Allen pass incomplete deep left. Penalty on BUF-D.Dawkins, Offensive Holding, declined."
2026,WEEK 1,Sunday,September 13th,BUF,HOU,3rd Quarter,2,Buffalo Bills,0,7,0,7 Yard Pass,3rd & 19 at BUF 26,10:18 3rd Shotgun,— J.Allen pass short right to D.Moore to BUF 33 for 7 yards (H.To'oTo'o).
2026,WEEK 1,Sunday,September 13th,BUF,HOU,3rd Quarter,2,Buffalo Bills,0,8,0,Punt,4th & 12 at BUF 33,09:41 3rd,"— T.Doman punts 63 yards to HOU 4, Center-R.Ferguson, downed by BUF-S.Franklin."
2026,WEEK 1,Sunday,September 13th,BUF,HOU,3rd Quarter,3,Houston Texans,0,1,0,-2 Yard Run,1st & 10 at HOU 4,09:26 3rd Shotgun,— B.Fisher reported in as eligible. W.Marks right guard to HOU 2 for -2 yards (E.Oliver). ** Injury Update: HOU-E.Brown has returned to the game.
2026,WEEK 1,Sunday,September 13th,BUF,HOU,3rd Quarter,3,Houston Texans,0,2,0,Pass Incomplete,2nd & 12 at HOU 2,08:46 3rd Shotgun,— C.Stroud pass incomplete short middle to D.Schultz (G.Rousseau).
2026,WEEK 1,Sunday,September 13th,BUF,HOU,3rd Quarter,3,Houston Texans,0,3,0,7 Yard Run,3rd & 12 at HOU 2,08:42 3rd Shotgun,— W.Marks right guard to HOU 9 for 7 yards (D.Hamlin; E.Oliver). BUF-T.Bernard was injured during the play.
2026,WEEK 1,Sunday,September 13th,BUF,HOU,3rd Quarter,3,Houston Texans,0,4,0,Punt,4th & 5 at HOU 9,08:10 3rd,"— K.Kroeger punts 44 yards to BUF 47, Center-A.Brinkman. G.Dortch to HOU 43 for 10 yards (R.Blankenship; J.Hansen). HOU-J.Hummel was injured during the play."
2026,WEEK 1,Sunday,September 13th,BUF,HOU,3rd Quarter,4,Buffalo Bills,1,1,0,1 Yard Run,1st & 10 at HOU 43,07:58 3rd,— J.Cook left guard to HOU 42 for 1 yard (W.Anderson).
2026,WEEK 1,Sunday,September 13th,BUF,HOU,3rd Quarter,4,Buffalo Bills,1,2,0,15 Yard Penalty,2nd & 9 at HOU 42,07:22 3rd Shotgun,"— J.Allen pass incomplete deep middle to D.Moore. PENALTY on HOU-M.Edwards, Roughing the Passer, 15 yards, enforced at HOU 42 - No Play. Penalty on HOU-K.Lassiter, Illegal Contact, declined."
2026,WEEK 1,Sunday,September 13th,BUF,HOU,3rd Quarter,4,Buffalo Bills,1,3,0,11 Yard Pass,1st & 10 at HOU 27,07:15 3rd,— J.Allen pass short middle to D.Kincaid to HOU 16 for 11 yards (C.Bullock).
2026,WEEK 1,Sunday,September 13th,BUF,HOU,3rd Quarter,4,Buffalo Bills,1,4,0,3 Yard Run,1st & 10 at HOU 16,06:34 3rd Shotgun,— J.Cook right guard to HOU 13 for 3 yards (T.Togiai).
2026,WEEK 1,Sunday,September 13th,BUF,HOU,3rd Quarter,4,Buffalo Bills,1,5,0,-5 Yard Sack,2nd & 7 at HOU 13,05:56 3rd Shotgun,— J.Allen sacked at HOU 18 for -5 yards (sack split by M.Edwards and W.Anderson).
2026,WEEK 1,Sunday,September 13th,BUF,HOU,3rd Quarter,4,Buffalo Bills,1,6,0,2 Yard Pass,3rd & 12 at HOU 18,05:11 3rd Shotgun,— J.Allen pass short right to K.Shakir to HOU 16 for 2 yards (A.Al-Shaair).
2026,WEEK 1,Sunday,September 13th,BUF,HOU,3rd Quarter,4,Buffalo Bills,1,7,1,Field Goal,4th & 10 at HOU 16,04:27 3rd,"— T.Bass 34 yard field goal is GOOD, Center-R.Ferguson, Holder-T.Doman."
2026,WEEK 1,Sunday,September 13th,BUF,HOU,4th Quarter,1,Houston Texans,1,1,0,Kickoff from BUF 35,,Kickoff,— T.Bass kicks 62 yards from BUF 35 to HOU 3. W.Marks to HOU 28 for 25 yards (M.Hoecht; J.Andreessen).
2026,WEEK 1,Sunday,September 13th,BUF,HOU,4th Quarter,1,Houston Texans,1,2,0,Pass Incomplete,1st & 10 at HOU 28,04:19 3rd,— C.Stroud pass incomplete deep left. ** Injury Update: BUF-T.Bernard has returned to the game.
2026,WEEK 1,Sunday,September 13th,BUF,HOU,4th Quarter,1,Houston Texans,1,3,0,9 Yard Pass,2nd & 10 at HOU 28,04:13 3rd Shotgun,— C.Stroud pass short middle to D.Montgomery to HOU 37 for 9 yards (D.Williams).
2026,WEEK 1,Sunday,September 13th,BUF,HOU,4th Quarter,1,Houston Texans,1,4,0,0 Yard Run,3rd & 1 at HOU 37,03:33 3rd,— D.Montgomery right guard to HOU 37 for no gain (E.Oliver).
2026,WEEK 1,Sunday,September 13th,BUF,HOU,4th Quarter,1,Houston Texans,1,5,0,2 Yard Run,4th & 1 at HOU 37,02:50 3rd,— B.Fisher reported in as eligible. D.Montgomery right tackle to HOU 39 for 2 yards (C.Benford; J.Solomon).
2026,WEEK 1,Sunday,September 13th,BUF,HOU,4th Quarter,1,Houston Texans,1,6,0,9 Yard Pass,1st & 10 at HOU 39,02:08 3rd Shotgun,— C.Stroud pass short right to F.Moreau to HOU 48 for 9 yards (D.Igbinosun).
2026,WEEK 1,Sunday,September 13th,BUF,HOU,4th Quarter,1,Houston Texans,1,7,0,21 Yard Pass,2nd & 1 at HOU 48,"01:35 3rd No Huddle, Shotgun",— C.Stroud pass short middle to K.Boutte to BUF 31 for 21 yards (C.Gardner-Johnson).
2026,WEEK 1,Sunday,September 13th,BUF,HOU,4th Quarter,1,Houston Texans,1,8,0,Pass Incomplete,1st & 10 at BUF 31,"01:12 3rd No Huddle, Shotgun",— C.Stroud pass incomplete deep left to N.Collins.
2026,WEEK 1,Sunday,September 13th,BUF,HOU,4th Quarter,1,Houston Texans,1,9,0,9 Yard Pass,2nd & 10 at BUF 31,01:07 3rd Shotgun,— C.Stroud pass short middle to N.Collins to BUF 22 for 9 yards (C.Bishop).
2026,WEEK 1,Sunday,September 13th,BUF,HOU,4th Quarter,1,Houston Texans,1,10,0,0 Yard Run,3rd & 1 at BUF 22,00:47 3rd No Huddle,— C.Stroud left guard to BUF 22 for no gain (D.Williams).
2026,WEEK 1,Sunday,September 13th,BUF,HOU,4th Quarter,1,Houston Texans,1,11,0,3 Yard Run,4th & 1 at BUF 22,00:04 3rd,— B.Fisher reported in as eligible. W.Marks right guard to BUF 19 for 3 yards (D.Williams; D.Carter).
2026,WEEK 1,Sunday,September 13th,BUF,HOU,4th Quarter,1,Houston Texans,1,12,0,12 Yard Pass,1st & 10 at BUF 19,15:00 4th Shotgun,— C.Stroud pass short middle to J.Wayne to BUF 7 for 12 yards (C.Benford).
2026,WEEK 1,Sunday,September 13th,BUF,HOU,4th Quarter,1,Houston Texans,1,13,0,0 Yard Run,1st & 7 at BUF 7,14:17 4th Shotgun,— B.Fisher reported in as eligible. D.Montgomery left guard to BUF 7 for no gain (D.Walker).
2026,WEEK 1,Sunday,September 13th,BUF,HOU,4th Quarter,1,Houston Texans,1,14,1,Touchdown,2nd & 7 at BUF 7,13:39 4th Shotgun,"— C.Stroud pass short right to D.Montgomery for 7 yards, TOUCHDOWN."
2026,WEEK 1,Sunday,September 13th,BUF,HOU,4th Quarter,1,Houston Texans,1,15,1,Extra Point,,13:34 4th,"— K.Fairbairn extra point is GOOD, Center-A.Brinkman, Holder-K.Kroeger."
2026,WEEK 1,Sunday,September 13th,BUF,HOU,4th Quarter,2,Buffalo Bills,1,1,0,Kickoff from HOU 35,,Kickoff,— K.Fairbairn kicks 60 yards from HOU 35 to BUF 5. R.Davis pushed ob at BUF 34 for 29 yards (T.Smith).
2026,WEEK 1,Sunday,September 13th,BUF,HOU,4th Quarter,2,Buffalo Bills,1,2,0,Pass Incomplete,1st & 10 at BUF 34,13:29 4th,— J.Allen pass incomplete short right to J.Cook [J.Clowney].
2026,WEEK 1,Sunday,September 13th,BUF,HOU,4th Quarter,2,Buffalo Bills,1,3,0,6 Yard Pass,2nd & 10 at BUF 34,13:23 4th Shotgun,— J.Allen pass short middle to D.Kincaid to BUF 40 for 6 yards (R.Blankenship).
2026,WEEK 1,Sunday,September 13th,BUF,HOU,4th Quarter,2,Buffalo Bills,1,4,0,40 Yard Pass,3rd & 4 at BUF 40,12:44 4th Shotgun,— J.Allen pass deep right to D.Kincaid to HOU 20 for 40 yards (C.Bullock).
2026,WEEK 1,Sunday,September 13th,BUF,HOU,4th Quarter,2,Buffalo Bills,1,5,0,3 Yard Run,1st & 10 at HOU 20,11:58 4th,— J.Cook right guard to HOU 17 for 3 yards (J.Pitre).
2026,WEEK 1,Sunday,September 13th,BUF,HOU,4th Quarter,2,Buffalo Bills,1,6,0,3 Yard Pass,2nd & 7 at HOU 17,11:15 4th Shotgun,— J.Allen pass short left to J.Cook pushed ob at HOU 14 for 3 yards (J.Pitre).
2026,WEEK 1,Sunday,September 13th,BUF,HOU,4th Quarter,2,Buffalo Bills,1,7,0,Pass Incomplete,3rd & 4 at HOU 14,10:41 4th Shotgun,— J.Allen pass incomplete short right to K.Shakir (S.Rankins).
2026,WEEK 1,Sunday,September 13th,BUF,HOU,4th Quarter,2,Buffalo Bills,1,8,1,Field Goal,4th & 4 at HOU 14,10:36 4th,"— T.Bass 33 yard field goal is GOOD, Center-R.Ferguson, Holder-T.Doman."
2026,WEEK 1,Sunday,September 13th,BUF,HOU,4th Quarter,3,Houston Texans,1,1,0,Kickoff from BUF 35,,Kickoff,— T.Bass kicks 58 yards from BUF 35 to HOU 7. T.Smith to HOU 35 for 28 yards (J.Hancock; J.Andreessen).
2026,WEEK 1,Sunday,September 13th,BUF,HOU,4th Quarter,3,Houston Texans,1,2,0,Pass Incomplete,1st & 10 at HOU 35,10:26 4th Shotgun,— C.Stroud pass incomplete deep left to N.Collins.
2026,WEEK 1,Sunday,September 13th,BUF,HOU,4th Quarter,3,Houston Texans,1,3,0,-10 Yard Penalty,2nd & 10 at HOU 35,10:22 4th Shotgun,"— C.Stroud pass incomplete short right. PENALTY on HOU-A.Ersery, Offensive Holding, 10 yards, enforced at HOU 35 - No Play."
2026,WEEK 1,Sunday,September 13th,BUF,HOU,4th Quarter,3,Houston Texans,1,4,0,10 Yard Run,2nd & 20 at HOU 25,10:14 4th Shotgun,— W.Marks left guard to HOU 35 for 10 yards (T.Bernard).
2026,WEEK 1,Sunday,September 13th,BUF,HOU,4th Quarter,3,Houston Texans,1,5,0,20 Yard Pass,3rd & 10 at HOU 35,09:28 4th Shotgun,— C.Stroud pass short middle to X.Hutchinson pushed ob at BUF 45 for 20 yards (M.Hairston).
2026,WEEK 1,Sunday,September 13th,BUF,HOU,4th Quarter,3,Houston Texans,1,6,0,-2 Yard Run,1st & 10 at BUF 45,08:49 4th,— W.Marks up the middle to BUF 47 for -2 yards (D.Carter).
2026,WEEK 1,Sunday,September 13th,BUF,HOU,4th Quarter,3,Houston Texans,1,7,0,6 Yard Pass,2nd & 12 at BUF 47,08:12 4th Shotgun,— C.Stroud pass short middle to N.Collins to BUF 41 for 6 yards (C.Benford).
2026,WEEK 1,Sunday,September 13th,BUF,HOU,4th Quarter,3,Houston Texans,1,8,0,2 Yard Pass,3rd & 6 at BUF 41,07:30 4th Shotgun,— C.Stroud pass short middle to N.Collins to BUF 39 for 2 yards (C.Benford).
2026,WEEK 1,Sunday,September 13th,BUF,HOU,4th Quarter,3,Houston Texans,1,9,1,Field Goal,4th & 4 at BUF 39,06:48 4th,"— K.Fairbairn 58 yard field goal is GOOD, Center-A.Brinkman, Holder-K.Kroeger."
2026,WEEK 1,Sunday,September 13th,BUF,HOU,4th Quarter,4,Buffalo Bills,0,1,0,Kickoff from HOU 35,,Kickoff,— K.Fairbairn kicks 64 yards from HOU 35 to BUF 1. G.Dortch to BUF 20 for 19 yards (S.Harsh; D.Robinson).
2026,WEEK 1,Sunday,September 13th,BUF,HOU,4th Quarter,4,Buffalo Bills,0,2,0,-2 Yard Run,1st & 10 at BUF 20,06:38 4th,"— J.Allen FUMBLES (Aborted) at BUF 18, and recovers at BUF 18."
2026,WEEK 1,Sunday,September 13th,BUF,HOU,4th Quarter,4,Buffalo Bills,0,3,0,Pass Incomplete,2nd & 12 at BUF 18,05:56 4th Shotgun,— J.Allen pass incomplete deep left to D.Moore (K.Lassiter).
2026,WEEK 1,Sunday,September 13th,BUF,HOU,4th Quarter,4,Buffalo Bills,0,4,0,Pass Incomplete,3rd & 12 at BUF 18,05:50 4th Shotgun,— J.Allen pass incomplete short right to D.Moore (D.Hunter).
2026,WEEK 1,Sunday,September 13th,BUF,HOU,4th Quarter,4,Buffalo Bills,0,5,0,Punt,4th & 12 at BUF 18,05:45 4th,"— T.Doman punts 46 yards to HOU 36, Center-R.Ferguson, fair catch by J.Noel."
2026,WEEK 1,Sunday,September 13th,BUF,HOU,4th Quarter,5,Houston Texans,0,1,0,3 Yard Run,1st & 10 at HOU 36,05:39 4th Shotgun,— D.Montgomery left guard to HOU 39 for 3 yards (B.Chubb; D.Williams).
2026,WEEK 1,Sunday,September 13th,BUF,HOU,4th Quarter,5,Houston Texans,0,2,0,-2 Yard Run,2nd & 7 at HOU 39,04:57 4th,"— B.Fisher reported in as eligible. D.Montgomery right end to HOU 37 for -2 yards (D.Williams, E.Oliver)."
2026,WEEK 1,Sunday,September 13th,BUF,HOU,4th Quarter,5,Houston Texans,0,3,0,0 Yard Pass,3rd & 9 at HOU 37,04:10 4th Shotgun,— C.Stroud pass short left to D.Schultz to HOU 37 for no gain (B.Chubb; C.Bishop) [E.Oliver].
2026,WEEK 1,Sunday,September 13th,BUF,HOU,4th Quarter,5,Houston Texans,0,4,0,Punt,4th & 9 at HOU 37,03:24 4th,"— K.Kroeger punts 59 yards to BUF 4, Center-A.Brinkman, downed by HOU-J.Smith."
2026,WEEK 1,Sunday,September 13th,BUF,HOU,4th Quarter,6,Buffalo Bills,1,1,0,12 Yard Run,1st & 10 at BUF 4,03:13 4th,"— J.Cook left guard to BUF 16 for 12 yards (D.Stingley). FUMBLES (D.Stingley), recovered by BUF-O.Torrence at BUF 19."
2026,WEEK 1,Sunday,September 13th,BUF,HOU,4th Quarter,6,Buffalo Bills,1,2,0,7 Yard Pass,1st & 10 at BUF 19,02:34 4th,— J.Allen pass short left to D.Knox to BUF 26 for 7 yards (K.Lassiter; H.To'oTo'o). HOU-H.To'oTo'o was injured during the play.
2026,WEEK 1,Sunday,September 13th,BUF,HOU,4th Quarter,6,Buffalo Bills,1,3,0,6 Yard Pass,2nd & 3 at BUF 26,02:06 4th,— J.Allen pass short right to J.Cook ran ob at BUF 32 for 6 yards (D.Stingley).
2026,WEEK 1,Sunday,September 13th,BUF,HOU,4th Quarter,6,Buffalo Bills,1,4,0,35 Yard Pass,1st & 10 at BUF 32,02:00 4th,— J.Allen pass short right to D.Kincaid pushed ob at HOU 33 for 35 yards (J.Pitre).
2026,WEEK 1,Sunday,September 13th,BUF,HOU,4th Quarter,6,Buffalo Bills,1,5,0,-1 Yard Run,1st & 10 at HOU 33,01:53 4th,— J.Cook up the middle to HOU 34 for -1 yards (A.Al-Shaair).
2026,WEEK 1,Sunday,September 13th,BUF,HOU,4th Quarter,6,Buffalo Bills,1,6,0,Timeout,,01:48 4th,— Timeout #1 by HOU at 01:48.
2026,WEEK 1,Sunday,September 13th,BUF,HOU,4th Quarter,6,Buffalo Bills,1,7,0,Pass Incomplete,2nd & 11 at HOU 34,01:48 4th,— J.Allen pass incomplete deep left to J.Palmer.
2026,WEEK 1,Sunday,September 13th,BUF,HOU,4th Quarter,6,Buffalo Bills,1,8,1,Touchdown,3rd & 11 at HOU 34,01:41 4th Shotgun,"— J.Allen pass deep middle to J.Palmer for 34 yards, TOUCHDOWN."
2026,WEEK 1,Sunday,September 13th,BUF,HOU,4th Quarter,6,Buffalo Bills,1,9,0,2PT Conversion Fails,,01:36 4th,— TWO-POINT CONVERSION ATTEMPT. J.Allen pass to K.Coleman is incomplete. ATTEMPT FAILS.
2026,WEEK 1,Sunday,September 13th,BUF,HOU,4th Quarter,7,Houston Texans,0,1,0,Kickoff from BUF 35,,Kickoff,— T.Bass kicks 62 yards from BUF 35 to HOU 3. J.Noel to HOU 29 for 26 yards (J.Solomon).
2026,WEEK 1,Sunday,September 13th,BUF,HOU,4th Quarter,7,Houston Texans,0,2,0,18 Yard Pass,1st & 10 at HOU 29,01:31 4th Shotgun,— C.Stroud pass short right to D.Schultz to HOU 47 for 18 yards (D.Alford; E.Oliver).
2026,WEEK 1,Sunday,September 13th,BUF,HOU,4th Quarter,7,Houston Texans,0,3,0,8 Yard Pass,1st & 10 at HOU 47,"01:11 4th No Huddle, Shotgun",— C.Stroud pass short right to D.Schultz to BUF 45 for 8 yards (D.Hamlin; C.Bishop).
2026,WEEK 1,Sunday,September 13th,BUF,HOU,4th Quarter,7,Houston Texans,0,4,0,Pass Incomplete,2nd & 2 at BUF 45,"00:50 4th No Huddle, Shotgun",— C.Stroud pass incomplete deep right to X.Hutchinson.
2026,WEEK 1,Sunday,September 13th,BUF,HOU,4th Quarter,7,Houston Texans,0,5,0,11 Yard Run,3rd & 2 at BUF 45,00:44 4th Shotgun,"— W.Marks up the middle to BUF 39 for 6 yards (T.Bernard; B.Chubb). PENALTY on BUF-D.Walker, Defensive Holding, 5 yards, enforced at BUF 39."
2026,WEEK 1,Sunday,September 13th,BUF,HOU,4th Quarter,7,Houston Texans,0,6,0,-5 Yard Penalty,1st & 10 at BUF 34,00:39 4th Shotgun,"— PENALTY on HOU-T.Brown, False Start, 5 yards, enforced at BUF 34 - No Play."
2026,WEEK 1,Sunday,September 13th,BUF,HOU,4th Quarter,7,Houston Texans,0,7,0,Pass Incomplete,1st & 15 at BUF 39,00:39 4th Shotgun,— C.Stroud pass incomplete deep middle to X.Hutchinson [G.Rousseau].
2026,WEEK 1,Sunday,September 13th,BUF,HOU,4th Quarter,7,Houston Texans,0,8,0,12 Yard Pass,2nd & 15 at BUF 39,00:35 4th Shotgun,— C.Stroud pass short middle to N.Collins to BUF 27 for 12 yards (C.Gardner-Johnson).
2026,WEEK 1,Sunday,September 13th,BUF,HOU,4th Quarter,7,Houston Texans,0,9,0,Timeout,,00:30 4th,— Timeout #2 by HOU at 00:30.
2026,WEEK 1,Sunday,September 13th,BUF,HOU,4th Quarter,7,Houston Texans,0,10,0,Timeout,,00:30 4th,— Timeout #1 by BUF at 00:30.
2026,WEEK 1,Sunday,September 13th,BUF,HOU,4th Quarter,7,Houston Texans,0,11,0,18 Yard Pass,3rd & 3 at BUF 27,00:30 4th Shotgun,— C.Stroud pass short right to J.Noel pushed ob at BUF 9 for 18 yards (C.Gardner-Johnson).
2026,WEEK 1,Sunday,September 13th,BUF,HOU,4th Quarter,7,Houston Texans,0,12,0,-9 Yard Sack,1st & 9 at BUF 9,00:25 4th Shotgun,— C.Stroud sacked at BUF 18 for -9 yards (D.Walker).
2026,WEEK 1,Sunday,September 13th,BUF,HOU,4th Quarter,7,Houston Texans,0,13,0,Timeout,,00:20 4th,— Timeout #3 by HOU at 00:20.
2026,WEEK 1,Sunday,September 13th,BUF,HOU,4th Quarter,7,Houston Texans,0,14,0,Pass Incomplete,2nd & 18 at BUF 18,00:20 4th Shotgun,— C.Stroud pass incomplete deep right to N.Collins.
2026,WEEK 1,Sunday,September 13th,BUF,HOU,4th Quarter,7,Houston Texans,0,15,0,Fumble,3rd & 18 at BUF 18,00:16 4th Shotgun,"— C.Stroud sacked at BUF 28 for -10 yards (G.Rousseau). FUMBLES (G.Rousseau) [G.Rousseau], RECOVERED by BUF-T.Bernard at BUF 24."
2026,WEEK 1,Sunday,September 13th,BUF,HOU,4th Quarter,8,Buffalo Bills,0,1,0,-1 Yard Run,1st & 10 at BUF 24,00:09 4th,— J.Allen kneels to BUF 23 for -1 yards.
2026,WEEK 1,Sunday,September 13th,BAL,IND,1st Quarter,1,Indianapolis Colts,1,1,0,Kickoff from BAL 35,,Kickoff,"— T.Loop kicks 65 yards from BAL 35 to end zone, Touchback to the IND 35."
2026,WEEK 1,Sunday,September 13th,BAL,IND,1st Quarter,1,Indianapolis Colts,1,2,0,Pass Incomplete,1st & 10 at IND 35,15:00 1st,— D.Jones pass incomplete short middle to A.Ogletree.
2026,WEEK 1,Sunday,September 13th,BAL,IND,1st Quarter,1,Indianapolis Colts,1,3,0,7 Yard Pass,2nd & 10 at IND 35,14:53 1st Shotgun,— D.Jones pass short left to K.Allen to IND 42 for 7 yards (K.Hamilton).
2026,WEEK 1,Sunday,September 13th,BAL,IND,1st Quarter,1,Indianapolis Colts,1,4,0,25 Yard Pass,3rd & 3 at IND 42,14:10 1st Shotgun,— D.Jones pass short middle to J.Downs to BAL 33 for 25 yards (K.Hamilton).
2026,WEEK 1,Sunday,September 13th,BAL,IND,1st Quarter,1,Indianapolis Colts,1,5,0,2 Yard Pass,1st & 10 at BAL 33,13:24 1st Shotgun,— D.Jones pass short right to J.Taylor to BAL 31 for 2 yards (R.Smith).
2026,WEEK 1,Sunday,September 13th,BAL,IND,1st Quarter,1,Indianapolis Colts,1,6,0,Pass Incomplete,2nd & 8 at BAL 31,12:40 1st Shotgun,— D.Jones pass incomplete short middle to J.Downs (B.Washington) [T.Robinson].
2026,WEEK 1,Sunday,September 13th,BAL,IND,1st Quarter,1,Indianapolis Colts,1,7,0,12 Yard Pass,3rd & 8 at BAL 31,12:37 1st Shotgun,— D.Jones pass short middle to J.Downs to BAL 19 for 12 yards (K.Martin).
2026,WEEK 1,Sunday,September 13th,BAL,IND,1st Quarter,1,Indianapolis Colts,1,8,0,13 Yard Pass,1st & 10 at BAL 19,11:54 1st,— D.Jones pass short left to A.Pierce to BAL 6 for 13 yards (R.Smith).
2026,WEEK 1,Sunday,September 13th,BAL,IND,1st Quarter,1,Indianapolis Colts,1,9,0,5 Yard Run,1st & 6 at BAL 6,11:15 1st Shotgun,— J.Taylor right tackle to BAL 1 for 5 yards (M.Starks; R.Smith).
2026,WEEK 1,Sunday,September 13th,BAL,IND,1st Quarter,1,Indianapolis Colts,1,10,1,Touchdown,2nd & 1 at BAL 1,10:36 1st,"— J.Taylor right end for 1 yard, TOUCHDOWN."
2026,WEEK 1,Sunday,September 13th,BAL,IND,1st Quarter,1,Indianapolis Colts,1,11,0,Extra Point No Good,,10:33 1st,"— S.Shrader extra point is No Good, Wide Right, Center-L.Rhodes, Holder-R.Sanchez."
2026,WEEK 1,Sunday,September 13th,BAL,IND,1st Quarter,2,Baltimore Ravens,1,1,0,Kickoff from IND 35,,Kickoff,— S.Shrader kicks 58 yards from IND 35 to BAL 7. C.Moore to BAL 49 for 42 yards (S.Shrader; A.Adebawore).
2026,WEEK 1,Sunday,September 13th,BAL,IND,1st Quarter,2,Baltimore Ravens,1,2,0,49 Yard Pass,1st & 10 at BAL 49,10:27 1st,— L.Jackson pass deep left to Z.Flowers to IND 2 for 49 yards (J.Walley).
2026,WEEK 1,Sunday,September 13th,BAL,IND,1st Quarter,2,Baltimore Ravens,1,3,0,-5 Yard Penalty,1st & 2 at IND 2,09:25 1st,"— PENALTY on BAL-M.Andrews, False Start, 5 yards, enforced at IND 2 - No Play."
2026,WEEK 1,Sunday,September 13th,BAL,IND,1st Quarter,2,Baltimore Ravens,1,4,0,2 Yard Run,1st & 7 at IND 7,09:04 1st,— D.Henry up the middle to IND 5 for 2 yards (L.Latu).
2026,WEEK 1,Sunday,September 13th,BAL,IND,1st Quarter,2,Baltimore Ravens,1,5,1,Touchdown,2nd & 5 at IND 5,08:25 1st Shotgun,"— L.Jackson left end for 5 yards, TOUCHDOWN."
2026,WEEK 1,Sunday,September 13th,BAL,IND,1st Quarter,2,Baltimore Ravens,1,6,1,Extra Point,,08:20 1st,"— T.Loop extra point is GOOD, Center-N.Moore, Holder-R.Eckley."
2026,WEEK 1,Sunday,September 13th,BAL,IND,1st Quarter,3,Indianapolis Colts,0,1,0,Kickoff from BAL 35,,Kickoff,— T.Loop kicks 59 yards from BAL 35 to IND 6. S.McGowan to IND 30 for 24 yards (C.Moore).
2026,WEEK 1,Sunday,September 13th,BAL,IND,1st Quarter,3,Indianapolis Colts,0,2,0,-2 Yard Run,1st & 10 at IND 30,08:15 1st,— J.Taylor up the middle to IND 28 for -2 yards (T.Jones).
2026,WEEK 1,Sunday,September 13th,BAL,IND,1st Quarter,3,Indianapolis Colts,0,3,0,Interception,2nd & 12 at IND 28,07:38 1st Shotgun,— D.Jones pass short middle intended for L.Treadwell INTERCEPTED by R.Smith at IND 32. R.Smith to IND 31 for 1 yard (J.Downs).
2026,WEEK 1,Sunday,September 13th,BAL,IND,1st Quarter,4,Baltimore Ravens,1,1,0,7 Yard Run,1st & 10 at IND 31,07:32 1st,— D.Henry right end to IND 24 for 7 yards (C.Bynum).
2026,WEEK 1,Sunday,September 13th,BAL,IND,1st Quarter,4,Baltimore Ravens,1,2,0,2 Yard Run,2nd & 3 at IND 24,06:56 1st,— D.Henry right tackle to IND 22 for 2 yards (L.Latu).
2026,WEEK 1,Sunday,September 13th,BAL,IND,1st Quarter,4,Baltimore Ravens,1,3,0,-15 Yard Penalty,3rd & 1 at IND 22,06:20 1st,"— D.Henry right end to IND 19 for 3 yards (A.Davis-Gaither). PENALTY on BAL-R.Stanley, Chop Block, 15 yards, enforced at IND 22 - No Play."
2026,WEEK 1,Sunday,September 13th,BAL,IND,1st Quarter,4,Baltimore Ravens,1,4,0,16 Yard Run,3rd & 16 at IND 37,05:54 1st Shotgun,"— L.Jackson scrambles right end pushed ob at IND 21 for 16 yards (K.Harris). Indianapolis challenged the first down ruling, and the play was Upheld. The ruling on the field stands. (Timeout #1.)"
2026,WEEK 1,Sunday,September 13th,BAL,IND,1st Quarter,4,Baltimore Ravens,1,5,0,13 Yard Pass,1st & 10 at IND 21,05:31 1st Shotgun,— L.Jackson pass short left to M.Hibner to IND 8 for 13 yards (C.Bynum).
2026,WEEK 1,Sunday,September 13th,BAL,IND,1st Quarter,4,Baltimore Ravens,1,6,0,4 Yard Pass,1st & 8 at IND 8,04:49 1st,— L.Jackson pass short right to D.Smythe to IND 4 for 4 yards (C.Ward).
2026,WEEK 1,Sunday,September 13th,BAL,IND,1st Quarter,4,Baltimore Ravens,1,7,1,Touchdown,2nd & 4 at IND 4,04:08 1st,"— D.Henry right tackle for 4 yards, TOUCHDOWN."
2026,WEEK 1,Sunday,September 13th,BAL,IND,1st Quarter,4,Baltimore Ravens,1,8,1,Extra Point,,04:05 1st,"— T.Loop extra point is GOOD, Center-N.Moore, Holder-R.Eckley."
2026,WEEK 1,Sunday,September 13th,BAL,IND,1st Quarter,5,Indianapolis Colts,0,1,0,Kickoff from BAL 35,,Kickoff,"— T.Loop kicks 64 yards from BAL 35 to IND 1. S.McGowan to IND 26 for 25 yards (R.Ali; T.Tampa). PENALTY on IND-A.Adebawore, Offensive Holding, 10 yards, enforced at IND 26."
2026,WEEK 1,Sunday,September 13th,BAL,IND,1st Quarter,5,Indianapolis Colts,0,2,0,-8 Yard Sack,1st & 10 at IND 16,04:00 1st,— D.Jones sacked at IND 8 for -8 yards (T.Robinson).
2026,WEEK 1,Sunday,September 13th,BAL,IND,1st Quarter,5,Indianapolis Colts,0,3,0,2 Yard Pass,2nd & 18 at IND 8,03:17 1st Shotgun,— D.Jones pass short right to T.Warren to IND 10 for 2 yards (J.Hawkins).
2026,WEEK 1,Sunday,September 13th,BAL,IND,1st Quarter,5,Indianapolis Colts,0,4,0,7 Yard Run,3rd & 16 at IND 10,02:39 1st Shotgun,"— J.Taylor right tackle to IND 17 for 7 yards (T.Robinson; C.Campbell). Penalty on IND-T.Warren, Illegal Shift, declined."
2026,WEEK 1,Sunday,September 13th,BAL,IND,1st Quarter,5,Indianapolis Colts,0,5,0,Punt,4th & 9 at IND 17,02:29 1st,"— R.Sanchez punts 55 yards to BAL 28, Center-L.Rhodes. L.Wester to BAL 38 for 10 yards (A.Adebawore; L.Rhodes)."
2026,WEEK 1,Sunday,September 13th,BAL,IND,2nd Quarter,1,Baltimore Ravens,0,1,0,17 Yard Pass,1st & 10 at BAL 38,02:19 1st Shotgun,— L.Jackson pass short middle to Z.Flowers to IND 45 for 17 yards (A.Key).
2026,WEEK 1,Sunday,September 13th,BAL,IND,2nd Quarter,1,Baltimore Ravens,0,2,0,3 Yard Run,1st & 10 at IND 45,01:40 1st,— D.Henry right tackle to IND 42 for 3 yards (J.Tillery; D.Buckner).
2026,WEEK 1,Sunday,September 13th,BAL,IND,2nd Quarter,1,Baltimore Ravens,0,3,0,-5 Yard Penalty,2nd & 7 at IND 42,00:58 1st Shotgun,"— PENALTY on BAL-R.Stanley, False Start, 5 yards, enforced at IND 42 - No Play."
2026,WEEK 1,Sunday,September 13th,BAL,IND,2nd Quarter,1,Baltimore Ravens,0,4,0,Pass Incomplete,2nd & 12 at IND 47,00:43 1st Shotgun,— L.Jackson pass incomplete deep middle to Z.Flowers.
2026,WEEK 1,Sunday,September 13th,BAL,IND,2nd Quarter,1,Baltimore Ravens,0,5,0,18 Yard Pass,3rd & 12 at IND 47,00:38 1st Shotgun,— L.Jackson pass deep right to Z.Flowers to IND 29 for 18 yards (J.Walley).
2026,WEEK 1,Sunday,September 13th,BAL,IND,2nd Quarter,1,Baltimore Ravens,0,6,0,4 Yard Run,1st & 10 at IND 29,15:00 2nd,— C.Vinson reported in as eligible. D.Henry right end to IND 25 for 4 yards (B.Boettcher).
2026,WEEK 1,Sunday,September 13th,BAL,IND,2nd Quarter,1,Baltimore Ravens,0,7,0,19 Yard Pass,2nd & 6 at IND 25,14:22 2nd,— L.Jackson pass short left to D.Henry to IND 6 for 19 yards (A.Haulcy; A.Davis-Gaither).
2026,WEEK 1,Sunday,September 13th,BAL,IND,2nd Quarter,1,Baltimore Ravens,0,8,0,2 Yard Run,1st & 6 at IND 6,13:39 2nd,— D.Henry right tackle to IND 4 for 2 yards (L.Latu).
2026,WEEK 1,Sunday,September 13th,BAL,IND,2nd Quarter,1,Baltimore Ravens,0,9,0,-10 Yard Penalty,2nd & 4 at IND 4,13:00 2nd,"— L.Jackson pass short right to J.Lane for 4 yards, TOUCHDOWN NULLIFIED by Penalty. PENALTY on BAL-J.Gwyn, Offensive Holding, 10 yards, enforced at IND 4 - No Play."
2026,WEEK 1,Sunday,September 13th,BAL,IND,2nd Quarter,1,Baltimore Ravens,0,10,0,Timeout,,12:56 2nd,— Timeout #1 by BAL at 12:56.
2026,WEEK 1,Sunday,September 13th,BAL,IND,2nd Quarter,1,Baltimore Ravens,0,11,0,Pass Incomplete,2nd & 14 at IND 14,12:56 2nd Shotgun,— L.Jackson pass incomplete short right to M.Andrews.
2026,WEEK 1,Sunday,September 13th,BAL,IND,2nd Quarter,1,Baltimore Ravens,0,12,0,11 Yard Pass,3rd & 14 at IND 14,12:52 2nd Shotgun,— L.Jackson pass short middle to J.Lane to IND 3 for 11 yards (A.Davis-Gaither).
2026,WEEK 1,Sunday,September 13th,BAL,IND,2nd Quarter,1,Baltimore Ravens,0,13,0,Pass Incomplete,4th & 3 at IND 3,12:07 2nd Shotgun,— L.Jackson pass incomplete short right to J.Lane.
2026,WEEK 1,Sunday,September 13th,BAL,IND,2nd Quarter,2,Indianapolis Colts,0,1,0,2 Yard Run,1st & 10 at IND 3,12:02 2nd,— J.Taylor right guard to IND 5 for 2 yards (B.Washington).
2026,WEEK 1,Sunday,September 13th,BAL,IND,2nd Quarter,2,Indianapolis Colts,0,2,0,10 Yard Run,2nd & 8 at IND 5,11:21 2nd,— J.Taylor up the middle to IND 15 for 10 yards (T.Robinson; R.Smith).
2026,WEEK 1,Sunday,September 13th,BAL,IND,2nd Quarter,2,Indianapolis Colts,0,3,0,-3 Yard Run,1st & 10 at IND 15,10:37 2nd,"— J.Taylor right tackle to IND 12 for -3 yards (T.Simpson). Penalty on IND, Illegal Formation, declined."
2026,WEEK 1,Sunday,September 13th,BAL,IND,2nd Quarter,2,Indianapolis Colts,0,4,0,2 Yard Pass,2nd & 13 at IND 12,10:16 2nd Shotgun,— D.Jones pass short left to T.Warren to IND 14 for 2 yards (K.Martin).
2026,WEEK 1,Sunday,September 13th,BAL,IND,2nd Quarter,2,Indianapolis Colts,0,5,0,Pass Incomplete,3rd & 11 at IND 14,09:29 2nd Shotgun,— D.Jones pass incomplete short right [T.Robinson].
2026,WEEK 1,Sunday,September 13th,BAL,IND,2nd Quarter,2,Indianapolis Colts,0,6,0,Punt,4th & 11 at IND 14,09:22 2nd,"— R.Sanchez punts 59 yards to BAL 27, Center-L.Rhodes. L.Wester to BAL 34 for 7 yards (A.Dulin)."
2026,WEEK 1,Sunday,September 13th,BAL,IND,2nd Quarter,3,Baltimore Ravens,1,1,0,2 Yard Run,1st & 10 at BAL 34,09:11 2nd,— D.Henry up the middle to BAL 36 for 2 yards (A.Adebawore).
2026,WEEK 1,Sunday,September 13th,BAL,IND,2nd Quarter,3,Baltimore Ravens,1,2,0,-8 Yard Run,2nd & 8 at BAL 36,08:30 2nd Shotgun,"— D.Henry left tackle to BAL 44 for 8 yards (C.Bynum). PENALTY on BAL-O.Ioane, Offensive Holding, 10 yards, enforced at BAL 38."
2026,WEEK 1,Sunday,September 13th,BAL,IND,2nd Quarter,3,Baltimore Ravens,1,3,0,17 Yard Pass,2nd & 16 at BAL 28,08:18 2nd,— L.Jackson pass short middle to M.Andrews to BAL 45 for 17 yards (J.Walley; A.Haulcy) [J.Tuimoloau].
2026,WEEK 1,Sunday,September 13th,BAL,IND,2nd Quarter,3,Baltimore Ravens,1,4,0,1 Yard Run,1st & 10 at BAL 45,07:40 2nd,— J.Hill left end pushed ob at BAL 46 for 1 yard (J.Tuimoloau).
2026,WEEK 1,Sunday,September 13th,BAL,IND,2nd Quarter,3,Baltimore Ravens,1,5,1,Touchdown,2nd & 9 at BAL 46,07:04 2nd Shotgun,"— L.Jackson pass short middle to Z.Flowers for 54 yards, TOUCHDOWN."
2026,WEEK 1,Sunday,September 13th,BAL,IND,2nd Quarter,3,Baltimore Ravens,1,6,1,Extra Point,,06:54 2nd,"— T.Loop extra point is GOOD, Center-N.Moore, Holder-R.Eckley."
2026,WEEK 1,Sunday,September 13th,BAL,IND,2nd Quarter,4,Indianapolis Colts,0,1,0,Kickoff from BAL 35,,Kickoff,— T.Loop kicks 64 yards from BAL 35 to IND 1. A.Dulin to IND 34 for 33 yards (M.Starks; J.Higgins).
2026,WEEK 1,Sunday,September 13th,BAL,IND,2nd Quarter,4,Indianapolis Colts,0,2,0,Fumble,1st & 10 at IND 34,06:47 2nd Shotgun,"— D.Jones pass short left to J.Taylor to IND 48 for 14 yards (M.Humphrey; J.Hawkins). FUMBLES (M.Humphrey), RECOVERED by BAL-M.Humphrey at IND 47."
2026,WEEK 1,Sunday,September 13th,BAL,IND,2nd Quarter,5,Baltimore Ravens,1,1,0,3 Yard Run,1st & 10 at IND 47,06:38 2nd,— D.Henry left tackle to IND 44 for 3 yards (A.Key).
2026,WEEK 1,Sunday,September 13th,BAL,IND,2nd Quarter,5,Baltimore Ravens,1,2,0,12 Yard Pass,2nd & 7 at IND 44,05:57 2nd,— L.Jackson pass short left to Z.Flowers to IND 32 for 12 yards (A.Gardner).
2026,WEEK 1,Sunday,September 13th,BAL,IND,2nd Quarter,5,Baltimore Ravens,1,3,1,Touchdown,1st & 10 at IND 32,05:12 2nd,"— D.Henry left tackle for 32 yards, TOUCHDOWN."
2026,WEEK 1,Sunday,September 13th,BAL,IND,2nd Quarter,5,Baltimore Ravens,1,4,1,Extra Point,,05:04 2nd,"— T.Loop extra point is GOOD, Center-N.Moore, Holder-R.Eckley."
2026,WEEK 1,Sunday,September 13th,BAL,IND,2nd Quarter,6,Indianapolis Colts,0,1,0,Kickoff from BAL 35,,Kickoff,"— T.Loop kicks 64 yards from BAL 35 to IND 1. S.McGowan pushed ob at BAL 47 for 52 yards (T.Loop). PENALTY on IND-L.Treadwell, Offensive Holding, 10 yards, enforced at IND 30."
2026,WEEK 1,Sunday,September 13th,BAL,IND,2nd Quarter,6,Indianapolis Colts,0,2,0,Pass Incomplete,1st & 10 at IND 20,04:55 2nd,— D.Jones pass incomplete short left to J.Taylor [K.Hamilton].
2026,WEEK 1,Sunday,September 13th,BAL,IND,2nd Quarter,6,Indianapolis Colts,0,3,0,Pass Incomplete,2nd & 10 at IND 20,04:51 2nd Shotgun,— D.Jones pass incomplete short right to A.Dulin [R.Smith].
2026,WEEK 1,Sunday,September 13th,BAL,IND,2nd Quarter,6,Indianapolis Colts,0,4,0,Pass Incomplete,3rd & 10 at IND 20,04:46 2nd Shotgun,— D.Jones pass incomplete deep middle to A.Pierce (M.Humphrey).
2026,WEEK 1,Sunday,September 13th,BAL,IND,2nd Quarter,6,Indianapolis Colts,0,5,0,Punt,4th & 10 at IND 20,04:41 2nd,"— R.Sanchez punts 50 yards to BAL 30, Center-L.Rhodes, fair catch by L.Wester."
2026,WEEK 1,Sunday,September 13th,BAL,IND,2nd Quarter,7,Baltimore Ravens,0,1,0,Fumble,1st & 10 at BAL 30,04:34 2nd,"— L.Jackson sacked at BAL 20 for -10 yards (sack split by A.Key and L.Latu). FUMBLES (A.Key) [A.Key], RECOVERED by IND-D.Buckner at BAL 15. D.Buckner to BAL 15 for no gain (R.Stanley)."
2026,WEEK 1,Sunday,September 13th,BAL,IND,2nd Quarter,8,Indianapolis Colts,1,1,0,10 Yard Run,1st & 10 at BAL 15,04:27 2nd,— J.Taylor left guard to BAL 5 for 10 yards (M.Starks).
2026,WEEK 1,Sunday,September 13th,BAL,IND,2nd Quarter,8,Indianapolis Colts,1,2,0,-1 Yard Run,1st & 5 at BAL 5,03:43 2nd,"— J.Taylor right end to BAL 6 for -1 yards (T.Simpson, M.Starks)."
2026,WEEK 1,Sunday,September 13th,BAL,IND,2nd Quarter,8,Indianapolis Colts,1,3,0,3 Yard Pass,2nd & 6 at BAL 6,03:00 2nd Shotgun,— D.Jones pass short right to K.Allen to BAL 3 for 3 yards (T.Jones; T.Simpson).
2026,WEEK 1,Sunday,September 13th,BAL,IND,2nd Quarter,8,Indianapolis Colts,1,4,1,Touchdown,3rd & 3 at BAL 3,02:18 2nd,"— J.Taylor right tackle for 3 yards, TOUCHDOWN."
2026,WEEK 1,Sunday,September 13th,BAL,IND,2nd Quarter,8,Indianapolis Colts,1,5,1,Extra Point,,02:16 2nd,"— S.Shrader extra point is GOOD, Center-L.Rhodes, Holder-R.Sanchez."
2026,WEEK 1,Sunday,September 13th,BAL,IND,2nd Quarter,9,Baltimore Ravens,0,1,0,Kickoff from IND 35,,Kickoff,— S.Shrader kicks 61 yards from IND 35 to BAL 4. L.Wester to BAL 34 for 30 yards (B.Boettcher).
2026,WEEK 1,Sunday,September 13th,BAL,IND,2nd Quarter,9,Baltimore Ravens,0,2,0,5 Yard Run,1st & 10 at BAL 34,02:10 2nd,— J.Hill left tackle to BAL 39 for 5 yards (A.Haulcy).
2026,WEEK 1,Sunday,September 13th,BAL,IND,2nd Quarter,9,Baltimore Ravens,0,3,0,Pass Incomplete,2nd & 5 at BAL 39,02:00 2nd Shotgun,— L.Jackson pass incomplete short left to M.Andrews.
2026,WEEK 1,Sunday,September 13th,BAL,IND,2nd Quarter,9,Baltimore Ravens,0,4,0,-10 Yard Penalty,3rd & 5 at BAL 39,01:57 2nd Shotgun,"— L.Jackson pass deep left to R.Bateman to IND 42 for 19 yards (J.Walley). PENALTY on BAL-O.Ioane, Offensive Holding, 10 yards, enforced at BAL 39 - No Play."
2026,WEEK 1,Sunday,September 13th,BAL,IND,2nd Quarter,9,Baltimore Ravens,0,5,0,Pass Incomplete,3rd & 15 at BAL 29,01:49 2nd Shotgun,— L.Jackson pass incomplete deep middle to J.Lane.
2026,WEEK 1,Sunday,September 13th,BAL,IND,2nd Quarter,9,Baltimore Ravens,0,6,0,Punt,4th & 15 at BAL 29,01:39 2nd,"— R.Eckley punts 53 yards to IND 18, Center-N.Moore, fair catch by J.Downs."
2026,WEEK 1,Sunday,September 13th,BAL,IND,2nd Quarter,10,Indianapolis Colts,0,1,0,9 Yard Pass,1st & 10 at IND 18,01:32 2nd Shotgun,— D.Jones pass short right to K.Allen to IND 27 for 9 yards (N.Wiggins).
2026,WEEK 1,Sunday,September 13th,BAL,IND,2nd Quarter,10,Indianapolis Colts,0,2,0,Pass Incomplete,2nd & 1 at IND 27,"01:11 2nd No Huddle, Shotgun",— D.Jones pass incomplete short right to T.Warren.
2026,WEEK 1,Sunday,September 13th,BAL,IND,2nd Quarter,10,Indianapolis Colts,0,3,0,0 Yard Run,3rd & 1 at IND 27,"01:06 2nd No Huddle, Shotgun",— J.Taylor right tackle to IND 27 for no gain (T.Jones).
2026,WEEK 1,Sunday,September 13th,BAL,IND,2nd Quarter,10,Indianapolis Colts,0,4,0,Timeout,,00:59 2nd,— Timeout #2 by BAL at 00:59.
2026,WEEK 1,Sunday,September 13th,BAL,IND,2nd Quarter,10,Indianapolis Colts,0,5,0,Punt,4th & 1 at IND 27,00:59 2nd,"— R.Sanchez punts 49 yards to BAL 24, Center-L.Rhodes, fair catch by L.Wester."
2026,WEEK 1,Sunday,September 13th,BAL,IND,2nd Quarter,11,Baltimore Ravens,1,1,0,6 Yard Pass,1st & 10 at BAL 24,00:52 2nd Shotgun,— L.Jackson pass short middle to L.Wester to BAL 30 for 6 yards (J.Walley).
2026,WEEK 1,Sunday,September 13th,BAL,IND,2nd Quarter,11,Baltimore Ravens,1,2,0,19 Yard Run,2nd & 4 at BAL 30,"00:34 2nd No Huddle, Shotgun",— L.Jackson scrambles left end ran ob at BAL 49 for 19 yards (A.Davis-Gaither).
2026,WEEK 1,Sunday,September 13th,BAL,IND,2nd Quarter,11,Baltimore Ravens,1,3,0,9 Yard Pass,1st & 10 at BAL 49,00:26 2nd Shotgun,— L.Jackson pass short right to L.Wester to IND 42 for 9 yards (J.Walley).
2026,WEEK 1,Sunday,September 13th,BAL,IND,2nd Quarter,11,Baltimore Ravens,1,4,0,Timeout,,00:20 2nd,— Timeout #2 by BAL at 00:20.
2026,WEEK 1,Sunday,September 13th,BAL,IND,2nd Quarter,11,Baltimore Ravens,1,5,0,Timeout,,00:20 2nd,— Timeout #2 by IND at 00:20.
2026,WEEK 1,Sunday,September 13th,BAL,IND,2nd Quarter,11,Baltimore Ravens,1,6,0,3 Yard Run,2nd & 1 at IND 42,00:20 2nd Shotgun,— J.Hill up the middle to IND 39 for 3 yards (A.Davis-Gaither).
2026,WEEK 1,Sunday,September 13th,BAL,IND,2nd Quarter,11,Baltimore Ravens,1,7,0,Pass Incomplete,1st & 10 at IND 39,00:06 2nd No Huddle,— L.Jackson spiked the ball to stop the clock.
2026,WEEK 1,Sunday,September 13th,BAL,IND,2nd Quarter,11,Baltimore Ravens,1,8,1,Field Goal,2nd & 10 at IND 39,00:05 2nd,"— T.Loop 57 yard field goal is GOOD, Center-N.Moore, Holder-R.Eckley."
2026,WEEK 1,Sunday,September 13th,BAL,IND,3rd Quarter,1,Baltimore Ravens,0,1,0,Kickoff from IND 35,,Kickoff,— S.Shrader kicks 61 yards from IND 35 to BAL 4. C.Moore to BAL 34 for 30 yards (J.Owens).
2026,WEEK 1,Sunday,September 13th,BAL,IND,3rd Quarter,1,Baltimore Ravens,0,2,0,0 Yard Run,1st & 10 at BAL 34,14:54 3rd,— D.Henry right end to BAL 34 for no gain (A.Davis-Gaither; L.Latu).
2026,WEEK 1,Sunday,September 13th,BAL,IND,3rd Quarter,1,Baltimore Ravens,0,3,0,Pass Incomplete,2nd & 10 at BAL 34,14:14 3rd,— L.Jackson pass incomplete deep left to R.Bateman.
2026,WEEK 1,Sunday,September 13th,BAL,IND,3rd Quarter,1,Baltimore Ravens,0,4,0,-5 Yard Penalty,3rd & 10 at BAL 34,14:08 3rd Shotgun,"— L.Jackson pass short right to M.Andrews to BAL 45 for 11 yards (C.Ward). PENALTY on BAL, Illegal Shift, 5 yards, enforced at BAL 34 - No Play."
2026,WEEK 1,Sunday,September 13th,BAL,IND,3rd Quarter,1,Baltimore Ravens,0,5,0,10 Yard Pass,3rd & 15 at BAL 29,13:37 3rd Shotgun,— L.Jackson pass short middle to M.Andrews to BAL 39 for 10 yards (J.Walley).
2026,WEEK 1,Sunday,September 13th,BAL,IND,3rd Quarter,1,Baltimore Ravens,0,6,0,Punt,4th & 5 at BAL 39,12:57 3rd,"— R.Eckley punts 45 yards to IND 16, Center-N.Moore, out of bounds."
2026,WEEK 1,Sunday,September 13th,BAL,IND,3rd Quarter,2,Indianapolis Colts,1,1,0,18 Yard Run,1st & 10 at IND 16,12:50 3rd,— J.Taylor left tackle to IND 34 for 18 yards (T.Simpson).
2026,WEEK 1,Sunday,September 13th,BAL,IND,3rd Quarter,2,Indianapolis Colts,1,2,0,1 Yard Run,1st & 10 at IND 34,12:11 3rd,— J.Taylor right guard to IND 35 for 1 yard (R.Smith).
2026,WEEK 1,Sunday,September 13th,BAL,IND,3rd Quarter,2,Indianapolis Colts,1,3,0,11 Yard Pass,2nd & 9 at IND 35,11:28 3rd Shotgun,— D.Jones pass short middle to A.Pierce to IND 46 for 11 yards (M.Humphrey).
2026,WEEK 1,Sunday,September 13th,BAL,IND,3rd Quarter,2,Indianapolis Colts,1,4,0,7 Yard Run,1st & 10 at IND 46,10:50 3rd Shotgun,— J.Taylor left tackle pushed ob at BAL 47 for 7 yards (K.Hamilton).
2026,WEEK 1,Sunday,September 13th,BAL,IND,3rd Quarter,2,Indianapolis Colts,1,5,0,4 Yard Run,2nd & 3 at BAL 47,10:11 3rd,— L.Tenuta reported in as eligible. D.Jones scrambles right end to BAL 43 for 4 yards (N.Wiggins).
2026,WEEK 1,Sunday,September 13th,BAL,IND,3rd Quarter,2,Indianapolis Colts,1,6,0,4 Yard Run,1st & 10 at BAL 43,09:26 3rd,— J.Taylor left tackle to BAL 39 for 4 yards (R.Smith; C.Campbell).
2026,WEEK 1,Sunday,September 13th,BAL,IND,3rd Quarter,2,Indianapolis Colts,1,7,0,Pass Incomplete,2nd & 6 at BAL 39,08:46 3rd Shotgun,— D.Jones pass incomplete short middle to T.Warren [M.Starks].
2026,WEEK 1,Sunday,September 13th,BAL,IND,3rd Quarter,2,Indianapolis Colts,1,8,0,0 Yard Pass,3rd & 6 at BAL 39,08:40 3rd Shotgun,— D.Jones pass short right to S.McGowan to BAL 39 for no gain (R.Smith) [A.Peebles].
2026,WEEK 1,Sunday,September 13th,BAL,IND,3rd Quarter,2,Indianapolis Colts,1,9,1,Field Goal,4th & 6 at BAL 39,08:00 3rd,"— S.Shrader 58 yard field goal is GOOD, Center-L.Rhodes, Holder-R.Sanchez."
2026,WEEK 1,Sunday,September 13th,BAL,IND,3rd Quarter,3,Baltimore Ravens,0,1,0,Kickoff from IND 35,,Kickoff,"— S.Shrader kicks 61 yards from IND 35 to BAL 4. C.Moore pushed ob at IND 47 for 49 yards (A.Dulin). PENALTY on BAL-E.Burke, Illegal Block Above the Waist, 10 yards, enforced at BAL 28."
2026,WEEK 1,Sunday,September 13th,BAL,IND,3rd Quarter,3,Baltimore Ravens,0,2,0,11 Yard Run,1st & 10 at BAL 18,07:47 3rd,— D.Henry right guard to BAL 29 for 11 yards (A.Haulcy).
2026,WEEK 1,Sunday,September 13th,BAL,IND,3rd Quarter,3,Baltimore Ravens,0,3,0,22 Yard Run,1st & 10 at BAL 29,07:07 3rd,— D.Henry left tackle to IND 49 for 22 yards (A.Haulcy).
2026,WEEK 1,Sunday,September 13th,BAL,IND,3rd Quarter,3,Baltimore Ravens,0,4,0,-5 Yard Sack,1st & 10 at IND 49,06:23 3rd,— L.Jackson sacked at BAL 46 for -5 yards (sack split by D.Buckner and G.Stewart).
2026,WEEK 1,Sunday,September 13th,BAL,IND,3rd Quarter,3,Baltimore Ravens,0,5,0,9 Yard Pass,2nd & 15 at BAL 46,05:36 3rd Shotgun,— L.Jackson pass short left to M.Andrews to IND 45 for 9 yards (C.Bynum).
2026,WEEK 1,Sunday,September 13th,BAL,IND,3rd Quarter,3,Baltimore Ravens,0,6,0,-5 Yard Penalty,3rd & 6 at IND 45,04:55 3rd Shotgun,"— PENALTY on BAL-J.Hill, False Start, 5 yards, enforced at IND 45 - No Play."
2026,WEEK 1,Sunday,September 13th,BAL,IND,3rd Quarter,3,Baltimore Ravens,0,7,0,Pass Incomplete,3rd & 11 at 50,04:36 3rd Shotgun,"— L.Jackson pass incomplete deep left to C.Moore. Penalty on BAL-J.Hill, Offensive Holding, declined."
2026,WEEK 1,Sunday,September 13th,BAL,IND,3rd Quarter,3,Baltimore Ravens,0,8,0,Punt,4th & 11 at 50,04:31 3rd,"— R.Eckley punts 42 yards to IND 8, Center-N.Moore, fair catch by J.Downs. PENALTY on IND-K.Harris, Offensive Holding, 4 yards, enforced at IND 8."
2026,WEEK 1,Sunday,September 13th,BAL,IND,3rd Quarter,4,Indianapolis Colts,0,1,0,21 Yard Run,1st & 10 at IND 4,04:24 3rd,— J.Taylor right tackle to IND 25 for 21 yards (N.Wiggins).
2026,WEEK 1,Sunday,September 13th,BAL,IND,3rd Quarter,4,Indianapolis Colts,0,2,0,12 Yard Run,1st & 10 at IND 25,03:40 3rd Shotgun,— J.Taylor right guard to IND 37 for 12 yards (K.Hamilton; M.Starks).
2026,WEEK 1,Sunday,September 13th,BAL,IND,3rd Quarter,4,Indianapolis Colts,0,3,0,4 Yard Run,1st & 10 at IND 37,03:00 3rd,— J.Taylor right end to IND 41 for 4 yards (N.Wiggins; R.Smith).
2026,WEEK 1,Sunday,September 13th,BAL,IND,3rd Quarter,4,Indianapolis Colts,0,4,0,-1 Yard Run,2nd & 6 at IND 41,02:15 3rd,— J.Taylor right tackle to IND 40 for -1 yards (T.Jones).
2026,WEEK 1,Sunday,September 13th,BAL,IND,3rd Quarter,4,Indianapolis Colts,0,5,0,Pass Incomplete,3rd & 7 at IND 40,01:31 3rd Shotgun,— D.Jones pass incomplete deep middle to A.Pierce (N.Wiggins) [T.Robinson].
2026,WEEK 1,Sunday,September 13th,BAL,IND,3rd Quarter,4,Indianapolis Colts,0,6,0,Punt,4th & 7 at IND 40,01:26 3rd,"— R.Sanchez punts 50 yards to BAL 10, Center-L.Rhodes. L.Wester pushed ob at BAL 23 for 13 yards (T.Chambers)."
2026,WEEK 1,Sunday,September 13th,BAL,IND,4th Quarter,1,Baltimore Ravens,1,1,0,2 Yard Run,1st & 10 at BAL 23,01:15 3rd Shotgun,— D.Henry left guard to BAL 25 for 2 yards (A.Key).
2026,WEEK 1,Sunday,September 13th,BAL,IND,4th Quarter,1,Baltimore Ravens,1,2,0,3 Yard Run,2nd & 8 at BAL 25,00:38 3rd,— L.Jackson scrambles up the middle to BAL 28 for 3 yards (B.Boettcher; A.Key).
2026,WEEK 1,Sunday,September 13th,BAL,IND,4th Quarter,1,Baltimore Ravens,1,3,0,53 Yard Pass,3rd & 5 at BAL 28,15:00 4th Shotgun,— L.Jackson pass deep left to C.Moore to IND 19 for 53 yards (C.Bynum).
2026,WEEK 1,Sunday,September 13th,BAL,IND,4th Quarter,1,Baltimore Ravens,1,4,0,12 Yard Run,1st & 10 at IND 19,14:14 4th,— C.Vinson reported in as eligible. D.Henry right tackle to IND 7 for 12 yards (C.Bynum).
2026,WEEK 1,Sunday,September 13th,BAL,IND,4th Quarter,1,Baltimore Ravens,1,5,0,4 Yard Run,1st & 7 at IND 7,13:33 4th,— D.Henry right guard to IND 3 for 4 yards (A.Haulcy; B.Boettcher).
2026,WEEK 1,Sunday,September 13th,BAL,IND,4th Quarter,1,Baltimore Ravens,1,6,1,Touchdown,2nd & 3 at IND 3,12:50 4th Shotgun,"— D.Henry left end for 3 yards, TOUCHDOWN."
2026,WEEK 1,Sunday,September 13th,BAL,IND,4th Quarter,1,Baltimore Ravens,1,7,1,Extra Point,,12:46 4th,"— T.Loop extra point is GOOD, Center-N.Moore, Holder-R.Eckley."
2026,WEEK 1,Sunday,September 13th,BAL,IND,4th Quarter,2,Indianapolis Colts,1,1,0,Kickoff from BAL 35,,Kickoff,— T.Loop kicks 59 yards from BAL 35 to IND 6. S.McGowan to IND 26 for 20 yards (C.Jones).
2026,WEEK 1,Sunday,September 13th,BAL,IND,4th Quarter,2,Indianapolis Colts,1,2,0,11 Yard Penalty,1st & 10 at IND 26,12:42 4th Shotgun,"— D.Jones pass incomplete short left to T.Warren. PENALTY on BAL-M.Starks, Defensive Pass Interference, 11 yards, enforced at IND 26 - No Play."
2026,WEEK 1,Sunday,September 13th,BAL,IND,4th Quarter,2,Indianapolis Colts,1,3,0,8 Yard Pass,1st & 10 at IND 37,12:36 4th Shotgun,— D.Jones pass short right to J.Taylor to IND 45 for 8 yards (R.Smith; K.Hamilton).
2026,WEEK 1,Sunday,September 13th,BAL,IND,4th Quarter,2,Indianapolis Colts,1,4,0,3 Yard Pass,2nd & 2 at IND 45,"12:11 4th No Huddle, Shotgun",— D.Jones pass short middle to K.Allen to IND 48 for 3 yards (R.Smith).
2026,WEEK 1,Sunday,September 13th,BAL,IND,4th Quarter,2,Indianapolis Colts,1,5,0,14 Yard Pass,1st & 10 at IND 48,"11:47 4th No Huddle, Shotgun",— D.Jones pass short left to A.Pierce pushed ob at BAL 38 for 14 yards (M.Humphrey).
2026,WEEK 1,Sunday,September 13th,BAL,IND,4th Quarter,2,Indianapolis Colts,1,6,0,6 Yard Pass,1st & 10 at BAL 38,"11:26 4th No Huddle, Shotgun",— D.Jones pass short left to K.Allen to BAL 32 for 6 yards (T.Hendrickson).
2026,WEEK 1,Sunday,September 13th,BAL,IND,4th Quarter,2,Indianapolis Colts,1,7,0,23 Yard Pass,2nd & 4 at BAL 32,"11:02 4th No Huddle, Shotgun",— D.Jones pass deep middle to A.Pierce to BAL 9 for 23 yards (R.Smith; M.Starks). BAL-M.Humphrey was injured during the play.
2026,WEEK 1,Sunday,September 13th,BAL,IND,4th Quarter,2,Indianapolis Colts,1,8,1,Touchdown,1st & 9 at BAL 9,10:32 4th Shotgun,"— D.Jones pass short middle to T.Warren for 9 yards, TOUCHDOWN."
2026,WEEK 1,Sunday,September 13th,BAL,IND,4th Quarter,2,Indianapolis Colts,1,9,1,Extra Point,,10:26 4th,"— S.Shrader extra point is GOOD, Center-L.Rhodes, Holder-R.Sanchez."
2026,WEEK 1,Sunday,September 13th,BAL,IND,4th Quarter,3,Baltimore Ravens,1,1,0,Kickoff from IND 35,,Kickoff,— S.Shrader kicks 60 yards from IND 35 to BAL 5. C.Moore to BAL 30 for 25 yards (A.Adebawore; C.Curry).
2026,WEEK 1,Sunday,September 13th,BAL,IND,4th Quarter,3,Baltimore Ravens,1,2,0,6 Yard Run,1st & 10 at BAL 30,10:22 4th,— D.Henry left tackle to BAL 36 for 6 yards (A.Davis-Gaither).
2026,WEEK 1,Sunday,September 13th,BAL,IND,4th Quarter,3,Baltimore Ravens,1,3,0,4 Yard Run,2nd & 4 at BAL 36,09:45 4th,— D.Henry left tackle to BAL 40 for 4 yards (B.Boettcher; J.Tillery).
2026,WEEK 1,Sunday,September 13th,BAL,IND,4th Quarter,3,Baltimore Ravens,1,4,0,2 Yard Run,1st & 10 at BAL 40,09:04 4th Shotgun,— C.Vinson reported in as eligible. D.Henry left tackle to BAL 42 for 2 yards (A.Haulcy).
2026,WEEK 1,Sunday,September 13th,BAL,IND,4th Quarter,3,Baltimore Ravens,1,5,0,13 Yard Pass,2nd & 8 at BAL 42,08:22 4th,— C.Vinson reported in as eligible. L.Jackson pass short right to M.Andrews to IND 45 for 13 yards (C.Bynum).
2026,WEEK 1,Sunday,September 13th,BAL,IND,4th Quarter,3,Baltimore Ravens,1,6,0,1 Yard Run,1st & 10 at IND 45,07:42 4th,— D.Henry right tackle to IND 44 for 1 yard (J.Tillery).
2026,WEEK 1,Sunday,September 13th,BAL,IND,4th Quarter,3,Baltimore Ravens,1,7,0,10 Yard Pass,2nd & 9 at IND 44,07:01 4th Shotgun,— L.Jackson pass short right to J.Hill pushed ob at IND 34 for 10 yards (L.Latu).
2026,WEEK 1,Sunday,September 13th,BAL,IND,4th Quarter,3,Baltimore Ravens,1,8,0,5 Yard Run,1st & 10 at IND 34,06:24 4th Shotgun,— D.Henry left guard to IND 29 for 5 yards (T.Smith).
2026,WEEK 1,Sunday,September 13th,BAL,IND,4th Quarter,3,Baltimore Ravens,1,9,0,0 Yard Run,2nd & 5 at IND 29,05:44 4th,— C.Vinson reported in as eligible. J.Hill right end to IND 29 for no gain (B.Boettcher; A.Davis-Gaither).
2026,WEEK 1,Sunday,September 13th,BAL,IND,4th Quarter,3,Baltimore Ravens,1,10,0,2 Yard Run,3rd & 5 at IND 29,04:58 4th Shotgun,— J.Hill right guard to IND 27 for 2 yards (B.Boettcher; T.Smith).
2026,WEEK 1,Sunday,September 13th,BAL,IND,4th Quarter,3,Baltimore Ravens,1,11,0,Timeout,,04:13 4th,— Timeout #1 by BAL at 04:13.
2026,WEEK 1,Sunday,September 13th,BAL,IND,4th Quarter,3,Baltimore Ravens,1,12,1,Field Goal,4th & 3 at IND 27,04:13 4th,"— T.Loop 45 yard field goal is GOOD, Center-N.Moore, Holder-R.Eckley."
2026,WEEK 1,Sunday,September 13th,BAL,IND,4th Quarter,4,Indianapolis Colts,0,1,0,Kickoff from BAL 35,,Kickoff,— T.Loop kicks 61 yards from BAL 35 to IND 4. S.McGowan ran ob at BAL 30 for 66 yards (C.Jones).
2026,WEEK 1,Sunday,September 13th,BAL,IND,4th Quarter,4,Indianapolis Colts,0,2,0,Pass Incomplete,1st & 10 at BAL 30,04:00 4th Shotgun,— D.Jones pass incomplete deep right to J.Downs. ** Injury Update: BAL-M.Humphrey has returned to the game.
2026,WEEK 1,Sunday,September 13th,BAL,IND,4th Quarter,4,Indianapolis Colts,0,3,0,4 Yard Pass,2nd & 10 at BAL 30,03:55 4th Shotgun,— D.Jones pass short right to K.Allen to BAL 26 for 4 yards (M.Humphrey).
2026,WEEK 1,Sunday,September 13th,BAL,IND,4th Quarter,4,Indianapolis Colts,0,4,0,Pass Incomplete,3rd & 6 at BAL 26,"03:33 4th No Huddle, Shotgun",— D.Jones pass incomplete short right.
2026,WEEK 1,Sunday,September 13th,BAL,IND,4th Quarter,4,Indianapolis Colts,0,5,0,-5 Yard Penalty,4th & 6 at BAL 26,03:27 4th Shotgun,"— PENALTY on IND, Delay of Game, 5 yards, enforced at BAL 26 - No Play."
2026,WEEK 1,Sunday,September 13th,BAL,IND,4th Quarter,4,Indianapolis Colts,0,6,0,Turnover on Downs,4th & 11 at BAL 31,03:27 4th Shotgun,— D.Jones sacked at BAL 40 for -9 yards (M.Starks).
2026,WEEK 1,Sunday,September 13th,BAL,IND,4th Quarter,5,Baltimore Ravens,0,1,0,9 Yard Run,1st & 10 at BAL 40,03:22 4th,— C.Vinson reported in as eligible. D.Henry right end to BAL 49 for 9 yards (A.Davis-Gaither).
2026,WEEK 1,Sunday,September 13th,BAL,IND,4th Quarter,5,Baltimore Ravens,0,2,0,7 Yard Run,2nd & 1 at BAL 49,02:38 4th,— J.Hill right end to IND 44 for 7 yards (C.Ward).
2026,WEEK 1,Sunday,September 13th,BAL,IND,4th Quarter,5,Baltimore Ravens,0,3,0,-1 Yard Run,1st & 10 at IND 44,02:00 4th,— L.Jackson kneels to IND 45 for -1 yards.
2026,WEEK 1,Sunday,September 13th,BAL,IND,4th Quarter,5,Baltimore Ravens,0,4,0,-1 Yard Run,2nd & 11 at IND 45,01:18 4th,— L.Jackson kneels to IND 46 for -1 yards.
2026,WEEK 1,Sunday,September 13th,BAL,IND,4th Quarter,5,Baltimore Ravens,0,5,0,-1 Yard Run,3rd & 12 at IND 46,00:36 4th,— L.Jackson kneels to IND 47 for -1 yards.
2026,WEEK 1,Sunday,September 13th,CLE,JAX,1st Quarter,1,Cleveland Browns,0,1,0,Kickoff from JAX 35,,Kickoff,— C.Little kicks 62 yards from JAX 35 to CLE 3. D.Sampson to CLE 40 for 37 yards (J.Cameron; M.Brown).
2026,WEEK 1,Sunday,September 13th,CLE,JAX,1st Quarter,1,Cleveland Browns,0,2,0,14 Yard Pass,1st & 10 at CLE 40,14:52 1st,— D.Watson pass short middle to B.Whiteheart to JAX 46 for 14 yards (V.Miller; D.Gardeck).
2026,WEEK 1,Sunday,September 13th,CLE,JAX,1st Quarter,1,Cleveland Browns,0,3,0,4 Yard Run,1st & 10 at JAX 46,14:16 1st Shotgun,— Q.Judkins up the middle to JAX 42 for 4 yards (A.Armstead).
2026,WEEK 1,Sunday,September 13th,CLE,JAX,1st Quarter,1,Cleveland Browns,0,4,0,9 Yard Pass,2nd & 6 at JAX 42,13:37 1st Shotgun,— D.Watson pass short middle to K.Concepcion to JAX 33 for 9 yards (A.Johnson).
2026,WEEK 1,Sunday,September 13th,CLE,JAX,1st Quarter,1,Cleveland Browns,0,5,0,5 Yard Run,1st & 10 at JAX 33,12:57 1st Shotgun,— Q.Judkins left end to JAX 28 for 5 yards (E.Murray).
2026,WEEK 1,Sunday,September 13th,CLE,JAX,1st Quarter,1,Cleveland Browns,0,6,0,Interception,2nd & 5 at JAX 28,12:17 1st,— D.Watson pass short left intended for J.Jeudy INTERCEPTED by F.Oluokun [D.Hamilton] at JAX 19. F.Oluokun to JAX 41 for 22 yards (E.Jenkins).
2026,WEEK 1,Sunday,September 13th,CLE,JAX,1st Quarter,2,Jacksonville Jaguars,1,1,0,3 Yard Run,1st & 10 at JAX 41,12:06 1st,— B.Tuten right tackle to JAX 44 for 3 yards (Q.Williams).
2026,WEEK 1,Sunday,September 13th,CLE,JAX,1st Quarter,2,Jacksonville Jaguars,1,2,0,6 Yard Run,2nd & 7 at JAX 44,11:32 1st Shotgun,— B.Tuten up the middle to 50 for 6 yards (D.Ward; R.Hickman).
2026,WEEK 1,Sunday,September 13th,CLE,JAX,1st Quarter,2,Jacksonville Jaguars,1,3,0,2 Yard Run,3rd & 1 at 50,11:06 1st No Huddle,— J.Meyers left end to CLE 48 for 2 yards (G.Delpit; Q.Williams).
2026,WEEK 1,Sunday,September 13th,CLE,JAX,1st Quarter,2,Jacksonville Jaguars,1,4,0,4 Yard Run,1st & 10 at CLE 48,10:27 1st,— C.Rodriguez left tackle to CLE 44 for 4 yards (M.Graham; I.McGuire).
2026,WEEK 1,Sunday,September 13th,CLE,JAX,1st Quarter,2,Jacksonville Jaguars,1,5,0,11 Yard Pass,2nd & 6 at CLE 44,09:46 1st,— T.Lawrence pass short middle to P.Washington to CLE 33 for 11 yards (T.Campbell).
2026,WEEK 1,Sunday,September 13th,CLE,JAX,1st Quarter,2,Jacksonville Jaguars,1,6,0,3 Yard Run,1st & 10 at CLE 33,09:05 1st,— C.Rodriguez left end to CLE 30 for 3 yards (E.Mascarenas-Arnold; C.Schwesinger).
2026,WEEK 1,Sunday,September 13th,CLE,JAX,1st Quarter,2,Jacksonville Jaguars,1,7,0,Pass Incomplete,2nd & 7 at CLE 30,08:23 1st Shotgun,— T.Lawrence pass incomplete deep left [C.Schwesinger].
2026,WEEK 1,Sunday,September 13th,CLE,JAX,1st Quarter,2,Jacksonville Jaguars,1,8,1,Touchdown,3rd & 7 at CLE 30,08:18 1st Shotgun,"— T.Lawrence pass deep right to P.Washington for 30 yards, TOUCHDOWN [M.Collins]."
2026,WEEK 1,Sunday,September 13th,CLE,JAX,1st Quarter,2,Jacksonville Jaguars,1,9,1,Extra Point,,08:11 1st,"— C.Little extra point is GOOD, Center-R.Matiscik, Holder-L.Cooke."
2026,WEEK 1,Sunday,September 13th,CLE,JAX,1st Quarter,3,Cleveland Browns,0,1,0,Kickoff from JAX 35,,Kickoff,"— C.Little kicks 65 yards from JAX 35 to CLE 0. D.Sampson to CLE 27 for 27 yards (J.Tavai). PENALTY on CLE-E.McNeil-Warren, Offensive Holding, 10 yards, enforced at CLE 27."
2026,WEEK 1,Sunday,September 13th,CLE,JAX,1st Quarter,3,Cleveland Browns,0,2,0,4 Yard Run,1st & 10 at CLE 17,08:05 1st,— Q.Judkins left end to CLE 21 for 4 yards (A.Johnson).
2026,WEEK 1,Sunday,September 13th,CLE,JAX,1st Quarter,3,Cleveland Browns,0,3,0,0 Yard Run,2nd & 6 at CLE 21,07:28 1st Shotgun,— Q.Judkins right end to CLE 21 for no gain (J.Lewis; D.Striggow).
2026,WEEK 1,Sunday,September 13th,CLE,JAX,1st Quarter,3,Cleveland Browns,0,4,0,Pass Incomplete,3rd & 6 at CLE 21,06:47 1st Shotgun,— D.Watson pass incomplete short right to H.Fannin [D.Gardeck].
2026,WEEK 1,Sunday,September 13th,CLE,JAX,1st Quarter,3,Cleveland Browns,0,5,0,Punt,4th & 6 at CLE 21,06:40 1st,"— C.Bojorquez punts 48 yards to JAX 31, Center-R.Sunahara. P.Washington to JAX 26 for -5 yards (R.Sunahara)."
2026,WEEK 1,Sunday,September 13th,CLE,JAX,1st Quarter,4,Jacksonville Jaguars,1,1,0,Pass Incomplete,1st & 10 at JAX 26,06:24 1st,— T.Lawrence pass incomplete short right.
2026,WEEK 1,Sunday,September 13th,CLE,JAX,1st Quarter,4,Jacksonville Jaguars,1,2,0,10 Yard Pass,2nd & 10 at JAX 26,06:17 1st Shotgun,— T.Lawrence pass short right to Bri.Thomas ran ob at JAX 36 for 10 yards.
2026,WEEK 1,Sunday,September 13th,CLE,JAX,1st Quarter,4,Jacksonville Jaguars,1,3,0,6 Yard Pass,1st & 10 at JAX 36,"05:44 1st No Huddle, Shotgun",— T.Lawrence pass short left to P.Washington pushed ob at JAX 42 for 6 yards (M.Harden).
2026,WEEK 1,Sunday,September 13th,CLE,JAX,1st Quarter,4,Jacksonville Jaguars,1,4,0,5 Yard Penalty,2nd & 4 at JAX 42,05:11 1st,"— PENALTY on CLE-S.Williams, Neutral Zone Infraction, 5 yards, enforced at JAX 42 - No Play."
2026,WEEK 1,Sunday,September 13th,CLE,JAX,1st Quarter,4,Jacksonville Jaguars,1,5,0,12 Yard Pass,1st & 10 at JAX 47,04:55 1st Shotgun,"— T.Lawrence pass deep right to Bri.Thomas to CLE 36 for 17 yards (D.Ward; C.Schwesinger). FUMBLES (D.Ward), recovered by JAX-B.Tuten at CLE 41."
2026,WEEK 1,Sunday,September 13th,CLE,JAX,1st Quarter,4,Jacksonville Jaguars,1,6,0,-5 Yard Penalty,1st & 10 at CLE 41,04:23 1st,"— PENALTY on JAX-R.Hainsey, False Start, 5 yards, enforced at CLE 41 - No Play."
2026,WEEK 1,Sunday,September 13th,CLE,JAX,1st Quarter,4,Jacksonville Jaguars,1,7,0,-3 Yard Run,1st & 15 at CLE 46,04:03 1st,"— T.Lawrence left end to CLE 44 for 2 yards. T.Lawrence pass incomplete short left [C.Schwesinger]. PENALTY on JAX-T.Lawrence, Illegal Forward Pass, 5 yards, enforced at CLE 44."
2026,WEEK 1,Sunday,September 13th,CLE,JAX,1st Quarter,4,Jacksonville Jaguars,1,8,0,22 Yard Pass,2nd & 18 at CLE 49,03:55 1st Shotgun,— T.Lawrence pass deep left to P.Washington to CLE 27 for 22 yards (R.Hickman).
2026,WEEK 1,Sunday,September 13th,CLE,JAX,1st Quarter,4,Jacksonville Jaguars,1,9,0,18 Yard Pass,1st & 10 at CLE 27,03:14 1st No Huddle,— T.Lawrence pass deep right to Bri.Thomas to CLE 9 for 18 yards (T.Campbell).
2026,WEEK 1,Sunday,September 13th,CLE,JAX,1st Quarter,4,Jacksonville Jaguars,1,10,0,5 Yard Run,1st & 9 at CLE 9,02:28 1st,— C.Rodriguez up the middle to CLE 4 for 5 yards (C.Schwesinger; S.Williams).
2026,WEEK 1,Sunday,September 13th,CLE,JAX,1st Quarter,4,Jacksonville Jaguars,1,11,1,Touchdown,2nd & 4 at CLE 4,01:47 1st,"— T.Lawrence pass short middle to J.Cameron for 4 yards, TOUCHDOWN."
2026,WEEK 1,Sunday,September 13th,CLE,JAX,1st Quarter,4,Jacksonville Jaguars,1,12,1,Extra Point,,01:42 1st,"— C.Little extra point is GOOD, Center-R.Matiscik, Holder-L.Cooke."
2026,WEEK 1,Sunday,September 13th,CLE,JAX,2nd Quarter,1,Cleveland Browns,0,1,0,Kickoff from JAX 35,,Kickoff,"— C.Little kicks 65 yards from JAX 35 to end zone, Touchback to the CLE 35."
2026,WEEK 1,Sunday,September 13th,CLE,JAX,2nd Quarter,1,Cleveland Browns,0,2,0,-1 Yard Sack,1st & 10 at CLE 35,01:42 1st,— D.Watson sacked ob at CLE 34 for -1 yards (T.Walker).
2026,WEEK 1,Sunday,September 13th,CLE,JAX,2nd Quarter,1,Cleveland Browns,0,3,0,1 Yard Pass,2nd & 11 at CLE 34,01:09 1st Shotgun,— D.Watson pass short middle to Q.Judkins pushed ob at CLE 35 for 1 yard (V.Miller).
2026,WEEK 1,Sunday,September 13th,CLE,JAX,2nd Quarter,1,Cleveland Browns,0,4,0,-8 Yard Sack,3rd & 10 at CLE 35,00:38 1st Shotgun,"— D.Watson sacked at CLE 26 for -9 yards (sack split by J.Hines-Allen and T.Walker). FUMBLES (J.Hines-Allen) [J.Hines-Allen], and recovers at CLE 27."
2026,WEEK 1,Sunday,September 13th,CLE,JAX,2nd Quarter,1,Cleveland Browns,0,5,0,Punt,4th & 18 at CLE 27,15:00 2nd,"— C.Bojorquez punts 45 yards to JAX 28, Center-R.Sunahara, fair catch by P.Washington."
2026,WEEK 1,Sunday,September 13th,CLE,JAX,2nd Quarter,2,Jacksonville Jaguars,1,1,0,9 Yard Pass,1st & 10 at JAX 28,14:52 2nd,— T.Lawrence pass short right to N.Boerkircher to JAX 37 for 9 yards (Q.Williams).
2026,WEEK 1,Sunday,September 13th,CLE,JAX,2nd Quarter,2,Jacksonville Jaguars,1,2,0,Pass Incomplete,2nd & 1 at JAX 37,14:13 2nd,— T.Lawrence pass incomplete deep right to P.Washington.
2026,WEEK 1,Sunday,September 13th,CLE,JAX,2nd Quarter,2,Jacksonville Jaguars,1,3,0,2 Yard Run,3rd & 1 at JAX 37,14:07 2nd Shotgun,— W.Milum reported in as eligible. Direct snap to C.Rodriguez. C.Rodriguez up the middle to JAX 39 for 2 yards (C.Schwesinger; R.Hickman).
2026,WEEK 1,Sunday,September 13th,CLE,JAX,2nd Quarter,2,Jacksonville Jaguars,1,4,0,3 Yard Run,1st & 10 at JAX 39,13:30 2nd,— T.Hunter right end to JAX 42 for 3 yards (S.Williams; D.Ward).
2026,WEEK 1,Sunday,September 13th,CLE,JAX,2nd Quarter,2,Jacksonville Jaguars,1,5,0,8 Yard Pass,2nd & 7 at JAX 42,12:51 2nd Shotgun,— T.Lawrence pass short left to J.Meyers to 50 for 8 yards (T.Campbell; M.Harden).
2026,WEEK 1,Sunday,September 13th,CLE,JAX,2nd Quarter,2,Jacksonville Jaguars,1,6,0,5 Yard Run,1st & 10 at 50,12:08 2nd,— B.Tuten left end to CLE 45 for 5 yards (T.Campbell; A.Huntington).
2026,WEEK 1,Sunday,September 13th,CLE,JAX,2nd Quarter,2,Jacksonville Jaguars,1,7,0,7 Yard Run,2nd & 5 at CLE 45,11:24 2nd,— B.Tuten right guard to CLE 38 for 7 yards (R.Hickman; E.McNeil-Warren).
2026,WEEK 1,Sunday,September 13th,CLE,JAX,2nd Quarter,2,Jacksonville Jaguars,1,8,0,Pass Incomplete,1st & 10 at CLE 38,10:44 2nd,— T.Lawrence pass incomplete short right to Q.Morris.
2026,WEEK 1,Sunday,September 13th,CLE,JAX,2nd Quarter,2,Jacksonville Jaguars,1,9,0,8 Yard Pass,2nd & 10 at CLE 38,10:39 2nd Shotgun,— T.Lawrence pass short left to T.Hunter to CLE 30 for 8 yards (M.Graham).
2026,WEEK 1,Sunday,September 13th,CLE,JAX,2nd Quarter,2,Jacksonville Jaguars,1,10,0,1 Yard Run,3rd & 2 at CLE 30,09:58 2nd Shotgun,— C.Rodriguez up the middle to CLE 29 for 1 yard (I.McGuire; C.Schwesinger).
2026,WEEK 1,Sunday,September 13th,CLE,JAX,2nd Quarter,2,Jacksonville Jaguars,1,11,1,Field Goal,4th & 1 at CLE 29,09:13 2nd,"— C.Little 47 yard field goal is GOOD, Center-R.Matiscik, Holder-L.Cooke."
2026,WEEK 1,Sunday,September 13th,CLE,JAX,2nd Quarter,3,Cleveland Browns,0,1,0,Kickoff from JAX 35,,Kickoff,— C.Little kicks 60 yards from JAX 35 to CLE 5. M.Corley to CLE 39 for 34 yards (E.Murray; M.Brown).
2026,WEEK 1,Sunday,September 13th,CLE,JAX,2nd Quarter,3,Cleveland Browns,0,2,0,1 Yard Run,1st & 10 at CLE 39,08:59 2nd Shotgun,— Q.Judkins up the middle to CLE 40 for 1 yard (A.Armstead; D.Hamilton). CLE-Z.Johnson was injured during the play.
2026,WEEK 1,Sunday,September 13th,CLE,JAX,2nd Quarter,3,Cleveland Browns,0,3,0,Fumble,2nd & 9 at CLE 40,08:38 2nd,"— D.Watson pass short left to K.Concepcion to CLE 45 for 5 yards (V.Miller) [T.Walker]. FUMBLES (V.Miller), touched at CLE 46, RECOVERED by JAX-J.Hines-Allen at CLE 44."
2026,WEEK 1,Sunday,September 13th,CLE,JAX,2nd Quarter,4,Jacksonville Jaguars,1,1,0,12 Yard Run,1st & 10 at CLE 44,08:27 2nd,— B.Tuten left end to CLE 32 for 12 yards (E.McNeil-Warren).
2026,WEEK 1,Sunday,September 13th,CLE,JAX,2nd Quarter,4,Jacksonville Jaguars,1,2,0,4 Yard Run,1st & 10 at CLE 32,07:45 2nd,— B.Tuten right tackle to CLE 28 for 4 yards (R.Hickman).
2026,WEEK 1,Sunday,September 13th,CLE,JAX,2nd Quarter,4,Jacksonville Jaguars,1,3,0,Pass Incomplete,2nd & 6 at CLE 28,07:04 2nd Shotgun,— T.Lawrence pass incomplete short middle to B.Strange (G.Delpit).
2026,WEEK 1,Sunday,September 13th,CLE,JAX,2nd Quarter,4,Jacksonville Jaguars,1,4,0,14 Yard Pass,3rd & 6 at CLE 28,"06:58 2nd No Huddle, Shotgun",— T.Lawrence pass short left to P.Washington ran ob at CLE 14 for 14 yards.
2026,WEEK 1,Sunday,September 13th,CLE,JAX,2nd Quarter,4,Jacksonville Jaguars,1,5,1,Touchdown,1st & 10 at CLE 14,06:24 2nd Shotgun,"— T.Lawrence pass short middle to B.Strange for 14 yards, TOUCHDOWN."
2026,WEEK 1,Sunday,September 13th,CLE,JAX,2nd Quarter,4,Jacksonville Jaguars,1,6,1,Extra Point,,06:18 2nd,"— C.Little extra point is GOOD, Center-R.Matiscik, Holder-L.Cooke."
2026,WEEK 1,Sunday,September 13th,CLE,JAX,2nd Quarter,5,Cleveland Browns,0,1,0,Kickoff from JAX 35,,Kickoff,— C.Little kicks 61 yards from JAX 35 to CLE 4. R.Sanders to CLE 35 for 31 yards (B.Combs).
2026,WEEK 1,Sunday,September 13th,CLE,JAX,2nd Quarter,5,Cleveland Browns,0,2,0,8 Yard Run,1st & 10 at CLE 35,06:11 2nd Shotgun,— K.Concepcion left end to CLE 43 for 8 yards (C.Ransaw). ** Injury Update: CLE-Z.Johnson has returned to the game.
2026,WEEK 1,Sunday,September 13th,CLE,JAX,2nd Quarter,5,Cleveland Browns,0,3,0,3 Yard Run,2nd & 2 at CLE 43,05:38 2nd Shotgun,— D.Watson left end to CLE 46 for 3 yards (V.Miller).
2026,WEEK 1,Sunday,September 13th,CLE,JAX,2nd Quarter,5,Cleveland Browns,0,4,0,Pass Incomplete,1st & 10 at CLE 46,04:59 2nd,— D.Watson pass incomplete deep middle to K.Concepcion (T.Walker).
2026,WEEK 1,Sunday,September 13th,CLE,JAX,2nd Quarter,5,Cleveland Browns,0,5,0,Timeout,,04:52 2nd,— Timeout #1 by CLE at 04:52.
2026,WEEK 1,Sunday,September 13th,CLE,JAX,2nd Quarter,5,Cleveland Browns,0,6,0,Pass Incomplete,2nd & 10 at CLE 46,04:52 2nd Shotgun,— D.Watson pass incomplete short right to J.Jeudy.
2026,WEEK 1,Sunday,September 13th,CLE,JAX,2nd Quarter,5,Cleveland Browns,0,7,0,4 Yard Run,3rd & 10 at CLE 46,04:47 2nd Shotgun,— D.Watson scrambles right end to 50 for 4 yards (F.Oluokun).
2026,WEEK 1,Sunday,September 13th,CLE,JAX,2nd Quarter,5,Cleveland Browns,0,8,0,Punt,4th & 6 at 50,04:02 2nd,"— C.Bojorquez punts 37 yards to JAX 13, Center-R.Sunahara, fair catch by P.Washington."
2026,WEEK 1,Sunday,September 13th,CLE,JAX,2nd Quarter,6,Jacksonville Jaguars,0,1,0,11 Yard Run,1st & 10 at JAX 13,03:54 2nd,— A.Abdullah right guard to JAX 24 for 11 yards (E.McNeil-Warren; R.Hickman).
2026,WEEK 1,Sunday,September 13th,CLE,JAX,2nd Quarter,6,Jacksonville Jaguars,0,2,0,9 Yard Run,1st & 10 at JAX 24,03:18 2nd,— A.Abdullah left tackle to JAX 33 for 9 yards (J.Verse).
2026,WEEK 1,Sunday,September 13th,CLE,JAX,2nd Quarter,6,Jacksonville Jaguars,0,3,0,0 Yard Run,2nd & 1 at JAX 33,02:35 2nd,— A.Abdullah left tackle to JAX 33 for no gain (T.Campbell).
2026,WEEK 1,Sunday,September 13th,CLE,JAX,2nd Quarter,6,Jacksonville Jaguars,0,4,0,-11 Yard Sack,3rd & 1 at JAX 33,02:00 2nd,— T.Lawrence sacked at JAX 22 for -11 yards (M.Graham). ** Injury Update: JAX-Bri.Thomas has returned to the game.
2026,WEEK 1,Sunday,September 13th,CLE,JAX,2nd Quarter,6,Jacksonville Jaguars,0,5,0,Timeout,,01:45 2nd,— Timeout #2 by CLE at 01:45.
2026,WEEK 1,Sunday,September 13th,CLE,JAX,2nd Quarter,6,Jacksonville Jaguars,0,6,0,Punt,4th & 12 at JAX 22,01:45 2nd,"— L.Cooke punts 58 yards to CLE 20, Center-R.Matiscik. K.Concepcion to CLE 30 for 10 yards (R.Matiscik; Q.Morris)."
2026,WEEK 1,Sunday,September 13th,CLE,JAX,2nd Quarter,7,Cleveland Browns,0,1,0,20 Yard Pass,1st & 10 at CLE 30,01:32 2nd Shotgun,— D.Watson pass short left to J.Jeudy to 50 for 20 yards (C.Ransaw; F.Oluokun).
2026,WEEK 1,Sunday,September 13th,CLE,JAX,2nd Quarter,7,Cleveland Browns,0,2,0,11 Yard Pass,1st & 10 at 50,"01:14 2nd No Huddle, Shotgun",— D.Watson pass short right to R.Sanders to JAX 39 for 11 yards (A.Johnson).
2026,WEEK 1,Sunday,September 13th,CLE,JAX,2nd Quarter,7,Cleveland Browns,0,3,0,-10 Yard Penalty,1st & 10 at JAX 39,"00:51 2nd No Huddle, Shotgun","— D.Watson pass incomplete short right to I.Bond. PENALTY on CLE-Z.Johnson, Offensive Holding, 10 yards, enforced at JAX 39 - No Play."
2026,WEEK 1,Sunday,September 13th,CLE,JAX,2nd Quarter,7,Cleveland Browns,0,4,0,-5 Yard Penalty,1st & 20 at JAX 49,00:44 2nd Shotgun,"— PENALTY on CLE-T.Howard, False Start, 5 yards, enforced at JAX 49 - No Play."
2026,WEEK 1,Sunday,September 13th,CLE,JAX,2nd Quarter,7,Cleveland Browns,0,5,0,-5 Yard Penalty,1st & 25 at CLE 46,00:44 2nd Shotgun,"— PENALTY on CLE, Delay of Game, 5 yards, enforced at CLE 46 - No Play."
2026,WEEK 1,Sunday,September 13th,CLE,JAX,2nd Quarter,7,Cleveland Browns,0,6,0,6 Yard Pass,1st & 30 at CLE 41,00:44 2nd Shotgun,— D.Watson pass short left to J.Jeudy pushed ob at CLE 47 for 6 yards (F.Oluokun).
2026,WEEK 1,Sunday,September 13th,CLE,JAX,2nd Quarter,7,Cleveland Browns,0,7,0,-10 Yard Penalty,2nd & 24 at CLE 47,00:38 2nd Shotgun,"— D.Watson scrambles left tackle to JAX 44 for 9 yards (A.Johnson). PENALTY on CLE-Z.Johnson, Offensive Holding, 10 yards, enforced at CLE 47 - No Play."
2026,WEEK 1,Sunday,September 13th,CLE,JAX,2nd Quarter,7,Cleveland Browns,0,8,0,9 Yard Pass,2nd & 34 at CLE 37,00:31 2nd Shotgun,— D.Watson pass short left to R.Sanders to CLE 46 for 9 yards (C.Ransaw).
2026,WEEK 1,Sunday,September 13th,CLE,JAX,2nd Quarter,7,Cleveland Browns,0,9,0,Pass Incomplete,3rd & 25 at CLE 46,"00:08 2nd No Huddle, Shotgun",— D.Watson pass incomplete deep left to D.Boston.
2026,WEEK 1,Sunday,September 13th,CLE,JAX,3rd Quarter,1,Jacksonville Jaguars,1,1,0,Kickoff from CLE 35,,Kickoff,— A.Szmyt kicks 60 yards from CLE 35 to JAX 5. A.Abdullah to JAX 40 for 35 yards (C.Ryan; D.McMillon).
2026,WEEK 1,Sunday,September 13th,CLE,JAX,3rd Quarter,1,Jacksonville Jaguars,1,2,0,10 Yard Run,1st & 10 at JAX 40,14:53 3rd,— B.Tuten left end pushed ob at 50 for 10 yards (C.Schwesinger).
2026,WEEK 1,Sunday,September 13th,CLE,JAX,3rd Quarter,1,Jacksonville Jaguars,1,3,0,5 Yard Penalty,1st & 10 at 50,14:20 3rd Shotgun,"— PENALTY on CLE-M.Graham, Neutral Zone Infraction, 5 yards, enforced at 50 - No Play."
2026,WEEK 1,Sunday,September 13th,CLE,JAX,3rd Quarter,1,Jacksonville Jaguars,1,4,0,22 Yard Pass,1st & 5 at CLE 45,14:05 3rd Shotgun,— T.Lawrence pass short left to B.Tuten to CLE 23 for 22 yards (G.Delpit).
2026,WEEK 1,Sunday,September 13th,CLE,JAX,3rd Quarter,1,Jacksonville Jaguars,1,5,0,-4 Yard Run,1st & 10 at CLE 23,13:19 3rd Shotgun,"— B.Tuten left guard to CLE 27 for -4 yards (M.Graham, T.Campbell)."
2026,WEEK 1,Sunday,September 13th,CLE,JAX,3rd Quarter,1,Jacksonville Jaguars,1,6,0,-5 Yard Penalty,2nd & 14 at CLE 27,12:39 3rd Shotgun,"— PENALTY on JAX-B.Strange, False Start, 5 yards, enforced at CLE 27 - No Play."
2026,WEEK 1,Sunday,September 13th,CLE,JAX,3rd Quarter,1,Jacksonville Jaguars,1,7,1,Touchdown,2nd & 19 at CLE 32,12:18 3rd Shotgun,"— T.Lawrence pass deep left to J.Meyers for 32 yards, TOUCHDOWN."
2026,WEEK 1,Sunday,September 13th,CLE,JAX,3rd Quarter,1,Jacksonville Jaguars,1,8,1,Extra Point,,12:08 3rd,"— C.Little extra point is GOOD, Center-R.Matiscik, Holder-L.Cooke."
2026,WEEK 1,Sunday,September 13th,CLE,JAX,3rd Quarter,2,Cleveland Browns,1,1,0,Kickoff from JAX 35,,Kickoff,— C.Little kicks 62 yards from JAX 35 to CLE 3. R.Sanders pushed ob at JAX 23 for 74 yards (M.Brown).
2026,WEEK 1,Sunday,September 13th,CLE,JAX,3rd Quarter,2,Cleveland Browns,1,2,0,-1 Yard Run,1st & 10 at JAX 23,11:59 3rd,— Q.Judkins left end to JAX 24 for -1 yards (V.Miller).
2026,WEEK 1,Sunday,September 13th,CLE,JAX,3rd Quarter,2,Cleveland Browns,1,3,0,4 Yard Pass,2nd & 11 at JAX 24,11:20 3rd Shotgun,— D.Watson pass short right to K.Concepcion to JAX 20 for 4 yards (T.Hunter).
2026,WEEK 1,Sunday,September 13th,CLE,JAX,3rd Quarter,2,Cleveland Browns,1,4,0,9 Yard Run,3rd & 7 at JAX 20,10:40 3rd Shotgun,— D.Watson scrambles left tackle ran ob at JAX 11 for 9 yards (C.Ransaw).
2026,WEEK 1,Sunday,September 13th,CLE,JAX,3rd Quarter,2,Cleveland Browns,1,5,0,6 Yard Run,1st & 10 at JAX 11,10:08 3rd Shotgun,— D.Watson left guard to JAX 5 for 6 yards (V.Miller).
2026,WEEK 1,Sunday,September 13th,CLE,JAX,3rd Quarter,2,Cleveland Browns,1,6,0,2 Yard Run,2nd & 4 at JAX 5,09:26 3rd,— Q.Judkins up the middle to JAX 3 for 2 yards (J.Hines-Allen; R.Orhorhoro).
2026,WEEK 1,Sunday,September 13th,CLE,JAX,3rd Quarter,2,Cleveland Browns,1,7,0,-5 Yard Penalty,3rd & 2 at JAX 3,08:38 3rd Shotgun,"— PENALTY on CLE, Delay of Game, 5 yards, enforced at JAX 3 - No Play."
2026,WEEK 1,Sunday,September 13th,CLE,JAX,3rd Quarter,2,Cleveland Browns,1,8,0,Pass Incomplete,3rd & 7 at JAX 8,08:38 3rd Shotgun,— D.Watson pass incomplete short left to D.Boston.
2026,WEEK 1,Sunday,September 13th,CLE,JAX,3rd Quarter,2,Cleveland Browns,1,9,1,Field Goal,4th & 7 at JAX 8,08:34 3rd,"— A.Szmyt 26 yard field goal is GOOD, Center-R.Sunahara, Holder-C.Bojorquez."
2026,WEEK 1,Sunday,September 13th,CLE,JAX,3rd Quarter,3,Jacksonville Jaguars,1,1,0,Kickoff from CLE 35,,Kickoff,— A.Szmyt kicks 58 yards from CLE 35 to JAX 7. A.Abdullah to JAX 31 for 24 yards (M.Corley).
2026,WEEK 1,Sunday,September 13th,CLE,JAX,3rd Quarter,3,Jacksonville Jaguars,1,2,0,9 Yard Pass,1st & 10 at JAX 31,08:27 3rd Shotgun,— T.Lawrence pass short left to B.Strange to JAX 40 for 9 yards (T.Campbell; A.Huntington).
2026,WEEK 1,Sunday,September 13th,CLE,JAX,3rd Quarter,3,Jacksonville Jaguars,1,3,0,0 Yard Run,2nd & 1 at JAX 40,07:50 3rd,— B.Tuten right tackle to JAX 40 for no gain (S.Williams; E.Mascarenas-Arnold).
2026,WEEK 1,Sunday,September 13th,CLE,JAX,3rd Quarter,3,Jacksonville Jaguars,1,4,0,1 Yard Run,3rd & 1 at JAX 40,07:09 3rd,— W.Milum reported in as eligible. T.Lawrence up the middle to JAX 41 for 1 yard (C.Schwesinger).
2026,WEEK 1,Sunday,September 13th,CLE,JAX,3rd Quarter,3,Jacksonville Jaguars,1,5,0,8 Yard Run,1st & 10 at JAX 41,06:29 3rd,— C.Rodriguez up the middle to JAX 49 for 8 yards (Q.Williams).
2026,WEEK 1,Sunday,September 13th,CLE,JAX,3rd Quarter,3,Jacksonville Jaguars,1,6,0,16 Yard Pass,2nd & 2 at JAX 49,05:45 3rd,— T.Lawrence pass short right to J.Cameron pushed ob at CLE 35 for 16 yards (D.Ward).
2026,WEEK 1,Sunday,September 13th,CLE,JAX,3rd Quarter,3,Jacksonville Jaguars,1,7,0,12 Yard Run,1st & 10 at CLE 35,05:06 3rd,— B.Tuten left end to CLE 23 for 12 yards (R.Hickman).
2026,WEEK 1,Sunday,September 13th,CLE,JAX,3rd Quarter,3,Jacksonville Jaguars,1,8,0,-1 Yard Run,1st & 10 at CLE 23,04:19 3rd,"— B.Tuten right guard to CLE 24 for -1 yards (C.Schwesinger, J.Verse)."
2026,WEEK 1,Sunday,September 13th,CLE,JAX,3rd Quarter,3,Jacksonville Jaguars,1,9,0,-10 Yard Penalty,2nd & 11 at CLE 24,03:40 3rd Shotgun,"— B.Tuten left guard to CLE 17 for 7 yards (M.Collins; Q.Williams). PENALTY on JAX-N.Boerkircher, Offensive Holding, 10 yards, enforced at CLE 24 - No Play."
2026,WEEK 1,Sunday,September 13th,CLE,JAX,3rd Quarter,3,Jacksonville Jaguars,1,10,0,0 Yard Pass,2nd & 21 at CLE 34,03:15 3rd Shotgun,— T.Lawrence pass short right to A.Abdullah to CLE 34 for no gain (M.Graham; D.Ward).
2026,WEEK 1,Sunday,September 13th,CLE,JAX,3rd Quarter,3,Jacksonville Jaguars,1,11,0,12 Yard Run,3rd & 21 at CLE 34,02:31 3rd Shotgun,— A.Abdullah up the middle to CLE 22 for 12 yards (R.Hickman; C.Schwesinger).
2026,WEEK 1,Sunday,September 13th,CLE,JAX,3rd Quarter,3,Jacksonville Jaguars,1,12,1,Field Goal,4th & 9 at CLE 22,01:52 3rd,"— C.Little 40 yard field goal is GOOD, Center-R.Matiscik, Holder-L.Cooke."
2026,WEEK 1,Sunday,September 13th,CLE,JAX,4th Quarter,1,Cleveland Browns,0,1,0,Kickoff from JAX 35,,Kickoff,"— C.Little kicks 65 yards from JAX 35 to CLE 0. R.Sanders to CLE 37 for 37 yards (V.Miller). PENALTY on CLE-N.Watson, Offensive Holding, 10 yards, enforced at CLE 25."
2026,WEEK 1,Sunday,September 13th,CLE,JAX,4th Quarter,1,Cleveland Browns,0,2,0,9 Yard Pass,1st & 10 at CLE 15,01:39 3rd,— D.Watson pass short right to H.Fannin to CLE 24 for 9 yards (D.Striggow).
2026,WEEK 1,Sunday,September 13th,CLE,JAX,4th Quarter,1,Cleveland Browns,0,3,0,Timeout,,00:50 3rd,— Timeout #1 by CLE at 00:50.
2026,WEEK 1,Sunday,September 13th,CLE,JAX,4th Quarter,1,Cleveland Browns,0,4,0,12 Yard Pass,2nd & 1 at CLE 24,00:50 3rd,— D.Watson pass short left to H.Fannin to CLE 36 for 12 yards (F.Oluokun) [M.Dickerson].
2026,WEEK 1,Sunday,September 13th,CLE,JAX,4th Quarter,1,Cleveland Browns,0,5,0,-4 Yard Sack,1st & 10 at CLE 36,00:07 3rd,— D.Watson sacked at CLE 32 for -4 yards (V.Miller).
2026,WEEK 1,Sunday,September 13th,CLE,JAX,4th Quarter,1,Cleveland Browns,0,6,0,25 Yard Pass,2nd & 14 at CLE 32,15:00 4th Shotgun,— D.Watson pass deep right to K.Concepcion to JAX 43 for 25 yards (J.Lewis).
2026,WEEK 1,Sunday,September 13th,CLE,JAX,4th Quarter,1,Cleveland Browns,0,7,0,-3 Yard Run,1st & 10 at JAX 43,14:17 4th,— K.Concepcion left end to JAX 46 for -3 yards (M.Brown).
2026,WEEK 1,Sunday,September 13th,CLE,JAX,4th Quarter,1,Cleveland Browns,0,8,0,13 Yard Pass,2nd & 13 at JAX 46,13:36 4th Shotgun,— D.Watson pass short left to D.Boston to JAX 33 for 13 yards (M.Brown).
2026,WEEK 1,Sunday,September 13th,CLE,JAX,4th Quarter,1,Cleveland Browns,0,9,0,3 Yard Run,1st & 10 at JAX 33,12:55 4th Shotgun,— Q.Judkins right guard to JAX 30 for 3 yards (V.Miller; D.Hamilton).
2026,WEEK 1,Sunday,September 13th,CLE,JAX,4th Quarter,1,Cleveland Browns,0,10,0,5 Yard Pass,2nd & 7 at JAX 30,12:15 4th Shotgun,— D.Watson pass short left to R.Sanders to JAX 25 for 5 yards (J.Lewis; B.Combs).
2026,WEEK 1,Sunday,September 13th,CLE,JAX,4th Quarter,1,Cleveland Browns,0,11,0,1 Yard Run,3rd & 2 at JAX 25,11:29 4th Shotgun,— R.Sanders up the middle to JAX 24 for 1 yard (J.Hines-Allen).
2026,WEEK 1,Sunday,September 13th,CLE,JAX,4th Quarter,1,Cleveland Browns,0,12,0,-5 Yard Penalty,4th & 1 at JAX 24,10:50 4th Run formation,"— PENALTY on CLE-B.Whiteheart, False Start, 5 yards, enforced at JAX 24 - No Play."
2026,WEEK 1,Sunday,September 13th,CLE,JAX,4th Quarter,1,Cleveland Browns,0,13,0,7 Yard Run,4th & 6 at JAX 29,10:50 4th Shotgun,"— D.Watson scrambles left end to JAX 21 for 8 yards (C.Ransaw, D.Gardeck). FUMBLES (D.Gardeck), RECOVERED by JAX-A.Armstead at JAX 22. A.Armstead to JAX 24 for 2 yards (H.Fannin). The Replay Official reviewed the runner was not down by contact ruling, and the play was REVERSED. (Shotgun) D.Watson scrambles left end to JAX 22 for 7 yards (C.Ransaw)."
2026,WEEK 1,Sunday,September 13th,CLE,JAX,4th Quarter,1,Cleveland Browns,0,14,0,4 Yard Run,1st & 10 at JAX 22,10:28 4th,— Q.Judkins up the middle to JAX 18 for 4 yards (J.Hines-Allen; M.Dickerson).
2026,WEEK 1,Sunday,September 13th,CLE,JAX,4th Quarter,1,Cleveland Browns,0,15,0,3 Yard Run,2nd & 6 at JAX 18,09:45 4th,— Q.Judkins right guard to JAX 15 for 3 yards (A.Johnson; V.Miller).
2026,WEEK 1,Sunday,September 13th,CLE,JAX,4th Quarter,1,Cleveland Browns,0,16,0,-1 Yard Sack,3rd & 3 at JAX 15,09:06 4th Shotgun,— D.Watson sacked at JAX 16 for -1 yards (J.Hines-Allen).
2026,WEEK 1,Sunday,September 13th,CLE,JAX,4th Quarter,1,Cleveland Browns,0,17,0,Turnover on Downs,4th & 4 at JAX 16,08:22 4th Shotgun,— D.Watson sacked at JAX 22 for -6 yards (B.Combs).
2026,WEEK 1,Sunday,September 13th,CLE,JAX,4th Quarter,2,Jacksonville Jaguars,0,1,0,7 Yard Run,1st & 10 at JAX 22,08:12 4th,— B.Tuten left tackle to JAX 29 for 7 yards (G.Delpit; C.Schwesinger).
2026,WEEK 1,Sunday,September 13th,CLE,JAX,4th Quarter,2,Jacksonville Jaguars,0,2,0,5 Yard Penalty,2nd & 3 at JAX 29,07:29 4th,"— PENALTY on CLE-J.Verse, Neutral Zone Infraction, 5 yards, enforced at JAX 29 - No Play."
2026,WEEK 1,Sunday,September 13th,CLE,JAX,4th Quarter,2,Jacksonville Jaguars,0,3,0,6 Yard Run,1st & 10 at JAX 34,07:10 4th,— B.Tuten right tackle to JAX 40 for 6 yards (J.Verse).
2026,WEEK 1,Sunday,September 13th,CLE,JAX,4th Quarter,2,Jacksonville Jaguars,0,4,0,-1 Yard Run,2nd & 4 at JAX 40,06:24 4th,— B.Tuten up the middle to JAX 39 for -1 yards (J.Verse).
2026,WEEK 1,Sunday,September 13th,CLE,JAX,4th Quarter,2,Jacksonville Jaguars,0,5,0,0 Yard Run,3rd & 5 at JAX 39,05:39 4th Shotgun,— B.Tuten right tackle to JAX 39 for no gain (S.Williams).
2026,WEEK 1,Sunday,September 13th,CLE,JAX,4th Quarter,2,Jacksonville Jaguars,0,6,0,Punt,4th & 5 at JAX 39,04:47 4th,"— L.Cooke punts 50 yards to CLE 11, Center-R.Matiscik, fair catch by D.Boston."
2026,WEEK 1,Sunday,September 13th,CLE,JAX,4th Quarter,3,Cleveland Browns,1,1,0,10 Yard Run,1st & 10 at CLE 11,04:39 4th,— K.Concepcion right end to CLE 21 for 10 yards (C.Ransaw).
2026,WEEK 1,Sunday,September 13th,CLE,JAX,4th Quarter,3,Cleveland Browns,1,2,0,9 Yard Run,1st & 10 at CLE 21,04:03 4th Shotgun,— D.Watson up the middle to CLE 30 for 9 yards (B.Combs).
2026,WEEK 1,Sunday,September 13th,CLE,JAX,4th Quarter,3,Cleveland Browns,1,3,0,3 Yard Run,2nd & 1 at CLE 30,03:22 4th Shotgun,— Q.Judkins left guard to CLE 33 for 3 yards (A.Regis; J.Tavai).
2026,WEEK 1,Sunday,September 13th,CLE,JAX,4th Quarter,3,Cleveland Browns,1,4,0,16 Yard Pass,1st & 10 at CLE 33,02:44 4th,— D.Watson pass short right to Q.Judkins ran ob at CLE 49 for 16 yards (J.Tavai).
2026,WEEK 1,Sunday,September 13th,CLE,JAX,4th Quarter,3,Cleveland Browns,1,5,0,5 Yard Run,1st & 10 at CLE 49,02:35 4th Shotgun,— Q.Judkins left guard to JAX 46 for 5 yards (D.Gardeck).
2026,WEEK 1,Sunday,September 13th,CLE,JAX,4th Quarter,3,Cleveland Browns,1,6,1,Touchdown,2nd & 5 at JAX 46,02:00 4th Shotgun,"— D.Watson pass deep middle to D.Boston for 46 yards, TOUCHDOWN."
2026,WEEK 1,Sunday,September 13th,CLE,JAX,4th Quarter,3,Cleveland Browns,1,7,1,Extra Point,,01:52 4th,"— A.Szmyt extra point is GOOD, Center-R.Sunahara, Holder-C.Bojorquez."
2026,WEEK 1,Sunday,September 13th,CLE,JAX,4th Quarter,4,Jacksonville Jaguars,0,1,0,Kickoff from CLE 35,,Kickoff,— A.Szmyt kicks 58 yards from CLE 35 to JAX 7. J.Cameron to JAX 30 for 23 yards (E.Mascarenas-Arnold; D.McMillon).
2026,WEEK 1,Sunday,September 13th,CLE,JAX,4th Quarter,4,Jacksonville Jaguars,0,2,0,-1 Yard Run,1st & 10 at JAX 30,01:45 4th,— N.Mullens kneels to JAX 29 for -1 yards.
2026,WEEK 1,Sunday,September 13th,CLE,JAX,4th Quarter,4,Jacksonville Jaguars,0,3,0,-1 Yard Run,2nd & 11 at JAX 29,01:04 4th,— N.Mullens kneels to JAX 28 for -1 yards.
2026,WEEK 1,Sunday,September 13th,CLE,JAX,4th Quarter,4,Jacksonville Jaguars,0,4,0,-1 Yard Run,3rd & 12 at JAX 28,00:35 4th,— N.Mullens kneels to JAX 27 for -1 yards.
2026,WEEK 1,Sunday,September 13th,ATL,PIT,1st Quarter,1,Pittsburgh Steelers,0,1,0,Kickoff from ATL 35,,Kickoff,— N.Folk kicks 54 yards from ATL 35 to PIT 11. K.Wetjen pushed ob at PIT 38 for 27 yards (D.Hellams).
2026,WEEK 1,Sunday,September 13th,ATL,PIT,1st Quarter,1,Pittsburgh Steelers,0,2,0,Pass Incomplete,1st & 10 at PIT 38,14:54 1st Shotgun,— A.Rodgers pass incomplete short right.
2026,WEEK 1,Sunday,September 13th,ATL,PIT,1st Quarter,1,Pittsburgh Steelers,0,3,0,4 Yard Run,2nd & 10 at PIT 38,14:48 1st,— J.Warren left tackle to PIT 42 for 4 yards (S.Brown).
2026,WEEK 1,Sunday,September 13th,ATL,PIT,1st Quarter,1,Pittsburgh Steelers,0,4,0,Pass Incomplete,3rd & 6 at PIT 42,14:03 1st Shotgun,— A.Rodgers pass incomplete deep left to D.Metcalf.
2026,WEEK 1,Sunday,September 13th,ATL,PIT,1st Quarter,1,Pittsburgh Steelers,0,5,0,Punt,4th & 6 at PIT 42,13:58 1st,"— C.Johnston punts 41 yards to ATL 17, Center-C.Kuntz, out of bounds."
2026,WEEK 1,Sunday,September 13th,ATL,PIT,1st Quarter,2,Atlanta Falcons,0,1,0,2 Yard Run,1st & 10 at ATL 17,13:51 1st,— Bi.Robinson left tackle to ATL 19 for 2 yards (C.Heyward).
2026,WEEK 1,Sunday,September 13th,ATL,PIT,1st Quarter,2,Atlanta Falcons,0,2,0,4 Yard Pass,2nd & 8 at ATL 19,13:14 1st Shotgun,— C.Rush pass short left to Bi.Robinson to ATL 23 for 4 yards (J.Brisker).
2026,WEEK 1,Sunday,September 13th,ATL,PIT,1st Quarter,2,Atlanta Falcons,0,3,0,-7 Yard Sack,3rd & 4 at ATL 23,12:31 1st Shotgun,"— C.Rush sacked at ATL 16 for -7 yards (A.Highsmith). Penalty on ATL-J.Taylor, Offensive Holding, declined."
2026,WEEK 1,Sunday,September 13th,ATL,PIT,1st Quarter,2,Atlanta Falcons,0,4,0,Punt,4th & 11 at ATL 16,12:16 1st,"— J.Bailey punts 60 yards to PIT 24, Center-L.McCullough. K.Wetjen to PIT 32 for 8 yards (J.Woods)."
2026,WEEK 1,Sunday,September 13th,ATL,PIT,1st Quarter,3,Pittsburgh Steelers,1,1,0,6 Yard Run,1st & 10 at PIT 32,12:04 1st,— R.Dowdle up the middle to PIT 38 for 6 yards (X.Watts).
2026,WEEK 1,Sunday,September 13th,ATL,PIT,1st Quarter,3,Pittsburgh Steelers,1,2,0,9 Yard Pass,2nd & 4 at PIT 38,11:29 1st,— A.Rodgers pass short left to P.Freiermuth to PIT 47 for 9 yards (S.Brown).
2026,WEEK 1,Sunday,September 13th,ATL,PIT,1st Quarter,3,Pittsburgh Steelers,1,3,0,6 Yard Pass,1st & 10 at PIT 47,"10:56 1st No Huddle, Shotgun",— A.Rodgers pass short left to D.Metcalf to ATL 47 for 6 yards (X.Watts).
2026,WEEK 1,Sunday,September 13th,ATL,PIT,1st Quarter,3,Pittsburgh Steelers,1,4,0,21 Yard Pass,2nd & 4 at ATL 47,10:18 1st Shotgun,— A.Rodgers pass short left to M.Pittman to ATL 26 for 21 yards (K.Daniels; Aj.Terrell).
2026,WEEK 1,Sunday,September 13th,ATL,PIT,1st Quarter,3,Pittsburgh Steelers,1,5,0,1 Yard Run,1st & 10 at ATL 26,09:26 1st Shotgun,— R.Dowdle left tackle to ATL 25 for 1 yard (L.London; J.Ivey).
2026,WEEK 1,Sunday,September 13th,ATL,PIT,1st Quarter,3,Pittsburgh Steelers,1,6,0,Pass Incomplete,2nd & 9 at ATL 25,08:43 1st Shotgun,— A.Rodgers pass incomplete short left to R.Dowdle.
2026,WEEK 1,Sunday,September 13th,ATL,PIT,1st Quarter,3,Pittsburgh Steelers,1,7,0,Pass Incomplete,3rd & 9 at ATL 25,08:39 1st Shotgun,— A.Rodgers pass incomplete short right to R.Dowdle (M.Smith).
2026,WEEK 1,Sunday,September 13th,ATL,PIT,1st Quarter,3,Pittsburgh Steelers,1,8,1,Field Goal,4th & 9 at ATL 25,08:34 1st,"— C.Boswell 43 yard field goal is GOOD, Center-C.Kuntz, Holder-C.Johnston."
2026,WEEK 1,Sunday,September 13th,ATL,PIT,1st Quarter,4,Atlanta Falcons,0,1,0,Kickoff from PIT 35,,Kickoff,— C.Boswell kicks 66 yards from PIT 35 to ATL -1. Br.Robinson to ATL 23 for 24 yards (R.Spears-Jennings; C.Bruener).
2026,WEEK 1,Sunday,September 13th,ATL,PIT,1st Quarter,4,Atlanta Falcons,0,2,0,7 Yard Pass,1st & 10 at ATL 23,08:24 1st Shotgun,— C.Rush pass short right to Bi.Robinson pushed ob at ATL 30 for 7 yards (R.Jenkins; P.Wilson).
2026,WEEK 1,Sunday,September 13th,ATL,PIT,1st Quarter,4,Atlanta Falcons,0,3,0,5 Yard Run,2nd & 3 at ATL 30,07:49 1st Shotgun,— Bi.Robinson left tackle to ATL 35 for 5 yards (P.Wilson; P.Queen).
2026,WEEK 1,Sunday,September 13th,ATL,PIT,1st Quarter,4,Atlanta Falcons,0,4,0,7 Yard Pass,1st & 10 at ATL 35,07:11 1st Shotgun,— C.Rush pass short right to Bi.Robinson to ATL 42 for 7 yards (N.Herbig). PIT-J.Dean was injured during the play.
2026,WEEK 1,Sunday,September 13th,ATL,PIT,1st Quarter,4,Atlanta Falcons,0,5,0,7 Yard Run,2nd & 3 at ATL 42,06:42 1st Shotgun,— Br.Robinson left tackle to ATL 49 for 7 yards (D.Everette).
2026,WEEK 1,Sunday,September 13th,ATL,PIT,1st Quarter,4,Atlanta Falcons,0,6,0,1 Yard Run,1st & 10 at ATL 49,06:11 1st No Huddle,— Br.Robinson up the middle to 50 for 1 yard (D.Harmon; J.Sawyer). ** Injury Update: PIT-J.Dean has returned to the game.
2026,WEEK 1,Sunday,September 13th,ATL,PIT,1st Quarter,4,Atlanta Falcons,0,7,0,-10 Yard Penalty,2nd & 9 at 50,05:26 1st Shotgun,"— Bi.Robinson left tackle to PIT 49 for 1 yard (P.Wilson; J.Brisker). PENALTY on ATL-M.Bergeron, Offensive Holding, 10 yards, enforced at 50 - No Play."
2026,WEEK 1,Sunday,September 13th,ATL,PIT,1st Quarter,4,Atlanta Falcons,0,8,0,Pass Incomplete,2nd & 19 at ATL 40,05:01 1st Shotgun,— C.Rush pass incomplete deep right to K.Pitts (J.Ramsey).
2026,WEEK 1,Sunday,September 13th,ATL,PIT,1st Quarter,4,Atlanta Falcons,0,9,0,Pass Incomplete,3rd & 19 at ATL 40,04:54 1st Shotgun,— C.Rush pass incomplete deep right to J.Dotson.
2026,WEEK 1,Sunday,September 13th,ATL,PIT,1st Quarter,4,Atlanta Falcons,0,10,0,Punt,4th & 19 at ATL 40,04:49 1st,"— J.Bailey punts 47 yards to PIT 13, Center-L.McCullough, fair catch by K.Wetjen."
2026,WEEK 1,Sunday,September 13th,ATL,PIT,1st Quarter,5,Pittsburgh Steelers,0,1,0,9 Yard Pass,1st & 10 at PIT 13,04:42 1st,— A.Rodgers pass short right to D.Metcalf to PIT 22 for 9 yards (M.Hughes).
2026,WEEK 1,Sunday,September 13th,ATL,PIT,1st Quarter,5,Pittsburgh Steelers,0,2,0,3 Yard Run,2nd & 1 at PIT 22,04:04 1st,— J.Warren up the middle to PIT 25 for 3 yards (S.Brown; G.Dexter).
2026,WEEK 1,Sunday,September 13th,ATL,PIT,1st Quarter,5,Pittsburgh Steelers,0,3,0,2 Yard Run,1st & 10 at PIT 25,03:27 1st Shotgun,— J.Warren left guard to PIT 27 for 2 yards (J.Ivey; K.Daniels).
2026,WEEK 1,Sunday,September 13th,ATL,PIT,1st Quarter,5,Pittsburgh Steelers,0,4,0,Fumble,2nd & 8 at PIT 27,02:48 1st Shotgun,"— A.Rodgers pass short right to J.Warren to PIT 27 for no gain (M.Hughes, C.Thomas). FUMBLES (C.Thomas), RECOVERED by ATL-D.Deablo at PIT 25."
2026,WEEK 1,Sunday,September 13th,ATL,PIT,1st Quarter,6,Atlanta Falcons,1,1,0,3 Yard Run,1st & 10 at PIT 25,02:41 1st Shotgun,— Br.Robinson left guard to PIT 22 for 3 yards (C.Heyward; P.Wilson).
2026,WEEK 1,Sunday,September 13th,ATL,PIT,1st Quarter,6,Atlanta Falcons,1,2,0,-1 Yard Run,2nd & 7 at PIT 22,02:02 1st,— Br.Robinson left end to PIT 23 for -1 yards (P.Wilson).
2026,WEEK 1,Sunday,September 13th,ATL,PIT,1st Quarter,6,Atlanta Falcons,1,3,1,Touchdown,3rd & 8 at PIT 23,01:19 1st Shotgun,"— C.Rush pass short right to Bi.Robinson for 23 yards, TOUCHDOWN."
2026,WEEK 1,Sunday,September 13th,ATL,PIT,1st Quarter,6,Atlanta Falcons,1,4,1,Extra Point,,01:13 1st,"— N.Folk extra point is GOOD, Center-L.McCullough, Holder-J.Bailey."
2026,WEEK 1,Sunday,September 13th,ATL,PIT,2nd Quarter,1,Pittsburgh Steelers,1,1,0,Kickoff from ATL 35,,Kickoff,— N.Folk kicks 59 yards from ATL 35 to PIT 6. E.Heidenreich to PIT 29 for 23 yards (C.Blair; N.Muse).
2026,WEEK 1,Sunday,September 13th,ATL,PIT,2nd Quarter,1,Pittsburgh Steelers,1,2,0,5 Yard Penalty,1st & 10 at PIT 29,01:06 1st,"— A.Rodgers sacked at PIT 22 for -7 yards (M.Smith). PENALTY on ATL-Aj.Terrell, Defensive Holding, 5 yards, enforced at PIT 29 - No Play."
2026,WEEK 1,Sunday,September 13th,ATL,PIT,2nd Quarter,1,Pittsburgh Steelers,1,3,0,3 Yard Run,1st & 10 at PIT 34,00:37 1st,— R.Dowdle left end to PIT 37 for 3 yards (S.Brown).
2026,WEEK 1,Sunday,September 13th,ATL,PIT,2nd Quarter,1,Pittsburgh Steelers,1,4,0,0 Yard Run,2nd & 7 at PIT 37,15:00 2nd Shotgun,— R.Dowdle up the middle to PIT 37 for no gain (S.Brown; D.Deablo).
2026,WEEK 1,Sunday,September 13th,ATL,PIT,2nd Quarter,1,Pittsburgh Steelers,1,5,0,Timeout,,14:24 2nd,— Timeout #1 by PIT at 14:24.
2026,WEEK 1,Sunday,September 13th,ATL,PIT,2nd Quarter,1,Pittsburgh Steelers,1,6,0,37 Yard Penalty,3rd & 7 at PIT 37,14:24 2nd Shotgun,"— A.Rodgers pass incomplete deep right to R.Wilson. PENALTY on ATL-Aj.Terrell, Defensive Pass Interference, 37 yards, enforced at PIT 37 - No Play."
2026,WEEK 1,Sunday,September 13th,ATL,PIT,2nd Quarter,1,Pittsburgh Steelers,1,7,0,Pass Incomplete,1st & 10 at ATL 26,14:18 2nd Shotgun,— A.Rodgers pass incomplete deep left to D.Metcalf (M.Hughes) [C.Thomas].
2026,WEEK 1,Sunday,September 13th,ATL,PIT,2nd Quarter,1,Pittsburgh Steelers,1,8,0,11 Yard Pass,2nd & 10 at ATL 26,14:12 2nd Shotgun,— A.Rodgers pass short right to D.Metcalf to ATL 15 for 11 yards (Aj.Terrell).
2026,WEEK 1,Sunday,September 13th,ATL,PIT,2nd Quarter,1,Pittsburgh Steelers,1,9,0,3 Yard Run,1st & 10 at ATL 15,14:04 2nd No Huddle,— R.Dowdle left guard to ATL 12 for 3 yards (L.London; J.Bates).
2026,WEEK 1,Sunday,September 13th,ATL,PIT,2nd Quarter,1,Pittsburgh Steelers,1,10,0,2 Yard Pass,2nd & 7 at ATL 12,13:23 2nd Shotgun,— A.Rodgers pass short left to P.Freiermuth to ATL 10 for 2 yards (K.Daniels).
2026,WEEK 1,Sunday,September 13th,ATL,PIT,2nd Quarter,1,Pittsburgh Steelers,1,11,0,Pass Incomplete,3rd & 5 at ATL 10,12:37 2nd Shotgun,— A.Rodgers pass incomplete short left.
2026,WEEK 1,Sunday,September 13th,ATL,PIT,2nd Quarter,1,Pittsburgh Steelers,1,12,1,Field Goal,4th & 5 at ATL 10,12:31 2nd,"— C.Boswell 28 yard field goal is GOOD, Center-C.Kuntz, Holder-C.Johnston."
2026,WEEK 1,Sunday,September 13th,ATL,PIT,2nd Quarter,2,Atlanta Falcons,0,1,0,Kickoff from PIT 35,,Kickoff,"— C.Boswell kicks 61 yards from PIT 35 to ATL 4. Z.Branch pushed ob at PIT 32 for 64 yards (R.Nowakowski). PENALTY on ATL-J.Woods, Offensive Holding, 10 yards, enforced at ATL 34."
2026,WEEK 1,Sunday,September 13th,ATL,PIT,2nd Quarter,2,Atlanta Falcons,0,2,0,Interception,1st & 10 at ATL 24,12:17 2nd Shotgun,— C.Rush pass deep middle intended for J.Dotson INTERCEPTED by J.Brisker at ATL 41. J.Brisker pushed ob at ATL 31 for 10 yards (M.Bergeron).
2026,WEEK 1,Sunday,September 13th,ATL,PIT,2nd Quarter,3,Pittsburgh Steelers,1,1,0,18 Yard Pass,1st & 10 at ATL 31,12:06 2nd,— A.Rodgers pass short right to J.Warren to ATL 13 for 18 yards (X.Watts; J.Bates).
2026,WEEK 1,Sunday,September 13th,ATL,PIT,2nd Quarter,3,Pittsburgh Steelers,1,2,0,7 Yard Pass,1st & 10 at ATL 13,11:22 2nd Shotgun,— A.Rodgers pass short right to J.Warren pushed ob at ATL 6 for 7 yards (K.Daniels; J.Bates).
2026,WEEK 1,Sunday,September 13th,ATL,PIT,2nd Quarter,3,Pittsburgh Steelers,1,3,0,Pass Incomplete,2nd & 3 at ATL 6,10:49 2nd,— A.Rodgers pass incomplete short left to J.Warren.
2026,WEEK 1,Sunday,September 13th,ATL,PIT,2nd Quarter,3,Pittsburgh Steelers,1,4,1,Touchdown,3rd & 3 at ATL 6,10:44 2nd Shotgun,"— A.Rodgers pass short middle to P.Freiermuth for 6 yards, TOUCHDOWN."
2026,WEEK 1,Sunday,September 13th,ATL,PIT,2nd Quarter,3,Pittsburgh Steelers,1,5,1,Extra Point,,10:39 2nd,"— C.Boswell extra point is GOOD, Center-C.Kuntz, Holder-C.Johnston."
2026,WEEK 1,Sunday,September 13th,ATL,PIT,2nd Quarter,4,Atlanta Falcons,0,1,0,Kickoff from PIT 35,,Kickoff,"— C.Boswell kicks 65 yards from PIT 35 to end zone, Touchback to the ATL 35."
2026,WEEK 1,Sunday,September 13th,ATL,PIT,2nd Quarter,4,Atlanta Falcons,0,2,0,5 Yard Run,1st & 10 at ATL 35,10:39 2nd,— Bi.Robinson left guard to ATL 40 for 5 yards (P.Queen; P.Wilson).
2026,WEEK 1,Sunday,September 13th,ATL,PIT,2nd Quarter,4,Atlanta Falcons,0,3,0,5 Yard Run,2nd & 5 at ATL 40,10:02 2nd,— Bi.Robinson up the middle to ATL 45 for 5 yards (P.Queen).
2026,WEEK 1,Sunday,September 13th,ATL,PIT,2nd Quarter,4,Atlanta Falcons,0,4,0,-2 Yard Sack,1st & 10 at ATL 45,09:25 2nd Shotgun,"— C.Rush sacked at ATL 43 for -2 yards (T.Watt). Penalty on ATL-M.Bergeron, Offensive Holding, declined."
2026,WEEK 1,Sunday,September 13th,ATL,PIT,2nd Quarter,4,Atlanta Falcons,0,5,0,11 Yard Pass,2nd & 12 at ATL 43,08:58 2nd Shotgun,— C.Rush pass short left to Bi.Robinson to PIT 46 for 11 yards (J.Brisker).
2026,WEEK 1,Sunday,September 13th,ATL,PIT,2nd Quarter,4,Atlanta Falcons,0,6,0,-7 Yard Run,3rd & 1 at PIT 46,"08:29 2nd No Huddle, Shotgun","— Bi.Robinson up the middle to ATL 48 for -6 yards (J.Dean). FUMBLES (J.Dean), and recovers at ATL 47. Bi.Robinson to ATL 47 for no gain (P.Wilson)."
2026,WEEK 1,Sunday,September 13th,ATL,PIT,2nd Quarter,4,Atlanta Falcons,0,7,0,Punt,4th & 8 at ATL 47,07:48 2nd,"— J.Bailey punts 44 yards to PIT 9, Center-L.McCullough. K.Wetjen to PIT 14 for 5 yards (M.Ford)."
2026,WEEK 1,Sunday,September 13th,ATL,PIT,2nd Quarter,5,Pittsburgh Steelers,0,1,0,2 Yard Run,1st & 10 at PIT 14,07:37 2nd,— J.Warren left tackle to PIT 16 for 2 yards (B.Dorlus).
2026,WEEK 1,Sunday,September 13th,ATL,PIT,2nd Quarter,5,Pittsburgh Steelers,0,2,0,-8 Yard Penalty,2nd & 8 at PIT 16,06:56 2nd Shotgun,"— A.Rodgers scrambles right end to PIT 24 for 8 yards (C.Thomas). PENALTY on PIT-D.Cook, Face Mask, 8 yards, enforced at PIT 16 - No Play."
2026,WEEK 1,Sunday,September 13th,ATL,PIT,2nd Quarter,5,Pittsburgh Steelers,0,3,0,Pass Incomplete,2nd & 16 at PIT 8,06:24 2nd Shotgun,— A.Rodgers pass incomplete short middle to R.Dowdle.
2026,WEEK 1,Sunday,September 13th,ATL,PIT,2nd Quarter,5,Pittsburgh Steelers,0,4,0,-4 Yard Penalty,3rd & 16 at PIT 8,06:19 2nd Shotgun,"— PENALTY on PIT, Delay of Game, 4 yards, enforced at PIT 8 - No Play."
2026,WEEK 1,Sunday,September 13th,ATL,PIT,2nd Quarter,5,Pittsburgh Steelers,0,5,0,Pass Incomplete,3rd & 20 at PIT 4,06:19 2nd Shotgun,"— A.Rodgers pass incomplete deep left to D.Metcalf. Penalty on PIT-D.Metcalf, Offensive Pass Interference, declined."
2026,WEEK 1,Sunday,September 13th,ATL,PIT,2nd Quarter,5,Pittsburgh Steelers,0,6,0,Punt,4th & 20 at PIT 4,06:12 2nd,"— C.Johnston punts 55 yards to ATL 41, Center-C.Kuntz. Z.Branch to PIT 45 for 14 yards (R.Spears-Jennings)."
2026,WEEK 1,Sunday,September 13th,ATL,PIT,2nd Quarter,6,Atlanta Falcons,0,1,0,8 Yard Pass,1st & 10 at PIT 45,05:59 2nd Shotgun,— C.Rush pass short right to D.London to PIT 37 for 8 yards (P.Queen; J.Dean).
2026,WEEK 1,Sunday,September 13th,ATL,PIT,2nd Quarter,6,Atlanta Falcons,0,2,0,3 Yard Run,2nd & 2 at PIT 37,05:17 2nd,— Bi.Robinson right end to PIT 34 for 3 yards (A.Highsmith; S.Joseph).
2026,WEEK 1,Sunday,September 13th,ATL,PIT,2nd Quarter,6,Atlanta Falcons,0,3,0,1 Yard Run,1st & 10 at PIT 34,04:39 2nd,— Bi.Robinson up the middle to PIT 33 for 1 yard (S.Joseph).
2026,WEEK 1,Sunday,September 13th,ATL,PIT,2nd Quarter,6,Atlanta Falcons,0,4,0,-10 Yard Penalty,2nd & 9 at PIT 33,03:56 2nd Shotgun,"— C.Rush pass short middle to D.London to PIT 25 for 8 yards (S.Joseph). PENALTY on ATL-C.Lindstrom, Offensive Holding, 10 yards, enforced at PIT 33 - No Play."
2026,WEEK 1,Sunday,September 13th,ATL,PIT,2nd Quarter,6,Atlanta Falcons,0,5,0,Pass Incomplete,2nd & 19 at PIT 43,03:30 2nd Shotgun,— C.Rush pass incomplete short middle (C.Heyward).
2026,WEEK 1,Sunday,September 13th,ATL,PIT,2nd Quarter,6,Atlanta Falcons,0,6,0,7 Yard Pass,3rd & 19 at PIT 43,03:25 2nd Shotgun,— C.Rush pass short left to Bi.Robinson to PIT 36 for 7 yards (P.Wilson).
2026,WEEK 1,Sunday,September 13th,ATL,PIT,2nd Quarter,6,Atlanta Falcons,0,7,0,Timeout,,02:38 2nd,— Timeout #1 by ATL at 02:38.
2026,WEEK 1,Sunday,September 13th,ATL,PIT,2nd Quarter,6,Atlanta Falcons,0,8,0,Field Goal No Good,4th & 12 at PIT 36,02:38 2nd,"— N.Folk 54 yard field goal is No Good, Wide Right, Center-L.McCullough, Holder-J.Bailey."
2026,WEEK 1,Sunday,September 13th,ATL,PIT,2nd Quarter,7,Pittsburgh Steelers,0,1,0,0 Yard Pass,1st & 10 at PIT 44,02:33 2nd Shotgun,— A.Rodgers pass short left to J.Warren to PIT 44 for no gain (D.Deablo).
2026,WEEK 1,Sunday,September 13th,ATL,PIT,2nd Quarter,7,Pittsburgh Steelers,0,2,0,5 Yard Pass,2nd & 10 at PIT 44,02:01 2nd Shotgun,— A.Rodgers pass short right to R.Wilson ran ob at PIT 49 for 5 yards.
2026,WEEK 1,Sunday,September 13th,ATL,PIT,2nd Quarter,7,Pittsburgh Steelers,0,3,0,-10 Yard Penalty,3rd & 5 at PIT 49,01:56 2nd Shotgun,"— A.Rodgers pass short left to D.Metcalf pushed ob at ATL 32 for 19 yards (M.Hughes; X.Watts) [S.Ebukam]. PENALTY on PIT-D.Metcalf, Offensive Pass Interference, 10 yards, enforced at PIT 49 - No Play."
2026,WEEK 1,Sunday,September 13th,ATL,PIT,2nd Quarter,7,Pittsburgh Steelers,0,4,0,20 Yard Pass,3rd & 15 at PIT 39,01:49 2nd Shotgun,— A.Rodgers pass deep middle to R.Wilson to ATL 41 for 20 yards (D.Deablo).
2026,WEEK 1,Sunday,September 13th,ATL,PIT,2nd Quarter,7,Pittsburgh Steelers,0,5,0,Pass Incomplete,1st & 10 at ATL 41,"01:23 2nd No Huddle, Shotgun",— A.Rodgers pass incomplete short right.
2026,WEEK 1,Sunday,September 13th,ATL,PIT,2nd Quarter,7,Pittsburgh Steelers,0,6,0,-3 Yard Run,2nd & 10 at ATL 41,01:19 2nd Shotgun,"— J.Warren right tackle to ATL 44 for -3 yards (Z.Smith, G.Dexter)."
2026,WEEK 1,Sunday,September 13th,ATL,PIT,2nd Quarter,7,Pittsburgh Steelers,0,7,0,Timeout,,01:14 2nd,— Timeout #2 by ATL at 01:14.
2026,WEEK 1,Sunday,September 13th,ATL,PIT,2nd Quarter,7,Pittsburgh Steelers,0,8,0,Pass Incomplete,3rd & 13 at ATL 44,01:14 2nd Shotgun,— A.Rodgers pass incomplete deep left to R.Wilson (M.Hughes).
2026,WEEK 1,Sunday,September 13th,ATL,PIT,2nd Quarter,8,Atlanta Falcons,0,1,0,-10 Yard Penalty,1st & 10 at ATL 44,01:00 2nd Shotgun,"— C.Rush pass incomplete short middle to K.Pitts (P.Wilson). PENALTY on ATL-J.Matthews, Offensive Holding, 10 yards, enforced at ATL 44 - No Play."
2026,WEEK 1,Sunday,September 13th,ATL,PIT,2nd Quarter,8,Atlanta Falcons,0,2,0,Pass Incomplete,1st & 20 at ATL 34,00:54 2nd Shotgun,— C.Rush pass incomplete short middle (C.Heyward).
2026,WEEK 1,Sunday,September 13th,ATL,PIT,2nd Quarter,8,Atlanta Falcons,0,3,0,5 Yard Pass,2nd & 20 at ATL 34,00:51 2nd Shotgun,— C.Rush pass short middle to O.Zaccheaus to ATL 39 for 5 yards (P.Wilson).
2026,WEEK 1,Sunday,September 13th,ATL,PIT,2nd Quarter,8,Atlanta Falcons,0,4,0,Timeout,,00:45 2nd,— Timeout #2 by PIT at 00:45.
2026,WEEK 1,Sunday,September 13th,ATL,PIT,2nd Quarter,8,Atlanta Falcons,0,5,0,7 Yard Pass,3rd & 15 at ATL 39,00:45 2nd Shotgun,— C.Rush pass short left to Bi.Robinson pushed ob at ATL 46 for 7 yards (J.Brisker).
2026,WEEK 1,Sunday,September 13th,ATL,PIT,2nd Quarter,8,Atlanta Falcons,0,6,0,Punt,4th & 13 at ATL 41,00:38 2nd,"— J.Bailey punts 59 yards to end zone, Center-L.McCullough, Touchback."
2026,WEEK 1,Sunday,September 13th,ATL,PIT,2nd Quarter,9,Pittsburgh Steelers,0,1,0,Pass Incomplete,1st & 10 at PIT 20,00:28 2nd Shotgun,— A.Rodgers pass incomplete deep right to R.Wilson.
2026,WEEK 1,Sunday,September 13th,ATL,PIT,2nd Quarter,9,Pittsburgh Steelers,0,2,0,19 Yard Pass,2nd & 10 at PIT 20,00:23 2nd Shotgun,— A.Rodgers pass deep right to P.Freiermuth to PIT 39 for 19 yards (J.Bates).
2026,WEEK 1,Sunday,September 13th,ATL,PIT,2nd Quarter,9,Pittsburgh Steelers,0,3,0,Timeout,,00:17 2nd,— Timeout #3 by PIT at 00:17.
2026,WEEK 1,Sunday,September 13th,ATL,PIT,2nd Quarter,9,Pittsburgh Steelers,0,4,0,-7 Yard Sack,1st & 10 at PIT 39,00:17 2nd Shotgun,— A.Rodgers sacked at PIT 32 for -7 yards (Z.Smith).
2026,WEEK 1,Sunday,September 13th,ATL,PIT,3rd Quarter,1,Atlanta Falcons,0,1,0,Kickoff from PIT 35,,Kickoff,— C.Boswell kicks 62 yards from PIT 35 to ATL 3. Br.Robinson to ATL 43 for 40 yards (R.Jenkins).
2026,WEEK 1,Sunday,September 13th,ATL,PIT,3rd Quarter,1,Atlanta Falcons,0,2,0,5 Yard Run,1st & 10 at ATL 43,14:52 3rd Shotgun,— Bi.Robinson left tackle to ATL 48 for 5 yards (K.Benton).
2026,WEEK 1,Sunday,September 13th,ATL,PIT,3rd Quarter,1,Atlanta Falcons,0,3,0,2 Yard Run,2nd & 5 at ATL 48,14:16 3rd,— M.Jerrell reported in as eligible. Bi.Robinson right guard to 50 for 2 yards (P.Wilson).
2026,WEEK 1,Sunday,September 13th,ATL,PIT,3rd Quarter,1,Atlanta Falcons,0,4,0,5 Yard Run,3rd & 3 at 50,13:34 3rd Shotgun,— Bi.Robinson right tackle to PIT 45 for 5 yards (J.Ramsey).
2026,WEEK 1,Sunday,September 13th,ATL,PIT,3rd Quarter,1,Atlanta Falcons,0,5,0,5 Yard Run,1st & 10 at PIT 45,12:55 3rd,— Br.Robinson right end to PIT 40 for 5 yards (P.Wilson; P.Queen).
2026,WEEK 1,Sunday,September 13th,ATL,PIT,3rd Quarter,1,Atlanta Falcons,0,6,0,12 Yard Run,2nd & 5 at PIT 40,12:08 3rd Shotgun,"— Bi.Robinson up the middle to PIT 33 for 7 yards (P.Queen). PENALTY on PIT-Y.Black, Defensive Holding, 5 yards, enforced at PIT 33."
2026,WEEK 1,Sunday,September 13th,ATL,PIT,3rd Quarter,1,Atlanta Falcons,0,7,0,1 Yard Run,1st & 10 at PIT 28,11:43 3rd,— Bi.Robinson right end to PIT 27 for 1 yard (J.Sawyer).
2026,WEEK 1,Sunday,September 13th,ATL,PIT,3rd Quarter,1,Atlanta Falcons,0,8,0,Pass Incomplete,2nd & 9 at PIT 27,11:06 3rd,— C.Rush pass incomplete short right to Bi.Robinson [N.Herbig].
2026,WEEK 1,Sunday,September 13th,ATL,PIT,3rd Quarter,1,Atlanta Falcons,0,9,0,Pass Incomplete,3rd & 9 at PIT 27,11:01 3rd Shotgun,— C.Rush pass incomplete short right to D.London (C.Heyward).
2026,WEEK 1,Sunday,September 13th,ATL,PIT,3rd Quarter,1,Atlanta Falcons,0,10,0,Field Goal No Good,4th & 9 at PIT 27,10:58 3rd,"— N.Folk 45 yard field goal is No Good, Wide Right, Center-L.McCullough, Holder-J.Bailey."
2026,WEEK 1,Sunday,September 13th,ATL,PIT,3rd Quarter,2,Pittsburgh Steelers,0,1,0,4 Yard Run,1st & 10 at PIT 35,10:54 3rd,— J.Warren left end to PIT 39 for 4 yards (B.Dorlus).
2026,WEEK 1,Sunday,September 13th,ATL,PIT,3rd Quarter,2,Pittsburgh Steelers,0,2,0,0 Yard Run,2nd & 6 at PIT 39,10:15 3rd,— J.Warren left tackle to PIT 39 for no gain (B.Dorlus).
2026,WEEK 1,Sunday,September 13th,ATL,PIT,3rd Quarter,2,Pittsburgh Steelers,0,3,0,Pass Incomplete,3rd & 6 at PIT 39,09:38 3rd Shotgun,— A.Rodgers pass incomplete deep left to D.Metcalf (Aj.Terrell). ATL-Aj.Terrell was injured during the play.
2026,WEEK 1,Sunday,September 13th,ATL,PIT,3rd Quarter,2,Pittsburgh Steelers,0,4,0,Punt,4th & 6 at PIT 39,09:31 3rd,"— C.Johnston punts 48 yards to ATL 13, Center-C.Kuntz. Z.Branch to ATL 20 for 7 yards (P.Wilson; R.Spears-Jennings). PENALTY on ATL-S.Brown, Illegal Block Above the Waist, 9 yards, enforced at ATL 19."
2026,WEEK 1,Sunday,September 13th,ATL,PIT,3rd Quarter,3,Atlanta Falcons,0,1,0,8 Yard Run,1st & 10 at ATL 10,09:19 3rd,"— Bi.Robinson up the middle to ATL 13 for 3 yards (D.Harmon). PENALTY on PIT-D.Harmon, Defensive Holding, 5 yards, enforced at ATL 13."
2026,WEEK 1,Sunday,September 13th,ATL,PIT,3rd Quarter,3,Atlanta Falcons,0,2,0,2 Yard Run,1st & 10 at ATL 18,08:53 3rd Shotgun,— Bi.Robinson right tackle to ATL 20 for 2 yards (D.Harmon; J.Sawyer).
2026,WEEK 1,Sunday,September 13th,ATL,PIT,3rd Quarter,3,Atlanta Falcons,0,3,0,36 Yard Pass,2nd & 8 at ATL 20,08:14 3rd,"— C.Rush pass deep left to D.London pushed ob at ATL 41 for 21 yards (A.Samuel). PENALTY on PIT-A.Samuel, Unnecessary Roughness, 15 yards, enforced at ATL 41."
2026,WEEK 1,Sunday,September 13th,ATL,PIT,3rd Quarter,3,Atlanta Falcons,0,4,0,0 Yard Run,1st & 10 at PIT 44,07:49 3rd,— Bi.Robinson left end to PIT 44 for no gain (J.Dean).
2026,WEEK 1,Sunday,September 13th,ATL,PIT,3rd Quarter,3,Atlanta Falcons,0,5,0,Pass Incomplete,2nd & 10 at PIT 44,07:03 3rd Shotgun,— C.Rush pass incomplete short right.
2026,WEEK 1,Sunday,September 13th,ATL,PIT,3rd Quarter,3,Atlanta Falcons,0,6,0,Pass Incomplete,3rd & 10 at PIT 44,06:58 3rd Shotgun,— C.Rush pass incomplete short right to D.London.
2026,WEEK 1,Sunday,September 13th,ATL,PIT,3rd Quarter,3,Atlanta Falcons,0,7,0,Punt,4th & 10 at PIT 44,06:52 3rd,"— J.Bailey punts 44 yards to end zone, Center-L.McCullough, Touchback."
2026,WEEK 1,Sunday,September 13th,ATL,PIT,3rd Quarter,4,Pittsburgh Steelers,0,1,0,28 Yard Pass,1st & 10 at PIT 20,06:43 3rd,— A.Rodgers pass deep left to M.Pittman pushed ob at PIT 48 for 28 yards (C.Henderson) [S.Ebukam].
2026,WEEK 1,Sunday,September 13th,ATL,PIT,3rd Quarter,4,Pittsburgh Steelers,0,2,0,-5 Yard Penalty,1st & 10 at PIT 48,06:04 3rd,"— PENALTY on PIT-M.Pittman, False Start, 5 yards, enforced at PIT 48 - No Play."
2026,WEEK 1,Sunday,September 13th,ATL,PIT,3rd Quarter,4,Pittsburgh Steelers,0,3,0,10 Yard Pass,1st & 15 at PIT 43,05:43 3rd Shotgun,— A.Rodgers pass short right to P.Freiermuth to ATL 47 for 10 yards (B.Trice).
2026,WEEK 1,Sunday,September 13th,ATL,PIT,3rd Quarter,4,Pittsburgh Steelers,0,4,0,2 Yard Pass,2nd & 5 at ATL 47,05:04 3rd Shotgun,— A.Rodgers pass short right to R.Dowdle pushed ob at ATL 45 for 2 yards (H.Perkins).
2026,WEEK 1,Sunday,September 13th,ATL,PIT,3rd Quarter,4,Pittsburgh Steelers,0,5,0,Pass Incomplete,3rd & 3 at ATL 45,04:52 3rd No Huddle,— A.Rodgers pass incomplete deep right to R.Wilson.
2026,WEEK 1,Sunday,September 13th,ATL,PIT,3rd Quarter,4,Pittsburgh Steelers,0,6,0,Pass Incomplete,4th & 3 at ATL 45,04:46 3rd Shotgun,— A.Rodgers pass incomplete deep right to D.Metcalf (C.Henderson).
2026,WEEK 1,Sunday,September 13th,ATL,PIT,3rd Quarter,5,Atlanta Falcons,1,1,0,24 Yard Pass,1st & 10 at ATL 45,04:41 3rd,"— C.Rush pass short left to Bi.Robinson to PIT 31 for 24 yards (J.Ramsey). FUMBLES (J.Ramsey), recovered by ATL-J.Dotson at PIT 28."
2026,WEEK 1,Sunday,September 13th,ATL,PIT,3rd Quarter,5,Atlanta Falcons,1,2,0,-1 Yard Run,1st & 10 at PIT 28,03:55 3rd Shotgun,— Br.Robinson right guard to PIT 29 for -1 yards (T.Watt).
2026,WEEK 1,Sunday,September 13th,ATL,PIT,3rd Quarter,5,Atlanta Falcons,1,3,0,-7 Yard Sack,2nd & 11 at PIT 29,03:15 3rd Shotgun,— C.Rush sacked at PIT 36 for -7 yards (T.Watt).
2026,WEEK 1,Sunday,September 13th,ATL,PIT,3rd Quarter,5,Atlanta Falcons,1,4,0,4 Yard Run,3rd & 18 at PIT 36,02:36 3rd Shotgun,— Bi.Robinson left tackle to PIT 32 for 4 yards (K.Benton).
2026,WEEK 1,Sunday,September 13th,ATL,PIT,3rd Quarter,5,Atlanta Falcons,1,5,1,Field Goal,4th & 14 at PIT 32,01:55 3rd,"— N.Folk 51 yard field goal is GOOD, Center-L.McCullough, Holder-J.Bailey."
2026,WEEK 1,Sunday,September 13th,ATL,PIT,3rd Quarter,6,Pittsburgh Steelers,0,1,0,Kickoff from ATL 35,,Kickoff,— N.Folk kicks 57 yards from ATL 35 to PIT 8. E.Heidenreich to PIT 32 for 24 yards (M.Ford).
2026,WEEK 1,Sunday,September 13th,ATL,PIT,3rd Quarter,6,Pittsburgh Steelers,0,2,0,3 Yard Pass,1st & 10 at PIT 32,01:42 3rd,— A.Rodgers pass short right to D.Washington to PIT 35 for 3 yards (S.Brown). ** Injury Update: ATL-Aj.Terrell has returned to the game.
2026,WEEK 1,Sunday,September 13th,ATL,PIT,3rd Quarter,6,Pittsburgh Steelers,0,3,0,4 Yard Pass,2nd & 7 at PIT 35,01:00 3rd Shotgun,— A.Rodgers pass short left to R.Dowdle pushed ob at PIT 39 for 4 yards (Av.Terrell).
2026,WEEK 1,Sunday,September 13th,ATL,PIT,3rd Quarter,6,Pittsburgh Steelers,0,4,0,Pass Incomplete,3rd & 3 at PIT 39,00:18 3rd Shotgun,— A.Rodgers pass incomplete deep middle to D.Metcalf [S.Ebukam].
2026,WEEK 1,Sunday,September 13th,ATL,PIT,3rd Quarter,6,Pittsburgh Steelers,0,5,0,Punt,4th & 3 at PIT 39,00:13 3rd,"— C.Johnston punts 50 yards to ATL 11, Center-C.Kuntz. Z.Branch to ATL 24 for 13 yards (C.Bruener)."
2026,WEEK 1,Sunday,September 13th,ATL,PIT,4th Quarter,1,Pittsburgh Steelers,1,1,0,20 Yard Run,1st & 10 at ATL 24,00:02 3rd,— Bi.Robinson right end to ATL 44 for 20 yards (J.Brisker; C.Holcomb).
2026,WEEK 1,Sunday,September 13th,ATL,PIT,4th Quarter,1,Pittsburgh Steelers,1,2,0,0 Yard Run,1st & 10 at ATL 44,15:00 4th,— Bi.Robinson up the middle to ATL 44 for no gain (T.Watt).
2026,WEEK 1,Sunday,September 13th,ATL,PIT,4th Quarter,1,Pittsburgh Steelers,1,3,0,Timeout,,14:16 4th,— Timeout #1 by ATL at 14:16.
2026,WEEK 1,Sunday,September 13th,ATL,PIT,4th Quarter,1,Pittsburgh Steelers,1,4,1,Touchdown,2nd & 10 at ATL 44,14:16 4th Shotgun,"— C.Rush pass short right intended for Bi.Robinson INTERCEPTED by T.Watt at ATL 35. T.Watt for 35 yards, TOUCHDOWN."
2026,WEEK 1,Sunday,September 13th,ATL,PIT,4th Quarter,2,Atlanta Falcons,1,1,0,Kickoff from PIT 35,,Kickoff,— C.Boswell kicks 60 yards from PIT 35 to ATL 5. O.Zaccheaus to ATL 34 for 29 yards (J.Sawyer; R.Nowakowski).
2026,WEEK 1,Sunday,September 13th,ATL,PIT,4th Quarter,2,Atlanta Falcons,1,2,0,14 Yard Run,1st & 10 at ATL 34,13:57 4th,— Br.Robinson left end to ATL 48 for 14 yards (J.Brisker; J.Ramsey).
2026,WEEK 1,Sunday,September 13th,ATL,PIT,4th Quarter,2,Atlanta Falcons,1,3,0,19 Yard Pass,1st & 10 at ATL 48,13:17 4th,— C.Rush pass deep left to J.Dotson to PIT 33 for 19 yards (J.Dean).
2026,WEEK 1,Sunday,September 13th,ATL,PIT,4th Quarter,2,Atlanta Falcons,1,4,0,3 Yard Run,1st & 10 at PIT 33,12:40 4th,— Br.Robinson right guard to PIT 30 for 3 yards (P.Queen; P.Wilson).
2026,WEEK 1,Sunday,September 13th,ATL,PIT,4th Quarter,2,Atlanta Falcons,1,5,0,6 Yard Run,2nd & 7 at PIT 30,12:05 4th,— D.London left end to PIT 24 for 6 yards (J.Dean; P.Wilson).
2026,WEEK 1,Sunday,September 13th,ATL,PIT,4th Quarter,2,Atlanta Falcons,1,6,0,0 Yard Run,3rd & 1 at PIT 24,11:23 4th,— M.Jerrell reported in as eligible. Bi.Robinson left end to PIT 24 for no gain (C.Heyward).
2026,WEEK 1,Sunday,September 13th,ATL,PIT,4th Quarter,2,Atlanta Falcons,1,7,1,Field Goal,4th & 1 at PIT 24,10:39 4th,"— N.Folk 43 yard field goal is GOOD, Center-L.McCullough, Holder-J.Bailey."
2026,WEEK 1,Sunday,September 13th,ATL,PIT,4th Quarter,3,Pittsburgh Steelers,0,1,0,Kickoff from ATL 35,,Kickoff,"— J.Bailey kicks 32 yards from ATL 35 to PIT 33, short of landing zone. PENALTY on ATL-J.Bailey, Kickoff Short of Landing Zone, placed at PIT 40."
2026,WEEK 1,Sunday,September 13th,ATL,PIT,4th Quarter,3,Pittsburgh Steelers,0,2,0,8 Yard Run,1st & 10 at PIT 40,10:35 4th,— J.Warren up the middle to PIT 48 for 8 yards (D.Deablo; X.Watts).
2026,WEEK 1,Sunday,September 13th,ATL,PIT,4th Quarter,3,Pittsburgh Steelers,0,3,0,17 Yard Run,2nd & 2 at PIT 48,09:55 4th,— J.Warren right tackle to ATL 35 for 17 yards (D.Deablo; Aj.Terrell). PIT-T.Fautanu was injured during the play.
2026,WEEK 1,Sunday,September 13th,ATL,PIT,4th Quarter,3,Pittsburgh Steelers,0,4,0,4 Yard Pass,1st & 10 at ATL 35,09:15 4th,— A.Rodgers pass short left to J.Warren to ATL 31 for 4 yards (Aj.Terrell; D.Deablo).
2026,WEEK 1,Sunday,September 13th,ATL,PIT,4th Quarter,3,Pittsburgh Steelers,0,5,0,Timeout,,08:26 4th,— Timeout #1 by PIT at 08:26.
2026,WEEK 1,Sunday,September 13th,ATL,PIT,4th Quarter,3,Pittsburgh Steelers,0,6,0,1 Yard Pass,2nd & 6 at ATL 31,08:26 4th Shotgun,— A.Rodgers pass short right to R.Wilson to ATL 30 for 1 yard (J.Bates). ** Injury Update: PIT-T.Fautanu has returned to the game.
2026,WEEK 1,Sunday,September 13th,ATL,PIT,4th Quarter,3,Pittsburgh Steelers,0,7,0,-8 Yard Sack,3rd & 5 at ATL 30,07:42 4th Shotgun,— A.Rodgers sacked at ATL 38 for -8 yards (Z.Smith).
2026,WEEK 1,Sunday,September 13th,ATL,PIT,4th Quarter,3,Pittsburgh Steelers,0,8,0,Field Goal No Good,4th & 13 at ATL 38,07:04 4th,"— C.Boswell 56 yard field goal is No Good, Wide Right, Center-C.Kuntz, Holder-C.Johnston."
2026,WEEK 1,Sunday,September 13th,ATL,PIT,4th Quarter,4,Atlanta Falcons,0,1,0,15 Yard Run,1st & 10 at ATL 46,06:58 4th Shotgun,— Bi.Robinson right end pushed ob at PIT 39 for 15 yards (J.Ramsey).
2026,WEEK 1,Sunday,September 13th,ATL,PIT,4th Quarter,4,Atlanta Falcons,0,2,0,0 Yard Run,1st & 10 at PIT 39,06:21 4th Shotgun,— Br.Robinson up the middle to PIT 39 for no gain (K.Benton; N.Herbig).
2026,WEEK 1,Sunday,September 13th,ATL,PIT,4th Quarter,4,Atlanta Falcons,0,3,0,5 Yard Run,2nd & 10 at PIT 39,05:44 4th Shotgun,— Bi.Robinson up the middle to PIT 34 for 5 yards (J.Brisker).
2026,WEEK 1,Sunday,September 13th,ATL,PIT,4th Quarter,4,Atlanta Falcons,0,4,0,-9 Yard Sack,3rd & 5 at PIT 34,05:01 4th Shotgun,— C.Rush sacked at PIT 43 for -9 yards (A.Highsmith).
2026,WEEK 1,Sunday,September 13th,ATL,PIT,4th Quarter,4,Atlanta Falcons,0,5,0,Punt,4th & 14 at PIT 43,04:20 4th,"— J.Bailey punts 35 yards to PIT 8, Center-L.McCullough, fair catch by K.Wetjen."
2026,WEEK 1,Sunday,September 13th,ATL,PIT,4th Quarter,5,Pittsburgh Steelers,0,1,0,0 Yard Run,1st & 10 at PIT 8,04:16 4th,— R.Dowdle right tackle to PIT 8 for no gain (L.London).
2026,WEEK 1,Sunday,September 13th,ATL,PIT,4th Quarter,5,Pittsburgh Steelers,0,2,0,14 Yard Pass,2nd & 10 at PIT 8,03:36 4th,— A.Rodgers pass short right to D.Metcalf pushed ob at PIT 22 for 14 yards (Aj.Terrell).
2026,WEEK 1,Sunday,September 13th,ATL,PIT,4th Quarter,5,Pittsburgh Steelers,0,3,0,-2 Yard Run,1st & 10 at PIT 22,03:32 4th,— R.Dowdle right guard to PIT 20 for -2 yards (D.Deablo).
2026,WEEK 1,Sunday,September 13th,ATL,PIT,4th Quarter,5,Pittsburgh Steelers,0,4,0,Timeout,,02:47 4th,— Timeout #2 by PIT at 02:47.
2026,WEEK 1,Sunday,September 13th,ATL,PIT,4th Quarter,5,Pittsburgh Steelers,0,5,0,9 Yard Pass,2nd & 12 at PIT 20,02:47 4th,— A.Rodgers pass short left to M.Pittman to PIT 29 for 9 yards (S.Brown; S.Ebukam).
2026,WEEK 1,Sunday,September 13th,ATL,PIT,4th Quarter,5,Pittsburgh Steelers,0,6,0,Timeout,,02:35 4th,— Timeout #2 by ATL at 02:35.
2026,WEEK 1,Sunday,September 13th,ATL,PIT,4th Quarter,5,Pittsburgh Steelers,0,7,0,15 Yard Pass,3rd & 3 at PIT 29,02:35 4th,— A.Rodgers pass short left to D.Washington pushed ob at PIT 44 for 15 yards (J.Bates).
2026,WEEK 1,Sunday,September 13th,ATL,PIT,4th Quarter,5,Pittsburgh Steelers,0,8,0,4 Yard Run,1st & 10 at PIT 44,02:28 4th,— R.Dowdle right end to PIT 48 for 4 yards (M.Hughes).
2026,WEEK 1,Sunday,September 13th,ATL,PIT,4th Quarter,5,Pittsburgh Steelers,0,9,0,Timeout,,02:23 4th,— Timeout #3 by ATL at 02:23.
2026,WEEK 1,Sunday,September 13th,ATL,PIT,4th Quarter,5,Pittsburgh Steelers,0,10,0,9 Yard Run,2nd & 6 at PIT 48,02:23 4th,— J.Warren left end to ATL 43 for 9 yards (G.Dexter).
2026,WEEK 1,Sunday,September 13th,ATL,PIT,4th Quarter,5,Pittsburgh Steelers,0,11,0,-1 Yard Run,1st & 10 at ATL 43,02:00 4th,— A.Rodgers kneels to ATL 44 for -1 yards.
2026,WEEK 1,Sunday,September 13th,ATL,PIT,4th Quarter,5,Pittsburgh Steelers,0,12,0,-1 Yard Run,2nd & 11 at ATL 44,01:17 4th,— A.Rodgers kneels to ATL 45 for -1 yards.
2026,WEEK 1,Sunday,September 13th,ATL,PIT,4th Quarter,5,Pittsburgh Steelers,0,13,0,-1 Yard Run,3rd & 12 at ATL 45,00:40 4th,— A.Rodgers kneels to ATL 46 for -1 yards.
2026,WEEK 1,Sunday,September 13th,NYJ,TEN,1st Quarter,1,New York Jets,1,1,0,Kickoff from TEN 35,,Kickoff,"— J.Slye kicks 60 yards from TEN 35 to NYJ 5, out of bounds. PENALTY on TEN-J.Slye, Kickoff Out of Bounds, placed at NYJ 40."
2026,WEEK 1,Sunday,September 13th,NYJ,TEN,1st Quarter,1,New York Jets,1,2,0,4 Yard Run,1st & 10 at NYJ 40,15:00 1st,— B.Hall right tackle to NYJ 44 for 4 yards (A.Hill).
2026,WEEK 1,Sunday,September 13th,NYJ,TEN,1st Quarter,1,New York Jets,1,3,0,10 Yard Penalty,2nd & 6 at NYJ 44,14:24 1st Shotgun,"— G.Smith pass incomplete short right to G.Wilson. PENALTY on TEN-A.Taylor, Defensive Pass Interference, 10 yards, enforced at NYJ 44 - No Play."
2026,WEEK 1,Sunday,September 13th,NYJ,TEN,1st Quarter,1,New York Jets,1,4,0,7 Yard Pass,1st & 10 at TEN 46,14:20 1st,— G.Smith pass short left to K.Sadiq to TEN 39 for 7 yards (N.Stackhouse).
2026,WEEK 1,Sunday,September 13th,NYJ,TEN,1st Quarter,1,New York Jets,1,5,0,4 Yard Run,2nd & 3 at TEN 39,13:41 1st,— B.Hall right guard to TEN 35 for 4 yards (J.Simmons).
2026,WEEK 1,Sunday,September 13th,NYJ,TEN,1st Quarter,1,New York Jets,1,6,0,Pass Incomplete,1st & 10 at TEN 35,13:05 1st,— G.Smith pass incomplete deep left to G.Wilson.
2026,WEEK 1,Sunday,September 13th,NYJ,TEN,1st Quarter,1,New York Jets,1,7,0,-5 Yard Penalty,2nd & 10 at TEN 35,12:55 1st Shotgun,"— PENALTY on NYJ, Delay of Game, 5 yards, enforced at TEN 35 - No Play."
2026,WEEK 1,Sunday,September 13th,NYJ,TEN,1st Quarter,1,New York Jets,1,8,0,6 Yard Run,2nd & 15 at TEN 40,12:55 1st Shotgun,— B.Hall up the middle to TEN 34 for 6 yards (M.Harris).
2026,WEEK 1,Sunday,September 13th,NYJ,TEN,1st Quarter,1,New York Jets,1,9,0,30 Yard Pass,3rd & 9 at TEN 34,12:10 1st Shotgun,— G.Smith pass short left to O.Cooper to TEN 4 for 30 yards (A.Taylor; J.Johnson).
2026,WEEK 1,Sunday,September 13th,NYJ,TEN,1st Quarter,1,New York Jets,1,10,0,1 Yard Run,1st & 4 at TEN 4,11:28 1st Shotgun,— B.Hall up the middle to TEN 3 for 1 yard (J.Franklin-Myers; A.Hill).
2026,WEEK 1,Sunday,September 13th,NYJ,TEN,1st Quarter,1,New York Jets,1,11,0,Timeout,,10:50 1st,— Timeout #1 by TEN at 10:50.
2026,WEEK 1,Sunday,September 13th,NYJ,TEN,1st Quarter,1,New York Jets,1,12,1,Touchdown,2nd & 3 at TEN 3,10:50 1st,"— K.Sadiq left end for 3 yards, TOUCHDOWN."
2026,WEEK 1,Sunday,September 13th,NYJ,TEN,1st Quarter,1,New York Jets,1,13,1,Extra Point,,10:45 1st,"— J.Sanders extra point is GOOD, Center-T.Hennessy, Holder-A.McNamara."
2026,WEEK 1,Sunday,September 13th,NYJ,TEN,1st Quarter,2,Tennessee Titans,1,1,0,Kickoff from NYJ 35,,Kickoff,"— J.Sanders kicks 65 yards from NYJ 35 to end zone, Touchback to the TEN 35."
2026,WEEK 1,Sunday,September 13th,NYJ,TEN,1st Quarter,2,Tennessee Titans,1,2,0,2 Yard Run,1st & 10 at TEN 35,10:45 1st,— T.Pollard right guard to TEN 37 for 2 yards (D.Davis; K.Enagbare).
2026,WEEK 1,Sunday,September 13th,NYJ,TEN,1st Quarter,2,Tennessee Titans,1,3,0,5 Yard Run,2nd & 8 at TEN 37,10:13 1st Shotgun,— T.Pollard up the middle to TEN 42 for 5 yards (H.Phillips; D.Davis).
2026,WEEK 1,Sunday,September 13th,NYJ,TEN,1st Quarter,2,Tennessee Titans,1,4,0,4 Yard Run,3rd & 3 at TEN 42,09:30 1st Shotgun,— C.Ward scrambles right end pushed ob at TEN 46 for 4 yards (D.Davis).
2026,WEEK 1,Sunday,September 13th,NYJ,TEN,1st Quarter,2,Tennessee Titans,1,5,0,7 Yard Pass,1st & 10 at TEN 46,08:56 1st Shotgun,— C.Ward pass short left to C.Dike pushed ob at NYJ 47 for 7 yards (J.Brownlee).
2026,WEEK 1,Sunday,September 13th,NYJ,TEN,1st Quarter,2,Tennessee Titans,1,6,0,Pass Incomplete,2nd & 3 at NYJ 47,08:30 1st Shotgun,— C.Ward pass incomplete short right to W.Robinson.
2026,WEEK 1,Sunday,September 13th,NYJ,TEN,1st Quarter,2,Tennessee Titans,1,7,0,5 Yard Run,3rd & 3 at NYJ 47,08:27 1st Shotgun,— C.Ward scrambles left tackle to NYJ 42 for 5 yards (J.Sherwood). NYJ-M.Fitzpatrick was injured during the play.
2026,WEEK 1,Sunday,September 13th,NYJ,TEN,1st Quarter,2,Tennessee Titans,1,8,0,5 Yard Run,1st & 10 at NYJ 42,07:59 1st Shotgun,— T.Pollard right tackle to NYJ 37 for 5 yards (J.Sherwood; D.Davis).
2026,WEEK 1,Sunday,September 13th,NYJ,TEN,1st Quarter,2,Tennessee Titans,1,9,0,-10 Yard Penalty,2nd & 5 at NYJ 37,"07:39 1st No Huddle, Shotgun","— C.Ward pass incomplete short right [K.Enagbare]. PENALTY on TEN-J.Latham, Offensive Holding, 10 yards, enforced at NYJ 37 - No Play."
2026,WEEK 1,Sunday,September 13th,NYJ,TEN,1st Quarter,2,Tennessee Titans,1,10,0,12 Yard Pass,2nd & 15 at NYJ 47,07:34 1st Shotgun,— C.Ward pass short left to C.Tate ran ob at NYJ 35 for 12 yards [D.Onyemata].
2026,WEEK 1,Sunday,September 13th,NYJ,TEN,1st Quarter,2,Tennessee Titans,1,11,0,5 Yard Penalty,3rd & 3 at NYJ 35,06:58 1st Shotgun,"— PENALTY on NYJ-D.Bailey, Neutral Zone Infraction, 5 yards, enforced at NYJ 35 - No Play."
2026,WEEK 1,Sunday,September 13th,NYJ,TEN,1st Quarter,2,Tennessee Titans,1,12,0,-1 Yard Sack,1st & 10 at NYJ 30,06:36 1st,— C.Ward sacked at NYJ 31 for -1 yards (K.Enagbare).
2026,WEEK 1,Sunday,September 13th,NYJ,TEN,1st Quarter,2,Tennessee Titans,1,13,0,Pass Incomplete,2nd & 11 at NYJ 31,05:58 1st Shotgun,— C.Ward pass incomplete deep left to T.Pollard.
2026,WEEK 1,Sunday,September 13th,NYJ,TEN,1st Quarter,2,Tennessee Titans,1,14,0,7 Yard Pass,3rd & 11 at NYJ 31,05:52 1st Shotgun,— C.Ward pass short right to D.Bellinger to NYJ 24 for 7 yards (J.Sherwood; D.Belton).
2026,WEEK 1,Sunday,September 13th,NYJ,TEN,1st Quarter,2,Tennessee Titans,1,15,1,Field Goal,4th & 4 at NYJ 24,05:08 1st,"— J.Slye 42 yard field goal is GOOD, Center-M.Cox, Holder-T.Townsend."
2026,WEEK 1,Sunday,September 13th,NYJ,TEN,1st Quarter,3,New York Jets,0,1,0,Kickoff from TEN 35,,Kickoff,"— J.Slye kicks 65 yards from TEN 35 to landing zone to end zone, Touchback to the NYJ 20."
2026,WEEK 1,Sunday,September 13th,NYJ,TEN,1st Quarter,3,New York Jets,0,2,0,Pass Incomplete,1st & 10 at NYJ 20,05:03 1st,"— G.Smith pass incomplete short middle to M.Taylor (A.Hill). Tennessee challenged the incomplete pass ruling, and the play was Upheld. The ruling on the field stands. (Timeout #2.)"
2026,WEEK 1,Sunday,September 13th,NYJ,TEN,1st Quarter,3,New York Jets,0,3,0,4 Yard Pass,2nd & 10 at NYJ 20,04:57 1st Shotgun,— G.Smith pass short right to G.Wilson to NYJ 24 for 4 yards (M.Harris).
2026,WEEK 1,Sunday,September 13th,NYJ,TEN,1st Quarter,3,New York Jets,0,4,0,-6 Yard Run,3rd & 6 at NYJ 24,04:11 1st Shotgun,"— G.Smith FUMBLES (Aborted) at NYJ 19, and recovers at NYJ 18."
2026,WEEK 1,Sunday,September 13th,NYJ,TEN,1st Quarter,3,New York Jets,0,5,0,Punt,4th & 12 at NYJ 18,03:29 1st,"— A.McNamara punts 45 yards to TEN 37, Center-T.Hennessy, downed by NYJ-F.Mauigoa. TEN-C.Dike was injured during the play."
2026,WEEK 1,Sunday,September 13th,NYJ,TEN,1st Quarter,4,Tennessee Titans,0,1,0,1 Yard Run,1st & 10 at TEN 37,03:18 1st,— T.Spears right end to TEN 38 for 1 yard (B.McGregor; T.Sweat).
2026,WEEK 1,Sunday,September 13th,NYJ,TEN,1st Quarter,4,Tennessee Titans,0,2,0,Pass Incomplete,2nd & 9 at TEN 38,02:46 1st Shotgun,— C.Ward pass incomplete deep right.
2026,WEEK 1,Sunday,September 13th,NYJ,TEN,1st Quarter,4,Tennessee Titans,0,3,0,1 Yard Pass,3rd & 9 at TEN 38,02:38 1st Shotgun,— C.Ward pass short left to G.Helm to TEN 39 for 1 yard (J.Brownlee).
2026,WEEK 1,Sunday,September 13th,NYJ,TEN,1st Quarter,4,Tennessee Titans,0,4,0,Punt,4th & 8 at TEN 39,01:58 1st,"— T.Townsend punts 49 yards to NYJ 12, Center-M.Cox, fair catch by I.Williams."
2026,WEEK 1,Sunday,September 13th,NYJ,TEN,2nd Quarter,1,New York Jets,1,1,0,5 Yard Run,1st & 10 at NYJ 12,01:51 1st,— B.Hall right guard to NYJ 17 for 5 yards (A.Hill; A.Hooker).
2026,WEEK 1,Sunday,September 13th,NYJ,TEN,2nd Quarter,1,New York Jets,1,2,0,4 Yard Run,2nd & 5 at NYJ 17,01:08 1st,— B.Hall left tackle to NYJ 21 for 4 yards (J.Johnson).
2026,WEEK 1,Sunday,September 13th,NYJ,TEN,2nd Quarter,1,New York Jets,1,3,0,3 Yard Run,3rd & 1 at NYJ 21,00:26 1st Shotgun,— B.Hall up the middle to NYJ 24 for 3 yards (J.Williams; A.Hill).
2026,WEEK 1,Sunday,September 13th,NYJ,TEN,2nd Quarter,1,New York Jets,1,4,0,7 Yard Run,1st & 10 at NYJ 24,15:00 2nd,— B.Allen right tackle to NYJ 31 for 7 yards (A.Hill; K.Winston).
2026,WEEK 1,Sunday,September 13th,NYJ,TEN,2nd Quarter,1,New York Jets,1,5,0,9 Yard Run,2nd & 3 at NYJ 31,14:18 2nd,— B.Allen right guard to NYJ 40 for 9 yards (A.Hooker).
2026,WEEK 1,Sunday,September 13th,NYJ,TEN,2nd Quarter,1,New York Jets,1,6,0,8 Yard Run,1st & 10 at NYJ 40,13:35 2nd Shotgun,— B.Allen right guard to NYJ 48 for 8 yards (A.Hooker; K.Winston).
2026,WEEK 1,Sunday,September 13th,NYJ,TEN,2nd Quarter,1,New York Jets,1,7,0,4 Yard Run,2nd & 2 at NYJ 48,12:53 2nd,— B.Allen right guard to TEN 48 for 4 yards (A.Hill; J.Elliott).
2026,WEEK 1,Sunday,September 13th,NYJ,TEN,2nd Quarter,1,New York Jets,1,8,0,0 Yard Run,1st & 10 at TEN 48,12:14 2nd,— B.Hall left guard to TEN 48 for no gain (M.Harris).
2026,WEEK 1,Sunday,September 13th,NYJ,TEN,2nd Quarter,1,New York Jets,1,9,0,5 Yard Run,2nd & 10 at TEN 48,11:31 2nd Shotgun,— B.Hall right tackle to TEN 43 for 5 yards (A.Hill; M.Harris).
2026,WEEK 1,Sunday,September 13th,NYJ,TEN,2nd Quarter,1,New York Jets,1,10,0,3 Yard Run,3rd & 5 at TEN 43,10:51 2nd Shotgun,— G.Smith scrambles left end pushed ob at TEN 40 for 3 yards (A.Hill).
2026,WEEK 1,Sunday,September 13th,NYJ,TEN,2nd Quarter,1,New York Jets,1,11,0,Timeout,,10:14 2nd,— Timeout #1 by NYJ at 10:14.
2026,WEEK 1,Sunday,September 13th,NYJ,TEN,2nd Quarter,1,New York Jets,1,12,0,9 Yard Pass,4th & 2 at TEN 40,10:14 2nd Shotgun,— G.Smith pass short middle to G.Wilson to TEN 31 for 9 yards (K.Winston; A.Taylor).
2026,WEEK 1,Sunday,September 13th,NYJ,TEN,2nd Quarter,1,New York Jets,1,13,0,8 Yard Pass,1st & 10 at TEN 31,09:29 2nd,— G.Smith pass short left to B.Hall to TEN 23 for 8 yards (A.Taylor).
2026,WEEK 1,Sunday,September 13th,NYJ,TEN,2nd Quarter,1,New York Jets,1,14,0,1 Yard Run,2nd & 2 at TEN 23,08:49 2nd,— B.Hall right guard to TEN 22 for 1 yard (O.Oladejo; A.Hooker).
2026,WEEK 1,Sunday,September 13th,NYJ,TEN,2nd Quarter,1,New York Jets,1,15,0,0 Yard Run,3rd & 1 at TEN 22,08:08 2nd,— B.Allen right end to TEN 22 for no gain (O.Oladejo; A.Hooker).
2026,WEEK 1,Sunday,September 13th,NYJ,TEN,2nd Quarter,1,New York Jets,1,16,0,3 Yard Run,4th & 1 at TEN 22,07:29 2nd Shotgun,— B.Allen left guard to TEN 19 for 3 yards (A.Hill; K.Winston).
2026,WEEK 1,Sunday,September 13th,NYJ,TEN,2nd Quarter,1,New York Jets,1,17,0,4 Yard Run,1st & 10 at TEN 19,06:46 2nd,— B.Hall up the middle to TEN 15 for 4 yards (A.Hill; K.Winston).
2026,WEEK 1,Sunday,September 13th,NYJ,TEN,2nd Quarter,1,New York Jets,1,18,0,5 Yard Run,2nd & 6 at TEN 15,06:06 2nd,— B.Hall left guard to TEN 10 for 5 yards (J.Simmons).
2026,WEEK 1,Sunday,September 13th,NYJ,TEN,2nd Quarter,1,New York Jets,1,19,0,-4 Yard Penalty,3rd & 1 at TEN 10,05:24 2nd,"— PENALTY on NYJ-M.Taylor, False Start, 4 yards, enforced at TEN 10 - No Play."
2026,WEEK 1,Sunday,September 13th,NYJ,TEN,2nd Quarter,1,New York Jets,1,20,0,Pass Incomplete,3rd & 5 at TEN 14,05:09 2nd Shotgun,— G.Smith pass incomplete short left to B.Allen (A.Hill).
2026,WEEK 1,Sunday,September 13th,NYJ,TEN,2nd Quarter,1,New York Jets,1,21,1,Field Goal,4th & 5 at TEN 14,05:06 2nd,"— J.Sanders 33 yard field goal is GOOD, Center-T.Hennessy, Holder-A.McNamara."
2026,WEEK 1,Sunday,September 13th,NYJ,TEN,2nd Quarter,2,Tennessee Titans,0,1,0,Fumble,,Kickoff,"— J.Sanders kicks 55 yards from NYJ 35 to TEN 10. C.Dike to TEN 30 for 20 yards (M.McCrary-Ball). FUMBLES (M.McCrary-Ball), RECOVERED by NYJ-Q.Stiggers at TEN 38. ** Injury Update: TEN-C.Dike has returned to the game."
2026,WEEK 1,Sunday,September 13th,NYJ,TEN,2nd Quarter,3,New York Jets,0,1,0,3 Yard Run,1st & 10 at TEN 38,04:55 2nd,— B.Hall up the middle to TEN 35 for 3 yards (T.Adams).
2026,WEEK 1,Sunday,September 13th,NYJ,TEN,2nd Quarter,3,New York Jets,0,2,0,-8 Yard Pass,2nd & 7 at TEN 35,04:17 2nd,— G.Smith pass short right to M.Taylor to TEN 43 for -8 yards (O.Oladejo).
2026,WEEK 1,Sunday,September 13th,NYJ,TEN,2nd Quarter,3,New York Jets,0,3,0,7 Yard Pass,3rd & 15 at TEN 43,03:31 2nd Shotgun,— G.Smith pass short middle to G.Wilson to TEN 36 for 7 yards (M.Harris; A.Hill).
2026,WEEK 1,Sunday,September 13th,NYJ,TEN,2nd Quarter,3,New York Jets,0,4,0,Field Goal No Good,4th & 8 at TEN 36,02:44 2nd,"— J.Sanders 54 yard field goal is No Good, Wide Left, Center-T.Hennessy, Holder-A.McNamara."
2026,WEEK 1,Sunday,September 13th,NYJ,TEN,2nd Quarter,4,Tennessee Titans,0,1,0,2 Yard Run,1st & 10 at TEN 44,02:41 2nd,— T.Pollard up the middle to TEN 46 for 2 yards (J.Brownlee). NYJ-J.Brownlee was injured during the play.
2026,WEEK 1,Sunday,September 13th,NYJ,TEN,2nd Quarter,4,Tennessee Titans,0,2,0,5 Yard Pass,2nd & 8 at TEN 46,02:00 2nd Shotgun,— C.Ward pass short right to W.Robinson to NYJ 49 for 5 yards (J.Sherwood).
2026,WEEK 1,Sunday,September 13th,NYJ,TEN,2nd Quarter,4,Tennessee Titans,0,3,0,Pass Incomplete,3rd & 3 at NYJ 49,01:22 2nd Shotgun,— C.Ward pass incomplete deep middle to C.Tate.
2026,WEEK 1,Sunday,September 13th,NYJ,TEN,2nd Quarter,4,Tennessee Titans,0,4,0,Punt,4th & 3 at NYJ 49,01:18 2nd,"— T.Townsend punts 49 yards to end zone, Center-M.Cox, Touchback."
2026,WEEK 1,Sunday,September 13th,NYJ,TEN,2nd Quarter,5,New York Jets,0,1,0,6 Yard Pass,1st & 10 at NYJ 20,01:10 2nd Shotgun,— G.Smith pass short middle to M.Taylor to NYJ 26 for 6 yards (K.Winston).
2026,WEEK 1,Sunday,September 13th,NYJ,TEN,2nd Quarter,5,New York Jets,0,2,0,7 Yard Pass,2nd & 4 at NYJ 26,"00:51 2nd No Huddle, Shotgun",— G.Smith pass short left to I.Williams to NYJ 33 for 7 yards (M.Harris).
2026,WEEK 1,Sunday,September 13th,NYJ,TEN,2nd Quarter,5,New York Jets,0,3,0,Timeout,,00:45 2nd,— Timeout #2 by NYJ at 00:45.
2026,WEEK 1,Sunday,September 13th,NYJ,TEN,2nd Quarter,5,New York Jets,0,4,0,Pass Incomplete,1st & 10 at NYJ 33,00:45 2nd Shotgun,— G.Smith pass incomplete short right [J.Martin].
2026,WEEK 1,Sunday,September 13th,NYJ,TEN,2nd Quarter,5,New York Jets,0,5,0,18 Yard Pass,2nd & 10 at NYJ 33,00:36 2nd Shotgun,"— G.Smith pass deep right to A.Mitchell ran ob at TEN 49 for 18 yards. The Replay Official reviewed the runner was out of bounds ruling, and the play was REVERSED. (Shotgun) G.Smith pass deep right to A.Mitchell to TEN 49 for 18 yards (C.Flott)."
2026,WEEK 1,Sunday,September 13th,NYJ,TEN,2nd Quarter,5,New York Jets,0,6,0,Timeout,,00:32 2nd,— Timeout #3 by NYJ at 00:32. 10-second runoff avoided.
2026,WEEK 1,Sunday,September 13th,NYJ,TEN,2nd Quarter,5,New York Jets,0,7,0,2 Yard Pass,1st & 10 at TEN 49,00:32 2nd Shotgun,— G.Smith pass short middle to A.Mitchell to TEN 47 for 2 yards (A.Hooker).
2026,WEEK 1,Sunday,September 13th,NYJ,TEN,2nd Quarter,5,New York Jets,0,8,0,-5 Yard Penalty,2nd & 8 at TEN 47,00:16 2nd No Huddle,"— PENALTY on NYJ-G.Wilson, False Start, 5 yards, enforced at TEN 47 - No Play. 10-second runoff."
2026,WEEK 1,Sunday,September 13th,NYJ,TEN,3rd Quarter,1,Tennessee Titans,0,1,0,Kickoff from NYJ 35,,Kickoff,"— J.Sanders kicks 65 yards from NYJ 35 to end zone, Touchback to the TEN 35."
2026,WEEK 1,Sunday,September 13th,NYJ,TEN,3rd Quarter,1,Tennessee Titans,0,2,0,5 Yard Pass,1st & 10 at TEN 35,15:00 3rd Shotgun,— C.Ward pass short right to C.Tate ran ob at TEN 40 for 5 yards (A.Thomas).
2026,WEEK 1,Sunday,September 13th,NYJ,TEN,3rd Quarter,1,Tennessee Titans,0,3,0,9 Yard Pass,2nd & 5 at TEN 40,"14:43 3rd No Huddle, Shotgun",— C.Ward pass short middle to W.Robinson to TEN 49 for 9 yards (D.Davis).
2026,WEEK 1,Sunday,September 13th,NYJ,TEN,3rd Quarter,1,Tennessee Titans,0,4,0,7 Yard Pass,1st & 10 at TEN 49,"14:20 3rd No Huddle, Shotgun",— C.Ward pass short right to C.Tate pushed ob at NYJ 44 for 7 yards (A.Thomas).
2026,WEEK 1,Sunday,September 13th,NYJ,TEN,3rd Quarter,1,Tennessee Titans,0,5,0,-1 Yard Pass,2nd & 3 at NYJ 44,"13:57 3rd No Huddle, Shotgun",— C.Ward pass short right to T.Pollard to NYJ 45 for -1 yards (A.Thomas).
2026,WEEK 1,Sunday,September 13th,NYJ,TEN,3rd Quarter,1,Tennessee Titans,0,6,0,Pass Incomplete,3rd & 4 at NYJ 45,13:14 3rd Shotgun,— C.Ward pass incomplete deep right to E.Ayomanor.
2026,WEEK 1,Sunday,September 13th,NYJ,TEN,3rd Quarter,1,Tennessee Titans,0,7,0,Punt,4th & 4 at NYJ 45,13:09 3rd,"— T.Townsend punts 45 yards to end zone, Center-M.Cox, Touchback."
2026,WEEK 1,Sunday,September 13th,NYJ,TEN,3rd Quarter,2,New York Jets,1,1,0,8 Yard Pass,1st & 10 at NYJ 20,13:01 3rd,— G.Smith pass short right to B.Hall to NYJ 28 for 8 yards (A.Hill; T.Adams).
2026,WEEK 1,Sunday,September 13th,NYJ,TEN,3rd Quarter,2,New York Jets,1,2,0,31 Yard Pass,2nd & 2 at NYJ 28,12:19 3rd Shotgun,— G.Smith pass deep right to G.Wilson pushed ob at TEN 41 for 31 yards (A.Taylor).
2026,WEEK 1,Sunday,September 13th,NYJ,TEN,3rd Quarter,2,New York Jets,1,3,0,-10 Yard Penalty,1st & 10 at TEN 41,11:37 3rd Shotgun,"— B.Hall right end to TEN 44 for -3 yards (A.Taylor). PENALTY on NYJ-K.Sadiq, Offensive Holding, 10 yards, enforced at TEN 41 - No Play."
2026,WEEK 1,Sunday,September 13th,NYJ,TEN,3rd Quarter,2,New York Jets,1,4,0,40 Yard Pass,1st & 20 at NYJ 49,11:14 3rd Shotgun,— G.Smith pass deep right to A.Mitchell to TEN 11 for 40 yards (A.Hooker).
2026,WEEK 1,Sunday,September 13th,NYJ,TEN,3rd Quarter,2,New York Jets,1,5,0,7 Yard Run,1st & 10 at TEN 11,10:26 3rd Shotgun,— G.Smith scrambles right end to TEN 4 for 7 yards (A.Hooker).
2026,WEEK 1,Sunday,September 13th,NYJ,TEN,3rd Quarter,2,New York Jets,1,6,1,Touchdown,2nd & 3 at TEN 4,09:44 3rd,"— B.Hall left end for 4 yards, TOUCHDOWN. Penalty on TEN, Defensive Too Many Men on Field, declined."
2026,WEEK 1,Sunday,September 13th,NYJ,TEN,3rd Quarter,2,New York Jets,1,7,1,Extra Point,,09:41 3rd,"— J.Sanders extra point is GOOD, Center-T.Hennessy, Holder-A.McNamara."
2026,WEEK 1,Sunday,September 13th,NYJ,TEN,3rd Quarter,3,Tennessee Titans,0,1,0,Kickoff from NYJ 35,,Kickoff,— J.Sanders kicks 60 yards from NYJ 35 to TEN 5. C.Dike pushed ob at TEN 32 for 27 yards (M.Moore).
2026,WEEK 1,Sunday,September 13th,NYJ,TEN,3rd Quarter,3,Tennessee Titans,0,2,0,Pass Incomplete,1st & 10 at TEN 32,09:36 3rd,— C.Ward pass incomplete short right. ** Injury Update: NYJ-J.Brownlee has returned to the game.
2026,WEEK 1,Sunday,September 13th,NYJ,TEN,3rd Quarter,3,Tennessee Titans,0,3,0,7 Yard Run,2nd & 10 at TEN 32,09:31 3rd Shotgun,— C.Ward scrambles right tackle pushed ob at TEN 39 for 7 yards (D.Davis).
2026,WEEK 1,Sunday,September 13th,NYJ,TEN,3rd Quarter,3,Tennessee Titans,0,4,0,Pass Incomplete,3rd & 3 at TEN 39,08:55 3rd Shotgun,— C.Ward pass incomplete short right to T.Spears (D.Davis).
2026,WEEK 1,Sunday,September 13th,NYJ,TEN,3rd Quarter,3,Tennessee Titans,0,5,0,Punt,4th & 3 at TEN 39,08:51 3rd,"— T.Townsend punts 54 yards to NYJ 7, Center-M.Cox. I.Williams to NYJ 22 for 15 yards (M.Robinson; M.Diabate)."
2026,WEEK 1,Sunday,September 13th,NYJ,TEN,3rd Quarter,4,New York Jets,1,1,0,12 Yard Run,1st & 10 at NYJ 22,08:38 3rd,— B.Hall left end pushed ob at NYJ 34 for 12 yards (K.Winston).
2026,WEEK 1,Sunday,September 13th,NYJ,TEN,3rd Quarter,4,New York Jets,1,2,0,12 Yard Run,1st & 10 at NYJ 34,08:06 3rd,— B.Hall right guard to NYJ 46 for 12 yards (K.Faulk; C.Barton).
2026,WEEK 1,Sunday,September 13th,NYJ,TEN,3rd Quarter,4,New York Jets,1,3,0,22 Yard Pass,1st & 10 at NYJ 46,07:20 3rd,— G.Smith pass deep left to G.Wilson pushed ob at TEN 32 for 22 yards (C.Flott).
2026,WEEK 1,Sunday,September 13th,NYJ,TEN,3rd Quarter,4,New York Jets,1,4,0,-5 Yard Penalty,1st & 10 at TEN 32,06:43 3rd Shotgun,"— G.Smith pass short right to G.Wilson to TEN 28 for 4 yards (C.Flott; J.Williams). PENALTY on NYJ-O.Fashanu, Illegal Formation, 5 yards, enforced at TEN 32 - No Play."
2026,WEEK 1,Sunday,September 13th,NYJ,TEN,3rd Quarter,4,New York Jets,1,5,0,Pass Incomplete,1st & 15 at TEN 37,06:20 3rd Shotgun,— G.Smith pass incomplete short middle to A.Smith.
2026,WEEK 1,Sunday,September 13th,NYJ,TEN,3rd Quarter,4,New York Jets,1,6,0,8 Yard Pass,2nd & 15 at TEN 37,06:16 3rd Shotgun,— G.Smith pass short right to K.Sadiq to TEN 29 for 8 yards (C.Barton; A.Hill).
2026,WEEK 1,Sunday,September 13th,NYJ,TEN,3rd Quarter,4,New York Jets,1,7,0,6 Yard Pass,3rd & 7 at TEN 29,05:30 3rd Shotgun,— G.Smith pass short left to G.Wilson to TEN 23 for 6 yards (M.Harris).
2026,WEEK 1,Sunday,September 13th,NYJ,TEN,3rd Quarter,4,New York Jets,1,8,0,-9 Yard Penalty,4th & 1 at TEN 23,04:44 3rd,"— B.Allen left tackle for 23 yards, TOUCHDOWN NULLIFIED by Penalty. PENALTY on NYJ-J.Myers, Offensive Holding, 9 yards, enforced at TEN 23 - No Play."
2026,WEEK 1,Sunday,September 13th,NYJ,TEN,3rd Quarter,4,New York Jets,1,9,1,Field Goal,4th & 10 at TEN 32,04:38 3rd,"— J.Sanders 51 yard field goal is GOOD, Center-T.Hennessy, Holder-A.McNamara."
2026,WEEK 1,Sunday,September 13th,NYJ,TEN,3rd Quarter,5,Tennessee Titans,0,1,0,Kickoff from NYJ 35,,Kickoff,— J.Sanders kicks 53 yards from NYJ 35 to TEN 12. C.Dike pushed ob at TEN 27 for 15 yards (N.Wright).
2026,WEEK 1,Sunday,September 13th,NYJ,TEN,3rd Quarter,5,Tennessee Titans,0,2,0,6 Yard Run,1st & 10 at TEN 27,04:30 3rd,— T.Pollard left guard to TEN 33 for 6 yards (D.Bailey).
2026,WEEK 1,Sunday,September 13th,NYJ,TEN,3rd Quarter,5,Tennessee Titans,0,3,0,Pass Incomplete,2nd & 4 at TEN 33,03:53 3rd,— C.Ward pass incomplete short right [D.Bailey].
2026,WEEK 1,Sunday,September 13th,NYJ,TEN,3rd Quarter,5,Tennessee Titans,0,4,0,10 Yard Pass,3rd & 4 at TEN 33,03:45 3rd Shotgun,— C.Ward pass short left to W.Robinson to TEN 43 for 10 yards (A.Cisco).
2026,WEEK 1,Sunday,September 13th,NYJ,TEN,3rd Quarter,5,Tennessee Titans,0,5,0,13 Yard Run,1st & 10 at TEN 43,03:08 3rd Shotgun,— T.Pollard left end pushed ob at NYJ 44 for 13 yards (A.Cisco).
2026,WEEK 1,Sunday,September 13th,NYJ,TEN,3rd Quarter,5,Tennessee Titans,0,6,0,2 Yard Run,1st & 10 at NYJ 44,02:38 3rd Shotgun,— T.Pollard right tackle to NYJ 42 for 2 yards (D.Davis; B.McGregor).
2026,WEEK 1,Sunday,September 13th,NYJ,TEN,3rd Quarter,5,Tennessee Titans,0,7,0,Timeout,,01:55 3rd,— Timeout #1 by TEN at 01:55.
2026,WEEK 1,Sunday,September 13th,NYJ,TEN,3rd Quarter,5,Tennessee Titans,0,8,0,Pass Incomplete,2nd & 8 at NYJ 42,01:55 3rd Shotgun,— C.Ward pass incomplete short left to T.Spears.
2026,WEEK 1,Sunday,September 13th,NYJ,TEN,3rd Quarter,5,Tennessee Titans,0,9,0,-1 Yard Sack,3rd & 8 at NYJ 42,01:52 3rd Shotgun,— C.Ward sacked ob at NYJ 43 for -1 yards (D.Bailey).
2026,WEEK 1,Sunday,September 13th,NYJ,TEN,3rd Quarter,5,Tennessee Titans,0,10,0,Punt,4th & 9 at NYJ 43,01:12 3rd,"— T.Townsend punts 43 yards to end zone, Center-M.Cox, Touchback."
2026,WEEK 1,Sunday,September 13th,NYJ,TEN,4th Quarter,1,New York Jets,0,1,0,4 Yard Pass,1st & 10 at NYJ 20,01:05 3rd,— G.Smith pass short right to J.Ruckert to NYJ 24 for 4 yards (C.Barton).
2026,WEEK 1,Sunday,September 13th,NYJ,TEN,4th Quarter,1,New York Jets,0,2,0,3 Yard Run,2nd & 6 at NYJ 24,00:20 3rd,— B.Hall up the middle to NYJ 27 for 3 yards (J.Simmons; J.Elliott).
2026,WEEK 1,Sunday,September 13th,NYJ,TEN,4th Quarter,1,New York Jets,0,3,0,2 Yard Run,3rd & 3 at NYJ 27,15:00 4th Shotgun,— B.Hall up the middle to NYJ 29 for 2 yards (J.Simmons; A.Hill).
2026,WEEK 1,Sunday,September 13th,NYJ,TEN,4th Quarter,1,New York Jets,0,4,0,Punt,4th & 1 at NYJ 29,14:16 4th,"— A.McNamara punts 50 yards to TEN 21, Center-T.Hennessy. C.Dike to TEN 16 for -5 yards (A.Smith)."
2026,WEEK 1,Sunday,September 13th,NYJ,TEN,4th Quarter,2,Tennessee Titans,0,1,0,1 Yard Run,1st & 10 at TEN 16,14:04 4th Shotgun,— T.Spears up the middle to TEN 17 for 1 yard (D.Jackson; B.McGregor).
2026,WEEK 1,Sunday,September 13th,NYJ,TEN,4th Quarter,2,Tennessee Titans,0,2,0,-5 Yard Penalty,2nd & 9 at TEN 17,"13:40 4th No Huddle, Shotgun","— PENALTY on TEN-J.Latham, False Start, 5 yards, enforced at TEN 17 - No Play."
2026,WEEK 1,Sunday,September 13th,NYJ,TEN,4th Quarter,2,Tennessee Titans,0,3,0,-11 Yard Sack,2nd & 14 at TEN 12,13:40 4th Shotgun,— C.Ward sacked at TEN 1 for -11 yards (W.McDonald).
2026,WEEK 1,Sunday,September 13th,NYJ,TEN,4th Quarter,2,Tennessee Titans,0,4,0,12 Yard Pass,3rd & 25 at TEN 1,12:54 4th Shotgun,— C.Ward pass short right to G.Helm to TEN 13 for 12 yards (A.Thomas).
2026,WEEK 1,Sunday,September 13th,NYJ,TEN,4th Quarter,2,Tennessee Titans,0,5,0,Punt,4th & 13 at TEN 13,12:09 4th,"— T.Townsend punts 37 yards to 50, Center-M.Cox, out of bounds."
2026,WEEK 1,Sunday,September 13th,NYJ,TEN,4th Quarter,3,New York Jets,0,1,0,4 Yard Run,1st & 10 at 50,12:01 4th,— B.Allen right tackle to TEN 46 for 4 yards (K.Winston).
2026,WEEK 1,Sunday,September 13th,NYJ,TEN,4th Quarter,3,New York Jets,0,2,0,-1 Yard Run,2nd & 6 at TEN 46,11:16 4th,"— B.Allen right guard to TEN 47 for -1 yards (A.Hooker, A.Hill)."
2026,WEEK 1,Sunday,September 13th,NYJ,TEN,4th Quarter,3,New York Jets,0,3,0,6 Yard Pass,3rd & 7 at TEN 47,10:35 4th Shotgun,— G.Smith pass short left to K.Sadiq to TEN 41 for 6 yards (C.Flott).
2026,WEEK 1,Sunday,September 13th,NYJ,TEN,4th Quarter,3,New York Jets,0,4,0,-5 Yard Penalty,4th & 1 at TEN 41,09:46 4th Run formation,"— PENALTY on NYJ, Delay of Game, 5 yards, enforced at TEN 41 - No Play."
2026,WEEK 1,Sunday,September 13th,NYJ,TEN,4th Quarter,3,New York Jets,0,5,0,Punt,4th & 6 at TEN 46,09:46 4th,"— A.McNamara punts 44 yards to TEN 2, impetus ends at TEN 2, Center-T.Hennessy, downed by NYJ-Q.Stiggers."
2026,WEEK 1,Sunday,September 13th,NYJ,TEN,4th Quarter,4,Tennessee Titans,0,1,0,5 Yard Run,1st & 10 at TEN 2,09:36 4th Shotgun,— C.Ward scrambles right end pushed ob at TEN 7 for 5 yards (D.Bailey).
2026,WEEK 1,Sunday,September 13th,NYJ,TEN,4th Quarter,4,Tennessee Titans,0,2,0,6 Yard Pass,2nd & 5 at TEN 7,09:10 4th Shotgun,— C.Ward pass short right to W.Robinson to TEN 13 for 6 yards (D.Belton).
2026,WEEK 1,Sunday,September 13th,NYJ,TEN,4th Quarter,4,Tennessee Titans,0,3,0,5 Yard Pass,1st & 10 at TEN 13,"08:44 4th No Huddle, Shotgun",— C.Ward pass short middle to G.Helm to TEN 18 for 5 yards (A.Cisco).
2026,WEEK 1,Sunday,September 13th,NYJ,TEN,4th Quarter,4,Tennessee Titans,0,4,0,Pass Incomplete,2nd & 5 at TEN 18,"08:23 4th No Huddle, Shotgun",— C.Ward pass incomplete deep left to C.Tate.
2026,WEEK 1,Sunday,September 13th,NYJ,TEN,4th Quarter,4,Tennessee Titans,0,5,0,Pass Incomplete,3rd & 5 at TEN 18,08:20 4th Shotgun,— C.Ward pass incomplete short right.
2026,WEEK 1,Sunday,September 13th,NYJ,TEN,4th Quarter,4,Tennessee Titans,0,6,0,Punt,4th & 5 at TEN 18,08:11 4th,"— T.Townsend punts 49 yards to NYJ 33, Center-M.Cox. I.Williams to NYJ 47 for 14 yards (M.Robinson)."
2026,WEEK 1,Sunday,September 13th,NYJ,TEN,4th Quarter,5,New York Jets,1,1,0,13 Yard Run,1st & 10 at NYJ 47,08:01 4th,— B.Hall right end pushed ob at TEN 40 for 13 yards (K.Winston).
2026,WEEK 1,Sunday,September 13th,NYJ,TEN,4th Quarter,5,New York Jets,1,2,0,0 Yard Run,1st & 10 at TEN 40,07:21 4th,— B.Hall right end to TEN 40 for no gain (A.Taylor).
2026,WEEK 1,Sunday,September 13th,NYJ,TEN,4th Quarter,5,New York Jets,1,3,0,2 Yard Run,2nd & 10 at TEN 40,06:35 4th Shotgun,— B.Allen left guard to TEN 38 for 2 yards (J.Franklin-Myers).
2026,WEEK 1,Sunday,September 13th,NYJ,TEN,4th Quarter,5,New York Jets,1,4,0,4 Yard Run,3rd & 8 at TEN 38,05:52 4th,— B.Allen left guard to TEN 34 for 4 yards (J.Franklin-Myers; K.Winston).
2026,WEEK 1,Sunday,September 13th,NYJ,TEN,4th Quarter,5,New York Jets,1,5,0,Timeout,,05:05 4th,— Timeout #1 by NYJ at 05:05.
2026,WEEK 1,Sunday,September 13th,NYJ,TEN,4th Quarter,5,New York Jets,1,6,1,Field Goal,4th & 4 at TEN 34,05:05 4th,"— J.Sanders 52 yard field goal is GOOD, Center-T.Hennessy, Holder-A.McNamara."
2026,WEEK 1,Sunday,September 13th,NYJ,TEN,4th Quarter,6,Tennessee Titans,1,1,0,Kickoff from NYJ 35,,Kickoff,"— J.Sanders kicks 65 yards from NYJ 35 to end zone, Touchback to the TEN 35."
2026,WEEK 1,Sunday,September 13th,NYJ,TEN,4th Quarter,6,Tennessee Titans,1,2,0,8 Yard Pass,1st & 10 at TEN 35,05:00 4th Shotgun,— C.Ward pass short left to W.Robinson to TEN 43 for 8 yards (D.Davis).
2026,WEEK 1,Sunday,September 13th,NYJ,TEN,4th Quarter,6,Tennessee Titans,1,3,0,14 Yard Pass,2nd & 2 at TEN 43,"04:37 4th No Huddle, Shotgun",— C.Ward pass short left to C.Tate to NYJ 43 for 14 yards (A.Cisco).
2026,WEEK 1,Sunday,September 13th,NYJ,TEN,4th Quarter,6,Tennessee Titans,1,4,0,4 Yard Pass,1st & 10 at NYJ 43,"04:17 4th No Huddle, Shotgun",— C.Ward pass short right to T.Spears to NYJ 39 for 4 yards (A.Thomas; J.Brownlee).
2026,WEEK 1,Sunday,September 13th,NYJ,TEN,4th Quarter,6,Tennessee Titans,1,5,0,10 Yard Pass,2nd & 6 at NYJ 39,"03:48 4th No Huddle, Shotgun",— C.Ward pass short left to G.Helm pushed ob at NYJ 29 for 10 yards (A.Cisco).
2026,WEEK 1,Sunday,September 13th,NYJ,TEN,4th Quarter,6,Tennessee Titans,1,6,0,8 Yard Pass,1st & 10 at NYJ 29,"03:41 4th No Huddle, Shotgun",— C.Ward pass short right to T.Spears to NYJ 21 for 8 yards (A.Cisco).
2026,WEEK 1,Sunday,September 13th,NYJ,TEN,4th Quarter,6,Tennessee Titans,1,7,0,10 Yard Run,2nd & 2 at NYJ 21,"03:16 4th No Huddle, Shotgun",— T.Spears up the middle to NYJ 11 for 10 yards (D.Bailey).
2026,WEEK 1,Sunday,September 13th,NYJ,TEN,4th Quarter,6,Tennessee Titans,1,8,0,Pass Incomplete,1st & 10 at NYJ 11,"02:53 4th No Huddle, Shotgun",— C.Ward pass incomplete short left to E.Ayomanor.
2026,WEEK 1,Sunday,September 13th,NYJ,TEN,4th Quarter,6,Tennessee Titans,1,9,0,Pass Incomplete,2nd & 10 at NYJ 11,02:49 4th Shotgun,— C.Ward pass incomplete short middle to G.Helm [H.Phillips].
2026,WEEK 1,Sunday,September 13th,NYJ,TEN,4th Quarter,6,Tennessee Titans,1,10,1,Touchdown,3rd & 10 at NYJ 11,02:45 4th Shotgun,"— C.Ward pass short right to E.Ayomanor for 11 yards, TOUCHDOWN."
2026,WEEK 1,Sunday,September 13th,NYJ,TEN,4th Quarter,6,Tennessee Titans,1,11,1,Extra Point,,02:42 4th,"— J.Slye extra point is GOOD, Center-M.Cox, Holder-T.Townsend."
2026,WEEK 1,Sunday,September 13th,NYJ,TEN,4th Quarter,7,New York Jets,0,1,0,Kickoff from TEN 35,,Kickoff,"— J.Slye kicks onside 11 yards from TEN 35 to TEN 46, impetus ends at TEN 44. G.Wilson (didn't try to advance) to TEN 46 for no gain."
2026,WEEK 1,Sunday,September 13th,NYJ,TEN,4th Quarter,7,New York Jets,0,2,0,5 Yard Run,1st & 10 at TEN 46,02:40 4th,— B.Hall up the middle to TEN 41 for 5 yards (A.Hooker).
2026,WEEK 1,Sunday,September 13th,NYJ,TEN,4th Quarter,7,New York Jets,0,3,0,Timeout,,02:35 4th,— Timeout #2 by TEN at 02:35.
2026,WEEK 1,Sunday,September 13th,NYJ,TEN,4th Quarter,7,New York Jets,0,4,0,6 Yard Run,2nd & 5 at TEN 41,02:35 4th,— B.Hall up the middle to TEN 35 for 6 yards (A.Taylor; A.Hill).
2026,WEEK 1,Sunday,September 13th,NYJ,TEN,4th Quarter,7,New York Jets,0,5,0,-1 Yard Run,1st & 10 at TEN 35,02:00 4th,— G.Smith kneels to TEN 36 for -1 yards.
2026,WEEK 1,Sunday,September 13th,NYJ,TEN,4th Quarter,7,New York Jets,0,6,0,-1 Yard Run,2nd & 11 at TEN 36,01:19 4th,— G.Smith kneels to TEN 37 for -1 yards.
2026,WEEK 1,Sunday,September 13th,NYJ,TEN,4th Quarter,7,New York Jets,0,7,0,-1 Yard Run,3rd & 12 at TEN 37,00:38 4th,— G.Smith kneels to TEN 38 for -1 yards.
2026,WEEK 1,Sunday,September 13th,AZ,LAC,1st Quarter,1,Arizona Cardinals,1,1,0,Kickoff from LAC 35,,Kickoff,— C.Dicker kicks 60 yards from LAC 35 to AZ 5. D.Duvernay to AZ 30 for 25 yards (B.Dupree).
2026,WEEK 1,Sunday,September 13th,AZ,LAC,1st Quarter,1,Arizona Cardinals,1,2,0,27 Yard Pass,1st & 10 at AZ 30,14:56 1st,— J.Brissett pass deep right to T.McBride to LAC 43 for 27 yards (E.Molden).
2026,WEEK 1,Sunday,September 13th,AZ,LAC,1st Quarter,1,Arizona Cardinals,1,3,0,2 Yard Run,1st & 10 at LAC 43,14:18 1st Shotgun,— T.Allgeier right guard to LAC 41 for 2 yards (D.Tomlinson; T.Tuipulotu).
2026,WEEK 1,Sunday,September 13th,AZ,LAC,1st Quarter,1,Arizona Cardinals,1,4,0,Pass Incomplete,2nd & 8 at LAC 41,13:34 1st Shotgun,— J.Brissett pass incomplete short middle to M.Harrison.
2026,WEEK 1,Sunday,September 13th,AZ,LAC,1st Quarter,1,Arizona Cardinals,1,5,0,11 Yard Run,3rd & 8 at LAC 41,13:30 1st Shotgun,— J.Brissett scrambles left end ran ob at LAC 30 for 11 yards (T.Tuipulotu).
2026,WEEK 1,Sunday,September 13th,AZ,LAC,1st Quarter,1,Arizona Cardinals,1,6,0,5 Yard Pass,1st & 10 at LAC 30,12:51 1st,— J.Williams reported in as eligible. J.Brissett pass short right to T.Allgeier to LAC 25 for 5 yards (D.Henley; T.Jefferson).
2026,WEEK 1,Sunday,September 13th,AZ,LAC,1st Quarter,1,Arizona Cardinals,1,7,0,4 Yard Run,2nd & 5 at LAC 25,12:08 1st,— T.Allgeier left end to LAC 21 for 4 yards (A.Mesidor).
2026,WEEK 1,Sunday,September 13th,AZ,LAC,1st Quarter,1,Arizona Cardinals,1,8,0,2 Yard Run,3rd & 1 at LAC 21,11:39 1st,— J.Brissett up the middle to LAC 19 for 2 yards (J.Caldwell).
2026,WEEK 1,Sunday,September 13th,AZ,LAC,1st Quarter,1,Arizona Cardinals,1,9,0,0 Yard Run,1st & 10 at LAC 19,11:01 1st Shotgun,— J.Love up the middle to LAC 19 for no gain (T.Tuipulotu).
2026,WEEK 1,Sunday,September 13th,AZ,LAC,1st Quarter,1,Arizona Cardinals,1,10,0,11 Yard Pass,2nd & 10 at LAC 19,10:21 1st Shotgun,— J.Brissett pass short left to K.Bourne to LAC 8 for 11 yards (C.Hart).
2026,WEEK 1,Sunday,September 13th,AZ,LAC,1st Quarter,1,Arizona Cardinals,1,11,0,Timeout,,09:34 1st,— Timeout #1 by AZ at 09:34.
2026,WEEK 1,Sunday,September 13th,AZ,LAC,1st Quarter,1,Arizona Cardinals,1,12,0,3 Yard Run,1st & 8 at LAC 8,09:34 1st,— J.Love up the middle to LAC 5 for 3 yards (E.Molden).
2026,WEEK 1,Sunday,September 13th,AZ,LAC,1st Quarter,1,Arizona Cardinals,1,13,1,Touchdown,2nd & 5 at LAC 5,08:54 1st Shotgun,"— J.Love left end for 5 yards, TOUCHDOWN."
2026,WEEK 1,Sunday,September 13th,AZ,LAC,1st Quarter,1,Arizona Cardinals,1,14,1,Extra Point,,08:49 1st,"— C.Ryland extra point is GOOD, Center-C.Kreiter, Holder-B.Gillikin."
2026,WEEK 1,Sunday,September 13th,AZ,LAC,1st Quarter,2,Los Angeles Chargers,1,1,0,Kickoff from AZ 35,,Kickoff,— C.Ryland kicks 65 yards from AZ 35 to LAC 0. K.Mitchell to LAC 23 for 23 yards (K.Crawford).
2026,WEEK 1,Sunday,September 13th,AZ,LAC,1st Quarter,2,Los Angeles Chargers,1,2,0,2 Yard Run,1st & 10 at LAC 23,08:45 1st,— O.Hampton left end to LAC 25 for 2 yards (R.Lopez).
2026,WEEK 1,Sunday,September 13th,AZ,LAC,1st Quarter,2,Los Angeles Chargers,1,3,0,18 Yard Pass,2nd & 8 at LAC 25,08:13 1st Shotgun,— J.Herbert pass deep middle to L.McConkey to LAC 43 for 18 yards (W.Johnson).
2026,WEEK 1,Sunday,September 13th,AZ,LAC,1st Quarter,2,Los Angeles Chargers,1,4,0,0 Yard Run,1st & 10 at LAC 43,07:34 1st,— O.Hampton right end to LAC 43 for no gain (Ma.Wilson).
2026,WEEK 1,Sunday,September 13th,AZ,LAC,1st Quarter,2,Los Angeles Chargers,1,5,0,23 Yard Pass,2nd & 10 at LAC 43,06:57 1st Shotgun,— J.Herbert pass deep middle to L.McConkey to AZ 34 for 23 yards (B.Baker).
2026,WEEK 1,Sunday,September 13th,AZ,LAC,1st Quarter,2,Los Angeles Chargers,1,6,0,19 Yard Pass,1st & 10 at AZ 34,06:16 1st Shotgun,— J.Herbert pass short middle to L.McConkey to AZ 15 for 19 yards (B.Baker).
2026,WEEK 1,Sunday,September 13th,AZ,LAC,1st Quarter,2,Los Angeles Chargers,1,7,0,2 Yard Run,1st & 10 at AZ 15,05:38 1st Shotgun,— K.Mitchell right end to AZ 13 for 2 yards (J.Gibbens).
2026,WEEK 1,Sunday,September 13th,AZ,LAC,1st Quarter,2,Los Angeles Chargers,1,8,0,5 Yard Run,2nd & 8 at AZ 13,05:08 1st Shotgun,— J.Herbert scrambles up the middle to AZ 8 for 5 yards (J.Burch).
2026,WEEK 1,Sunday,September 13th,AZ,LAC,1st Quarter,2,Los Angeles Chargers,1,9,1,Touchdown,3rd & 3 at AZ 8,04:29 1st Shotgun,"— O.Hampton up the middle for 8 yards, TOUCHDOWN."
2026,WEEK 1,Sunday,September 13th,AZ,LAC,1st Quarter,2,Los Angeles Chargers,1,10,1,Extra Point,,04:22 1st,"— C.Dicker extra point is GOOD, Center-J.Harris, Holder-J.Scott."
2026,WEEK 1,Sunday,September 13th,AZ,LAC,2nd Quarter,1,Arizona Cardinals,0,1,0,Kickoff from LAC 35,,Kickoff,— C.Dicker kicks 59 yards from LAC 35 to AZ 6. D.Duvernay to AZ 30 for 24 yards (D.Phillips).
2026,WEEK 1,Sunday,September 13th,AZ,LAC,2nd Quarter,1,Arizona Cardinals,0,2,0,1 Yard Run,1st & 10 at AZ 30,04:16 1st Shotgun,— T.Allgeier left tackle to AZ 31 for 1 yard (D.James; D.Tomlinson).
2026,WEEK 1,Sunday,September 13th,AZ,LAC,2nd Quarter,1,Arizona Cardinals,0,3,0,10 Yard Pass,2nd & 9 at AZ 31,03:37 1st Shotgun,— J.Brissett pass short right to K.Bourne to AZ 41 for 10 yards (D.James).
2026,WEEK 1,Sunday,September 13th,AZ,LAC,2nd Quarter,1,Arizona Cardinals,0,4,0,-10 Yard Penalty,1st & 10 at AZ 41,02:59 1st,"— J.Brissett pass short middle to Mi.Wilson to AZ 47 for 6 yards (D.Phillips). PENALTY on AZ-H.Froholdt, Offensive Holding, 10 yards, enforced at AZ 41 - No Play."
2026,WEEK 1,Sunday,September 13th,AZ,LAC,2nd Quarter,1,Arizona Cardinals,0,5,0,17 Yard Pass,1st & 20 at AZ 31,02:35 1st Shotgun,— J.Brissett pass short middle to T.McBride to AZ 48 for 17 yards (D.Henley; E.Molden).
2026,WEEK 1,Sunday,September 13th,AZ,LAC,2nd Quarter,1,Arizona Cardinals,0,6,0,10 Yard Pass,2nd & 3 at AZ 48,01:56 1st,— J.Brissett pass short right to T.McBride to LAC 42 for 10 yards (D.Henley).
2026,WEEK 1,Sunday,September 13th,AZ,LAC,2nd Quarter,1,Arizona Cardinals,0,7,0,1 Yard Run,1st & 10 at LAC 42,01:10 1st,— J.Williams reported in as eligible. J.Love left tackle to LAC 41 for 1 yard (J.Caldwell).
2026,WEEK 1,Sunday,September 13th,AZ,LAC,2nd Quarter,1,Arizona Cardinals,0,8,0,5 Yard Pass,2nd & 9 at LAC 41,00:31 1st Shotgun,— J.Brissett pass short middle to J.Love to LAC 36 for 5 yards (D.James).
2026,WEEK 1,Sunday,September 13th,AZ,LAC,2nd Quarter,1,Arizona Cardinals,0,9,0,Pass Incomplete,3rd & 4 at LAC 36,15:00 2nd Shotgun,— J.Brissett pass incomplete deep left to Mi.Wilson (C.Hart).
2026,WEEK 1,Sunday,September 13th,AZ,LAC,2nd Quarter,1,Arizona Cardinals,0,10,0,Field Goal No Good,4th & 4 at LAC 36,14:55 2nd,"— C.Ryland 54 yard field goal is No Good, Hit Right Upright, Center-C.Kreiter, Holder-B.Gillikin."
2026,WEEK 1,Sunday,September 13th,AZ,LAC,2nd Quarter,2,Los Angeles Chargers,0,1,0,14 Yard Run,1st & 10 at LAC 44,14:51 2nd,— O.Hampton right end to AZ 42 for 14 yards (J.Gibbens).
2026,WEEK 1,Sunday,September 13th,AZ,LAC,2nd Quarter,2,Los Angeles Chargers,0,2,0,12 Yard Pass,1st & 10 at AZ 42,14:08 2nd Shotgun,— J.Herbert pass short right to D.Njoku pushed ob at AZ 30 for 12 yards (J.Gibbens).
2026,WEEK 1,Sunday,September 13th,AZ,LAC,2nd Quarter,2,Los Angeles Chargers,0,3,0,Pass Incomplete,1st & 10 at AZ 30,13:42 2nd,— J.Herbert pass incomplete short right to Q.Johnston (M.Melton).
2026,WEEK 1,Sunday,September 13th,AZ,LAC,2nd Quarter,2,Los Angeles Chargers,0,4,0,Fumble,2nd & 10 at AZ 30,13:37 2nd Shotgun,"— O.Hampton left end to AZ 31 for -1 yards (A.Wingard). FUMBLES (A.Wingard), RECOVERED by AZ-W.Johnson at AZ 34."
2026,WEEK 1,Sunday,September 13th,AZ,LAC,2nd Quarter,3,Arizona Cardinals,1,1,0,9 Yard Pass,1st & 10 at AZ 34,13:22 2nd,— J.Brissett pass short left to K.Bourne to AZ 43 for 9 yards (T.Still; T.Dye).
2026,WEEK 1,Sunday,September 13th,AZ,LAC,2nd Quarter,3,Arizona Cardinals,1,2,0,-4 Yard Penalty,2nd & 1 at AZ 43,12:43 2nd,"— PENALTY on AZ-H.Long, False Start, 4 yards, enforced at AZ 43 - No Play."
2026,WEEK 1,Sunday,September 13th,AZ,LAC,2nd Quarter,3,Arizona Cardinals,1,3,0,18 Yard Run,2nd & 5 at AZ 39,12:35 2nd,— J.Love right end pushed ob at LAC 43 for 18 yards (D.Henley).
2026,WEEK 1,Sunday,September 13th,AZ,LAC,2nd Quarter,3,Arizona Cardinals,1,4,0,4 Yard Pass,1st & 10 at LAC 43,11:58 2nd,— J.Williams reported in as eligible. J.Brissett pass short right to J.Love to LAC 39 for 4 yards (T.Dye) [J.Caldwell].
2026,WEEK 1,Sunday,September 13th,AZ,LAC,2nd Quarter,3,Arizona Cardinals,1,5,0,5 Yard Run,2nd & 6 at LAC 39,11:19 2nd,— J.Love right tackle to LAC 34 for 5 yards (T.Dye).
2026,WEEK 1,Sunday,September 13th,AZ,LAC,2nd Quarter,3,Arizona Cardinals,1,6,0,4 Yard Run,3rd & 1 at LAC 34,10:58 2nd No Huddle,— J.Brissett left guard to LAC 30 for 4 yards (D.James). LAC-J.Caldwell was injured during the play.
2026,WEEK 1,Sunday,September 13th,AZ,LAC,2nd Quarter,3,Arizona Cardinals,1,7,0,-5 Yard Penalty,1st & 10 at LAC 30,10:31 2nd,"— PENALTY on AZ-E.Wilkinson, False Start, 5 yards, enforced at LAC 30 - No Play."
2026,WEEK 1,Sunday,September 13th,AZ,LAC,2nd Quarter,3,Arizona Cardinals,1,8,0,1 Yard Run,1st & 15 at LAC 35,10:16 2nd Shotgun,— T.Allgeier right tackle to LAC 34 for 1 yard (D.Henley; A.Mesidor).
2026,WEEK 1,Sunday,September 13th,AZ,LAC,2nd Quarter,3,Arizona Cardinals,1,9,0,6 Yard Pass,2nd & 14 at LAC 34,09:39 2nd Shotgun,— J.Brissett pass short left to T.McBride to LAC 28 for 6 yards (D.James).
2026,WEEK 1,Sunday,September 13th,AZ,LAC,2nd Quarter,3,Arizona Cardinals,1,10,0,12 Yard Pass,3rd & 8 at LAC 28,08:59 2nd Shotgun,— J.Brissett pass short left to K.Bourne to LAC 16 for 12 yards (E.Molden).
2026,WEEK 1,Sunday,September 13th,AZ,LAC,2nd Quarter,3,Arizona Cardinals,1,11,0,3 Yard Run,1st & 10 at LAC 16,08:19 2nd,— T.Allgeier up the middle to LAC 13 for 3 yards (T.Tuipulotu).
2026,WEEK 1,Sunday,September 13th,AZ,LAC,2nd Quarter,3,Arizona Cardinals,1,12,0,4 Yard Pass,2nd & 7 at LAC 13,07:43 2nd Shotgun,— J.Brissett pass short right to T.Allgeier to LAC 9 for 4 yards (T.Jefferson).
2026,WEEK 1,Sunday,September 13th,AZ,LAC,2nd Quarter,3,Arizona Cardinals,1,13,0,Pass Incomplete,3rd & 3 at LAC 9,06:59 2nd Shotgun,— J.Brissett pass incomplete short right to T.McBride (T.Jefferson). ** Injury Update: LAC-J.Caldwell has returned to the game.
2026,WEEK 1,Sunday,September 13th,AZ,LAC,2nd Quarter,3,Arizona Cardinals,1,14,1,Field Goal,4th & 3 at LAC 9,06:54 2nd,"— C.Ryland 27 yard field goal is GOOD, Center-C.Kreiter, Holder-B.Gillikin."
2026,WEEK 1,Sunday,September 13th,AZ,LAC,2nd Quarter,4,Los Angeles Chargers,0,1,0,Kickoff from AZ 35,,Kickoff,— C.Ryland kicks 64 yards from AZ 35 to LAC 1. D.Davis to LAC 21 for 20 yards (K.Sharar).
2026,WEEK 1,Sunday,September 13th,AZ,LAC,2nd Quarter,4,Los Angeles Chargers,0,2,0,-10 Yard Penalty,1st & 10 at LAC 21,06:47 2nd Shotgun,"— J.Herbert pass short left to Q.Johnston to LAC 26 for 5 yards (J.Gibbens; B.Baker). PENALTY on LAC-R.Slater, Illegal Block Above the Waist, 10 yards, enforced at LAC 21 - No Play."
2026,WEEK 1,Sunday,September 13th,AZ,LAC,2nd Quarter,4,Los Angeles Chargers,0,3,0,24 Yard Penalty,1st & 20 at LAC 11,06:33 2nd Shotgun,"— J.Herbert pass incomplete deep right to L.McConkey. PENALTY on AZ-D.Burke, Defensive Pass Interference, 24 yards, enforced at LAC 11 - No Play."
2026,WEEK 1,Sunday,September 13th,AZ,LAC,2nd Quarter,4,Los Angeles Chargers,0,4,0,2 Yard Run,1st & 10 at LAC 35,06:29 2nd Shotgun,— K.Mitchell left tackle to LAC 37 for 2 yards (Z.Collins).
2026,WEEK 1,Sunday,September 13th,AZ,LAC,2nd Quarter,4,Los Angeles Chargers,0,5,0,14 Yard Pass,2nd & 8 at LAC 37,05:49 2nd Shotgun,— J.Herbert pass short right to L.McConkey to AZ 49 for 14 yards (D.Burke).
2026,WEEK 1,Sunday,September 13th,AZ,LAC,2nd Quarter,4,Los Angeles Chargers,0,6,0,2 Yard Run,1st & 10 at AZ 49,05:12 2nd Shotgun,— O.Hampton up the middle to AZ 47 for 2 yards (R.Lopez).
2026,WEEK 1,Sunday,September 13th,AZ,LAC,2nd Quarter,4,Los Angeles Chargers,0,7,0,26 Yard Pass,2nd & 8 at AZ 47,04:37 2nd Shotgun,— J.Herbert pass short left to O.Gadsden pushed ob at AZ 21 for 26 yards (A.Wingard).
2026,WEEK 1,Sunday,September 13th,AZ,LAC,2nd Quarter,4,Los Angeles Chargers,0,8,0,8 Yard Run,1st & 10 at AZ 21,04:06 2nd Shotgun,— K.Mitchell left end pushed ob at AZ 13 for 8 yards (K.Crawford).
2026,WEEK 1,Sunday,September 13th,AZ,LAC,2nd Quarter,4,Los Angeles Chargers,0,9,0,6 Yard Pass,2nd & 2 at AZ 13,03:35 2nd Shotgun,— J.Herbert pass short middle to D.Njoku to AZ 7 for 6 yards (Ma.Wilson).
2026,WEEK 1,Sunday,September 13th,AZ,LAC,2nd Quarter,4,Los Angeles Chargers,0,10,0,-3 Yard Run,1st & 7 at AZ 7,02:57 2nd,— K.Mitchell right end to AZ 10 for -3 yards (A.Wingard).
2026,WEEK 1,Sunday,September 13th,AZ,LAC,2nd Quarter,4,Los Angeles Chargers,0,11,0,Pass Incomplete,2nd & 10 at AZ 10,02:16 2nd Shotgun,— J.Herbert pass incomplete short left to L.McConkey.
2026,WEEK 1,Sunday,September 13th,AZ,LAC,2nd Quarter,4,Los Angeles Chargers,0,12,0,7 Yard Run,3rd & 10 at AZ 10,02:10 2nd Shotgun,— J.Herbert scrambles right end pushed ob at AZ 3 for 7 yards (J.Gibbens).
2026,WEEK 1,Sunday,September 13th,AZ,LAC,2nd Quarter,4,Los Angeles Chargers,0,13,0,Turnover on Downs,4th & 3 at AZ 3,02:00 2nd Shotgun,— J.Herbert sacked at AZ 13 for -10 yards (D.Stills).
2026,WEEK 1,Sunday,September 13th,AZ,LAC,2nd Quarter,5,Arizona Cardinals,1,1,0,8 Yard Run,1st & 10 at AZ 13,01:55 2nd Shotgun,— T.Allgeier up the middle to AZ 21 for 8 yards (D.Phillips).
2026,WEEK 1,Sunday,September 13th,AZ,LAC,2nd Quarter,5,Arizona Cardinals,1,2,0,14 Yard Pass,2nd & 2 at AZ 21,01:21 2nd Shotgun,— J.Brissett pass short middle to T.McBride to AZ 35 for 14 yards (D.James).
2026,WEEK 1,Sunday,September 13th,AZ,LAC,2nd Quarter,5,Arizona Cardinals,1,3,0,9 Yard Pass,1st & 10 at AZ 35,"01:02 2nd No Huddle, Shotgun",— J.Brissett pass short right to Mi.Wilson to AZ 44 for 9 yards (D.Jackson).
2026,WEEK 1,Sunday,September 13th,AZ,LAC,2nd Quarter,5,Arizona Cardinals,1,4,0,24 Yard Penalty,2nd & 1 at AZ 44,"00:37 2nd No Huddle, Shotgun","— J.Brissett pass incomplete deep right to Mi.Wilson. PENALTY on LAC-D.Jackson, Defensive Pass Interference, 24 yards, enforced at AZ 44 - No Play."
2026,WEEK 1,Sunday,September 13th,AZ,LAC,2nd Quarter,5,Arizona Cardinals,1,5,0,10 Yard Pass,1st & 10 at LAC 32,00:32 2nd Shotgun,— J.Brissett pass short right to Mi.Wilson to LAC 22 for 10 yards (D.Jackson).
2026,WEEK 1,Sunday,September 13th,AZ,LAC,2nd Quarter,5,Arizona Cardinals,1,6,0,Timeout,,00:26 2nd,— Timeout #2 by AZ at 00:26.
2026,WEEK 1,Sunday,September 13th,AZ,LAC,2nd Quarter,5,Arizona Cardinals,1,7,0,Pass Incomplete,1st & 10 at LAC 22,00:26 2nd Shotgun,— J.Brissett pass incomplete short right to T.McBride.
2026,WEEK 1,Sunday,September 13th,AZ,LAC,2nd Quarter,5,Arizona Cardinals,1,8,0,11 Yard Pass,2nd & 10 at LAC 22,00:21 2nd Shotgun,— J.Brissett pass short left to K.Bourne to LAC 11 for 11 yards (D.James).
2026,WEEK 1,Sunday,September 13th,AZ,LAC,2nd Quarter,5,Arizona Cardinals,1,9,0,Timeout,,00:16 2nd,— Timeout #3 by AZ at 00:16.
2026,WEEK 1,Sunday,September 13th,AZ,LAC,2nd Quarter,5,Arizona Cardinals,1,10,0,Pass Incomplete,1st & 10 at LAC 11,00:16 2nd Shotgun,— J.Brissett pass incomplete short left to T.McBride (T.Tuipulotu).
2026,WEEK 1,Sunday,September 13th,AZ,LAC,2nd Quarter,5,Arizona Cardinals,1,11,0,Timeout,,00:09 2nd,— Timeout #1 by LAC at 00:09.
2026,WEEK 1,Sunday,September 13th,AZ,LAC,2nd Quarter,5,Arizona Cardinals,1,12,0,-15 Yard Penalty,2nd & 10 at LAC 11,00:09 2nd Shotgun,"— J.Brissett pass incomplete short right to M.Harrison. PENALTY on AZ-P.Johnson, Face Mask, 15 yards, enforced at LAC 11 - No Play."
2026,WEEK 1,Sunday,September 13th,AZ,LAC,2nd Quarter,5,Arizona Cardinals,1,13,1,Field Goal,2nd & 25 at LAC 26,00:04 2nd,"— C.Ryland 44 yard field goal is GOOD, Center-C.Kreiter, Holder-B.Gillikin."
2026,WEEK 1,Sunday,September 13th,AZ,LAC,3rd Quarter,1,Los Angeles Chargers,0,1,0,Kickoff from AZ 35,,Kickoff,— C.Ryland kicks 66 yards from AZ 35 to LAC -1. K.Mitchell to LAC 23 for 24 yards (S.Fehoko; K.Crawford).
2026,WEEK 1,Sunday,September 13th,AZ,LAC,3rd Quarter,1,Los Angeles Chargers,0,2,0,8 Yard Pass,1st & 10 at LAC 23,14:55 3rd,— J.Herbert pass short left to Q.Johnston to LAC 31 for 8 yards (Z.Collins).
2026,WEEK 1,Sunday,September 13th,AZ,LAC,3rd Quarter,1,Los Angeles Chargers,0,3,0,6 Yard Run,2nd & 2 at LAC 31,14:16 3rd,— O.Hampton right end pushed ob at LAC 37 for 6 yards (B.Baker).
2026,WEEK 1,Sunday,September 13th,AZ,LAC,3rd Quarter,1,Los Angeles Chargers,0,4,0,Timeout,,13:38 3rd,— Timeout #1 by LAC at 13:38.
2026,WEEK 1,Sunday,September 13th,AZ,LAC,3rd Quarter,1,Los Angeles Chargers,0,5,0,6 Yard Run,1st & 10 at LAC 37,13:38 3rd Shotgun,— O.Hampton up the middle to LAC 43 for 6 yards (Ma.Wilson; R.Lopez).
2026,WEEK 1,Sunday,September 13th,AZ,LAC,3rd Quarter,1,Los Angeles Chargers,0,6,0,-5 Yard Penalty,2nd & 4 at LAC 43,13:03 3rd Shotgun,"— PENALTY on LAC-J.Alt, False Start, 5 yards, enforced at LAC 43 - No Play."
2026,WEEK 1,Sunday,September 13th,AZ,LAC,3rd Quarter,1,Los Angeles Chargers,0,7,0,4 Yard Run,2nd & 9 at LAC 38,12:57 3rd Shotgun,— J.Herbert scrambles up the middle to LAC 42 for 4 yards (J.Burch).
2026,WEEK 1,Sunday,September 13th,AZ,LAC,3rd Quarter,1,Los Angeles Chargers,0,8,0,Pass Incomplete,3rd & 5 at LAC 42,12:17 3rd Shotgun,— J.Herbert pass incomplete short middle to T.Harris (M.Melton).
2026,WEEK 1,Sunday,September 13th,AZ,LAC,3rd Quarter,1,Los Angeles Chargers,0,9,0,Punt,4th & 5 at LAC 42,12:14 3rd,"— J.Scott punts 48 yards to AZ 10, Center-J.Harris, fair catch by D.Duvernay."
2026,WEEK 1,Sunday,September 13th,AZ,LAC,3rd Quarter,2,Arizona Cardinals,1,1,0,2 Yard Run,1st & 10 at AZ 10,12:06 3rd,— J.Love right tackle to AZ 12 for 2 yards (D.Phillips).
2026,WEEK 1,Sunday,September 13th,AZ,LAC,3rd Quarter,2,Arizona Cardinals,1,2,0,33 Yard Pass,2nd & 8 at AZ 12,11:27 3rd Shotgun,— J.Brissett pass deep left to M.Harrison to AZ 45 for 33 yards (C.Hart) [D.Phillips].
2026,WEEK 1,Sunday,September 13th,AZ,LAC,3rd Quarter,2,Arizona Cardinals,1,3,0,0 Yard Run,1st & 10 at AZ 45,10:40 3rd Shotgun,— J.Williams reported in as eligible. J.Love right end to AZ 45 for no gain (D.Tomlinson; D.Phillips).
2026,WEEK 1,Sunday,September 13th,AZ,LAC,3rd Quarter,2,Arizona Cardinals,1,4,0,13 Yard Pass,2nd & 10 at AZ 45,10:00 3rd Shotgun,— J.Brissett pass short left to K.Bourne to LAC 42 for 13 yards (C.Hart).
2026,WEEK 1,Sunday,September 13th,AZ,LAC,3rd Quarter,2,Arizona Cardinals,1,5,0,17 Yard Pass,1st & 10 at LAC 42,09:21 3rd Shotgun,— J.Brissett pass deep right to Mi.Wilson pushed ob at LAC 25 for 17 yards (T.Still).
2026,WEEK 1,Sunday,September 13th,AZ,LAC,3rd Quarter,2,Arizona Cardinals,1,6,0,11 Yard Run,1st & 10 at LAC 25,08:48 3rd,— T.Allgeier right end to LAC 14 for 11 yards (J.Caldwell; E.Molden).
2026,WEEK 1,Sunday,September 13th,AZ,LAC,3rd Quarter,2,Arizona Cardinals,1,7,0,-1 Yard Run,1st & 10 at LAC 14,08:13 3rd,— T.Allgeier up the middle to LAC 15 for -1 yards (K.Mack).
2026,WEEK 1,Sunday,September 13th,AZ,LAC,3rd Quarter,2,Arizona Cardinals,1,8,0,Pass Incomplete,2nd & 11 at LAC 15,07:34 3rd Shotgun,— J.Brissett pass incomplete short right to J.Love.
2026,WEEK 1,Sunday,September 13th,AZ,LAC,3rd Quarter,2,Arizona Cardinals,1,9,0,Pass Incomplete,3rd & 11 at LAC 15,07:32 3rd Shotgun,— J.Brissett pass incomplete short middle to T.McBride (D.James) [T.Tuipulotu].
2026,WEEK 1,Sunday,September 13th,AZ,LAC,3rd Quarter,2,Arizona Cardinals,1,10,1,Field Goal,4th & 11 at LAC 15,07:29 3rd,"— C.Ryland 34 yard field goal is GOOD, Center-C.Kreiter, Holder-B.Gillikin."
2026,WEEK 1,Sunday,September 13th,AZ,LAC,3rd Quarter,3,Los Angeles Chargers,1,1,0,Kickoff from AZ 35,,Kickoff,"— C.Ryland kicks 55 yards from AZ 35 to LAC 10, out of bounds. PENALTY on AZ-C.Ryland, Kickoff Out of Bounds, placed at LAC 40."
2026,WEEK 1,Sunday,September 13th,AZ,LAC,3rd Quarter,3,Los Angeles Chargers,1,2,0,48 Yard Penalty,1st & 10 at LAC 40,07:25 3rd,"— J.Herbert pass incomplete deep left to T.Harris. PENALTY on AZ-M.Melton, Defensive Pass Interference, 48 yards, enforced at LAC 40 - No Play."
2026,WEEK 1,Sunday,September 13th,AZ,LAC,3rd Quarter,3,Los Angeles Chargers,1,3,0,2 Yard Run,1st & 10 at AZ 12,07:18 3rd,— O.Hampton right guard to AZ 10 for 2 yards (Z.Collins).
2026,WEEK 1,Sunday,September 13th,AZ,LAC,3rd Quarter,3,Los Angeles Chargers,1,4,0,2 Yard Run,2nd & 8 at AZ 10,06:41 3rd,— J.Herbert scrambles right end pushed ob at AZ 8 for 2 yards (W.Johnson).
2026,WEEK 1,Sunday,September 13th,AZ,LAC,3rd Quarter,3,Los Angeles Chargers,1,5,1,Touchdown,3rd & 6 at AZ 8,06:07 3rd Shotgun,"— J.Herbert pass short right to L.McConkey for 8 yards, TOUCHDOWN."
2026,WEEK 1,Sunday,September 13th,AZ,LAC,3rd Quarter,3,Los Angeles Chargers,1,6,1,Extra Point,,06:03 3rd,"— C.Dicker extra point is GOOD, Center-J.Harris, Holder-J.Scott."
2026,WEEK 1,Sunday,September 13th,AZ,LAC,3rd Quarter,4,Arizona Cardinals,0,1,0,Kickoff from LAC 35,,Kickoff,— C.Dicker kicks 64 yards from LAC 35 to AZ 1. D.Duvernay to AZ 21 for 20 yards (J.Eboigbe; B.Dupree).
2026,WEEK 1,Sunday,September 13th,AZ,LAC,3rd Quarter,4,Arizona Cardinals,0,2,0,Pass Incomplete,1st & 10 at AZ 21,05:58 3rd,— J.Brissett pass incomplete short right to Mi.Wilson.
2026,WEEK 1,Sunday,September 13th,AZ,LAC,3rd Quarter,4,Arizona Cardinals,0,3,0,6 Yard Pass,2nd & 10 at AZ 21,05:56 3rd Shotgun,— J.Brissett pass short right to Mi.Wilson to AZ 27 for 6 yards (C.Hart; D.James).
2026,WEEK 1,Sunday,September 13th,AZ,LAC,3rd Quarter,4,Arizona Cardinals,0,4,0,14 Yard Pass,3rd & 4 at AZ 27,"05:33 3rd No Huddle, Shotgun","— J.Brissett pass short right to Mi.Wilson to AZ 41 for 14 yards (C.Hart) [T.Tuipulotu]. Penalty on LAC, Defensive Too Many Men on Field, declined."
2026,WEEK 1,Sunday,September 13th,AZ,LAC,3rd Quarter,4,Arizona Cardinals,0,5,0,3 Yard Run,1st & 10 at AZ 41,05:12 3rd,— J.Love right end to AZ 44 for 3 yards (D.Henley; J.Eboigbe).
2026,WEEK 1,Sunday,September 13th,AZ,LAC,3rd Quarter,4,Arizona Cardinals,0,6,0,7 Yard Pass,2nd & 7 at AZ 44,04:31 3rd Shotgun,— J.Brissett pass short right to T.McBride to LAC 49 for 7 yards (D.Henley; T.Tuipulotu). The first down was assisted by replay.
2026,WEEK 1,Sunday,September 13th,AZ,LAC,3rd Quarter,4,Arizona Cardinals,0,7,0,-5 Yard Penalty,1st & 10 at LAC 49,03:46 3rd,"— PENALTY on AZ-P.Johnson, False Start, 5 yards, enforced at LAC 49 - No Play."
2026,WEEK 1,Sunday,September 13th,AZ,LAC,3rd Quarter,4,Arizona Cardinals,0,8,0,Pass Incomplete,1st & 15 at AZ 46,03:32 3rd,— J.Brissett pass incomplete short middle to J.Love.
2026,WEEK 1,Sunday,September 13th,AZ,LAC,3rd Quarter,4,Arizona Cardinals,0,9,0,Pass Incomplete,2nd & 15 at AZ 46,"03:27 3rd No Huddle, Shotgun",— J.Brissett pass incomplete deep left to M.Harrison.
2026,WEEK 1,Sunday,September 13th,AZ,LAC,3rd Quarter,4,Arizona Cardinals,0,10,0,5 Yard Pass,3rd & 15 at AZ 46,03:18 3rd Shotgun,— J.Brissett pass short right to T.McBride to LAC 49 for 5 yards (G.Smith).
2026,WEEK 1,Sunday,September 13th,AZ,LAC,3rd Quarter,4,Arizona Cardinals,0,11,0,Punt,4th & 10 at LAC 49,02:44 3rd,"— B.Gillikin punts 37 yards to LAC 12, Center-C.Kreiter, fair catch by D.Davis."
2026,WEEK 1,Sunday,September 13th,AZ,LAC,3rd Quarter,5,Los Angeles Chargers,0,1,0,6 Yard Pass,1st & 10 at LAC 12,02:37 3rd,— J.Herbert pass short right to T.Harris pushed ob at LAC 18 for 6 yards (D.Burke).
2026,WEEK 1,Sunday,September 13th,AZ,LAC,3rd Quarter,5,Los Angeles Chargers,0,2,0,6 Yard Run,2nd & 4 at LAC 18,02:06 3rd,— O.Hampton up the middle to LAC 24 for 6 yards (Ma.Wilson; D.Robinson).
2026,WEEK 1,Sunday,September 13th,AZ,LAC,3rd Quarter,5,Los Angeles Chargers,0,3,0,-5 Yard Penalty,1st & 10 at LAC 24,01:22 3rd,"— PENALTY on LAC-C.Kolar, False Start, 5 yards, enforced at LAC 24 - No Play."
2026,WEEK 1,Sunday,September 13th,AZ,LAC,3rd Quarter,5,Los Angeles Chargers,0,4,0,Pass Incomplete,1st & 15 at LAC 19,01:05 3rd Shotgun,— J.Herbert pass incomplete short right to T.Harris.
2026,WEEK 1,Sunday,September 13th,AZ,LAC,3rd Quarter,5,Los Angeles Chargers,0,5,0,-1 Yard Run,2nd & 15 at LAC 19,01:03 3rd,"— O.Hampton right end to LAC 18 for -1 yards (J.Sweat, L.Collier)."
2026,WEEK 1,Sunday,September 13th,AZ,LAC,3rd Quarter,5,Los Angeles Chargers,0,6,0,Pass Incomplete,3rd & 16 at LAC 18,00:23 3rd Shotgun,— J.Herbert pass incomplete short right to L.McConkey (Ma.Wilson). LAC-L.McConkey was injured during the play.
2026,WEEK 1,Sunday,September 13th,AZ,LAC,3rd Quarter,5,Los Angeles Chargers,0,7,0,Punt,4th & 16 at LAC 18,00:18 3rd,"— J.Scott punts 51 yards to AZ 31, Center-J.Harris, fair catch by D.Duvernay."
2026,WEEK 1,Sunday,September 13th,AZ,LAC,4th Quarter,1,Arizona Cardinals,0,1,0,0 Yard Run,1st & 10 at AZ 31,00:11 3rd,— J.Love up the middle to AZ 31 for no gain (J.Caldwell; D.Phillips).
2026,WEEK 1,Sunday,September 13th,AZ,LAC,4th Quarter,1,Arizona Cardinals,0,2,0,5 Yard Pass,2nd & 10 at AZ 31,15:00 4th Shotgun,— J.Brissett pass short middle to K.Bourne to AZ 36 for 5 yards (G.Smith).
2026,WEEK 1,Sunday,September 13th,AZ,LAC,4th Quarter,1,Arizona Cardinals,0,3,0,4 Yard Pass,3rd & 5 at AZ 36,14:21 4th Shotgun,— J.Brissett pass short middle to K.Bourne to AZ 40 for 4 yards (C.Hart). LAC-C.Hart was injured during the play.
2026,WEEK 1,Sunday,September 13th,AZ,LAC,4th Quarter,1,Arizona Cardinals,0,4,0,Punt,4th & 1 at AZ 40,14:04 4th,"— B.Gillikin punts 60 yards to end zone, Center-C.Kreiter, Touchback."
2026,WEEK 1,Sunday,September 13th,AZ,LAC,4th Quarter,2,Los Angeles Chargers,0,1,0,-4 Yard Sack,1st & 10 at LAC 20,13:55 4th Shotgun,— J.Herbert sacked at LAC 16 for -4 yards (J.Burch).
2026,WEEK 1,Sunday,September 13th,AZ,LAC,4th Quarter,2,Los Angeles Chargers,0,2,0,3 Yard Pass,2nd & 14 at LAC 16,13:13 4th Shotgun,— J.Herbert pass short left to T.Harris to LAC 19 for 3 yards (M.Melton; J.Sweat) [E.Leota].
2026,WEEK 1,Sunday,September 13th,AZ,LAC,4th Quarter,2,Los Angeles Chargers,0,3,0,Pass Incomplete,3rd & 11 at LAC 19,12:32 4th Shotgun,— J.Herbert pass incomplete deep right to Q.Johnston.
2026,WEEK 1,Sunday,September 13th,AZ,LAC,4th Quarter,2,Los Angeles Chargers,0,4,0,Punt,4th & 11 at LAC 19,12:28 4th,"— J.Scott punt is BLOCKED by S.Fehoko, Center-J.Harris, recovered by LAC-A.Ingold at LAC 3."
2026,WEEK 1,Sunday,September 13th,AZ,LAC,4th Quarter,3,Arizona Cardinals,1,1,0,0 Yard Run,1st & 3 at LAC 3,12:21 4th,— J.Williams reported in as eligible. T.Allgeier up the middle to LAC 3 for no gain (T.Tart; T.Jefferson). ** Injury Update: LAC-C.Hart has returned to the game.
2026,WEEK 1,Sunday,September 13th,AZ,LAC,4th Quarter,3,Arizona Cardinals,1,2,1,Touchdown,2nd & 3 at LAC 3,11:48 4th Shotgun,"— J.Brissett pass short left to T.McBride for 3 yards, TOUCHDOWN."
2026,WEEK 1,Sunday,September 13th,AZ,LAC,4th Quarter,3,Arizona Cardinals,1,3,1,Extra Point,,11:44 4th,"— C.Ryland extra point is GOOD, Center-C.Kreiter, Holder-B.Gillikin."
2026,WEEK 1,Sunday,September 13th,AZ,LAC,4th Quarter,4,Los Angeles Chargers,0,1,0,Kickoff from AZ 35,,Kickoff,— C.Ryland kicks 62 yards from AZ 35 to LAC 3. D.Davis to LAC 16 for 13 yards (K.Sharar).
2026,WEEK 1,Sunday,September 13th,AZ,LAC,4th Quarter,4,Los Angeles Chargers,0,2,0,9 Yard Pass,1st & 10 at LAC 16,11:39 4th Shotgun,— J.Herbert pass short left to Q.Johnston to LAC 25 for 9 yards (D.Burke).
2026,WEEK 1,Sunday,September 13th,AZ,LAC,4th Quarter,4,Los Angeles Chargers,0,3,0,2 Yard Run,2nd & 1 at LAC 25,11:13 4th Shotgun,— O.Hampton up the middle to LAC 27 for 2 yards (R.Lopez; W.Nolen).
2026,WEEK 1,Sunday,September 13th,AZ,LAC,4th Quarter,4,Los Angeles Chargers,0,4,0,13 Yard Pass,1st & 10 at LAC 27,10:33 4th Shotgun,— J.Herbert pass short middle to D.Njoku to LAC 40 for 13 yards (J.Gibbens; Ma.Wilson).
2026,WEEK 1,Sunday,September 13th,AZ,LAC,4th Quarter,4,Los Angeles Chargers,0,5,0,Interception,1st & 10 at LAC 40,09:50 4th Shotgun,"— J.Herbert pass deep right intended for D.Davis INTERCEPTED by A.Wingard at AZ 5. A.Wingard to AZ 5 for no gain (D.Davis). Penalty on LAC-C.Strange, Offensive Holding, declined."
2026,WEEK 1,Sunday,September 13th,AZ,LAC,4th Quarter,5,Arizona Cardinals,0,1,0,2 Yard Run,1st & 10 at AZ 5,09:39 4th,— T.Allgeier right guard to AZ 7 for 2 yards (T.Tart).
2026,WEEK 1,Sunday,September 13th,AZ,LAC,4th Quarter,5,Arizona Cardinals,0,2,0,4 Yard Run,2nd & 8 at AZ 7,09:07 4th,— T.Allgeier left end to AZ 11 for 4 yards (D.James; G.Smith).
2026,WEEK 1,Sunday,September 13th,AZ,LAC,4th Quarter,5,Arizona Cardinals,0,3,0,6 Yard Pass,3rd & 4 at AZ 11,08:28 4th Shotgun,— J.Brissett pass short right to T.McBride to AZ 17 for 6 yards (D.James).
2026,WEEK 1,Sunday,September 13th,AZ,LAC,4th Quarter,5,Arizona Cardinals,0,4,0,7 Yard Run,1st & 10 at AZ 17,07:47 4th,— T.Allgeier left end to AZ 24 for 7 yards (G.Smith).
2026,WEEK 1,Sunday,September 13th,AZ,LAC,4th Quarter,5,Arizona Cardinals,0,5,0,7 Yard Run,2nd & 3 at AZ 24,07:03 4th,— T.Allgeier right guard to AZ 31 for 7 yards (T.Dye).
2026,WEEK 1,Sunday,September 13th,AZ,LAC,4th Quarter,5,Arizona Cardinals,0,6,0,4 Yard Run,1st & 10 at AZ 31,06:20 4th,— T.Allgeier up the middle to AZ 35 for 4 yards (J.Caldwell).
2026,WEEK 1,Sunday,September 13th,AZ,LAC,4th Quarter,5,Arizona Cardinals,0,7,0,4 Yard Run,2nd & 6 at AZ 35,05:39 4th,— J.Love up the middle to AZ 39 for 4 yards (G.Smith).
2026,WEEK 1,Sunday,September 13th,AZ,LAC,4th Quarter,5,Arizona Cardinals,0,8,0,Sack,3rd & 2 at AZ 39,04:57 4th,— J.Williams reported in as eligible. J.Brissett sacked at AZ 39 for 0 yards (sack split by T.Dye and D.Henley).
2026,WEEK 1,Sunday,September 13th,AZ,LAC,4th Quarter,5,Arizona Cardinals,0,9,0,Punt,4th & 2 at AZ 39,04:51 4th,"— B.Gillikin punts 61 yards to end zone, Center-C.Kreiter, Touchback."
2026,WEEK 1,Sunday,September 13th,AZ,LAC,4th Quarter,6,Los Angeles Chargers,0,1,0,11 Yard Run,1st & 10 at LAC 20,04:44 4th Shotgun,— J.Herbert scrambles left end pushed ob at LAC 31 for 11 yards (J.Gibbens).
2026,WEEK 1,Sunday,September 13th,AZ,LAC,4th Quarter,6,Los Angeles Chargers,0,2,0,Pass Incomplete,1st & 10 at LAC 31,04:36 4th Shotgun,— J.Herbert pass incomplete short left to Q.Johnston (D.Stills).
2026,WEEK 1,Sunday,September 13th,AZ,LAC,4th Quarter,6,Los Angeles Chargers,0,3,0,-5 Yard Penalty,2nd & 10 at LAC 31,04:33 4th Shotgun,"— PENALTY on LAC-J.Slaughter, False Start, 5 yards, enforced at LAC 31 - No Play."
2026,WEEK 1,Sunday,September 13th,AZ,LAC,4th Quarter,6,Los Angeles Chargers,0,4,0,-5 Yard Penalty,2nd & 15 at LAC 26,04:33 4th Shotgun,"— PENALTY on LAC-Q.Johnston, False Start, 5 yards, enforced at LAC 26 - No Play."
2026,WEEK 1,Sunday,September 13th,AZ,LAC,4th Quarter,6,Los Angeles Chargers,0,5,0,-10 Yard Penalty,2nd & 20 at LAC 21,04:33 4th Shotgun,"— J.Herbert pass short left to K.Mitchell to LAC 25 for 4 yards (Ma.Wilson). PENALTY on LAC-J.Slaughter, Offensive Holding, 10 yards, enforced at LAC 21 - No Play."
2026,WEEK 1,Sunday,September 13th,AZ,LAC,4th Quarter,6,Los Angeles Chargers,0,6,0,Pass Incomplete,2nd & 30 at LAC 11,04:28 4th Shotgun,— J.Herbert pass incomplete deep right to T.Harris (K.Clark).
2026,WEEK 1,Sunday,September 13th,AZ,LAC,4th Quarter,6,Los Angeles Chargers,0,7,0,Timeout,,04:24 4th,— Timeout #2 by LAC at 04:24.
2026,WEEK 1,Sunday,September 13th,AZ,LAC,4th Quarter,6,Los Angeles Chargers,0,8,0,12 Yard Pass,3rd & 30 at LAC 11,04:24 4th Shotgun,— J.Herbert pass short right to D.Njoku pushed ob at LAC 23 for 12 yards (D.Burke).
2026,WEEK 1,Sunday,September 13th,AZ,LAC,4th Quarter,6,Los Angeles Chargers,0,9,0,Turnover on Downs,4th & 18 at LAC 23,04:17 4th Shotgun,"— J.Herbert pass short right to D.Njoku to LAC 38 for 15 yards (W.Johnson; A.Wingard). Penalty on LAC-D.Njoku, Offensive Pass Interference, declined."
2026,WEEK 1,Sunday,September 13th,AZ,LAC,4th Quarter,7,Arizona Cardinals,1,1,0,2 Yard Run,1st & 10 at LAC 38,04:09 4th,— T.Allgeier up the middle to LAC 36 for 2 yards (D.Phillips; K.Mack).
2026,WEEK 1,Sunday,September 13th,AZ,LAC,4th Quarter,7,Arizona Cardinals,1,2,0,Timeout,,04:06 4th,— Timeout #3 by LAC at 04:06.
2026,WEEK 1,Sunday,September 13th,AZ,LAC,4th Quarter,7,Arizona Cardinals,1,3,0,3 Yard Run,2nd & 8 at LAC 36,04:06 4th,— T.Allgeier up the middle to LAC 33 for 3 yards (T.Still; D.Tomlinson).
2026,WEEK 1,Sunday,September 13th,AZ,LAC,4th Quarter,7,Arizona Cardinals,1,4,0,3 Yard Run,3rd & 5 at LAC 33,03:21 4th,— T.Allgeier up the middle to LAC 30 for 3 yards (J.Eboigbe).
2026,WEEK 1,Sunday,September 13th,AZ,LAC,4th Quarter,7,Arizona Cardinals,1,5,1,Field Goal,4th & 2 at LAC 30,02:37 4th,"— C.Ryland 49 yard field goal is GOOD, Center-C.Kreiter, Holder-B.Gillikin."
2026,WEEK 1,Sunday,September 13th,AZ,LAC,4th Quarter,8,Los Angeles Chargers,0,1,0,Kickoff from AZ 35,,Kickoff,"— C.Ryland kicks 65 yards from AZ 35 to end zone, Touchback to the LAC 35."
2026,WEEK 1,Sunday,September 13th,AZ,LAC,4th Quarter,8,Los Angeles Chargers,0,2,0,-8 Yard Sack,1st & 10 at LAC 35,02:33 4th Shotgun,— J.Herbert sacked at LAC 27 for -8 yards (sack split by B.Baker and J.Gibbens).
2026,WEEK 1,Sunday,September 13th,AZ,LAC,4th Quarter,8,Los Angeles Chargers,0,3,0,Pass Incomplete,2nd & 18 at LAC 27,"02:07 4th No Huddle, Shotgun",— J.Herbert pass incomplete short right to Q.Johnston.
2026,WEEK 1,Sunday,September 13th,AZ,LAC,4th Quarter,8,Los Angeles Chargers,0,4,0,11 Yard Pass,3rd & 18 at LAC 27,02:04 4th Shotgun,— J.Herbert pass short middle to T.Harris to LAC 38 for 11 yards (B.Baker).
2026,WEEK 1,Sunday,September 13th,AZ,LAC,4th Quarter,8,Los Angeles Chargers,0,5,0,Turnover on Downs,4th & 7 at LAC 38,02:00 4th Shotgun,— J.Herbert pass short left to O.Gadsden to LAC 44 for 6 yards (W.Johnson; Ma.Wilson).
2026,WEEK 1,Sunday,September 13th,AZ,LAC,4th Quarter,9,Arizona Cardinals,0,1,0,-1 Yard Run,1st & 10 at LAC 44,01:52 4th,— J.Brissett kneels to LAC 45 for -1 yards.
2026,WEEK 1,Sunday,September 13th,AZ,LAC,4th Quarter,9,Arizona Cardinals,0,2,0,-1 Yard Run,2nd & 11 at LAC 45,01:11 4th,— J.Brissett kneels to LAC 46 for -1 yards.
2026,WEEK 1,Sunday,September 13th,AZ,LAC,4th Quarter,9,Arizona Cardinals,0,3,0,-1 Yard Run,3rd & 12 at LAC 46,00:34 4th,— J.Brissett kneels to LAC 47 for -1 yards.
2026,WEEK 1,Sunday,September 13th,MIA,LV,1st Quarter,1,Miami Dolphins,0,1,0,Kickoff from LV 35,,Kickoff,— M.Gay kicks 62 yards from LV 35 to MIA 3. M.Washington to MIA 25 for 22 yards (T.Stukes; S.Olubi).
2026,WEEK 1,Sunday,September 13th,MIA,LV,1st Quarter,1,Miami Dolphins,0,2,0,4 Yard Run,1st & 10 at MIA 25,14:51 1st Shotgun,— D.Achane up the middle to MIA 29 for 4 yards (F.Fatukasi).
2026,WEEK 1,Sunday,September 13th,MIA,LV,1st Quarter,1,Miami Dolphins,0,3,0,7 Yard Run,2nd & 6 at MIA 29,14:15 1st,— M.Willis scrambles left end pushed ob at MIA 36 for 7 yards (T.Hemingway).
2026,WEEK 1,Sunday,September 13th,MIA,LV,1st Quarter,1,Miami Dolphins,0,4,0,-2 Yard Run,1st & 10 at MIA 36,13:39 1st Shotgun,"— D.Achane up the middle to MIA 34 for -2 yards (K.Paye, T.Johnson)."
2026,WEEK 1,Sunday,September 13th,MIA,LV,1st Quarter,1,Miami Dolphins,0,5,0,7 Yard Pass,2nd & 12 at MIA 34,12:59 1st Shotgun,— M.Willis pass short left to D.Achane to MIA 41 for 7 yards (J.Chinn).
2026,WEEK 1,Sunday,September 13th,MIA,LV,1st Quarter,1,Miami Dolphins,0,6,0,14 Yard Pass,3rd & 5 at MIA 41,12:14 1st Shotgun,— M.Willis pass short left to D.Achane to LV 45 for 14 yards (T.Stukes).
2026,WEEK 1,Sunday,September 13th,MIA,LV,1st Quarter,1,Miami Dolphins,0,7,0,0 Yard Run,1st & 10 at LV 45,11:33 1st Shotgun,— M.Willis left end pushed ob at LV 45 for no gain (J.Chinn).
2026,WEEK 1,Sunday,September 13th,MIA,LV,1st Quarter,1,Miami Dolphins,0,8,0,Pass Incomplete,2nd & 10 at LV 45,10:58 1st Shotgun,— M.Willis pass incomplete deep left to M.Washington (D.Porter).
2026,WEEK 1,Sunday,September 13th,MIA,LV,1st Quarter,1,Miami Dolphins,0,9,0,-5 Yard Penalty,3rd & 10 at LV 45,10:53 1st Shotgun,"— PENALTY on MIA, Delay of Game, 5 yards, enforced at LV 45 - No Play."
2026,WEEK 1,Sunday,September 13th,MIA,LV,1st Quarter,1,Miami Dolphins,0,10,0,6 Yard Run,3rd & 15 at 50,10:52 1st Shotgun,"— M.Willis scrambles right end pushed ob at LV 44 for 6 yards (N.Dean). Penalty on MIA-A.Brewer, Offensive Holding, declined."
2026,WEEK 1,Sunday,September 13th,MIA,LV,1st Quarter,1,Miami Dolphins,0,11,0,Punt,4th & 9 at LV 44,10:38 1st,"— B.Pinion punts 37 yards to LV 7, Center-T.Addington, fair catch by D.Laube."
2026,WEEK 1,Sunday,September 13th,MIA,LV,1st Quarter,2,Las Vegas Raiders,1,1,0,11 Yard Run,1st & 10 at LV 7,10:31 1st,— A.Jeanty up the middle to LV 18 for 11 yards (C.Johnson; J.Marshall).
2026,WEEK 1,Sunday,September 13th,MIA,LV,1st Quarter,2,Las Vegas Raiders,1,2,0,5 Yard Run,1st & 10 at LV 18,10:03 1st,— A.Jeanty up the middle to LV 23 for 5 yards (Z.Anderson).
2026,WEEK 1,Sunday,September 13th,MIA,LV,1st Quarter,2,Las Vegas Raiders,1,3,0,-1 Yard Run,2nd & 5 at LV 23,09:34 1st,— A.Jeanty left end to LV 22 for -1 yards (C.Johnson).
2026,WEEK 1,Sunday,September 13th,MIA,LV,1st Quarter,2,Las Vegas Raiders,1,4,0,8 Yard Pass,3rd & 6 at LV 22,08:57 1st Shotgun,— K.Cousins pass short left to J.Nailor to LV 30 for 8 yards (J.Marshall).
2026,WEEK 1,Sunday,September 13th,MIA,LV,1st Quarter,2,Las Vegas Raiders,1,5,0,6 Yard Pass,1st & 10 at LV 30,08:23 1st,— K.Cousins pass short right to M.Benson to LV 36 for 6 yards (C.Johnson).
2026,WEEK 1,Sunday,September 13th,MIA,LV,1st Quarter,2,Las Vegas Raiders,1,6,0,7 Yard Pass,2nd & 4 at LV 36,07:48 1st Shotgun,— K.Cousins pass short right to M.Mayer to LV 43 for 7 yards (J.Brooks; M.Taaffe).
2026,WEEK 1,Sunday,September 13th,MIA,LV,1st Quarter,2,Las Vegas Raiders,1,7,0,14 Yard Pass,1st & 10 at LV 43,07:06 1st,— K.Cousins pass short middle to M.Mayer to MIA 43 for 14 yards (C.Johnson; J.Rodriguez).
2026,WEEK 1,Sunday,September 13th,MIA,LV,1st Quarter,2,Las Vegas Raiders,1,8,0,0 Yard Pass,1st & 10 at MIA 43,06:24 1st,— K.Cousins pass short right to M.Mayer to MIA 43 for no gain (J.Brooks).
2026,WEEK 1,Sunday,September 13th,MIA,LV,1st Quarter,2,Las Vegas Raiders,1,9,0,6 Yard Pass,2nd & 10 at MIA 43,05:45 1st Shotgun,— K.Cousins pass short right to T.Tucker pushed ob at MIA 37 for 6 yards (J.Brents).
2026,WEEK 1,Sunday,September 13th,MIA,LV,1st Quarter,2,Las Vegas Raiders,1,10,0,3 Yard Run,3rd & 4 at MIA 37,05:06 1st Shotgun,— A.Jeanty up the middle to MIA 34 for 3 yards (J.Rodriguez; J.Uche).
2026,WEEK 1,Sunday,September 13th,MIA,LV,1st Quarter,2,Las Vegas Raiders,1,11,0,1 Yard Run,4th & 1 at MIA 34,04:29 1st,"— C.Heyward up the middle to MIA 34 for no gain (W.Gay; Z.Anderson). The Replay Official reviewed the short of the line to gain ruling, and the play was REVERSED. C.Heyward up the middle to MIA 33 for 1 yard (J.Rodriguez; C.Johnson)."
2026,WEEK 1,Sunday,September 13th,MIA,LV,1st Quarter,2,Las Vegas Raiders,1,12,0,5 Yard Pass,1st & 10 at MIA 33,04:12 1st,— K.Cousins pass short right to A.Jeanty to MIA 28 for 5 yards (J.Brooks).
2026,WEEK 1,Sunday,September 13th,MIA,LV,1st Quarter,2,Las Vegas Raiders,1,13,0,7 Yard Run,2nd & 5 at MIA 28,03:33 1st,— A.Jeanty up the middle to MIA 21 for 7 yards (R.Beal).
2026,WEEK 1,Sunday,September 13th,MIA,LV,1st Quarter,2,Las Vegas Raiders,1,14,0,3 Yard Run,1st & 10 at MIA 21,02:56 1st,— K.Cousins scrambles right end pushed ob at MIA 18 for 3 yards (J.Brooks).
2026,WEEK 1,Sunday,September 13th,MIA,LV,1st Quarter,2,Las Vegas Raiders,1,15,0,3 Yard Pass,2nd & 7 at MIA 18,02:24 1st Shotgun,— K.Cousins pass short middle to J.Bech to MIA 15 for 3 yards (J.Rodriguez; J.Marshall).
2026,WEEK 1,Sunday,September 13th,MIA,LV,1st Quarter,2,Las Vegas Raiders,1,16,1,Touchdown,3rd & 4 at MIA 15,01:38 1st Shotgun,"— K.Cousins pass short middle to J.Bech for 15 yards, TOUCHDOWN."
2026,WEEK 1,Sunday,September 13th,MIA,LV,1st Quarter,2,Las Vegas Raiders,1,17,1,Extra Point,,01:33 1st,"— M.Gay extra point is GOOD, Center-A.Ward, Holder-A.Cole."
2026,WEEK 1,Sunday,September 13th,MIA,LV,2nd Quarter,1,Miami Dolphins,0,1,0,Kickoff from LV 35,,Kickoff,— M.Gay kicks 58 yards from LV 35 to MIA 7. M.Washington to MIA 24 for 17 yards (I.Pola-Mao; C.White).
2026,WEEK 1,Sunday,September 13th,MIA,LV,2nd Quarter,1,Miami Dolphins,0,2,0,2 Yard Run,1st & 10 at MIA 24,01:25 1st,— D.Achane left guard to MIA 26 for 2 yards (F.Fatukasi; A.Butler).
2026,WEEK 1,Sunday,September 13th,MIA,LV,2nd Quarter,1,Miami Dolphins,0,3,0,-7 Yard Sack,2nd & 8 at MIA 26,00:40 1st Shotgun,— M.Willis sacked at MIA 19 for -7 yards (sack split by K.Paye and F.Fatukasi).
2026,WEEK 1,Sunday,September 13th,MIA,LV,2nd Quarter,1,Miami Dolphins,0,4,0,12 Yard Pass,3rd & 15 at MIA 19,15:00 2nd Shotgun,— M.Willis pass short middle to C.Douglas to MIA 31 for 12 yards (Q.Walker; T.Hemingway).
2026,WEEK 1,Sunday,September 13th,MIA,LV,2nd Quarter,1,Miami Dolphins,0,5,0,Punt,4th & 3 at MIA 31,14:22 2nd,"— B.Pinion punts 59 yards to LV 10, Center-T.Addington. M.Benson to LV 33 for 23 yards (T.Addington)."
2026,WEEK 1,Sunday,September 13th,MIA,LV,2nd Quarter,2,Las Vegas Raiders,1,1,0,-8 Yard Run,1st & 10 at LV 33,14:08 2nd,— M.Benson left end to LV 25 for -8 yards (J.Brents).
2026,WEEK 1,Sunday,September 13th,MIA,LV,2nd Quarter,2,Las Vegas Raiders,1,2,0,5 Yard Pass,2nd & 18 at LV 25,13:22 2nd Shotgun,— K.Cousins pass short left to J.Bech to LV 30 for 5 yards (J.Rodriguez).
2026,WEEK 1,Sunday,September 13th,MIA,LV,2nd Quarter,2,Las Vegas Raiders,1,3,0,Pass Incomplete,3rd & 13 at LV 30,12:44 2nd Shotgun,"— K.Cousins pass incomplete deep left to T.Tucker (Z.Anderson). PENALTY on MIA-J.Brents, Taunting, 15 yards, enforced at LV 30."
2026,WEEK 1,Sunday,September 13th,MIA,LV,2nd Quarter,2,Las Vegas Raiders,1,4,0,8 Yard Run,1st & 10 at LV 45,12:39 2nd Shotgun,— A.Jeanty up the middle to MIA 47 for 8 yards (C.Johnson).
2026,WEEK 1,Sunday,September 13th,MIA,LV,2nd Quarter,2,Las Vegas Raiders,1,5,0,10 Yard Run,2nd & 2 at MIA 47,12:03 2nd,— A.Jeanty up the middle to MIA 37 for 10 yards (J.Brooks; J.Brents).
2026,WEEK 1,Sunday,September 13th,MIA,LV,2nd Quarter,2,Las Vegas Raiders,1,6,0,3 Yard Run,1st & 10 at MIA 37,11:23 2nd,— M.Washington left tackle to MIA 34 for 3 yards (J.Rodriguez).
2026,WEEK 1,Sunday,September 13th,MIA,LV,2nd Quarter,2,Las Vegas Raiders,1,7,0,Pass Incomplete,2nd & 7 at MIA 34,10:45 2nd,— K.Cousins pass incomplete short middle to C.White (C.Johnson).
2026,WEEK 1,Sunday,September 13th,MIA,LV,2nd Quarter,2,Las Vegas Raiders,1,8,0,5 Yard Pass,3rd & 7 at MIA 34,10:40 2nd Shotgun,"— K.Cousins pass short right to M.Mayer to MIA 29 for 5 yards (M.Taaffe; J.Brents). FUMBLES (M.Taaffe), RECOVERED by MIA-Z.Anderson at MIA 45. The Replay Official reviewed the runner was not down by contact ruling, and the play was REVERSED. (Shotgun) K.Cousins pass short right to M.Mayer to MIA 29 for 5 yards (J.Brents)."
2026,WEEK 1,Sunday,September 13th,MIA,LV,2nd Quarter,2,Las Vegas Raiders,1,9,1,Field Goal,4th & 2 at MIA 29,10:26 2nd,"— M.Gay 47 yard field goal is GOOD, Center-A.Ward, Holder-A.Cole."
2026,WEEK 1,Sunday,September 13th,MIA,LV,2nd Quarter,3,Miami Dolphins,1,1,0,Kickoff from LV 35,,Kickoff,"— M.Gay kicks 65 yards from LV 35 to end zone, Touchback to the MIA 35."
2026,WEEK 1,Sunday,September 13th,MIA,LV,2nd Quarter,3,Miami Dolphins,1,2,0,Pass Incomplete,1st & 10 at MIA 35,10:22 2nd,— M.Willis pass incomplete deep right to M.Washington.
2026,WEEK 1,Sunday,September 13th,MIA,LV,2nd Quarter,3,Miami Dolphins,1,3,0,10 Yard Run,2nd & 10 at MIA 35,10:16 2nd,— D.Achane left tackle to MIA 45 for 10 yards (Q.Walker; D.Porter).
2026,WEEK 1,Sunday,September 13th,MIA,LV,2nd Quarter,3,Miami Dolphins,1,4,0,6 Yard Pass,1st & 10 at MIA 45,09:36 2nd,— M.Willis pass short right to G.Dulcich to LV 49 for 6 yards (E.Stokes).
2026,WEEK 1,Sunday,September 13th,MIA,LV,2nd Quarter,3,Miami Dolphins,1,5,0,5 Yard Run,2nd & 4 at LV 49,08:53 2nd,— D.Achane left tackle to LV 44 for 5 yards (D.Porter; T.Booker).
2026,WEEK 1,Sunday,September 13th,MIA,LV,2nd Quarter,3,Miami Dolphins,1,6,0,1 Yard Run,1st & 10 at LV 44,08:12 2nd,— D.Achane left tackle to LV 43 for 1 yard (K.Paye).
2026,WEEK 1,Sunday,September 13th,MIA,LV,2nd Quarter,3,Miami Dolphins,1,7,0,12 Yard Pass,2nd & 9 at LV 43,07:33 2nd,— M.Willis pass short left to G.Dulcich to LV 31 for 12 yards (J.Chinn; M.Koonce). The penalty was assisted by replay.
2026,WEEK 1,Sunday,September 13th,MIA,LV,2nd Quarter,3,Miami Dolphins,1,8,0,5 Yard Penalty,1st & 10 at LV 31,07:16 2nd Shotgun,"— PENALTY on LV, Defensive Too Many Men on Field, 5 yards, enforced at LV 31 - No Play."
2026,WEEK 1,Sunday,September 13th,MIA,LV,2nd Quarter,3,Miami Dolphins,1,9,0,-10 Yard Penalty,1st & 5 at LV 26,06:59 2nd Shotgun,"— D.Achane left end to LV 29 for -3 yards (M.Crosby). PENALTY on MIA-P.Paul, Offensive Holding, 10 yards, enforced at LV 26 - No Play."
2026,WEEK 1,Sunday,September 13th,MIA,LV,2nd Quarter,3,Miami Dolphins,1,10,0,-10 Yard Penalty,1st & 15 at LV 36,06:45 2nd Shotgun,"— M.Willis left guard to LV 26 for 10 yards (N.Dean). PENALTY on MIA-A.Brewer, Offensive Holding, 10 yards, enforced at LV 36 - No Play."
2026,WEEK 1,Sunday,September 13th,MIA,LV,2nd Quarter,3,Miami Dolphins,1,11,0,-1 Yard Pass,1st & 25 at LV 46,06:22 2nd Shotgun,"— M.Willis pass short right to M.Washington pushed ob at LV 47 for -1 yards (T.Johnson, Q.Walker)."
2026,WEEK 1,Sunday,September 13th,MIA,LV,2nd Quarter,3,Miami Dolphins,1,12,0,25 Yard Pass,2nd & 26 at LV 47,05:35 2nd Shotgun,— M.Willis pass deep right to C.Douglas pushed ob at LV 22 for 25 yards (T.Stukes).
2026,WEEK 1,Sunday,September 13th,MIA,LV,2nd Quarter,3,Miami Dolphins,1,13,0,-1 Yard Run,3rd & 1 at LV 22,04:54 2nd,"— C.Wallace reported in as eligible. D.Achane right guard to LV 23 for -1 yards (N.Dean, Q.Walker)."
2026,WEEK 1,Sunday,September 13th,MIA,LV,2nd Quarter,3,Miami Dolphins,1,14,1,Field Goal,4th & 2 at LV 23,04:12 2nd,"— R.Patterson 41 yard field goal is GOOD, Center-T.Addington, Holder-B.Pinion. ** Injury Update: MIA-T.Addington has returned to the game."
2026,WEEK 1,Sunday,September 13th,MIA,LV,2nd Quarter,4,Las Vegas Raiders,1,1,0,Kickoff from MIA 35,,Kickoff,— R.Patterson kicks 64 yards from MIA 35 to LV 1. D.Laube pushed ob at LV 46 for 45 yards (R.Patterson).
2026,WEEK 1,Sunday,September 13th,MIA,LV,2nd Quarter,4,Las Vegas Raiders,1,2,0,8 Yard Run,1st & 10 at LV 46,04:00 2nd,— M.Washington up the middle to MIA 46 for 8 yards (D.Trader; M.Taaffe).
2026,WEEK 1,Sunday,September 13th,MIA,LV,2nd Quarter,4,Las Vegas Raiders,1,3,0,18 Yard Run,2nd & 2 at MIA 46,03:27 2nd,— M.Washington left guard to MIA 28 for 18 yards (D.Trader).
2026,WEEK 1,Sunday,September 13th,MIA,LV,2nd Quarter,4,Las Vegas Raiders,1,4,0,6 Yard Run,1st & 10 at MIA 28,02:46 2nd,— M.Washington left end to MIA 22 for 6 yards (J.Rodriguez).
2026,WEEK 1,Sunday,September 13th,MIA,LV,2nd Quarter,4,Las Vegas Raiders,1,5,0,7 Yard Pass,2nd & 4 at MIA 22,02:00 2nd,— K.Cousins pass short right to J.Nailor to MIA 15 for 7 yards (C.Johnson).
2026,WEEK 1,Sunday,September 13th,MIA,LV,2nd Quarter,4,Las Vegas Raiders,1,6,0,Pass Incomplete,1st & 10 at MIA 15,01:21 2nd,— K.Cousins pass incomplete short middle to M.Mayer.
2026,WEEK 1,Sunday,September 13th,MIA,LV,2nd Quarter,4,Las Vegas Raiders,1,7,0,2 Yard Pass,2nd & 10 at MIA 15,01:17 2nd Shotgun,— K.Cousins pass short left to A.Jeanty to MIA 13 for 2 yards (J.Rodriguez).
2026,WEEK 1,Sunday,September 13th,MIA,LV,2nd Quarter,4,Las Vegas Raiders,1,8,0,Timeout,,01:12 2nd,— Timeout #1 by MIA at 01:12.
2026,WEEK 1,Sunday,September 13th,MIA,LV,2nd Quarter,4,Las Vegas Raiders,1,9,1,Touchdown,3rd & 8 at MIA 13,01:12 2nd Shotgun,"— K.Cousins pass short middle to A.Jeanty for 13 yards, TOUCHDOWN."
2026,WEEK 1,Sunday,September 13th,MIA,LV,2nd Quarter,4,Las Vegas Raiders,1,10,1,Extra Point,,01:07 2nd,"— M.Gay extra point is GOOD, Center-A.Ward, Holder-A.Cole."
2026,WEEK 1,Sunday,September 13th,MIA,LV,2nd Quarter,5,Miami Dolphins,1,1,0,Kickoff from LV 35,,Kickoff,— M.Gay kicks 62 yards from LV 35 to MIA 3. J.Wright to MIA 30 for 27 yards (C.White; S.Olubi).
2026,WEEK 1,Sunday,September 13th,MIA,LV,2nd Quarter,5,Miami Dolphins,1,2,0,Pass Incomplete,1st & 10 at MIA 30,01:00 2nd Shotgun,— M.Willis pass incomplete deep middle to C.Bell (D.Porter).
2026,WEEK 1,Sunday,September 13th,MIA,LV,2nd Quarter,5,Miami Dolphins,1,3,0,7 Yard Run,2nd & 10 at MIA 30,00:52 2nd Shotgun,— D.Achane up the middle to MIA 37 for 7 yards (T.Johnson; T.Stukes).
2026,WEEK 1,Sunday,September 13th,MIA,LV,2nd Quarter,5,Miami Dolphins,1,4,0,Timeout,,00:28 2nd,— Timeout #2 by MIA at 00:28.
2026,WEEK 1,Sunday,September 13th,MIA,LV,2nd Quarter,5,Miami Dolphins,1,5,0,14 Yard Pass,3rd & 3 at MIA 37,00:28 2nd Shotgun,— M.Willis pass short right to C.Douglas pushed ob at LV 49 for 14 yards (E.Stokes).
2026,WEEK 1,Sunday,September 13th,MIA,LV,2nd Quarter,5,Miami Dolphins,1,6,0,Pass Incomplete,1st & 10 at LV 49,00:21 2nd Shotgun,— M.Willis pass incomplete deep right to M.Washington.
2026,WEEK 1,Sunday,September 13th,MIA,LV,2nd Quarter,5,Miami Dolphins,1,7,0,Timeout,,00:13 2nd,— Timeout #1 by LV at 00:13.
2026,WEEK 1,Sunday,September 13th,MIA,LV,2nd Quarter,5,Miami Dolphins,1,8,0,30 Yard Pass,2nd & 10 at LV 49,00:13 2nd Shotgun,— M.Willis pass deep middle to C.Douglas to LV 19 for 30 yards (Q.Walker).
2026,WEEK 1,Sunday,September 13th,MIA,LV,2nd Quarter,5,Miami Dolphins,1,9,0,Timeout,,00:05 2nd,— Timeout #3 by MIA at 00:05.
2026,WEEK 1,Sunday,September 13th,MIA,LV,2nd Quarter,5,Miami Dolphins,1,10,1,Field Goal,1st & 10 at LV 19,00:05 2nd,"— R.Patterson 37 yard field goal is GOOD, Center-T.Addington, Holder-B.Pinion."
2026,WEEK 1,Sunday,September 13th,MIA,LV,3rd Quarter,1,Las Vegas Raiders,0,1,0,Kickoff from MIA 35,,Kickoff,"— R.Patterson kicks 65 yards from MIA 35 to end zone, Touchback to the LV 35."
2026,WEEK 1,Sunday,September 13th,MIA,LV,3rd Quarter,1,Las Vegas Raiders,0,2,0,3 Yard Run,1st & 10 at LV 35,15:00 3rd,— A.Jeanty left tackle to LV 38 for 3 yards (J.Phillips; J.Rodriguez).
2026,WEEK 1,Sunday,September 13th,MIA,LV,3rd Quarter,1,Las Vegas Raiders,0,3,0,Interception,2nd & 7 at LV 38,"14:34 3rd No Huddle, Shotgun",— K.Cousins pass deep left intended for J.Bech INTERCEPTED by M.Taaffe at MIA 46. M.Taaffe to MIA 48 for 2 yards (J.Bech).
2026,WEEK 1,Sunday,September 13th,MIA,LV,3rd Quarter,2,Miami Dolphins,1,1,0,25 Yard Pass,1st & 10 at MIA 48,14:29 3rd Shotgun,— M.Willis pass deep right to C.Bell to LV 27 for 25 yards (T.Stukes) [M.Crosby].
2026,WEEK 1,Sunday,September 13th,MIA,LV,3rd Quarter,2,Miami Dolphins,1,2,0,13 Yard Pass,1st & 10 at LV 27,13:54 3rd No Huddle,"— M.Willis pass incomplete short right to C.Douglas. Miami challenged the incomplete pass ruling, and the play was REVERSED. (No Huddle) M.Willis pass short right to C.Douglas ran ob at LV 14 for 13 yards."
2026,WEEK 1,Sunday,September 13th,MIA,LV,3rd Quarter,2,Miami Dolphins,1,3,0,-5 Yard Penalty,1st & 10 at LV 14,13:38 3rd,"— PENALTY on MIA-K.Proctor, False Start, 5 yards, enforced at LV 14 - No Play."
2026,WEEK 1,Sunday,September 13th,MIA,LV,3rd Quarter,2,Miami Dolphins,1,4,0,5 Yard Run,1st & 15 at LV 19,13:31 3rd,— D.Achane up the middle to LV 14 for 5 yards (N.Dean; T.Hemingway).
2026,WEEK 1,Sunday,September 13th,MIA,LV,3rd Quarter,2,Miami Dolphins,1,5,1,Touchdown,2nd & 10 at LV 14,12:52 3rd Shotgun,"— M.Willis scrambles right end for 14 yards, TOUCHDOWN."
2026,WEEK 1,Sunday,September 13th,MIA,LV,3rd Quarter,2,Miami Dolphins,1,6,1,Extra Point,,12:44 3rd,"— R.Patterson extra point is GOOD, Center-T.Addington, Holder-B.Pinion."
2026,WEEK 1,Sunday,September 13th,MIA,LV,3rd Quarter,3,Las Vegas Raiders,1,1,0,Kickoff from MIA 35,,Kickoff,— R.Patterson kicks 65 yards from MIA 35 to LV 0. D.Laube pushed ob at 50 for 50 yards (R.Patterson).
2026,WEEK 1,Sunday,September 13th,MIA,LV,3rd Quarter,3,Las Vegas Raiders,1,2,0,5 Yard Run,1st & 10 at 50,12:37 3rd,— A.Jeanty up the middle to MIA 45 for 5 yards (J.Rodriguez; D.Trader).
2026,WEEK 1,Sunday,September 13th,MIA,LV,3rd Quarter,3,Las Vegas Raiders,1,3,0,21 Yard Pass,2nd & 5 at MIA 45,12:00 3rd,— K.Cousins pass deep left to T.Tucker to MIA 24 for 21 yards (M.Taaffe) [J.Phillips].
2026,WEEK 1,Sunday,September 13th,MIA,LV,3rd Quarter,3,Las Vegas Raiders,1,4,0,8 Yard Run,1st & 10 at MIA 24,11:21 3rd,— A.Jeanty right end pushed ob at MIA 16 for 8 yards (C.Johnson).
2026,WEEK 1,Sunday,September 13th,MIA,LV,3rd Quarter,3,Las Vegas Raiders,1,5,0,3 Yard Run,2nd & 2 at MIA 16,10:48 3rd Shotgun,— A.Jeanty right guard to MIA 13 for 3 yards (J.Uche; J.Brooks).
2026,WEEK 1,Sunday,September 13th,MIA,LV,3rd Quarter,3,Las Vegas Raiders,1,6,1,Touchdown,1st & 10 at MIA 13,10:06 3rd,"— K.Cousins pass short left to A.Jeanty for 13 yards, TOUCHDOWN."
2026,WEEK 1,Sunday,September 13th,MIA,LV,3rd Quarter,3,Las Vegas Raiders,1,7,1,Extra Point,,09:58 3rd,"— M.Gay extra point is GOOD, Center-A.Ward, Holder-A.Cole."
2026,WEEK 1,Sunday,September 13th,MIA,LV,3rd Quarter,4,Miami Dolphins,0,1,0,Kickoff from LV 35,,Kickoff,— M.Gay kicks 59 yards from LV 35 to MIA 6. M.Washington to MIA 23 for 17 yards (S.Olubi; D.Laube).
2026,WEEK 1,Sunday,September 13th,MIA,LV,3rd Quarter,4,Miami Dolphins,0,2,0,Pass Incomplete,1st & 10 at MIA 23,09:53 3rd Shotgun,— M.Willis pass incomplete short left to W.Kacmarek.
2026,WEEK 1,Sunday,September 13th,MIA,LV,3rd Quarter,4,Miami Dolphins,0,3,0,Interception,2nd & 10 at MIA 23,09:49 3rd Shotgun,— M.Willis pass deep middle intended for C.Douglas INTERCEPTED by T.Stukes at LV 34. T.Stukes to LV 34 for no gain (C.Douglas).
2026,WEEK 1,Sunday,September 13th,MIA,LV,3rd Quarter,5,Las Vegas Raiders,1,1,0,5 Yard Run,1st & 10 at LV 34,09:41 3rd,— A.Jeanty up the middle to LV 39 for 5 yards (J.Rodriguez; J.Phillips).
2026,WEEK 1,Sunday,September 13th,MIA,LV,3rd Quarter,5,Las Vegas Raiders,1,2,0,6 Yard Run,2nd & 5 at LV 39,09:05 3rd,— A.Jeanty right guard to LV 45 for 6 yards (C.Ferrell; J.Phillips).
2026,WEEK 1,Sunday,September 13th,MIA,LV,3rd Quarter,5,Las Vegas Raiders,1,3,0,Pass Incomplete,1st & 10 at LV 45,08:29 3rd,— K.Cousins pass incomplete short left [J.Brooks].
2026,WEEK 1,Sunday,September 13th,MIA,LV,3rd Quarter,5,Las Vegas Raiders,1,4,0,15 Yard Run,2nd & 10 at LV 45,08:24 3rd Shotgun,— A.Jeanty right tackle to MIA 40 for 15 yards (Z.Anderson).
2026,WEEK 1,Sunday,September 13th,MIA,LV,3rd Quarter,5,Las Vegas Raiders,1,5,0,4 Yard Run,1st & 10 at MIA 40,07:37 3rd Shotgun,— M.Washington left tackle to MIA 36 for 4 yards (J.Uche; M.Taaffe).
2026,WEEK 1,Sunday,September 13th,MIA,LV,3rd Quarter,5,Las Vegas Raiders,1,6,0,12 Yard Pass,2nd & 6 at MIA 36,06:55 3rd,— K.Cousins pass short right to J.Nailor to MIA 24 for 12 yards (C.Johnson; W.Gay).
2026,WEEK 1,Sunday,September 13th,MIA,LV,3rd Quarter,5,Las Vegas Raiders,1,7,0,7 Yard Run,1st & 10 at MIA 24,06:17 3rd,— A.Jeanty left guard to MIA 17 for 7 yards (Z.Anderson; C.Johnson).
2026,WEEK 1,Sunday,September 13th,MIA,LV,3rd Quarter,5,Las Vegas Raiders,1,8,0,0 Yard Run,2nd & 3 at MIA 17,05:35 3rd,— A.Jeanty up the middle to MIA 17 for no gain (J.Phillips; Z.Biggers).
2026,WEEK 1,Sunday,September 13th,MIA,LV,3rd Quarter,5,Las Vegas Raiders,1,9,0,7 Yard Run,3rd & 3 at MIA 17,04:49 3rd Shotgun,— A.Jeanty left guard to MIA 10 for 7 yards (Z.Sieler; C.Johnson).
2026,WEEK 1,Sunday,September 13th,MIA,LV,3rd Quarter,5,Las Vegas Raiders,1,10,0,Pass Incomplete,1st & 10 at MIA 10,04:11 3rd,— K.Cousins pass incomplete short middle to T.Tucker (C.Johnson).
2026,WEEK 1,Sunday,September 13th,MIA,LV,3rd Quarter,5,Las Vegas Raiders,1,11,0,-1 Yard Run,2nd & 10 at MIA 10,04:07 3rd,— M.Washington left guard to MIA 11 for -1 yards (J.Marshall).
2026,WEEK 1,Sunday,September 13th,MIA,LV,3rd Quarter,5,Las Vegas Raiders,1,12,0,4 Yard Pass,3rd & 11 at MIA 11,03:25 3rd Shotgun,— K.Cousins pass short left to A.Jeanty to MIA 7 for 4 yards (J.Brooks).
2026,WEEK 1,Sunday,September 13th,MIA,LV,3rd Quarter,5,Las Vegas Raiders,1,13,1,Field Goal,4th & 12 at MIA 12,02:38 3rd,"— M.Gay 30 yard field goal is GOOD, Center-A.Ward, Holder-A.Cole."
2026,WEEK 1,Sunday,September 13th,MIA,LV,3rd Quarter,6,Miami Dolphins,0,1,0,Kickoff from LV 35,,Kickoff,— M.Gay kicks 62 yards from LV 35 to MIA 3. J.Wright pushed ob at LV 18 for 79 yards (C.White).
2026,WEEK 1,Sunday,September 13th,MIA,LV,3rd Quarter,6,Miami Dolphins,0,2,0,3 Yard Run,1st & 10 at LV 18,02:21 3rd Shotgun,— D.Achane left guard to LV 15 for 3 yards (T.Hemingway; F.Fatukasi).
2026,WEEK 1,Sunday,September 13th,MIA,LV,3rd Quarter,6,Miami Dolphins,0,3,0,2 Yard Run,2nd & 7 at LV 15,01:39 3rd,— D.Achane left end to LV 13 for 2 yards (J.Chinn).
2026,WEEK 1,Sunday,September 13th,MIA,LV,3rd Quarter,6,Miami Dolphins,0,4,0,-10 Yard Sack,3rd & 5 at LV 13,00:54 3rd Shotgun,— M.Willis sacked at LV 23 for -10 yards (N.Dean).
2026,WEEK 1,Sunday,September 13th,MIA,LV,3rd Quarter,6,Miami Dolphins,0,5,0,Field Goal No Good,4th & 15 at LV 23,00:11 3rd,"— R.Patterson 41 yard field goal is No Good, Wide Left, Center-T.Addington, Holder-B.Pinion."
2026,WEEK 1,Sunday,September 13th,MIA,LV,4th Quarter,1,Las Vegas Raiders,0,1,0,Pass Incomplete,1st & 10 at LV 31,00:07 3rd,— K.Cousins pass incomplete deep left to M.Benson.
2026,WEEK 1,Sunday,September 13th,MIA,LV,4th Quarter,1,Las Vegas Raiders,0,2,0,Pass Incomplete,2nd & 10 at LV 31,15:00 4th Shotgun,— K.Cousins pass incomplete deep right to J.Nailor.
2026,WEEK 1,Sunday,September 13th,MIA,LV,4th Quarter,1,Las Vegas Raiders,0,3,0,8 Yard Pass,3rd & 10 at LV 31,14:55 4th Shotgun,— K.Cousins pass short left to A.Jeanty to LV 39 for 8 yards (J.Brooks).
2026,WEEK 1,Sunday,September 13th,MIA,LV,4th Quarter,1,Las Vegas Raiders,0,4,0,Punt,4th & 2 at LV 39,14:15 4th,"— A.Cole punts 61 yards to end zone, Center-A.Ward, Touchback."
2026,WEEK 1,Sunday,September 13th,MIA,LV,4th Quarter,2,Miami Dolphins,0,1,0,4 Yard Pass,1st & 10 at MIA 20,14:07 4th Shotgun,— M.Willis pass short right to D.Achane to MIA 24 for 4 yards (T.Booker; K.Paye) [J.Laulu].
2026,WEEK 1,Sunday,September 13th,MIA,LV,4th Quarter,2,Miami Dolphins,0,2,0,Pass Incomplete,2nd & 6 at MIA 24,13:18 4th Shotgun,— M.Willis pass incomplete short left to M.Washington [K.Paye].
2026,WEEK 1,Sunday,September 13th,MIA,LV,4th Quarter,2,Miami Dolphins,0,3,0,-4 Yard Sack,3rd & 6 at MIA 24,13:14 4th Shotgun,— M.Willis sacked at MIA 20 for -4 yards (M.Crosby).
2026,WEEK 1,Sunday,September 13th,MIA,LV,4th Quarter,2,Miami Dolphins,0,4,0,Punt,4th & 10 at MIA 20,12:32 4th,"— B.Pinion punts 47 yards to LV 33, Center-T.Addington. M.Benson to LV 45 for 12 yards (T.Addington)."
2026,WEEK 1,Sunday,September 13th,MIA,LV,4th Quarter,3,Las Vegas Raiders,0,1,0,-5 Yard Penalty,1st & 10 at LV 45,12:21 4th,"— PENALTY on LV-D.Young, False Start, 5 yards, enforced at LV 45 - No Play."
2026,WEEK 1,Sunday,September 13th,MIA,LV,4th Quarter,3,Las Vegas Raiders,0,2,0,5 Yard Penalty,1st & 15 at LV 40,12:21 4th,"— K.Cousins pass incomplete short middle to D.Laube (Z.Biggers). PENALTY on MIA-J.Brents, Illegal Contact, 5 yards, enforced at LV 40 - No Play."
2026,WEEK 1,Sunday,September 13th,MIA,LV,4th Quarter,3,Las Vegas Raiders,0,3,0,-4 Yard Run,1st & 10 at LV 45,12:15 4th,— A.Jeanty right end to LV 41 for -4 yards (Z.Sieler).
2026,WEEK 1,Sunday,September 13th,MIA,LV,4th Quarter,3,Las Vegas Raiders,0,4,0,Timeout,,11:32 4th,— Timeout #1 by LV at 11:32.
2026,WEEK 1,Sunday,September 13th,MIA,LV,4th Quarter,3,Las Vegas Raiders,0,5,0,Interception,2nd & 14 at LV 41,11:32 4th Shotgun,— K.Cousins pass deep middle intended for J.Nailor INTERCEPTED by D.Trader at MIA 42. D.Trader to LV 44 for 14 yards (D.Laube; J.Powers-Johnson).
2026,WEEK 1,Sunday,September 13th,MIA,LV,4th Quarter,4,Miami Dolphins,0,1,0,Pass Incomplete,1st & 10 at LV 44,11:22 4th Shotgun,— M.Willis pass incomplete short left to D.Achane (F.Fatukasi).
2026,WEEK 1,Sunday,September 13th,MIA,LV,4th Quarter,4,Miami Dolphins,0,2,0,Pass Incomplete,2nd & 10 at LV 44,11:17 4th Shotgun,— M.Willis pass incomplete deep right to M.Washington.
2026,WEEK 1,Sunday,September 13th,MIA,LV,4th Quarter,4,Miami Dolphins,0,3,0,-8 Yard Sack,3rd & 10 at LV 44,11:10 4th Shotgun,— M.Willis sacked at MIA 48 for -8 yards (sack split by K.Paye and M.Crosby).
2026,WEEK 1,Sunday,September 13th,MIA,LV,4th Quarter,4,Miami Dolphins,0,4,0,Punt,4th & 18 at MIA 48,10:30 4th,"— B.Pinion punts 40 yards to LV 12, Center-T.Addington, fair catch by D.Laube."
2026,WEEK 1,Sunday,September 13th,MIA,LV,4th Quarter,5,Las Vegas Raiders,0,1,0,0 Yard Run,1st & 10 at LV 12,10:23 4th,— A.Jeanty up the middle to LV 12 for no gain (J.Rodriguez).
2026,WEEK 1,Sunday,September 13th,MIA,LV,4th Quarter,5,Las Vegas Raiders,0,2,0,4 Yard Run,2nd & 10 at LV 12,09:46 4th Shotgun,— A.Jeanty right end to LV 16 for 4 yards (Z.Anderson; J.Rodriguez).
2026,WEEK 1,Sunday,September 13th,MIA,LV,4th Quarter,5,Las Vegas Raiders,0,3,0,Timeout,,09:04 4th,— Timeout #2 by LV at 09:04.
2026,WEEK 1,Sunday,September 13th,MIA,LV,4th Quarter,5,Las Vegas Raiders,0,4,0,8 Yard Pass,3rd & 6 at LV 16,09:04 4th Shotgun,— K.Cousins pass short left to M.Mayer to LV 24 for 8 yards (J.Uche).
2026,WEEK 1,Sunday,September 13th,MIA,LV,4th Quarter,5,Las Vegas Raiders,0,5,0,3 Yard Run,1st & 10 at LV 24,08:22 4th,— A.Jeanty right guard to LV 27 for 3 yards (C.Robinson; J.Rodriguez).
2026,WEEK 1,Sunday,September 13th,MIA,LV,4th Quarter,5,Las Vegas Raiders,0,6,0,-2 Yard Pass,2nd & 7 at LV 27,07:44 4th,— K.Cousins pass short left to M.Mayer to LV 25 for -2 yards (Z.Anderson).
2026,WEEK 1,Sunday,September 13th,MIA,LV,4th Quarter,5,Las Vegas Raiders,0,7,0,-3 Yard Run,3rd & 9 at LV 25,06:57 4th Shotgun,— K.Cousins up the middle to LV 22 for -3 yards (M.Herring).
2026,WEEK 1,Sunday,September 13th,MIA,LV,4th Quarter,5,Las Vegas Raiders,0,8,0,Punt,4th & 12 at LV 22,06:10 4th,"— A.Cole punts 72 yards to MIA 6, Center-A.Ward. M.Washington to MIA 23 for 17 yards (P.Johnson)."
2026,WEEK 1,Sunday,September 13th,MIA,LV,4th Quarter,6,Miami Dolphins,0,1,0,4 Yard Penalty,1st & 10 at MIA 23,05:58 4th Shotgun,"— M.Willis pass incomplete short middle to C.Douglas. PENALTY on LV-Q.Walker, Defensive Pass Interference, 4 yards, enforced at MIA 23 - No Play."
2026,WEEK 1,Sunday,September 13th,MIA,LV,4th Quarter,6,Miami Dolphins,0,2,0,-1 Yard Run,1st & 10 at MIA 27,05:54 4th Shotgun,— J.Wright up the middle to MIA 26 for -1 yards (T.Booker).
2026,WEEK 1,Sunday,September 13th,MIA,LV,4th Quarter,6,Miami Dolphins,0,3,0,30 Yard Pass,2nd & 11 at MIA 26,05:21 4th Shotgun,— M.Willis pass deep middle to M.Washington to LV 44 for 30 yards (T.Stukes). LV-D.Porter was injured during the play.
2026,WEEK 1,Sunday,September 13th,MIA,LV,4th Quarter,6,Miami Dolphins,0,4,0,Pass Incomplete,1st & 10 at LV 44,04:51 4th Shotgun,— M.Willis pass incomplete short left to K.Coleman (H.Masses) [T.Booker].
2026,WEEK 1,Sunday,September 13th,MIA,LV,4th Quarter,6,Miami Dolphins,0,5,0,3 Yard Run,2nd & 10 at LV 44,04:46 4th Shotgun,— M.Willis scrambles up the middle to LV 41 for 3 yards (N.Dean).
2026,WEEK 1,Sunday,September 13th,MIA,LV,4th Quarter,6,Miami Dolphins,0,6,0,Pass Incomplete,3rd & 7 at LV 41,04:10 4th Shotgun,— M.Willis pass incomplete short middle to C.Douglas (T.Hemingway).
2026,WEEK 1,Sunday,September 13th,MIA,LV,4th Quarter,6,Miami Dolphins,0,7,0,-5 Yard Penalty,4th & 7 at LV 41,04:04 4th Shotgun,"— PENALTY on MIA, Delay of Game, 5 yards, enforced at LV 41 - No Play."
2026,WEEK 1,Sunday,September 13th,MIA,LV,4th Quarter,6,Miami Dolphins,0,8,0,Pass Incomplete,4th & 12 at LV 46,04:04 4th Shotgun,— M.Willis pass incomplete short right to K.Coleman.
2026,WEEK 1,Sunday,September 13th,MIA,LV,4th Quarter,7,Las Vegas Raiders,0,1,0,0 Yard Run,1st & 10 at LV 47,03:58 4th,— A.Jeanty left tackle to LV 47 for no gain (J.Brooks).
2026,WEEK 1,Sunday,September 13th,MIA,LV,4th Quarter,7,Las Vegas Raiders,0,2,0,Timeout,,03:51 4th,— Timeout #1 by MIA at 03:51.
2026,WEEK 1,Sunday,September 13th,MIA,LV,4th Quarter,7,Las Vegas Raiders,0,3,0,-3 Yard Run,2nd & 10 at LV 47,03:51 4th,— A.Jeanty up the middle to LV 44 for -3 yards (Z.Sieler).
2026,WEEK 1,Sunday,September 13th,MIA,LV,4th Quarter,7,Las Vegas Raiders,0,4,0,Timeout,,03:46 4th,— Timeout #2 by MIA at 03:46.
2026,WEEK 1,Sunday,September 13th,MIA,LV,4th Quarter,7,Las Vegas Raiders,0,5,0,3 Yard Run,3rd & 13 at LV 44,03:46 4th,— M.Washington left guard to LV 47 for 3 yards (Z.Biggers).
2026,WEEK 1,Sunday,September 13th,MIA,LV,4th Quarter,7,Las Vegas Raiders,0,6,0,Timeout,,03:40 4th,— Timeout #3 by MIA at 03:40.
2026,WEEK 1,Sunday,September 13th,MIA,LV,4th Quarter,7,Las Vegas Raiders,0,7,0,Punt,4th & 15 at LV 42,03:40 4th,"— A.Cole punts 55 yards to MIA 3, impetus ends at MIA 1, Center-A.Ward, downed by LV-D.Young."
2026,WEEK 1,Sunday,September 13th,MIA,LV,4th Quarter,8,Miami Dolphins,0,1,0,5 Yard Pass,1st & 10 at MIA 3,03:29 4th Shotgun,— M.Willis pass short left to D.Achane to MIA 8 for 5 yards (Q.Walker).
2026,WEEK 1,Sunday,September 13th,MIA,LV,4th Quarter,8,Miami Dolphins,0,2,0,5 Yard Penalty,2nd & 5 at MIA 8,"03:11 4th No Huddle, Shotgun","— M.Willis pass incomplete short right to M.Washington (M.Crosby). PENALTY on LV-H.Masses, Illegal Use of Hands, 5 yards, enforced at MIA 8 - No Play."
2026,WEEK 1,Sunday,September 13th,MIA,LV,4th Quarter,8,Miami Dolphins,0,3,0,-6 Yard Penalty,1st & 10 at MIA 13,03:07 4th Shotgun,"— M.Willis pass short left to D.Achane ran ob at MIA 29 for 16 yards. PENALTY on MIA-A.Jackson, Illegal Use of Hands, 6 yards, enforced at MIA 13 - No Play."
2026,WEEK 1,Sunday,September 13th,MIA,LV,4th Quarter,8,Miami Dolphins,0,4,0,-6 Yard Sack,1st & 16 at MIA 7,03:01 4th Shotgun,— M.Willis sacked at MIA 1 for -6 yards (K.Paye).
2026,WEEK 1,Sunday,September 13th,MIA,LV,4th Quarter,8,Miami Dolphins,0,5,0,9 Yard Run,2nd & 22 at MIA 1,02:20 4th Shotgun,"— M.Willis scrambles left end to MIA 10 for 9 yards (N.Dean). FUMBLES (N.Dean), ball out of bounds at MIA 13. The fumble was assisted by replay."
2026,WEEK 1,Sunday,September 13th,MIA,LV,4th Quarter,8,Miami Dolphins,0,6,0,Fumble,3rd & 13 at MIA 10,02:00 4th Shotgun,"— M.Willis pass deep middle to M.Washington to MIA 36 for 26 yards (J.Chinn). FUMBLES (J.Chinn), RECOVERED by LV-Q.Walker at MIA 34."
2026,WEEK 1,Sunday,September 13th,MIA,LV,4th Quarter,9,Las Vegas Raiders,0,1,0,-3 Yard Run,1st & 10 at MIA 34,01:51 4th,— K.Cousins kneels to MIA 37 for -3 yards.
2026,WEEK 1,Sunday,September 13th,MIA,LV,4th Quarter,9,Las Vegas Raiders,0,2,0,-2 Yard Run,2nd & 13 at MIA 37,01:07 4th,— K.Cousins kneels to MIA 39 for -2 yards.
2026,WEEK 1,Sunday,September 13th,MIA,LV,4th Quarter,9,Las Vegas Raiders,0,3,0,-1 Yard Run,3rd & 15 at MIA 39,00:36 4th,— K.Cousins kneels to MIA 40 for -1 yards.
2026,WEEK 1,Sunday,September 13th,GB,MIN,1st Quarter,1,Minnesota Vikings,0,1,0,Kickoff from GB 35,,Kickoff,"— T.Smack kicks 65 yards from GB 35 to end zone, Touchback to the MIN 35."
2026,WEEK 1,Sunday,September 13th,GB,MIN,1st Quarter,1,Minnesota Vikings,0,2,0,-1 Yard Run,1st & 10 at MIN 35,15:00 1st Shotgun,— A.Jones up the middle to MIN 34 for -1 yards (K.Nixon).
2026,WEEK 1,Sunday,September 13th,GB,MIN,1st Quarter,1,Minnesota Vikings,0,3,0,Interception,2nd & 11 at MIN 34,14:23 1st Shotgun,— K.Murray pass deep right intended for J.Jennings INTERCEPTED by K.Nixon [Z.Franklin] at GB 36. K.Nixon to GB 47 for 11 yards (T.Hockenson).
2026,WEEK 1,Sunday,September 13th,GB,MIN,1st Quarter,2,Green Bay Packers,1,1,0,Pass Incomplete,1st & 10 at GB 47,14:14 1st,— J.Love pass incomplete short middle to T.Kraft [D.Turner].
2026,WEEK 1,Sunday,September 13th,GB,MIN,1st Quarter,2,Green Bay Packers,1,2,0,14 Yard Run,2nd & 10 at GB 47,14:10 1st,— C.Brooks left tackle to MIN 39 for 14 yards (T.Jackson).
2026,WEEK 1,Sunday,September 13th,GB,MIN,1st Quarter,2,Green Bay Packers,1,3,0,-5 Yard Penalty,1st & 10 at MIN 39,13:29 1st Shotgun,"— PENALTY on GB-J.Morgan, False Start, 5 yards, enforced at MIN 39 - No Play."
2026,WEEK 1,Sunday,September 13th,GB,MIN,1st Quarter,2,Green Bay Packers,1,4,0,3 Yard Run,1st & 15 at MIN 44,13:10 1st,— C.Brooks left guard to MIN 41 for 3 yards (J.Metellus; E.Wilson).
2026,WEEK 1,Sunday,September 13th,GB,MIN,1st Quarter,2,Green Bay Packers,1,5,0,Pass Incomplete,2nd & 12 at MIN 41,12:25 1st Shotgun,— J.Love pass incomplete deep middle to T.Kraft.
2026,WEEK 1,Sunday,September 13th,GB,MIN,1st Quarter,2,Green Bay Packers,1,6,0,Pass Incomplete,3rd & 12 at MIN 41,12:22 1st Shotgun,— J.Love pass incomplete deep right to M.Golden [A.Van Ginkel].
2026,WEEK 1,Sunday,September 13th,GB,MIN,1st Quarter,2,Green Bay Packers,1,7,1,Field Goal,4th & 12 at MIN 41,12:16 1st,"— T.Smack 59 yard field goal is GOOD, Center-M.Orzech, Holder-D.Whelan."
2026,WEEK 1,Sunday,September 13th,GB,MIN,1st Quarter,3,Minnesota Vikings,0,1,0,Kickoff from GB 35,,Kickoff,— T.Smack kicks 64 yards from GB 35 to MIN 1. M.Price to MIN 30 for 29 yards (K.Hadden).
2026,WEEK 1,Sunday,September 13th,GB,MIN,1st Quarter,3,Minnesota Vikings,0,2,0,Pass Incomplete,1st & 10 at MIN 30,12:06 1st,— K.Murray pass incomplete short right.
2026,WEEK 1,Sunday,September 13th,GB,MIN,1st Quarter,3,Minnesota Vikings,0,3,0,6 Yard Run,2nd & 10 at MIN 30,12:00 1st,— A.Jones left end to MIN 36 for 6 yards (B.Sorrell).
2026,WEEK 1,Sunday,September 13th,GB,MIN,1st Quarter,3,Minnesota Vikings,0,4,0,9 Yard Pass,3rd & 4 at MIN 36,11:19 1st Shotgun,— K.Murray pass short right to J.Jefferson to MIN 45 for 9 yards (K.Nixon).
2026,WEEK 1,Sunday,September 13th,GB,MIN,1st Quarter,3,Minnesota Vikings,0,5,0,-4 Yard Run,1st & 10 at MIN 45,10:37 1st,"— J.Mason left end to MIN 41 for -4 yards (E.Cooper, D.Dennis-Sutton)."
2026,WEEK 1,Sunday,September 13th,GB,MIN,1st Quarter,3,Minnesota Vikings,0,6,0,7 Yard Run,2nd & 14 at MIN 41,09:57 1st Shotgun,— K.Murray scrambles left end ran ob at MIN 48 for 7 yards (B.Cisse).
2026,WEEK 1,Sunday,September 13th,GB,MIN,1st Quarter,3,Minnesota Vikings,0,7,0,-5 Yard Penalty,3rd & 7 at MIN 48,09:17 1st Shotgun,"— PENALTY on MIN-B.O'Neill, False Start, 5 yards, enforced at MIN 48 - No Play."
2026,WEEK 1,Sunday,September 13th,GB,MIN,1st Quarter,3,Minnesota Vikings,0,8,0,-5 Yard Penalty,3rd & 12 at MIN 43,08:57 1st Shotgun,"— PENALTY on MIN-B.Brandel, False Start, 5 yards, enforced at MIN 43 - No Play."
2026,WEEK 1,Sunday,September 13th,GB,MIN,1st Quarter,3,Minnesota Vikings,0,9,0,7 Yard Pass,3rd & 17 at MIN 38,08:43 1st Shotgun,— K.Murray pass short right to T.Hockenson to MIN 45 for 7 yards (X.McKinney).
2026,WEEK 1,Sunday,September 13th,GB,MIN,1st Quarter,3,Minnesota Vikings,0,10,0,Punt,4th & 10 at MIN 45,08:13 1st,"— B.Thorson punts 36 yards to GB 19, Center-A.DePaola, fair catch by S.Moore."
2026,WEEK 1,Sunday,September 13th,GB,MIN,1st Quarter,4,Green Bay Packers,1,1,0,Pass Incomplete,1st & 10 at GB 19,07:56 1st Shotgun,"— J.Love pass short right to J.Smith to GB 23 for 4 yards (B.Murphy). Minnesota challenged the pass completion ruling, and the play was REVERSED. (Shotgun) J.Love pass incomplete short right to J.Smith (B.Murphy)."
2026,WEEK 1,Sunday,September 13th,GB,MIN,1st Quarter,4,Green Bay Packers,1,2,1,Touchdown,2nd & 10 at GB 19,07:54 1st Shotgun,"— J.Love pass deep middle to C.Watson for 81 yards, TOUCHDOWN. MIN-I.Rodgers was injured during the play."
2026,WEEK 1,Sunday,September 13th,GB,MIN,1st Quarter,4,Green Bay Packers,1,3,0,Extra Point No Good,,07:43 1st,"— T.Smack extra point is No Good, Wide Right, Center-M.Orzech, Holder-D.Whelan."
2026,WEEK 1,Sunday,September 13th,GB,MIN,1st Quarter,5,Minnesota Vikings,1,1,0,Kickoff from GB 35,,Kickoff,— T.Smack kicks 61 yards from GB 35 to MIN 4. M.Price to MIN 30 for 26 yards (B.Sorrell).
2026,WEEK 1,Sunday,September 13th,GB,MIN,1st Quarter,5,Minnesota Vikings,1,2,0,1 Yard Run,1st & 10 at MIN 30,07:38 1st,— J.Mason right end to MIN 31 for 1 yard (D.Wyatt).
2026,WEEK 1,Sunday,September 13th,GB,MIN,1st Quarter,5,Minnesota Vikings,1,3,0,2 Yard Pass,2nd & 9 at MIN 31,06:58 1st Shotgun,— K.Murray pass short left to J.Jefferson to MIN 33 for 2 yards (J.Bullard).
2026,WEEK 1,Sunday,September 13th,GB,MIN,1st Quarter,5,Minnesota Vikings,1,4,0,17 Yard Run,3rd & 7 at MIN 33,06:16 1st Shotgun,"— K.Murray scrambles right end to MIN 35 for 2 yards (L.Van Ness). MIN-K.Murray was injured during the play. PENALTY on GB-J.Bullard, Unnecessary Roughness, 15 yards, enforced at MIN 35."
2026,WEEK 1,Sunday,September 13th,GB,MIN,1st Quarter,5,Minnesota Vikings,1,5,0,4 Yard Run,1st & 10 at 50,05:58 1st,— J.Mason right tackle to GB 46 for 4 yards (B.Cox).
2026,WEEK 1,Sunday,September 13th,GB,MIN,1st Quarter,5,Minnesota Vikings,1,6,0,Pass Incomplete,2nd & 6 at GB 46,05:13 1st,— C.Wentz pass incomplete deep right to J.Jefferson.
2026,WEEK 1,Sunday,September 13th,GB,MIN,1st Quarter,5,Minnesota Vikings,1,7,0,9 Yard Pass,3rd & 6 at GB 46,05:08 1st Shotgun,— C.Wentz pass short right to J.Jefferson pushed ob at GB 37 for 9 yards (K.Nixon).
2026,WEEK 1,Sunday,September 13th,GB,MIN,1st Quarter,5,Minnesota Vikings,1,8,0,8 Yard Run,1st & 10 at GB 37,04:32 1st Shotgun,— A.Jones up the middle to GB 29 for 8 yards (E.Williams).
2026,WEEK 1,Sunday,September 13th,GB,MIN,1st Quarter,5,Minnesota Vikings,1,9,0,4 Yard Run,2nd & 2 at GB 29,03:51 1st,— A.Jones left guard to GB 25 for 4 yards (D.Wyatt).
2026,WEEK 1,Sunday,September 13th,GB,MIN,1st Quarter,5,Minnesota Vikings,1,10,0,4 Yard Run,1st & 10 at GB 25,03:07 1st,— J.Mason left end pushed ob at GB 21 for 4 yards (E.Williams).
2026,WEEK 1,Sunday,September 13th,GB,MIN,1st Quarter,5,Minnesota Vikings,1,11,0,1 Yard Run,2nd & 6 at GB 21,02:31 1st Shotgun,— C.Wentz scrambles up the middle to GB 20 for 1 yard (B.Cox).
2026,WEEK 1,Sunday,September 13th,GB,MIN,1st Quarter,5,Minnesota Vikings,1,12,0,Pass Incomplete,3rd & 5 at GB 20,01:46 1st Shotgun,— C.Wentz pass incomplete short left to J.Addison.
2026,WEEK 1,Sunday,September 13th,GB,MIN,1st Quarter,5,Minnesota Vikings,1,13,1,Field Goal,4th & 5 at GB 20,01:42 1st,"— W.Reichard 38 yard field goal is GOOD, Center-A.DePaola, Holder-B.Thorson."
2026,WEEK 1,Sunday,September 13th,GB,MIN,2nd Quarter,1,Green Bay Packers,1,1,0,Kickoff from MIN 35,,Kickoff,— W.Reichard kicks 64 yards from MIN 35 to GB 1. B.Melton pushed ob at MIN 40 for 59 yards (J.Pierre).
2026,WEEK 1,Sunday,September 13th,GB,MIN,2nd Quarter,1,Green Bay Packers,1,2,0,5 Yard Run,1st & 10 at MIN 40,01:30 1st,— A.Belton reported in as eligible. M.Lloyd left tackle to MIN 35 for 5 yards (J.Redmond). ** Injury Update: MIN-I.Rodgers has returned to the game.
2026,WEEK 1,Sunday,September 13th,GB,MIN,2nd Quarter,1,Green Bay Packers,1,3,0,-2 Yard Run,2nd & 5 at MIN 35,00:53 1st,— M.Lloyd left end to MIN 37 for -2 yards (I.Pace).
2026,WEEK 1,Sunday,September 13th,GB,MIN,2nd Quarter,1,Green Bay Packers,1,4,0,10 Yard Pass,3rd & 7 at MIN 37,"00:32 1st No Huddle, Shotgun",— J.Love pass short left to C.Watson to MIN 27 for 10 yards (B.Murphy).
2026,WEEK 1,Sunday,September 13th,GB,MIN,2nd Quarter,1,Green Bay Packers,1,5,0,Pass Incomplete,1st & 10 at MIN 27,00:09 1st No Huddle,— J.Love pass incomplete short right to M.Golden.
2026,WEEK 1,Sunday,September 13th,GB,MIN,2nd Quarter,1,Green Bay Packers,1,6,0,1 Yard Run,2nd & 10 at MIN 27,00:07 1st Shotgun,— M.Lloyd left tackle to MIN 26 for 1 yard (J.Redmond).
2026,WEEK 1,Sunday,September 13th,GB,MIN,2nd Quarter,1,Green Bay Packers,1,7,0,6 Yard Pass,3rd & 9 at MIN 26,15:00 2nd Shotgun,— J.Love pass short right to C.Watson to MIN 20 for 6 yards (I.Rodgers).
2026,WEEK 1,Sunday,September 13th,GB,MIN,2nd Quarter,1,Green Bay Packers,1,8,0,-5 Yard Penalty,4th & 3 at MIN 20,14:10 2nd Shotgun,"— PENALTY on GB-J.Love, False Start, 5 yards, enforced at MIN 20 - No Play."
2026,WEEK 1,Sunday,September 13th,GB,MIN,2nd Quarter,1,Green Bay Packers,1,9,1,Field Goal,4th & 8 at MIN 25,13:56 2nd,"— T.Smack 43 yard field goal is GOOD, Center-M.Orzech, Holder-D.Whelan."
2026,WEEK 1,Sunday,September 13th,GB,MIN,2nd Quarter,2,Minnesota Vikings,0,1,0,Kickoff from GB 35,,Kickoff,— T.Smack kicks 59 yards from GB 35 to MIN 6. M.Price ran ob at MIN 40 for 34 yards (B.St-Juste).
2026,WEEK 1,Sunday,September 13th,GB,MIN,2nd Quarter,2,Minnesota Vikings,0,2,0,8 Yard Run,1st & 10 at MIN 40,13:46 2nd,— J.Mason right guard to MIN 48 for 8 yards (E.Williams).
2026,WEEK 1,Sunday,September 13th,GB,MIN,2nd Quarter,2,Minnesota Vikings,0,3,0,1 Yard Run,2nd & 2 at MIN 48,13:06 2nd Shotgun,— J.Mason up the middle to MIN 49 for 1 yard (D.Wyatt).
2026,WEEK 1,Sunday,September 13th,GB,MIN,2nd Quarter,2,Minnesota Vikings,0,4,0,1 Yard Run,3rd & 1 at MIN 49,12:40 2nd No Huddle,— C.Wentz up the middle to 50 for 1 yard (L.Van Ness).
2026,WEEK 1,Sunday,September 13th,GB,MIN,2nd Quarter,2,Minnesota Vikings,0,5,0,1 Yard Run,1st & 10 at 50,"12:10 2nd No Huddle, Shotgun",— J.Mason right guard to GB 49 for 1 yard (Z.Franklin; C.McClellan).
2026,WEEK 1,Sunday,September 13th,GB,MIN,2nd Quarter,2,Minnesota Vikings,0,6,0,Pass Incomplete,2nd & 9 at GB 49,11:26 2nd Shotgun,— C.Wentz pass incomplete short middle to A.Jones.
2026,WEEK 1,Sunday,September 13th,GB,MIN,2nd Quarter,2,Minnesota Vikings,0,7,0,1 Yard Pass,3rd & 9 at GB 49,11:21 2nd Shotgun,— C.Wentz pass short right to D.Dallas to GB 48 for 1 yard (E.Cooper).
2026,WEEK 1,Sunday,September 13th,GB,MIN,2nd Quarter,2,Minnesota Vikings,0,8,0,Punt,4th & 8 at GB 48,10:40 2nd,"— B.Thorson punts 34 yards to GB 14, Center-A.DePaola, fair catch by S.Moore."
2026,WEEK 1,Sunday,September 13th,GB,MIN,2nd Quarter,3,Green Bay Packers,0,1,0,30 Yard Pass,1st & 10 at GB 14,10:34 2nd,— J.Love pass deep left to T.Kraft to GB 44 for 30 yards (B.Murphy) [L.Rodriguez].
2026,WEEK 1,Sunday,September 13th,GB,MIN,2nd Quarter,3,Green Bay Packers,0,2,0,2 Yard Run,1st & 10 at GB 44,09:53 2nd,— M.Lloyd right tackle to GB 46 for 2 yards (E.Wilson).
2026,WEEK 1,Sunday,September 13th,GB,MIN,2nd Quarter,3,Green Bay Packers,0,3,0,Pass Incomplete,2nd & 8 at GB 46,09:18 2nd,— J.Love pass incomplete deep left to J.Reed.
2026,WEEK 1,Sunday,September 13th,GB,MIN,2nd Quarter,3,Green Bay Packers,0,4,0,5 Yard Pass,3rd & 8 at GB 46,09:15 2nd Shotgun,— J.Love pass short left to M.Golden to MIN 49 for 5 yards (I.Rodgers).
2026,WEEK 1,Sunday,September 13th,GB,MIN,2nd Quarter,3,Green Bay Packers,0,5,0,Punt,4th & 3 at MIN 49,08:28 2nd,"— D.Whelan punts 45 yards to MIN 4, Center-M.Orzech, downed by GB-B.Melton."
2026,WEEK 1,Sunday,September 13th,GB,MIN,2nd Quarter,4,Minnesota Vikings,0,1,0,6 Yard Run,1st & 10 at MIN 4,08:20 2nd,— A.Jones up the middle to MIN 10 for 6 yards (J.Ford). The player down by contact was assisted by replay.
2026,WEEK 1,Sunday,September 13th,GB,MIN,2nd Quarter,4,Minnesota Vikings,0,2,0,0 Yard Run,2nd & 4 at MIN 10,07:39 2nd,— A.Jones left end to MIN 10 for no gain (L.Van Ness).
2026,WEEK 1,Sunday,September 13th,GB,MIN,2nd Quarter,4,Minnesota Vikings,0,3,0,-5 Yard Sack,3rd & 4 at MIN 10,06:53 2nd Shotgun,— C.Wentz sacked at MIN 5 for -5 yards (L.Van Ness).
2026,WEEK 1,Sunday,September 13th,GB,MIN,2nd Quarter,4,Minnesota Vikings,0,4,0,Punt,4th & 9 at MIN 5,06:08 2nd,"— B.Thorson punts 43 yards to MIN 48, Center-A.DePaola. S.Moore to MIN 36 for 12 yards (A.DePaola; Jac.Thomas)."
2026,WEEK 1,Sunday,September 13th,GB,MIN,2nd Quarter,5,Green Bay Packers,0,1,0,-5 Yard Penalty,1st & 10 at MIN 36,05:56 2nd,"— PENALTY on GB-D.Jennings, False Start, 5 yards, enforced at MIN 36 - No Play."
2026,WEEK 1,Sunday,September 13th,GB,MIN,2nd Quarter,5,Green Bay Packers,0,2,0,Pass Incomplete,1st & 15 at MIN 41,05:56 2nd,— J.Love pass incomplete short right [D.Turner].
2026,WEEK 1,Sunday,September 13th,GB,MIN,2nd Quarter,5,Green Bay Packers,0,3,0,-10 Yard Penalty,2nd & 15 at MIN 41,05:52 2nd Shotgun,"— C.Brooks right end to MIN 37 for 4 yards (B.Murphy). PENALTY on GB-S.Rhyan, Offensive Holding, 10 yards, enforced at MIN 41 - No Play."
2026,WEEK 1,Sunday,September 13th,GB,MIN,2nd Quarter,5,Green Bay Packers,0,4,0,Pass Incomplete,2nd & 25 at GB 49,05:34 2nd Shotgun,— J.Love pass incomplete short left to C.Brooks [E.Wilson].
2026,WEEK 1,Sunday,September 13th,GB,MIN,2nd Quarter,5,Green Bay Packers,0,5,0,Pass Incomplete,3rd & 25 at GB 49,05:31 2nd Shotgun,— J.Love pass incomplete short left to J.Reed.
2026,WEEK 1,Sunday,September 13th,GB,MIN,2nd Quarter,5,Green Bay Packers,0,6,0,Punt,4th & 25 at GB 49,05:28 2nd,"— D.Whelan punts 49 yards to MIN 2, Center-M.Orzech. M.Price ran ob at MIN 15 for 13 yards (I.McDuffie)."
2026,WEEK 1,Sunday,September 13th,GB,MIN,2nd Quarter,6,Minnesota Vikings,1,1,0,-8 Yard Sack,1st & 10 at MIN 15,05:18 2nd,— C.Wentz sacked at MIN 7 for -8 yards (sack split by K.Nixon and J.Ford).
2026,WEEK 1,Sunday,September 13th,GB,MIN,2nd Quarter,6,Minnesota Vikings,1,2,0,5 Yard Penalty,2nd & 18 at MIN 7,04:36 2nd Shotgun,"— PENALTY on GB-B.Cox, Neutral Zone Infraction, 5 yards, enforced at MIN 7 - No Play."
2026,WEEK 1,Sunday,September 13th,GB,MIN,2nd Quarter,6,Minnesota Vikings,1,3,0,5 Yard Pass,2nd & 13 at MIN 12,04:14 2nd Shotgun,— C.Wentz pass short middle to T.Hockenson to MIN 17 for 5 yards (Z.Franklin).
2026,WEEK 1,Sunday,September 13th,GB,MIN,2nd Quarter,6,Minnesota Vikings,1,4,0,32 Yard Pass,3rd & 8 at MIN 17,"03:43 2nd No Huddle, Shotgun","— C.Wentz pass short middle to J.Jefferson to MIN 34 for 17 yards (E.Williams). PENALTY on GB-E.Williams, Unnecessary Roughness, 15 yards, enforced at MIN 34."
2026,WEEK 1,Sunday,September 13th,GB,MIN,2nd Quarter,6,Minnesota Vikings,1,5,0,4 Yard Run,1st & 10 at MIN 49,03:22 2nd,— J.Mason right guard to GB 47 for 4 yards (K.Brooks; Z.Franklin).
2026,WEEK 1,Sunday,September 13th,GB,MIN,2nd Quarter,6,Minnesota Vikings,1,6,0,Pass Incomplete,2nd & 6 at GB 47,02:40 2nd Shotgun,— C.Wentz pass incomplete short right to J.Oliver.
2026,WEEK 1,Sunday,September 13th,GB,MIN,2nd Quarter,6,Minnesota Vikings,1,7,0,8 Yard Pass,3rd & 6 at GB 47,02:37 2nd Shotgun,— C.Wentz pass short middle to T.Hockenson to GB 39 for 8 yards (E.Williams).
2026,WEEK 1,Sunday,September 13th,GB,MIN,2nd Quarter,6,Minnesota Vikings,1,8,1,Touchdown,1st & 10 at GB 39,"02:02 2nd No Huddle, Shotgun","— C.Wentz pass deep left to J.Jefferson for 39 yards, TOUCHDOWN. Penalty on GB-L.Van Ness, Defensive Offside, declined."
2026,WEEK 1,Sunday,September 13th,GB,MIN,2nd Quarter,6,Minnesota Vikings,1,9,1,Extra Point,,01:55 2nd,"— W.Reichard extra point is GOOD, Center-A.DePaola, Holder-B.Thorson."
2026,WEEK 1,Sunday,September 13th,GB,MIN,2nd Quarter,7,Green Bay Packers,1,1,0,Kickoff from MIN 35,,Kickoff,— W.Reichard kicks 63 yards from MIN 35 to GB 2. B.Melton to GB 26 for 24 yards (D.Dallas).
2026,WEEK 1,Sunday,September 13th,GB,MIN,2nd Quarter,7,Green Bay Packers,1,2,0,2 Yard Run,1st & 10 at GB 26,01:49 2nd Shotgun,— C.Brooks left guard to GB 28 for 2 yards (L.Rodriguez).
2026,WEEK 1,Sunday,September 13th,GB,MIN,2nd Quarter,7,Green Bay Packers,1,3,0,23 Yard Pass,2nd & 8 at GB 28,"01:19 2nd No Huddle, Shotgun",— J.Love pass short left to T.Kraft to MIN 49 for 23 yards (B.Murphy).
2026,WEEK 1,Sunday,September 13th,GB,MIN,2nd Quarter,7,Green Bay Packers,1,4,0,Pass Incomplete,1st & 10 at MIN 49,"00:47 2nd No Huddle, Shotgun",— J.Love pass incomplete deep right to C.Watson [H.Smith].
2026,WEEK 1,Sunday,September 13th,GB,MIN,2nd Quarter,7,Green Bay Packers,1,5,0,10 Yard Pass,2nd & 10 at MIN 49,00:41 2nd Shotgun,— J.Love pass short left to B.Melton ran ob at MIN 39 for 10 yards [D.Turner].
2026,WEEK 1,Sunday,September 13th,GB,MIN,2nd Quarter,7,Green Bay Packers,1,6,0,32 Yard Pass,1st & 10 at MIN 39,00:36 2nd Shotgun,"— J.Love pass deep left to C.Watson to MIN 7 for 32 yards (B.Murphy). Penalty on MIN-B.Murphy, Defensive Pass Interference, declined."
2026,WEEK 1,Sunday,September 13th,GB,MIN,2nd Quarter,7,Green Bay Packers,1,7,0,5 Yard Run,1st & 7 at MIN 7,00:30 2nd Shotgun,— C.Brooks right guard to MIN 2 for 5 yards (B.Cashman).
2026,WEEK 1,Sunday,September 13th,GB,MIN,2nd Quarter,7,Green Bay Packers,1,8,0,Timeout,,00:18 2nd,— Timeout #1 by GB at 00:18.
2026,WEEK 1,Sunday,September 13th,GB,MIN,2nd Quarter,7,Green Bay Packers,1,9,1,Touchdown,2nd & 2 at MIN 2,00:18 2nd,"— J.Love pass short right to C.Watson for 2 yards, TOUCHDOWN."
2026,WEEK 1,Sunday,September 13th,GB,MIN,2nd Quarter,7,Green Bay Packers,1,10,1,Extra Point,,00:14 2nd,"— T.Smack extra point is GOOD, Center-M.Orzech, Holder-D.Whelan."
2026,WEEK 1,Sunday,September 13th,GB,MIN,2nd Quarter,8,Minnesota Vikings,0,1,0,Kickoff from GB 35,,Kickoff,— T.Smack kicks 55 yards from GB 35 to MIN 10. M.Price to MIN 32 for 22 yards (I.McDuffie; N.Niemann).
2026,WEEK 1,Sunday,September 13th,GB,MIN,2nd Quarter,8,Minnesota Vikings,0,2,0,-1 Yard Run,1st & 10 at MIN 32,00:09 2nd,— C.Wentz kneels to MIN 31 for -1 yards.
2026,WEEK 1,Sunday,September 13th,GB,MIN,3rd Quarter,1,Green Bay Packers,0,1,0,Kickoff from MIN 35,,Kickoff,"— W.Reichard kicks 63 yards from MIN 35 to GB 2. B.Melton to GB 24 for 22 yards (Jac.Thomas). PENALTY on GB-D.Dennis-Sutton, Offensive Holding, 10 yards, enforced at GB 24."
2026,WEEK 1,Sunday,September 13th,GB,MIN,3rd Quarter,1,Green Bay Packers,0,2,0,12 Yard Run,1st & 10 at GB 14,14:54 3rd Shotgun,— M.Lloyd left end to GB 26 for 12 yards (T.Jackson).
2026,WEEK 1,Sunday,September 13th,GB,MIN,3rd Quarter,1,Green Bay Packers,0,3,0,12 Yard Pass,1st & 10 at GB 26,14:13 3rd,— J.Love pass short left to T.Kraft to GB 38 for 12 yards (B.Murphy).
2026,WEEK 1,Sunday,September 13th,GB,MIN,3rd Quarter,1,Green Bay Packers,0,4,0,-1 Yard Run,1st & 10 at GB 38,13:33 3rd,"— C.Brooks up the middle to GB 37 for -1 yards (B.Cashman, J.Redmond)."
2026,WEEK 1,Sunday,September 13th,GB,MIN,3rd Quarter,1,Green Bay Packers,0,5,0,Pass Incomplete,2nd & 11 at GB 37,12:47 3rd,— J.Love pass incomplete deep right.
2026,WEEK 1,Sunday,September 13th,GB,MIN,3rd Quarter,1,Green Bay Packers,0,6,0,1 Yard Run,3rd & 11 at GB 37,12:41 3rd Shotgun,— C.Brooks left end to GB 38 for 1 yard (D.Turner).
2026,WEEK 1,Sunday,September 13th,GB,MIN,3rd Quarter,1,Green Bay Packers,0,7,0,Punt,4th & 10 at GB 38,12:09 3rd,"— D.Whelan punts 22 yards to MIN 40, Center-M.Orzech, out of bounds."
2026,WEEK 1,Sunday,September 13th,GB,MIN,3rd Quarter,2,Minnesota Vikings,0,1,0,Pass Incomplete,1st & 10 at MIN 40,12:03 3rd,— C.Wentz pass incomplete short right to J.Oliver [K.Nixon].
2026,WEEK 1,Sunday,September 13th,GB,MIN,3rd Quarter,2,Minnesota Vikings,0,2,0,4 Yard Run,2nd & 10 at MIN 40,12:00 3rd,— A.Jones up the middle to MIN 44 for 4 yards (B.Sorrell).
2026,WEEK 1,Sunday,September 13th,GB,MIN,3rd Quarter,2,Minnesota Vikings,0,3,0,Pass Incomplete,3rd & 6 at MIN 44,11:13 3rd Shotgun,— C.Wentz pass incomplete deep right to J.Addison.
2026,WEEK 1,Sunday,September 13th,GB,MIN,3rd Quarter,2,Minnesota Vikings,0,4,0,Punt,4th & 6 at MIN 44,11:07 3rd,"— B.Thorson punts 48 yards to GB 8, Center-A.DePaola. S.Moore pushed ob at GB 13 for 5 yards (J.Golday). ** Injury Update: GB-J.Whyle has returned to the game."
2026,WEEK 1,Sunday,September 13th,GB,MIN,3rd Quarter,3,Green Bay Packers,1,1,0,13 Yard Pass,1st & 10 at GB 13,10:55 3rd,— A.Belton reported in as eligible. J.Love pass short right to M.Golden ran ob at GB 26 for 13 yards [D.Turner].
2026,WEEK 1,Sunday,September 13th,GB,MIN,3rd Quarter,3,Green Bay Packers,1,2,0,6 Yard Run,1st & 10 at GB 26,10:26 3rd Shotgun,— M.Lloyd right guard to GB 32 for 6 yards (K.Van Noy).
2026,WEEK 1,Sunday,September 13th,GB,MIN,3rd Quarter,3,Green Bay Packers,1,3,0,4 Yard Run,2nd & 4 at GB 32,09:49 3rd,— M.Lloyd right tackle to GB 36 for 4 yards (E.Wilson).
2026,WEEK 1,Sunday,September 13th,GB,MIN,3rd Quarter,3,Green Bay Packers,1,4,0,1 Yard Run,1st & 10 at GB 36,09:05 3rd,— M.Lloyd left end to GB 37 for 1 yard (A.Van Ginkel).
2026,WEEK 1,Sunday,September 13th,GB,MIN,3rd Quarter,3,Green Bay Packers,1,5,0,5 Yard Run,2nd & 9 at GB 37,08:28 3rd,— C.Brooks left end to GB 42 for 5 yards (B.Murphy).
2026,WEEK 1,Sunday,September 13th,GB,MIN,3rd Quarter,3,Green Bay Packers,1,6,0,6 Yard Pass,3rd & 4 at GB 42,"08:03 3rd No Huddle, Shotgun",— J.Love pass short left to J.Reed to GB 48 for 6 yards (B.Murphy).
2026,WEEK 1,Sunday,September 13th,GB,MIN,3rd Quarter,3,Green Bay Packers,1,7,0,2 Yard Run,1st & 10 at GB 48,07:23 3rd,— M.Lloyd left tackle to 50 for 2 yards (B.Cashman).
2026,WEEK 1,Sunday,September 13th,GB,MIN,3rd Quarter,3,Green Bay Packers,1,8,0,43 Yard Pass,2nd & 8 at 50,06:47 3rd,— J.Love pass deep right to J.Smith to MIN 7 for 43 yards (I.Rodgers).
2026,WEEK 1,Sunday,September 13th,GB,MIN,3rd Quarter,3,Green Bay Packers,1,9,0,-1 Yard Run,1st & 7 at MIN 7,05:59 3rd,"— M.Lloyd left tackle to MIN 8 for -1 yards (T.Ingram-Dawkins, L.Rodriguez)."
2026,WEEK 1,Sunday,September 13th,GB,MIN,3rd Quarter,3,Green Bay Packers,1,10,0,Pass Incomplete,2nd & 8 at MIN 8,05:20 3rd Shotgun,— J.Love pass incomplete short left to M.Golden.
2026,WEEK 1,Sunday,September 13th,GB,MIN,3rd Quarter,3,Green Bay Packers,1,11,0,Timeout,,05:15 3rd,— Timeout #1 by MIN at 05:15.
2026,WEEK 1,Sunday,September 13th,GB,MIN,3rd Quarter,3,Green Bay Packers,1,12,0,Pass Incomplete,3rd & 8 at MIN 8,05:15 3rd Shotgun,— J.Love pass incomplete short right to J.Reed [B.Cashman].
2026,WEEK 1,Sunday,September 13th,GB,MIN,3rd Quarter,3,Green Bay Packers,1,13,1,Field Goal,4th & 8 at MIN 8,05:12 3rd,"— T.Smack 26 yard field goal is GOOD, Center-M.Orzech, Holder-D.Whelan."
2026,WEEK 1,Sunday,September 13th,GB,MIN,3rd Quarter,4,Minnesota Vikings,1,1,0,Kickoff from GB 35,,Kickoff,— T.Smack kicks 61 yards from GB 35 to MIN 4. M.Price to GB 28 for 68 yards (K.Welch).
2026,WEEK 1,Sunday,September 13th,GB,MIN,3rd Quarter,4,Minnesota Vikings,1,2,0,9 Yard Pass,1st & 10 at GB 28,04:59 3rd Shotgun,— C.Wentz pass short middle to J.Oliver to GB 19 for 9 yards (E.Cooper).
2026,WEEK 1,Sunday,September 13th,GB,MIN,3rd Quarter,4,Minnesota Vikings,1,3,0,0 Yard Run,2nd & 1 at GB 19,04:23 3rd,— J.Mason up the middle to GB 19 for no gain (E.Cooper).
2026,WEEK 1,Sunday,September 13th,GB,MIN,3rd Quarter,4,Minnesota Vikings,1,4,0,1 Yard Run,3rd & 1 at GB 19,03:42 3rd,— A.Jones left guard to GB 18 for 1 yard (E.Cooper).
2026,WEEK 1,Sunday,September 13th,GB,MIN,3rd Quarter,4,Minnesota Vikings,1,5,0,Pass Incomplete,1st & 10 at GB 18,02:58 3rd Shotgun,— C.Wentz pass incomplete short left to T.Hockenson (B.Cisse).
2026,WEEK 1,Sunday,September 13th,GB,MIN,3rd Quarter,4,Minnesota Vikings,1,6,0,2 Yard Run,2nd & 10 at GB 18,02:53 3rd,— A.Jones right guard to GB 16 for 2 yards (J.Hargrave).
2026,WEEK 1,Sunday,September 13th,GB,MIN,3rd Quarter,4,Minnesota Vikings,1,7,1,Touchdown,3rd & 8 at GB 16,02:11 3rd Shotgun,"— C.Wentz pass deep middle to T.Hockenson for 16 yards, TOUCHDOWN."
2026,WEEK 1,Sunday,September 13th,GB,MIN,3rd Quarter,4,Minnesota Vikings,1,8,1,Extra Point,,02:08 3rd,"— W.Reichard extra point is GOOD, Center-A.DePaola, Holder-B.Thorson."
2026,WEEK 1,Sunday,September 13th,GB,MIN,4th Quarter,1,Green Bay Packers,0,1,0,Kickoff from MIN 35,,Kickoff,— W.Reichard kicks 61 yards from MIN 35 to GB 4. K.Johnson to GB 29 for 25 yards (I.Pace).
2026,WEEK 1,Sunday,September 13th,GB,MIN,4th Quarter,1,Green Bay Packers,0,2,0,6 Yard Run,1st & 10 at GB 29,02:04 3rd Shotgun,— M.Lloyd left end to GB 35 for 6 yards (B.Murphy; B.Cashman).
2026,WEEK 1,Sunday,September 13th,GB,MIN,4th Quarter,1,Green Bay Packers,0,3,0,7 Yard Pass,2nd & 4 at GB 35,01:24 3rd,— J.Love pass short right to M.Golden to GB 42 for 7 yards (J.Redmond).
2026,WEEK 1,Sunday,September 13th,GB,MIN,4th Quarter,1,Green Bay Packers,0,4,0,-10 Yard Sack,1st & 10 at GB 42,00:42 3rd,— J.Love sacked at GB 32 for -10 yards (L.Rodriguez).
2026,WEEK 1,Sunday,September 13th,GB,MIN,4th Quarter,1,Green Bay Packers,0,5,0,42 Yard Pass,2nd & 20 at GB 32,15:00 4th Shotgun,— J.Love pass deep middle to M.Golden to MIN 26 for 42 yards (J.Metellus).
2026,WEEK 1,Sunday,September 13th,GB,MIN,4th Quarter,1,Green Bay Packers,0,6,0,4 Yard Run,1st & 10 at MIN 26,14:12 4th,— A.Belton reported in as eligible. M.Lloyd left tackle to MIN 22 for 4 yards (B.Cashman).
2026,WEEK 1,Sunday,September 13th,GB,MIN,4th Quarter,1,Green Bay Packers,0,7,0,Pass Incomplete,2nd & 6 at MIN 22,13:32 4th,— J.Love pass incomplete short right to T.Kraft.
2026,WEEK 1,Sunday,September 13th,GB,MIN,4th Quarter,1,Green Bay Packers,0,8,0,Pass Incomplete,3rd & 6 at MIN 22,13:25 4th Shotgun,— J.Love pass incomplete short middle to M.Golden.
2026,WEEK 1,Sunday,September 13th,GB,MIN,4th Quarter,1,Green Bay Packers,0,9,0,Turnover on Downs,4th & 1 at MIN 17,13:17 4th,— J.Love right guard to MIN 17 for no gain (D.Orange). (Virtual Measurement).
2026,WEEK 1,Sunday,September 13th,GB,MIN,4th Quarter,2,Minnesota Vikings,1,1,0,5 Yard Penalty,1st & 10 at MIN 17,13:11 4th,"— PENALTY on GB-J.Ford, Encroachment, 5 yards, enforced at MIN 17 - No Play."
2026,WEEK 1,Sunday,September 13th,GB,MIN,4th Quarter,2,Minnesota Vikings,1,2,0,13 Yard Pass,1st & 5 at MIN 22,13:11 4th Shotgun,— C.Wentz pass short left to J.Oliver to MIN 35 for 13 yards (X.McKinney).
2026,WEEK 1,Sunday,September 13th,GB,MIN,4th Quarter,2,Minnesota Vikings,1,3,0,5 Yard Run,1st & 10 at MIN 35,12:29 4th,— A.Jones left tackle to MIN 40 for 5 yards (J.Ford).
2026,WEEK 1,Sunday,September 13th,GB,MIN,4th Quarter,2,Minnesota Vikings,1,4,0,-6 Yard Sack,2nd & 5 at MIN 40,11:45 4th,— C.Wentz sacked at MIN 34 for -6 yards (E.Cooper).
2026,WEEK 1,Sunday,September 13th,GB,MIN,4th Quarter,2,Minnesota Vikings,1,5,0,5 Yard Penalty,3rd & 11 at MIN 34,11:03 4th Shotgun,"— C.Wentz sacked at MIN 24 for -10 yards (sack split by E.Cooper and D.Wyatt). PENALTY on GB-J.Bullard, Illegal Contact, 5 yards, enforced at MIN 34 - No Play."
2026,WEEK 1,Sunday,September 13th,GB,MIN,4th Quarter,2,Minnesota Vikings,1,6,0,5 Yard Run,1st & 10 at MIN 39,10:42 4th,— J.Mason up the middle to MIN 44 for 5 yards (Z.Franklin).
2026,WEEK 1,Sunday,September 13th,GB,MIN,4th Quarter,2,Minnesota Vikings,1,7,0,2 Yard Pass,2nd & 5 at MIN 44,10:01 4th Shotgun,— C.Wentz pass short right to J.Jefferson to MIN 46 for 2 yards (K.Nixon; E.Cooper).
2026,WEEK 1,Sunday,September 13th,GB,MIN,4th Quarter,2,Minnesota Vikings,1,8,0,15 Yard Penalty,3rd & 3 at MIN 46,09:12 4th Shotgun,"— C.Wentz pass incomplete short middle to T.Hockenson (C.McClellan). PENALTY on GB-C.McClellan, Roughing the Passer, 15 yards, enforced at MIN 46 - No Play."
2026,WEEK 1,Sunday,September 13th,GB,MIN,4th Quarter,2,Minnesota Vikings,1,9,0,28 Yard Run,1st & 10 at GB 39,09:09 4th,— J.Mason left end to GB 11 for 28 yards (E.Williams).
2026,WEEK 1,Sunday,September 13th,GB,MIN,4th Quarter,2,Minnesota Vikings,1,10,0,5 Yard Pass,1st & 10 at GB 11,08:20 4th,— C.Wentz pass short right to J.Jefferson to GB 6 for 5 yards (B.Cox).
2026,WEEK 1,Sunday,September 13th,GB,MIN,4th Quarter,2,Minnesota Vikings,1,11,0,0 Yard Run,2nd & 5 at GB 6,07:36 4th,— J.Mason right guard to GB 6 for no gain (J.Ford).
2026,WEEK 1,Sunday,September 13th,GB,MIN,4th Quarter,2,Minnesota Vikings,1,12,0,3 Yard Penalty,3rd & 5 at GB 6,06:49 4th Shotgun,"— C.Wentz pass short middle intended for J.Addison INTERCEPTED by E.Williams [J.Hargrave] at GB -4. E.Williams to GB 13 for 17 yards (A.Jones). PENALTY on GB-X.McKinney, Defensive Holding, 3 yards, enforced at GB 6 - No Play."
2026,WEEK 1,Sunday,September 13th,GB,MIN,4th Quarter,2,Minnesota Vikings,1,13,1,Touchdown,1st & 3 at GB 3,06:42 4th,"— A.Jones left end for 3 yards, TOUCHDOWN."
2026,WEEK 1,Sunday,September 13th,GB,MIN,4th Quarter,2,Minnesota Vikings,1,14,0,2 Point Conversion,,06:37 4th,— TWO-POINT CONVERSION ATTEMPT. C.Wentz pass to J.Jefferson is complete. ATTEMPT SUCCEEDS.
2026,WEEK 1,Sunday,September 13th,GB,MIN,4th Quarter,3,Green Bay Packers,0,1,0,Kickoff from MIN 35,,Kickoff,— W.Reichard kicks 62 yards from MIN 35 to GB 3. K.Johnson to GB 30 for 27 yards (I.Pace).
2026,WEEK 1,Sunday,September 13th,GB,MIN,4th Quarter,3,Green Bay Packers,0,2,0,-3 Yard Run,1st & 10 at GB 30,06:33 4th,"— M.Lloyd up the middle to GB 27 for -3 yards (B.Cashman, T.Ingram-Dawkins)."
2026,WEEK 1,Sunday,September 13th,GB,MIN,4th Quarter,3,Green Bay Packers,0,3,0,-4 Yard Sack,2nd & 13 at GB 27,05:52 4th Shotgun,"— J.Love sacked at GB 18 for -9 yards (D.Turner). FUMBLES (D.Turner) [D.Turner], recovered by GB-Z.Bako-Bewele at GB 16. Z.Bako-Bewele to GB 23 for 7 yards (D.Orange)."
2026,WEEK 1,Sunday,September 13th,GB,MIN,4th Quarter,3,Green Bay Packers,0,4,0,Fumble,3rd & 17 at GB 23,05:01 4th Shotgun,"— J.Love sacked at GB 11 for -12 yards (sack split by A.Van Ginkel and B.Cashman). FUMBLES (A.Van Ginkel) [B.Cashman], RECOVERED by MIN-A.Van Ginkel at GB 8. A.Van Ginkel to GB 1 for 7 yards (Z.Bako-Bewele)."
2026,WEEK 1,Sunday,September 13th,GB,MIN,4th Quarter,4,Minnesota Vikings,1,1,1,Touchdown,1st & 1 at GB 1,04:52 4th,"— J.Mason right guard for 1 yard, TOUCHDOWN. Penalty on GB-B.Sorrell, Defensive Offside, declined."
2026,WEEK 1,Sunday,September 13th,GB,MIN,4th Quarter,4,Minnesota Vikings,1,2,1,Extra Point,,04:48 4th,"— W.Reichard extra point is GOOD, Center-A.DePaola, Holder-B.Thorson."
2026,WEEK 1,Sunday,September 13th,GB,MIN,4th Quarter,5,Green Bay Packers,0,1,0,Kickoff from MIN 35,,Kickoff,— W.Reichard kicks 59 yards from MIN 35 to GB 6. B.Melton to GB 25 for 19 yards (Jac.Thomas). ** Injury Update: GB-B.Melton has returned to the game.
2026,WEEK 1,Sunday,September 13th,GB,MIN,4th Quarter,5,Green Bay Packers,0,2,0,7 Yard Pass,1st & 10 at GB 25,04:44 4th Shotgun,— J.Love pass short middle to J.Reed to GB 32 for 7 yards (J.Pierre).
2026,WEEK 1,Sunday,September 13th,GB,MIN,4th Quarter,5,Green Bay Packers,0,3,0,Interception,2nd & 3 at GB 32,"04:21 4th No Huddle, Shotgun",— J.Love pass short middle intended for C.Watson INTERCEPTED by J.Pierre (H.Smith) at GB 42. J.Pierre pushed ob at GB 14 for 28 yards (J.Love).
2026,WEEK 1,Sunday,September 13th,GB,MIN,4th Quarter,6,Minnesota Vikings,1,1,0,2 Yard Run,1st & 10 at GB 14,04:13 4th,— A.Jones up the middle to GB 12 for 2 yards (X.McKinney).
2026,WEEK 1,Sunday,September 13th,GB,MIN,4th Quarter,6,Minnesota Vikings,1,2,0,Timeout,,04:09 4th,— Timeout #1 by GB at 04:09.
2026,WEEK 1,Sunday,September 13th,GB,MIN,4th Quarter,6,Minnesota Vikings,1,3,0,3 Yard Run,2nd & 8 at GB 12,04:09 4th,— J.Mason left end to GB 9 for 3 yards (K.Brooks; E.Williams).
2026,WEEK 1,Sunday,September 13th,GB,MIN,4th Quarter,6,Minnesota Vikings,1,4,0,Timeout,,04:03 4th,— Timeout #2 by GB at 04:03.
2026,WEEK 1,Sunday,September 13th,GB,MIN,4th Quarter,6,Minnesota Vikings,1,5,1,Touchdown,3rd & 5 at GB 9,04:03 4th,"— C.Wentz pass short right to J.Jefferson for 9 yards, TOUCHDOWN."
2026,WEEK 1,Sunday,September 13th,GB,MIN,4th Quarter,6,Minnesota Vikings,1,6,1,Extra Point,,03:55 4th,"— W.Reichard extra point is GOOD, Center-A.DePaola, Holder-B.Thorson."
2026,WEEK 1,Sunday,September 13th,GB,MIN,4th Quarter,7,Green Bay Packers,0,1,0,Kickoff from MIN 35,,Kickoff,"— W.Reichard kicks 65 yards from MIN 35 to end zone, Touchback to the GB 35."
2026,WEEK 1,Sunday,September 13th,GB,MIN,4th Quarter,7,Green Bay Packers,0,2,0,Pass Incomplete,1st & 10 at GB 35,03:55 4th Shotgun,— J.Love pass incomplete short left to M.Golden.
2026,WEEK 1,Sunday,September 13th,GB,MIN,4th Quarter,7,Green Bay Packers,0,3,0,16 Yard Pass,2nd & 10 at GB 35,03:52 4th Shotgun,— J.Love pass short middle to C.Watson to MIN 49 for 16 yards (J.Metellus).
2026,WEEK 1,Sunday,September 13th,GB,MIN,4th Quarter,7,Green Bay Packers,0,4,0,-5 Yard Sack,1st & 10 at MIN 49,"03:30 4th No Huddle, Shotgun",— J.Love sacked at GB 46 for -5 yards (A.Van Ginkel). The player down by contact was assisted by replay.
2026,WEEK 1,Sunday,September 13th,GB,MIN,4th Quarter,7,Green Bay Packers,0,5,0,20 Yard Pass,2nd & 15 at GB 46,03:09 4th Shotgun,— J.Love pass deep right to M.Golden to MIN 34 for 20 yards (J.Pierre) [D.Turner].
2026,WEEK 1,Sunday,September 13th,GB,MIN,4th Quarter,7,Green Bay Packers,0,6,0,Pass Incomplete,1st & 10 at MIN 34,"02:38 4th No Huddle, Shotgun",— J.Love pass incomplete short right to J.Reed.
2026,WEEK 1,Sunday,September 13th,GB,MIN,4th Quarter,7,Green Bay Packers,0,7,0,7 Yard Pass,2nd & 10 at MIN 34,02:35 4th Shotgun,— J.Love pass short middle to J.Reed to MIN 27 for 7 yards (J.Pierre).
2026,WEEK 1,Sunday,September 13th,GB,MIN,4th Quarter,7,Green Bay Packers,0,8,0,7 Yard Pass,3rd & 3 at MIN 27,"02:13 4th No Huddle, Shotgun",— J.Love pass short middle to J.Smith to MIN 20 for 7 yards (H.Smith).
2026,WEEK 1,Sunday,September 13th,GB,MIN,4th Quarter,7,Green Bay Packers,0,9,0,Pass Incomplete,1st & 10 at MIN 20,02:00 4th Shotgun,— J.Love pass incomplete deep left to M.Lloyd (J.Pierre) [D.Turner].
2026,WEEK 1,Sunday,September 13th,GB,MIN,4th Quarter,7,Green Bay Packers,0,10,0,8 Yard Pass,2nd & 10 at MIN 20,01:55 4th Shotgun,— J.Love pass short right to M.Golden to MIN 12 for 8 yards (J.Metellus).
2026,WEEK 1,Sunday,September 13th,GB,MIN,4th Quarter,7,Green Bay Packers,0,11,0,Pass Incomplete,3rd & 2 at MIN 12,"01:35 4th No Huddle, Shotgun",— J.Love pass incomplete short middle to M.Golden.
2026,WEEK 1,Sunday,September 13th,GB,MIN,4th Quarter,7,Green Bay Packers,0,12,0,Pass Incomplete,4th & 2 at MIN 12,01:31 4th Shotgun,— J.Love pass incomplete short middle to S.Moore.
2026,WEEK 1,Sunday,September 13th,GB,MIN,4th Quarter,8,Minnesota Vikings,0,1,0,3 Yard Run,1st & 10 at MIN 12,01:28 4th,— J.Mason right tackle to MIN 15 for 3 yards (B.Cox).
2026,WEEK 1,Sunday,September 13th,GB,MIN,4th Quarter,8,Minnesota Vikings,0,2,0,-1 Yard Run,2nd & 7 at MIN 15,00:50 4th,— C.Wentz kneels to MIN 14 for -1 yards.
2026,WEEK 1,Sunday,September 13th,GB,MIN,4th Quarter,8,Minnesota Vikings,0,3,0,-1 Yard Run,3rd & 8 at MIN 14,00:33 4th,— C.Wentz kneels to MIN 13 for -1 yards.
2026,WEEK 1,Sunday,September 13th,WAS,PHI,1st Quarter,1,Washington Commanders,1,1,0,Kickoff from PHI 35,,Kickoff,— J.Elliott kicks 62 yards from PHI 35 to WAS 3. J.Lane to WAS 36 for 33 yards (M.Carter).
2026,WEEK 1,Sunday,September 13th,WAS,PHI,1st Quarter,1,Washington Commanders,1,2,0,11 Yard Run,1st & 10 at WAS 36,14:53 1st,— J.Croskey-Merritt left tackle to WAS 47 for 11 yards (M.Epps; J.Campbell).
2026,WEEK 1,Sunday,September 13th,WAS,PHI,1st Quarter,1,Washington Commanders,1,3,0,0 Yard Run,1st & 10 at WAS 47,14:11 1st,— R.White left tackle to WAS 47 for no gain (J.Davis).
2026,WEEK 1,Sunday,September 13th,WAS,PHI,1st Quarter,1,Washington Commanders,1,4,0,Pass Incomplete,2nd & 10 at WAS 47,13:28 1st Shotgun,— J.Daniels pass incomplete short left to T.McLaurin. The incomplete pass was assisted by replay.
2026,WEEK 1,Sunday,September 13th,WAS,PHI,1st Quarter,1,Washington Commanders,1,5,0,13 Yard Pass,3rd & 10 at WAS 47,13:25 1st Shotgun,"— J.Daniels pass short right to S.Diggs to PHI 40 for 13 yards (M.Epps). Penalty on PHI-C.DeJean, Illegal Contact, declined."
2026,WEEK 1,Sunday,September 13th,WAS,PHI,1st Quarter,1,Washington Commanders,1,6,0,Pass Incomplete,1st & 10 at PHI 40,12:59 1st,— J.Daniels pass incomplete short right.
2026,WEEK 1,Sunday,September 13th,WAS,PHI,1st Quarter,1,Washington Commanders,1,7,0,0 Yard Run,2nd & 10 at PHI 40,12:51 1st Shotgun,— J.Croskey-Merritt right guard to PHI 40 for no gain (J.Davis).
2026,WEEK 1,Sunday,September 13th,WAS,PHI,1st Quarter,1,Washington Commanders,1,8,0,3 Yard Run,3rd & 10 at PHI 40,12:08 1st Shotgun,— R.White up the middle to PHI 37 for 3 yards (N.Smith; M.Ojomo).
2026,WEEK 1,Sunday,September 13th,WAS,PHI,1st Quarter,1,Washington Commanders,1,9,1,Field Goal,4th & 7 at PHI 37,11:29 1st,"— D.Stevens 55 yard field goal is GOOD, Center-T.Ott, Holder-T.Way."
2026,WEEK 1,Sunday,September 13th,WAS,PHI,1st Quarter,2,Philadelphia Eagles,0,1,0,Kickoff from WAS 35,,Kickoff,"— D.Stevens kicks 65 yards from WAS 35 to end zone, Touchback to the PHI 35."
2026,WEEK 1,Sunday,September 13th,WAS,PHI,1st Quarter,2,Philadelphia Eagles,0,2,0,Pass Incomplete,1st & 10 at PHI 35,11:23 1st,— J.Hurts pass incomplete short right to S.Barkley.
2026,WEEK 1,Sunday,September 13th,WAS,PHI,1st Quarter,2,Philadelphia Eagles,0,3,0,5 Yard Run,2nd & 10 at PHI 35,11:18 1st,— S.Barkley right guard to PHI 40 for 5 yards (N.Cross; T.Settle).
2026,WEEK 1,Sunday,September 13th,WAS,PHI,1st Quarter,2,Philadelphia Eagles,0,4,0,6 Yard Run,3rd & 5 at PHI 40,10:34 1st Shotgun,— J.Hurts scrambles left tackle ran ob at PHI 46 for 6 yards (M.Sainristil).
2026,WEEK 1,Sunday,September 13th,WAS,PHI,1st Quarter,2,Philadelphia Eagles,0,5,0,-1 Yard Run,1st & 10 at PHI 46,09:57 1st,— S.Barkley left end to PHI 45 for -1 yards (O.Oweh).
2026,WEEK 1,Sunday,September 13th,WAS,PHI,1st Quarter,2,Philadelphia Eagles,0,6,0,3 Yard Pass,2nd & 11 at PHI 45,09:23 1st Shotgun,— J.Hurts pass short left to M.Lemon pushed ob at PHI 48 for 3 yards (A.Robertson).
2026,WEEK 1,Sunday,September 13th,WAS,PHI,1st Quarter,2,Philadelphia Eagles,0,7,0,Pass Incomplete,3rd & 8 at PHI 48,08:47 1st Shotgun,— J.Hurts pass incomplete short left to D.Wicks (R.Douglas).
2026,WEEK 1,Sunday,September 13th,WAS,PHI,1st Quarter,2,Philadelphia Eagles,0,8,0,Punt,4th & 8 at PHI 48,08:43 1st,"— B.Mann punts 46 yards to WAS 6, Center-R.Underwood, out of bounds."
2026,WEEK 1,Sunday,September 13th,WAS,PHI,1st Quarter,3,Washington Commanders,0,1,0,0 Yard Run,1st & 10 at WAS 6,08:33 1st Shotgun,— J.Croskey-Merritt left guard to WAS 6 for no gain (M.Epps).
2026,WEEK 1,Sunday,September 13th,WAS,PHI,1st Quarter,3,Washington Commanders,0,2,0,Pass Incomplete,2nd & 10 at WAS 6,07:53 1st Shotgun,— J.Daniels pass incomplete short middle to S.Diggs.
2026,WEEK 1,Sunday,September 13th,WAS,PHI,1st Quarter,3,Washington Commanders,0,3,0,Pass Incomplete,3rd & 10 at WAS 6,07:48 1st Shotgun,— J.Daniels pass incomplete deep right to D.Brown.
2026,WEEK 1,Sunday,September 13th,WAS,PHI,1st Quarter,3,Washington Commanders,0,4,0,Punt,4th & 10 at WAS 6,07:42 1st,"— T.Way punts 54 yards to PHI 40, Center-T.Ott. B.Covey to PHI 39 for -1 yards (T.Owens)."
2026,WEEK 1,Sunday,September 13th,WAS,PHI,1st Quarter,4,Philadelphia Eagles,0,1,0,-9 Yard Run,1st & 10 at PHI 39,07:32 1st,"— S.Barkley left end to PHI 44 for 5 yards (A.Robertson; F.Luvu). PENALTY on PHI-C.Jurgens, Offensive Holding, 10 yards, enforced at PHI 40."
2026,WEEK 1,Sunday,September 13th,WAS,PHI,1st Quarter,4,Philadelphia Eagles,0,2,0,-5 Yard Pass,1st & 19 at PHI 30,07:07 1st Shotgun,— J.Hurts pass short right to M.Lemon to PHI 25 for -5 yards (N.Cross).
2026,WEEK 1,Sunday,September 13th,WAS,PHI,1st Quarter,4,Philadelphia Eagles,0,3,0,12 Yard Pass,2nd & 24 at PHI 25,06:25 1st Shotgun,— J.Hurts pass short middle to D.Smith to PHI 37 for 12 yards (Q.Martin).
2026,WEEK 1,Sunday,September 13th,WAS,PHI,1st Quarter,4,Philadelphia Eagles,0,4,0,-9 Yard Sack,3rd & 12 at PHI 37,05:41 1st Shotgun,— J.Hurts sacked at PHI 28 for -9 yards (F.Luvu).
2026,WEEK 1,Sunday,September 13th,WAS,PHI,1st Quarter,4,Philadelphia Eagles,0,5,0,Punt,4th & 21 at PHI 28,05:09 1st,"— B.Mann punts 64 yards to WAS 8, Center-R.Underwood. J.Lane to WAS 22 for 14 yards (D.Cooper)."
2026,WEEK 1,Sunday,September 13th,WAS,PHI,1st Quarter,5,Washington Commanders,0,1,0,4 Yard Run,1st & 10 at WAS 22,04:57 1st,— R.White left tackle to WAS 26 for 4 yards (N.Smith).
2026,WEEK 1,Sunday,September 13th,WAS,PHI,1st Quarter,5,Washington Commanders,0,2,0,5 Yard Pass,2nd & 6 at WAS 26,04:15 1st,— J.Daniels pass short left to J.Bates to WAS 31 for 5 yards (A.Epenesa; J.Davis).
2026,WEEK 1,Sunday,September 13th,WAS,PHI,1st Quarter,5,Washington Commanders,0,3,0,0 Yard Run,3rd & 1 at WAS 31,03:31 1st,— A.Wylie reported in as eligible. R.White up the middle to WAS 31 for no gain (J.Carter; Z.Baun).
2026,WEEK 1,Sunday,September 13th,WAS,PHI,1st Quarter,5,Washington Commanders,0,4,0,Punt,4th & 1 at WAS 31,02:49 1st,"— T.Way punts 60 yards to PHI 9, Center-T.Ott. B.Covey to PHI 24 for 15 yards (K.Medrano)."
2026,WEEK 1,Sunday,September 13th,WAS,PHI,2nd Quarter,1,Philadelphia Eagles,1,1,0,6 Yard Run,1st & 10 at PHI 24,02:38 1st,— S.Barkley right end to PHI 30 for 6 yards (M.Sainristil).
2026,WEEK 1,Sunday,September 13th,WAS,PHI,2nd Quarter,1,Philadelphia Eagles,1,2,0,64 Yard Pass,2nd & 4 at PHI 30,01:57 1st,— J.Hurts pass deep right to D.Wicks to WAS 6 for 64 yards (J.Reaves).
2026,WEEK 1,Sunday,September 13th,WAS,PHI,2nd Quarter,1,Philadelphia Eagles,1,3,0,Timeout,,01:02 1st,— Timeout #1 by PHI at 01:02.
2026,WEEK 1,Sunday,September 13th,WAS,PHI,2nd Quarter,1,Philadelphia Eagles,1,4,0,-10 Yard Penalty,1st & 6 at WAS 6,01:02 1st,"— S.Barkley left tackle to WAS 2 for 4 yards (F.Luvu). PENALTY on PHI-C.Jurgens, Offensive Holding, 10 yards, enforced at WAS 6 - No Play."
2026,WEEK 1,Sunday,September 13th,WAS,PHI,2nd Quarter,1,Philadelphia Eagles,1,5,0,-2 Yard Run,1st & 16 at WAS 16,00:39 1st Shotgun,— S.Barkley up the middle to WAS 18 for -2 yards (J.Kinlaw).
2026,WEEK 1,Sunday,September 13th,WAS,PHI,2nd Quarter,1,Philadelphia Eagles,1,6,0,1 Yard Run,2nd & 18 at WAS 18,15:00 2nd Shotgun,— S.Barkley right tackle to WAS 17 for 1 yard (N.Cross).
2026,WEEK 1,Sunday,September 13th,WAS,PHI,2nd Quarter,1,Philadelphia Eagles,1,7,1,Touchdown,3rd & 17 at WAS 17,14:17 2nd Shotgun,"— J.Hurts pass deep right to D.Goedert for 17 yards, TOUCHDOWN."
2026,WEEK 1,Sunday,September 13th,WAS,PHI,2nd Quarter,1,Philadelphia Eagles,1,8,1,Extra Point,,14:11 2nd,"— J.Elliott extra point is GOOD, Center-R.Underwood, Holder-B.Mann."
2026,WEEK 1,Sunday,September 13th,WAS,PHI,2nd Quarter,2,Washington Commanders,0,1,0,Kickoff from PHI 35,,Kickoff,— J.Elliott kicks 62 yards from PHI 35 to WAS 3. R.White to WAS 32 for 29 yards (D.Cooper).
2026,WEEK 1,Sunday,September 13th,WAS,PHI,2nd Quarter,2,Washington Commanders,0,2,0,1 Yard Pass,1st & 10 at WAS 32,14:04 2nd Shotgun,— J.Daniels pass short left to C.Okonkwo to WAS 33 for 1 yard (Q.Mitchell).
2026,WEEK 1,Sunday,September 13th,WAS,PHI,2nd Quarter,2,Washington Commanders,0,3,0,Pass Incomplete,2nd & 9 at WAS 33,13:21 2nd Shotgun,— J.Daniels pass incomplete deep middle to T.McLaurin.
2026,WEEK 1,Sunday,September 13th,WAS,PHI,2nd Quarter,2,Washington Commanders,0,4,0,Pass Incomplete,3rd & 9 at WAS 33,13:16 2nd Shotgun,— J.Daniels pass incomplete deep right to S.Diggs.
2026,WEEK 1,Sunday,September 13th,WAS,PHI,2nd Quarter,2,Washington Commanders,0,5,0,Punt,4th & 9 at WAS 33,13:08 2nd,"— T.Way punts 51 yards to PHI 16, Center-T.Ott. B.Covey pushed ob at PHI 27 for 11 yards (J.Magee)."
2026,WEEK 1,Sunday,September 13th,WAS,PHI,2nd Quarter,3,Philadelphia Eagles,0,1,0,4 Yard Run,1st & 10 at PHI 27,12:58 2nd,— S.Barkley left tackle to PHI 31 for 4 yards (N.Cross).
2026,WEEK 1,Sunday,September 13th,WAS,PHI,2nd Quarter,3,Philadelphia Eagles,0,2,0,Pass Incomplete,2nd & 6 at PHI 31,12:20 2nd Shotgun,— J.Hurts pass incomplete short left to M.Lemon [K.Chaisson].
2026,WEEK 1,Sunday,September 13th,WAS,PHI,2nd Quarter,3,Philadelphia Eagles,0,3,0,Pass Incomplete,3rd & 6 at PHI 31,12:16 2nd Shotgun,— J.Hurts pass incomplete deep right to D.Wicks.
2026,WEEK 1,Sunday,September 13th,WAS,PHI,2nd Quarter,3,Philadelphia Eagles,0,4,0,Punt,4th & 6 at PHI 31,12:11 2nd,"— B.Mann punts 62 yards to WAS 7, Center-R.Underwood. J.Lane to WAS 16 for 9 yards (D.Cooper)."
2026,WEEK 1,Sunday,September 13th,WAS,PHI,2nd Quarter,4,Washington Commanders,0,1,0,2 Yard Run,1st & 10 at WAS 16,12:01 2nd,— J.Daniels scrambles right end ran ob at WAS 18 for 2 yards (J.Campbell).
2026,WEEK 1,Sunday,September 13th,WAS,PHI,2nd Quarter,4,Washington Commanders,0,2,0,9 Yard Run,2nd & 8 at WAS 18,11:24 2nd,— J.Croskey-Merritt left guard to WAS 27 for 9 yards (Z.Baun).
2026,WEEK 1,Sunday,September 13th,WAS,PHI,2nd Quarter,4,Washington Commanders,0,3,0,-10 Yard Penalty,1st & 10 at WAS 27,10:42 2nd Shotgun,"— J.Daniels scrambles right end to WAS 32 for 5 yards (Z.Baun; C.DeJean). PENALTY on WAS-J.Croskey-Merritt, Offensive Holding, 10 yards, enforced at WAS 27 - No Play."
2026,WEEK 1,Sunday,September 13th,WAS,PHI,2nd Quarter,4,Washington Commanders,0,4,0,Pass Incomplete,1st & 20 at WAS 17,10:19 2nd Shotgun,— J.Daniels pass incomplete short middle to S.Diggs (Z.Baun).
2026,WEEK 1,Sunday,September 13th,WAS,PHI,2nd Quarter,4,Washington Commanders,0,5,0,-7 Yard Pass,2nd & 20 at WAS 17,10:15 2nd Shotgun,— J.Daniels pass short left to J.Croskey-Merritt to WAS 10 for -7 yards (Z.Baun).
2026,WEEK 1,Sunday,September 13th,WAS,PHI,2nd Quarter,4,Washington Commanders,0,6,0,9 Yard Run,3rd & 27 at WAS 10,09:33 2nd Shotgun,— R.White up the middle to WAS 19 for 9 yards (J.Campbell).
2026,WEEK 1,Sunday,September 13th,WAS,PHI,2nd Quarter,4,Washington Commanders,0,7,0,Punt,4th & 18 at WAS 19,08:57 2nd,"— T.Way punts 55 yards to PHI 26, Center-T.Ott. B.Covey to PHI 38 for 12 yards (T.Owens)."
2026,WEEK 1,Sunday,September 13th,WAS,PHI,2nd Quarter,5,Philadelphia Eagles,1,1,0,Pass Incomplete,1st & 10 at PHI 38,08:46 2nd,— J.Hurts pass incomplete short right.
2026,WEEK 1,Sunday,September 13th,WAS,PHI,2nd Quarter,5,Philadelphia Eagles,1,2,0,8 Yard Run,2nd & 10 at PHI 38,08:36 2nd Shotgun,— S.Barkley left end to PHI 46 for 8 yards (L.Chenal; N.Cross).
2026,WEEK 1,Sunday,September 13th,WAS,PHI,2nd Quarter,5,Philadelphia Eagles,1,3,0,42 Yard Run,3rd & 2 at PHI 46,"08:10 2nd No Huddle, Shotgun",— S.Barkley right guard to WAS 12 for 42 yards (J.Reaves; N.Cross).
2026,WEEK 1,Sunday,September 13th,WAS,PHI,2nd Quarter,5,Philadelphia Eagles,1,4,0,3 Yard Run,1st & 10 at WAS 12,07:21 2nd,— T.Bigsby up the middle to WAS 9 for 3 yards (S.Tuttle; F.Luvu).
2026,WEEK 1,Sunday,September 13th,WAS,PHI,2nd Quarter,5,Philadelphia Eagles,1,5,1,Touchdown,2nd & 7 at WAS 9,06:35 2nd Shotgun,"— J.Hurts pass short left to D.Wicks for 9 yards, TOUCHDOWN."
2026,WEEK 1,Sunday,September 13th,WAS,PHI,2nd Quarter,5,Philadelphia Eagles,1,6,1,Extra Point,,06:27 2nd,"— J.Elliott extra point is GOOD, Center-R.Underwood, Holder-B.Mann."
2026,WEEK 1,Sunday,September 13th,WAS,PHI,2nd Quarter,6,Washington Commanders,1,1,0,Kickoff from PHI 35,,Kickoff,— J.Elliott kicks 62 yards from PHI 35 to WAS 3. R.White to WAS 33 for 30 yards (S.Mondon; D.Cooper).
2026,WEEK 1,Sunday,September 13th,WAS,PHI,2nd Quarter,6,Washington Commanders,1,2,0,11 Yard Run,1st & 10 at WAS 33,06:21 2nd Shotgun,— J.Croskey-Merritt right tackle to WAS 44 for 11 yards (M.Epps).
2026,WEEK 1,Sunday,September 13th,WAS,PHI,2nd Quarter,6,Washington Commanders,1,3,0,15 Yard Pass,1st & 10 at WAS 44,"05:59 2nd No Huddle, Shotgun",— J.Daniels pass short middle to S.Diggs to PHI 41 for 15 yards (C.DeJean).
2026,WEEK 1,Sunday,September 13th,WAS,PHI,2nd Quarter,6,Washington Commanders,1,4,0,Pass Incomplete,1st & 10 at PHI 41,"05:37 2nd No Huddle, Shotgun",— J.Daniels pass incomplete deep right to C.Okonkwo.
2026,WEEK 1,Sunday,September 13th,WAS,PHI,2nd Quarter,6,Washington Commanders,1,5,0,-5 Yard Penalty,2nd & 10 at PHI 41,05:28 2nd Shotgun,"— PENALTY on WAS, Delay of Game, 5 yards, enforced at PHI 41 - No Play."
2026,WEEK 1,Sunday,September 13th,WAS,PHI,2nd Quarter,6,Washington Commanders,1,6,0,Pass Incomplete,2nd & 15 at PHI 46,05:28 2nd Shotgun,— J.Daniels pass incomplete deep right.
2026,WEEK 1,Sunday,September 13th,WAS,PHI,2nd Quarter,6,Washington Commanders,1,7,0,14 Yard Run,3rd & 15 at PHI 46,05:19 2nd Shotgun,— J.Daniels scrambles left tackle pushed ob at PHI 32 for 14 yards (Z.Baun).
2026,WEEK 1,Sunday,September 13th,WAS,PHI,2nd Quarter,6,Washington Commanders,1,8,0,4 Yard Run,4th & 1 at PHI 32,04:41 2nd Shotgun,— J.Croskey-Merritt up the middle to PHI 28 for 4 yards (J.Davis; Z.Baun).
2026,WEEK 1,Sunday,September 13th,WAS,PHI,2nd Quarter,6,Washington Commanders,1,9,0,9 Yard Run,1st & 10 at PHI 28,03:58 2nd,— J.Croskey-Merritt left guard to PHI 19 for 9 yards (J.Hunt).
2026,WEEK 1,Sunday,September 13th,WAS,PHI,2nd Quarter,6,Washington Commanders,1,10,0,0 Yard Run,2nd & 1 at PHI 19,"03:33 2nd No Huddle, Shotgun",— J.Daniels right tackle to PHI 19 for no gain (A.Ebiketie).
2026,WEEK 1,Sunday,September 13th,WAS,PHI,2nd Quarter,6,Washington Commanders,1,11,0,2 Yard Run,3rd & 1 at PHI 19,02:51 2nd Shotgun,— R.White right guard to PHI 17 for 2 yards (Z.Baun).
2026,WEEK 1,Sunday,September 13th,WAS,PHI,2nd Quarter,6,Washington Commanders,1,12,0,Pass Incomplete,1st & 10 at PHI 17,02:10 2nd Shotgun,— J.Daniels pass incomplete short right.
2026,WEEK 1,Sunday,September 13th,WAS,PHI,2nd Quarter,6,Washington Commanders,1,13,0,16 Yard Pass,2nd & 10 at PHI 17,02:03 2nd Shotgun,— J.Daniels pass short middle to A.Williams to PHI 1 for 16 yards (C.DeJean).
2026,WEEK 1,Sunday,September 13th,WAS,PHI,2nd Quarter,6,Washington Commanders,1,14,1,Touchdown,1st & 1 at PHI 1,01:56 2nd,"— J.Croskey-Merritt left guard for 1 yard, TOUCHDOWN."
2026,WEEK 1,Sunday,September 13th,WAS,PHI,2nd Quarter,6,Washington Commanders,1,15,0,Extra Point No Good,,01:53 2nd,"— D.Stevens extra point is Blocked (J.Carter), Center-T.Ott, Holder-T.Way."
2026,WEEK 1,Sunday,September 13th,WAS,PHI,2nd Quarter,7,Philadelphia Eagles,0,1,0,Kickoff from WAS 35,,Kickoff,— D.Stevens kicks 65 yards from WAS 35 to PHI 0. T.Bigsby ran ob at PHI 29 for 29 yards (J.Reaves).
2026,WEEK 1,Sunday,September 13th,WAS,PHI,2nd Quarter,7,Philadelphia Eagles,0,2,0,5 Yard Run,1st & 10 at PHI 29,01:48 2nd Shotgun,— J.Hurts scrambles right end to PHI 34 for 5 yards (M.Sainristil).
2026,WEEK 1,Sunday,September 13th,WAS,PHI,2nd Quarter,7,Philadelphia Eagles,0,3,0,5 Yard Pass,2nd & 5 at PHI 34,"01:21 2nd No Huddle, Shotgun",— J.Hurts pass short right to D.Goedert to PHI 39 for 5 yards (A.Robertson; F.Luvu).
2026,WEEK 1,Sunday,September 13th,WAS,PHI,2nd Quarter,7,Philadelphia Eagles,0,4,0,8 Yard Pass,1st & 10 at PHI 39,"00:59 2nd No Huddle, Shotgun",— J.Hurts pass short right to W.Shipley ran ob at PHI 47 for 8 yards (A.Robertson).
2026,WEEK 1,Sunday,September 13th,WAS,PHI,2nd Quarter,7,Philadelphia Eagles,0,5,0,Pass Incomplete,2nd & 2 at PHI 47,00:53 2nd Shotgun,— J.Hurts pass incomplete deep left to D.Smith.
2026,WEEK 1,Sunday,September 13th,WAS,PHI,2nd Quarter,7,Philadelphia Eagles,0,6,0,Pass Incomplete,3rd & 2 at PHI 47,00:48 2nd Shotgun,— J.Hurts pass incomplete short middle to D.Smith (C.Omenihu).
2026,WEEK 1,Sunday,September 13th,WAS,PHI,2nd Quarter,7,Philadelphia Eagles,0,7,0,Punt,4th & 2 at PHI 47,00:45 2nd,"— B.Mann punts 51 yards to WAS 2, Center-R.Underwood, downed by PHI-K.Ringo."
2026,WEEK 1,Sunday,September 13th,WAS,PHI,2nd Quarter,8,Washington Commanders,0,1,0,4 Yard Run,1st & 10 at WAS 2,00:33 2nd,— R.White up the middle to WAS 6 for 4 yards (J.Davis; Z.Baun).
2026,WEEK 1,Sunday,September 13th,WAS,PHI,3rd Quarter,1,Philadelphia Eagles,0,1,0,Kickoff from WAS 35,,Kickoff,— D.Stevens kicks 60 yards from WAS 35 to PHI 5. T.Bigsby to PHI 26 for 21 yards (Q.Martin).
2026,WEEK 1,Sunday,September 13th,WAS,PHI,3rd Quarter,1,Philadelphia Eagles,0,2,0,-1 Yard Run,1st & 10 at PHI 26,14:52 3rd,— S.Barkley right guard to PHI 25 for -1 yards (M.Sainristil).
2026,WEEK 1,Sunday,September 13th,WAS,PHI,3rd Quarter,1,Philadelphia Eagles,0,3,0,-3 Yard Pass,2nd & 11 at PHI 25,14:13 3rd Shotgun,— J.Hurts pass short left to M.Lemon to PHI 22 for -3 yards (Q.Martin).
2026,WEEK 1,Sunday,September 13th,WAS,PHI,3rd Quarter,1,Philadelphia Eagles,0,4,0,12 Yard Pass,3rd & 14 at PHI 22,13:31 3rd Shotgun,— J.Hurts pass short left to D.Goedert pushed ob at PHI 34 for 12 yards (N.Cross).
2026,WEEK 1,Sunday,September 13th,WAS,PHI,3rd Quarter,1,Philadelphia Eagles,0,5,0,Punt,4th & 2 at PHI 34,13:00 3rd,"— B.Mann punts 44 yards to WAS 22, Center-R.Underwood. J.Lane to WAS 41 for 19 yards (J.Trotter)."
2026,WEEK 1,Sunday,September 13th,WAS,PHI,3rd Quarter,2,Washington Commanders,0,1,0,3 Yard Run,1st & 10 at WAS 41,12:47 3rd Shotgun,— J.Croskey-Merritt up the middle to WAS 44 for 3 yards (M.Ojomo).
2026,WEEK 1,Sunday,September 13th,WAS,PHI,3rd Quarter,2,Washington Commanders,0,2,0,Pass Incomplete,2nd & 7 at WAS 44,12:07 3rd Shotgun,— J.Daniels pass incomplete short left to S.Diggs.
2026,WEEK 1,Sunday,September 13th,WAS,PHI,3rd Quarter,2,Washington Commanders,0,3,0,3 Yard Pass,3rd & 7 at WAS 44,12:01 3rd Shotgun,— J.Daniels pass short right to R.White to WAS 47 for 3 yards (Z.Baun).
2026,WEEK 1,Sunday,September 13th,WAS,PHI,3rd Quarter,2,Washington Commanders,0,4,0,Punt,4th & 4 at WAS 47,11:20 3rd,"— T.Way punts 53 yards to end zone, Center-T.Ott, Touchback."
2026,WEEK 1,Sunday,September 13th,WAS,PHI,3rd Quarter,3,Philadelphia Eagles,0,1,0,-6 Yard Sack,1st & 10 at PHI 20,11:11 3rd,— J.Hurts sacked at PHI 14 for -6 yards (S.Styles).
2026,WEEK 1,Sunday,September 13th,WAS,PHI,3rd Quarter,3,Philadelphia Eagles,0,2,0,10 Yard Pass,2nd & 16 at PHI 14,10:28 3rd Shotgun,— J.Hurts pass short left to D.Smith to PHI 24 for 10 yards (A.Robertson; S.Styles).
2026,WEEK 1,Sunday,September 13th,WAS,PHI,3rd Quarter,3,Philadelphia Eagles,0,3,0,Timeout,,10:03 3rd,— Timeout #1 by WAS at 10:03.
2026,WEEK 1,Sunday,September 13th,WAS,PHI,3rd Quarter,3,Philadelphia Eagles,0,4,0,Pass Incomplete,3rd & 6 at PHI 24,10:03 3rd Shotgun,— J.Hurts pass incomplete short left to D.Smith.
2026,WEEK 1,Sunday,September 13th,WAS,PHI,3rd Quarter,3,Philadelphia Eagles,0,5,0,Punt,4th & 6 at PHI 24,09:55 3rd,"— B.Mann punts 43 yards to WAS 33, Center-R.Underwood. J.Lane to WAS 44 for 11 yards (S.Mondon; W.Shipley)."
2026,WEEK 1,Sunday,September 13th,WAS,PHI,3rd Quarter,4,Washington Commanders,0,1,0,-5 Yard Penalty,1st & 10 at WAS 44,09:46 3rd,"— PENALTY on WAS, Delay of Game, 5 yards, enforced at WAS 44 - No Play."
2026,WEEK 1,Sunday,September 13th,WAS,PHI,3rd Quarter,4,Washington Commanders,0,2,0,3 Yard Run,1st & 15 at WAS 39,09:46 3rd,— J.Croskey-Merritt right tackle to WAS 42 for 3 yards (J.Davis; J.Campbell).
2026,WEEK 1,Sunday,September 13th,WAS,PHI,3rd Quarter,4,Washington Commanders,0,3,0,15 Yard Pass,2nd & 12 at WAS 42,"09:12 3rd No Huddle, Shotgun",— J.Daniels pass short middle to C.Okonkwo to PHI 43 for 15 yards (A.Mukuba).
2026,WEEK 1,Sunday,September 13th,WAS,PHI,3rd Quarter,4,Washington Commanders,0,4,0,1 Yard Run,1st & 10 at PHI 43,08:30 3rd,— J.Croskey-Merritt left guard to PHI 42 for 1 yard (J.Davis).
2026,WEEK 1,Sunday,September 13th,WAS,PHI,3rd Quarter,4,Washington Commanders,0,5,0,5 Yard Penalty,2nd & 9 at PHI 42,07:48 3rd,"— J.Daniels pass incomplete deep left to T.McLaurin (Q.Mitchell). PENALTY on PHI-C.DeJean, Illegal Contact, 5 yards, enforced at PHI 42 - No Play."
2026,WEEK 1,Sunday,September 13th,WAS,PHI,3rd Quarter,4,Washington Commanders,0,6,0,1 Yard Run,1st & 10 at PHI 37,07:40 3rd Shotgun,— J.Croskey-Merritt right guard to PHI 36 for 1 yard (Z.Baun).
2026,WEEK 1,Sunday,September 13th,WAS,PHI,3rd Quarter,4,Washington Commanders,0,7,0,Pass Incomplete,2nd & 9 at PHI 36,06:59 3rd Shotgun,— J.Daniels pass incomplete short right to S.Diggs.
2026,WEEK 1,Sunday,September 13th,WAS,PHI,3rd Quarter,4,Washington Commanders,0,8,0,Pass Incomplete,3rd & 9 at PHI 36,06:56 3rd Shotgun,— J.Daniels pass incomplete deep right to D.Brown [C.DeJean].
2026,WEEK 1,Sunday,September 13th,WAS,PHI,3rd Quarter,4,Washington Commanders,0,9,0,Field Goal No Good,4th & 9 at PHI 36,06:51 3rd,"— D.Stevens 54 yard field goal is No Good, Wide Right, Center-T.Ott, Holder-T.Way."
2026,WEEK 1,Sunday,September 13th,WAS,PHI,3rd Quarter,5,Philadelphia Eagles,0,1,0,3 Yard Run,1st & 10 at PHI 44,06:46 3rd,— S.Barkley right tackle to PHI 47 for 3 yards (D.Payne).
2026,WEEK 1,Sunday,September 13th,WAS,PHI,3rd Quarter,5,Philadelphia Eagles,0,2,0,-3 Yard Run,2nd & 7 at PHI 47,06:12 3rd,— S.Barkley right guard to PHI 44 for -3 yards (S.Styles).
2026,WEEK 1,Sunday,September 13th,WAS,PHI,3rd Quarter,5,Philadelphia Eagles,0,3,0,-6 Yard Sack,3rd & 10 at PHI 44,05:30 3rd Shotgun,— J.Hurts sacked at PHI 38 for -6 yards (O.Oweh).
2026,WEEK 1,Sunday,September 13th,WAS,PHI,3rd Quarter,5,Philadelphia Eagles,0,4,0,Punt,4th & 16 at PHI 38,05:19 3rd,"— B.Mann punts 51 yards to WAS 11, Center-R.Underwood, out of bounds."
2026,WEEK 1,Sunday,September 13th,WAS,PHI,3rd Quarter,6,Washington Commanders,0,1,0,5 Yard Run,1st & 10 at WAS 11,05:10 3rd Shotgun,— K.Allen up the middle to WAS 16 for 5 yards (Z.Baun; J.Hunt).
2026,WEEK 1,Sunday,September 13th,WAS,PHI,3rd Quarter,6,Washington Commanders,0,2,0,Pass Incomplete,2nd & 5 at WAS 16,"04:38 3rd No Huddle, Shotgun",— J.Daniels pass incomplete deep right.
2026,WEEK 1,Sunday,September 13th,WAS,PHI,3rd Quarter,6,Washington Commanders,0,3,0,-5 Yard Penalty,3rd & 5 at WAS 16,04:29 3rd Shotgun,"— PENALTY on WAS-B.Coleman, False Start, 5 yards, enforced at WAS 16 - No Play."
2026,WEEK 1,Sunday,September 13th,WAS,PHI,3rd Quarter,6,Washington Commanders,0,4,0,4 Yard Pass,3rd & 10 at WAS 11,04:29 3rd Shotgun,— J.Daniels pass short right to J.Lane to WAS 15 for 4 yards (C.DeJean).
2026,WEEK 1,Sunday,September 13th,WAS,PHI,3rd Quarter,6,Washington Commanders,0,5,0,Punt,4th & 6 at WAS 15,03:52 3rd,"— T.Way punts 45 yards to PHI 40, Center-T.Ott, fair catch by B.Covey."
2026,WEEK 1,Sunday,September 13th,WAS,PHI,3rd Quarter,7,Philadelphia Eagles,1,1,0,-10 Yard Penalty,1st & 10 at PHI 40,03:44 3rd,"— J.Hurts pass short left to S.Barkley to PHI 45 for 5 yards (N.Cross). PENALTY on PHI-L.Dickerson, Offensive Holding, 10 yards, enforced at PHI 40 - No Play."
2026,WEEK 1,Sunday,September 13th,WAS,PHI,3rd Quarter,7,Philadelphia Eagles,1,2,0,14 Yard Run,1st & 20 at PHI 30,03:14 3rd Shotgun,— J.Hurts scrambles right tackle to PHI 44 for 14 yards (J.Reaves).
2026,WEEK 1,Sunday,September 13th,WAS,PHI,3rd Quarter,7,Philadelphia Eagles,1,3,0,1 Yard Run,2nd & 6 at PHI 44,"02:44 3rd No Huddle, Shotgun",— J.Hurts scrambles right end to PHI 45 for 1 yard (S.Styles).
2026,WEEK 1,Sunday,September 13th,WAS,PHI,3rd Quarter,7,Philadelphia Eagles,1,4,0,31 Yard Pass,3rd & 5 at PHI 45,02:01 3rd Shotgun,— J.Hurts pass deep right to D.Smith pushed ob at WAS 24 for 31 yards (R.Douglas).
2026,WEEK 1,Sunday,September 13th,WAS,PHI,3rd Quarter,7,Philadelphia Eagles,1,5,0,Pass Incomplete,1st & 10 at WAS 24,01:43 3rd No Huddle,— J.Hurts pass incomplete short right [K.Chaisson].
2026,WEEK 1,Sunday,September 13th,WAS,PHI,3rd Quarter,7,Philadelphia Eagles,1,6,0,7 Yard Run,2nd & 10 at WAS 24,01:35 3rd,— S.Barkley right tackle to WAS 17 for 7 yards (L.Chenal).
2026,WEEK 1,Sunday,September 13th,WAS,PHI,3rd Quarter,7,Philadelphia Eagles,1,7,0,Pass Incomplete,3rd & 3 at WAS 17,00:52 3rd Shotgun,— J.Hurts pass incomplete short left to D.Goedert.
2026,WEEK 1,Sunday,September 13th,WAS,PHI,3rd Quarter,7,Philadelphia Eagles,1,8,1,Field Goal,4th & 3 at WAS 17,00:48 3rd,"— J.Elliott 35 yard field goal is GOOD, Center-R.Underwood, Holder-B.Mann."
2026,WEEK 1,Sunday,September 13th,WAS,PHI,4th Quarter,1,Washington Commanders,1,1,0,Kickoff from PHI 35,,Kickoff,— J.Elliott kicks 58 yards from PHI 35 to WAS 7. J.Lane to WAS 33 for 26 yards (J.Trotter). WAS-T.Owens was injured during the play.
2026,WEEK 1,Sunday,September 13th,WAS,PHI,4th Quarter,1,Washington Commanders,1,2,0,13 Yard Run,1st & 10 at WAS 33,00:40 3rd Shotgun,— J.Daniels scrambles right tackle to WAS 46 for 13 yards (T.Woolen).
2026,WEEK 1,Sunday,September 13th,WAS,PHI,4th Quarter,1,Washington Commanders,1,3,0,8 Yard Pass,1st & 10 at WAS 46,15:00 4th Shotgun,— J.Daniels pass short right to J.Bates to PHI 46 for 8 yards (M.Epps).
2026,WEEK 1,Sunday,September 13th,WAS,PHI,4th Quarter,1,Washington Commanders,1,4,0,3 Yard Run,2nd & 2 at PHI 46,14:17 4th,— J.Croskey-Merritt right guard to PHI 43 for 3 yards (J.Campbell; C.DeJean).
2026,WEEK 1,Sunday,September 13th,WAS,PHI,4th Quarter,1,Washington Commanders,1,5,0,2 Yard Run,1st & 10 at PHI 43,13:36 4th,— J.Croskey-Merritt left guard to PHI 41 for 2 yards (Z.Baun).
2026,WEEK 1,Sunday,September 13th,WAS,PHI,4th Quarter,1,Washington Commanders,1,6,0,-1 Yard Sack,2nd & 8 at PHI 41,12:58 4th Shotgun,— J.Daniels sacked at PHI 42 for -1 yards (J.Campbell).
2026,WEEK 1,Sunday,September 13th,WAS,PHI,4th Quarter,1,Washington Commanders,1,7,0,-5 Yard Penalty,3rd & 9 at PHI 42,12:12 4th Shotgun,"— PENALTY on WAS-J.Conerly, False Start, 5 yards, enforced at PHI 42 - No Play."
2026,WEEK 1,Sunday,September 13th,WAS,PHI,4th Quarter,1,Washington Commanders,1,8,0,33 Yard Pass,3rd & 14 at PHI 47,12:12 4th Shotgun,— J.Daniels pass deep left to A.Williams pushed ob at PHI 14 for 33 yards (J.Campbell).
2026,WEEK 1,Sunday,September 13th,WAS,PHI,4th Quarter,1,Washington Commanders,1,9,0,2 Yard Run,1st & 10 at PHI 14,11:34 4th Shotgun,— J.Daniels left end to PHI 12 for 2 yards (M.Ojomo).
2026,WEEK 1,Sunday,September 13th,WAS,PHI,4th Quarter,1,Washington Commanders,1,10,0,2 Yard Pass,2nd & 8 at PHI 12,10:48 4th Shotgun,— J.Daniels pass short right to R.White to PHI 10 for 2 yards (J.Campbell; M.Epps).
2026,WEEK 1,Sunday,September 13th,WAS,PHI,4th Quarter,1,Washington Commanders,1,11,1,Touchdown,3rd & 6 at PHI 10,10:04 4th Shotgun,"— J.Daniels pass short middle to S.Diggs for 10 yards, TOUCHDOWN. PENALTY on WAS-S.Diggs, Unsportsmanlike Conduct, 15 yards, enforced between downs."
2026,WEEK 1,Sunday,September 13th,WAS,PHI,4th Quarter,1,Washington Commanders,1,12,1,Extra Point,,09:59 4th,"— D.Stevens extra point is GOOD, Center-T.Ott, Holder-T.Way."
2026,WEEK 1,Sunday,September 13th,WAS,PHI,4th Quarter,2,Philadelphia Eagles,1,1,0,Kickoff from WAS 35,,Kickoff,— D.Stevens kicks 64 yards from WAS 35 to PHI 1. W.Shipley to PHI 26 for 25 yards (J.Jean-Baptiste; C.Yankoff).
2026,WEEK 1,Sunday,September 13th,WAS,PHI,4th Quarter,2,Philadelphia Eagles,1,2,0,6 Yard Run,1st & 10 at PHI 26,09:53 4th Shotgun,— S.Barkley right tackle to PHI 32 for 6 yards (J.Magee; M.Sainristil).
2026,WEEK 1,Sunday,September 13th,WAS,PHI,4th Quarter,2,Philadelphia Eagles,1,3,0,7 Yard Run,2nd & 4 at PHI 32,09:13 4th Shotgun,— S.Barkley right guard to PHI 39 for 7 yards (O.Oweh; J.Reaves).
2026,WEEK 1,Sunday,September 13th,WAS,PHI,4th Quarter,2,Philadelphia Eagles,1,4,0,-3 Yard Pass,1st & 10 at PHI 39,"08:50 4th No Huddle, Shotgun",— J.Hurts pass short right to S.Barkley to PHI 36 for -3 yards (N.Cross). The ball spot was assisted by replay.
2026,WEEK 1,Sunday,September 13th,WAS,PHI,4th Quarter,2,Philadelphia Eagles,1,5,0,-5 Yard Penalty,2nd & 13 at PHI 36,08:11 4th Shotgun,"— PENALTY on PHI-J.Mailata, False Start, 5 yards, enforced at PHI 36 - No Play."
2026,WEEK 1,Sunday,September 13th,WAS,PHI,4th Quarter,2,Philadelphia Eagles,1,6,0,Pass Incomplete,2nd & 18 at PHI 31,08:11 4th Shotgun,— J.Hurts pass incomplete short right.
2026,WEEK 1,Sunday,September 13th,WAS,PHI,4th Quarter,2,Philadelphia Eagles,1,7,0,22 Yard Run,3rd & 18 at PHI 31,08:03 4th Shotgun,— J.Hurts scrambles up the middle to WAS 47 for 22 yards (A.Robertson).
2026,WEEK 1,Sunday,September 13th,WAS,PHI,4th Quarter,2,Philadelphia Eagles,1,8,0,2 Yard Run,1st & 10 at WAS 47,07:29 4th No Huddle,— W.Shipley right tackle to WAS 45 for 2 yards (T.Settle; L.Chenal).
2026,WEEK 1,Sunday,September 13th,WAS,PHI,4th Quarter,2,Philadelphia Eagles,1,9,0,2 Yard Run,2nd & 8 at WAS 45,"06:56 4th No Huddle, Shotgun",— W.Shipley left guard to WAS 43 for 2 yards (J.Kinlaw; T.Settle).
2026,WEEK 1,Sunday,September 13th,WAS,PHI,4th Quarter,2,Philadelphia Eagles,1,10,1,Touchdown,3rd & 6 at WAS 43,06:12 4th Shotgun,"— J.Hurts pass short middle to D.Goedert for 43 yards, TOUCHDOWN."
2026,WEEK 1,Sunday,September 13th,WAS,PHI,4th Quarter,2,Philadelphia Eagles,1,11,1,Extra Point,,06:02 4th,"— J.Elliott extra point is GOOD, Center-R.Underwood, Holder-B.Mann."
2026,WEEK 1,Sunday,September 13th,WAS,PHI,4th Quarter,3,Washington Commanders,1,1,0,Kickoff from PHI 35,,Kickoff,— J.Elliott kicks 64 yards from PHI 35 to WAS 1. J.Lane to WAS 37 for 36 yards (A.Epenesa).
2026,WEEK 1,Sunday,September 13th,WAS,PHI,4th Quarter,3,Washington Commanders,1,2,0,14 Yard Pass,1st & 10 at WAS 37,05:57 4th,— J.Daniels pass short right to A.Williams pushed ob at PHI 49 for 14 yards (Q.Mitchell).
2026,WEEK 1,Sunday,September 13th,WAS,PHI,4th Quarter,3,Washington Commanders,1,3,0,3 Yard Run,1st & 10 at PHI 49,"05:31 4th No Huddle, Shotgun",— J.Croskey-Merritt right guard to PHI 46 for 3 yards (J.Campbell).
2026,WEEK 1,Sunday,September 13th,WAS,PHI,4th Quarter,3,Washington Commanders,1,4,0,17 Yard Pass,2nd & 7 at PHI 46,04:48 4th Shotgun,— J.Daniels pass short left to S.Diggs pushed ob at PHI 29 for 17 yards (C.DeJean).
2026,WEEK 1,Sunday,September 13th,WAS,PHI,4th Quarter,3,Washington Commanders,1,5,0,8 Yard Pass,1st & 10 at PHI 29,04:40 4th Shotgun,— J.Daniels pass short right to T.McLaurin to PHI 21 for 8 yards (C.DeJean; J.Carter).
2026,WEEK 1,Sunday,September 13th,WAS,PHI,4th Quarter,3,Washington Commanders,1,6,0,2 Yard Run,2nd & 2 at PHI 21,"04:13 4th No Huddle, Shotgun","— J.Croskey-Merritt up the middle to PHI 19 for 2 yards (J.Carter). FUMBLES (J.Carter), recovered by WAS-J.Conerly at PHI 18."
2026,WEEK 1,Sunday,September 13th,WAS,PHI,4th Quarter,3,Washington Commanders,1,7,0,4 Yard Run,1st & 10 at PHI 18,03:15 4th Shotgun,— K.Allen left guard to PHI 14 for 4 yards (J.Hunt; C.DeJean).
2026,WEEK 1,Sunday,September 13th,WAS,PHI,4th Quarter,3,Washington Commanders,1,8,0,4 Yard Run,2nd & 6 at PHI 14,02:36 4th Shotgun,— K.Allen up the middle to PHI 10 for 4 yards (Z.Baun; C.DeJean).
2026,WEEK 1,Sunday,September 13th,WAS,PHI,4th Quarter,3,Washington Commanders,1,9,0,Pass Incomplete,3rd & 2 at PHI 10,"02:08 4th No Huddle, Shotgun",— J.Daniels pass incomplete short middle to J.Bates (Z.Baun).
2026,WEEK 1,Sunday,September 13th,WAS,PHI,4th Quarter,3,Washington Commanders,1,10,0,Timeout,,02:04 4th,— Timeout #2 by WAS at 02:04.
2026,WEEK 1,Sunday,September 13th,WAS,PHI,4th Quarter,3,Washington Commanders,1,11,0,6 Yard Pass,4th & 2 at PHI 10,02:04 4th Shotgun,— J.Daniels pass short right to T.McLaurin to PHI 4 for 6 yards (M.Epps).
2026,WEEK 1,Sunday,September 13th,WAS,PHI,4th Quarter,3,Washington Commanders,1,12,0,3 Yard Run,1st & 4 at PHI 4,01:57 4th,— K.Allen up the middle to PHI 1 for 3 yards (J.Davis; B.Young).
2026,WEEK 1,Sunday,September 13th,WAS,PHI,4th Quarter,3,Washington Commanders,1,13,0,Pass Incomplete,2nd & 1 at PHI 1,01:12 4th,— J.Daniels pass incomplete short right.
2026,WEEK 1,Sunday,September 13th,WAS,PHI,4th Quarter,3,Washington Commanders,1,14,1,Touchdown,3rd & 1 at PHI 1,01:05 4th Shotgun,"— J.Daniels pass short right to A.Williams for 1 yard, TOUCHDOWN. The Replay Official reviewed the pass completion ruling, and the play was Upheld. The ruling on the field stands."
2026,WEEK 1,Sunday,September 13th,WAS,PHI,4th Quarter,3,Washington Commanders,1,15,0,2PT Conversion Fails,,01:01 4th,— (Pass formation) TWO-POINT CONVERSION ATTEMPT. J.Daniels pass to J.Bates is complete. ATTEMPT FAILS.
2026,WEEK 1,Sunday,September 13th,WAS,PHI,4th Quarter,4,Philadelphia Eagles,0,1,0,Kickoff from WAS 35,,Kickoff,— D.Stevens kicks onside 17 yards from WAS 35 to PHI 48. D.Smith (didn't try to advance) to PHI 48 for no gain.
2026,WEEK 1,Sunday,September 13th,WAS,PHI,4th Quarter,4,Philadelphia Eagles,0,2,0,-1 Yard Run,1st & 10 at PHI 48,01:00 4th,— J.Hurts kneels to PHI 47 for -1 yards.
2026,WEEK 1,Sunday,September 13th,WAS,PHI,4th Quarter,4,Philadelphia Eagles,0,3,0,-1 Yard Run,2nd & 11 at PHI 47,00:19 4th,— J.Hurts kneels to PHI 46 for -1 yards.
2026,WEEK 1,Sunday Night Football,September 13th,DAL,NYG,1st Quarter,1,Dallas Cowboys,0,1,0,Kickoff from NYG 35,,Kickoff,— D.Zvada kicks 62 yards from NYG 35 to DAL 3. K.Turpin to DAL 28 for 25 yards (Z.Barnes).
2026,WEEK 1,Sunday Night Football,September 13th,DAL,NYG,1st Quarter,1,Dallas Cowboys,0,2,0,1 Yard Run,1st & 10 at DAL 28,14:54 1st,— J.Williams left guard to DAL 29 for 1 yard (A.Carter; D.Reader).
2026,WEEK 1,Sunday Night Football,September 13th,DAL,NYG,1st Quarter,1,Dallas Cowboys,0,3,0,Pass Incomplete,2nd & 9 at DAL 29,14:18 1st Shotgun,— D.Prescott pass incomplete deep left to C.Lamb.
2026,WEEK 1,Sunday Night Football,September 13th,DAL,NYG,1st Quarter,1,Dallas Cowboys,0,4,0,8 Yard Pass,3rd & 9 at DAL 29,14:14 1st Shotgun,— D.Prescott pass short right to G.Pickens to DAL 37 for 8 yards (G.Newsome). The ball spot was assisted by replay.
2026,WEEK 1,Sunday Night Football,September 13th,DAL,NYG,1st Quarter,1,Dallas Cowboys,0,5,0,-4 Yard Penalty,4th & 1 at DAL 37,13:18 1st Shotgun,"— PENALTY on DAL, Delay of Game, 4 yards, enforced at DAL 37 - No Play."
2026,WEEK 1,Sunday Night Football,September 13th,DAL,NYG,1st Quarter,1,Dallas Cowboys,0,6,0,Punt,4th & 5 at DAL 33,12:59 1st,"— B.Anger punts 50 yards to NYG 17, Center-T.Sieg, fair catch by B.Berrios."
2026,WEEK 1,Sunday Night Football,September 13th,DAL,NYG,1st Quarter,2,New York Giants,1,1,0,5 Yard Run,1st & 10 at NYG 17,12:53 1st,— C.Skattebo right tackle to NYG 22 for 5 yards (K.Clark).
2026,WEEK 1,Sunday Night Football,September 13th,DAL,NYG,1st Quarter,2,New York Giants,1,2,0,4 Yard Run,2nd & 5 at NYG 22,12:12 1st,— D.Singletary left tackle to NYG 26 for 4 yards (D.Ezeiruaku).
2026,WEEK 1,Sunday Night Football,September 13th,DAL,NYG,1st Quarter,2,New York Giants,1,3,0,1 Yard Run,3rd & 1 at NYG 26,11:34 1st,— J.Dart up the middle to NYG 27 for 1 yard (D.Overshown; O.Ogbonnia).
2026,WEEK 1,Sunday Night Football,September 13th,DAL,NYG,1st Quarter,2,New York Giants,1,4,0,9 Yard Pass,1st & 10 at NYG 27,10:49 1st Shotgun,— J.Dart pass short left to M.Nabers to NYG 36 for 9 yards (D.Bland).
2026,WEEK 1,Sunday Night Football,September 13th,DAL,NYG,1st Quarter,2,New York Giants,1,5,0,5 Yard Penalty,2nd & 1 at NYG 36,10:09 1st,"— C.Skattebo right end to NYG 39 for 3 yards (D.Winters; J.Thompson). PENALTY on DAL-Q.Williams, Defensive Offside, 5 yards, enforced at NYG 36 - No Play."
2026,WEEK 1,Sunday Night Football,September 13th,DAL,NYG,1st Quarter,2,New York Giants,1,6,0,Pass Incomplete,1st & 10 at NYG 41,09:43 1st,— J.Dart pass incomplete short middle to P.Ricard (L.Overton).
2026,WEEK 1,Sunday Night Football,September 13th,DAL,NYG,1st Quarter,2,New York Giants,1,7,0,37 Yard Run,2nd & 10 at NYG 41,09:38 1st Shotgun,"— J.Dart left end ran ob at DAL 37 for 22 yards (D.Overshown). PENALTY on DAL-D.Overshown, Unnecessary Roughness, 15 yards, enforced at DAL 37."
2026,WEEK 1,Sunday Night Football,September 13th,DAL,NYG,1st Quarter,2,New York Giants,1,8,0,3 Yard Run,1st & 10 at DAL 22,09:05 1st,— D.Singletary right tackle to DAL 19 for 3 yards (M.Lawrence; J.Thompson).
2026,WEEK 1,Sunday Night Football,September 13th,DAL,NYG,1st Quarter,2,New York Giants,1,9,0,3 Yard Run,2nd & 7 at DAL 19,08:19 1st,— C.Skattebo right guard to DAL 16 for 3 yards (D.Overshown; D.Bland).
2026,WEEK 1,Sunday Night Football,September 13th,DAL,NYG,1st Quarter,2,New York Giants,1,10,0,Timeout,,07:32 1st,— Timeout #1 by NYG at 07:32.
2026,WEEK 1,Sunday Night Football,September 13th,DAL,NYG,1st Quarter,2,New York Giants,1,11,0,13 Yard Pass,3rd & 4 at DAL 16,07:32 1st Shotgun,— J.Dart pass short middle to I.Likely to DAL 3 for 13 yards (M.Hooker).
2026,WEEK 1,Sunday Night Football,September 13th,DAL,NYG,1st Quarter,2,New York Giants,1,12,1,Touchdown,1st & 3 at DAL 3,06:45 1st Shotgun,"— C.Skattebo left end for 3 yards, TOUCHDOWN."
2026,WEEK 1,Sunday Night Football,September 13th,DAL,NYG,1st Quarter,2,New York Giants,1,13,1,Extra Point,,06:40 1st,"— D.Zvada extra point is GOOD, Center-B.Mann, Holder-J.Stout."
2026,WEEK 1,Sunday Night Football,September 13th,DAL,NYG,1st Quarter,3,Dallas Cowboys,0,1,0,Kickoff from NYG 35,,Kickoff,"— D.Zvada kicks 60 yards from NYG 35 to DAL 5. K.Turpin to DAL 22 for 17 yards (M.Harrison). PENALTY on DAL-J.Mingo, Low Block, 11 yards, enforced at DAL 22."
2026,WEEK 1,Sunday Night Football,September 13th,DAL,NYG,1st Quarter,3,Dallas Cowboys,0,2,0,5 Yard Run,1st & 10 at DAL 11,06:35 1st Shotgun,— J.Williams right tackle to DAL 16 for 5 yards (A.Reese).
2026,WEEK 1,Sunday Night Football,September 13th,DAL,NYG,1st Quarter,3,Dallas Cowboys,0,3,0,0 Yard Run,2nd & 5 at DAL 16,06:05 1st,— D.Shelton reported in as eligible. C.Lamb left end to DAL 16 for no gain (A.Phillips).
2026,WEEK 1,Sunday Night Football,September 13th,DAL,NYG,1st Quarter,3,Dallas Cowboys,0,4,0,9 Yard Pass,3rd & 5 at DAL 16,05:23 1st Shotgun,— D.Prescott pass short right to G.Pickens to DAL 25 for 9 yards (A.Phillips).
2026,WEEK 1,Sunday Night Football,September 13th,DAL,NYG,1st Quarter,3,Dallas Cowboys,0,5,0,8 Yard Pass,1st & 10 at DAL 25,04:48 1st,— D.Prescott pass short right to B.Spann-Ford pushed ob at DAL 33 for 8 yards (A.Reese).
2026,WEEK 1,Sunday Night Football,September 13th,DAL,NYG,1st Quarter,3,Dallas Cowboys,0,6,0,0 Yard Run,2nd & 2 at DAL 33,04:11 1st,— J.Williams up the middle to DAL 33 for no gain (A.Carter; K.Thibodeaux).
2026,WEEK 1,Sunday Night Football,September 13th,DAL,NYG,1st Quarter,3,Dallas Cowboys,0,7,0,4 Yard Run,3rd & 2 at DAL 33,03:28 1st Shotgun,— J.Williams up the middle to DAL 37 for 4 yards (C.Golston).
2026,WEEK 1,Sunday Night Football,September 13th,DAL,NYG,1st Quarter,3,Dallas Cowboys,0,8,0,Pass Incomplete,1st & 10 at DAL 37,02:59 1st,— D.Prescott pass incomplete deep left.
2026,WEEK 1,Sunday Night Football,September 13th,DAL,NYG,1st Quarter,3,Dallas Cowboys,0,9,0,6 Yard Pass,2nd & 10 at DAL 37,02:52 1st Shotgun,— D.Prescott pass short right to B.Spann-Ford to DAL 43 for 6 yards (T.Edmunds).
2026,WEEK 1,Sunday Night Football,September 13th,DAL,NYG,1st Quarter,3,Dallas Cowboys,0,10,0,Pass Incomplete,3rd & 4 at DAL 43,02:11 1st Shotgun,"— D.Prescott pass incomplete deep right to G.Pickens [A.Reese]. Penalty on DAL, Illegal Shift, declined."
2026,WEEK 1,Sunday Night Football,September 13th,DAL,NYG,1st Quarter,3,Dallas Cowboys,0,11,0,Punt,4th & 4 at DAL 43,02:05 1st,"— B.Anger punts 46 yards to NYG 11, Center-T.Sieg, fair catch by B.Berrios."
2026,WEEK 1,Sunday Night Football,September 13th,DAL,NYG,2nd Quarter,1,New York Giants,0,1,0,5 Yard Run,1st & 10 at NYG 11,01:59 1st,— C.Skattebo up the middle to NYG 16 for 5 yards (L.Overton; J.Thompson).
2026,WEEK 1,Sunday Night Football,September 13th,DAL,NYG,2nd Quarter,1,New York Giants,0,2,0,6 Yard Run,2nd & 5 at NYG 16,01:18 1st,— T.Tracy left tackle to NYG 22 for 6 yards (R.Gary; J.Bullard).
2026,WEEK 1,Sunday Night Football,September 13th,DAL,NYG,2nd Quarter,1,New York Giants,0,3,0,Pass Incomplete,1st & 10 at NYG 22,00:33 1st,— J.Dart pass incomplete short right to M.Nabers (C.Durant) [R.Gary].
2026,WEEK 1,Sunday Night Football,September 13th,DAL,NYG,2nd Quarter,1,New York Giants,0,4,0,7 Yard Pass,2nd & 10 at NYG 22,00:28 1st Shotgun,"— J.Dart pass short middle to I.Likely to NYG 29 for 7 yards (D.Ezeiruaku; J.Thompson). FUMBLES (D.Ezeiruaku), recovered by NYG-P.Ricard at NYG 31."
2026,WEEK 1,Sunday Night Football,September 13th,DAL,NYG,2nd Quarter,1,New York Giants,0,5,0,5 Yard Penalty,3rd & 1 at NYG 31,15:00 2nd Shotgun,"— PENALTY on DAL-J.Barham, Neutral Zone Infraction, 5 yards, enforced at NYG 31 - No Play."
2026,WEEK 1,Sunday Night Football,September 13th,DAL,NYG,2nd Quarter,1,New York Giants,0,6,0,1 Yard Run,1st & 10 at NYG 36,15:00 2nd,— C.Skattebo left end to NYG 37 for 1 yard (O.Ogbonnia).
2026,WEEK 1,Sunday Night Football,September 13th,DAL,NYG,2nd Quarter,1,New York Giants,0,7,0,7 Yard Pass,2nd & 9 at NYG 37,14:13 2nd Shotgun,— J.Dart pass short right to M.Nabers to NYG 44 for 7 yards (C.Downs).
2026,WEEK 1,Sunday Night Football,September 13th,DAL,NYG,2nd Quarter,1,New York Giants,0,8,0,0 Yard Run,3rd & 2 at NYG 44,13:31 2nd,— C.Skattebo right tackle to NYG 44 for no gain (K.Clark).
2026,WEEK 1,Sunday Night Football,September 13th,DAL,NYG,2nd Quarter,1,New York Giants,0,9,0,-5 Yard Penalty,4th & 2 at NYG 44,12:45 2nd Shotgun,"— PENALTY on NYG-J.Runyan, False Start, 5 yards, enforced at NYG 44 - No Play."
2026,WEEK 1,Sunday Night Football,September 13th,DAL,NYG,2nd Quarter,1,New York Giants,0,10,0,Punt,4th & 7 at NYG 39,12:38 2nd,"— J.Stout punts 46 yards to DAL 15, Center-B.Mann, downed by NYG-M.Harrison."
2026,WEEK 1,Sunday Night Football,September 13th,DAL,NYG,2nd Quarter,2,Dallas Cowboys,1,1,0,10 Yard Run,1st & 10 at DAL 15,12:28 2nd Shotgun,— D.Prescott scrambles up the middle to DAL 25 for 10 yards (B.Burns).
2026,WEEK 1,Sunday Night Football,September 13th,DAL,NYG,2nd Quarter,2,Dallas Cowboys,1,2,0,5 Yard Run,1st & 10 at DAL 25,11:50 2nd,— D.Shelton reported in as eligible. J.Williams left tackle to DAL 30 for 5 yards (T.Nubin).
2026,WEEK 1,Sunday Night Football,September 13th,DAL,NYG,2nd Quarter,2,Dallas Cowboys,1,3,0,4 Yard Run,2nd & 5 at DAL 30,11:06 2nd Shotgun,— D.Prescott scrambles right tackle to DAL 34 for 4 yards (G.Newsome; T.Edmunds).
2026,WEEK 1,Sunday Night Football,September 13th,DAL,NYG,2nd Quarter,2,Dallas Cowboys,1,4,0,-10 Yard Penalty,3rd & 1 at DAL 34,10:25 2nd,"— J.Williams right guard to DAL 36 for 2 yards (C.Golston; K.Thibodeaux). PENALTY on DAL-L.Schoonmaker, Offensive Holding, 10 yards, enforced at DAL 34 - No Play."
2026,WEEK 1,Sunday Night Football,September 13th,DAL,NYG,2nd Quarter,2,Dallas Cowboys,1,5,0,38 Yard Penalty,3rd & 11 at DAL 24,09:57 2nd Shotgun,"— D.Prescott pass incomplete deep right to G.Pickens (G.Newsome) [B.Burns]. PENALTY on NYG-G.Newsome, Defensive Pass Interference, 38 yards, enforced at DAL 24 - No Play."
2026,WEEK 1,Sunday Night Football,September 13th,DAL,NYG,2nd Quarter,2,Dallas Cowboys,1,6,0,3 Yard Run,1st & 10 at NYG 38,09:50 2nd Shotgun,— J.Williams left guard to NYG 35 for 3 yards (B.Burns).
2026,WEEK 1,Sunday Night Football,September 13th,DAL,NYG,2nd Quarter,2,Dallas Cowboys,1,7,0,8 Yard Pass,2nd & 7 at NYG 35,09:13 2nd Shotgun,— D.Prescott pass short left to K.Turpin to NYG 27 for 8 yards (D.Banks).
2026,WEEK 1,Sunday Night Football,September 13th,DAL,NYG,2nd Quarter,2,Dallas Cowboys,1,8,0,4 Yard Run,1st & 10 at NYG 27,08:33 2nd Shotgun,— E.Demercado left guard to NYG 23 for 4 yards (B.Okoye; C.Golston).
2026,WEEK 1,Sunday Night Football,September 13th,DAL,NYG,2nd Quarter,2,Dallas Cowboys,1,9,0,-10 Yard Penalty,2nd & 6 at NYG 23,07:50 2nd Shotgun,"— D.Prescott pass short left to J.Williams to NYG 12 for 11 yards (D.Banks). PENALTY on DAL-T.Steele, Illegal Use of Hands, 10 yards, enforced at NYG 23 - No Play."
2026,WEEK 1,Sunday Night Football,September 13th,DAL,NYG,2nd Quarter,2,Dallas Cowboys,1,10,0,12 Yard Pass,2nd & 16 at NYG 33,07:26 2nd Shotgun,— D.Prescott pass short left to L.Schoonmaker to NYG 21 for 12 yards (T.Nubin).
2026,WEEK 1,Sunday Night Football,September 13th,DAL,NYG,2nd Quarter,2,Dallas Cowboys,1,11,0,19 Yard Penalty,3rd & 4 at NYG 21,06:45 2nd Shotgun,"— D.Prescott pass incomplete deep right to J.Ferguson (A.Phillips). PENALTY on NYG-A.Phillips, Defensive Pass Interference, 19 yards, enforced at NYG 21 - No Play."
2026,WEEK 1,Sunday Night Football,September 13th,DAL,NYG,2nd Quarter,2,Dallas Cowboys,1,12,0,1 Yard Run,1st & 2 at NYG 2,06:38 2nd,— J.Williams right guard to NYG 1 for 1 yard (D.Reader).
2026,WEEK 1,Sunday Night Football,September 13th,DAL,NYG,2nd Quarter,2,Dallas Cowboys,1,13,0,0 Yard Run,2nd & 1 at NYG 1,05:59 2nd Shotgun,"— J.Williams right tackle for 1 yard, TOUCHDOWN. The Replay Official reviewed the runner broke the plane ruling, and the play was REVERSED. (Shotgun) J.Williams right tackle to NYG 1 for no gain (T.Edmunds)."
2026,WEEK 1,Sunday Night Football,September 13th,DAL,NYG,2nd Quarter,2,Dallas Cowboys,1,14,1,Touchdown,3rd & 1 at NYG 1,05:48 2nd Shotgun,"— D.Prescott pass short left to C.Lamb for 1 yard, TOUCHDOWN."
2026,WEEK 1,Sunday Night Football,September 13th,DAL,NYG,2nd Quarter,2,Dallas Cowboys,1,15,1,Extra Point,,05:44 2nd,"— B.Aubrey extra point is GOOD, Center-T.Sieg, Holder-B.Anger."
2026,WEEK 1,Sunday Night Football,September 13th,DAL,NYG,2nd Quarter,3,New York Giants,0,1,0,Kickoff from DAL 35,,Kickoff,"— B.Aubrey kicks 58 yards from DAL 35 to NYG 7. D.Banks to NYG 41 for 34 yards (B.Spann-Ford; C.Downs). PENALTY on NYG-E.Campbell, Offensive Holding, 10 yards, enforced at NYG 25."
2026,WEEK 1,Sunday Night Football,September 13th,DAL,NYG,2nd Quarter,3,New York Giants,0,2,0,16 Yard Run,1st & 10 at NYG 15,05:38 2nd,— J.Dart left end ran ob at NYG 31 for 16 yards (J.Barham).
2026,WEEK 1,Sunday Night Football,September 13th,DAL,NYG,2nd Quarter,3,New York Giants,0,3,0,Sack,1st & 10 at NYG 31,05:01 2nd Shotgun,— J.Dart sacked at NYG 31 for 0 yards (sack split by D.Ezeiruaku and J.Bullard).
2026,WEEK 1,Sunday Night Football,September 13th,DAL,NYG,2nd Quarter,3,New York Giants,0,4,0,Pass Incomplete,2nd & 10 at NYG 31,04:19 2nd Shotgun,— J.Dart pass incomplete deep left to M.Fields [D.Ezeiruaku].
2026,WEEK 1,Sunday Night Football,September 13th,DAL,NYG,2nd Quarter,3,New York Giants,0,5,0,19 Yard Pass,3rd & 10 at NYG 31,04:14 2nd Shotgun,— J.Dart pass short left to I.Likely pushed ob at 50 for 19 yards (S.Revel) [Q.Williams].
2026,WEEK 1,Sunday Night Football,September 13th,DAL,NYG,2nd Quarter,3,New York Giants,0,6,0,3 Yard Run,1st & 10 at 50,03:39 2nd,— D.Singletary left tackle to DAL 47 for 3 yards (O.Ogbonnia).
2026,WEEK 1,Sunday Night Football,September 13th,DAL,NYG,2nd Quarter,3,New York Giants,0,7,0,19 Yard Pass,2nd & 7 at DAL 47,03:01 2nd,— J.Dart pass short left to M.Fields pushed ob at DAL 28 for 19 yards (D.Winters).
2026,WEEK 1,Sunday Night Football,September 13th,DAL,NYG,2nd Quarter,3,New York Giants,0,8,0,-1 Yard Sack,1st & 10 at DAL 28,"02:36 2nd No Huddle, Shotgun","— J.Dart sacked at DAL 36 for -8 yards (C.Downs). FUMBLES (C.Downs) [C.Downs], recovered by NYG-J.Runyan at DAL 34. J.Runyan to DAL 29 for 5 yards (D.Winters)."
2026,WEEK 1,Sunday Night Football,September 13th,DAL,NYG,2nd Quarter,3,New York Giants,0,9,0,Fumble,2nd & 11 at DAL 29,02:00 2nd Shotgun,"— T.Tracy left end to DAL 21 for 8 yards (Q.Williams). FUMBLES (Q.Williams), RECOVERED by DAL-S.Revel at DAL 19. S.Revel to DAL 16 for -3 yards (A.Thomas)."
2026,WEEK 1,Sunday Night Football,September 13th,DAL,NYG,2nd Quarter,4,Dallas Cowboys,0,1,0,6 Yard Run,1st & 10 at DAL 16,01:50 2nd,— J.Williams right guard to DAL 22 for 6 yards (A.Reese).
2026,WEEK 1,Sunday Night Football,September 13th,DAL,NYG,2nd Quarter,4,Dallas Cowboys,0,2,0,Pass Incomplete,2nd & 4 at DAL 22,01:24 2nd Shotgun,— D.Prescott pass incomplete deep right to G.Pickens.
2026,WEEK 1,Sunday Night Football,September 13th,DAL,NYG,2nd Quarter,4,Dallas Cowboys,0,3,0,9 Yard Pass,3rd & 4 at DAL 22,01:18 2nd Shotgun,— D.Prescott pass short left to C.Lamb pushed ob at DAL 31 for 9 yards (K.Thibodeaux).
2026,WEEK 1,Sunday Night Football,September 13th,DAL,NYG,2nd Quarter,4,Dallas Cowboys,0,4,0,Pass Incomplete,1st & 10 at DAL 31,"01:13 2nd No Huddle, Shotgun",— D.Prescott pass incomplete deep left [K.Thibodeaux].
2026,WEEK 1,Sunday Night Football,September 13th,DAL,NYG,2nd Quarter,4,Dallas Cowboys,0,5,0,5 Yard Pass,2nd & 10 at DAL 31,01:07 2nd Shotgun,— D.Prescott pass short left to R.Flournoy to DAL 36 for 5 yards (D.Banks).
2026,WEEK 1,Sunday Night Football,September 13th,DAL,NYG,2nd Quarter,4,Dallas Cowboys,0,6,0,Timeout,,00:58 2nd,— Timeout #1 by DAL at 00:58.
2026,WEEK 1,Sunday Night Football,September 13th,DAL,NYG,2nd Quarter,4,Dallas Cowboys,0,7,0,Interception,3rd & 5 at DAL 36,00:58 2nd Shotgun,— D.Prescott pass deep right INTERCEPTED by J.Holland at NYG 45. J.Holland ran ob at NYG 45 for no gain.
2026,WEEK 1,Sunday Night Football,September 13th,DAL,NYG,2nd Quarter,5,New York Giants,1,1,0,Pass Incomplete,1st & 10 at NYG 45,00:49 2nd Shotgun,— J.Dart pass incomplete short left to M.Nabers.
2026,WEEK 1,Sunday Night Football,September 13th,DAL,NYG,2nd Quarter,5,New York Giants,1,2,0,6 Yard Pass,2nd & 10 at NYG 45,00:45 2nd Shotgun,— J.Dart pass short left to M.Fields to DAL 49 for 6 yards (D.Bland).
2026,WEEK 1,Sunday Night Football,September 13th,DAL,NYG,2nd Quarter,5,New York Giants,1,3,0,Timeout,,00:40 2nd,— Timeout #2 by NYG at 00:40.
2026,WEEK 1,Sunday Night Football,September 13th,DAL,NYG,2nd Quarter,5,New York Giants,1,4,0,-5 Yard Penalty,3rd & 4 at DAL 49,00:40 2nd Shotgun,"— PENALTY on NYG-J.Runyan, False Start, 5 yards, enforced at DAL 49 - No Play."
2026,WEEK 1,Sunday Night Football,September 13th,DAL,NYG,2nd Quarter,5,New York Giants,1,5,0,16 Yard Pass,3rd & 9 at NYG 46,00:40 2nd Shotgun,— J.Dart pass deep left to M.Nabers ran ob at DAL 38 for 16 yards.
2026,WEEK 1,Sunday Night Football,September 13th,DAL,NYG,2nd Quarter,5,New York Giants,1,6,0,18 Yard Pass,1st & 10 at DAL 38,00:35 2nd Shotgun,— J.Dart pass deep right to D.Mooney ran ob at DAL 20 for 18 yards.
2026,WEEK 1,Sunday Night Football,September 13th,DAL,NYG,2nd Quarter,5,New York Giants,1,7,0,5 Yard Pass,1st & 10 at DAL 20,00:31 2nd Shotgun,— J.Dart pass short right to I.Likely pushed ob at DAL 15 for 5 yards (D.Winters).
2026,WEEK 1,Sunday Night Football,September 13th,DAL,NYG,2nd Quarter,5,New York Giants,1,8,1,Touchdown,2nd & 5 at DAL 15,00:25 2nd Shotgun,"— J.Dart pass short right to I.Likely for 15 yards, TOUCHDOWN."
2026,WEEK 1,Sunday Night Football,September 13th,DAL,NYG,2nd Quarter,5,New York Giants,1,9,1,Extra Point,,00:20 2nd,"— D.Zvada extra point is GOOD, Center-B.Mann, Holder-J.Stout."
2026,WEEK 1,Sunday Night Football,September 13th,DAL,NYG,2nd Quarter,6,Dallas Cowboys,0,1,0,Kickoff from NYG 35,,Kickoff,— D.Zvada kicks 64 yards from NYG 35 to DAL 1. K.Turpin to DAL 32 for 31 yards (M.Harrison).
2026,WEEK 1,Sunday Night Football,September 13th,DAL,NYG,2nd Quarter,6,Dallas Cowboys,0,2,0,Timeout,,00:14 2nd,— Timeout #3 by NYG at 00:14.
2026,WEEK 1,Sunday Night Football,September 13th,DAL,NYG,2nd Quarter,6,Dallas Cowboys,0,3,0,6 Yard Pass,1st & 10 at DAL 32,00:14 2nd Shotgun,— D.Prescott pass short right to J.Ferguson to DAL 38 for 6 yards (T.Edmunds).
2026,WEEK 1,Sunday Night Football,September 13th,DAL,NYG,2nd Quarter,6,Dallas Cowboys,0,4,0,Timeout,,00:09 2nd,— Timeout #2 by DAL at 00:09.
2026,WEEK 1,Sunday Night Football,September 13th,DAL,NYG,2nd Quarter,6,Dallas Cowboys,0,5,0,Pass Incomplete,2nd & 4 at DAL 38,00:09 2nd Shotgun,— D.Prescott pass incomplete short left to R.Flournoy (D.Banks).
2026,WEEK 1,Sunday Night Football,September 13th,DAL,NYG,2nd Quarter,6,Dallas Cowboys,0,6,0,7 Yard Run,3rd & 4 at DAL 38,00:03 2nd Shotgun,— H.Luepke up the middle to DAL 45 for 7 yards (C.Golston).
2026,WEEK 1,Sunday Night Football,September 13th,DAL,NYG,3rd Quarter,1,New York Giants,1,1,0,Kickoff from DAL 35,,Kickoff,"— B.Aubrey kicks 59 yards from DAL 35 to NYG 6. D.Banks MUFFS catch, and recovers at NYG 7. D.Banks to NYG 26 for 19 yards (M.Bell)."
2026,WEEK 1,Sunday Night Football,September 13th,DAL,NYG,3rd Quarter,1,New York Giants,1,2,0,5 Yard Run,1st & 10 at NYG 26,14:55 3rd,— C.Skattebo left tackle to NYG 31 for 5 yards (D.Ezeiruaku; D.Overshown).
2026,WEEK 1,Sunday Night Football,September 13th,DAL,NYG,3rd Quarter,1,New York Giants,1,3,0,7 Yard Run,2nd & 5 at NYG 31,14:16 3rd Shotgun,— C.Skattebo right guard to NYG 38 for 7 yards (C.Durant; J.Thompson).
2026,WEEK 1,Sunday Night Football,September 13th,DAL,NYG,3rd Quarter,1,New York Giants,1,4,0,9 Yard Pass,1st & 10 at NYG 38,13:41 3rd,— J.Dart pass short left to T.Johnson to NYG 47 for 9 yards (J.Thompson).
2026,WEEK 1,Sunday Night Football,September 13th,DAL,NYG,3rd Quarter,1,New York Giants,1,5,0,7 Yard Run,2nd & 1 at NYG 47,12:53 3rd,— C.Skattebo left guard to DAL 46 for 7 yards (D.Ezeiruaku).
2026,WEEK 1,Sunday Night Football,September 13th,DAL,NYG,3rd Quarter,1,New York Giants,1,6,0,1 Yard Run,1st & 10 at DAL 46,12:08 3rd,— D.Singletary left guard to DAL 45 for 1 yard (C.Downs; Q.Williams).
2026,WEEK 1,Sunday Night Football,September 13th,DAL,NYG,3rd Quarter,1,New York Giants,1,7,0,16 Yard Pass,2nd & 9 at DAL 45,11:25 3rd,— J.Dart pass short middle to M.Nabers to DAL 29 for 16 yards (C.Downs).
2026,WEEK 1,Sunday Night Football,September 13th,DAL,NYG,3rd Quarter,1,New York Giants,1,8,0,2 Yard Run,1st & 10 at DAL 29,10:37 3rd,— D.Singletary up the middle to DAL 27 for 2 yards (O.Ogbonnia; D.Overshown).
2026,WEEK 1,Sunday Night Football,September 13th,DAL,NYG,3rd Quarter,1,New York Giants,1,9,0,9 Yard Pass,2nd & 8 at DAL 27,09:55 3rd Shotgun,— J.Dart pass short middle to D.Mooney to DAL 18 for 9 yards (D.Winters).
2026,WEEK 1,Sunday Night Football,September 13th,DAL,NYG,3rd Quarter,1,New York Giants,1,10,0,Timeout,,09:13 3rd,— Timeout #1 by DAL at 09:13.
2026,WEEK 1,Sunday Night Football,September 13th,DAL,NYG,3rd Quarter,1,New York Giants,1,11,0,1 Yard Run,1st & 10 at DAL 18,09:13 3rd,— C.Skattebo left tackle to DAL 17 for 1 yard (D.Ezeiruaku; D.Overshown).
2026,WEEK 1,Sunday Night Football,September 13th,DAL,NYG,3rd Quarter,1,New York Giants,1,12,0,13 Yard Pass,2nd & 9 at DAL 17,08:28 3rd Shotgun,— J.Dart pass short middle to M.Nabers to DAL 4 for 13 yards (J.Thompson).
2026,WEEK 1,Sunday Night Football,September 13th,DAL,NYG,3rd Quarter,1,New York Giants,1,13,0,2 Yard Run,1st & 4 at DAL 4,07:44 3rd Shotgun,— C.Skattebo left tackle to DAL 2 for 2 yards (C.Downs; D.Ezeiruaku).
2026,WEEK 1,Sunday Night Football,September 13th,DAL,NYG,3rd Quarter,1,New York Giants,1,14,1,Touchdown,2nd & 2 at DAL 2,07:04 3rd,"— J.Dart pass short right to I.Likely for 2 yards, TOUCHDOWN."
2026,WEEK 1,Sunday Night Football,September 13th,DAL,NYG,3rd Quarter,1,New York Giants,1,15,1,Extra Point,,06:59 3rd,"— D.Zvada extra point is GOOD, Center-B.Mann, Holder-J.Stout."
2026,WEEK 1,Sunday Night Football,September 13th,DAL,NYG,3rd Quarter,2,Dallas Cowboys,1,1,0,Kickoff from NYG 35,,Kickoff,— D.Zvada kicks 64 yards from NYG 35 to DAL 1. K.Turpin to DAL 25 for 24 yards (A.Washington; C.Golston).
2026,WEEK 1,Sunday Night Football,September 13th,DAL,NYG,3rd Quarter,2,Dallas Cowboys,1,2,0,Pass Incomplete,1st & 10 at DAL 25,06:53 3rd Shotgun,— D.Prescott pass incomplete short left to R.Flournoy.
2026,WEEK 1,Sunday Night Football,September 13th,DAL,NYG,3rd Quarter,2,Dallas Cowboys,1,3,0,13 Yard Pass,2nd & 10 at DAL 25,06:51 3rd Shotgun,— D.Prescott pass short right to C.Lamb to DAL 38 for 13 yards (T.Edmunds).
2026,WEEK 1,Sunday Night Football,September 13th,DAL,NYG,3rd Quarter,2,Dallas Cowboys,1,4,0,Pass Incomplete,1st & 10 at DAL 38,06:18 3rd,— D.Prescott pass incomplete short right [A.Carter].
2026,WEEK 1,Sunday Night Football,September 13th,DAL,NYG,3rd Quarter,2,Dallas Cowboys,1,5,0,11 Yard Pass,2nd & 10 at DAL 38,06:13 3rd Shotgun,— D.Prescott pass short left to G.Pickens to DAL 49 for 11 yards (D.Banks).
2026,WEEK 1,Sunday Night Football,September 13th,DAL,NYG,3rd Quarter,2,Dallas Cowboys,1,6,0,7 Yard Run,1st & 10 at DAL 49,05:34 3rd Shotgun,— J.Williams up the middle to NYG 44 for 7 yards (T.Nubin).
2026,WEEK 1,Sunday Night Football,September 13th,DAL,NYG,3rd Quarter,2,Dallas Cowboys,1,7,0,10 Yard Pass,2nd & 3 at NYG 44,04:53 3rd Shotgun,— D.Prescott pass short right to J.Williams to NYG 34 for 10 yards (A.Reese).
2026,WEEK 1,Sunday Night Football,September 13th,DAL,NYG,3rd Quarter,2,Dallas Cowboys,1,8,0,8 Yard Run,1st & 10 at NYG 34,04:13 3rd Shotgun,— J.Williams up the middle to NYG 26 for 8 yards (J.Holland).
2026,WEEK 1,Sunday Night Football,September 13th,DAL,NYG,3rd Quarter,2,Dallas Cowboys,1,9,0,11 Yard Penalty,2nd & 2 at NYG 26,03:37 3rd Shotgun,"— D.Prescott pass incomplete deep right to C.Lamb. PENALTY on NYG-A.Phillips, Defensive Pass Interference, 11 yards, enforced at NYG 26 - No Play."
2026,WEEK 1,Sunday Night Football,September 13th,DAL,NYG,3rd Quarter,2,Dallas Cowboys,1,10,0,3 Yard Run,1st & 10 at NYG 15,03:31 3rd,— D.Shelton reported in as eligible. E.Demercado up the middle to NYG 12 for 3 yards (T.Edmunds).
2026,WEEK 1,Sunday Night Football,September 13th,DAL,NYG,3rd Quarter,2,Dallas Cowboys,1,11,0,-5 Yard Pass,2nd & 7 at NYG 12,02:47 3rd Shotgun,"— D.Prescott pass short right to J.Williams to NYG 17 for -5 yards (A.Reese, A.Carter)."
2026,WEEK 1,Sunday Night Football,September 13th,DAL,NYG,3rd Quarter,2,Dallas Cowboys,1,12,0,15 Yard Pass,3rd & 12 at NYG 17,01:59 3rd Shotgun,— D.Prescott pass short left to C.Lamb to NYG 2 for 15 yards (P.Adebo).
2026,WEEK 1,Sunday Night Football,September 13th,DAL,NYG,3rd Quarter,2,Dallas Cowboys,1,13,0,1 Yard Penalty,1st & 2 at NYG 2,"01:28 3rd No Huddle, Shotgun","— D.Prescott pass incomplete short right to C.Lamb. PENALTY on NYG-A.Phillips, Defensive Pass Interference, 1 yard, enforced at NYG 2 - No Play."
2026,WEEK 1,Sunday Night Football,September 13th,DAL,NYG,3rd Quarter,2,Dallas Cowboys,1,14,0,0 Yard Pass,1st & 1 at NYG 1,01:25 3rd,— D.Prescott pass short right to J.Ferguson to NYG 1 for no gain (T.Edmunds).
2026,WEEK 1,Sunday Night Football,September 13th,DAL,NYG,3rd Quarter,2,Dallas Cowboys,1,15,1,Touchdown,2nd & 1 at NYG 1,00:41 3rd,"— J.Williams right tackle for 1 yard, TOUCHDOWN."
2026,WEEK 1,Sunday Night Football,September 13th,DAL,NYG,3rd Quarter,2,Dallas Cowboys,1,16,1,Extra Point,,00:37 3rd,"— B.Aubrey extra point is GOOD, Center-T.Sieg, Holder-B.Anger."
2026,WEEK 1,Sunday Night Football,September 13th,DAL,NYG,4th Quarter,1,New York Giants,1,1,0,Kickoff from DAL 35,,Kickoff,"— B.Aubrey kicks 65 yards from DAL 35 to end zone, Touchback to the NYG 35."
2026,WEEK 1,Sunday Night Football,September 13th,DAL,NYG,4th Quarter,1,New York Giants,1,2,0,2 Yard Run,1st & 10 at NYG 35,00:37 3rd,— J.Dart scrambles right end ran ob at NYG 37 for 2 yards (J.Barham). DAL-M.Hooker was injured during the play.
2026,WEEK 1,Sunday Night Football,September 13th,DAL,NYG,4th Quarter,1,New York Giants,1,3,0,7 Yard Run,2nd & 8 at NYG 37,15:00 4th Shotgun,— J.Dart right end to NYG 44 for 7 yards (M.Lawrence; D.Bland).
2026,WEEK 1,Sunday Night Football,September 13th,DAL,NYG,4th Quarter,1,New York Giants,1,4,0,2 Yard Run,3rd & 1 at NYG 44,14:20 4th,— J.Dart left guard to NYG 46 for 2 yards (M.Lawrence).
2026,WEEK 1,Sunday Night Football,September 13th,DAL,NYG,4th Quarter,1,New York Giants,1,5,0,8 Yard Run,1st & 10 at NYG 46,13:38 4th,— J.Dart scrambles up the middle to DAL 46 for 8 yards (J.Barham; D.Overshown).
2026,WEEK 1,Sunday Night Football,September 13th,DAL,NYG,4th Quarter,1,New York Giants,1,6,0,8 Yard Run,2nd & 2 at DAL 46,12:55 4th,— C.Skattebo left guard to DAL 38 for 8 yards (J.Barham; P.Locke).
2026,WEEK 1,Sunday Night Football,September 13th,DAL,NYG,4th Quarter,1,New York Giants,1,7,0,Pass Incomplete,1st & 10 at DAL 38,12:10 4th Shotgun,— J.Dart pass incomplete deep right to M.Fields.
2026,WEEK 1,Sunday Night Football,September 13th,DAL,NYG,4th Quarter,1,New York Giants,1,8,0,10 Yard Run,2nd & 10 at DAL 38,12:04 4th,"— C.Skattebo left end to DAL 31 for 7 yards (C.Durant). FUMBLES (C.Durant), and recovers at DAL 29. C.Skattebo to DAL 28 for 1 yard (D.Ezeiruaku). DAL-D.Overshown was injured during the play."
2026,WEEK 1,Sunday Night Football,September 13th,DAL,NYG,4th Quarter,1,New York Giants,1,9,0,-7 Yard Pass,1st & 10 at DAL 28,11:16 4th,— J.Dart pass short left to D.Singletary to DAL 35 for -7 yards (J.Barham).
2026,WEEK 1,Sunday Night Football,September 13th,DAL,NYG,4th Quarter,1,New York Giants,1,10,0,8 Yard Pass,2nd & 17 at DAL 35,10:27 4th Shotgun,— J.Dart pass short left to M.Nabers to DAL 27 for 8 yards (D.Bland).
2026,WEEK 1,Sunday Night Football,September 13th,DAL,NYG,4th Quarter,1,New York Giants,1,11,0,13 Yard Pass,3rd & 9 at DAL 27,09:43 4th Shotgun,— J.Dart pass short left to D.Singletary pushed ob at DAL 14 for 13 yards (J.Thompson).
2026,WEEK 1,Sunday Night Football,September 13th,DAL,NYG,4th Quarter,1,New York Giants,1,12,0,-5 Yard Penalty,1st & 10 at DAL 14,09:02 4th,"— PENALTY on NYG, Delay of Game, 5 yards, enforced at DAL 14 - No Play."
2026,WEEK 1,Sunday Night Football,September 13th,DAL,NYG,4th Quarter,1,New York Giants,1,13,0,3 Yard Run,1st & 15 at DAL 19,09:02 4th Shotgun,— D.Singletary left end to DAL 16 for 3 yards (D.Bland; J.Barham).
2026,WEEK 1,Sunday Night Football,September 13th,DAL,NYG,4th Quarter,1,New York Giants,1,14,0,7 Yard Pass,2nd & 12 at DAL 16,08:16 4th Shotgun,— J.Dart pass short left to D.Singletary to DAL 9 for 7 yards (D.Bland; J.Thompson).
2026,WEEK 1,Sunday Night Football,September 13th,DAL,NYG,4th Quarter,1,New York Giants,1,15,1,Touchdown,3rd & 5 at DAL 9,07:31 4th Shotgun,"— J.Dart pass short left to D.Singletary for 9 yards, TOUCHDOWN."
2026,WEEK 1,Sunday Night Football,September 13th,DAL,NYG,4th Quarter,1,New York Giants,1,16,1,Extra Point,,07:26 4th,"— D.Zvada extra point is GOOD, Center-B.Mann, Holder-J.Stout."
2026,WEEK 1,Sunday Night Football,September 13th,DAL,NYG,4th Quarter,2,Dallas Cowboys,1,1,0,Kickoff from NYG 35,,Kickoff,— D.Zvada kicks 64 yards from NYG 35 to DAL 1. K.Turpin ran ob at DAL 26 for 25 yards (P.Adebo).
2026,WEEK 1,Sunday Night Football,September 13th,DAL,NYG,4th Quarter,2,Dallas Cowboys,1,2,0,Pass Incomplete,1st & 10 at DAL 26,07:21 4th Shotgun,— D.Prescott pass incomplete short left to C.Lamb (D.Banks).
2026,WEEK 1,Sunday Night Football,September 13th,DAL,NYG,4th Quarter,2,Dallas Cowboys,1,3,0,5 Yard Pass,2nd & 10 at DAL 26,"07:15 4th No Huddle, Shotgun",— D.Prescott pass short right to J.Williams pushed ob at DAL 31 for 5 yards (G.Newsome). NYG-G.Newsome was injured during the play.
2026,WEEK 1,Sunday Night Football,September 13th,DAL,NYG,4th Quarter,2,Dallas Cowboys,1,4,0,6 Yard Pass,3rd & 5 at DAL 31,06:57 4th Shotgun,— D.Prescott pass short right to C.Lamb pushed ob at DAL 37 for 6 yards (D.Banks).
2026,WEEK 1,Sunday Night Football,September 13th,DAL,NYG,4th Quarter,2,Dallas Cowboys,1,5,0,4 Yard Pass,1st & 10 at DAL 37,"06:41 4th No Huddle, Shotgun",— D.Prescott pass short middle to J.Williams to DAL 41 for 4 yards (T.Edmunds).
2026,WEEK 1,Sunday Night Football,September 13th,DAL,NYG,4th Quarter,2,Dallas Cowboys,1,6,0,10 Yard Pass,2nd & 6 at DAL 41,"06:19 4th No Huddle, Shotgun",— D.Prescott pass short right to J.Mingo pushed ob at NYG 49 for 10 yards (P.Adebo).
2026,WEEK 1,Sunday Night Football,September 13th,DAL,NYG,4th Quarter,2,Dallas Cowboys,1,7,0,Pass Incomplete,1st & 10 at NYG 49,"05:53 4th No Huddle, Shotgun",— D.Prescott pass incomplete deep left to G.Pickens.
2026,WEEK 1,Sunday Night Football,September 13th,DAL,NYG,4th Quarter,2,Dallas Cowboys,1,8,0,Pass Incomplete,2nd & 10 at NYG 49,05:47 4th Shotgun,— D.Prescott pass incomplete deep right to C.Lamb.
2026,WEEK 1,Sunday Night Football,September 13th,DAL,NYG,4th Quarter,2,Dallas Cowboys,1,9,0,32 Yard Pass,3rd & 10 at NYG 49,05:42 4th Shotgun,"— D.Prescott pass short left to R.Flournoy pushed ob at NYG 32 for 17 yards (J.Holland). PENALTY on NYG-J.Holland, Unnecessary Roughness, 15 yards, enforced at NYG 32."
2026,WEEK 1,Sunday Night Football,September 13th,DAL,NYG,4th Quarter,2,Dallas Cowboys,1,10,1,Touchdown,1st & 10 at NYG 17,05:26 4th Shotgun,"— D.Prescott pass short left to J.Williams for 17 yards, TOUCHDOWN. ** Injury Update: NYG-G.Newsome has returned to the game. PENALTY on DAL-J.Williams, Taunting, 15 yards, enforced between downs."
2026,WEEK 1,Sunday Night Football,September 13th,DAL,NYG,4th Quarter,2,Dallas Cowboys,1,11,0,Extra Point No Good,,05:21 4th,"— B.Aubrey extra point is No Good, Wide Right, Center-T.Sieg, Holder-B.Anger."
2026,WEEK 1,Sunday Night Football,September 13th,DAL,NYG,4th Quarter,3,New York Giants,0,1,0,Kickoff from DAL 35,,Kickoff,— B.Aubrey kicks 65 yards from DAL 35 to NYG 0. B.Berrios to NYG 28 for 28 yards (A.Clark).
2026,WEEK 1,Sunday Night Football,September 13th,DAL,NYG,4th Quarter,3,New York Giants,0,2,0,1 Yard Run,1st & 10 at NYG 28,05:16 4th Shotgun,— C.Skattebo up the middle to NYG 29 for 1 yard (R.Gary).
2026,WEEK 1,Sunday Night Football,September 13th,DAL,NYG,4th Quarter,3,New York Giants,0,3,0,Pass Incomplete,2nd & 9 at NYG 29,04:34 4th Shotgun,— J.Dart pass incomplete deep left to M.Nabers.
2026,WEEK 1,Sunday Night Football,September 13th,DAL,NYG,4th Quarter,3,New York Giants,0,4,0,12 Yard Pass,3rd & 9 at NYG 29,04:30 4th Shotgun,— J.Dart pass short left to I.Likely to NYG 41 for 12 yards (P.Locke).
2026,WEEK 1,Sunday Night Football,September 13th,DAL,NYG,4th Quarter,3,New York Giants,0,5,0,-1 Yard Run,1st & 10 at NYG 41,03:45 4th,— C.Skattebo right end to NYG 40 for -1 yards (D.Ezeiruaku).
2026,WEEK 1,Sunday Night Football,September 13th,DAL,NYG,4th Quarter,3,New York Giants,0,6,0,-5 Yard Penalty,2nd & 11 at NYG 40,03:01 4th Shotgun,"— PENALTY on NYG-J.Eluemunor, False Start, 5 yards, enforced at NYG 40 - No Play."
2026,WEEK 1,Sunday Night Football,September 13th,DAL,NYG,4th Quarter,3,New York Giants,0,7,0,13 Yard Run,2nd & 16 at NYG 35,03:01 4th Shotgun,— C.Skattebo left guard to NYG 48 for 13 yards (M.Lawrence).
2026,WEEK 1,Sunday Night Football,September 13th,DAL,NYG,4th Quarter,3,New York Giants,0,8,0,5 Yard Pass,3rd & 3 at NYG 48,02:16 4th Shotgun,— J.Dart pass short middle to I.Likely to DAL 47 for 5 yards (C.Downs).
2026,WEEK 1,Sunday Night Football,September 13th,DAL,NYG,4th Quarter,3,New York Giants,0,9,0,Timeout,,02:10 4th,— Timeout #2 by DAL at 02:10.
2026,WEEK 1,Sunday Night Football,September 13th,DAL,NYG,4th Quarter,3,New York Giants,0,10,0,16 Yard Run,1st & 10 at DAL 47,02:10 4th,"— A.Stinnie reported in as eligible. J.Dart right end to DAL 46 for 1 yard (D.Ezeiruaku; C.Downs). PENALTY on DAL-D.Ezeiruaku, Face Mask, 15 yards, enforced at DAL 46."
2026,WEEK 1,Sunday Night Football,September 13th,DAL,NYG,4th Quarter,3,New York Giants,0,11,0,3 Yard Run,1st & 10 at DAL 31,02:03 4th,— C.Skattebo left tackle to DAL 28 for 3 yards (D.Bland; M.Lawrence).
2026,WEEK 1,Sunday Night Football,September 13th,DAL,NYG,4th Quarter,3,New York Giants,0,12,0,8 Yard Run,2nd & 7 at DAL 28,01:58 4th,— C.Skattebo left end to DAL 20 for 8 yards (J.Thompson; J.Houston).
2026,WEEK 1,Sunday Night Football,September 13th,DAL,NYG,4th Quarter,3,New York Giants,0,13,0,Timeout,,01:52 4th,— Timeout #3 by DAL at 01:52.
2026,WEEK 1,Sunday Night Football,September 13th,DAL,NYG,4th Quarter,3,New York Giants,0,14,0,-2 Yard Run,1st & 10 at DAL 20,01:52 4th,— J.Dart kneels to DAL 22 for -2 yards.
2026,WEEK 1,Sunday Night Football,September 13th,DAL,NYG,4th Quarter,3,New York Giants,0,15,0,-2 Yard Run,2nd & 12 at DAL 22,01:10 4th,— J.Dart kneels to DAL 24 for -2 yards.
2026,WEEK 1,Sunday Night Football,September 13th,DAL,NYG,4th Quarter,3,New York Giants,0,16,0,-1 Yard Run,3rd & 14 at DAL 24,00:34 4th,— J.Dart kneels to DAL 25 for -1 yards.
2026,WEEK 1,Monday Night Football,September 14th,DEN,KC,1st Quarter,1,Denver Broncos,0,1,0,Kickoff from KC 35,,Kickoff,"— H.Butker kicks 65 yards from KC 35 to end zone, Touchback to the DEN 35."
2026,WEEK 1,Monday Night Football,September 14th,DEN,KC,1st Quarter,1,Denver Broncos,0,2,0,-3 Yard Sack,1st & 10 at DEN 35,15:00 1st Shotgun,— B.Nix sacked at DEN 32 for -3 yards (N.Williams).
2026,WEEK 1,Monday Night Football,September 14th,DEN,KC,1st Quarter,1,Denver Broncos,0,3,0,2 Yard Run,2nd & 13 at DEN 32,14:22 1st Shotgun,— J.Dobbins left end to DEN 34 for 2 yards (C.Jones; N.Bolton).
2026,WEEK 1,Monday Night Football,September 14th,DEN,KC,1st Quarter,1,Denver Broncos,0,4,0,Interception,3rd & 11 at DEN 34,13:39 1st Shotgun,— B.Nix pass deep middle intended for C.Sutton INTERCEPTED by M.Delane at KC 49. M.Delane to DEN 46 for 5 yards (C.Sutton).
2026,WEEK 1,Monday Night Football,September 14th,DEN,KC,1st Quarter,2,Kansas City Chiefs,1,1,0,2 Yard Run,1st & 10 at DEN 46,13:30 1st,— K.Walker left tackle to DEN 44 for 2 yards (N.Bonitto; A.Singleton).
2026,WEEK 1,Monday Night Football,September 14th,DEN,KC,1st Quarter,2,Kansas City Chiefs,1,2,0,5 Yard Run,2nd & 8 at DEN 44,12:59 1st Shotgun,— K.Walker up the middle to DEN 39 for 5 yards (T.Hufanga).
2026,WEEK 1,Monday Night Football,September 14th,DEN,KC,1st Quarter,2,Kansas City Chiefs,1,3,0,1 Yard Run,3rd & 3 at DEN 39,12:20 1st Shotgun,— K.Walker up the middle to DEN 38 for 1 yard (Z.Allen; A.Singleton).
2026,WEEK 1,Monday Night Football,September 14th,DEN,KC,1st Quarter,2,Kansas City Chiefs,1,4,0,3 Yard Run,4th & 2 at DEN 38,11:35 1st Shotgun,— H.Nourzad and K.Tonga reported in as eligible. K.Walker up the middle to DEN 35 for 3 yards (E.Uwazurike; T.Hufanga).
2026,WEEK 1,Monday Night Football,September 14th,DEN,KC,1st Quarter,2,Kansas City Chiefs,1,5,0,Pass Incomplete,1st & 10 at DEN 35,11:02 1st Shotgun,— P.Mahomes pass incomplete short left to T.Kelce.
2026,WEEK 1,Monday Night Football,September 14th,DEN,KC,1st Quarter,2,Kansas City Chiefs,1,6,0,9 Yard Pass,2nd & 10 at DEN 35,10:58 1st Shotgun,— P.Mahomes pass short right to X.Worthy ran ob at DEN 26 for 9 yards (R.Moss).
2026,WEEK 1,Monday Night Football,September 14th,DEN,KC,1st Quarter,2,Kansas City Chiefs,1,7,0,6 Yard Run,3rd & 1 at DEN 26,10:26 1st,"— J.Moore, H.Nourzad and K.Tonga reported in as eligible. K.Walker up the middle to DEN 20 for 6 yards (T.Hufanga; R.Moss)."
2026,WEEK 1,Monday Night Football,September 14th,DEN,KC,1st Quarter,2,Kansas City Chiefs,1,8,0,12 Yard Run,1st & 10 at DEN 20,09:47 1st,— K.Walker right end to DEN 8 for 12 yards (A.Singleton).
2026,WEEK 1,Monday Night Football,September 14th,DEN,KC,1st Quarter,2,Kansas City Chiefs,1,9,0,3 Yard Run,1st & 8 at DEN 8,09:10 1st,— K.Walker right end to DEN 5 for 3 yards (M.Roach).
2026,WEEK 1,Monday Night Football,September 14th,DEN,KC,1st Quarter,2,Kansas City Chiefs,1,10,0,-10 Yard Penalty,2nd & 5 at DEN 5,08:27 1st Shotgun,"— P.Mahomes scrambles right end for 5 yards, TOUCHDOWN NULLIFIED by Penalty. PENALTY on KC-K.Benson, Offensive Holding, 10 yards, enforced at DEN 5 - No Play. Penalty on KC-J.Moore, Offensive Holding, declined."
2026,WEEK 1,Monday Night Football,September 14th,DEN,KC,1st Quarter,2,Kansas City Chiefs,1,11,1,Touchdown,2nd & 15 at DEN 15,08:20 1st Shotgun,"— P.Mahomes scrambles up the middle for 15 yards, TOUCHDOWN."
2026,WEEK 1,Monday Night Football,September 14th,DEN,KC,1st Quarter,2,Kansas City Chiefs,1,12,1,Extra Point,,08:11 1st,"— H.Butker extra point is GOOD, Center-J.Winchester, Holder-M.Araiza."
2026,WEEK 1,Monday Night Football,September 14th,DEN,KC,1st Quarter,3,Denver Broncos,1,1,0,Kickoff from KC 35,,Kickoff,— H.Butker kicks 62 yards from KC 35 to DEN 3. R.Harvey to DEN 32 for 29 yards (X.Nwankpa; C.McDonald). KC-C.McDonald was injured during the play.
2026,WEEK 1,Monday Night Football,September 14th,DEN,KC,1st Quarter,3,Denver Broncos,1,2,0,7 Yard Run,1st & 10 at DEN 32,08:06 1st Shotgun,— R.Harvey right tackle to DEN 39 for 7 yards (A.Gillotte; D.Tranquill).
2026,WEEK 1,Monday Night Football,September 14th,DEN,KC,1st Quarter,3,Denver Broncos,1,3,0,5 Yard Penalty,2nd & 3 at DEN 39,07:30 1st Shotgun,"— B.Nix pass short left to J.Waddle to DEN 34 for -5 yards (N.Williams). PENALTY on KC-L.Sneed, Defensive Offside, 5 yards, enforced at DEN 39 - No Play."
2026,WEEK 1,Monday Night Football,September 14th,DEN,KC,1st Quarter,3,Denver Broncos,1,4,0,13 Yard Pass,1st & 10 at DEN 44,07:07 1st Shotgun,— B.Nix pass short right to P.Bryant to KC 43 for 13 yards (A.Gilman).
2026,WEEK 1,Monday Night Football,September 14th,DEN,KC,1st Quarter,3,Denver Broncos,1,5,0,1 Yard Run,1st & 10 at KC 43,06:21 1st,— J.Dobbins right end to KC 42 for 1 yard (D.Tranquill).
2026,WEEK 1,Monday Night Football,September 14th,DEN,KC,1st Quarter,3,Denver Broncos,1,6,0,4 Yard Pass,2nd & 9 at KC 42,05:47 1st Shotgun,— B.Nix pass short right to A.Trautman pushed ob at KC 38 for 4 yards (L.Sneed).
2026,WEEK 1,Monday Night Football,September 14th,DEN,KC,1st Quarter,3,Denver Broncos,1,7,0,8 Yard Pass,3rd & 5 at KC 38,05:10 1st Shotgun,— B.Nix pass short left to P.Bryant to KC 30 for 8 yards (G.Karlaftis).
2026,WEEK 1,Monday Night Football,September 14th,DEN,KC,1st Quarter,3,Denver Broncos,1,8,0,11 Yard Pass,1st & 10 at KC 30,04:29 1st Shotgun,— B.Nix pass short left to P.Bryant pushed ob at KC 19 for 11 yards (L.Sneed).
2026,WEEK 1,Monday Night Football,September 14th,DEN,KC,1st Quarter,3,Denver Broncos,1,9,1,Touchdown,1st & 10 at KC 19,03:53 1st Shotgun,"— B.Nix pass deep left to E.Engram for 19 yards, TOUCHDOWN."
2026,WEEK 1,Monday Night Football,September 14th,DEN,KC,1st Quarter,3,Denver Broncos,1,10,1,Extra Point,,03:48 1st,"— W.Lutz extra point is GOOD, Center-M.Fraboni, Holder-J.Crawshaw."
2026,WEEK 1,Monday Night Football,September 14th,DEN,KC,1st Quarter,4,Kansas City Chiefs,0,1,0,Kickoff from DEN 35,,Kickoff,— W.Lutz kicks 57 yards from DEN 35 to KC 8. N.Remigio to KC 34 for 26 yards (D.Key; T.Anderson).
2026,WEEK 1,Monday Night Football,September 14th,DEN,KC,1st Quarter,4,Kansas City Chiefs,0,2,0,Pass Incomplete,1st & 10 at KC 34,03:39 1st,— P.Mahomes pass incomplete deep right.
2026,WEEK 1,Monday Night Football,September 14th,DEN,KC,1st Quarter,4,Kansas City Chiefs,0,3,0,3 Yard Run,2nd & 10 at KC 34,03:34 1st Shotgun,— E.Johnson right tackle to KC 37 for 3 yards (M.Roach).
2026,WEEK 1,Monday Night Football,September 14th,DEN,KC,1st Quarter,4,Kansas City Chiefs,0,4,0,Pass Incomplete,3rd & 7 at KC 37,02:55 1st Shotgun,— P.Mahomes pass incomplete short right to X.Worthy (J.McMillian).
2026,WEEK 1,Monday Night Football,September 14th,DEN,KC,1st Quarter,4,Kansas City Chiefs,0,5,0,Punt,4th & 7 at KC 37,02:51 1st,"— M.Araiza punts 55 yards to DEN 8, Center-J.Winchester, fair catch by K.Abrams-Draine."
2026,WEEK 1,Monday Night Football,September 14th,DEN,KC,2nd Quarter,1,Denver Broncos,0,1,0,Pass Incomplete,1st & 10 at DEN 8,02:43 1st,"— B.Nix pass incomplete short right to A.Trautman [G.Karlaftis]. Penalty on DEN-G.Bolles, Ineligible Downfield Pass, declined."
2026,WEEK 1,Monday Night Football,September 14th,DEN,KC,2nd Quarter,1,Denver Broncos,0,2,0,9 Yard Pass,2nd & 10 at DEN 8,02:38 1st,— B.Nix pass short left to E.Engram to DEN 17 for 9 yards (N.Williams; L.Sneed).
2026,WEEK 1,Monday Night Football,September 14th,DEN,KC,2nd Quarter,1,Denver Broncos,0,3,0,6 Yard Run,3rd & 1 at DEN 17,01:54 1st,— R.Harvey right end to DEN 23 for 6 yards (N.Bolton).
2026,WEEK 1,Monday Night Football,September 14th,DEN,KC,2nd Quarter,1,Denver Broncos,0,4,0,-10 Yard Penalty,1st & 10 at DEN 23,01:14 1st,"— J.Dobbins left end to DEN 26 for 3 yards (D.Tranquill; N.Bolton). PENALTY on DEN-P.Bryant, Offensive Holding, 10 yards, enforced at DEN 23 - No Play."
2026,WEEK 1,Monday Night Football,September 14th,DEN,KC,2nd Quarter,1,Denver Broncos,0,5,0,1 Yard Pass,1st & 20 at DEN 13,00:46 1st Shotgun,— B.Nix pass short left to R.Harvey to DEN 14 for 1 yard (L.Sneed).
2026,WEEK 1,Monday Night Football,September 14th,DEN,KC,2nd Quarter,1,Denver Broncos,0,6,0,2 Yard Run,2nd & 19 at DEN 14,15:00 2nd,— J.Dobbins up the middle to DEN 16 for 2 yards (D.Tranquill).
2026,WEEK 1,Monday Night Football,September 14th,DEN,KC,2nd Quarter,1,Denver Broncos,0,7,0,11 Yard Pass,3rd & 17 at DEN 16,14:21 2nd Shotgun,— B.Nix pass short left to R.Harvey to DEN 27 for 11 yards (D.Tranquill; G.Karlaftis).
2026,WEEK 1,Monday Night Football,September 14th,DEN,KC,2nd Quarter,1,Denver Broncos,0,8,0,Punt,4th & 6 at DEN 27,13:40 2nd,"— J.Crawshaw punts 51 yards to KC 22, Center-M.Fraboni. N.Remigio to KC 29 for 7 yards (N.Adkins)."
2026,WEEK 1,Monday Night Football,September 14th,DEN,KC,2nd Quarter,2,Kansas City Chiefs,0,1,0,9 Yard Run,1st & 10 at KC 29,13:28 2nd,— K.Walker left tackle to KC 38 for 9 yards (R.Moss).
2026,WEEK 1,Monday Night Football,September 14th,DEN,KC,2nd Quarter,2,Kansas City Chiefs,0,2,0,Pass Incomplete,2nd & 1 at KC 38,12:42 2nd,— P.Mahomes pass incomplete deep left to T.Thornton.
2026,WEEK 1,Monday Night Football,September 14th,DEN,KC,2nd Quarter,2,Kansas City Chiefs,0,3,0,4 Yard Run,3rd & 1 at KC 38,12:37 2nd Shotgun,— H.Nourzad and K.Tonga reported in as eligible. K.Walker up the middle to KC 42 for 4 yards (A.Singleton; D.Jones).
2026,WEEK 1,Monday Night Football,September 14th,DEN,KC,2nd Quarter,2,Kansas City Chiefs,0,4,0,5 Yard Pass,1st & 10 at KC 42,12:02 2nd Shotgun,— P.Mahomes pass short left to K.Walker to KC 47 for 5 yards (D.Tillman).
2026,WEEK 1,Monday Night Football,September 14th,DEN,KC,2nd Quarter,2,Kansas City Chiefs,0,5,0,Pass Incomplete,2nd & 5 at KC 47,11:21 2nd Shotgun,"— C.Humphrey to KC 46 for -1 yards. FUMBLES, recovered by KC-P.Mahomes at KC 43. P.Mahomes pass incomplete short right to K.Walker."
2026,WEEK 1,Monday Night Football,September 14th,DEN,KC,2nd Quarter,2,Kansas City Chiefs,0,6,0,Pass Incomplete,3rd & 5 at KC 47,11:17 2nd Shotgun,— P.Mahomes pass incomplete short right to C.Allen (M.Roach).
2026,WEEK 1,Monday Night Football,September 14th,DEN,KC,2nd Quarter,2,Kansas City Chiefs,0,7,0,Punt,4th & 5 at KC 47,11:14 2nd,"— M.Araiza punts 41 yards to DEN 12, Center-J.Winchester, downed by KC-J.Canady."
2026,WEEK 1,Monday Night Football,September 14th,DEN,KC,2nd Quarter,3,Denver Broncos,0,1,0,6 Yard Pass,1st & 10 at DEN 12,11:04 2nd,— B.Nix pass short middle to A.Trautman to DEN 18 for 6 yards (M.Harris; D.Tranquill).
2026,WEEK 1,Monday Night Football,September 14th,DEN,KC,2nd Quarter,3,Denver Broncos,0,2,0,Pass Incomplete,2nd & 4 at DEN 18,10:21 2nd Shotgun,— B.Nix pass incomplete short right to P.Bryant.
2026,WEEK 1,Monday Night Football,September 14th,DEN,KC,2nd Quarter,3,Denver Broncos,0,3,0,2 Yard Pass,3rd & 4 at DEN 18,10:13 2nd Shotgun,— B.Nix pass short right to J.Waddle to DEN 20 for 2 yards (L.Sneed).
2026,WEEK 1,Monday Night Football,September 14th,DEN,KC,2nd Quarter,3,Denver Broncos,0,4,0,Punt,4th & 2 at DEN 20,09:28 2nd,"— J.Crawshaw punts 55 yards to KC 25, Center-M.Fraboni, fair catch by N.Remigio."
2026,WEEK 1,Monday Night Football,September 14th,DEN,KC,2nd Quarter,4,Kansas City Chiefs,0,1,0,2 Yard Run,1st & 10 at KC 25,09:21 2nd Shotgun,— K.Walker left tackle to KC 27 for 2 yards (D.Tillman).
2026,WEEK 1,Monday Night Football,September 14th,DEN,KC,2nd Quarter,4,Kansas City Chiefs,0,2,0,Pass Incomplete,2nd & 8 at KC 27,08:46 2nd Shotgun,— P.Mahomes pass incomplete short middle [Q.Robinson].
2026,WEEK 1,Monday Night Football,September 14th,DEN,KC,2nd Quarter,4,Kansas City Chiefs,0,3,0,8 Yard Run,3rd & 8 at KC 27,08:41 2nd Shotgun,— P.Mahomes scrambles up the middle to KC 35 for 8 yards (Z.Allen; A.Singleton).
2026,WEEK 1,Monday Night Football,September 14th,DEN,KC,2nd Quarter,4,Kansas City Chiefs,0,4,0,7 Yard Run,1st & 10 at KC 35,08:01 2nd Shotgun,— K.Walker left guard to KC 42 for 7 yards (E.Uwazurike; B.Jones).
2026,WEEK 1,Monday Night Football,September 14th,DEN,KC,2nd Quarter,4,Kansas City Chiefs,0,5,0,1 Yard Run,2nd & 3 at KC 42,07:26 2nd,— M.Caliendo reported in as eligible. K.Walker up the middle to KC 43 for 1 yard (B.Jones; A.Singleton).
2026,WEEK 1,Monday Night Football,September 14th,DEN,KC,2nd Quarter,4,Kansas City Chiefs,0,6,0,Pass Incomplete,3rd & 2 at KC 43,06:46 2nd Shotgun,— P.Mahomes pass incomplete short right to X.Worthy (R.Moss).
2026,WEEK 1,Monday Night Football,September 14th,DEN,KC,2nd Quarter,4,Kansas City Chiefs,0,7,0,Punt,4th & 12 at KC 33,06:34 2nd,"— M.Araiza punts 63 yards to DEN 4, Center-J.Winchester. M.Mims to DEN 23 for 19 yards (J.Bassa; J.Briningstool)."
2026,WEEK 1,Monday Night Football,September 14th,DEN,KC,2nd Quarter,5,Denver Broncos,0,1,0,5 Yard Run,1st & 10 at DEN 23,06:22 2nd,— T.Franklin left end to DEN 28 for 5 yards (N.Bolton).
2026,WEEK 1,Monday Night Football,September 14th,DEN,KC,2nd Quarter,5,Denver Broncos,0,2,0,4 Yard Pass,2nd & 5 at DEN 28,05:44 2nd Shotgun,— B.Nix pass short right to R.Harvey to DEN 32 for 4 yards (P.Woods).
2026,WEEK 1,Monday Night Football,September 14th,DEN,KC,2nd Quarter,5,Denver Broncos,0,3,0,Pass Incomplete,3rd & 1 at DEN 32,04:56 2nd Shotgun,— B.Nix pass incomplete short right to J.Waddle.
2026,WEEK 1,Monday Night Football,September 14th,DEN,KC,2nd Quarter,5,Denver Broncos,0,4,0,Punt,4th & 1 at DEN 32,04:50 2nd,"— J.Crawshaw punts 68 yards to end zone, Center-M.Fraboni, Touchback."
2026,WEEK 1,Monday Night Football,September 14th,DEN,KC,2nd Quarter,6,Kansas City Chiefs,1,1,0,Pass Incomplete,1st & 10 at KC 20,04:41 2nd Shotgun,— P.Mahomes pass incomplete short middle to K.Walker.
2026,WEEK 1,Monday Night Football,September 14th,DEN,KC,2nd Quarter,6,Kansas City Chiefs,1,2,0,Pass Incomplete,2nd & 10 at KC 20,04:37 2nd Shotgun,— P.Mahomes pass incomplete short right to K.Walker.
2026,WEEK 1,Monday Night Football,September 14th,DEN,KC,2nd Quarter,6,Kansas City Chiefs,1,3,0,11 Yard Pass,3rd & 10 at KC 20,04:33 2nd Shotgun,"— C.Humphrey to KC 16 for -4 yards. FUMBLES, recovered by KC-P.Mahomes at KC 16. P.Mahomes pass short left to K.Walker pushed ob at KC 31 for 11 yards (J.Barron)."
2026,WEEK 1,Monday Night Football,September 14th,DEN,KC,2nd Quarter,6,Kansas City Chiefs,1,4,0,28 Yard Run,1st & 10 at KC 31,04:06 2nd Shotgun,— K.Walker left end pushed ob at DEN 41 for 28 yards (B.Jones).
2026,WEEK 1,Monday Night Football,September 14th,DEN,KC,2nd Quarter,6,Kansas City Chiefs,1,5,0,4 Yard Run,1st & 10 at DEN 41,03:37 2nd,— E.Johnson right end to DEN 37 for 4 yards (Q.Robinson; A.Singleton).
2026,WEEK 1,Monday Night Football,September 14th,DEN,KC,2nd Quarter,6,Kansas City Chiefs,1,6,0,5 Yard Pass,2nd & 6 at DEN 37,03:00 2nd Shotgun,"— P.Mahomes pass short middle to N.Gray to DEN 32 for 5 yards (R.Moss, J.Strnad)."
2026,WEEK 1,Monday Night Football,September 14th,DEN,KC,2nd Quarter,6,Kansas City Chiefs,1,7,0,6 Yard Run,3rd & 1 at DEN 32,02:16 2nd,— K.Walker up the middle to DEN 26 for 6 yards (D.Tillman; A.Singleton).
2026,WEEK 1,Monday Night Football,September 14th,DEN,KC,2nd Quarter,6,Kansas City Chiefs,1,8,0,9 Yard Pass,1st & 10 at DEN 26,02:00 2nd Shotgun,— P.Mahomes pass short right to J.Briningstool to DEN 17 for 9 yards (A.Singleton).
2026,WEEK 1,Monday Night Football,September 14th,DEN,KC,2nd Quarter,6,Kansas City Chiefs,1,9,0,Timeout,,01:51 2nd,— Timeout #1 by DEN at 01:51.
2026,WEEK 1,Monday Night Football,September 14th,DEN,KC,2nd Quarter,6,Kansas City Chiefs,1,10,0,4 Yard Pass,2nd & 1 at DEN 17,01:51 2nd Shotgun,— P.Mahomes pass short left to X.Worthy to DEN 13 for 4 yards (T.Hufanga).
2026,WEEK 1,Monday Night Football,September 14th,DEN,KC,2nd Quarter,6,Kansas City Chiefs,1,11,0,Timeout,,01:46 2nd,— Timeout #2 by DEN at 01:46.
2026,WEEK 1,Monday Night Football,September 14th,DEN,KC,2nd Quarter,6,Kansas City Chiefs,1,12,1,Touchdown,1st & 10 at DEN 13,01:46 2nd Shotgun,"— P.Mahomes pass short right to R.Rice for 13 yards, TOUCHDOWN."
2026,WEEK 1,Monday Night Football,September 14th,DEN,KC,2nd Quarter,6,Kansas City Chiefs,1,13,1,Extra Point,,01:39 2nd,"— H.Butker extra point is GOOD, Center-J.Winchester, Holder-M.Araiza."
2026,WEEK 1,Monday Night Football,September 14th,DEN,KC,2nd Quarter,7,Denver Broncos,0,1,0,Kickoff from KC 35,,Kickoff,— H.Butker kicks 56 yards from KC 35 to DEN 9. R.Harvey to DEN 34 for 25 yards (E.Johnson; J.Cochrane).
2026,WEEK 1,Monday Night Football,September 14th,DEN,KC,2nd Quarter,7,Denver Broncos,0,2,0,-5 Yard Sack,1st & 10 at DEN 34,01:33 2nd Shotgun,— B.Nix sacked at DEN 29 for -5 yards (R.Thomas).
2026,WEEK 1,Monday Night Football,September 14th,DEN,KC,2nd Quarter,7,Denver Broncos,0,3,0,Timeout,,01:25 2nd,— Timeout #1 by KC at 01:25.
2026,WEEK 1,Monday Night Football,September 14th,DEN,KC,2nd Quarter,7,Denver Broncos,0,4,0,10 Yard Pass,2nd & 15 at DEN 29,01:25 2nd Shotgun,— B.Nix pass short middle to P.Bryant to DEN 39 for 10 yards (L.Sneed).
2026,WEEK 1,Monday Night Football,September 14th,DEN,KC,2nd Quarter,7,Denver Broncos,0,5,0,Pass Incomplete,3rd & 5 at DEN 39,"01:02 2nd No Huddle, Shotgun",— B.Nix pass incomplete short left to C.Sutton.
2026,WEEK 1,Monday Night Football,September 14th,DEN,KC,2nd Quarter,7,Denver Broncos,0,6,0,Punt,4th & 5 at DEN 39,00:58 2nd,"— J.Crawshaw punts 43 yards to KC 18, Center-M.Fraboni, fair catch by N.Remigio. PENALTY on KC-J.Canady, Offensive Holding, 9 yards, enforced at KC 18."
2026,WEEK 1,Monday Night Football,September 14th,DEN,KC,2nd Quarter,8,Kansas City Chiefs,0,1,0,6 Yard Pass,1st & 10 at KC 9,00:51 2nd Shotgun,— P.Mahomes pass short right to T.Kelce to KC 15 for 6 yards (P.Surtain).
2026,WEEK 1,Monday Night Football,September 14th,DEN,KC,2nd Quarter,8,Kansas City Chiefs,0,2,0,1 Yard Run,2nd & 4 at KC 15,00:21 2nd Shotgun,— E.Johnson right end to KC 16 for 1 yard (Z.Allen).
2026,WEEK 1,Monday Night Football,September 14th,DEN,KC,3rd Quarter,1,Kansas City Chiefs,1,1,0,Kickoff from DEN 35,,Kickoff,— W.Lutz kicks 62 yards from DEN 35 to KC 3. N.Remigio pushed ob at KC 31 for 28 yards (J.Barron).
2026,WEEK 1,Monday Night Football,September 14th,DEN,KC,3rd Quarter,1,Kansas City Chiefs,1,2,0,0 Yard Run,1st & 10 at KC 31,14:53 3rd Shotgun,— K.Walker up the middle to KC 31 for no gain (J.Strnad; T.Hufanga).
2026,WEEK 1,Monday Night Football,September 14th,DEN,KC,3rd Quarter,1,Kansas City Chiefs,1,3,0,3 Yard Run,2nd & 10 at KC 31,14:18 3rd Shotgun,— P.Mahomes scrambles up the middle to KC 34 for 3 yards (A.Singleton).
2026,WEEK 1,Monday Night Football,September 14th,DEN,KC,3rd Quarter,1,Kansas City Chiefs,1,4,0,6 Yard Pass,3rd & 7 at KC 34,13:36 3rd Shotgun,— P.Mahomes pass short right to R.Rice to KC 40 for 6 yards (R.Moss).
2026,WEEK 1,Monday Night Football,September 14th,DEN,KC,3rd Quarter,1,Kansas City Chiefs,1,5,1,Touchdown,4th & 1 at KC 40,12:53 3rd,"— J.Ezeudu, J.Moore and K.Tonga reported in as eligible. K.Walker left end for 60 yards, TOUCHDOWN."
2026,WEEK 1,Monday Night Football,September 14th,DEN,KC,3rd Quarter,1,Kansas City Chiefs,1,6,1,Extra Point,,12:43 3rd,"— H.Butker extra point is GOOD, Center-J.Winchester, Holder-M.Araiza."
2026,WEEK 1,Monday Night Football,September 14th,DEN,KC,3rd Quarter,2,Denver Broncos,0,1,0,Kickoff from KC 35,,Kickoff,— H.Butker kicks 60 yards from KC 35 to DEN 5. R.Harvey to DEN 36 for 31 yards (X.Nwankpa).
2026,WEEK 1,Monday Night Football,September 14th,DEN,KC,3rd Quarter,2,Denver Broncos,0,2,0,17 Yard Run,1st & 10 at DEN 36,12:33 3rd Shotgun,— J.Dobbins left end ran ob at KC 47 for 17 yards (A.Gilman).
2026,WEEK 1,Monday Night Football,September 14th,DEN,KC,3rd Quarter,2,Denver Broncos,0,3,0,4 Yard Run,1st & 10 at KC 47,11:59 3rd Shotgun,— J.Dobbins left guard to KC 43 for 4 yards (D.Tranquill; P.Woods).
2026,WEEK 1,Monday Night Football,September 14th,DEN,KC,3rd Quarter,2,Denver Broncos,0,4,0,4 Yard Run,2nd & 6 at KC 43,11:19 3rd Shotgun,— J.Dobbins up the middle to KC 39 for 4 yards (K.Tonga; G.Karlaftis).
2026,WEEK 1,Monday Night Football,September 14th,DEN,KC,3rd Quarter,2,Denver Broncos,0,5,0,-5 Yard Penalty,3rd & 2 at KC 39,10:28 3rd Shotgun,"— PENALTY on DEN, Delay of Game, 5 yards, enforced at KC 39 - No Play."
2026,WEEK 1,Monday Night Football,September 14th,DEN,KC,3rd Quarter,2,Denver Broncos,0,6,0,Pass Incomplete,3rd & 7 at KC 44,10:07 3rd Shotgun,— B.Nix pass incomplete short left to J.Waddle.
2026,WEEK 1,Monday Night Football,September 14th,DEN,KC,3rd Quarter,2,Denver Broncos,0,7,0,Punt,4th & 7 at KC 44,09:56 3rd,"— J.Crawshaw punts 41 yards to KC 3, Center-M.Fraboni, downed by DEN-P.Bryant."
2026,WEEK 1,Monday Night Football,September 14th,DEN,KC,3rd Quarter,3,Kansas City Chiefs,0,1,0,Interception,1st & 10 at KC 3,09:47 3rd,— P.Mahomes pass deep middle intended for X.Worthy INTERCEPTED by B.Jones at KC 29. B.Jones to KC 5 for 24 yards (J.Moore).
2026,WEEK 1,Monday Night Football,September 14th,DEN,KC,3rd Quarter,4,Denver Broncos,1,1,0,-10 Yard Penalty,1st & 5 at KC 5,09:34 3rd Shotgun,"— R.Harvey left end pushed ob at KC 3 for 2 yards (L.Sneed). PENALTY on DEN-P.Bryant, Offensive Holding, 10 yards, enforced at KC 5 - No Play."
2026,WEEK 1,Monday Night Football,September 14th,DEN,KC,3rd Quarter,4,Denver Broncos,1,2,0,6 Yard Pass,1st & 15 at KC 15,09:10 3rd Shotgun,— B.Nix pass short right to C.Sutton to KC 9 for 6 yards (J.Hicks).
2026,WEEK 1,Monday Night Football,September 14th,DEN,KC,3rd Quarter,4,Denver Broncos,1,3,0,-7 Yard Sack,2nd & 9 at KC 9,08:29 3rd Shotgun,"— B.Nix sacked at KC 15 for -6 yards. FUMBLES, ball out of bounds at KC 16."
2026,WEEK 1,Monday Night Football,September 14th,DEN,KC,3rd Quarter,4,Denver Broncos,1,4,0,3 Yard Run,3rd & 16 at KC 16,08:10 3rd Shotgun,— B.Nix scrambles right end ran ob at KC 13 for 3 yards (A.Gilman; R.Thomas).
2026,WEEK 1,Monday Night Football,September 14th,DEN,KC,3rd Quarter,4,Denver Broncos,1,5,1,Field Goal,4th & 13 at KC 13,07:38 3rd,"— W.Lutz 31 yard field goal is GOOD, Center-M.Fraboni, Holder-J.Crawshaw."
2026,WEEK 1,Monday Night Football,September 14th,DEN,KC,3rd Quarter,5,Kansas City Chiefs,1,1,0,Kickoff from DEN 35,,Kickoff,— W.Lutz kicks 56 yards from DEN 35 to KC 9. N.Remigio to KC 33 for 24 yards (K.Reid; Q.Robinson).
2026,WEEK 1,Monday Night Football,September 14th,DEN,KC,3rd Quarter,5,Kansas City Chiefs,1,2,0,1 Yard Run,1st & 10 at KC 33,07:28 3rd,— K.Walker left guard to KC 34 for 1 yard (J.Strnad).
2026,WEEK 1,Monday Night Football,September 14th,DEN,KC,3rd Quarter,5,Kansas City Chiefs,1,3,0,3 Yard Run,2nd & 9 at KC 34,06:49 3rd Shotgun,— K.Walker right end to KC 37 for 3 yards (N.Bonitto).
2026,WEEK 1,Monday Night Football,September 14th,DEN,KC,3rd Quarter,5,Kansas City Chiefs,1,4,0,59 Yard Pass,3rd & 6 at KC 37,06:09 3rd Shotgun,— P.Mahomes pass short left to T.Kelce to DEN 4 for 59 yards (J.Barron).
2026,WEEK 1,Monday Night Football,September 14th,DEN,KC,3rd Quarter,5,Kansas City Chiefs,1,5,0,-2 Yard Run,1st & 4 at DEN 4,05:21 3rd,"— K.Walker left end to DEN 6 for -2 yards (D.Tillman, P.Surtain)."
2026,WEEK 1,Monday Night Football,September 14th,DEN,KC,3rd Quarter,5,Kansas City Chiefs,1,6,0,1 Yard Run,2nd & 6 at DEN 6,04:38 3rd,— P.Mahomes scrambles left end pushed ob at DEN 5 for 1 yard (A.Singleton).
2026,WEEK 1,Monday Night Football,September 14th,DEN,KC,3rd Quarter,5,Kansas City Chiefs,1,7,0,-4 Yard Sack,3rd & 5 at DEN 5,04:01 3rd Shotgun,— P.Mahomes sacked at DEN 9 for -4 yards (Z.Allen).
2026,WEEK 1,Monday Night Football,September 14th,DEN,KC,3rd Quarter,5,Kansas City Chiefs,1,8,1,Field Goal,4th & 9 at DEN 9,03:20 3rd,"— H.Butker 28 yard field goal is GOOD, Center-J.Winchester, Holder-M.Araiza."
2026,WEEK 1,Monday Night Football,September 14th,DEN,KC,3rd Quarter,6,Denver Broncos,0,1,0,Kickoff from KC 35,,Kickoff,— H.Butker kicks 62 yards from KC 35 to DEN 3. J.Coleman to DEN 30 for 27 yards (B.VanSumeren; J.Briningstool).
2026,WEEK 1,Monday Night Football,September 14th,DEN,KC,3rd Quarter,6,Denver Broncos,0,2,0,2 Yard Run,1st & 10 at DEN 30,03:11 3rd,— J.Dobbins left tackle to DEN 32 for 2 yards (N.Williams).
2026,WEEK 1,Monday Night Football,September 14th,DEN,KC,3rd Quarter,6,Denver Broncos,0,3,0,9 Yard Pass,2nd & 8 at DEN 32,02:27 3rd Shotgun,— B.Nix pass short left to E.Engram pushed ob at DEN 41 for 9 yards (J.Hicks).
2026,WEEK 1,Monday Night Football,September 14th,DEN,KC,3rd Quarter,6,Denver Broncos,0,4,0,4 Yard Run,1st & 10 at DEN 41,01:54 3rd,— J.Dobbins right end to DEN 45 for 4 yards (J.Hicks; D.Tranquill).
2026,WEEK 1,Monday Night Football,September 14th,DEN,KC,3rd Quarter,6,Denver Broncos,0,5,0,-10 Yard Penalty,2nd & 6 at DEN 45,01:09 3rd,"— B.Nix pass short left to T.Franklin to KC 39 for 16 yards (N.Williams). PENALTY on DEN-T.Franklin, Offensive Pass Interference, 10 yards, enforced at DEN 45 - No Play."
2026,WEEK 1,Monday Night Football,September 14th,DEN,KC,3rd Quarter,6,Denver Broncos,0,6,0,Pass Incomplete,2nd & 16 at DEN 35,00:39 3rd Shotgun,— B.Nix pass incomplete short left to P.Bryant.
2026,WEEK 1,Monday Night Football,September 14th,DEN,KC,3rd Quarter,6,Denver Broncos,0,7,0,Fumble,3rd & 16 at DEN 35,00:35 3rd Shotgun,"— B.Nix sacked at DEN 26 for -9 yards (F.Anudike-Uzomah). FUMBLES (F.Anudike-Uzomah), RECOVERED by KC-C.Jones at DEN 34."
2026,WEEK 1,Monday Night Football,September 14th,DEN,KC,4th Quarter,1,Kansas City Chiefs,1,1,0,Pass Incomplete,1st & 10 at DEN 34,00:27 3rd,— P.Mahomes pass incomplete short middle to T.Kelce [J.Elliss].
2026,WEEK 1,Monday Night Football,September 14th,DEN,KC,4th Quarter,1,Kansas City Chiefs,1,2,0,5 Yard Pass,2nd & 10 at DEN 34,00:23 3rd Shotgun,— P.Mahomes pass short right to X.Worthy to DEN 29 for 5 yards (J.McMillian).
2026,WEEK 1,Monday Night Football,September 14th,DEN,KC,4th Quarter,1,Kansas City Chiefs,1,3,0,27 Yard Pass,3rd & 5 at DEN 29,15:00 4th Shotgun,"— P.Mahomes pass short left to E.Johnson to DEN 4 for 25 yards (J.Barron) [Z.Allen]. PENALTY on DEN-A.Singleton, Unnecessary Roughness, 2 yards, enforced at DEN 4."
2026,WEEK 1,Monday Night Football,September 14th,DEN,KC,4th Quarter,1,Kansas City Chiefs,1,4,1,Touchdown,1st & 2 at DEN 2,14:43 4th,"— P.Mahomes pass short middle to K.Walker for 2 yards, TOUCHDOWN."
2026,WEEK 1,Monday Night Football,September 14th,DEN,KC,4th Quarter,1,Kansas City Chiefs,1,5,1,Extra Point,,14:39 4th,"— H.Butker extra point is GOOD, Center-J.Winchester, Holder-M.Araiza."
2026,WEEK 1,Monday Night Football,September 14th,DEN,KC,4th Quarter,2,Denver Broncos,0,1,0,Kickoff from KC 35,,Kickoff,— H.Butker kicks 64 yards from KC 35 to DEN 1. R.Harvey to DEN 27 for 26 yards (J.Royals).
2026,WEEK 1,Monday Night Football,September 14th,DEN,KC,4th Quarter,2,Denver Broncos,0,2,0,Pass Incomplete,1st & 10 at DEN 27,14:31 4th Shotgun,— B.Nix pass incomplete short right to C.Sutton (P.Woods).
2026,WEEK 1,Monday Night Football,September 14th,DEN,KC,4th Quarter,2,Denver Broncos,0,3,0,5 Yard Pass,2nd & 10 at DEN 27,14:27 4th Shotgun,— B.Nix pass short right to C.Sutton to DEN 32 for 5 yards (K.Fulton).
2026,WEEK 1,Monday Night Football,September 14th,DEN,KC,4th Quarter,2,Denver Broncos,0,4,0,Timeout,,13:42 4th,— Timeout #1 by DEN at 13:42.
2026,WEEK 1,Monday Night Football,September 14th,DEN,KC,4th Quarter,2,Denver Broncos,0,5,0,Pass Incomplete,3rd & 5 at DEN 32,13:42 4th Shotgun,— B.Nix pass incomplete short right.
2026,WEEK 1,Monday Night Football,September 14th,DEN,KC,4th Quarter,2,Denver Broncos,0,6,0,Punt,4th & 5 at DEN 32,13:38 4th,"— J.Crawshaw punts 56 yards to KC 12, Center-M.Fraboni. N.Remigio to KC 27 for 15 yards (M.Fraboni; J.Skinner). PENALTY on KC-C.Allen, Unnecessary Roughness, 6 yards, enforced at KC 12."
2026,WEEK 1,Monday Night Football,September 14th,DEN,KC,4th Quarter,3,Kansas City Chiefs,0,1,0,1 Yard Run,1st & 10 at KC 6,13:25 4th,— K.Walker up the middle to KC 7 for 1 yard (J.Turner).
2026,WEEK 1,Monday Night Football,September 14th,DEN,KC,4th Quarter,3,Kansas City Chiefs,0,2,0,13 Yard Run,2nd & 9 at KC 7,12:43 4th,— K.Walker left tackle to KC 20 for 13 yards (R.Moss; A.Singleton).
2026,WEEK 1,Monday Night Football,September 14th,DEN,KC,4th Quarter,3,Kansas City Chiefs,0,3,0,0 Yard Run,1st & 10 at KC 20,11:59 4th,— K.Walker up the middle to KC 20 for no gain (Q.Robinson).
2026,WEEK 1,Monday Night Football,September 14th,DEN,KC,4th Quarter,3,Kansas City Chiefs,0,4,0,8 Yard Run,2nd & 10 at KC 20,11:18 4th,— K.Walker left tackle to KC 28 for 8 yards (T.Hufanga; A.Singleton).
2026,WEEK 1,Monday Night Football,September 14th,DEN,KC,4th Quarter,3,Kansas City Chiefs,0,5,0,6 Yard Pass,3rd & 2 at KC 28,10:33 4th Shotgun,— P.Mahomes pass short middle to T.Kelce to KC 34 for 6 yards (A.Singleton).
2026,WEEK 1,Monday Night Football,September 14th,DEN,KC,4th Quarter,3,Kansas City Chiefs,0,6,0,-15 Yard Penalty,1st & 10 at KC 34,09:50 4th,"— E.Johnson left end to KC 34 for no gain (A.Singleton). PENALTY on KC-T.Smith, Chop Block, 15 yards, enforced at KC 34 - No Play."
2026,WEEK 1,Monday Night Football,September 14th,DEN,KC,4th Quarter,3,Kansas City Chiefs,0,7,0,19 Yard Pass,1st & 25 at KC 19,09:24 4th Shotgun,— P.Mahomes pass short middle to E.Johnson to KC 38 for 19 yards (E.Uwazurike).
2026,WEEK 1,Monday Night Football,September 14th,DEN,KC,4th Quarter,3,Kansas City Chiefs,0,8,0,2 Yard Run,2nd & 6 at KC 38,08:35 4th,— E.Johnson up the middle to KC 40 for 2 yards (J.Elliss; B.Jones).
2026,WEEK 1,Monday Night Football,September 14th,DEN,KC,4th Quarter,3,Kansas City Chiefs,0,9,0,-8 Yard Sack,3rd & 4 at KC 40,07:52 4th Shotgun,— P.Mahomes sacked at KC 32 for -8 yards (Z.Allen).
2026,WEEK 1,Monday Night Football,September 14th,DEN,KC,4th Quarter,3,Kansas City Chiefs,0,10,0,Punt,4th & 12 at KC 32,07:08 4th,"— M.Araiza punts 59 yards to DEN 9, Center-J.Winchester. M.Mims ran ob at DEN 31 for 22 yards (B.VanSumeren). PENALTY on DEN-T.Anderson, Offensive Holding, 10 yards, enforced at DEN 26."
2026,WEEK 1,Monday Night Football,September 14th,DEN,KC,4th Quarter,4,Denver Broncos,0,1,0,5 Yard Run,1st & 10 at DEN 16,06:54 4th Shotgun,— R.Harvey up the middle to DEN 21 for 5 yards (N.Bolton; J.Hicks).
2026,WEEK 1,Monday Night Football,September 14th,DEN,KC,4th Quarter,4,Denver Broncos,0,2,0,6 Yard Pass,2nd & 5 at DEN 21,"06:27 4th No Huddle, Shotgun",— B.Nix pass short left to E.Engram to DEN 27 for 6 yards (L.Sneed).
2026,WEEK 1,Monday Night Football,September 14th,DEN,KC,4th Quarter,4,Denver Broncos,0,3,0,-5 Yard Run,1st & 10 at DEN 27,"05:55 4th No Huddle, Shotgun","— B.Nix FUMBLES (Aborted) at DEN 22, and recovers at DEN 22."
2026,WEEK 1,Monday Night Football,September 14th,DEN,KC,4th Quarter,4,Denver Broncos,0,4,0,Pass Incomplete,2nd & 15 at DEN 22,05:18 4th Shotgun,"— B.Nix sacked at DEN 12 for -10 yards (N.Bolton). FUMBLES (N.Bolton), RECOVERED by KC-N.Bolton at DEN 12. N.Bolton to DEN 12 for no gain (R.Harvey). The Replay Official reviewed the fumble ruling, and the play was REVERSED. (Shotgun) B.Nix pass incomplete short middle to E.Engram (N.Bolton) [G.Karlaftis]."
2026,WEEK 1,Monday Night Football,September 14th,DEN,KC,4th Quarter,4,Denver Broncos,0,5,0,7 Yard Pass,3rd & 15 at DEN 22,05:13 4th Shotgun,— B.Nix pass short right to R.Harvey pushed ob at DEN 29 for 7 yards (L.Sneed).
2026,WEEK 1,Monday Night Football,September 14th,DEN,KC,4th Quarter,4,Denver Broncos,0,6,0,Timeout,,04:41 4th,— Timeout #1 by KC at 04:41.
2026,WEEK 1,Monday Night Football,September 14th,DEN,KC,4th Quarter,4,Denver Broncos,0,7,0,Pass Incomplete,4th & 8 at DEN 29,04:41 4th Shotgun,— B.Nix pass incomplete deep left to T.Franklin (N.Williams) [G.Karlaftis].
2026,WEEK 1,Monday Night Football,September 14th,DEN,KC,4th Quarter,5,Kansas City Chiefs,0,1,0,6 Yard Run,1st & 10 at DEN 28,04:32 4th,— E.Johnson up the middle to DEN 22 for 6 yards (P.Surtain; A.Singleton).
2026,WEEK 1,Monday Night Football,September 14th,DEN,KC,4th Quarter,5,Kansas City Chiefs,0,2,0,1 Yard Run,2nd & 4 at DEN 22,03:45 4th,— E.Johnson left guard to DEN 21 for 1 yard (D.Tillman).
2026,WEEK 1,Monday Night Football,September 14th,DEN,KC,4th Quarter,5,Kansas City Chiefs,0,3,0,3 Yard Run,3rd & 3 at DEN 21,03:02 4th,— E.Johnson left guard to DEN 18 for 3 yards (D.Tillman).
2026,WEEK 1,Monday Night Football,September 14th,DEN,KC,4th Quarter,5,Kansas City Chiefs,0,4,0,4 Yard Run,1st & 10 at DEN 18,02:20 4th,— E.Johnson up the middle to DEN 14 for 4 yards (B.Jones; Q.Robinson).
2026,WEEK 1,Monday Night Football,September 14th,DEN,KC,4th Quarter,5,Kansas City Chiefs,0,5,0,-1 Yard Run,2nd & 6 at DEN 14,02:00 4th,— P.Mahomes kneels to DEN 15 for -1 yards.
2026,WEEK 1,Monday Night Football,September 14th,DEN,KC,4th Quarter,5,Kansas City Chiefs,0,6,0,-2 Yard Run,3rd & 7 at DEN 15,01:19 4th,— P.Mahomes kneels to DEN 17 for -2 yards.
2026,WEEK 1,Monday Night Football,September 14th,DEN,KC,4th Quarter,5,Kansas City Chiefs,0,7,0,Turnover on Downs,4th & 9 at DEN 17,00:40 4th,— P.Mahomes kneels to DEN 18 for -1 yards.
2026,WEEK 1,Monday Night Football,September 14th,DEN,KC,4th Quarter,6,Denver Broncos,0,1,0,-1 Yard Run,1st & 10 at DEN 19,00:36 4th,— B.Nix kneels to DEN 18 for -1 yards.
