Season,Week,GameSlot,Date,AwayTeam,HomeTeam,Quarter,DriveNumber,TeamWithPossession,IsScoringDrive,PlayNumberInDrive,IsScoringPlay,PlayOutcome,PlayStart,PlayTimeFormation,PlayDescription
2026,PRESEASON WEEK 2,Thursday,August 20th,LV,HOU,1st Quarter,1,Houston Texans,1,1,0,Kickoff from LV 35,,Kickoff,— M.Gay kicks 55 yards from LV 35 to HOU 10. N.Whittington to HOU 31 for 21 yards (D.Ogunbowale; P.Gurd).
2026,PRESEASON WEEK 2,Thursday,August 20th,LV,HOU,1st Quarter,1,Houston Texans,1,2,0,9 Yard Run,1st & 10 at HOU 31,14:54 1st,— W.Marks right guard to HOU 40 for 9 yards (C.Lindenberg; T.McCollum).
2026,PRESEASON WEEK 2,Thursday,August 20th,LV,HOU,1st Quarter,1,Houston Texans,1,3,0,0 Yard Run,2nd & 1 at HOU 40,14:21 1st,— W.Marks left guard to HOU 40 for no gain (T.McCollum).
2026,PRESEASON WEEK 2,Thursday,August 20th,LV,HOU,1st Quarter,1,Houston Texans,1,4,0,8 Yard Run,3rd & 1 at HOU 40,13:44 1st,— W.Marks right guard to HOU 48 for 8 yards (T.McCollum).
2026,PRESEASON WEEK 2,Thursday,August 20th,LV,HOU,1st Quarter,1,Houston Texans,1,5,0,-1 Yard Pass,1st & 10 at HOU 48,13:08 1st,— C.Stroud pass short left to X.Hutchinson to HOU 47 for -1 yards (T.Stukes).
2026,PRESEASON WEEK 2,Thursday,August 20th,LV,HOU,1st Quarter,1,Houston Texans,1,6,0,Pass Incomplete,2nd & 11 at HOU 47,12:27 1st Shotgun,— C.Stroud pass incomplete short left to X.Hutchinson.
2026,PRESEASON WEEK 2,Thursday,August 20th,LV,HOU,1st Quarter,1,Houston Texans,1,7,0,12 Yard Pass,3rd & 11 at HOU 47,12:23 1st Shotgun,— C.Stroud pass short left to J.Wayne pushed ob at LV 41 for 12 yards (D.Porter).
2026,PRESEASON WEEK 2,Thursday,August 20th,LV,HOU,1st Quarter,1,Houston Texans,1,8,0,6 Yard Pass,1st & 10 at LV 41,11:51 1st,— C.Stroud pass short right to W.Marks to LV 35 for 6 yards (T.Stukes; T.Eichenberg).
2026,PRESEASON WEEK 2,Thursday,August 20th,LV,HOU,1st Quarter,1,Houston Texans,1,9,0,Pass Incomplete,2nd & 4 at LV 35,11:13 1st,— C.Stroud pass incomplete short right.
2026,PRESEASON WEEK 2,Thursday,August 20th,LV,HOU,1st Quarter,1,Houston Texans,1,10,0,10 Yard Pass,3rd & 4 at LV 35,11:08 1st Shotgun,— C.Stroud pass short right to F.Moreau to LV 25 for 10 yards (C.Lindenberg).
2026,PRESEASON WEEK 2,Thursday,August 20th,LV,HOU,1st Quarter,1,Houston Texans,1,11,0,5 Yard Penalty,1st & 10 at LV 25,10:27 1st,"— PENALTY on LV, Defensive Too Many Men on Field, 5 yards, enforced at LV 25 - No Play."
2026,PRESEASON WEEK 2,Thursday,August 20th,LV,HOU,1st Quarter,1,Houston Texans,1,12,1,Touchdown,1st & 5 at LV 20,10:14 1st,"— W.Marks right tackle for 20 yards, TOUCHDOWN."
2026,PRESEASON WEEK 2,Thursday,August 20th,LV,HOU,1st Quarter,1,Houston Texans,1,13,1,Extra Point,,10:06 1st,"— K.Fairbairn extra point is GOOD, Center-A.Brinkman, Holder-K.Kroeger."
2026,PRESEASON WEEK 2,Thursday,August 20th,LV,HOU,1st Quarter,2,Houston Texans,1,1,0,Kickoff from HOU 35,,Kickoff,— K.Fairbairn kicks 64 yards from HOU 35 to LV 1. R.Hemby to LV 26 for 25 yards (J.Hummel; D.Horton).
2026,PRESEASON WEEK 2,Thursday,August 20th,LV,HOU,1st Quarter,2,Houston Texans,1,2,0,Pass Incomplete,1st & 10 at LV 26,10:00 1st,— F.Mendoza pass incomplete short left to J.Nailor (J.Smith).
2026,PRESEASON WEEK 2,Thursday,August 20th,LV,HOU,1st Quarter,2,Houston Texans,1,3,0,-5 Yard Penalty,2nd & 10 at LV 26,09:56 1st,"— PENALTY on LV-I.Thomas, False Start, 5 yards, enforced at LV 26 - No Play."
2026,PRESEASON WEEK 2,Thursday,August 20th,LV,HOU,1st Quarter,2,Houston Texans,1,4,0,22 Yard Pass,2nd & 15 at LV 21,09:56 1st Shotgun,— F.Mendoza pass short right to J.Nailor to LV 43 for 22 yards (J.Reed).
2026,PRESEASON WEEK 2,Thursday,August 20th,LV,HOU,1st Quarter,2,Houston Texans,1,5,0,33 Yard Run,1st & 10 at LV 43,09:16 1st,— M.Washington up the middle to HOU 24 for 33 yards (J.Smith).
2026,PRESEASON WEEK 2,Thursday,August 20th,LV,HOU,1st Quarter,2,Houston Texans,1,6,1,Touchdown,1st & 10 at HOU 24,08:34 1st,"— F.Mendoza pass short middle intended for M.Washington INTERCEPTED by W.Woodaz [D.Horton] at HOU 20. W.Woodaz for 80 yards, TOUCHDOWN."
2026,PRESEASON WEEK 2,Thursday,August 20th,LV,HOU,1st Quarter,3,Las Vegas Raiders,0,1,0,Kickoff from HOU 35,,Kickoff,"— K.Fairbairn kicks 65 yards from HOU 35 to end zone, Touchback to the LV 35."
2026,PRESEASON WEEK 2,Thursday,August 20th,LV,HOU,1st Quarter,3,Las Vegas Raiders,0,2,0,-4 Yard Run,1st & 10 at LV 35,08:18 1st,— M.Washington left tackle to LV 31 for -4 yards (S.Byrd).
2026,PRESEASON WEEK 2,Thursday,August 20th,LV,HOU,1st Quarter,3,Las Vegas Raiders,0,3,0,5 Yard Run,2nd & 14 at LV 31,07:37 1st Shotgun,— M.Washington left tackle to LV 36 for 5 yards (J.Smith; R.Blankenship).
2026,PRESEASON WEEK 2,Thursday,August 20th,LV,HOU,1st Quarter,3,Las Vegas Raiders,0,4,0,Pass Incomplete,3rd & 9 at LV 36,06:57 1st Shotgun,— F.Mendoza pass incomplete deep right to J.Nailor [J.Clowney].
2026,PRESEASON WEEK 2,Thursday,August 20th,LV,HOU,1st Quarter,3,Las Vegas Raiders,0,5,0,Punt,4th & 9 at LV 36,06:52 1st,"— A.Cole punts 64 yards to end zone, Center-A.Ward, Touchback. PENALTY on LV-D.Richardson, Illegal Touch Kick, 0 yards, enforced at HOU 20."
2026,PRESEASON WEEK 2,Thursday,August 20th,LV,HOU,1st Quarter,4,Houston Texans,1,1,0,-4 Yard Run,1st & 10 at HOU 20,06:39 1st,"— N.Whittington left guard to HOU 16 for -4 yards (P.Johnson, F.Fatukasi)."
2026,PRESEASON WEEK 2,Thursday,August 20th,LV,HOU,1st Quarter,4,Houston Texans,1,2,0,13 Yard Pass,2nd & 14 at HOU 16,06:06 1st Shotgun,— D.Mills pass short right to F.Moreau to HOU 29 for 13 yards (T.McCollum). The ball spot was assisted by replay.
2026,PRESEASON WEEK 2,Thursday,August 20th,LV,HOU,1st Quarter,4,Houston Texans,1,3,0,18 Yard Run,3rd & 1 at HOU 29,05:32 1st,"— N.Whittington up the middle to HOU 32 for 3 yards (F.Fatukasi). PENALTY on LV-J.Laulu, Face Mask, 15 yards, enforced at HOU 32."
2026,PRESEASON WEEK 2,Thursday,August 20th,LV,HOU,1st Quarter,4,Houston Texans,1,4,0,12 Yard Pass,1st & 10 at HOU 47,05:12 1st,— D.Mills pass short left to N.Whittington to LV 41 for 12 yards (T.Eichenberg).
2026,PRESEASON WEEK 2,Thursday,August 20th,LV,HOU,1st Quarter,4,Houston Texans,1,5,0,1 Yard Run,1st & 10 at LV 41,04:34 1st,— N.Whittington up the middle to LV 40 for 1 yard (T.Booker; J.Pegues).
2026,PRESEASON WEEK 2,Thursday,August 20th,LV,HOU,1st Quarter,4,Houston Texans,1,6,0,Pass Incomplete,2nd & 9 at LV 40,03:56 1st Shotgun,— D.Mills pass incomplete deep left to J.Wayne.
2026,PRESEASON WEEK 2,Thursday,August 20th,LV,HOU,1st Quarter,4,Houston Texans,1,7,0,8 Yard Pass,3rd & 9 at LV 40,03:50 1st Shotgun,— D.Mills pass short left to D.Sobkowicz to LV 32 for 8 yards (T.Stukes; T.Eichenberg).
2026,PRESEASON WEEK 2,Thursday,August 20th,LV,HOU,1st Quarter,4,Houston Texans,1,8,1,Field Goal,4th & 1 at LV 32,03:09 1st,"— K.Fairbairn 51 yard field goal is GOOD, Center-A.Brinkman, Holder-K.Kroeger."
2026,PRESEASON WEEK 2,Thursday,August 20th,LV,HOU,2nd Quarter,1,Las Vegas Raiders,1,1,0,Kickoff from HOU 35,,Kickoff,"— K.Fairbairn kicks 41 yards from HOU 35 to LV 24, short of landing zone. PENALTY on HOU-K.Fairbairn, Kickoff Short of Landing Zone, placed at LV 40."
2026,PRESEASON WEEK 2,Thursday,August 20th,LV,HOU,2nd Quarter,1,Las Vegas Raiders,1,2,0,9 Yard Run,1st & 10 at LV 40,03:04 1st,— M.Washington right end to LV 49 for 9 yards (M.Mapu; J.Clowney).
2026,PRESEASON WEEK 2,Thursday,August 20th,LV,HOU,2nd Quarter,1,Las Vegas Raiders,1,3,0,3 Yard Run,2nd & 1 at LV 49,02:31 1st,— M.Washington up the middle to HOU 48 for 3 yards (M.Edwards).
2026,PRESEASON WEEK 2,Thursday,August 20th,LV,HOU,2nd Quarter,1,Las Vegas Raiders,1,4,0,1 Yard Run,1st & 10 at HOU 48,01:50 1st,— M.Washington right guard to HOU 47 for 1 yard (J.Reed; J.Hummel).
2026,PRESEASON WEEK 2,Thursday,August 20th,LV,HOU,2nd Quarter,1,Las Vegas Raiders,1,5,0,10 Yard Run,2nd & 9 at HOU 47,01:13 1st Shotgun,— D.Laube left end ran ob at HOU 37 for 10 yards (J.Smith).
2026,PRESEASON WEEK 2,Thursday,August 20th,LV,HOU,2nd Quarter,1,Las Vegas Raiders,1,6,0,9 Yard Pass,1st & 10 at HOU 37,00:39 1st,— F.Mendoza pass short left to C.Heyward to HOU 28 for 9 yards (J.Hummel; M.Mapu) [J.Smith].
2026,PRESEASON WEEK 2,Thursday,August 20th,LV,HOU,2nd Quarter,1,Las Vegas Raiders,1,7,0,-11 Yard Sack,2nd & 1 at HOU 28,15:00 2nd,— F.Mendoza sacked at HOU 39 for -11 yards (K.McDonald).
2026,PRESEASON WEEK 2,Thursday,August 20th,LV,HOU,2nd Quarter,1,Las Vegas Raiders,1,8,0,Timeout,,14:17 2nd,— Timeout #1 by LV at 14:17.
2026,PRESEASON WEEK 2,Thursday,August 20th,LV,HOU,2nd Quarter,1,Las Vegas Raiders,1,9,0,5 Yard Pass,3rd & 12 at HOU 39,14:17 2nd Shotgun,— F.Mendoza pass short middle to I.Thomas to HOU 34 for 5 yards (J.Reed; W.Woodaz).
2026,PRESEASON WEEK 2,Thursday,August 20th,LV,HOU,2nd Quarter,1,Las Vegas Raiders,1,10,1,Field Goal,4th & 7 at HOU 34,13:38 2nd,"— M.Gay 52 yard field goal is GOOD, Center-A.Ward, Holder-A.Cole."
2026,PRESEASON WEEK 2,Thursday,August 20th,LV,HOU,2nd Quarter,2,Houston Texans,0,1,0,Kickoff from LV 35,,Kickoff,— M.Gay kicks 65 yards from LV 35 to HOU 0. N.Whittington to HOU 23 for 23 yards (Bu.Johnson).
2026,PRESEASON WEEK 2,Thursday,August 20th,LV,HOU,2nd Quarter,2,Houston Texans,0,2,0,3 Yard Run,1st & 10 at HOU 23,13:29 2nd Shotgun,— D.Mills scrambles right end pushed ob at HOU 26 for 3 yards (S.Olubi).
2026,PRESEASON WEEK 2,Thursday,August 20th,LV,HOU,2nd Quarter,2,Houston Texans,0,3,0,1 Yard Pass,2nd & 7 at HOU 26,12:58 2nd Shotgun,— D.Mills pass short left to J.Wayne to HOU 27 for 1 yard (H.Masses).
2026,PRESEASON WEEK 2,Thursday,August 20th,LV,HOU,2nd Quarter,2,Houston Texans,0,4,0,8 Yard Pass,3rd & 6 at HOU 27,12:15 2nd Shotgun,— D.Mills pass short middle to L.Bond to HOU 35 for 8 yards (T.Stukes).
2026,PRESEASON WEEK 2,Thursday,August 20th,LV,HOU,2nd Quarter,2,Houston Texans,0,5,0,7 Yard Pass,1st & 10 at HOU 35,11:39 2nd,— D.Mills pass short right to M.Klein to HOU 42 for 7 yards (D.Johnson; S.Olubi).
2026,PRESEASON WEEK 2,Thursday,August 20th,LV,HOU,2nd Quarter,2,Houston Texans,0,6,0,8 Yard Run,2nd & 3 at HOU 42,11:00 2nd,— N.Whittington right end to 50 for 8 yards (D.Johnson).
2026,PRESEASON WEEK 2,Thursday,August 20th,LV,HOU,2nd Quarter,2,Houston Texans,0,7,0,4 Yard Run,1st & 10 at 50,10:14 2nd,— N.Whittington right guard to LV 46 for 4 yards (P.Johnson).
2026,PRESEASON WEEK 2,Thursday,August 20th,LV,HOU,2nd Quarter,2,Houston Texans,0,8,0,-7 Yard Sack,2nd & 6 at LV 46,09:32 2nd Shotgun,— D.Mills sacked at HOU 47 for -7 yards (T.Booker).
2026,PRESEASON WEEK 2,Thursday,August 20th,LV,HOU,2nd Quarter,2,Houston Texans,0,9,0,4 Yard Pass,3rd & 13 at HOU 47,08:49 2nd Shotgun,— D.Mills pass short right to O.Wright to LV 49 for 4 yards (S.Olubi).
2026,PRESEASON WEEK 2,Thursday,August 20th,LV,HOU,2nd Quarter,2,Houston Texans,0,10,0,Punt,4th & 9 at LV 49,08:09 2nd,"— K.Kroeger punts 40 yards to LV 9, Center-A.Brinkman, fair catch by M.Benson."
2026,PRESEASON WEEK 2,Thursday,August 20th,LV,HOU,2nd Quarter,3,Las Vegas Raiders,0,1,0,11 Yard Pass,1st & 10 at LV 9,08:01 2nd,— F.Mendoza pass short left to I.Thomas pushed ob at LV 20 for 11 yards (A.Fisher).
2026,PRESEASON WEEK 2,Thursday,August 20th,LV,HOU,2nd Quarter,3,Las Vegas Raiders,0,2,0,0 Yard Run,1st & 10 at LV 20,07:29 2nd,— M.Washington right tackle to LV 20 for no gain (A.Huzzie).
2026,PRESEASON WEEK 2,Thursday,August 20th,LV,HOU,2nd Quarter,3,Las Vegas Raiders,0,3,0,3 Yard Pass,2nd & 10 at LV 20,06:57 2nd,— F.Mendoza pass short right to I.Thomas to LV 23 for 3 yards (J.Reed).
2026,PRESEASON WEEK 2,Thursday,August 20th,LV,HOU,2nd Quarter,3,Las Vegas Raiders,0,4,0,18 Yard Pass,3rd & 7 at LV 23,06:24 2nd Shotgun,— F.Mendoza pass deep left to M.Benson to LV 41 for 18 yards (K.Merriweather).
2026,PRESEASON WEEK 2,Thursday,August 20th,LV,HOU,2nd Quarter,3,Las Vegas Raiders,0,5,0,9 Yard Pass,1st & 10 at LV 41,05:43 2nd,— F.Mendoza pass short left to M.Washington pushed ob at 50 for 9 yards (J.Hill).
2026,PRESEASON WEEK 2,Thursday,August 20th,LV,HOU,2nd Quarter,3,Las Vegas Raiders,0,6,0,5 Yard Run,2nd & 1 at 50,05:09 2nd,— M.Washington right guard to HOU 45 for 5 yards (A.Fisher).
2026,PRESEASON WEEK 2,Thursday,August 20th,LV,HOU,2nd Quarter,3,Las Vegas Raiders,0,7,0,Pass Incomplete,1st & 10 at HOU 45,04:36 2nd,— F.Mendoza pass incomplete short right [N.Jones].
2026,PRESEASON WEEK 2,Thursday,August 20th,LV,HOU,2nd Quarter,3,Las Vegas Raiders,0,8,0,4 Yard Run,2nd & 10 at HOU 45,04:31 2nd,— M.Washington right end to HOU 41 for 4 yards (A.Fisher).
2026,PRESEASON WEEK 2,Thursday,August 20th,LV,HOU,2nd Quarter,3,Las Vegas Raiders,0,9,0,Pass Incomplete,3rd & 6 at HOU 41,03:51 2nd Shotgun,— F.Mendoza pass incomplete short right to M.Benson.
2026,PRESEASON WEEK 2,Thursday,August 20th,LV,HOU,2nd Quarter,3,Las Vegas Raiders,0,10,0,Punt,4th & 6 at HOU 41,03:47 2nd,"— A.Cole punts 32 yards to HOU 9, Center-A.Ward, fair catch by T.Saunders."
2026,PRESEASON WEEK 2,Thursday,August 20th,LV,HOU,2nd Quarter,4,Houston Texans,1,1,0,-3 Yard Run,1st & 10 at HOU 9,03:39 2nd,"— N.Whittington up the middle to HOU 6 for -3 yards (T.Booker, J.Laulu)."
2026,PRESEASON WEEK 2,Thursday,August 20th,LV,HOU,2nd Quarter,4,Houston Texans,1,2,0,12 Yard Pass,2nd & 13 at HOU 6,03:00 2nd Shotgun,— D.Mills pass short middle to J.Watson to HOU 18 for 12 yards (J.McCoy).
2026,PRESEASON WEEK 2,Thursday,August 20th,LV,HOU,2nd Quarter,4,Houston Texans,1,3,0,17 Yard Pass,3rd & 1 at HOU 18,02:28 2nd Shotgun,— D.Mills pass short left to M.Klein pushed ob at HOU 35 for 17 yards (T.McCollum).
2026,PRESEASON WEEK 2,Thursday,August 20th,LV,HOU,2nd Quarter,4,Houston Texans,1,4,0,7 Yard Pass,1st & 10 at HOU 35,02:00 2nd,— D.Mills pass short left to M.Klein ran ob at HOU 42 for 7 yards (K.Crawford).
2026,PRESEASON WEEK 2,Thursday,August 20th,LV,HOU,2nd Quarter,4,Houston Texans,1,5,0,0 Yard Run,2nd & 3 at HOU 42,01:55 2nd,— N.Whittington right tackle to HOU 42 for no gain (F.Fatukasi; P.Johnson).
2026,PRESEASON WEEK 2,Thursday,August 20th,LV,HOU,2nd Quarter,4,Houston Texans,1,6,0,Pass Incomplete,3rd & 3 at HOU 42,01:17 2nd Shotgun,"— D.Mills pass incomplete short right to J.Watson (J.McCoy). PENALTY on LV-J.McCoy, Taunting, 15 yards, enforced at HOU 42."
2026,PRESEASON WEEK 2,Thursday,August 20th,LV,HOU,2nd Quarter,4,Houston Texans,1,7,0,4 Yard Pass,1st & 10 at LV 43,01:12 2nd Shotgun,— D.Mills pass short right to L.Bond to LV 39 for 4 yards (S.Olubi).
2026,PRESEASON WEEK 2,Thursday,August 20th,LV,HOU,2nd Quarter,4,Houston Texans,1,8,0,Pass Incomplete,2nd & 6 at LV 39,"00:52 2nd No Huddle, Shotgun",— D.Mills pass incomplete short right to M.Klein.
2026,PRESEASON WEEK 2,Thursday,August 20th,LV,HOU,2nd Quarter,4,Houston Texans,1,9,0,Pass Incomplete,3rd & 6 at LV 39,00:47 2nd Shotgun,— D.Mills pass incomplete short left to L.Bond.
2026,PRESEASON WEEK 2,Thursday,August 20th,LV,HOU,2nd Quarter,4,Houston Texans,1,10,1,Field Goal,4th & 6 at LV 39,00:43 2nd,"— K.Fairbairn 57 yard field goal is GOOD, Center-A.Brinkman, Holder-K.Kroeger."
2026,PRESEASON WEEK 2,Thursday,August 20th,LV,HOU,2nd Quarter,5,Las Vegas Raiders,0,1,0,Kickoff from HOU 35,,Kickoff,"— K.Fairbairn kicks 65 yards from HOU 35 to LV 0. R.Hemby to LV 33 for 33 yards (M.Mapu; J.Hill). PENALTY on LV-A.Okwuegbunam, Offensive Holding, 10 yards, enforced at LV 25."
2026,PRESEASON WEEK 2,Thursday,August 20th,LV,HOU,2nd Quarter,5,Las Vegas Raiders,0,2,0,9 Yard Pass,1st & 10 at LV 15,00:31 2nd Shotgun,— F.Mendoza pass short middle to M.Washington to LV 24 for 9 yards (A.Huzzie).
2026,PRESEASON WEEK 2,Thursday,August 20th,LV,HOU,2nd Quarter,5,Las Vegas Raiders,0,3,0,Timeout,,00:24 2nd,— Timeout #2 by LV at 00:24.
2026,PRESEASON WEEK 2,Thursday,August 20th,LV,HOU,2nd Quarter,5,Las Vegas Raiders,0,4,0,Pass Incomplete,2nd & 1 at LV 24,00:24 2nd Shotgun,— F.Mendoza pass incomplete deep middle to Br.Johnson.
2026,PRESEASON WEEK 2,Thursday,August 20th,LV,HOU,2nd Quarter,5,Las Vegas Raiders,0,5,0,Pass Incomplete,3rd & 1 at LV 24,00:17 2nd Shotgun,— F.Mendoza pass incomplete short left to M.Benson (T.Smith).
2026,PRESEASON WEEK 2,Thursday,August 20th,LV,HOU,2nd Quarter,5,Las Vegas Raiders,0,6,0,Punt,4th & 1 at LV 24,00:12 2nd,"— A.Cole punts 50 yards to HOU 26, Center-A.Ward, out of bounds."
2026,PRESEASON WEEK 2,Thursday,August 20th,LV,HOU,2nd Quarter,6,Houston Texans,0,1,0,-1 Yard Run,1st & 10 at HOU 26,00:05 2nd,— D.Mills kneels to HOU 25 for -1 yards.
2026,PRESEASON WEEK 2,Thursday,August 20th,LV,HOU,3rd Quarter,1,Las Vegas Raiders,0,1,0,Kickoff from HOU 35,,Kickoff,"— K.Fairbairn kicks 63 yards from HOU 35 to LV 2. D.Thompkins to LV 34 for 32 yards (J.Kelly). PENALTY on LV-C.Myarick, Offensive Holding, 10 yards, enforced at LV 25."
2026,PRESEASON WEEK 2,Thursday,August 20th,LV,HOU,3rd Quarter,1,Las Vegas Raiders,0,2,0,1 Yard Pass,1st & 10 at LV 15,14:52 3rd Shotgun,— A.O'Connell pass short left to A.Okwuegbunam to LV 16 for 1 yard (W.Woodaz).
2026,PRESEASON WEEK 2,Thursday,August 20th,LV,HOU,3rd Quarter,1,Las Vegas Raiders,0,3,0,13 Yard Run,2nd & 9 at LV 16,14:14 3rd Shotgun,— D.Laube right tackle to LV 29 for 13 yards (K.Merriweather; S.Hall).
2026,PRESEASON WEEK 2,Thursday,August 20th,LV,HOU,3rd Quarter,1,Las Vegas Raiders,0,4,0,5 Yard Run,1st & 10 at LV 29,13:38 3rd,— D.Laube up the middle to LV 34 for 5 yards (S.Hall).
2026,PRESEASON WEEK 2,Thursday,August 20th,LV,HOU,3rd Quarter,1,Las Vegas Raiders,0,5,0,Pass Incomplete,2nd & 5 at LV 34,13:06 3rd,— A.O'Connell pass incomplete deep middle to M.Benson (B.Hall).
2026,PRESEASON WEEK 2,Thursday,August 20th,LV,HOU,3rd Quarter,1,Las Vegas Raiders,0,6,0,Pass Incomplete,3rd & 5 at LV 34,13:00 3rd Shotgun,— A.O'Connell pass incomplete deep left to M.Benson.
2026,PRESEASON WEEK 2,Thursday,August 20th,LV,HOU,3rd Quarter,1,Las Vegas Raiders,0,7,0,Punt,4th & 5 at LV 34,12:54 3rd,"— A.Cole punts 50 yards to HOU 16, Center-T.Duzansky. T.Saunders to HOU 20 for 4 yards (C.Roberts). LV-C.Anusiem was injured during the play. PENALTY on HOU-J.Kelly, Offensive Holding, 8 yards, enforced at HOU 16. Penalty on HOU-J.Reed, Offensive Holding, declined."
2026,PRESEASON WEEK 2,Thursday,August 20th,LV,HOU,3rd Quarter,2,Houston Texans,0,1,0,1 Yard Run,1st & 10 at HOU 8,12:44 3rd,— O.Wright right guard to HOU 9 for 1 yard (C.Slone).
2026,PRESEASON WEEK 2,Thursday,August 20th,LV,HOU,3rd Quarter,2,Houston Texans,0,2,0,22 Yard Pass,2nd & 9 at HOU 9,12:05 3rd Shotgun,— B.Rypien pass deep middle to D.Sobkowicz to HOU 31 for 22 yards (T.McCollum).
2026,PRESEASON WEEK 2,Thursday,August 20th,LV,HOU,3rd Quarter,2,Houston Texans,0,3,0,1 Yard Run,1st & 10 at HOU 31,11:29 3rd,— O.Wright up the middle to HOU 32 for 1 yard (T.McCollum).
2026,PRESEASON WEEK 2,Thursday,August 20th,LV,HOU,3rd Quarter,2,Houston Texans,0,4,0,Pass Incomplete,2nd & 9 at HOU 32,10:50 3rd Shotgun,— B.Rypien pass incomplete short left to D.Sobkowicz.
2026,PRESEASON WEEK 2,Thursday,August 20th,LV,HOU,3rd Quarter,2,Houston Texans,0,5,0,Pass Incomplete,3rd & 9 at HOU 32,10:46 3rd Shotgun,— B.Rypien pass incomplete deep middle to J.Kelly.
2026,PRESEASON WEEK 2,Thursday,August 20th,LV,HOU,3rd Quarter,2,Houston Texans,0,6,0,Punt,4th & 9 at HOU 32,10:39 3rd,"— K.Kroeger punts 53 yards to LV 15, Center-A.Brinkman. D.Thompkins ran ob at LV 40 for 25 yards (J.Reed). ** Injury Update: LV-Bu.Johnson has returned to the game. PENALTY on LV-R.Hemby, Illegal Blindside Block, 13 yards, enforced at LV 27."
2026,PRESEASON WEEK 2,Thursday,August 20th,LV,HOU,3rd Quarter,3,Las Vegas Raiders,0,1,0,Pass Incomplete,1st & 10 at LV 14,10:27 3rd,— A.O'Connell pass incomplete short right to D.Laube.
2026,PRESEASON WEEK 2,Thursday,August 20th,LV,HOU,3rd Quarter,3,Las Vegas Raiders,0,2,0,5 Yard Run,2nd & 10 at LV 14,10:22 3rd Shotgun,— D.Laube up the middle to LV 19 for 5 yards (B.Codrington; J.Hummel).
2026,PRESEASON WEEK 2,Thursday,August 20th,LV,HOU,3rd Quarter,3,Las Vegas Raiders,0,3,0,4 Yard Pass,3rd & 5 at LV 19,09:42 3rd Shotgun,— A.O'Connell pass short left to D.Thompkins to LV 23 for 4 yards (B.Codrington).
2026,PRESEASON WEEK 2,Thursday,August 20th,LV,HOU,3rd Quarter,3,Las Vegas Raiders,0,4,0,Punt,4th & 1 at LV 23,09:03 3rd,"— A.Cole punts 45 yards to HOU 32, Center-T.Duzansky. J.Jackson pushed ob at HOU 40 for 8 yards (C.McGrone)."
2026,PRESEASON WEEK 2,Thursday,August 20th,LV,HOU,3rd Quarter,4,Houston Texans,0,1,0,3 Yard Pass,1st & 10 at HOU 40,08:53 3rd Shotgun,— B.Rypien pass short right to L.Hansen ran ob at HOU 43 for 3 yards.
2026,PRESEASON WEEK 2,Thursday,August 20th,LV,HOU,3rd Quarter,4,Houston Texans,0,2,0,2 Yard Run,2nd & 7 at HOU 43,08:25 3rd Shotgun,— N.Whittington left guard to HOU 45 for 2 yards (D.Johnson).
2026,PRESEASON WEEK 2,Thursday,August 20th,LV,HOU,3rd Quarter,4,Houston Texans,0,3,0,Fumble,3rd & 5 at HOU 45,07:45 3rd Shotgun,"— B.Rypien sacked at HOU 38 for -7 yards (P.Johnson). FUMBLES (P.Johnson), RECOVERED by LV-G.Smith at HOU 39."
2026,PRESEASON WEEK 2,Thursday,August 20th,LV,HOU,3rd Quarter,5,Las Vegas Raiders,1,1,0,Pass Incomplete,1st & 10 at HOU 39,07:42 3rd,— A.O'Connell pass incomplete short middle to D.Young.
2026,PRESEASON WEEK 2,Thursday,August 20th,LV,HOU,3rd Quarter,5,Las Vegas Raiders,1,2,0,5 Yard Pass,2nd & 10 at HOU 39,07:38 3rd Shotgun,— A.O'Connell pass short right to D.Thompkins pushed ob at HOU 34 for 5 yards (B.Codrington).
2026,PRESEASON WEEK 2,Thursday,August 20th,LV,HOU,3rd Quarter,5,Las Vegas Raiders,1,3,0,12 Yard Penalty,3rd & 5 at HOU 34,07:02 3rd Shotgun,"— A.O'Connell pass incomplete short right to S.Jackson (S.Hall). PENALTY on HOU-S.Hall, Defensive Pass Interference, 12 yards, enforced at HOU 34 - No Play."
2026,PRESEASON WEEK 2,Thursday,August 20th,LV,HOU,3rd Quarter,5,Las Vegas Raiders,1,4,0,4 Yard Run,1st & 10 at HOU 22,06:56 3rd,— D.Thompkins left end pushed ob at HOU 18 for 4 yards (B.Hall).
2026,PRESEASON WEEK 2,Thursday,August 20th,LV,HOU,3rd Quarter,5,Las Vegas Raiders,1,5,0,0 Yard Run,2nd & 6 at HOU 18,06:25 3rd,— D.Laube right tackle to HOU 18 for no gain (K.Hamilton).
2026,PRESEASON WEEK 2,Thursday,August 20th,LV,HOU,3rd Quarter,5,Las Vegas Raiders,1,6,0,14 Yard Pass,3rd & 6 at HOU 18,05:47 3rd Shotgun,— A.O'Connell pass short right to D.Laube to HOU 4 for 14 yards (J.Reed).
2026,PRESEASON WEEK 2,Thursday,August 20th,LV,HOU,3rd Quarter,5,Las Vegas Raiders,1,7,1,Touchdown,1st & 4 at HOU 4,05:04 3rd,"— D.Laube right tackle for 4 yards, TOUCHDOWN."
2026,PRESEASON WEEK 2,Thursday,August 20th,LV,HOU,3rd Quarter,5,Las Vegas Raiders,1,8,1,Extra Point,,04:57 3rd,"— K.Matsuzawa extra point is GOOD, Center-T.Duzansky, Holder-A.Cole."
2026,PRESEASON WEEK 2,Thursday,August 20th,LV,HOU,3rd Quarter,6,Houston Texans,0,1,0,Kickoff from LV 35,,Kickoff,— K.Matsuzawa kicks 62 yards from LV 35 to HOU 3. T.Saunders to HOU 30 for 27 yards (D.Ogunbowale).
2026,PRESEASON WEEK 2,Thursday,August 20th,LV,HOU,3rd Quarter,6,Houston Texans,0,2,0,8 Yard Pass,1st & 10 at HOU 30,04:51 3rd,— B.Rypien pass short right to J.Kelly to HOU 38 for 8 yards (D.Richardson; D.Johnson).
2026,PRESEASON WEEK 2,Thursday,August 20th,LV,HOU,3rd Quarter,6,Houston Texans,0,3,0,0 Yard Run,2nd & 2 at HOU 38,04:08 3rd,— N.Whittington left tackle to HOU 38 for no gain (C.Slone).
2026,PRESEASON WEEK 2,Thursday,August 20th,LV,HOU,3rd Quarter,6,Houston Texans,0,4,0,-10 Yard Sack,3rd & 2 at HOU 38,03:25 3rd Shotgun,"— B.Rypien sacked at HOU 28 for -10 yards (J.Harvey). FUMBLES (J.Harvey) [J.Harvey], touched at HOU 28, recovered by HOU-J.Neal at HOU 27."
2026,PRESEASON WEEK 2,Thursday,August 20th,LV,HOU,3rd Quarter,6,Houston Texans,0,5,0,Punt,4th & 13 at HOU 27,02:40 3rd,"— K.Kroeger punts 53 yards to LV 20, Center-A.Brinkman. D.Thompkins to LV 27 for 7 yards (S.Harsh; J.Wayne). PENALTY on LV-S.Jackson, Offensive Holding, 10 yards, enforced at LV 20."
2026,PRESEASON WEEK 2,Thursday,August 20th,LV,HOU,3rd Quarter,7,Las Vegas Raiders,0,1,0,10 Yard Pass,1st & 10 at LV 10,02:29 3rd,— A.O'Connell pass short left to P.Dorsett to LV 20 for 10 yards (B.Hall).
2026,PRESEASON WEEK 2,Thursday,August 20th,LV,HOU,3rd Quarter,7,Las Vegas Raiders,0,2,0,0 Yard Run,1st & 10 at LV 20,01:52 3rd,— D.Ogunbowale right guard to LV 20 for no gain (A.Fisher).
2026,PRESEASON WEEK 2,Thursday,August 20th,LV,HOU,3rd Quarter,7,Las Vegas Raiders,0,3,0,Pass Incomplete,2nd & 10 at LV 20,01:11 3rd Shotgun,— A.O'Connell pass incomplete deep middle to P.Dorsett.
2026,PRESEASON WEEK 2,Thursday,August 20th,LV,HOU,3rd Quarter,7,Las Vegas Raiders,0,4,0,Pass Incomplete,3rd & 10 at LV 20,01:05 3rd Shotgun,— A.O'Connell pass incomplete deep right to P.Dorsett.
2026,PRESEASON WEEK 2,Thursday,August 20th,LV,HOU,3rd Quarter,7,Las Vegas Raiders,0,5,0,Punt,4th & 10 at LV 20,01:00 3rd,"— A.Cole punts 58 yards to HOU 22, Center-T.Duzansky. A.Huzzie to HOU 30 for 8 yards (C.Roberts; D.Lafayette)."
2026,PRESEASON WEEK 2,Thursday,August 20th,LV,HOU,4th Quarter,1,Houston Texans,0,1,0,4 Yard Run,1st & 10 at HOU 30,00:51 3rd Shotgun,— O.Wright left guard to HOU 34 for 4 yards (G.Smith; B.Cleveland).
2026,PRESEASON WEEK 2,Thursday,August 20th,LV,HOU,4th Quarter,1,Houston Texans,0,2,0,2 Yard Pass,2nd & 6 at HOU 34,00:18 3rd Shotgun,— B.Rypien pass short left to O.Wright to HOU 36 for 2 yards (X.Sorey).
2026,PRESEASON WEEK 2,Thursday,August 20th,LV,HOU,4th Quarter,1,Houston Texans,0,3,0,3 Yard Pass,3rd & 4 at HOU 36,15:00 4th Shotgun,— B.Rypien pass short right to J.Jackson to HOU 39 for 3 yards (D.Lafayette).
2026,PRESEASON WEEK 2,Thursday,August 20th,LV,HOU,4th Quarter,1,Houston Texans,0,4,0,Punt,4th & 1 at HOU 39,14:17 4th,"— K.Kroeger punts 54 yards to LV 7, Center-A.Brinkman, downed by HOU-B.Codrington."
2026,PRESEASON WEEK 2,Thursday,August 20th,LV,HOU,4th Quarter,2,Las Vegas Raiders,1,1,0,3 Yard Run,1st & 10 at LV 7,14:06 4th,— R.Hemby left guard to LV 10 for 3 yards (K.Ossai).
2026,PRESEASON WEEK 2,Thursday,August 20th,LV,HOU,4th Quarter,2,Las Vegas Raiders,1,2,0,6 Yard Pass,2nd & 7 at LV 10,13:31 4th Shotgun,— A.O'Connell pass short left to E.Williams to LV 16 for 6 yards (S.Hall).
2026,PRESEASON WEEK 2,Thursday,August 20th,LV,HOU,4th Quarter,2,Las Vegas Raiders,1,3,0,3 Yard Run,3rd & 1 at LV 16,12:48 4th,— R.Hemby up the middle to LV 19 for 3 yards (B.Hall).
2026,PRESEASON WEEK 2,Thursday,August 20th,LV,HOU,4th Quarter,2,Las Vegas Raiders,1,4,0,4 Yard Run,1st & 10 at LV 19,12:12 4th,— R.Hemby left tackle to LV 23 for 4 yards (D.Bailey).
2026,PRESEASON WEEK 2,Thursday,August 20th,LV,HOU,4th Quarter,2,Las Vegas Raiders,1,5,0,17 Yard Pass,2nd & 6 at LV 23,11:33 4th Shotgun,— A.O'Connell pass short left to C.Myarick to LV 40 for 17 yards (S.Hall).
2026,PRESEASON WEEK 2,Thursday,August 20th,LV,HOU,4th Quarter,2,Las Vegas Raiders,1,6,0,11 Yard Run,1st & 10 at LV 40,10:55 4th,— D.Ogunbowale left guard to HOU 49 for 11 yards (K.Merriweather).
2026,PRESEASON WEEK 2,Thursday,August 20th,LV,HOU,4th Quarter,2,Las Vegas Raiders,1,7,0,5 Yard Run,1st & 10 at HOU 49,10:17 4th Shotgun,— D.Ogunbowale left guard to HOU 44 for 5 yards (B.Codrington; A.Fisher).
2026,PRESEASON WEEK 2,Thursday,August 20th,LV,HOU,4th Quarter,2,Las Vegas Raiders,1,8,0,11 Yard Pass,2nd & 5 at HOU 44,09:49 4th,— A.O'Connell pass short right to N.Brown to HOU 33 for 11 yards (A.Fisher; B.Hall).
2026,PRESEASON WEEK 2,Thursday,August 20th,LV,HOU,4th Quarter,2,Las Vegas Raiders,1,9,0,5 Yard Run,1st & 10 at HOU 33,09:08 4th,— R.Hemby left end pushed ob at HOU 28 for 5 yards (B.Codrington; A.Huzzie).
2026,PRESEASON WEEK 2,Thursday,August 20th,LV,HOU,4th Quarter,2,Las Vegas Raiders,1,10,0,9 Yard Run,2nd & 5 at HOU 28,08:23 4th Shotgun,— R.Hemby right tackle to HOU 19 for 9 yards (A.Huzzie; B.Hall).
2026,PRESEASON WEEK 2,Thursday,August 20th,LV,HOU,4th Quarter,2,Las Vegas Raiders,1,11,0,Pass Incomplete,1st & 10 at HOU 19,07:54 4th,— A.O'Connell pass incomplete short left.
2026,PRESEASON WEEK 2,Thursday,August 20th,LV,HOU,4th Quarter,2,Las Vegas Raiders,1,12,1,Touchdown,2nd & 10 at HOU 19,07:45 4th,"— D.Ogunbowale left guard for 19 yards, TOUCHDOWN. The Replay Official reviewed the runner broke the plane ruling, and the play was Upheld. The ruling on the field stands."
2026,PRESEASON WEEK 2,Thursday,August 20th,LV,HOU,4th Quarter,2,Las Vegas Raiders,1,13,0,Extra Point No Good,,07:36 4th,"— K.Matsuzawa extra point is No Good, Wide Right, Center-T.Duzansky, Holder-A.Cole."
2026,PRESEASON WEEK 2,Thursday,August 20th,LV,HOU,4th Quarter,3,Houston Texans,0,1,0,Kickoff from LV 35,,Kickoff,— K.Matsuzawa kicks 61 yards from LV 35 to HOU 4. T.Saunders to HOU 26 for 22 yards (D.Perkins; Bu.Johnson).
2026,PRESEASON WEEK 2,Thursday,August 20th,LV,HOU,4th Quarter,3,Houston Texans,0,2,0,Pass Incomplete,1st & 10 at HOU 26,07:27 4th Shotgun,— B.Rypien pass incomplete deep left to J.Kelly (D.Richardson).
2026,PRESEASON WEEK 2,Thursday,August 20th,LV,HOU,4th Quarter,3,Houston Texans,0,3,0,3 Yard Run,2nd & 10 at HOU 26,07:21 4th Shotgun,— O.Wright up the middle to HOU 29 for 3 yards (C.McGrone; J.Harvey).
2026,PRESEASON WEEK 2,Thursday,August 20th,LV,HOU,4th Quarter,3,Houston Texans,0,4,0,6 Yard Pass,3rd & 7 at HOU 29,06:43 4th Shotgun,— B.Rypien pass short left to J.Jackson to HOU 35 for 6 yards (G.Vance).
2026,PRESEASON WEEK 2,Thursday,August 20th,LV,HOU,4th Quarter,3,Houston Texans,0,5,0,Punt,4th & 1 at HOU 35,05:59 4th,"— K.Kroeger punts 52 yards to LV 13, Center-A.Brinkman. D.Thompkins to LV 16 for 3 yards (A.Brinkman)."
2026,PRESEASON WEEK 2,Thursday,August 20th,LV,HOU,4th Quarter,4,Las Vegas Raiders,0,1,0,3 Yard Run,1st & 10 at LV 16,05:43 4th,— R.Hemby up the middle to LV 19 for 3 yards (K.Hamilton).
2026,PRESEASON WEEK 2,Thursday,August 20th,LV,HOU,4th Quarter,4,Las Vegas Raiders,0,2,0,3 Yard Pass,2nd & 7 at LV 19,05:07 4th Shotgun,— A.O'Connell pass short right to R.Hemby to LV 22 for 3 yards (M.Mapu; S.Harsh).
2026,PRESEASON WEEK 2,Thursday,August 20th,LV,HOU,4th Quarter,4,Las Vegas Raiders,0,3,0,Pass Incomplete,3rd & 4 at LV 22,04:25 4th Shotgun,— A.O'Connell pass incomplete short left to S.Jackson.
2026,PRESEASON WEEK 2,Thursday,August 20th,LV,HOU,4th Quarter,4,Las Vegas Raiders,0,4,0,Punt,4th & 4 at LV 22,04:20 4th,"— A.Cole punts 61 yards to HOU 17, Center-T.Duzansky. B.Codrington to HOU 36 for 19 yards (D.Lafayette)."
2026,PRESEASON WEEK 2,Thursday,August 20th,LV,HOU,4th Quarter,5,Houston Texans,0,1,0,2 Yard Run,1st & 10 at HOU 36,04:07 4th Shotgun,— B.Rypien scrambles right end to HOU 38 for 2 yards (Bu.Johnson).
2026,PRESEASON WEEK 2,Thursday,August 20th,LV,HOU,4th Quarter,5,Houston Texans,0,2,0,4 Yard Run,2nd & 8 at HOU 38,03:17 4th,— O.Wright up the middle to HOU 42 for 4 yards (G.Smith; D.Johnson).
2026,PRESEASON WEEK 2,Thursday,August 20th,LV,HOU,4th Quarter,5,Houston Texans,0,3,0,5 Yard Run,3rd & 4 at HOU 42,02:32 4th Shotgun,— B.Rypien scrambles right end to HOU 47 for 5 yards (C.McGrone; D.Johnson).
2026,PRESEASON WEEK 2,Thursday,August 20th,LV,HOU,4th Quarter,5,Houston Texans,0,4,0,9 Yard Run,1st & 10 at HOU 47,02:00 4th,— O.Wright up the middle to LV 44 for 9 yards (D.Lafayette).
2026,PRESEASON WEEK 2,Thursday,August 20th,LV,HOU,4th Quarter,5,Houston Texans,0,5,0,Timeout,,01:54 4th,— Timeout #1 by LV at 01:54.
2026,PRESEASON WEEK 2,Thursday,August 20th,LV,HOU,4th Quarter,5,Houston Texans,0,6,0,0 Yard Run,2nd & 1 at LV 44,01:54 4th,— O.Wright right guard to LV 44 for no gain (D.Lafayette; D.Johnson).
2026,PRESEASON WEEK 2,Thursday,August 20th,LV,HOU,4th Quarter,5,Houston Texans,0,7,0,Timeout,,01:50 4th,— Timeout #2 by LV at 01:50.
2026,PRESEASON WEEK 2,Thursday,August 20th,LV,HOU,4th Quarter,5,Houston Texans,0,8,0,-1 Yard Run,3rd & 1 at LV 44,01:50 4th,— O.Wright up the middle to LV 45 for -1 yards (K.Crawford).
2026,PRESEASON WEEK 2,Thursday,August 20th,LV,HOU,4th Quarter,5,Houston Texans,0,9,0,Timeout,,01:46 4th,— Timeout #3 by LV at 01:46.
2026,PRESEASON WEEK 2,Thursday,August 20th,LV,HOU,4th Quarter,5,Houston Texans,0,10,0,Punt,4th & 2 at LV 45,01:46 4th,"— K.Kroeger punts 41 yards to LV 4, Center-A.Brinkman, downed by HOU-L.Pryor."
2026,PRESEASON WEEK 2,Thursday,August 20th,LV,HOU,4th Quarter,6,Las Vegas Raiders,1,1,0,9 Yard Pass,1st & 10 at LV 4,01:37 4th Shotgun,"— A.O'Connell pass short left to D.Ogunbowale pushed ob at LV 13 for 9 yards (B.Codrington). The Replay Official reviewed the runner was out of bounds ruling, and the play was REVERSED. (Shotgun) A.O'Connell pass short left to D.Ogunbowale to LV 13 for 9 yards (B.Codrington). 10-second runoff."
2026,PRESEASON WEEK 2,Thursday,August 20th,LV,HOU,4th Quarter,6,Las Vegas Raiders,1,2,0,16 Yard Pass,2nd & 1 at LV 13,01:22 4th Shotgun,— A.O'Connell pass short left to S.Jackson ran ob at LV 29 for 16 yards (S.Hall).
2026,PRESEASON WEEK 2,Thursday,August 20th,LV,HOU,4th Quarter,6,Las Vegas Raiders,1,3,0,9 Yard Pass,1st & 10 at LV 29,01:16 4th Shotgun,— A.O'Connell pass short left to P.Dorsett ran ob at LV 38 for 9 yards (B.Codrington).
2026,PRESEASON WEEK 2,Thursday,August 20th,LV,HOU,4th Quarter,6,Las Vegas Raiders,1,4,0,20 Yard Pass,2nd & 1 at LV 38,01:11 4th Shotgun,— A.O'Connell pass short left to S.Jackson to HOU 42 for 20 yards (S.Hall).
2026,PRESEASON WEEK 2,Thursday,August 20th,LV,HOU,4th Quarter,6,Las Vegas Raiders,1,5,0,8 Yard Pass,1st & 10 at HOU 42,"00:53 4th No Huddle, Shotgun",— A.O'Connell pass short middle to Br.Johnson to HOU 34 for 8 yards (K.Ossai; K.Merriweather).
2026,PRESEASON WEEK 2,Thursday,August 20th,LV,HOU,4th Quarter,6,Las Vegas Raiders,1,6,0,Pass Incomplete,2nd & 2 at HOU 34,00:39 4th No Huddle,— A.O'Connell spiked the ball to stop the clock.
2026,PRESEASON WEEK 2,Thursday,August 20th,LV,HOU,4th Quarter,6,Las Vegas Raiders,1,7,0,33 Yard Pass,3rd & 2 at HOU 34,00:38 4th Shotgun,— A.O'Connell pass deep middle to Br.Johnson to HOU 1 for 33 yards (B.Hall).
2026,PRESEASON WEEK 2,Thursday,August 20th,LV,HOU,4th Quarter,6,Las Vegas Raiders,1,8,1,Touchdown,1st & 1 at HOU 1,00:18 4th No Huddle,"— A.O'Connell up the middle for 1 yard, TOUCHDOWN."
2026,PRESEASON WEEK 2,Thursday,August 20th,LV,HOU,4th Quarter,6,Las Vegas Raiders,1,9,0,Extra Point No Good,,00:14 4th,"— K.Matsuzawa extra point is No Good, Wide Right, Center-T.Duzansky, Holder-A.Cole."
2026,PRESEASON WEEK 2,Thursday,August 20th,LV,HOU,4th Quarter,7,Houston Texans,0,1,0,Kickoff from LV 35,,Kickoff,— K.Matsuzawa kicks 60 yards from LV 35 to HOU 5. T.Saunders to HOU 29 for 24 yards (D.Richardson).
2026,PRESEASON WEEK 2,Thursday,August 20th,LV,HOU,4th Quarter,7,Houston Texans,0,2,0,-5 Yard Penalty,1st & 10 at HOU 29,00:09 4th Shotgun,"— PENALTY on HOU-S.Hagen, False Start, 5 yards, enforced at HOU 29 - No Play."
2026,PRESEASON WEEK 2,Thursday,August 20th,LV,HOU,4th Quarter,7,Houston Texans,0,3,0,Interception,1st & 15 at HOU 24,00:09 4th Shotgun,— B.Rypien pass short right intended for J.Kelly INTERCEPTED by D.Lafayette [C.Slone] at HOU 39. D.Lafayette to HOU 39 for no gain.
2026,PRESEASON WEEK 2,Thursday,August 20th,LV,HOU,4th Quarter,8,Las Vegas Raiders,0,1,0,-1 Yard Run,1st & 10 at HOU 39,00:01 4th,— A.O'Connell kneels to HOU 40 for -1 yards.
2026,PRESEASON WEEK 2,Thursday,August 20th,SF,LAC,1st Quarter,1,Los Angeles Chargers,0,1,0,Kickoff from SF 35,,Kickoff,"— E.Pineiro kicks 65 yards from SF 35 to end zone, Touchback to the LAC 35."
2026,PRESEASON WEEK 2,Thursday,August 20th,SF,LAC,1st Quarter,1,Los Angeles Chargers,0,2,0,-1 Yard Run,1st & 10 at LAC 35,14:59 1st,— O.Hampton right end to LAC 34 for -1 yards (S.Okuayinonu).
2026,PRESEASON WEEK 2,Thursday,August 20th,SF,LAC,1st Quarter,1,Los Angeles Chargers,0,3,0,9 Yard Pass,2nd & 11 at LAC 34,14:29 1st,— J.Herbert pass short left to C.Kolar pushed ob at LAC 43 for 9 yards (R.Green).
2026,PRESEASON WEEK 2,Thursday,August 20th,SF,LAC,1st Quarter,1,Los Angeles Chargers,0,4,0,Pass Incomplete,3rd & 2 at LAC 43,14:03 1st,— J.Herbert pass incomplete deep left to L.McConkey.
2026,PRESEASON WEEK 2,Thursday,August 20th,SF,LAC,1st Quarter,1,Los Angeles Chargers,0,5,0,Punt,4th & 2 at LAC 43,13:58 1st,"— J.Scott punts 51 yards to SF 6, Center-P.Bowden, downed by LAC-G.Smith."
2026,PRESEASON WEEK 2,Thursday,August 20th,SF,LAC,1st Quarter,2,San Francisco 49ers,0,1,0,5 Yard Run,1st & 10 at SF 6,13:43 1st,— K.Black left tackle to SF 11 for 5 yards (T.Tuipulotu).
2026,PRESEASON WEEK 2,Thursday,August 20th,SF,LAC,1st Quarter,2,San Francisco 49ers,0,2,0,4 Yard Pass,2nd & 5 at SF 11,13:09 1st Shotgun,— B.Purdy pass short left to D.Samuel to SF 15 for 4 yards (D.Leonard).
2026,PRESEASON WEEK 2,Thursday,August 20th,SF,LAC,1st Quarter,2,San Francisco 49ers,0,3,0,2 Yard Run,3rd & 1 at SF 15,12:36 1st,— K.Black up the middle to SF 17 for 2 yards (D.Henley).
2026,PRESEASON WEEK 2,Thursday,August 20th,SF,LAC,1st Quarter,2,San Francisco 49ers,0,4,0,-5 Yard Penalty,1st & 10 at SF 17,12:06 1st,"— PENALTY on SF-L.Farrell, False Start, 5 yards, enforced at SF 17 - No Play."
2026,PRESEASON WEEK 2,Thursday,August 20th,SF,LAC,1st Quarter,2,San Francisco 49ers,0,5,0,Pass Incomplete,1st & 15 at SF 12,12:01 1st,— B.Purdy pass incomplete deep right to D.Samuel.
2026,PRESEASON WEEK 2,Thursday,August 20th,SF,LAC,1st Quarter,2,San Francisco 49ers,0,6,0,11 Yard Pass,2nd & 15 at SF 12,11:57 1st Shotgun,— B.Purdy pass short right to D.Stribling to SF 23 for 11 yards (C.Hart).
2026,PRESEASON WEEK 2,Thursday,August 20th,SF,LAC,1st Quarter,2,San Francisco 49ers,0,7,0,7 Yard Pass,3rd & 4 at SF 23,11:20 1st Shotgun,— B.Purdy pass short left to D.Stribling to SF 30 for 7 yards (T.Jefferson).
2026,PRESEASON WEEK 2,Thursday,August 20th,SF,LAC,1st Quarter,2,San Francisco 49ers,0,8,0,1 Yard Run,1st & 10 at SF 30,10:51 1st,— K.Black right guard to SF 31 for 1 yard (D.Perryman).
2026,PRESEASON WEEK 2,Thursday,August 20th,SF,LAC,1st Quarter,2,San Francisco 49ers,0,9,0,4 Yard Run,2nd & 9 at SF 31,10:17 1st Shotgun,— K.Black left end to SF 35 for 4 yards (J.Eboigbe).
2026,PRESEASON WEEK 2,Thursday,August 20th,SF,LAC,1st Quarter,2,San Francisco 49ers,0,10,0,7 Yard Pass,3rd & 5 at SF 35,09:40 1st Shotgun,— B.Purdy pass short left to D.Stribling to SF 42 for 7 yards (D.Leonard).
2026,PRESEASON WEEK 2,Thursday,August 20th,SF,LAC,1st Quarter,2,San Francisco 49ers,0,11,0,0 Yard Run,1st & 10 at SF 42,09:10 1st,— S.McCormick right guard to SF 42 for no gain (J.Eboigbe; D.Perryman).
2026,PRESEASON WEEK 2,Thursday,August 20th,SF,LAC,1st Quarter,2,San Francisco 49ers,0,12,0,3 Yard Run,2nd & 10 at SF 42,08:30 1st Shotgun,— B.Purdy scrambles left end ran ob at SF 45 for 3 yards (A.Smith).
2026,PRESEASON WEEK 2,Thursday,August 20th,SF,LAC,1st Quarter,2,San Francisco 49ers,0,13,0,Pass Incomplete,3rd & 7 at SF 45,07:52 1st Shotgun,— B.Purdy pass incomplete short right to L.Farrell (E.Molden).
2026,PRESEASON WEEK 2,Thursday,August 20th,SF,LAC,1st Quarter,2,San Francisco 49ers,0,14,0,Punt,4th & 7 at SF 45,07:48 1st,"— C.Waitman punts 55 yards to end zone, Center-J.Weeks, Touchback."
2026,PRESEASON WEEK 2,Thursday,August 20th,SF,LAC,1st Quarter,3,Los Angeles Chargers,0,1,0,-2 Yard Run,1st & 10 at LAC 20,07:40 1st,— K.Mitchell up the middle to LAC 18 for -2 yards (R.Height).
2026,PRESEASON WEEK 2,Thursday,August 20th,SF,LAC,1st Quarter,3,Los Angeles Chargers,0,2,0,9 Yard Pass,2nd & 12 at LAC 18,07:08 1st Shotgun,— T.Lance pass short left to B.Thompson to LAC 27 for 9 yards (R.Green).
2026,PRESEASON WEEK 2,Thursday,August 20th,SF,LAC,1st Quarter,3,Los Angeles Chargers,0,3,0,11 Yard Pass,3rd & 3 at LAC 27,06:27 1st Shotgun,— T.Lance pass short left to K.Mitchell to LAC 38 for 11 yards (J.Dugger).
2026,PRESEASON WEEK 2,Thursday,August 20th,SF,LAC,1st Quarter,3,Los Angeles Chargers,0,4,0,8 Yard Pass,1st & 10 at LAC 38,05:53 1st,— T.Lance pass short right to K.Lambert-Smith to LAC 46 for 8 yards (N.Martin).
2026,PRESEASON WEEK 2,Thursday,August 20th,SF,LAC,1st Quarter,3,Los Angeles Chargers,0,5,0,0 Yard Run,2nd & 2 at LAC 46,05:22 1st,— K.Mitchell right tackle to LAC 46 for no gain (D.Lenoir).
2026,PRESEASON WEEK 2,Thursday,August 20th,SF,LAC,1st Quarter,3,Los Angeles Chargers,0,6,0,Pass Incomplete,3rd & 2 at LAC 46,04:41 1st Shotgun,— T.Lance pass incomplete deep left to B.Thompson.
2026,PRESEASON WEEK 2,Thursday,August 20th,SF,LAC,1st Quarter,3,Los Angeles Chargers,0,7,0,Punt,4th & 2 at LAC 46,04:36 1st,"— J.Scott punts 42 yards to SF 12, Center-P.Bowden, fair catch by D.Samuel."
2026,PRESEASON WEEK 2,Thursday,August 20th,SF,LAC,2nd Quarter,1,San Francisco 49ers,1,1,0,4 Yard Run,1st & 10 at SF 12,04:29 1st,— K.Black left tackle to SF 16 for 4 yards (D.Phillips; J.Eboigbe).
2026,PRESEASON WEEK 2,Thursday,August 20th,SF,LAC,2nd Quarter,1,San Francisco 49ers,1,2,0,0 Yard Run,2nd & 6 at SF 16,03:56 1st Shotgun,— K.Black up the middle to SF 16 for no gain (D.Phillips).
2026,PRESEASON WEEK 2,Thursday,August 20th,SF,LAC,2nd Quarter,1,San Francisco 49ers,1,3,0,21 Yard Pass,3rd & 6 at SF 16,03:21 1st Shotgun,— M.Jones pass short middle to D.Stribling to SF 37 for 21 yards (R.Mickens).
2026,PRESEASON WEEK 2,Thursday,August 20th,SF,LAC,2nd Quarter,1,San Francisco 49ers,1,4,0,13 Yard Pass,1st & 10 at SF 37,02:47 1st,— M.Jones pass short left to L.Farrell to 50 for 13 yards (T.Jefferson).
2026,PRESEASON WEEK 2,Thursday,August 20th,SF,LAC,2nd Quarter,1,San Francisco 49ers,1,5,0,8 Yard Run,1st & 10 at 50,02:11 1st,— K.Black up the middle to LAC 42 for 8 yards (T.Jefferson).
2026,PRESEASON WEEK 2,Thursday,August 20th,SF,LAC,2nd Quarter,1,San Francisco 49ers,1,6,0,9 Yard Run,2nd & 2 at LAC 42,01:42 1st,— K.Black right tackle to LAC 33 for 9 yards (A.Smith).
2026,PRESEASON WEEK 2,Thursday,August 20th,SF,LAC,2nd Quarter,1,San Francisco 49ers,1,7,0,Pass Incomplete,1st & 10 at LAC 33,01:10 1st Shotgun,— M.Jones pass incomplete deep left to D.Stribling.
2026,PRESEASON WEEK 2,Thursday,August 20th,SF,LAC,2nd Quarter,1,San Francisco 49ers,1,8,0,3 Yard Run,2nd & 10 at LAC 33,01:05 1st Shotgun,— S.McCormick right tackle to LAC 30 for 3 yards (T.Edwards).
2026,PRESEASON WEEK 2,Thursday,August 20th,SF,LAC,2nd Quarter,1,San Francisco 49ers,1,9,0,1 Yard Run,3rd & 7 at LAC 30,00:30 1st Shotgun,— M.Jones scrambles up the middle to LAC 29 for 1 yard (G.Randolph).
2026,PRESEASON WEEK 2,Thursday,August 20th,SF,LAC,2nd Quarter,1,San Francisco 49ers,1,10,1,Field Goal,4th & 6 at LAC 29,15:00 2nd,"— E.Pineiro 48 yard field goal is GOOD, Center-J.Weeks, Holder-C.Waitman."
2026,PRESEASON WEEK 2,Thursday,August 20th,SF,LAC,2nd Quarter,2,Los Angeles Chargers,0,1,0,Kickoff from SF 35,,Kickoff,— E.Pineiro kicks 65 yards from SF 35 to LAC 0. K.Vidal to LAC 27 for 27 yards (S.Neal).
2026,PRESEASON WEEK 2,Thursday,August 20th,SF,LAC,2nd Quarter,2,Los Angeles Chargers,0,2,0,8 Yard Pass,1st & 10 at LAC 27,14:51 2nd,— T.Lance pass short right to O.Gadsden to LAC 35 for 8 yards (J.Dugger).
2026,PRESEASON WEEK 2,Thursday,August 20th,SF,LAC,2nd Quarter,2,Los Angeles Chargers,0,3,0,1 Yard Run,2nd & 2 at LAC 35,14:18 2nd,— K.Mitchell right end to LAC 36 for 1 yard (G.Wallow).
2026,PRESEASON WEEK 2,Thursday,August 20th,SF,LAC,2nd Quarter,2,Los Angeles Chargers,0,4,0,-5 Yard Penalty,3rd & 1 at LAC 36,13:39 2nd Shotgun,"— T.Lance pass deep right to K.Mitchell ran ob at SF 43 for 21 yards. PENALTY on LAC, Illegal Formation, 5 yards, enforced at LAC 36 - No Play."
2026,PRESEASON WEEK 2,Thursday,August 20th,SF,LAC,2nd Quarter,2,Los Angeles Chargers,0,5,0,Pass Incomplete,3rd & 6 at LAC 31,13:06 2nd Shotgun,— T.Lance pass incomplete short left to K.Lambert-Smith.
2026,PRESEASON WEEK 2,Thursday,August 20th,SF,LAC,2nd Quarter,2,Los Angeles Chargers,0,6,0,Punt,4th & 6 at LAC 31,13:02 2nd,"— J.Scott punts 41 yards to SF 28, Center-P.Bowden. J.Cowing to SF 31 for 3 yards (K.Williamson)."
2026,PRESEASON WEEK 2,Thursday,August 20th,SF,LAC,2nd Quarter,3,San Francisco 49ers,0,1,0,2 Yard Run,1st & 10 at SF 31,12:53 2nd,— Z.White left end to SF 33 for 2 yards (A.Carter).
2026,PRESEASON WEEK 2,Thursday,August 20th,SF,LAC,2nd Quarter,3,San Francisco 49ers,0,2,0,Pass Incomplete,2nd & 8 at SF 33,12:25 2nd,— M.Jones pass incomplete deep right to J.Cowing (R.Shelley).
2026,PRESEASON WEEK 2,Thursday,August 20th,SF,LAC,2nd Quarter,3,San Francisco 49ers,0,3,0,Pass Incomplete,3rd & 8 at SF 33,12:16 2nd Shotgun,"— M.Jones pass incomplete deep left to T.Irwin [R.Mickens]. Penalty on SF-B.Willis, Offensive Holding, declined."
2026,PRESEASON WEEK 2,Thursday,August 20th,SF,LAC,2nd Quarter,3,San Francisco 49ers,0,4,0,Punt,4th & 8 at SF 33,12:11 2nd,"— C.Waitman punts 48 yards to LAC 19, Center-J.Weeks. K.Lambert-Smith to LAC 23 for 4 yards (E.Prysock)."
2026,PRESEASON WEEK 2,Thursday,August 20th,SF,LAC,2nd Quarter,4,Los Angeles Chargers,0,1,0,-5 Yard Penalty,1st & 10 at LAC 23,12:03 2nd Shotgun,"— T.Lance pass short right to O.Gadsden to LAC 41 for 18 yards (J.Brown). PENALTY on LAC, Illegal Shift, 5 yards, enforced at LAC 23 - No Play."
2026,PRESEASON WEEK 2,Thursday,August 20th,SF,LAC,2nd Quarter,4,Los Angeles Chargers,0,2,0,2 Yard Run,1st & 15 at LAC 18,11:38 2nd Shotgun,— K.Vidal right guard to LAC 20 for 2 yards (Q.Bell; J.Thompson). LAC-B.Taylor was injured during the play.
2026,PRESEASON WEEK 2,Thursday,August 20th,SF,LAC,2nd Quarter,4,Los Angeles Chargers,0,3,0,Pass Incomplete,2nd & 13 at LAC 20,11:10 2nd Shotgun,— T.Lance pass incomplete deep left to O.Gadsden (J.Dugger).
2026,PRESEASON WEEK 2,Thursday,August 20th,SF,LAC,2nd Quarter,4,Los Angeles Chargers,0,4,0,5 Yard Pass,3rd & 13 at LAC 20,11:05 2nd Shotgun,— T.Lance pass short middle to K.Vidal to LAC 25 for 5 yards (J.Brown).
2026,PRESEASON WEEK 2,Thursday,August 20th,SF,LAC,2nd Quarter,4,Los Angeles Chargers,0,5,0,Punt,4th & 8 at LAC 25,10:27 2nd,"— J.Scott punts 62 yards to SF 13, Center-P.Bowden, downed by LAC-L.Barton. PENALTY on SF-T.Bethune, Offensive Holding, 6 yards, enforced at SF 13."
2026,PRESEASON WEEK 2,Thursday,August 20th,SF,LAC,2nd Quarter,5,San Francisco 49ers,0,1,0,Pass Incomplete,1st & 10 at SF 7,10:12 2nd,— M.Jones pass incomplete short left to B.Willis.
2026,PRESEASON WEEK 2,Thursday,August 20th,SF,LAC,2nd Quarter,5,San Francisco 49ers,0,2,0,2 Yard Run,2nd & 10 at SF 7,10:09 2nd,— Z.White right end to SF 9 for 2 yards (M.Wax; J.Guillory).
2026,PRESEASON WEEK 2,Thursday,August 20th,SF,LAC,2nd Quarter,5,San Francisco 49ers,0,3,0,Pass Incomplete,3rd & 8 at SF 9,09:29 2nd Shotgun,— M.Jones pass incomplete short left to J.Cowing.
2026,PRESEASON WEEK 2,Thursday,August 20th,SF,LAC,2nd Quarter,5,San Francisco 49ers,0,4,0,Punt,4th & 8 at SF 9,09:25 2nd,"— C.Waitman punts 44 yards to LAC 47, Center-J.Weeks. K.Lambert-Smith to SF 42 for 11 yards (E.Prysock)."
2026,PRESEASON WEEK 2,Thursday,August 20th,SF,LAC,2nd Quarter,6,Los Angeles Chargers,1,1,0,37 Yard Run,1st & 10 at SF 42,09:14 2nd Shotgun,— T.Lance scrambles up the middle to SF 5 for 37 yards (J.Stroman).
2026,PRESEASON WEEK 2,Thursday,August 20th,SF,LAC,2nd Quarter,6,Los Angeles Chargers,1,2,0,0 Yard Run,1st & 5 at SF 5,08:35 2nd,— K.Vidal left guard to SF 5 for no gain (S.Okuayinonu).
2026,PRESEASON WEEK 2,Thursday,August 20th,SF,LAC,2nd Quarter,6,Los Angeles Chargers,1,3,0,2 Yard Pass,2nd & 5 at SF 5,08:03 2nd,— T.Lance pass short right to S.Matlock to SF 3 for 2 yards (G.Wallow; J.Stroman).
2026,PRESEASON WEEK 2,Thursday,August 20th,SF,LAC,2nd Quarter,6,Los Angeles Chargers,1,4,0,Pass Incomplete,3rd & 3 at SF 3,07:18 2nd Shotgun,— T.Lance pass incomplete short right to K.Lambert-Smith (J.Jones).
2026,PRESEASON WEEK 2,Thursday,August 20th,SF,LAC,2nd Quarter,6,Los Angeles Chargers,1,5,1,Field Goal,4th & 3 at SF 3,07:14 2nd,"— C.Dicker 21 yard field goal is GOOD, Center-P.Bowden, Holder-J.Scott."
2026,PRESEASON WEEK 2,Thursday,August 20th,SF,LAC,2nd Quarter,7,San Francisco 49ers,1,1,0,Kickoff from LAC 35,,Kickoff,"— C.Dicker kicks 60 yards from LAC 35 to SF 5. J.Cowing to SF 41 for 36 yards (R.Mickens). PENALTY on SF-A.Davis, Illegal Formation, 5 yards, enforced at LAC 35 - No Play."
2026,PRESEASON WEEK 2,Thursday,August 20th,SF,LAC,2nd Quarter,7,San Francisco 49ers,1,2,0,Kickoff from LAC 40,,Kickoff,"— C.Dicker kicks 60 yards from LAC 40 to end zone, Touchback to the SF 35."
2026,PRESEASON WEEK 2,Thursday,August 20th,SF,LAC,2nd Quarter,7,San Francisco 49ers,1,3,0,24 Yard Pass,1st & 10 at SF 35,07:03 2nd,— M.Jones pass deep left to J.Watkins pushed ob at LAC 41 for 24 yards (G.Smith).
2026,PRESEASON WEEK 2,Thursday,August 20th,SF,LAC,2nd Quarter,7,San Francisco 49ers,1,4,0,37 Yard Run,1st & 10 at LAC 41,06:18 2nd,— S.McCormick right end pushed ob at LAC 4 for 37 yards (K.Williamson).
2026,PRESEASON WEEK 2,Thursday,August 20th,SF,LAC,2nd Quarter,7,San Francisco 49ers,1,5,0,-5 Yard Penalty,1st & 4 at LAC 4,06:08 2nd,"— M.Jones pass incomplete short left to K.Hodge. PENALTY on SF, Illegal Shift, 5 yards, enforced at LAC 4 - No Play."
2026,PRESEASON WEEK 2,Thursday,August 20th,SF,LAC,2nd Quarter,7,San Francisco 49ers,1,6,0,2 Yard Run,1st & 9 at LAC 9,06:04 2nd,— S.McCormick up the middle to LAC 7 for 2 yards (T.Edwards; A.Carter).
2026,PRESEASON WEEK 2,Thursday,August 20th,SF,LAC,2nd Quarter,7,San Francisco 49ers,1,7,1,Touchdown,2nd & 7 at LAC 7,05:33 2nd Shotgun,"— S.McCormick right guard for 7 yards, TOUCHDOWN."
2026,PRESEASON WEEK 2,Thursday,August 20th,SF,LAC,2nd Quarter,7,San Francisco 49ers,1,8,1,Extra Point,,05:28 2nd,"— E.Pineiro extra point is GOOD, Center-J.Weeks, Holder-C.Waitman."
2026,PRESEASON WEEK 2,Thursday,August 20th,SF,LAC,2nd Quarter,8,San Francisco 49ers,1,1,0,Kickoff from SF 35,,Kickoff,— E.Pineiro kicks 61 yards from SF 35 to LAC 4. J.Patterson to LAC 29 for 25 yards (J.Watkins; B.Willis).
2026,PRESEASON WEEK 2,Thursday,August 20th,SF,LAC,2nd Quarter,8,San Francisco 49ers,1,2,0,1 Yard Run,1st & 10 at LAC 29,05:21 2nd,— K.Vidal left end to LAC 30 for 1 yard (D.Luter).
2026,PRESEASON WEEK 2,Thursday,August 20th,SF,LAC,2nd Quarter,8,San Francisco 49ers,1,3,0,6 Yard Pass,2nd & 9 at LAC 30,04:42 2nd Shotgun,— T.Lance pass short right to K.Lambert-Smith to LAC 36 for 6 yards (J.Jones).
2026,PRESEASON WEEK 2,Thursday,August 20th,SF,LAC,2nd Quarter,8,San Francisco 49ers,1,4,0,-5 Yard Penalty,3rd & 3 at LAC 36,03:58 2nd Shotgun,"— T.Lance scrambles right guard to LAC 47 for 11 yards (G.Wallow). PENALTY on LAC-O.Gadsden, Illegal Formation, 5 yards, enforced at LAC 36 - No Play."
2026,PRESEASON WEEK 2,Thursday,August 20th,SF,LAC,2nd Quarter,8,San Francisco 49ers,1,5,0,Pass Incomplete,3rd & 8 at LAC 31,03:25 2nd Shotgun,— T.Lance pass incomplete short right to D.Davis.
2026,PRESEASON WEEK 2,Thursday,August 20th,SF,LAC,2nd Quarter,8,San Francisco 49ers,1,6,1,Touchdown,4th & 8 at LAC 31,03:22 2nd,"— J.Scott punts 52 yards to SF 17, Center-P.Bowden. J.Cowing for 83 yards, TOUCHDOWN. PENALTY on SF, Unsportsmanlike Conduct, 15 yards, enforced between downs."
2026,PRESEASON WEEK 2,Thursday,August 20th,SF,LAC,2nd Quarter,9,Los Angeles Chargers,0,1,0,Kickoff from SF 35,,Kickoff,— E.Pineiro kicks 64 yards from SF 35 to LAC 1. A.Johnson to LAC 31 for 30 yards (J.Watkins; S.Valdez).
2026,PRESEASON WEEK 2,Thursday,August 20th,SF,LAC,2nd Quarter,9,Los Angeles Chargers,0,2,0,3 Yard Run,1st & 10 at LAC 31,02:56 2nd Shotgun,— K.Vidal right end to LAC 34 for 3 yards (O.Okoronkwo; G.Wallow).
2026,PRESEASON WEEK 2,Thursday,August 20th,SF,LAC,2nd Quarter,9,Los Angeles Chargers,0,3,0,16 Yard Pass,2nd & 7 at LAC 34,02:17 2nd Shotgun,— T.Lance pass short left to D.Ross to 50 for 16 yards (J.Robinson).
2026,PRESEASON WEEK 2,Thursday,August 20th,SF,LAC,2nd Quarter,9,Los Angeles Chargers,0,4,0,3 Yard Pass,1st & 10 at 50,02:00 2nd,— T.Lance pass short left to S.Matlock to SF 47 for 3 yards (N.Martin).
2026,PRESEASON WEEK 2,Thursday,August 20th,SF,LAC,2nd Quarter,9,Los Angeles Chargers,0,5,0,Pass Incomplete,2nd & 7 at SF 47,01:21 2nd,— T.Lance pass incomplete short middle to D.Ross (J.Jones).
2026,PRESEASON WEEK 2,Thursday,August 20th,SF,LAC,2nd Quarter,9,Los Angeles Chargers,0,6,0,-5 Yard Penalty,3rd & 7 at SF 47,01:17 2nd Shotgun,"— K.Vidal up the middle to SF 43 for 4 yards (J.Dugger). PENALTY on LAC, Illegal Shift, 5 yards, enforced at SF 47 - No Play."
2026,PRESEASON WEEK 2,Thursday,August 20th,SF,LAC,2nd Quarter,9,Los Angeles Chargers,0,7,0,5 Yard Run,3rd & 12 at LAC 48,01:14 2nd Shotgun,— T.Lance scrambles left guard to SF 47 for 5 yards (A.Davis).
2026,PRESEASON WEEK 2,Thursday,August 20th,SF,LAC,2nd Quarter,9,Los Angeles Chargers,0,8,0,Timeout,,01:07 2nd,— Timeout #1 by SF at 01:07.
2026,PRESEASON WEEK 2,Thursday,August 20th,SF,LAC,2nd Quarter,9,Los Angeles Chargers,0,9,0,Turnover on Downs,4th & 7 at SF 47,01:07 2nd Shotgun,— T.Lance pass short right to K.Vidal to SF 42 for 5 yards (G.Wallow).
2026,PRESEASON WEEK 2,Thursday,August 20th,SF,LAC,2nd Quarter,10,San Francisco 49ers,1,1,0,4 Yard Pass,1st & 10 at SF 42,01:02 2nd Shotgun,— M.Jones pass short right to T.Irwin to SF 46 for 4 yards (N.Reed).
2026,PRESEASON WEEK 2,Thursday,August 20th,SF,LAC,2nd Quarter,10,San Francisco 49ers,1,2,0,20 Yard Pass,2nd & 6 at SF 46,"00:40 2nd No Huddle, Shotgun",— M.Jones pass deep middle to K.Hodge to LAC 34 for 20 yards (R.Shelley).
2026,PRESEASON WEEK 2,Thursday,August 20th,SF,LAC,2nd Quarter,10,San Francisco 49ers,1,3,0,Timeout,,00:31 2nd,— Timeout #2 by SF at 00:31.
2026,PRESEASON WEEK 2,Thursday,August 20th,SF,LAC,2nd Quarter,10,San Francisco 49ers,1,4,0,Pass Incomplete,1st & 10 at LAC 34,00:31 2nd,— M.Jones pass incomplete deep middle to J.Watkins (R.Shelley).
2026,PRESEASON WEEK 2,Thursday,August 20th,SF,LAC,2nd Quarter,10,San Francisco 49ers,1,5,0,Pass Incomplete,2nd & 10 at LAC 34,00:25 2nd Shotgun,— M.Jones pass incomplete deep left to T.Irwin.
2026,PRESEASON WEEK 2,Thursday,August 20th,SF,LAC,2nd Quarter,10,San Francisco 49ers,1,6,0,7 Yard Pass,3rd & 10 at LAC 34,00:20 2nd Shotgun,— M.Jones pass short left to J.Cowing to LAC 27 for 7 yards (M.Wax).
2026,PRESEASON WEEK 2,Thursday,August 20th,SF,LAC,2nd Quarter,10,San Francisco 49ers,1,7,0,Timeout,,00:03 2nd,— Timeout #3 by SF at 00:03.
2026,PRESEASON WEEK 2,Thursday,August 20th,SF,LAC,2nd Quarter,10,San Francisco 49ers,1,8,1,Field Goal,4th & 3 at LAC 27,00:03 2nd,"— E.Pineiro 45 yard field goal is GOOD, Center-J.Weeks, Holder-C.Waitman."
2026,PRESEASON WEEK 2,Thursday,August 20th,SF,LAC,3rd Quarter,1,San Francisco 49ers,0,1,0,Kickoff from LAC 35,,Kickoff,— C.Dicker kicks 62 yards from LAC 35 to SF 3. J.Watkins to SF 22 for 19 yards (K.Vidal).
2026,PRESEASON WEEK 2,Thursday,August 20th,SF,LAC,3rd Quarter,1,San Francisco 49ers,0,2,0,2 Yard Run,1st & 10 at SF 22,14:53 3rd,— Z.White left guard to SF 24 for 2 yards (M.Wax).
2026,PRESEASON WEEK 2,Thursday,August 20th,SF,LAC,3rd Quarter,1,San Francisco 49ers,0,3,0,0 Yard Run,2nd & 8 at SF 24,14:16 3rd,— Z.White right end to SF 24 for no gain (G.Smith; A.Smith).
2026,PRESEASON WEEK 2,Thursday,August 20th,SF,LAC,3rd Quarter,1,San Francisco 49ers,0,4,0,Pass Incomplete,3rd & 8 at SF 24,13:31 3rd Shotgun,— A.Martinez pass incomplete short left to J.Cowing (K.Williamson).
2026,PRESEASON WEEK 2,Thursday,August 20th,SF,LAC,3rd Quarter,1,San Francisco 49ers,0,5,0,Punt,4th & 8 at SF 24,13:27 3rd,"— C.Waitman punts 47 yards to LAC 29, Center-J.Weeks. D.Ross to LAC 36 for 7 yards (K.Herbert)."
2026,PRESEASON WEEK 2,Thursday,August 20th,SF,LAC,3rd Quarter,2,Los Angeles Chargers,0,1,0,Pass Incomplete,1st & 10 at LAC 36,13:14 3rd,— D.Uiagalelei pass incomplete short middle to J.Pascuzzi.
2026,PRESEASON WEEK 2,Thursday,August 20th,SF,LAC,3rd Quarter,2,Los Angeles Chargers,0,2,0,5 Yard Pass,2nd & 10 at LAC 36,13:10 3rd Shotgun,— D.Uiagalelei pass short left to D.Davis to LAC 41 for 5 yards (T.Bethune).
2026,PRESEASON WEEK 2,Thursday,August 20th,SF,LAC,3rd Quarter,2,Los Angeles Chargers,0,3,0,16 Yard Pass,3rd & 5 at LAC 41,12:31 3rd Shotgun,— D.Uiagalelei pass deep left to O.Gadsden ran ob at SF 43 for 16 yards.
2026,PRESEASON WEEK 2,Thursday,August 20th,SF,LAC,3rd Quarter,2,Los Angeles Chargers,0,4,0,Pass Incomplete,1st & 10 at SF 43,11:57 3rd,— D.Uiagalelei pass incomplete deep middle to D.Davis.
2026,PRESEASON WEEK 2,Thursday,August 20th,SF,LAC,3rd Quarter,2,Los Angeles Chargers,0,5,0,-1 Yard Run,2nd & 10 at SF 43,11:50 3rd Shotgun,— A.Johnson right end to SF 44 for -1 yards (J.Robinson).
2026,PRESEASON WEEK 2,Thursday,August 20th,SF,LAC,3rd Quarter,2,Los Angeles Chargers,0,6,0,Pass Incomplete,3rd & 11 at SF 44,11:07 3rd Shotgun,— D.Uiagalelei pass incomplete short left to D.Campbell (J.Robinson).
2026,PRESEASON WEEK 2,Thursday,August 20th,SF,LAC,3rd Quarter,2,Los Angeles Chargers,0,7,0,Punt,4th & 11 at SF 44,11:04 3rd,"— J.Scott punts 33 yards to SF 11, Center-P.Bowden, fair catch by J.Watkins."
2026,PRESEASON WEEK 2,Thursday,August 20th,SF,LAC,3rd Quarter,3,Los Angeles Chargers,1,1,0,Pass Incomplete,1st & 10 at SF 11,10:57 3rd,— A.Martinez pass incomplete short right.
2026,PRESEASON WEEK 2,Thursday,August 20th,SF,LAC,3rd Quarter,3,Los Angeles Chargers,1,2,1,Touchdown,2nd & 10 at SF 11,10:50 3rd Shotgun,"— A.Martinez pass short left intended for J.Cowing INTERCEPTED by J.Colson [N.Tucker] at SF 16. J.Colson for 16 yards, TOUCHDOWN."
2026,PRESEASON WEEK 2,Thursday,August 20th,SF,LAC,3rd Quarter,4,San Francisco 49ers,1,1,0,Kickoff from LAC 35,,Kickoff,— C.Dicker kicks 64 yards from LAC 35 to SF 1. J.Watkins pushed ob at SF 26 for 25 yards (R.Shelley).
2026,PRESEASON WEEK 2,Thursday,August 20th,SF,LAC,3rd Quarter,4,San Francisco 49ers,1,2,0,6 Yard Pass,1st & 10 at SF 26,10:39 3rd,— A.Martinez pass short right to K.Hodge to SF 32 for 6 yards (A.Smith; N.Reed).
2026,PRESEASON WEEK 2,Thursday,August 20th,SF,LAC,3rd Quarter,4,San Francisco 49ers,1,3,0,10 Yard Run,2nd & 4 at SF 32,09:59 3rd Shotgun,— K.Herbert up the middle to SF 42 for 10 yards (D.Grant; N.Reed).
2026,PRESEASON WEEK 2,Thursday,August 20th,SF,LAC,3rd Quarter,4,San Francisco 49ers,1,4,0,Pass Incomplete,1st & 10 at SF 42,09:20 3rd,— A.Martinez pass incomplete deep right.
2026,PRESEASON WEEK 2,Thursday,August 20th,SF,LAC,3rd Quarter,4,San Francisco 49ers,1,5,0,15 Yard Penalty,2nd & 10 at SF 42,09:13 3rd Shotgun,"— K.Herbert up the middle to SF 38 for -4 yards (N.Tucker). PENALTY on LAC-N.Tucker, Face Mask, 15 yards, enforced at SF 42 - No Play."
2026,PRESEASON WEEK 2,Thursday,August 20th,SF,LAC,3rd Quarter,4,San Francisco 49ers,1,6,0,4 Yard Run,1st & 10 at LAC 43,08:51 3rd,— Z.White left tackle to LAC 39 for 4 yards (L.Barton).
2026,PRESEASON WEEK 2,Thursday,August 20th,SF,LAC,3rd Quarter,4,San Francisco 49ers,1,7,0,9 Yard Run,2nd & 6 at LAC 39,08:17 3rd,— Z.White right tackle to LAC 30 for 9 yards (N.Reed; L.Barton).
2026,PRESEASON WEEK 2,Thursday,August 20th,SF,LAC,3rd Quarter,4,San Francisco 49ers,1,8,0,5 Yard Run,1st & 10 at LAC 30,07:36 3rd,— K.Herbert left guard to LAC 25 for 5 yards (A.Carter; J.Carter).
2026,PRESEASON WEEK 2,Thursday,August 20th,SF,LAC,3rd Quarter,4,San Francisco 49ers,1,9,0,7 Yard Pass,2nd & 5 at LAC 25,06:58 3rd Shotgun,— A.Martinez pass short right to J.Cowing to LAC 18 for 7 yards (A.Smith; M.Purchase).
2026,PRESEASON WEEK 2,Thursday,August 20th,SF,LAC,3rd Quarter,4,San Francisco 49ers,1,10,0,Pass Incomplete,1st & 10 at LAC 18,06:09 3rd,— A.Martinez pass incomplete deep right.
2026,PRESEASON WEEK 2,Thursday,August 20th,SF,LAC,3rd Quarter,4,San Francisco 49ers,1,11,0,0 Yard Pass,2nd & 10 at LAC 18,06:03 3rd Shotgun,— A.Martinez pass short left to J.Watkins to LAC 18 for no gain (R.Shelley). SF-A.Pleasants was injured during the play.
2026,PRESEASON WEEK 2,Thursday,August 20th,SF,LAC,3rd Quarter,4,San Francisco 49ers,1,12,0,11 Yard Pass,3rd & 10 at LAC 18,05:37 3rd Shotgun,— A.Martinez pass short left to K.Hodge to LAC 7 for 11 yards (R.Shelley; L.Barton).
2026,PRESEASON WEEK 2,Thursday,August 20th,SF,LAC,3rd Quarter,4,San Francisco 49ers,1,13,0,Pass Incomplete,1st & 7 at LAC 7,05:00 3rd,— A.Martinez pass incomplete short left to B.Willis (E.Johnson).
2026,PRESEASON WEEK 2,Thursday,August 20th,SF,LAC,3rd Quarter,4,San Francisco 49ers,1,14,0,4 Yard Run,2nd & 7 at LAC 7,04:55 3rd Shotgun,— S.McCormick left guard to LAC 3 for 4 yards (L.Barton).
2026,PRESEASON WEEK 2,Thursday,August 20th,SF,LAC,3rd Quarter,4,San Francisco 49ers,1,15,0,Pass Incomplete,3rd & 3 at LAC 3,04:09 3rd Shotgun,"— A.Martinez to LAC 10 for -7 yards. FUMBLES, and recovers at LAC 8. A.Martinez pass incomplete short right. Penalty on SF, Illegal Formation, declined."
2026,PRESEASON WEEK 2,Thursday,August 20th,SF,LAC,3rd Quarter,4,San Francisco 49ers,1,16,0,2 Yard Penalty,4th & 3 at LAC 3,04:00 3rd Shotgun,"— A.Martinez pass incomplete short middle. PENALTY on LAC-A.Smith, Defensive Holding, 2 yards, enforced at LAC 3 - No Play."
2026,PRESEASON WEEK 2,Thursday,August 20th,SF,LAC,3rd Quarter,4,San Francisco 49ers,1,17,1,Touchdown,1st & 1 at LAC 1,03:50 3rd,"— K.Herbert left tackle for 1 yard, TOUCHDOWN."
2026,PRESEASON WEEK 2,Thursday,August 20th,SF,LAC,3rd Quarter,4,San Francisco 49ers,1,18,1,Extra Point,,03:46 3rd,"— E.Pineiro extra point is GOOD, Center-J.Weeks, Holder-C.Waitman."
2026,PRESEASON WEEK 2,Thursday,August 20th,SF,LAC,3rd Quarter,5,Los Angeles Chargers,0,1,0,Kickoff from SF 35,,Kickoff,— C.Waitman kicks 64 yards from SF 35 to LAC 1. A.Johnson to LAC 23 for 22 yards (S.McCormick; Q.Bell).
2026,PRESEASON WEEK 2,Thursday,August 20th,SF,LAC,3rd Quarter,5,Los Angeles Chargers,0,2,0,0 Yard Run,1st & 10 at LAC 23,03:39 3rd Shotgun,— A.Johnson up the middle to LAC 23 for no gain (B.Eason).
2026,PRESEASON WEEK 2,Thursday,August 20th,SF,LAC,3rd Quarter,5,Los Angeles Chargers,0,3,0,8 Yard Pass,2nd & 10 at LAC 23,03:00 3rd Shotgun,— D.Uiagalelei pass short left to D.Ross to LAC 31 for 8 yards (N.Martin).
2026,PRESEASON WEEK 2,Thursday,August 20th,SF,LAC,3rd Quarter,5,Los Angeles Chargers,0,4,0,Pass Incomplete,3rd & 2 at LAC 31,02:18 3rd Shotgun,— D.Uiagalelei pass incomplete short right to S.Brown (E.Prysock).
2026,PRESEASON WEEK 2,Thursday,August 20th,SF,LAC,3rd Quarter,5,Los Angeles Chargers,0,5,0,Pass Incomplete,4th & 2 at LAC 31,02:15 3rd Shotgun,— D.Uiagalelei pass incomplete short left to A.Johnson.
2026,PRESEASON WEEK 2,Thursday,August 20th,SF,LAC,4th Quarter,1,San Francisco 49ers,1,1,0,1 Yard Run,1st & 10 at LAC 30,02:09 3rd,— Z.White up the middle to LAC 29 for 1 yard (G.Smith).
2026,PRESEASON WEEK 2,Thursday,August 20th,SF,LAC,4th Quarter,1,San Francisco 49ers,1,2,0,Pass Incomplete,2nd & 9 at LAC 29,01:32 3rd Shotgun,— A.Martinez pass incomplete short left to J.Cowing (I.Waxter).
2026,PRESEASON WEEK 2,Thursday,August 20th,SF,LAC,4th Quarter,1,San Francisco 49ers,1,3,0,7 Yard Pass,3rd & 9 at LAC 29,01:28 3rd Shotgun,— A.Martinez pass short right to T.Irwin to LAC 22 for 7 yards (L.Barton).
2026,PRESEASON WEEK 2,Thursday,August 20th,SF,LAC,4th Quarter,1,San Francisco 49ers,1,4,0,Timeout,,00:49 3rd,— Timeout #1 by LAC at 00:49.
2026,PRESEASON WEEK 2,Thursday,August 20th,SF,LAC,4th Quarter,1,San Francisco 49ers,1,5,0,9 Yard Pass,4th & 2 at LAC 22,00:49 3rd Shotgun,— A.Martinez pass short right to K.Hodge to LAC 13 for 9 yards (A.Smith; E.Johnson).
2026,PRESEASON WEEK 2,Thursday,August 20th,SF,LAC,4th Quarter,1,San Francisco 49ers,1,6,0,1 Yard Run,1st & 10 at LAC 13,15:00 4th,— Z.White right end to LAC 12 for 1 yard (N.Barrett).
2026,PRESEASON WEEK 2,Thursday,August 20th,SF,LAC,4th Quarter,1,San Francisco 49ers,1,7,0,3 Yard Run,2nd & 9 at LAC 12,14:27 4th,— Z.White right end to LAC 9 for 3 yards (N.Barrett).
2026,PRESEASON WEEK 2,Thursday,August 20th,SF,LAC,4th Quarter,1,San Francisco 49ers,1,8,1,Touchdown,3rd & 6 at LAC 9,13:48 4th Shotgun,"— A.Martinez scrambles up the middle for 9 yards, TOUCHDOWN. Penalty on LAC-E.Johnson, Defensive Holding, declined."
2026,PRESEASON WEEK 2,Thursday,August 20th,SF,LAC,4th Quarter,1,San Francisco 49ers,1,9,1,Extra Point,,13:42 4th,"— E.Pineiro extra point is GOOD, Center-J.Weeks, Holder-C.Waitman."
2026,PRESEASON WEEK 2,Thursday,August 20th,SF,LAC,4th Quarter,2,Los Angeles Chargers,0,1,0,Fumble,,Kickoff,"— C.Waitman kicks 59 yards from SF 35 to LAC 6. D.Ross to LAC 21 for 15 yards (N.Martin). FUMBLES (N.Martin), RECOVERED by SF-K.Hodge at LAC 20."
2026,PRESEASON WEEK 2,Thursday,August 20th,SF,LAC,4th Quarter,3,San Francisco 49ers,1,1,0,3 Yard Run,1st & 10 at LAC 20,13:35 4th,— Z.White right guard to LAC 17 for 3 yards (M.Purchase).
2026,PRESEASON WEEK 2,Thursday,August 20th,SF,LAC,4th Quarter,3,San Francisco 49ers,1,2,1,Touchdown,2nd & 7 at LAC 17,13:01 4th,"— A.Martinez pass deep right to J.Watkins for 17 yards, TOUCHDOWN."
2026,PRESEASON WEEK 2,Thursday,August 20th,SF,LAC,4th Quarter,3,San Francisco 49ers,1,3,1,Extra Point,,12:54 4th,"— E.Pineiro extra point is GOOD, Center-J.Weeks, Holder-C.Waitman."
2026,PRESEASON WEEK 2,Thursday,August 20th,SF,LAC,4th Quarter,4,Los Angeles Chargers,0,1,0,Kickoff from SF 35,,Kickoff,"— C.Waitman kicks 59 yards from SF 35 to LAC 6. J.Jackson to LAC 29 for 23 yards (J.Stroman). PENALTY on LAC-A.Carter, Offensive Holding, 10 yards, enforced at LAC 25."
2026,PRESEASON WEEK 2,Thursday,August 20th,SF,LAC,4th Quarter,4,Los Angeles Chargers,0,2,0,6 Yard Pass,1st & 10 at LAC 15,12:49 4th Shotgun,— D.Uiagalelei pass short right to D.Campbell to LAC 21 for 6 yards (T.Bethune; E.Prysock).
2026,PRESEASON WEEK 2,Thursday,August 20th,SF,LAC,4th Quarter,4,Los Angeles Chargers,0,3,0,10 Yard Pass,2nd & 4 at LAC 21,12:15 4th Shotgun,— D.Uiagalelei pass short right to D.Campbell to LAC 31 for 10 yards (E.Prysock; P.McMorris).
2026,PRESEASON WEEK 2,Thursday,August 20th,SF,LAC,4th Quarter,4,Los Angeles Chargers,0,4,0,1 Yard Run,1st & 10 at LAC 31,11:37 4th,— J.Patterson left end to LAC 32 for 1 yard (N.Martin; T.Bethune).
2026,PRESEASON WEEK 2,Thursday,August 20th,SF,LAC,4th Quarter,4,Los Angeles Chargers,0,5,0,-1 Yard Run,2nd & 9 at LAC 32,11:00 4th Shotgun,— J.Patterson left end to LAC 31 for -1 yards (T.Bethune).
2026,PRESEASON WEEK 2,Thursday,August 20th,SF,LAC,4th Quarter,4,Los Angeles Chargers,0,6,0,Pass Incomplete,3rd & 10 at LAC 31,10:21 4th Shotgun,— D.Uiagalelei pass incomplete short left to D.Campbell (D.Luter).
2026,PRESEASON WEEK 2,Thursday,August 20th,SF,LAC,4th Quarter,4,Los Angeles Chargers,0,7,0,Punt,4th & 5 at LAC 36,10:16 4th,"— J.Scott punts 47 yards to SF 17, Center-P.Bowden. W.Pauling to SF 21 for 4 yards (N.Avinger)."
2026,PRESEASON WEEK 2,Thursday,August 20th,SF,LAC,4th Quarter,5,San Francisco 49ers,0,1,0,1 Yard Run,1st & 10 at SF 21,10:07 4th,— K.Herbert right guard to SF 22 for 1 yard (J.Carter).
2026,PRESEASON WEEK 2,Thursday,August 20th,SF,LAC,4th Quarter,5,San Francisco 49ers,0,2,0,0 Yard Pass,2nd & 9 at SF 22,09:25 4th Shotgun,— A.Martinez pass short left to K.Herbert to SF 22 for no gain (E.Johnson).
2026,PRESEASON WEEK 2,Thursday,August 20th,SF,LAC,4th Quarter,5,San Francisco 49ers,0,3,0,3 Yard Run,3rd & 9 at SF 22,08:45 4th Shotgun,— A.Martinez scrambles left end to SF 25 for 3 yards (E.Johnson).
2026,PRESEASON WEEK 2,Thursday,August 20th,SF,LAC,4th Quarter,5,San Francisco 49ers,0,4,0,Punt,4th & 6 at SF 25,08:00 4th,"— C.Waitman punts 51 yards to LAC 24, Center-J.Weeks, fair catch by D.Ross."
2026,PRESEASON WEEK 2,Thursday,August 20th,SF,LAC,4th Quarter,6,Los Angeles Chargers,0,1,0,7 Yard Run,1st & 10 at LAC 24,07:53 4th,— J.Patterson right end pushed ob at LAC 31 for 7 yards (J.Stroman).
2026,PRESEASON WEEK 2,Thursday,August 20th,SF,LAC,4th Quarter,6,Los Angeles Chargers,0,2,0,Pass Incomplete,2nd & 3 at LAC 31,07:17 4th,— D.Uiagalelei pass incomplete short right to J.Jackson.
2026,PRESEASON WEEK 2,Thursday,August 20th,SF,LAC,4th Quarter,6,Los Angeles Chargers,0,3,0,-5 Yard Run,3rd & 3 at LAC 31,07:13 4th,— D.Uiagalelei up the middle to LAC 26 for -5 yards (T.Bethune).
2026,PRESEASON WEEK 2,Thursday,August 20th,SF,LAC,4th Quarter,6,Los Angeles Chargers,0,4,0,Punt,4th & 8 at LAC 26,06:33 4th,"— J.Scott punts 53 yards to SF 21, Center-P.Bowden. W.Pauling to SF 29 for 8 yards (E.Johnson)."
2026,PRESEASON WEEK 2,Thursday,August 20th,SF,LAC,4th Quarter,7,San Francisco 49ers,0,1,0,2 Yard Run,1st & 10 at SF 29,06:20 4th,— Z.White right tackle to SF 31 for 2 yards (L.Barton; J.Guillory).
2026,PRESEASON WEEK 2,Thursday,August 20th,SF,LAC,4th Quarter,7,San Francisco 49ers,0,2,0,0 Yard Run,2nd & 8 at SF 31,05:43 4th,— Z.White left guard to SF 31 for no gain (J.Guillory).
2026,PRESEASON WEEK 2,Thursday,August 20th,SF,LAC,4th Quarter,7,San Francisco 49ers,0,3,0,Interception,3rd & 8 at SF 31,05:03 4th Shotgun,— A.Martinez pass deep left intended for W.Pauling INTERCEPTED by D.Grant at LAC 45. D.Grant to LAC 45 for no gain (W.Pauling).
2026,PRESEASON WEEK 2,Thursday,August 20th,SF,LAC,4th Quarter,8,Los Angeles Chargers,1,1,0,8 Yard Run,1st & 10 at LAC 45,04:55 4th,— G.Desrosiers left end ran ob at SF 47 for 8 yards (J.Stroman). SF-N.Martin was injured during the play.
2026,PRESEASON WEEK 2,Thursday,August 20th,SF,LAC,4th Quarter,8,Los Angeles Chargers,1,2,0,3 Yard Run,2nd & 2 at SF 47,04:51 4th,— G.Desrosiers right guard to SF 44 for 3 yards (J.Robinson).
2026,PRESEASON WEEK 2,Thursday,August 20th,SF,LAC,4th Quarter,8,Los Angeles Chargers,1,3,0,3 Yard Run,1st & 10 at SF 44,04:09 4th,— G.Desrosiers right tackle to SF 41 for 3 yards (Q.Bell; T.Bethune).
2026,PRESEASON WEEK 2,Thursday,August 20th,SF,LAC,4th Quarter,8,Los Angeles Chargers,1,4,0,7 Yard Pass,2nd & 7 at SF 41,03:28 4th,— D.Uiagalelei pass short left to J.Pascuzzi to SF 34 for 7 yards (J.Stroman).
2026,PRESEASON WEEK 2,Thursday,August 20th,SF,LAC,4th Quarter,8,Los Angeles Chargers,1,5,0,-1 Yard Sack,1st & 10 at SF 34,02:45 4th Shotgun,— D.Uiagalelei sacked at SF 35 for -1 yards (V.Dimukeje).
2026,PRESEASON WEEK 2,Thursday,August 20th,SF,LAC,4th Quarter,8,Los Angeles Chargers,1,6,0,Pass Incomplete,2nd & 11 at SF 35,02:01 4th Shotgun,— D.Uiagalelei pass incomplete short left to G.Desrosiers (B.Eason).
2026,PRESEASON WEEK 2,Thursday,August 20th,SF,LAC,4th Quarter,8,Los Angeles Chargers,1,7,0,7 Yard Run,3rd & 11 at SF 35,01:57 4th Shotgun,— G.Desrosiers left guard to SF 28 for 7 yards (L.Worth).
2026,PRESEASON WEEK 2,Thursday,August 20th,SF,LAC,4th Quarter,8,Los Angeles Chargers,1,8,1,Touchdown,4th & 4 at SF 28,01:13 4th Shotgun,"— D.Uiagalelei pass deep left to J.Bradley for 28 yards, TOUCHDOWN."
2026,PRESEASON WEEK 2,Thursday,August 20th,SF,LAC,4th Quarter,8,Los Angeles Chargers,1,9,0,2 Point Conversion,,01:03 4th,— TWO-POINT CONVERSION ATTEMPT. D.Uiagalelei pass to E.Svoboda is complete. ATTEMPT SUCCEEDS.
2026,PRESEASON WEEK 2,Thursday,August 20th,SF,LAC,4th Quarter,9,San Francisco 49ers,0,1,0,Kickoff from LAC 35,,Kickoff,— C.Dicker kicks 60 yards from LAC 35 to SF 5. K.Herbert to SF 34 for 29 yards (M.Purchase; D.Grant).
2026,PRESEASON WEEK 2,Thursday,August 20th,SF,LAC,4th Quarter,9,San Francisco 49ers,0,2,0,-1 Yard Run,1st & 10 at SF 34,00:58 4th,— A.Martinez kneels to SF 33 for -1 yards.
2026,PRESEASON WEEK 2,Thursday,August 20th,SF,LAC,4th Quarter,9,San Francisco 49ers,0,3,0,-1 Yard Run,2nd & 11 at SF 33,00:34 4th,— A.Martinez kneels to SF 32 for -1 yards.
2026,PRESEASON WEEK 2,Friday,August 21st,NYJ,PIT,1st Quarter,1,New York Jets,1,1,0,Kickoff from PIT 35,,Kickoff,— L.Marjan kicks 61 yards from PIT 35 to NYJ 4. A.Smith to NYJ 31 for 27 yards (R.Nowakowski; J.Sawyer).
2026,PRESEASON WEEK 2,Friday,August 21st,NYJ,PIT,1st Quarter,1,New York Jets,1,2,0,2 Yard Run,1st & 10 at NYJ 31,14:55 1st Shotgun,— B.Allen left guard to NYJ 33 for 2 yards (D.Slaughter; D.Harmon).
2026,PRESEASON WEEK 2,Friday,August 21st,NYJ,PIT,1st Quarter,1,New York Jets,1,3,0,8 Yard Pass,2nd & 8 at NYJ 33,14:22 1st Shotgun,— G.Smith pass short middle to A.Mitchell to NYJ 41 for 8 yards (J.Dean) [R.Jenkins].
2026,PRESEASON WEEK 2,Friday,August 21st,NYJ,PIT,1st Quarter,1,New York Jets,1,4,0,21 Yard Pass,1st & 10 at NYJ 41,13:43 1st,— G.Smith pass deep left to A.Mitchell ran ob at PIT 38 for 21 yards.
2026,PRESEASON WEEK 2,Friday,August 21st,NYJ,PIT,1st Quarter,1,New York Jets,1,5,0,3 Yard Run,1st & 10 at PIT 38,"13:04 1st No Huddle, Shotgun",— B.Allen left tackle to PIT 35 for 3 yards (D.Elliott).
2026,PRESEASON WEEK 2,Friday,August 21st,NYJ,PIT,1st Quarter,1,New York Jets,1,6,0,-2 Yard Pass,2nd & 7 at PIT 35,12:27 1st Shotgun,— G.Smith pass short middle to D.Parham to PIT 37 for -2 yards (D.Harmon).
2026,PRESEASON WEEK 2,Friday,August 21st,NYJ,PIT,1st Quarter,1,New York Jets,1,7,0,10 Yard Pass,3rd & 9 at PIT 37,11:44 1st Shotgun,— G.Smith pass short right to M.Taylor to PIT 27 for 10 yards (D.Elliott).
2026,PRESEASON WEEK 2,Friday,August 21st,NYJ,PIT,1st Quarter,1,New York Jets,1,8,0,-1 Yard Run,1st & 10 at PIT 27,11:02 1st,— B.Allen up the middle to PIT 28 for -1 yards (P.Queen).
2026,PRESEASON WEEK 2,Friday,August 21st,NYJ,PIT,1st Quarter,1,New York Jets,1,9,0,5 Yard Pass,2nd & 11 at PIT 28,10:21 1st Shotgun,— G.Smith pass short right to B.Allen to PIT 23 for 5 yards (P.Wilson).
2026,PRESEASON WEEK 2,Friday,August 21st,NYJ,PIT,1st Quarter,1,New York Jets,1,10,0,10 Yard Pass,3rd & 6 at PIT 23,09:43 1st Shotgun,— G.Smith pass short right to G.Wilson ran ob at PIT 13 for 10 yards.
2026,PRESEASON WEEK 2,Friday,August 21st,NYJ,PIT,1st Quarter,1,New York Jets,1,11,1,Touchdown,1st & 10 at PIT 13,09:13 1st,"— G.Smith pass short left to J.Woods for 13 yards, TOUCHDOWN."
2026,PRESEASON WEEK 2,Friday,August 21st,NYJ,PIT,1st Quarter,1,New York Jets,1,12,1,Extra Point,,09:04 1st,"— J.Sanders extra point is GOOD, Center-T.Hennessy, Holder-A.McNamara."
2026,PRESEASON WEEK 2,Friday,August 21st,NYJ,PIT,1st Quarter,2,Pittsburgh Steelers,0,1,0,Kickoff from NYJ 35,,Kickoff,— C.York kicks 68 yards from NYJ 35 to PIT -3. K.Wetjen to PIT 19 for 22 yards (D.Belton).
2026,PRESEASON WEEK 2,Friday,August 21st,NYJ,PIT,1st Quarter,2,Pittsburgh Steelers,0,2,0,2 Yard Run,1st & 10 at PIT 19,09:00 1st,— J.Warren right end to PIT 21 for 2 yards (J.Sherwood).
2026,PRESEASON WEEK 2,Friday,August 21st,NYJ,PIT,1st Quarter,2,Pittsburgh Steelers,0,3,0,-1 Yard Run,2nd & 8 at PIT 21,08:27 1st,— J.Warren left guard to PIT 20 for -1 yards (H.Phillips).
2026,PRESEASON WEEK 2,Friday,August 21st,NYJ,PIT,1st Quarter,2,Pittsburgh Steelers,0,4,0,Pass Incomplete,3rd & 9 at PIT 20,07:49 1st Shotgun,— W.Howard pass incomplete deep middle to R.Wilson.
2026,PRESEASON WEEK 2,Friday,August 21st,NYJ,PIT,1st Quarter,2,Pittsburgh Steelers,0,5,0,Punt,4th & 9 at PIT 20,07:45 1st,"— C.Johnston punts 57 yards to NYJ 23, Center-C.Kuntz. J.Bergen to NYJ 26 for 3 yards (N.Herbig). PENALTY on NYJ-A.Smith, Illegal Block Above the Waist, 10 yards, enforced at NYJ 26."
2026,PRESEASON WEEK 2,Friday,August 21st,NYJ,PIT,1st Quarter,3,New York Jets,0,1,0,4 Yard Run,1st & 10 at NYJ 16,07:34 1st Shotgun,— K.Nwangwu up the middle to NYJ 20 for 4 yards (K.Benton).
2026,PRESEASON WEEK 2,Friday,August 21st,NYJ,PIT,1st Quarter,3,New York Jets,0,2,0,-3 Yard Run,2nd & 6 at NYJ 20,07:01 1st,"— K.Nwangwu up the middle to NYJ 17 for -3 yards (R.Jenkins, D.Slaughter)."
2026,PRESEASON WEEK 2,Friday,August 21st,NYJ,PIT,1st Quarter,3,New York Jets,0,3,0,Pass Incomplete,3rd & 9 at NYJ 17,06:18 1st Shotgun,— C.Klubnik pass incomplete short right to I.Williams [N.Herbig].
2026,PRESEASON WEEK 2,Friday,August 21st,NYJ,PIT,1st Quarter,3,New York Jets,0,4,0,Punt,4th & 9 at NYJ 17,06:13 1st,"— A.McNamara punts 43 yards to PIT 40, Center-T.Hennessy. K.Wetjen to PIT 43 for 3 yards (T.Hennessy; D.Belton)."
2026,PRESEASON WEEK 2,Friday,August 21st,NYJ,PIT,1st Quarter,4,Pittsburgh Steelers,0,1,0,14 Yard Pass,1st & 10 at PIT 43,06:01 1st Shotgun,— W.Howard pass short middle to R.Wilson to NYJ 43 for 14 yards (J.Brownlee).
2026,PRESEASON WEEK 2,Friday,August 21st,NYJ,PIT,1st Quarter,4,Pittsburgh Steelers,0,2,0,Pass Incomplete,1st & 10 at NYJ 43,05:29 1st,— W.Howard pass incomplete short left to B.Skowronek.
2026,PRESEASON WEEK 2,Friday,August 21st,NYJ,PIT,1st Quarter,4,Pittsburgh Steelers,0,3,0,1 Yard Run,2nd & 10 at NYJ 43,05:22 1st Shotgun,— R.Dowdle up the middle to NYJ 42 for 1 yard (D.Belton; D.Onyemata).
2026,PRESEASON WEEK 2,Friday,August 21st,NYJ,PIT,1st Quarter,4,Pittsburgh Steelers,0,4,0,-11 Yard Sack,3rd & 9 at NYJ 42,04:45 1st Shotgun,— W.Howard sacked at PIT 47 for -11 yards (D.Bailey).
2026,PRESEASON WEEK 2,Friday,August 21st,NYJ,PIT,1st Quarter,4,Pittsburgh Steelers,0,5,0,Punt,4th & 20 at PIT 47,04:08 1st,"— C.Johnston punts 49 yards to NYJ 4, Center-C.Kuntz, downed by PIT-P.Wilson."
2026,PRESEASON WEEK 2,Friday,August 21st,NYJ,PIT,1st Quarter,5,New York Jets,0,1,0,7 Yard Pass,1st & 10 at NYJ 4,03:57 1st Shotgun,— C.Klubnik pass short left to I.Williams to NYJ 11 for 7 yards (D.Elliott).
2026,PRESEASON WEEK 2,Friday,August 21st,NYJ,PIT,1st Quarter,5,New York Jets,0,2,0,1 Yard Run,2nd & 3 at NYJ 11,03:18 1st,— K.Nwangwu left tackle to NYJ 12 for 1 yard (K.Benton; A.Highsmith).
2026,PRESEASON WEEK 2,Friday,August 21st,NYJ,PIT,1st Quarter,5,New York Jets,0,3,0,16 Yard Run,3rd & 2 at NYJ 12,02:41 1st,— C.Klubnik scrambles right end to NYJ 28 for 16 yards (P.Wilson).
2026,PRESEASON WEEK 2,Friday,August 21st,NYJ,PIT,1st Quarter,5,New York Jets,0,4,0,2 Yard Run,1st & 10 at NYJ 28,01:56 1st Shotgun,— K.Nwangwu right guard to NYJ 30 for 2 yards (J.Sawyer).
2026,PRESEASON WEEK 2,Friday,August 21st,NYJ,PIT,1st Quarter,5,New York Jets,0,5,0,Pass Incomplete,2nd & 8 at NYJ 30,01:14 1st,"— C.Klubnik pass incomplete short right [R.Jenkins]. PENALTY on NYJ-C.Klubnik, Intentional Grounding, 12 yards, enforced at NYJ 30."
2026,PRESEASON WEEK 2,Friday,August 21st,NYJ,PIT,1st Quarter,5,New York Jets,0,6,0,4 Yard Pass,3rd & 20 at NYJ 18,01:06 1st Shotgun,"— C.Klubnik pass short middle to I.Williams to NYJ 29 for 11 yards (D.Elliott; P.Queen). FUMBLES (D.Elliott), recovered by NYJ-X.Newman-Johnson at NYJ 22."
2026,PRESEASON WEEK 2,Friday,August 21st,NYJ,PIT,1st Quarter,5,New York Jets,0,7,0,Punt,4th & 16 at NYJ 22,00:19 1st,"— A.McNamara punts 61 yards to PIT 17, Center-T.Hennessy. K.Wetjen to PIT 30 for 13 yards (J.Ruckert). FUMBLES (J.Ruckert), RECOVERED by NYJ-M.McClain at PIT 31. M.McClain ran ob at PIT 31 for no gain. The penalty was assisted by replay. The Replay Official reviewed the ball was inbounds ruling, and the play was REVERSED. A.McNamara punts 61 yards to PIT 17, Center-T.Hennessy. K.Wetjen to PIT 30 for 13 yards (J.Ruckert). FUMBLES (J.Ruckert), ball out of bounds at PIT 31."
2026,PRESEASON WEEK 2,Friday,August 21st,NYJ,PIT,2nd Quarter,1,Pittsburgh Steelers,0,1,0,6 Yard Run,1st & 10 at PIT 30,00:07 1st,— J.Warren left guard to PIT 36 for 6 yards (D.Davis; D.Onyemata).
2026,PRESEASON WEEK 2,Friday,August 21st,NYJ,PIT,2nd Quarter,1,Pittsburgh Steelers,0,2,0,5 Yard Run,2nd & 4 at PIT 36,15:00 2nd,— J.Warren left guard to PIT 41 for 5 yards (J.Briggs).
2026,PRESEASON WEEK 2,Friday,August 21st,NYJ,PIT,2nd Quarter,1,Pittsburgh Steelers,0,3,0,5 Yard Run,1st & 10 at PIT 41,14:24 2nd Shotgun,— J.Warren left end to PIT 46 for 5 yards (B.Stephens; H.Phillips).
2026,PRESEASON WEEK 2,Friday,August 21st,NYJ,PIT,2nd Quarter,1,Pittsburgh Steelers,0,4,0,5 Yard Pass,2nd & 5 at PIT 46,13:45 2nd Shotgun,— W.Howard pass short left to D.Washington to NYJ 49 for 5 yards (D.Davis).
2026,PRESEASON WEEK 2,Friday,August 21st,NYJ,PIT,2nd Quarter,1,Pittsburgh Steelers,0,5,0,Pass Incomplete,1st & 10 at NYJ 49,13:02 2nd Shotgun,— W.Howard pass incomplete deep left to G.Bernard (B.Stephens).
2026,PRESEASON WEEK 2,Friday,August 21st,NYJ,PIT,2nd Quarter,1,Pittsburgh Steelers,0,6,0,2 Yard Run,2nd & 10 at NYJ 49,12:57 2nd,— R.Dowdle up the middle to NYJ 47 for 2 yards (D.Belton).
2026,PRESEASON WEEK 2,Friday,August 21st,NYJ,PIT,2nd Quarter,1,Pittsburgh Steelers,0,7,0,16 Yard Pass,3rd & 8 at NYJ 47,12:17 2nd Shotgun,— W.Howard pass deep middle to B.Skowronek to NYJ 31 for 16 yards (A.Thomas).
2026,PRESEASON WEEK 2,Friday,August 21st,NYJ,PIT,2nd Quarter,1,Pittsburgh Steelers,0,8,0,6 Yard Run,1st & 10 at NYJ 31,"11:49 2nd No Huddle, Shotgun",— R.Dowdle right end to NYJ 25 for 6 yards (A.Thomas; M.Fitzpatrick).
2026,PRESEASON WEEK 2,Friday,August 21st,NYJ,PIT,2nd Quarter,1,Pittsburgh Steelers,0,9,0,5 Yard Run,2nd & 4 at NYJ 25,11:13 2nd Shotgun,— R.Dowdle right guard to NYJ 20 for 5 yards (K.Enagbare).
2026,PRESEASON WEEK 2,Friday,August 21st,NYJ,PIT,2nd Quarter,1,Pittsburgh Steelers,0,10,0,2 Yard Pass,1st & 10 at NYJ 20,"10:45 2nd No Huddle, Shotgun",— W.Howard pass short middle to R.Dowdle to NYJ 18 for 2 yards (D.Davis).
2026,PRESEASON WEEK 2,Friday,August 21st,NYJ,PIT,2nd Quarter,1,Pittsburgh Steelers,0,11,0,4 Yard Run,2nd & 8 at NYJ 18,10:11 2nd,— R.Dowdle right end to NYJ 14 for 4 yards (J.Briggs).
2026,PRESEASON WEEK 2,Friday,August 21st,NYJ,PIT,2nd Quarter,1,Pittsburgh Steelers,0,12,0,Interception,3rd & 4 at NYJ 14,09:32 2nd Shotgun,— W.Howard pass short right intended for R.Wilson INTERCEPTED by A.Cisco at NYJ 8. A.Cisco to NYJ 31 for 23 yards (W.Howard).
2026,PRESEASON WEEK 2,Friday,August 21st,NYJ,PIT,2nd Quarter,2,New York Jets,0,1,0,8 Yard Pass,1st & 10 at NYJ 31,09:23 2nd Shotgun,— C.Klubnik pass short right to T.Patrick to NYJ 39 for 8 yards (D.Jamison).
2026,PRESEASON WEEK 2,Friday,August 21st,NYJ,PIT,2nd Quarter,2,New York Jets,0,2,0,6 Yard Pass,2nd & 2 at NYJ 39,08:50 2nd Shotgun,— C.Klubnik pass short left to T.Patrick to NYJ 45 for 6 yards (R.Spears-Jennings).
2026,PRESEASON WEEK 2,Friday,August 21st,NYJ,PIT,2nd Quarter,2,New York Jets,0,3,0,4 Yard Run,1st & 10 at NYJ 45,08:18 2nd,— K.Nwangwu right guard to NYJ 49 for 4 yards (C.Bruener; C.Holcomb). NYJ-C.Okorafor was injured during the play.
2026,PRESEASON WEEK 2,Friday,August 21st,NYJ,PIT,2nd Quarter,2,New York Jets,0,4,0,1 Yard Run,2nd & 6 at NYJ 49,07:41 2nd Shotgun,— K.Nwangwu up the middle to 50 for 1 yard (J.Sawyer).
2026,PRESEASON WEEK 2,Friday,August 21st,NYJ,PIT,2nd Quarter,2,New York Jets,0,5,0,Pass Incomplete,3rd & 5 at 50,06:59 2nd Shotgun,— C.Klubnik pass incomplete short right to I.Williams (J.Sawyer).
2026,PRESEASON WEEK 2,Friday,August 21st,NYJ,PIT,2nd Quarter,2,New York Jets,0,6,0,-5 Yard Penalty,4th & 5 at 50,06:56 2nd Shotgun,"— PENALTY on NYJ, Delay of Game, 5 yards, enforced at 50 - No Play."
2026,PRESEASON WEEK 2,Friday,August 21st,NYJ,PIT,2nd Quarter,2,New York Jets,0,7,0,Punt,4th & 10 at NYJ 45,06:56 2nd,"— A.McNamara punts 39 yards to PIT 16, Center-T.Hennessy, downed by NYJ-A.Smith."
2026,PRESEASON WEEK 2,Friday,August 21st,NYJ,PIT,2nd Quarter,3,Pittsburgh Steelers,0,1,0,5 Yard Run,1st & 10 at PIT 16,06:47 2nd,— K.Johnson left tackle to PIT 21 for 5 yards (J.Heflin).
2026,PRESEASON WEEK 2,Friday,August 21st,NYJ,PIT,2nd Quarter,3,Pittsburgh Steelers,0,2,0,10 Yard Pass,2nd & 5 at PIT 21,06:15 2nd,— W.Howard pass short left to R.Nowakowski pushed ob at PIT 31 for 10 yards (W.McDonald).
2026,PRESEASON WEEK 2,Friday,August 21st,NYJ,PIT,2nd Quarter,3,Pittsburgh Steelers,0,3,0,3 Yard Pass,1st & 10 at PIT 31,05:45 2nd,— W.Howard pass short right to B.Skowronek to PIT 34 for 3 yards (T.Brown).
2026,PRESEASON WEEK 2,Friday,August 21st,NYJ,PIT,2nd Quarter,3,Pittsburgh Steelers,0,4,0,12 Yard Pass,2nd & 7 at PIT 34,05:10 2nd Shotgun,— W.Howard pass short left to R.Tonyan to PIT 46 for 12 yards (M.Moore).
2026,PRESEASON WEEK 2,Friday,August 21st,NYJ,PIT,2nd Quarter,3,Pittsburgh Steelers,0,5,0,7 Yard Pass,1st & 10 at PIT 46,04:32 2nd Shotgun,— W.Howard pass short right to B.Skowronek to NYJ 47 for 7 yards (T.Brown). NYJ-T.Brown was injured during the play.
2026,PRESEASON WEEK 2,Friday,August 21st,NYJ,PIT,2nd Quarter,3,Pittsburgh Steelers,0,6,0,2 Yard Pass,2nd & 3 at NYJ 47,04:04 2nd Shotgun,— W.Howard pass short left to R.Wilson to NYJ 45 for 2 yards (J.Clark; J.Sherwood).
2026,PRESEASON WEEK 2,Friday,August 21st,NYJ,PIT,2nd Quarter,3,Pittsburgh Steelers,0,7,0,3 Yard Run,3rd & 1 at NYJ 45,03:28 2nd Shotgun,— L.Nichols up the middle to NYJ 42 for 3 yards (M.McCrary-Ball; J.Heflin).
2026,PRESEASON WEEK 2,Friday,August 21st,NYJ,PIT,2nd Quarter,3,Pittsburgh Steelers,0,8,0,3 Yard Pass,1st & 10 at NYJ 42,02:50 2nd,— W.Howard pass short left to M.Hurleman to NYJ 39 for 3 yards (K.Garber; M.McCrary-Ball).
2026,PRESEASON WEEK 2,Friday,August 21st,NYJ,PIT,2nd Quarter,3,Pittsburgh Steelers,0,9,0,2 Yard Run,2nd & 7 at NYJ 39,02:12 2nd Shotgun,— K.Johnson up the middle to NYJ 37 for 2 yards (A.Cisco; J.Briggs).
2026,PRESEASON WEEK 2,Friday,August 21st,NYJ,PIT,2nd Quarter,3,Pittsburgh Steelers,0,10,0,Interception,3rd & 5 at NYJ 37,02:00 2nd Shotgun,"— W.Howard pass short left intended for R.Wilson INTERCEPTED by S.Womack at NYJ 23. S.Womack pushed ob at NYJ 30 for 7 yards (M.Hurleman). Penalty on PIT-M.Hurleman, Offensive Pass Interference, declined."
2026,PRESEASON WEEK 2,Friday,August 21st,NYJ,PIT,2nd Quarter,4,New York Jets,0,1,0,9 Yard Pass,1st & 10 at NYJ 30,01:54 2nd Shotgun,— C.Klubnik pass short right to O.Cooper to NYJ 39 for 9 yards (D.Jamison; S.Castro). ** Injury Update: NYJ-C.Okorafor has returned to the game.
2026,PRESEASON WEEK 2,Friday,August 21st,NYJ,PIT,2nd Quarter,4,New York Jets,0,2,0,2 Yard Run,2nd & 1 at NYJ 39,"01:31 2nd No Huddle, Shotgun",— K.Nwangwu up the middle to NYJ 41 for 2 yards (D.Boykin).
2026,PRESEASON WEEK 2,Friday,August 21st,NYJ,PIT,2nd Quarter,4,New York Jets,0,3,0,6 Yard Pass,1st & 10 at NYJ 41,"01:16 2nd No Huddle, Shotgun",— C.Klubnik pass short left to I.Williams to NYJ 47 for 6 yards (D.Boykin).
2026,PRESEASON WEEK 2,Friday,August 21st,NYJ,PIT,2nd Quarter,4,New York Jets,0,4,0,-7 Yard Sack,2nd & 4 at NYJ 47,"00:54 2nd No Huddle, Shotgun",— C.Klubnik sacked at NYJ 40 for -7 yards (J.Sawyer).
2026,PRESEASON WEEK 2,Friday,August 21st,NYJ,PIT,2nd Quarter,4,New York Jets,0,5,0,Timeout,,00:49 2nd,— Timeout #1 by NYJ at 00:49.
2026,PRESEASON WEEK 2,Friday,August 21st,NYJ,PIT,2nd Quarter,4,New York Jets,0,6,0,14 Yard Pass,3rd & 11 at NYJ 40,00:49 2nd Shotgun,— C.Klubnik pass short right to M.McClain ran ob at PIT 46 for 14 yards.
2026,PRESEASON WEEK 2,Friday,August 21st,NYJ,PIT,2nd Quarter,4,New York Jets,0,7,0,Pass Incomplete,1st & 10 at PIT 46,"00:45 2nd No Huddle, Shotgun",— C.Klubnik pass incomplete short right to J.Woods (C.Bruener).
2026,PRESEASON WEEK 2,Friday,August 21st,NYJ,PIT,2nd Quarter,4,New York Jets,0,8,0,Timeout,,00:39 2nd,— Timeout #2 by NYJ at 00:39.
2026,PRESEASON WEEK 2,Friday,August 21st,NYJ,PIT,2nd Quarter,4,New York Jets,0,9,0,-6 Yard Sack,2nd & 10 at PIT 46,00:39 2nd Shotgun,— C.Klubnik sacked at NYJ 48 for -6 yards (C.Bruener).
2026,PRESEASON WEEK 2,Friday,August 21st,NYJ,PIT,2nd Quarter,4,New York Jets,0,10,0,11 Yard Pass,3rd & 16 at NYJ 48,"00:16 2nd No Huddle, Shotgun",— C.Klubnik pass short left to M.McClain to PIT 41 for 11 yards (D.Slaughter).
2026,PRESEASON WEEK 2,Friday,August 21st,NYJ,PIT,2nd Quarter,4,New York Jets,0,11,0,Timeout,,00:01 2nd,— Timeout #3 by NYJ at 00:01.
2026,PRESEASON WEEK 2,Friday,August 21st,NYJ,PIT,2nd Quarter,4,New York Jets,0,12,0,Field Goal No Good,4th & 5 at PIT 41,00:01 2nd,"— C.York 59 yard field goal is No Good, Wide Right, Center-T.Hennessy, Holder-A.McNamara."
2026,PRESEASON WEEK 2,Friday,August 21st,NYJ,PIT,3rd Quarter,1,Pittsburgh Steelers,0,1,0,Kickoff from NYJ 35,,Kickoff,"— J.Sanders kicks 65 yards from NYJ 35 to end zone, Touchback to the PIT 35."
2026,PRESEASON WEEK 2,Friday,August 21st,NYJ,PIT,3rd Quarter,1,Pittsburgh Steelers,0,2,0,4 Yard Run,1st & 10 at PIT 35,15:00 3rd Shotgun,— D.Allar scrambles left end ran ob at PIT 39 for 4 yards (M.McCrary-Ball).
2026,PRESEASON WEEK 2,Friday,August 21st,NYJ,PIT,3rd Quarter,1,Pittsburgh Steelers,0,3,0,5 Yard Run,2nd & 6 at PIT 39,14:31 3rd,— K.Johnson right end to PIT 44 for 5 yards (J.Clark).
2026,PRESEASON WEEK 2,Friday,August 21st,NYJ,PIT,3rd Quarter,1,Pittsburgh Steelers,0,4,0,3 Yard Run,3rd & 1 at PIT 44,13:51 3rd Shotgun,— K.Johnson up the middle to PIT 47 for 3 yards (M.McCrary-Ball).
2026,PRESEASON WEEK 2,Friday,August 21st,NYJ,PIT,3rd Quarter,1,Pittsburgh Steelers,0,5,0,-10 Yard Penalty,1st & 10 at PIT 47,13:13 3rd,"— D.Allar scrambles up the middle to NYJ 48 for 5 yards (N.Voorhis). PENALTY on PIT-R.McCollum, Offensive Holding, 10 yards, enforced at PIT 47 - No Play."
2026,PRESEASON WEEK 2,Friday,August 21st,NYJ,PIT,3rd Quarter,1,Pittsburgh Steelers,0,6,0,3 Yard Run,1st & 20 at PIT 37,12:47 3rd Shotgun,— K.Johnson up the middle to PIT 40 for 3 yards (C.Wilson).
2026,PRESEASON WEEK 2,Friday,August 21st,NYJ,PIT,3rd Quarter,1,Pittsburgh Steelers,0,7,0,6 Yard Pass,2nd & 17 at PIT 40,"12:25 3rd No Huddle, Shotgun",— D.Allar pass short left to K.Johnson to PIT 46 for 6 yards (A.Cisco).
2026,PRESEASON WEEK 2,Friday,August 21st,NYJ,PIT,3rd Quarter,1,Pittsburgh Steelers,0,8,0,5 Yard Pass,3rd & 11 at PIT 46,11:46 3rd Shotgun,— D.Allar pass short right to R.Tonyan to NYJ 49 for 5 yards (M.Moore).
2026,PRESEASON WEEK 2,Friday,August 21st,NYJ,PIT,3rd Quarter,1,Pittsburgh Steelers,0,9,0,Pass Incomplete,4th & 6 at NYJ 49,"11:19 3rd No Huddle, Shotgun",— D.Allar pass incomplete short left to L.Wentz.
2026,PRESEASON WEEK 2,Friday,August 21st,NYJ,PIT,3rd Quarter,2,New York Jets,0,1,0,-1 Yard Run,1st & 10 at 50,11:13 3rd,— S.Scott up the middle to NYJ 49 for -1 yards (E.Roberts).
2026,PRESEASON WEEK 2,Friday,August 21st,NYJ,PIT,3rd Quarter,2,New York Jets,0,2,0,8 Yard Pass,2nd & 11 at NYJ 49,10:37 3rd Shotgun,— C.Klubnik pass short right to Q.Skinner to PIT 43 for 8 yards (D.Jamison; Y.Black).
2026,PRESEASON WEEK 2,Friday,August 21st,NYJ,PIT,3rd Quarter,2,New York Jets,0,3,0,0 Yard Run,3rd & 3 at PIT 43,09:56 3rd Shotgun,— S.Scott up the middle to PIT 43 for no gain (C.Holcomb).
2026,PRESEASON WEEK 2,Friday,August 21st,NYJ,PIT,3rd Quarter,2,New York Jets,0,4,0,Turnover on Downs,4th & 3 at PIT 43,09:17 3rd Shotgun,— C.Klubnik pass short right to S.Scott to PIT 41 for 2 yards (E.Roberts).
2026,PRESEASON WEEK 2,Friday,August 21st,NYJ,PIT,3rd Quarter,3,Pittsburgh Steelers,0,1,0,-6 Yard Run,1st & 10 at PIT 41,09:11 3rd,"— K.Johnson left end pushed ob at 50 for 9 yards (J.Monroe). PENALTY on PIT-L.Wentz, Offensive Holding, 10 yards, enforced at PIT 45."
2026,PRESEASON WEEK 2,Friday,August 21st,NYJ,PIT,3rd Quarter,3,Pittsburgh Steelers,0,2,0,8 Yard Pass,1st & 16 at PIT 35,08:49 3rd Shotgun,— D.Allar pass short middle to L.McRee to PIT 43 for 8 yards (J.Keller; C.Wilson).
2026,PRESEASON WEEK 2,Friday,August 21st,NYJ,PIT,3rd Quarter,3,Pittsburgh Steelers,0,3,0,38 Yard Pass,2nd & 8 at PIT 43,08:13 3rd Shotgun,— D.Allar pass deep left to L.McRee pushed ob at NYJ 19 for 38 yards (M.Moore) [B.McGregor].
2026,PRESEASON WEEK 2,Friday,August 21st,NYJ,PIT,3rd Quarter,3,Pittsburgh Steelers,0,4,0,Pass Incomplete,1st & 10 at NYJ 19,"07:45 3rd No Huddle, Shotgun",— D.Allar pass incomplete short left.
2026,PRESEASON WEEK 2,Friday,August 21st,NYJ,PIT,3rd Quarter,3,Pittsburgh Steelers,0,5,0,2 Yard Run,2nd & 10 at NYJ 19,07:40 3rd Shotgun,— E.Heidenreich left guard to NYJ 17 for 2 yards (J.Monroe).
2026,PRESEASON WEEK 2,Friday,August 21st,NYJ,PIT,3rd Quarter,3,Pittsburgh Steelers,0,6,0,-9 Yard Sack,3rd & 8 at NYJ 17,07:02 3rd Shotgun,— D.Allar sacked at NYJ 26 for -9 yards (C.Wilson).
2026,PRESEASON WEEK 2,Friday,August 21st,NYJ,PIT,3rd Quarter,3,Pittsburgh Steelers,0,7,0,Field Goal No Good,4th & 17 at NYJ 26,06:24 3rd,"— L.Marjan 44 yard field goal is No Good, Wide Left, Center-C.Kuntz, Holder-C.Johnston."
2026,PRESEASON WEEK 2,Friday,August 21st,NYJ,PIT,3rd Quarter,4,New York Jets,0,1,0,Pass Incomplete,1st & 10 at NYJ 34,06:19 3rd,— B.Zappe pass incomplete short middle to S.Scott (R.Spears-Jennings).
2026,PRESEASON WEEK 2,Friday,August 21st,NYJ,PIT,3rd Quarter,4,New York Jets,0,2,0,-10 Yard Penalty,2nd & 10 at NYJ 34,06:12 3rd,"— S.Scott left end to NYJ 41 for 7 yards (G.Rubio). PENALTY on NYJ-C.Camper, Offensive Holding, 10 yards, enforced at NYJ 34 - No Play."
2026,PRESEASON WEEK 2,Friday,August 21st,NYJ,PIT,3rd Quarter,4,New York Jets,0,3,0,5 Yard Pass,2nd & 20 at NYJ 24,05:48 3rd Shotgun,— B.Zappe pass short left to Q.Skinner to NYJ 29 for 5 yards (D.Porter).
2026,PRESEASON WEEK 2,Friday,August 21st,NYJ,PIT,3rd Quarter,4,New York Jets,0,4,0,7 Yard Pass,3rd & 15 at NYJ 29,05:05 3rd Shotgun,— B.Zappe pass short right to C.Curtis to NYJ 36 for 7 yards (E.Roberts).
2026,PRESEASON WEEK 2,Friday,August 21st,NYJ,PIT,3rd Quarter,4,New York Jets,0,5,0,Punt,4th & 8 at NYJ 36,04:28 3rd,"— A.McNamara punts 42 yards to PIT 22, Center-T.Hennessy. K.Wetjen to PIT 35 for 13 yards (T.Hennessy)."
2026,PRESEASON WEEK 2,Friday,August 21st,NYJ,PIT,3rd Quarter,5,Pittsburgh Steelers,0,1,0,3 Yard Run,1st & 10 at PIT 35,04:13 3rd,— K.Johnson up the middle to PIT 38 for 3 yards (M.Smith).
2026,PRESEASON WEEK 2,Friday,August 21st,NYJ,PIT,3rd Quarter,5,Pittsburgh Steelers,0,2,0,-10 Yard Sack,2nd & 7 at PIT 38,03:38 3rd Shotgun,— D.Allar sacked at PIT 28 for -10 yards (N.Lynn).
2026,PRESEASON WEEK 2,Friday,August 21st,NYJ,PIT,3rd Quarter,5,Pittsburgh Steelers,0,3,0,Pass Incomplete,3rd & 17 at PIT 28,02:53 3rd Shotgun,"— D.Allar pass incomplete deep right to M.Hurleman. Penalty on PIT-B.Hoffman, Offensive Holding, declined."
2026,PRESEASON WEEK 2,Friday,August 21st,NYJ,PIT,3rd Quarter,5,Pittsburgh Steelers,0,4,0,Punt,4th & 17 at PIT 28,02:45 3rd,"— C.Johnston punts 47 yards to NYJ 25, Center-C.Kuntz. J.Bergen to NYJ 35 for 10 yards (Ja.Davis)."
2026,PRESEASON WEEK 2,Friday,August 21st,NYJ,PIT,3rd Quarter,6,New York Jets,0,1,0,4 Yard Run,1st & 10 at NYJ 35,02:34 3rd Shotgun,— C.Trayanum left guard to NYJ 39 for 4 yards (E.Roberts).
2026,PRESEASON WEEK 2,Friday,August 21st,NYJ,PIT,3rd Quarter,6,New York Jets,0,2,0,3 Yard Pass,2nd & 6 at NYJ 39,01:57 3rd Shotgun,— B.Zappe pass short left to Q.Skinner to NYJ 42 for 3 yards (D.Porter).
2026,PRESEASON WEEK 2,Friday,August 21st,NYJ,PIT,3rd Quarter,6,New York Jets,0,3,0,2 Yard Run,3rd & 3 at NYJ 42,01:18 3rd Shotgun,— C.Trayanum right guard to NYJ 44 for 2 yards (E.Roberts; K.Baugh).
2026,PRESEASON WEEK 2,Friday,August 21st,NYJ,PIT,3rd Quarter,6,New York Jets,0,4,0,Punt,4th & 1 at NYJ 44,00:36 3rd,"— A.McNamara punts 46 yards to PIT 10, Center-T.Hennessy. K.Wetjen pushed ob at PIT 24 for 14 yards (D.Clark). PENALTY on PIT-T.Lynum, Offensive Holding, 5 yards, enforced at PIT 10."
2026,PRESEASON WEEK 2,Friday,August 21st,NYJ,PIT,4th Quarter,1,Pittsburgh Steelers,0,1,0,4 Yard Run,1st & 10 at PIT 5,00:25 3rd,— K.Johnson right guard to PIT 9 for 4 yards (N.Lynn; J.Keller). ** Injury Update: NYJ-T.Brown has returned to the game.
2026,PRESEASON WEEK 2,Friday,August 21st,NYJ,PIT,4th Quarter,1,Pittsburgh Steelers,0,2,0,5 Yard Run,2nd & 6 at PIT 9,15:00 4th,— K.Johnson right guard to PIT 14 for 5 yards (M.Smith; J.Keller).
2026,PRESEASON WEEK 2,Friday,August 21st,NYJ,PIT,4th Quarter,1,Pittsburgh Steelers,0,3,0,5 Yard Run,3rd & 1 at PIT 14,14:24 4th,— K.Johnson right tackle to PIT 19 for 5 yards (T.Brown; C.Wilson).
2026,PRESEASON WEEK 2,Friday,August 21st,NYJ,PIT,4th Quarter,1,Pittsburgh Steelers,0,4,0,9 Yard Pass,1st & 10 at PIT 19,13:49 4th Shotgun,— D.Allar pass short middle to K.Johnson to PIT 28 for 9 yards (J.Clark; C.Wilson).
2026,PRESEASON WEEK 2,Friday,August 21st,NYJ,PIT,4th Quarter,1,Pittsburgh Steelers,0,5,0,5 Yard Run,2nd & 1 at PIT 28,13:11 4th,— L.Nichols right tackle to PIT 33 for 5 yards (J.Keller).
2026,PRESEASON WEEK 2,Friday,August 21st,NYJ,PIT,4th Quarter,1,Pittsburgh Steelers,0,6,0,-5 Yard Penalty,1st & 10 at PIT 33,12:34 4th,"— PENALTY on PIT-D.Nester, False Start, 5 yards, enforced at PIT 33 - No Play."
2026,PRESEASON WEEK 2,Friday,August 21st,NYJ,PIT,4th Quarter,1,Pittsburgh Steelers,0,7,0,3 Yard Run,1st & 15 at PIT 28,12:34 4th Shotgun,— L.Nichols left guard to PIT 31 for 3 yards (D.Clark; T.Brown).
2026,PRESEASON WEEK 2,Friday,August 21st,NYJ,PIT,4th Quarter,1,Pittsburgh Steelers,0,8,0,2 Yard Pass,2nd & 12 at PIT 31,11:56 4th Shotgun,— D.Allar pass short middle to L.Nichols to PIT 33 for 2 yards (T.Brown).
2026,PRESEASON WEEK 2,Friday,August 21st,NYJ,PIT,4th Quarter,1,Pittsburgh Steelers,0,9,0,Pass Incomplete,3rd & 10 at PIT 33,11:15 4th Shotgun,— D.Allar pass incomplete short right to Jo.Davis (T.Brown).
2026,PRESEASON WEEK 2,Friday,August 21st,NYJ,PIT,4th Quarter,1,Pittsburgh Steelers,0,10,0,Punt,4th & 10 at PIT 33,11:10 4th,"— C.Johnston punts 45 yards to NYJ 22, Center-C.Kuntz. J.Bergen to NYJ 26 for 4 yards (J.Henderson)."
2026,PRESEASON WEEK 2,Friday,August 21st,NYJ,PIT,4th Quarter,2,New York Jets,1,1,0,5 Yard Pass,1st & 10 at NYJ 26,10:58 4th Shotgun,— B.Zappe pass short right to A.Beck to NYJ 31 for 5 yards (J.Henderson; J.Welschof).
2026,PRESEASON WEEK 2,Friday,August 21st,NYJ,PIT,4th Quarter,2,New York Jets,1,2,0,-3 Yard Run,2nd & 5 at NYJ 31,10:16 4th,— B.Zappe right guard to NYJ 28 for -3 yards (J.Windmon).
2026,PRESEASON WEEK 2,Friday,August 21st,NYJ,PIT,4th Quarter,2,New York Jets,1,3,0,44 Yard Pass,3rd & 8 at NYJ 28,09:35 4th Shotgun,— B.Zappe pass short left to J.Bergen to PIT 28 for 44 yards (T.Lynum).
2026,PRESEASON WEEK 2,Friday,August 21st,NYJ,PIT,4th Quarter,2,New York Jets,1,4,0,3 Yard Run,1st & 10 at PIT 28,08:43 4th,— C.Trayanum up the middle to PIT 25 for 3 yards (J.Windmon; Ja.Davis).
2026,PRESEASON WEEK 2,Friday,August 21st,NYJ,PIT,4th Quarter,2,New York Jets,1,5,0,4 Yard Pass,2nd & 7 at PIT 25,07:59 4th Shotgun,— B.Zappe pass short left to C.Hulstein to PIT 21 for 4 yards (T.Lynum; J.Windmon).
2026,PRESEASON WEEK 2,Friday,August 21st,NYJ,PIT,4th Quarter,2,New York Jets,1,6,0,Pass Incomplete,3rd & 3 at PIT 21,07:15 4th Shotgun,— B.Zappe pass incomplete short left to C.Trayanum (Ja.Davis) [J.Welschof].
2026,PRESEASON WEEK 2,Friday,August 21st,NYJ,PIT,4th Quarter,2,New York Jets,1,7,1,Field Goal,4th & 3 at PIT 21,07:11 4th,"— J.Sanders 39 yard field goal is GOOD, Center-T.Hennessy, Holder-A.McNamara."
2026,PRESEASON WEEK 2,Friday,August 21st,NYJ,PIT,4th Quarter,3,Pittsburgh Steelers,0,1,0,Kickoff from NYJ 35,,Kickoff,— C.York kicks 62 yards from NYJ 35 to PIT 3. M.Hurleman to PIT 31 for 28 yards (N.Lynn; S.Womack).
2026,PRESEASON WEEK 2,Friday,August 21st,NYJ,PIT,4th Quarter,3,Pittsburgh Steelers,0,2,0,-10 Yard Sack,1st & 10 at PIT 31,07:00 4th Shotgun,— D.Allar sacked at PIT 21 for -10 yards (N.Lynn).
2026,PRESEASON WEEK 2,Friday,August 21st,NYJ,PIT,4th Quarter,3,Pittsburgh Steelers,0,3,0,7 Yard Run,2nd & 20 at PIT 21,06:18 4th Shotgun,— E.Heidenreich left tackle to PIT 28 for 7 yards (C.Wilson; J.Monroe).
2026,PRESEASON WEEK 2,Friday,August 21st,NYJ,PIT,4th Quarter,3,Pittsburgh Steelers,0,4,0,Pass Incomplete,3rd & 13 at PIT 28,05:40 4th Shotgun,— D.Allar pass incomplete short middle to J.Keeney-James (T.Brown).
2026,PRESEASON WEEK 2,Friday,August 21st,NYJ,PIT,4th Quarter,3,Pittsburgh Steelers,0,5,0,Punt,4th & 13 at PIT 28,05:35 4th,"— C.Johnston punts 51 yards to NYJ 21, Center-C.Kuntz. J.Bergen to NYJ 28 for 7 yards (M.Harrison)."
2026,PRESEASON WEEK 2,Friday,August 21st,NYJ,PIT,4th Quarter,4,New York Jets,0,1,0,6 Yard Run,1st & 10 at NYJ 28,05:22 4th,— S.Scott up the middle to NYJ 34 for 6 yards (Ja.Davis; J.Windmon).
2026,PRESEASON WEEK 2,Friday,August 21st,NYJ,PIT,4th Quarter,4,New York Jets,0,2,0,2 Yard Run,2nd & 4 at NYJ 34,04:43 4th,— S.Scott up the middle to NYJ 36 for 2 yards (K.Jobity; J.Welschof).
2026,PRESEASON WEEK 2,Friday,August 21st,NYJ,PIT,4th Quarter,4,New York Jets,0,3,0,Pass Incomplete,3rd & 2 at NYJ 36,04:02 4th,— B.Cook pass incomplete short right to A.Beck (J.Henderson).
2026,PRESEASON WEEK 2,Friday,August 21st,NYJ,PIT,4th Quarter,4,New York Jets,0,4,0,Punt,4th & 2 at NYJ 36,03:58 4th,"— A.McNamara punts 56 yards to PIT 8, Center-T.Hennessy. M.Hurleman pushed ob at PIT 22 for 14 yards (C.Camper)."
2026,PRESEASON WEEK 2,Friday,August 21st,NYJ,PIT,4th Quarter,5,Pittsburgh Steelers,0,1,0,Pass Incomplete,1st & 10 at PIT 22,03:48 4th Shotgun,— D.Allar pass incomplete short right to C.Powell.
2026,PRESEASON WEEK 2,Friday,August 21st,NYJ,PIT,4th Quarter,5,Pittsburgh Steelers,0,2,0,Pass Incomplete,2nd & 10 at PIT 22,03:43 4th Shotgun,— D.Allar pass incomplete short middle to L.McRee.
2026,PRESEASON WEEK 2,Friday,August 21st,NYJ,PIT,4th Quarter,5,Pittsburgh Steelers,0,3,0,Pass Incomplete,3rd & 10 at PIT 22,03:39 4th Shotgun,— D.Allar pass incomplete short right to J.Keeney-James (J.Clark).
2026,PRESEASON WEEK 2,Friday,August 21st,NYJ,PIT,4th Quarter,5,Pittsburgh Steelers,0,4,0,Punt,4th & 10 at PIT 22,03:35 4th,"— C.Johnston punts 54 yards to NYJ 24, Center-C.Kuntz. J.Bergen to PIT 49 for 27 yards (M.Harrison)."
2026,PRESEASON WEEK 2,Friday,August 21st,NYJ,PIT,4th Quarter,6,New York Jets,1,1,0,3 Yard Run,1st & 10 at PIT 49,03:21 4th,— C.Trayanum left end to PIT 46 for 3 yards (D.Jamison).
2026,PRESEASON WEEK 2,Friday,August 21st,NYJ,PIT,4th Quarter,6,New York Jets,1,2,0,Timeout,,03:15 4th,— Timeout #1 by PIT at 03:15.
2026,PRESEASON WEEK 2,Friday,August 21st,NYJ,PIT,4th Quarter,6,New York Jets,1,3,0,8 Yard Run,2nd & 7 at PIT 46,03:15 4th,— C.Trayanum right guard to PIT 38 for 8 yards (D.Boykin; J.Henderson).
2026,PRESEASON WEEK 2,Friday,August 21st,NYJ,PIT,4th Quarter,6,New York Jets,1,4,0,Timeout,,03:09 4th,— Timeout #2 by PIT at 03:09.
2026,PRESEASON WEEK 2,Friday,August 21st,NYJ,PIT,4th Quarter,6,New York Jets,1,5,0,0 Yard Run,1st & 10 at PIT 38,03:09 4th,— C.Trayanum right guard to PIT 38 for no gain (A.Goodlow).
2026,PRESEASON WEEK 2,Friday,August 21st,NYJ,PIT,4th Quarter,6,New York Jets,1,6,0,Timeout,,03:05 4th,— Timeout #3 by PIT at 03:05.
2026,PRESEASON WEEK 2,Friday,August 21st,NYJ,PIT,4th Quarter,6,New York Jets,1,7,0,3 Yard Run,2nd & 10 at PIT 38,03:05 4th,— S.Scott up the middle to PIT 35 for 3 yards (A.Goodlow; J.Windmon).
2026,PRESEASON WEEK 2,Friday,August 21st,NYJ,PIT,4th Quarter,6,New York Jets,1,8,0,4 Yard Run,3rd & 7 at PIT 35,02:25 4th Shotgun,— S.Scott up the middle to PIT 31 for 4 yards (G.Rubio; K.Baugh).
2026,PRESEASON WEEK 2,Friday,August 21st,NYJ,PIT,4th Quarter,6,New York Jets,1,9,1,Touchdown,4th & 3 at PIT 31,02:00 4th Shotgun,"— B.Cook pass deep left to Q.Skinner for 31 yards, TOUCHDOWN."
2026,PRESEASON WEEK 2,Friday,August 21st,NYJ,PIT,4th Quarter,6,New York Jets,1,10,1,Extra Point,,01:53 4th,"— C.York extra point is GOOD, Center-T.Hennessy, Holder-A.McNamara."
2026,PRESEASON WEEK 2,Friday,August 21st,NYJ,PIT,4th Quarter,7,Pittsburgh Steelers,0,1,0,Kickoff from NYJ 35,,Kickoff,— J.Sanders kicks 64 yards from NYJ 35 to PIT 1. M.Hurleman to PIT 31 for 30 yards (J.Keller).
2026,PRESEASON WEEK 2,Friday,August 21st,NYJ,PIT,4th Quarter,7,Pittsburgh Steelers,0,2,0,4 Yard Pass,1st & 10 at PIT 31,01:46 4th Shotgun,— D.Allar pass short right to J.Bell to PIT 35 for 4 yards (J.Clark).
2026,PRESEASON WEEK 2,Friday,August 21st,NYJ,PIT,4th Quarter,7,Pittsburgh Steelers,0,3,0,15 Yard Pass,2nd & 6 at PIT 35,"01:22 4th No Huddle, Shotgun",— D.Allar pass short middle to I.Winstead to 50 for 15 yards (K.Garber).
2026,PRESEASON WEEK 2,Friday,August 21st,NYJ,PIT,4th Quarter,7,Pittsburgh Steelers,0,4,0,1 Yard Pass,1st & 10 at 50,"01:03 4th No Huddle, Shotgun",— D.Allar pass short middle to J.Bell to NYJ 49 for 1 yard (J.Clark).
2026,PRESEASON WEEK 2,Friday,August 21st,NYJ,PIT,4th Quarter,7,Pittsburgh Steelers,0,5,0,5 Yard Pass,2nd & 9 at NYJ 49,"00:44 4th No Huddle, Shotgun",— D.Allar pass short left to J.Keeney-James to NYJ 44 for 5 yards (J.Clark).
2026,PRESEASON WEEK 2,Friday,August 21st,NYJ,PIT,4th Quarter,7,Pittsburgh Steelers,0,6,0,17 Yard Pass,3rd & 4 at NYJ 44,"00:25 4th No Huddle, Shotgun",— D.Allar pass deep left to I.Winstead to NYJ 27 for 17 yards (K.Garber).
2026,PRESEASON WEEK 2,Friday,August 21st,NYJ,PIT,4th Quarter,7,Pittsburgh Steelers,0,7,0,Pass Incomplete,1st & 10 at NYJ 27,"00:19 4th No Huddle, Shotgun","— D.Allar pass incomplete deep middle to J.Bell (D.Clark, C.Wilson)."
2026,PRESEASON WEEK 2,Friday,August 21st,NYJ,PIT,4th Quarter,7,Pittsburgh Steelers,0,8,0,Pass Incomplete,2nd & 10 at NYJ 27,00:14 4th Shotgun,— D.Allar pass incomplete deep middle to L.Mason (J.Keller).
2026,PRESEASON WEEK 2,Friday,August 21st,NYJ,PIT,4th Quarter,7,Pittsburgh Steelers,0,9,0,Pass Incomplete,3rd & 10 at NYJ 27,00:09 4th Shotgun,— D.Allar pass incomplete deep right to C.Powell.
2026,PRESEASON WEEK 2,Friday,August 21st,NYJ,PIT,4th Quarter,7,Pittsburgh Steelers,0,10,0,Pass Incomplete,4th & 10 at NYJ 27,00:04 4th Shotgun,— D.Allar pass incomplete deep middle.
2026,PRESEASON WEEK 2,Friday,August 21st,CAR,JAX,1st Quarter,1,Carolina Panthers,0,1,0,Kickoff from JAX 35,,Kickoff,— C.Little kicks 66 yards from JAX 35 to CAR -1. T.Etienne to CAR 33 for 34 yards (Q.Morris).
2026,PRESEASON WEEK 2,Friday,August 21st,CAR,JAX,1st Quarter,1,Carolina Panthers,0,2,0,5 Yard Pass,1st & 10 at CAR 33,14:55 1st,— B.Young pass short right to T.Tremble to CAR 38 for 5 yards (C.Braswell; B.Combs).
2026,PRESEASON WEEK 2,Friday,August 21st,CAR,JAX,1st Quarter,1,Carolina Panthers,0,3,0,12 Yard Penalty,2nd & 5 at CAR 38,"14:24 1st No Huddle, Shotgun","— B.Young pass incomplete short right to T.McMillan. PENALTY on JAX-B.Combs, Defensive Pass Interference, 12 yards, enforced at CAR 38 - No Play."
2026,PRESEASON WEEK 2,Friday,August 21st,CAR,JAX,1st Quarter,1,Carolina Panthers,0,4,0,1 Yard Run,1st & 10 at 50,14:19 1st Shotgun,— J.Brooks left end to JAX 49 for 1 yard (Y.Abdullah; V.Miller).
2026,PRESEASON WEEK 2,Friday,August 21st,CAR,JAX,1st Quarter,1,Carolina Panthers,0,5,0,3 Yard Run,2nd & 9 at JAX 49,13:38 1st Shotgun,— J.Brooks up the middle to JAX 46 for 3 yards (V.Miller; R.Orhorhoro).
2026,PRESEASON WEEK 2,Friday,August 21st,CAR,JAX,1st Quarter,1,Carolina Panthers,0,6,0,Pass Incomplete,3rd & 6 at JAX 46,"13:15 1st No Huddle, Shotgun",— B.Young pass incomplete short middle to B.Tremayne.
2026,PRESEASON WEEK 2,Friday,August 21st,CAR,JAX,1st Quarter,1,Carolina Panthers,0,7,0,Punt,4th & 6 at JAX 46,13:09 1st,"— S.Martin punts 41 yards to JAX 5, Center-J.Jansen, downed by CAR-R.Rochell."
2026,PRESEASON WEEK 2,Friday,August 21st,CAR,JAX,1st Quarter,2,Jacksonville Jaguars,0,1,0,6 Yard Pass,1st & 10 at JAX 5,13:00 1st Shotgun,— N.Mullens pass short right to C.Williams to JAX 11 for 6 yards (M.Jackson).
2026,PRESEASON WEEK 2,Friday,August 21st,CAR,JAX,1st Quarter,2,Jacksonville Jaguars,0,2,0,2 Yard Run,2nd & 4 at JAX 11,12:28 1st,— C.Williams right end to JAX 13 for 2 yards (C.Cherelus).
2026,PRESEASON WEEK 2,Friday,August 21st,CAR,JAX,1st Quarter,2,Jacksonville Jaguars,0,3,0,0 Yard Run,3rd & 2 at JAX 13,11:51 1st,— A.Abdullah up the middle to JAX 13 for no gain (M.Jackson; T.Moehrig).
2026,PRESEASON WEEK 2,Friday,August 21st,CAR,JAX,1st Quarter,2,Jacksonville Jaguars,0,4,0,Punt,4th & 2 at JAX 13,11:16 1st,"— L.Cooke punts 60 yards to CAR 27, Center-R.Matiscik. T.Etienne to CAR 42 for 15 yards (J.Huskey)."
2026,PRESEASON WEEK 2,Friday,August 21st,CAR,JAX,1st Quarter,3,Carolina Panthers,1,1,0,11 Yard Run,1st & 10 at CAR 42,11:03 1st Shotgun,— J.Brooks right end to JAX 47 for 11 yards (R.Orhorhoro; C.Ransaw).
2026,PRESEASON WEEK 2,Friday,August 21st,CAR,JAX,1st Quarter,3,Carolina Panthers,1,2,0,15 Yard Pass,1st & 10 at JAX 47,10:27 1st,— B.Young pass short left to T.Tremble ran ob at JAX 32 for 15 yards.
2026,PRESEASON WEEK 2,Friday,August 21st,CAR,JAX,1st Quarter,3,Carolina Panthers,1,3,0,4 Yard Pass,1st & 10 at JAX 32,09:54 1st Shotgun,— B.Young pass short left to J.Coker pushed ob at JAX 28 for 4 yards (D.Striggow).
2026,PRESEASON WEEK 2,Friday,August 21st,CAR,JAX,1st Quarter,3,Carolina Panthers,1,4,0,2 Yard Run,2nd & 6 at JAX 28,09:25 1st Shotgun,— J.Brooks up the middle to JAX 26 for 2 yards (K.Rose).
2026,PRESEASON WEEK 2,Friday,August 21st,CAR,JAX,1st Quarter,3,Carolina Panthers,1,5,0,17 Yard Pass,3rd & 4 at JAX 26,08:48 1st Shotgun,— B.Young pass short middle to T.McMillan to JAX 9 for 17 yards (R.Lane). JAX-J.Muhammad was injured during the play.
2026,PRESEASON WEEK 2,Friday,August 21st,CAR,JAX,1st Quarter,3,Carolina Panthers,1,6,0,8 Yard Pass,1st & 9 at JAX 9,08:20 1st Shotgun,— B.Young pass short right to T.McMillan to JAX 1 for 8 yards (V.Miller; C.Ransaw).
2026,PRESEASON WEEK 2,Friday,August 21st,CAR,JAX,1st Quarter,3,Carolina Panthers,1,7,0,Penalty,2nd & 1 at JAX 1,07:41 1st,"— B.Christensen reported in as eligible. B.Young pass incomplete short right to J.Brooks. PENALTY on JAX-Y.Abdullah, Defensive Holding, 0 yards, enforced at JAX 1 - No Play."
2026,PRESEASON WEEK 2,Friday,August 21st,CAR,JAX,1st Quarter,3,Carolina Panthers,1,8,1,Touchdown,1st & 1 at JAX 1,07:36 1st,"— J.Brooks left tackle for 1 yard, TOUCHDOWN."
2026,PRESEASON WEEK 2,Friday,August 21st,CAR,JAX,1st Quarter,3,Carolina Panthers,1,9,1,Extra Point,,07:34 1st,"— R.Fitzgerald extra point is GOOD, Center-J.Jansen, Holder-S.Martin."
2026,PRESEASON WEEK 2,Friday,August 21st,CAR,JAX,1st Quarter,4,Jacksonville Jaguars,1,1,0,Kickoff from CAR 35,,Kickoff,"— R.Fitzgerald kicks 63 yards from CAR 35 to JAX 2. J.Cameron to JAX 25 for 23 yards (B.Martin-Scott; T.Gipson). PENALTY on JAX-J.Tavai, Illegal Block Above the Waist, 10 yards, enforced at JAX 23."
2026,PRESEASON WEEK 2,Friday,August 21st,CAR,JAX,1st Quarter,4,Jacksonville Jaguars,1,2,0,-5 Yard Penalty,1st & 10 at JAX 13,07:28 1st,"— N.Mullens pass short left to A.Abdullah to JAX 25 for 12 yards (C.Thornton). PENALTY on JAX-J.Carvin, Ineligible Downfield Pass, 5 yards, enforced at JAX 13 - No Play."
2026,PRESEASON WEEK 2,Friday,August 21st,CAR,JAX,1st Quarter,4,Jacksonville Jaguars,1,3,0,8 Yard Pass,1st & 15 at JAX 8,07:10 1st Shotgun,— N.Mullens pass short left to C.Williams to JAX 16 for 8 yards (M.Jackson).
2026,PRESEASON WEEK 2,Friday,August 21st,CAR,JAX,1st Quarter,4,Jacksonville Jaguars,1,4,0,22 Yard Pass,2nd & 7 at JAX 16,06:38 1st Shotgun,— N.Mullens pass deep left to J.Cameron to JAX 38 for 22 yards (M.Jackson; T.Moehrig).
2026,PRESEASON WEEK 2,Friday,August 21st,CAR,JAX,1st Quarter,4,Jacksonville Jaguars,1,5,0,6 Yard Run,1st & 10 at JAX 38,06:00 1st,— A.Abdullah up the middle to JAX 44 for 6 yards (P.Umanmielen).
2026,PRESEASON WEEK 2,Friday,August 21st,CAR,JAX,1st Quarter,4,Jacksonville Jaguars,1,6,0,5 Yard Pass,2nd & 4 at JAX 44,05:22 1st,— N.Mullens pass short right to C.Williams to JAX 49 for 5 yards (C.Smith-Wade).
2026,PRESEASON WEEK 2,Friday,August 21st,CAR,JAX,1st Quarter,4,Jacksonville Jaguars,1,7,0,19 Yard Pass,1st & 10 at JAX 49,04:44 1st,— N.Mullens pass short middle to J.Cameron to CAR 32 for 19 yards (T.Moehrig).
2026,PRESEASON WEEK 2,Friday,August 21st,CAR,JAX,1st Quarter,4,Jacksonville Jaguars,1,8,0,5 Yard Pass,1st & 10 at CAR 32,03:58 1st Shotgun,— N.Mullens pass short left to A.Trammell pushed ob at CAR 27 for 5 yards (T.Moehrig).
2026,PRESEASON WEEK 2,Friday,August 21st,CAR,JAX,1st Quarter,4,Jacksonville Jaguars,1,9,0,4 Yard Run,2nd & 5 at CAR 27,03:28 1st Shotgun,— A.Abdullah up the middle to CAR 23 for 4 yards (T.Wallace).
2026,PRESEASON WEEK 2,Friday,August 21st,CAR,JAX,1st Quarter,4,Jacksonville Jaguars,1,10,0,3 Yard Run,3rd & 1 at CAR 23,02:49 1st Shotgun,— N.Mullens left end to CAR 20 for 3 yards (M.Jackson).
2026,PRESEASON WEEK 2,Friday,August 21st,CAR,JAX,1st Quarter,4,Jacksonville Jaguars,1,11,0,13 Yard Run,1st & 10 at CAR 20,02:11 1st,— A.Abdullah up the middle to CAR 7 for 13 yards (C.Thornton).
2026,PRESEASON WEEK 2,Friday,August 21st,CAR,JAX,1st Quarter,4,Jacksonville Jaguars,1,12,0,-1 Yard Run,1st & 7 at CAR 7,01:31 1st,"— A.Abdullah up the middle to CAR 8 for -1 yards (L.Hunter, P.Umanmielen). Penalty on JAX-H.Long, Offensive Offside, declined."
2026,PRESEASON WEEK 2,Friday,August 21st,CAR,JAX,1st Quarter,4,Jacksonville Jaguars,1,13,0,Pass Incomplete,2nd & 8 at CAR 8,01:16 1st Shotgun,— N.Mullens pass incomplete short middle to A.Abdullah [P.Umanmielen].
2026,PRESEASON WEEK 2,Friday,August 21st,CAR,JAX,1st Quarter,4,Jacksonville Jaguars,1,14,0,-8 Yard Sack,3rd & 8 at CAR 8,01:11 1st Shotgun,— N.Mullens sacked at CAR 16 for -8 yards (P.Jones).
2026,PRESEASON WEEK 2,Friday,August 21st,CAR,JAX,1st Quarter,4,Jacksonville Jaguars,1,15,1,Field Goal,4th & 16 at CAR 16,00:31 1st,"— C.Little 34 yard field goal is GOOD, Center-R.Matiscik, Holder-L.Cooke."
2026,PRESEASON WEEK 2,Friday,August 21st,CAR,JAX,2nd Quarter,1,Carolina Panthers,0,1,0,Kickoff from JAX 35,,Kickoff,— C.Little kicks 61 yards from JAX 35 to CAR 4. Ji.Horn to CAR 33 for 29 yards (Y.Abdullah). ** Injury Update: JAX-J.Muhammad has returned to the game.
2026,PRESEASON WEEK 2,Friday,August 21st,CAR,JAX,2nd Quarter,1,Carolina Panthers,0,2,0,3 Yard Run,1st & 10 at CAR 33,00:18 1st,— T.Etienne up the middle to CAR 36 for 3 yards (Y.Abdullah).
2026,PRESEASON WEEK 2,Friday,August 21st,CAR,JAX,2nd Quarter,1,Carolina Panthers,0,3,0,Pass Incomplete,2nd & 7 at CAR 36,15:00 2nd Shotgun,— K.Pickett pass incomplete short right to T.Etienne.
2026,PRESEASON WEEK 2,Friday,August 21st,CAR,JAX,2nd Quarter,1,Carolina Panthers,0,4,0,Pass Incomplete,3rd & 7 at CAR 36,14:54 2nd Shotgun,— K.Pickett pass incomplete short right to B.Tremayne.
2026,PRESEASON WEEK 2,Friday,August 21st,CAR,JAX,2nd Quarter,1,Carolina Panthers,0,5,0,Punt,4th & 7 at CAR 36,14:49 2nd,"— S.Martin punts 53 yards to JAX 11, Center-J.Jansen, fair catch by M.Wortham."
2026,PRESEASON WEEK 2,Friday,August 21st,CAR,JAX,2nd Quarter,2,Jacksonville Jaguars,0,1,0,-5 Yard Penalty,1st & 10 at JAX 11,14:40 2nd,"— A.Abdullah up the middle to JAX 14 for 3 yards (R.Rochell). PENALTY on JAX-J.Carvin, Offensive Holding, 5 yards, enforced at JAX 11 - No Play."
2026,PRESEASON WEEK 2,Friday,August 21st,CAR,JAX,2nd Quarter,2,Jacksonville Jaguars,0,2,0,-3 Yard Penalty,1st & 15 at JAX 6,14:07 2nd Shotgun,"— PENALTY on JAX, Delay of Game, 3 yards, enforced at JAX 6 - No Play."
2026,PRESEASON WEEK 2,Friday,August 21st,CAR,JAX,2nd Quarter,2,Jacksonville Jaguars,0,3,0,23 Yard Run,1st & 18 at JAX 3,13:50 2nd,— A.Abdullah right end to JAX 26 for 23 yards (Z.Wheatley).
2026,PRESEASON WEEK 2,Friday,August 21st,CAR,JAX,2nd Quarter,2,Jacksonville Jaguars,0,4,0,2 Yard Run,1st & 10 at JAX 26,13:06 2nd,— D.Dallas left end to JAX 28 for 2 yards (T.Wallace).
2026,PRESEASON WEEK 2,Friday,August 21st,CAR,JAX,2nd Quarter,2,Jacksonville Jaguars,0,5,0,4 Yard Run,2nd & 8 at JAX 28,12:27 2nd,— D.Dallas right end to JAX 32 for 4 yards (C.Thornton).
2026,PRESEASON WEEK 2,Friday,August 21st,CAR,JAX,2nd Quarter,2,Jacksonville Jaguars,0,6,0,-6 Yard Penalty,3rd & 4 at JAX 32,11:40 2nd Shotgun,"— PENALTY on JAX-K.Zierer, False Start, 6 yards, enforced at JAX 32 - No Play."
2026,PRESEASON WEEK 2,Friday,August 21st,CAR,JAX,2nd Quarter,2,Jacksonville Jaguars,0,7,0,Pass Incomplete,3rd & 10 at JAX 26,11:21 2nd Shotgun,— C.Bradley pass incomplete short right.
2026,PRESEASON WEEK 2,Friday,August 21st,CAR,JAX,2nd Quarter,2,Jacksonville Jaguars,0,8,0,Punt,4th & 10 at JAX 26,11:13 2nd,"— L.Cooke punts 58 yards to CAR 16, Center-R.Matiscik. Ji.Horn to CAR 35 for 19 yards (R.Matiscik). PENALTY on CAR-T.Incoom, Offensive Holding, 10 yards, enforced at CAR 18."
2026,PRESEASON WEEK 2,Friday,August 21st,CAR,JAX,2nd Quarter,3,Carolina Panthers,1,1,0,5 Yard Run,1st & 10 at CAR 8,11:01 2nd,— T.Etienne right end pushed ob at CAR 13 for 5 yards (C.Braswell).
2026,PRESEASON WEEK 2,Friday,August 21st,CAR,JAX,2nd Quarter,3,Carolina Panthers,1,2,0,4 Yard Pass,2nd & 5 at CAR 13,10:37 2nd,— K.Pickett pass short left to B.Tremayne pushed ob at CAR 17 for 4 yards (J.Muhammad).
2026,PRESEASON WEEK 2,Friday,August 21st,CAR,JAX,2nd Quarter,3,Carolina Panthers,1,3,0,5 Yard Run,3rd & 1 at CAR 17,10:06 2nd,— T.Etienne up the middle to CAR 22 for 5 yards (B.Spector; T.Bollers).
2026,PRESEASON WEEK 2,Friday,August 21st,CAR,JAX,2nd Quarter,3,Carolina Panthers,1,4,0,39 Yard Run,1st & 10 at CAR 22,09:31 2nd,— Ji.Horn right end to JAX 39 for 39 yards (R.Lane).
2026,PRESEASON WEEK 2,Friday,August 21st,CAR,JAX,2nd Quarter,3,Carolina Panthers,1,5,0,Pass Incomplete,1st & 10 at JAX 39,08:42 2nd Shotgun,— K.Pickett pass incomplete short middle to B.Tremayne.
2026,PRESEASON WEEK 2,Friday,August 21st,CAR,JAX,2nd Quarter,3,Carolina Panthers,1,6,0,9 Yard Run,2nd & 10 at JAX 39,08:38 2nd,— T.Etienne left guard to JAX 30 for 9 yards (Q.Dunnigan; R.Lane). (Virtual Measurement).
2026,PRESEASON WEEK 2,Friday,August 21st,CAR,JAX,2nd Quarter,3,Carolina Panthers,1,7,0,Pass Incomplete,3rd & 1 at JAX 30,08:05 2nd Shotgun,— K.Pickett pass incomplete short left to M.Evans.
2026,PRESEASON WEEK 2,Friday,August 21st,CAR,JAX,2nd Quarter,3,Carolina Panthers,1,8,0,2 Yard Run,4th & 1 at JAX 30,08:02 2nd,— T.Etienne up the middle to JAX 28 for 2 yards (Q.Dunnigan; J.Huskey).
2026,PRESEASON WEEK 2,Friday,August 21st,CAR,JAX,2nd Quarter,3,Carolina Panthers,1,9,0,Pass Incomplete,1st & 10 at JAX 28,07:17 2nd,— K.Pickett pass incomplete deep left to B.Tremayne [J.Tavai].
2026,PRESEASON WEEK 2,Friday,August 21st,CAR,JAX,2nd Quarter,3,Carolina Panthers,1,10,0,2 Yard Pass,2nd & 10 at JAX 28,07:11 2nd Shotgun,— K.Pickett pass short left to D.Moore to JAX 26 for 2 yards (D.Marshall).
2026,PRESEASON WEEK 2,Friday,August 21st,CAR,JAX,2nd Quarter,3,Carolina Panthers,1,11,0,-10 Yard Penalty,3rd & 8 at JAX 26,06:31 2nd Shotgun,"— K.Pickett pass short left to D.Moore to JAX 12 for 14 yards (D.Marshall) [Bry.Thomas]. PENALTY on CAR-B.Christensen, Offensive Holding, 10 yards, enforced at JAX 26 - No Play."
2026,PRESEASON WEEK 2,Friday,August 21st,CAR,JAX,2nd Quarter,3,Carolina Panthers,1,12,0,6 Yard Pass,3rd & 18 at JAX 36,06:07 2nd Shotgun,— K.Pickett pass short right to J.Sanders to JAX 30 for 6 yards (J.Tavai; J.Muhammad).
2026,PRESEASON WEEK 2,Friday,August 21st,CAR,JAX,2nd Quarter,3,Carolina Panthers,1,13,1,Field Goal,4th & 12 at JAX 30,05:29 2nd,"— R.Fitzgerald 48 yard field goal is GOOD, Center-J.Jansen, Holder-S.Martin."
2026,PRESEASON WEEK 2,Friday,August 21st,CAR,JAX,2nd Quarter,4,Jacksonville Jaguars,0,1,0,Kickoff from CAR 35,,Kickoff,— R.Fitzgerald kicks 58 yards from CAR 35 to JAX 7. M.Wortham to JAX 24 for 17 yards (D.Richardson; Z.Wheatley).
2026,PRESEASON WEEK 2,Friday,August 21st,CAR,JAX,2nd Quarter,4,Jacksonville Jaguars,0,2,0,6 Yard Pass,1st & 10 at JAX 24,05:21 2nd,— C.Bradley pass short right to Q.Morris to JAX 30 for 6 yards (C.Cherelus).
2026,PRESEASON WEEK 2,Friday,August 21st,CAR,JAX,2nd Quarter,4,Jacksonville Jaguars,0,3,0,3 Yard Pass,2nd & 4 at JAX 30,04:42 2nd Shotgun,— C.Bradley pass short left to C.Williams to JAX 33 for 3 yards (R.Rochell).
2026,PRESEASON WEEK 2,Friday,August 21st,CAR,JAX,2nd Quarter,4,Jacksonville Jaguars,0,4,0,-4 Yard Penalty,3rd & 1 at JAX 33,04:05 2nd Shotgun,"— PENALTY on JAX-S.Mustipher, False Start, 4 yards, enforced at JAX 33 - No Play."
2026,PRESEASON WEEK 2,Friday,August 21st,CAR,JAX,2nd Quarter,4,Jacksonville Jaguars,0,5,0,Interception,3rd & 5 at JAX 29,03:42 2nd Shotgun,— C.Bradley pass short middle intended for A.Trammell INTERCEPTED by C.Smith-Wade at JAX 33. C.Smith-Wade to JAX 26 for 7 yards (T.Jones).
2026,PRESEASON WEEK 2,Friday,August 21st,CAR,JAX,2nd Quarter,5,Carolina Panthers,1,1,0,4 Yard Run,1st & 10 at JAX 26,03:30 2nd,— A.Dillon up the middle to JAX 22 for 4 yards (Bry.Thomas).
2026,PRESEASON WEEK 2,Friday,August 21st,CAR,JAX,2nd Quarter,5,Carolina Panthers,1,2,0,15 Yard Pass,2nd & 6 at JAX 22,02:52 2nd Shotgun,— K.Pickett pass short right to Ji.Horn to JAX 7 for 15 yards (J.Muhammad).
2026,PRESEASON WEEK 2,Friday,August 21st,CAR,JAX,2nd Quarter,5,Carolina Panthers,1,3,1,Touchdown,1st & 7 at JAX 7,02:13 2nd Shotgun,"— A.Dillon up the middle for 7 yards, TOUCHDOWN."
2026,PRESEASON WEEK 2,Friday,August 21st,CAR,JAX,2nd Quarter,5,Carolina Panthers,1,4,1,Extra Point,,02:07 2nd,"— R.Fitzgerald extra point is GOOD, Center-J.Jansen, Holder-S.Martin."
2026,PRESEASON WEEK 2,Friday,August 21st,CAR,JAX,2nd Quarter,6,Jacksonville Jaguars,1,1,0,Kickoff from CAR 35,,Kickoff,— R.Fitzgerald kicks 61 yards from CAR 35 to JAX 4. C.Brayboy to JAX 37 for 33 yards (J.Mitchell).
2026,PRESEASON WEEK 2,Friday,August 21st,CAR,JAX,2nd Quarter,6,Jacksonville Jaguars,1,2,0,8 Yard Pass,1st & 10 at JAX 37,02:00 2nd Shotgun,— C.Bradley pass short left to A.Abdullah pushed ob at JAX 45 for 8 yards (R.Rochell).
2026,PRESEASON WEEK 2,Friday,August 21st,CAR,JAX,2nd Quarter,6,Jacksonville Jaguars,1,3,0,Pass Incomplete,2nd & 2 at JAX 45,01:55 2nd Shotgun,— C.Bradley pass incomplete short right.
2026,PRESEASON WEEK 2,Friday,August 21st,CAR,JAX,2nd Quarter,6,Jacksonville Jaguars,1,4,0,18 Yard Pass,3rd & 2 at JAX 45,01:47 2nd Shotgun,— C.Bradley pass short left to A.Abdullah to CAR 37 for 18 yards (Z.Wheatley).
2026,PRESEASON WEEK 2,Friday,August 21st,CAR,JAX,2nd Quarter,6,Jacksonville Jaguars,1,5,0,11 Yard Pass,1st & 10 at CAR 37,"01:24 2nd No Huddle, Shotgun",— C.Bradley pass short middle to A.Abdullah to CAR 26 for 11 yards (Z.Wheatley).
2026,PRESEASON WEEK 2,Friday,August 21st,CAR,JAX,2nd Quarter,6,Jacksonville Jaguars,1,6,0,Pass Incomplete,1st & 10 at CAR 26,"01:00 2nd No Huddle, Shotgun",— C.Bradley pass incomplete short left to A.Trammell.
2026,PRESEASON WEEK 2,Friday,August 21st,CAR,JAX,2nd Quarter,6,Jacksonville Jaguars,1,7,0,Pass Incomplete,2nd & 10 at CAR 26,00:56 2nd Shotgun,— C.Bradley pass incomplete deep right to A.Trammell.
2026,PRESEASON WEEK 2,Friday,August 21st,CAR,JAX,2nd Quarter,6,Jacksonville Jaguars,1,8,0,5 Yard Penalty,3rd & 10 at CAR 26,00:50 2nd Shotgun,"— C.Bradley pass incomplete deep right to A.Trammell. PENALTY on CAR-D.Smith, Illegal Contact, 5 yards, enforced at CAR 26 - No Play."
2026,PRESEASON WEEK 2,Friday,August 21st,CAR,JAX,2nd Quarter,6,Jacksonville Jaguars,1,9,0,5 Yard Pass,1st & 10 at CAR 21,00:44 2nd Shotgun,— C.Bradley pass short left to T.Jones to CAR 16 for 5 yards (D.Smith).
2026,PRESEASON WEEK 2,Friday,August 21st,CAR,JAX,2nd Quarter,6,Jacksonville Jaguars,1,10,0,Timeout,,00:35 2nd,— Timeout #1 by JAX at 00:35.
2026,PRESEASON WEEK 2,Friday,August 21st,CAR,JAX,2nd Quarter,6,Jacksonville Jaguars,1,11,0,Pass Incomplete,2nd & 5 at CAR 16,00:35 2nd Shotgun,— C.Bradley pass incomplete deep right to H.Long.
2026,PRESEASON WEEK 2,Friday,August 21st,CAR,JAX,2nd Quarter,6,Jacksonville Jaguars,1,12,0,Pass Incomplete,3rd & 5 at CAR 16,00:29 2nd Shotgun,— C.Bradley pass incomplete short middle to A.Trammell (L.Ransom) [D.Smith].
2026,PRESEASON WEEK 2,Friday,August 21st,CAR,JAX,2nd Quarter,6,Jacksonville Jaguars,1,13,1,Field Goal,4th & 5 at CAR 16,00:25 2nd,"— C.Little 34 yard field goal is GOOD, Center-R.Matiscik, Holder-L.Cooke."
2026,PRESEASON WEEK 2,Friday,August 21st,CAR,JAX,2nd Quarter,7,Carolina Panthers,1,1,0,Kickoff from JAX 35,,Kickoff,— C.Little kicks 64 yards from JAX 35 to CAR 1. A.Tyus to CAR 38 for 37 yards (J.Muhammad).
2026,PRESEASON WEEK 2,Friday,August 21st,CAR,JAX,2nd Quarter,7,Carolina Panthers,1,2,0,19 Yard Pass,1st & 10 at CAR 38,00:15 2nd Shotgun,"— K.Pickett pass short right to F.Franks to CAR 42 for 4 yards (J.Tavai). PENALTY on JAX-J.Hunt, Roughing the Passer, 15 yards, enforced at CAR 42."
2026,PRESEASON WEEK 2,Friday,August 21st,CAR,JAX,2nd Quarter,7,Carolina Panthers,1,3,0,Pass Incomplete,1st & 10 at JAX 43,00:09 2nd Shotgun,"— K.Pickett pass short middle to Ji.Horn to JAX 35 for 8 yards (J.Tavai). The Replay Official reviewed the pass completion ruling, and the play was REVERSED. (Shotgun) K.Pickett pass incomplete short middle to Ji.Horn."
2026,PRESEASON WEEK 2,Friday,August 21st,CAR,JAX,2nd Quarter,7,Carolina Panthers,1,4,0,Pass Incomplete,2nd & 10 at JAX 43,00:07 2nd Shotgun,— K.Pickett pass incomplete short right to D.Moore.
2026,PRESEASON WEEK 2,Friday,August 21st,CAR,JAX,2nd Quarter,7,Carolina Panthers,1,5,1,Field Goal,3rd & 10 at JAX 43,00:05 2nd,"— R.Fitzgerald 61 yard field goal is GOOD, Center-J.Jansen, Holder-S.Martin."
2026,PRESEASON WEEK 2,Friday,August 21st,CAR,JAX,3rd Quarter,1,Jacksonville Jaguars,0,1,0,Kickoff from CAR 35,,Kickoff,— R.Fitzgerald kicks 56 yards from CAR 35 to JAX 9. M.Wortham to JAX 31 for 22 yards (M.Mwansa).
2026,PRESEASON WEEK 2,Friday,August 21st,CAR,JAX,3rd Quarter,1,Jacksonville Jaguars,0,2,0,21 Yard Pass,1st & 10 at JAX 31,14:56 3rd,— J.Aguilar pass deep middle to T.Pena to CAR 48 for 21 yards (C.Miller).
2026,PRESEASON WEEK 2,Friday,August 21st,CAR,JAX,3rd Quarter,1,Jacksonville Jaguars,0,3,0,5 Yard Run,1st & 10 at CAR 48,14:15 3rd,— D.Dallas up the middle to CAR 43 for 5 yards (J.Kuwatch; D.Smith).
2026,PRESEASON WEEK 2,Friday,August 21st,CAR,JAX,3rd Quarter,1,Jacksonville Jaguars,0,4,0,4 Yard Run,2nd & 5 at CAR 43,13:39 3rd,— D.Dallas up the middle to CAR 39 for 4 yards (C.Gill).
2026,PRESEASON WEEK 2,Friday,August 21st,CAR,JAX,3rd Quarter,1,Jacksonville Jaguars,0,5,0,Fumble,3rd & 1 at CAR 39,12:58 3rd,"— D.Dallas up the middle to CAR 34 for 5 yards (D.Smith). FUMBLES (D.Smith), RECOVERED by CAR-C.Gill at CAR 34."
2026,PRESEASON WEEK 2,Friday,August 21st,CAR,JAX,3rd Quarter,2,Carolina Panthers,0,1,0,-5 Yard Penalty,1st & 10 at CAR 34,12:48 3rd,"— PENALTY on CAR-B.Christensen, False Start, 5 yards, enforced at CAR 34 - No Play."
2026,PRESEASON WEEK 2,Friday,August 21st,CAR,JAX,3rd Quarter,2,Carolina Panthers,0,2,0,5 Yard Pass,1st & 15 at CAR 29,12:48 3rd Shotgun,— K.Pickett pass short left to C.Washington ran ob at CAR 34 for 5 yards (C.Braswell).
2026,PRESEASON WEEK 2,Friday,August 21st,CAR,JAX,3rd Quarter,2,Carolina Panthers,0,3,0,-3 Yard Pass,2nd & 10 at CAR 34,12:24 3rd,— K.Pickett pass short right to A.Dillon to CAR 31 for -3 yards (B.Spector).
2026,PRESEASON WEEK 2,Friday,August 21st,CAR,JAX,3rd Quarter,2,Carolina Panthers,0,4,0,15 Yard Pass,3rd & 13 at CAR 31,11:43 3rd Shotgun,— K.Pickett pass short middle to J.Metchie to CAR 46 for 15 yards (J.Muhammad; C.Ransaw).
2026,PRESEASON WEEK 2,Friday,August 21st,CAR,JAX,3rd Quarter,2,Carolina Panthers,0,5,0,1 Yard Run,1st & 10 at CAR 46,11:06 3rd Shotgun,— A.Dillon up the middle to CAR 47 for 1 yard (Q.Dunnigan).
2026,PRESEASON WEEK 2,Friday,August 21st,CAR,JAX,3rd Quarter,2,Carolina Panthers,0,6,0,0 Yard Run,2nd & 9 at CAR 47,10:33 3rd Shotgun,— A.Dillon up the middle to CAR 47 for no gain (Bry.Thomas).
2026,PRESEASON WEEK 2,Friday,August 21st,CAR,JAX,3rd Quarter,2,Carolina Panthers,0,7,0,6 Yard Pass,3rd & 9 at CAR 47,09:53 3rd Shotgun,— K.Pickett pass short left to J.Metchie to JAX 47 for 6 yards (J.Tavai).
2026,PRESEASON WEEK 2,Friday,August 21st,CAR,JAX,3rd Quarter,2,Carolina Panthers,0,8,0,11 Yard Pass,4th & 3 at JAX 47,09:08 3rd Shotgun,"— K.Pickett pass short left to J.Metchie to JAX 36 for 11 yards (J.Muhammad). Penalty on JAX-C.Braswell, Defensive Holding, declined."
2026,PRESEASON WEEK 2,Friday,August 21st,CAR,JAX,3rd Quarter,2,Carolina Panthers,0,9,0,9 Yard Pass,1st & 10 at JAX 36,08:48 3rd,— K.Pickett pass short right to J.Metchie to JAX 27 for 9 yards (C.Braswell).
2026,PRESEASON WEEK 2,Friday,August 21st,CAR,JAX,3rd Quarter,2,Carolina Panthers,0,10,0,11 Yard Pass,2nd & 1 at JAX 27,08:10 3rd,— K.Pickett pass short right to A.Dillon to JAX 16 for 11 yards (C.Ransaw).
2026,PRESEASON WEEK 2,Friday,August 21st,CAR,JAX,3rd Quarter,2,Carolina Panthers,0,11,0,Pass Incomplete,1st & 10 at JAX 16,07:34 3rd Shotgun,— K.Pickett pass incomplete deep right to J.Mitchell.
2026,PRESEASON WEEK 2,Friday,August 21st,CAR,JAX,3rd Quarter,2,Carolina Panthers,0,12,0,4 Yard Run,2nd & 10 at JAX 16,07:29 3rd Shotgun,— A.Dillon up the middle to JAX 12 for 4 yards (T.Bollers; J.Tavai).
2026,PRESEASON WEEK 2,Friday,August 21st,CAR,JAX,3rd Quarter,2,Carolina Panthers,0,13,0,Pass Incomplete,3rd & 6 at JAX 12,06:45 3rd Shotgun,— K.Pickett pass incomplete short right to C.Washington [J.Tavai].
2026,PRESEASON WEEK 2,Friday,August 21st,CAR,JAX,3rd Quarter,2,Carolina Panthers,0,14,0,Field Goal No Good,4th & 6 at JAX 12,06:40 3rd,"— R.Fitzgerald 31 yard field goal is No Good, Wide Left, Center-J.Jansen, Holder-S.Martin."
2026,PRESEASON WEEK 2,Friday,August 21st,CAR,JAX,3rd Quarter,3,Jacksonville Jaguars,0,1,0,5 Yard Run,1st & 10 at JAX 21,06:37 3rd,— J.Taylor up the middle to JAX 26 for 5 yards (J.Kuwatch; T.Malone).
2026,PRESEASON WEEK 2,Friday,August 21st,CAR,JAX,3rd Quarter,3,Jacksonville Jaguars,0,2,0,3 Yard Run,2nd & 5 at JAX 26,06:03 3rd,— J.Taylor up the middle to JAX 29 for 3 yards (C.Miller; T.Incoom).
2026,PRESEASON WEEK 2,Friday,August 21st,CAR,JAX,3rd Quarter,3,Jacksonville Jaguars,0,3,0,-5 Yard Run,3rd & 2 at JAX 29,05:25 3rd,— J.Taylor up the middle to JAX 24 for -5 yards (E.Garcia).
2026,PRESEASON WEEK 2,Friday,August 21st,CAR,JAX,3rd Quarter,3,Jacksonville Jaguars,0,4,0,Punt,4th & 7 at JAX 24,04:47 3rd,"— L.Cooke punts 53 yards to CAR 23, Center-R.Matiscik. J.Metchie to CAR 31 for 8 yards (R.Matiscik)."
2026,PRESEASON WEEK 2,Friday,August 21st,CAR,JAX,3rd Quarter,4,Carolina Panthers,1,1,0,9 Yard Run,1st & 10 at CAR 31,04:29 3rd,— A.Tyus up the middle to CAR 40 for 9 yards (C.Ballentine; J.Huskey).
2026,PRESEASON WEEK 2,Friday,August 21st,CAR,JAX,3rd Quarter,4,Carolina Panthers,1,2,0,11 Yard Pass,2nd & 1 at CAR 40,03:52 3rd Shotgun,— K.Pickett pass short right to J.Metchie to JAX 49 for 11 yards (C.Ransaw).
2026,PRESEASON WEEK 2,Friday,August 21st,CAR,JAX,3rd Quarter,4,Carolina Panthers,1,3,0,1 Yard Run,1st & 10 at JAX 49,03:24 3rd Shotgun,— A.Tyus up the middle to JAX 48 for 1 yard (A.Burney).
2026,PRESEASON WEEK 2,Friday,August 21st,CAR,JAX,3rd Quarter,4,Carolina Panthers,1,4,0,25 Yard Pass,2nd & 9 at JAX 48,02:45 3rd Shotgun,— K.Pickett pass short left to J.Metchie to JAX 23 for 25 yards (C.Ballentine) [P.Hodge].
2026,PRESEASON WEEK 2,Friday,August 21st,CAR,JAX,3rd Quarter,4,Carolina Panthers,1,5,0,7 Yard Run,1st & 10 at JAX 23,"02:12 3rd No Huddle, Shotgun",— A.Tyus up the middle to JAX 16 for 7 yards (A.Burney).
2026,PRESEASON WEEK 2,Friday,August 21st,CAR,JAX,3rd Quarter,4,Carolina Panthers,1,6,0,Pass Incomplete,2nd & 3 at JAX 16,01:35 3rd,— K.Pickett pass incomplete short left to J.Metchie.
2026,PRESEASON WEEK 2,Friday,August 21st,CAR,JAX,3rd Quarter,4,Carolina Panthers,1,7,1,Touchdown,3rd & 3 at JAX 16,01:31 3rd Shotgun,"— K.Pickett pass deep left to R.Taylor for 16 yards, TOUCHDOWN."
2026,PRESEASON WEEK 2,Friday,August 21st,CAR,JAX,3rd Quarter,4,Carolina Panthers,1,8,1,Extra Point,,01:25 3rd,"— R.Fitzgerald extra point is GOOD, Center-J.Jansen, Holder-S.Martin."
2026,PRESEASON WEEK 2,Friday,August 21st,CAR,JAX,4th Quarter,1,Jacksonville Jaguars,1,1,0,Kickoff from CAR 35,,Kickoff,— R.Fitzgerald kicks 67 yards from CAR 35 to JAX -2. M.Wortham to JAX 24 for 26 yards (R.Taylor).
2026,PRESEASON WEEK 2,Friday,August 21st,CAR,JAX,4th Quarter,1,Jacksonville Jaguars,1,2,0,18 Yard Pass,1st & 10 at JAX 24,01:19 3rd,— J.Aguilar pass deep middle to T.Pena to JAX 42 for 18 yards (I.Simmons).
2026,PRESEASON WEEK 2,Friday,August 21st,CAR,JAX,4th Quarter,1,Jacksonville Jaguars,1,3,0,17 Yard Pass,1st & 10 at JAX 42,00:42 3rd,— J.Aguilar pass short right to M.Wortham pushed ob at CAR 41 for 17 yards (D.Richardson).
2026,PRESEASON WEEK 2,Friday,August 21st,CAR,JAX,4th Quarter,1,Jacksonville Jaguars,1,4,0,15 Yard Pass,1st & 10 at CAR 41,00:16 3rd Shotgun,— J.Aguilar pass short left to M.Wortham to CAR 26 for 15 yards (I.Simmons).
2026,PRESEASON WEEK 2,Friday,August 21st,CAR,JAX,4th Quarter,1,Jacksonville Jaguars,1,5,0,0 Yard Run,1st & 10 at CAR 26,15:00 4th,— J.Taylor up the middle to CAR 26 for no gain (I.Smith).
2026,PRESEASON WEEK 2,Friday,August 21st,CAR,JAX,4th Quarter,1,Jacksonville Jaguars,1,6,0,Timeout,,14:21 4th,— Timeout #1 by JAX at 14:21.
2026,PRESEASON WEEK 2,Friday,August 21st,CAR,JAX,4th Quarter,1,Jacksonville Jaguars,1,7,0,Pass Incomplete,2nd & 10 at CAR 26,14:21 4th Shotgun,— J.Aguilar pass incomplete deep right to B.Boyd.
2026,PRESEASON WEEK 2,Friday,August 21st,CAR,JAX,4th Quarter,1,Jacksonville Jaguars,1,8,0,1 Yard Run,3rd & 10 at CAR 26,14:14 4th Shotgun,— D.Dallas left end to CAR 25 for 1 yard (J.Kuwatch).
2026,PRESEASON WEEK 2,Friday,August 21st,CAR,JAX,4th Quarter,1,Jacksonville Jaguars,1,9,1,Field Goal,4th & 9 at CAR 25,13:38 4th,"— C.Little 43 yard field goal is GOOD, Center-R.Matiscik, Holder-L.Cooke."
2026,PRESEASON WEEK 2,Friday,August 21st,CAR,JAX,4th Quarter,2,Carolina Panthers,1,1,0,Kickoff from JAX 35,,Kickoff,— C.Little kicks 60 yards from JAX 35 to CAR 5. M.Davis to CAR 27 for 22 yards (H.Long).
2026,PRESEASON WEEK 2,Friday,August 21st,CAR,JAX,4th Quarter,2,Carolina Panthers,1,2,0,7 Yard Run,1st & 10 at CAR 27,13:28 4th,— A.Tyus left tackle to CAR 34 for 7 yards (A.Burney; C.Silmon-Craig).
2026,PRESEASON WEEK 2,Friday,August 21st,CAR,JAX,4th Quarter,2,Carolina Panthers,1,3,0,2 Yard Run,2nd & 3 at CAR 34,12:46 4th Shotgun,— A.Tyus up the middle to CAR 36 for 2 yards (C.Silmon-Craig).
2026,PRESEASON WEEK 2,Friday,August 21st,CAR,JAX,4th Quarter,2,Carolina Panthers,1,4,0,10 Yard Pass,3rd & 1 at CAR 36,12:06 4th,— K.Trask pass short right to C.Washington to CAR 46 for 10 yards (C.Ballentine; C.Silmon-Craig) [Y.Abdullah].
2026,PRESEASON WEEK 2,Friday,August 21st,CAR,JAX,4th Quarter,2,Carolina Panthers,1,5,0,2 Yard Run,1st & 10 at CAR 46,11:26 4th,— A.Tyus left end to CAR 48 for 2 yards (B.Spector).
2026,PRESEASON WEEK 2,Friday,August 21st,CAR,JAX,4th Quarter,2,Carolina Panthers,1,6,0,0 Yard Run,2nd & 8 at CAR 48,10:45 4th Shotgun,— A.Tyus up the middle to CAR 48 for no gain (C.Ballentine).
2026,PRESEASON WEEK 2,Friday,August 21st,CAR,JAX,4th Quarter,2,Carolina Panthers,1,7,0,10 Yard Pass,3rd & 8 at CAR 48,10:03 4th Shotgun,— K.Trask pass short right to J.Mitchell to JAX 42 for 10 yards (A.Burney).
2026,PRESEASON WEEK 2,Friday,August 21st,CAR,JAX,4th Quarter,2,Carolina Panthers,1,8,0,12 Yard Run,1st & 10 at JAX 42,09:28 4th,— A.Tyus up the middle to JAX 30 for 12 yards (Bry.Thomas).
2026,PRESEASON WEEK 2,Friday,August 21st,CAR,JAX,4th Quarter,2,Carolina Panthers,1,9,0,-5 Yard Penalty,1st & 10 at JAX 30,08:49 4th,"— PENALTY on CAR-C.Washington, False Start, 5 yards, enforced at JAX 30 - No Play."
2026,PRESEASON WEEK 2,Friday,August 21st,CAR,JAX,4th Quarter,2,Carolina Panthers,1,10,0,4 Yard Run,1st & 15 at JAX 35,08:49 4th,— M.Davis up the middle to JAX 31 for 4 yards (A.Burney).
2026,PRESEASON WEEK 2,Friday,August 21st,CAR,JAX,4th Quarter,2,Carolina Panthers,1,11,0,17 Yard Pass,2nd & 11 at JAX 31,08:10 4th Shotgun,— K.Trask pass deep left to C.Washington to JAX 14 for 17 yards (C.Silmon-Craig).
2026,PRESEASON WEEK 2,Friday,August 21st,CAR,JAX,4th Quarter,2,Carolina Panthers,1,12,0,-1 Yard Run,1st & 10 at JAX 14,07:34 4th,"— A.Tyus up the middle to JAX 15 for -1 yards (J.Hunt, B.Spector)."
2026,PRESEASON WEEK 2,Friday,August 21st,CAR,JAX,4th Quarter,2,Carolina Panthers,1,13,1,Touchdown,2nd & 11 at JAX 15,06:54 4th Shotgun,"— K.Trask pass short left to C.Washington for 15 yards, TOUCHDOWN [W.Williams]."
2026,PRESEASON WEEK 2,Friday,August 21st,CAR,JAX,4th Quarter,2,Carolina Panthers,1,14,1,Extra Point,,06:48 4th,"— R.Fitzgerald extra point is GOOD, Center-J.Jansen, Holder-S.Martin."
2026,PRESEASON WEEK 2,Friday,August 21st,CAR,JAX,4th Quarter,3,Jacksonville Jaguars,1,1,0,Kickoff from CAR 35,,Kickoff,"— R.Fitzgerald kicks 65 yards from CAR 35 to end zone, Touchback to the JAX 35."
2026,PRESEASON WEEK 2,Friday,August 21st,CAR,JAX,4th Quarter,3,Jacksonville Jaguars,1,2,0,9 Yard Pass,1st & 10 at JAX 35,06:48 4th Shotgun,— J.Aguilar pass short left to M.Wortham to JAX 44 for 9 yards (M.Mwansa).
2026,PRESEASON WEEK 2,Friday,August 21st,CAR,JAX,4th Quarter,3,Jacksonville Jaguars,1,3,0,0 Yard Run,2nd & 1 at JAX 44,06:12 4th Shotgun,— D.Dallas up the middle to JAX 44 for no gain (P.Petersen).
2026,PRESEASON WEEK 2,Friday,August 21st,CAR,JAX,4th Quarter,3,Jacksonville Jaguars,1,4,0,6 Yard Run,3rd & 1 at JAX 44,05:37 4th Shotgun,— D.Dallas right end to 50 for 6 yards (T.Funderburk).
2026,PRESEASON WEEK 2,Friday,August 21st,CAR,JAX,4th Quarter,3,Jacksonville Jaguars,1,5,0,13 Yard Pass,1st & 10 at 50,"05:13 4th No Huddle, Shotgun",— J.Aguilar pass short right to D.Dallas pushed ob at CAR 37 for 13 yards (I.Simmons).
2026,PRESEASON WEEK 2,Friday,August 21st,CAR,JAX,4th Quarter,3,Jacksonville Jaguars,1,6,0,4 Yard Pass,1st & 10 at CAR 37,04:39 4th Shotgun,— J.Aguilar pass short middle to T.Pena to CAR 33 for 4 yards (M.Njongmeta).
2026,PRESEASON WEEK 2,Friday,August 21st,CAR,JAX,4th Quarter,3,Jacksonville Jaguars,1,7,0,4 Yard Pass,2nd & 6 at CAR 33,03:57 4th Shotgun,— J.Aguilar pass short middle to J.Taylor to CAR 29 for 4 yards (M.Njongmeta).
2026,PRESEASON WEEK 2,Friday,August 21st,CAR,JAX,4th Quarter,3,Jacksonville Jaguars,1,8,1,Touchdown,3rd & 2 at CAR 29,03:20 4th Shotgun,"— J.Aguilar pass short middle to T.Pena for 29 yards, TOUCHDOWN."
2026,PRESEASON WEEK 2,Friday,August 21st,CAR,JAX,4th Quarter,3,Jacksonville Jaguars,1,9,0,2 Point Conversion,,03:12 4th,— TWO-POINT CONVERSION ATTEMPT. D.Dallas rushes up the middle. ATTEMPT SUCCEEDS.
2026,PRESEASON WEEK 2,Friday,August 21st,CAR,JAX,4th Quarter,4,Carolina Panthers,0,1,0,Kickoff from JAX 35,,Kickoff,"— C.Little kicks 65 yards from JAX 35 to end zone, Touchback to the CAR 35."
2026,PRESEASON WEEK 2,Friday,August 21st,CAR,JAX,4th Quarter,4,Carolina Panthers,0,2,0,4 Yard Run,1st & 10 at CAR 35,03:12 4th,— M.Davis up the middle to CAR 39 for 4 yards (A.Burney).
2026,PRESEASON WEEK 2,Friday,August 21st,CAR,JAX,4th Quarter,4,Carolina Panthers,0,3,0,3 Yard Run,2nd & 6 at CAR 39,02:30 4th Shotgun,— M.Davis up the middle to CAR 42 for 3 yards (T.Thomas).
2026,PRESEASON WEEK 2,Friday,August 21st,GB,DEN,1st Quarter,1,Green Bay Packers,1,1,0,Kickoff from DEN 35,,Kickoff,— W.Lutz kicks 58 yards from DEN 35 to GB 7. S.Moore to GB 37 for 30 yards (T.Badie; K.Abrams-Draine).
2026,PRESEASON WEEK 2,Friday,August 21st,GB,DEN,1st Quarter,1,Green Bay Packers,1,2,0,Pass Incomplete,1st & 10 at GB 37,14:55 1st,— J.Love pass incomplete short left to C.Watson (R.Moss).
2026,PRESEASON WEEK 2,Friday,August 21st,GB,DEN,1st Quarter,1,Green Bay Packers,1,3,0,14 Yard Pass,2nd & 10 at GB 37,14:49 1st Shotgun,"— J.Love pass short right to C.Watson to DEN 49 for 14 yards (P.Surtain). FUMBLES (P.Surtain), RECOVERED by DEN-R.Moss at 50. R.Moss to GB 49 for 1 yard (M.Golden; J.Whyle). The Replay Official reviewed the runner was not down by contact ruling, and the play was REVERSED. (Shotgun) J.Love pass short right to C.Watson to DEN 49 for 14 yards (P.Surtain)."
2026,PRESEASON WEEK 2,Friday,August 21st,GB,DEN,1st Quarter,1,Green Bay Packers,1,4,0,3 Yard Run,1st & 10 at DEN 49,14:35 1st,— M.Lloyd up the middle to DEN 46 for 3 yards (A.Singleton; P.Surtain).
2026,PRESEASON WEEK 2,Friday,August 21st,GB,DEN,1st Quarter,1,Green Bay Packers,1,5,0,2 Yard Run,2nd & 7 at DEN 46,13:57 1st,— M.Lloyd left end to DEN 44 for 2 yards (N.Bonitto).
2026,PRESEASON WEEK 2,Friday,August 21st,GB,DEN,1st Quarter,1,Green Bay Packers,1,6,0,4 Yard Penalty,3rd & 5 at DEN 44,13:17 1st Shotgun,"— PENALTY on DEN-N.Bonitto, Neutral Zone Infraction, 4 yards, enforced at DEN 44 - No Play."
2026,PRESEASON WEEK 2,Friday,August 21st,GB,DEN,1st Quarter,1,Green Bay Packers,1,7,0,Pass Incomplete,3rd & 1 at DEN 40,12:55 1st Shotgun,— J.Love pass incomplete short left (N.Bonitto).
2026,PRESEASON WEEK 2,Friday,August 21st,GB,DEN,1st Quarter,1,Green Bay Packers,1,8,0,19 Yard Pass,4th & 1 at DEN 40,12:51 1st,— J.Love pass short right to M.Golden to DEN 21 for 19 yards (P.Surtain).
2026,PRESEASON WEEK 2,Friday,August 21st,GB,DEN,1st Quarter,1,Green Bay Packers,1,9,0,7 Yard Pass,1st & 10 at DEN 21,12:12 1st,— J.Love pass short left to D.Dabney pushed ob at DEN 14 for 7 yards (A.Singleton).
2026,PRESEASON WEEK 2,Friday,August 21st,GB,DEN,1st Quarter,1,Green Bay Packers,1,10,0,2 Yard Run,2nd & 3 at DEN 14,11:38 1st,— M.Lloyd up the middle to DEN 12 for 2 yards (B.Jones).
2026,PRESEASON WEEK 2,Friday,August 21st,GB,DEN,1st Quarter,1,Green Bay Packers,1,11,0,1 Yard Run,3rd & 1 at DEN 12,10:56 1st Shotgun,— M.Lloyd left end to DEN 11 for 1 yard (N.Bonitto). (Virtual Measurement).
2026,PRESEASON WEEK 2,Friday,August 21st,GB,DEN,1st Quarter,1,Green Bay Packers,1,12,0,-9 Yard Penalty,1st & 10 at DEN 11,10:29 1st,"— M.Lloyd right end to DEN 3 for 8 yards (B.Jones). PENALTY on GB-J.Monk, Offensive Holding, 9 yards, enforced at DEN 11 - No Play."
2026,PRESEASON WEEK 2,Friday,August 21st,GB,DEN,1st Quarter,1,Green Bay Packers,1,13,0,2 Yard Penalty,1st & 19 at DEN 20,10:00 1st Shotgun,"— J.Love pass short right to M.Golden to DEN 11 for 9 yards (J.Strnad). PENALTY on DEN-J.Strnad, Defensive Pass Interference, 2 yards, enforced at DEN 20 - No Play."
2026,PRESEASON WEEK 2,Friday,August 21st,GB,DEN,1st Quarter,1,Green Bay Packers,1,14,0,5 Yard Pass,1st & 10 at DEN 18,09:43 1st,— J.Love pass short left to C.Watson pushed ob at DEN 13 for 5 yards (P.Surtain).
2026,PRESEASON WEEK 2,Friday,August 21st,GB,DEN,1st Quarter,1,Green Bay Packers,1,15,0,2 Yard Run,2nd & 5 at DEN 13,09:14 1st,— C.Brooks left guard to DEN 11 for 2 yards (T.Hufanga).
2026,PRESEASON WEEK 2,Friday,August 21st,GB,DEN,1st Quarter,1,Green Bay Packers,1,16,1,Touchdown,3rd & 3 at DEN 11,08:30 1st Shotgun,"— J.Love pass short middle to M.Lloyd for 11 yards, TOUCHDOWN."
2026,PRESEASON WEEK 2,Friday,August 21st,GB,DEN,1st Quarter,1,Green Bay Packers,1,17,1,Extra Point,,08:25 1st,"— T.Smack extra point is GOOD, Center-C.Adomitis, Holder-D.Whelan."
2026,PRESEASON WEEK 2,Friday,August 21st,GB,DEN,1st Quarter,2,Denver Broncos,1,1,0,Kickoff from GB 35,,Kickoff,"— T.Smack kicks 65 yards from GB 35 to end zone, Touchback to the DEN 35."
2026,PRESEASON WEEK 2,Friday,August 21st,GB,DEN,1st Quarter,2,Denver Broncos,1,2,0,5 Yard Run,1st & 10 at DEN 35,08:25 1st,— R.Harvey up the middle to DEN 40 for 5 yards (K.Brooks; Z.Franklin).
2026,PRESEASON WEEK 2,Friday,August 21st,GB,DEN,1st Quarter,2,Denver Broncos,1,3,0,Pass Incomplete,2nd & 5 at DEN 40,07:43 1st Shotgun,"— B.Nix pass incomplete deep right to C.Sutton. Denver challenged the incomplete pass ruling, and the play was Upheld. The ruling on the field stands. (Timeout #1.)"
2026,PRESEASON WEEK 2,Friday,August 21st,GB,DEN,1st Quarter,2,Denver Broncos,1,4,0,35 Yard Pass,3rd & 5 at DEN 40,07:35 1st Shotgun,— B.Nix pass deep right to J.Waddle to GB 25 for 35 yards (E.Williams).
2026,PRESEASON WEEK 2,Friday,August 21st,GB,DEN,1st Quarter,2,Denver Broncos,1,5,0,Pass Incomplete,1st & 10 at GB 25,06:48 1st Shotgun,— B.Nix pass incomplete short left to C.Sutton (B.Cisse).
2026,PRESEASON WEEK 2,Friday,August 21st,GB,DEN,1st Quarter,2,Denver Broncos,1,6,0,4 Yard Pass,2nd & 10 at GB 25,06:43 1st Shotgun,— B.Nix pass short right to R.Harvey to GB 21 for 4 yards (E.Cooper).
2026,PRESEASON WEEK 2,Friday,August 21st,GB,DEN,1st Quarter,2,Denver Broncos,1,7,1,Touchdown,3rd & 6 at GB 21,05:59 1st Shotgun,"— B.Nix pass deep right to R.Harvey for 21 yards, TOUCHDOWN."
2026,PRESEASON WEEK 2,Friday,August 21st,GB,DEN,1st Quarter,2,Denver Broncos,1,8,1,Extra Point,,05:53 1st,"— W.Lutz extra point is GOOD, Center-M.Fraboni, Holder-J.Crawshaw."
2026,PRESEASON WEEK 2,Friday,August 21st,GB,DEN,1st Quarter,3,Green Bay Packers,0,1,0,Kickoff from DEN 35,,Kickoff,"— W.Lutz kicks 64 yards from DEN 35 to GB 1. P.Strong to GB 25 for 24 yards (Q.Robinson). PENALTY on GB-T.Hopper, Illegal Block Above the Waist, 10 yards, enforced at GB 22."
2026,PRESEASON WEEK 2,Friday,August 21st,GB,DEN,1st Quarter,3,Green Bay Packers,0,2,0,3 Yard Run,1st & 10 at GB 12,05:47 1st,— T.Taylor scrambles left end to GB 15 for 3 yards (N.Bonitto).
2026,PRESEASON WEEK 2,Friday,August 21st,GB,DEN,1st Quarter,3,Green Bay Packers,0,3,0,7 Yard Run,2nd & 7 at GB 15,05:11 1st,— M.Lloyd left end pushed ob at GB 22 for 7 yards (B.Jones).
2026,PRESEASON WEEK 2,Friday,August 21st,GB,DEN,1st Quarter,3,Green Bay Packers,0,4,0,Pass Incomplete,1st & 10 at GB 22,04:41 1st,— T.Taylor pass incomplete deep left to B.Melton.
2026,PRESEASON WEEK 2,Friday,August 21st,GB,DEN,1st Quarter,3,Green Bay Packers,0,5,0,4 Yard Run,2nd & 10 at GB 22,04:34 1st Shotgun,— T.Taylor scrambles left end to GB 26 for 4 yards (T.Hufanga).
2026,PRESEASON WEEK 2,Friday,August 21st,GB,DEN,1st Quarter,3,Green Bay Packers,0,6,0,Pass Incomplete,3rd & 6 at GB 26,03:55 1st Shotgun,— T.Taylor pass incomplete short left to S.Moore [M.Roach].
2026,PRESEASON WEEK 2,Friday,August 21st,GB,DEN,1st Quarter,3,Green Bay Packers,0,7,0,Punt,4th & 6 at GB 26,03:51 1st,"— D.Whelan punts 44 yards to DEN 30, Center-C.Adomitis. S.Fresch pushed ob at DEN 40 for 10 yards (A.Mosby; I.McDuffie)."
2026,PRESEASON WEEK 2,Friday,August 21st,GB,DEN,2nd Quarter,1,Denver Broncos,1,1,0,5 Yard Run,1st & 10 at DEN 40,03:39 1st,— J.Coleman up the middle to DEN 45 for 5 yards (C.McClellan; Z.Franklin).
2026,PRESEASON WEEK 2,Friday,August 21st,GB,DEN,2nd Quarter,1,Denver Broncos,1,2,0,4 Yard Pass,2nd & 5 at DEN 45,02:58 1st,— B.Nix pass short right to A.Trautman pushed ob at DEN 49 for 4 yards (E.Williams).
2026,PRESEASON WEEK 2,Friday,August 21st,GB,DEN,2nd Quarter,1,Denver Broncos,1,3,0,5 Yard Run,3rd & 1 at DEN 49,02:29 1st,— A.Prentice right tackle to GB 46 for 5 yards (L.Van Ness; C.McClellan).
2026,PRESEASON WEEK 2,Friday,August 21st,GB,DEN,2nd Quarter,1,Denver Broncos,1,4,0,Pass Incomplete,1st & 10 at GB 46,01:48 1st,— B.Nix pass incomplete deep left to P.Bryant.
2026,PRESEASON WEEK 2,Friday,August 21st,GB,DEN,2nd Quarter,1,Denver Broncos,1,5,0,14 Yard Pass,2nd & 10 at GB 46,01:42 1st Shotgun,— B.Nix pass short left to L.Humphrey pushed ob at GB 32 for 14 yards (B.St-Juste).
2026,PRESEASON WEEK 2,Friday,August 21st,GB,DEN,2nd Quarter,1,Denver Broncos,1,6,0,-1 Yard Run,1st & 10 at GB 32,01:23 1st No Huddle,— J.Coleman left end to GB 33 for -1 yards (Z.Franklin).
2026,PRESEASON WEEK 2,Friday,August 21st,GB,DEN,2nd Quarter,1,Denver Broncos,1,7,0,-5 Yard Penalty,2nd & 11 at GB 33,00:45 1st,"— PENALTY on DEN-G.Bolles, False Start, 5 yards, enforced at GB 33 - No Play."
2026,PRESEASON WEEK 2,Friday,August 21st,GB,DEN,2nd Quarter,1,Denver Broncos,1,8,0,-2 Yard Pass,2nd & 16 at GB 38,00:21 1st Shotgun,— B.Nix pass short right to J.Coleman to GB 40 for -2 yards (K.Hadden).
2026,PRESEASON WEEK 2,Friday,August 21st,GB,DEN,2nd Quarter,1,Denver Broncos,1,9,0,5 Yard Run,3rd & 18 at GB 40,15:00 2nd Shotgun,— J.Coleman left end to GB 35 for 5 yards (C.McClellan; K.Hadden).
2026,PRESEASON WEEK 2,Friday,August 21st,GB,DEN,2nd Quarter,1,Denver Broncos,1,10,1,Field Goal,4th & 13 at GB 35,14:12 2nd,"— W.Lutz 53 yard field goal is GOOD, Center-M.Fraboni, Holder-J.Crawshaw."
2026,PRESEASON WEEK 2,Friday,August 21st,GB,DEN,2nd Quarter,2,Green Bay Packers,1,1,0,Kickoff from DEN 35,,Kickoff,— W.Lutz kicks 65 yards from DEN 35 to GB 0. P.Strong to DEN 32 for 68 yards (S.Fresch).
2026,PRESEASON WEEK 2,Friday,August 21st,GB,DEN,2nd Quarter,2,Green Bay Packers,1,2,0,-8 Yard Run,1st & 10 at DEN 32,13:57 2nd,"— M.Lloyd right tackle to DEN 29 for 3 yards (J.Skinner). PENALTY on GB-J.Burton, Offensive Holding, 10 yards, enforced at DEN 30."
2026,PRESEASON WEEK 2,Friday,August 21st,GB,DEN,2nd Quarter,2,Green Bay Packers,1,3,0,7 Yard Pass,1st & 18 at DEN 40,13:31 2nd Shotgun,— T.Taylor pass short left to S.Moore to DEN 33 for 7 yards (K.Abrams-Draine).
2026,PRESEASON WEEK 2,Friday,August 21st,GB,DEN,2nd Quarter,2,Green Bay Packers,1,4,0,Pass Incomplete,2nd & 11 at DEN 33,12:55 2nd Shotgun,— T.Taylor pass incomplete short right to B.Melton.
2026,PRESEASON WEEK 2,Friday,August 21st,GB,DEN,2nd Quarter,2,Green Bay Packers,1,5,0,1 Yard Pass,3rd & 11 at DEN 33,12:50 2nd Shotgun,— T.Taylor pass short left to C.Brooks to DEN 32 for 1 yard (K.Reid).
2026,PRESEASON WEEK 2,Friday,August 21st,GB,DEN,2nd Quarter,2,Green Bay Packers,1,6,1,Field Goal,4th & 10 at DEN 32,12:08 2nd,"— T.Smack 51 yard field goal is GOOD, Center-C.Adomitis, Holder-D.Whelan."
2026,PRESEASON WEEK 2,Friday,August 21st,GB,DEN,2nd Quarter,3,Denver Broncos,0,1,0,Kickoff from GB 35,,Kickoff,— T.Smack kicks 60 yards from GB 35 to DEN 5. K.Katsis pushed ob at DEN 45 for 40 yards (T.Smack).
2026,PRESEASON WEEK 2,Friday,August 21st,GB,DEN,2nd Quarter,3,Denver Broncos,0,2,0,-4 Yard Run,1st & 10 at DEN 45,11:58 2nd,— J.McLaughlin right end to DEN 41 for -4 yards (I.McDuffie).
2026,PRESEASON WEEK 2,Friday,August 21st,GB,DEN,2nd Quarter,3,Denver Broncos,0,3,0,0 Yard Pass,2nd & 14 at DEN 41,11:18 2nd Shotgun,"— J.Stidham pass short right to J.McLaughlin to DEN 41 for no gain (T.Hopper). Penalty on DEN-F.Crum, Offensive Holding, declined."
2026,PRESEASON WEEK 2,Friday,August 21st,GB,DEN,2nd Quarter,3,Denver Broncos,0,4,0,6 Yard Run,3rd & 14 at DEN 41,10:51 2nd Shotgun,— J.Stidham scrambles up the middle to DEN 47 for 6 yards (I.McDuffie).
2026,PRESEASON WEEK 2,Friday,August 21st,GB,DEN,2nd Quarter,3,Denver Broncos,0,5,0,Punt,4th & 8 at DEN 47,10:08 2nd,"— J.Crawshaw punts 47 yards to GB 6, Center-L.Basso. S.Moore pushed ob at GB 22 for 16 yards (L.Krull)."
2026,PRESEASON WEEK 2,Friday,August 21st,GB,DEN,2nd Quarter,4,Green Bay Packers,1,1,0,2 Yard Run,1st & 10 at GB 22,09:57 2nd,— C.Brooks left guard to GB 24 for 2 yards (D.Key; T.Onyedim).
2026,PRESEASON WEEK 2,Friday,August 21st,GB,DEN,2nd Quarter,4,Green Bay Packers,1,2,0,Pass Incomplete,2nd & 8 at GB 24,09:17 2nd Shotgun,— T.Taylor pass incomplete deep left to B.Melton [Q.Robinson].
2026,PRESEASON WEEK 2,Friday,August 21st,GB,DEN,2nd Quarter,4,Green Bay Packers,1,3,0,18 Yard Penalty,3rd & 8 at GB 24,09:09 2nd Shotgun,"— T.Taylor pass incomplete deep right to B.Melton [J.Barron]. PENALTY on DEN-K.Abrams-Draine, Defensive Pass Interference, 18 yards, enforced at GB 24 - No Play."
2026,PRESEASON WEEK 2,Friday,August 21st,GB,DEN,2nd Quarter,4,Green Bay Packers,1,4,0,6 Yard Run,1st & 10 at GB 42,09:04 2nd,— S.Moore right end to GB 48 for 6 yards (J.Miller; J.Barron).
2026,PRESEASON WEEK 2,Friday,August 21st,GB,DEN,2nd Quarter,4,Green Bay Packers,1,5,0,12 Yard Run,2nd & 4 at GB 48,08:25 2nd,— P.Strong right end to DEN 40 for 12 yards (K.Abrams-Draine; J.Turner).
2026,PRESEASON WEEK 2,Friday,August 21st,GB,DEN,2nd Quarter,4,Green Bay Packers,1,6,0,7 Yard Run,1st & 10 at DEN 40,07:48 2nd,— P.Strong right tackle to DEN 33 for 7 yards (D.Key).
2026,PRESEASON WEEK 2,Friday,August 21st,GB,DEN,2nd Quarter,4,Green Bay Packers,1,7,0,0 Yard Run,2nd & 3 at DEN 33,07:09 2nd,— C.Brooks up the middle to DEN 33 for no gain (D.Tillman; K.Reid).
2026,PRESEASON WEEK 2,Friday,August 21st,GB,DEN,2nd Quarter,4,Green Bay Packers,1,8,0,15 Yard Penalty,3rd & 3 at DEN 33,06:27 2nd Shotgun,"— T.Taylor pass incomplete deep right to B.Melton. PENALTY on DEN-Q.Robinson, Roughing the Passer, 15 yards, enforced at DEN 33 - No Play."
2026,PRESEASON WEEK 2,Friday,August 21st,GB,DEN,2nd Quarter,4,Green Bay Packers,1,9,0,3 Yard Run,1st & 10 at DEN 18,06:21 2nd Shotgun,— C.Brooks right tackle to DEN 15 for 3 yards (S.Jones; D.Tillman).
2026,PRESEASON WEEK 2,Friday,August 21st,GB,DEN,2nd Quarter,4,Green Bay Packers,1,10,0,5 Yard Run,2nd & 7 at DEN 15,05:48 2nd,— C.Brooks right tackle to DEN 10 for 5 yards (J.Elliss; D.Tillman).
2026,PRESEASON WEEK 2,Friday,August 21st,GB,DEN,2nd Quarter,4,Green Bay Packers,1,11,0,7 Yard Pass,3rd & 2 at DEN 10,05:08 2nd Shotgun,— T.Taylor pass short right to B.Melton to DEN 3 for 7 yards (K.Abrams-Draine).
2026,PRESEASON WEEK 2,Friday,August 21st,GB,DEN,2nd Quarter,4,Green Bay Packers,1,12,0,Timeout,,04:28 2nd,— Timeout #1 by GB at 04:28.
2026,PRESEASON WEEK 2,Friday,August 21st,GB,DEN,2nd Quarter,4,Green Bay Packers,1,13,0,0 Yard Run,1st & 3 at DEN 3,04:28 2nd,— P.Strong right end to DEN 3 for no gain (T.Onyedim; J.Elliss).
2026,PRESEASON WEEK 2,Friday,August 21st,GB,DEN,2nd Quarter,4,Green Bay Packers,1,14,0,1 Yard Run,2nd & 3 at DEN 3,03:51 2nd Shotgun,— P.Strong right tackle to DEN 2 for 1 yard (J.Jackson).
2026,PRESEASON WEEK 2,Friday,August 21st,GB,DEN,2nd Quarter,4,Green Bay Packers,1,15,1,Touchdown,3rd & 2 at DEN 2,03:11 2nd Shotgun,"— T.Taylor pass short left to W.Sheppard for 2 yards, TOUCHDOWN."
2026,PRESEASON WEEK 2,Friday,August 21st,GB,DEN,2nd Quarter,4,Green Bay Packers,1,16,1,Extra Point,,03:07 2nd,"— T.Smack extra point is GOOD, Center-C.Adomitis, Holder-D.Whelan."
2026,PRESEASON WEEK 2,Friday,August 21st,GB,DEN,2nd Quarter,5,Denver Broncos,0,1,0,Kickoff from GB 35,,Kickoff,— T.Smack kicks 62 yards from GB 35 to DEN 3. K.Katsis to DEN 29 for 26 yards (K.Welch).
2026,PRESEASON WEEK 2,Friday,August 21st,GB,DEN,2nd Quarter,5,Denver Broncos,0,2,0,25 Yard Pass,1st & 10 at DEN 29,03:02 2nd Shotgun,— J.Stidham pass short middle to Da.Key to GB 46 for 25 yards (M.Perry; K.Oladapo).
2026,PRESEASON WEEK 2,Friday,August 21st,GB,DEN,2nd Quarter,5,Denver Broncos,0,3,0,Pass Incomplete,1st & 10 at GB 46,"02:40 2nd No Huddle, Shotgun",— J.Stidham pass incomplete deep left to Da.Key (B.St-Juste).
2026,PRESEASON WEEK 2,Friday,August 21st,GB,DEN,2nd Quarter,5,Denver Broncos,0,4,0,Pass Incomplete,2nd & 10 at GB 46,02:33 2nd Shotgun,— J.Stidham pass incomplete short middle.
2026,PRESEASON WEEK 2,Friday,August 21st,GB,DEN,2nd Quarter,5,Denver Broncos,0,5,0,5 Yard Pass,3rd & 10 at GB 46,02:30 2nd Shotgun,— J.Stidham pass short left to J.McLaughlin to GB 41 for 5 yards (K.Hadden; I.McDuffie).
2026,PRESEASON WEEK 2,Friday,August 21st,GB,DEN,2nd Quarter,5,Denver Broncos,0,6,0,Pass Incomplete,4th & 5 at GB 41,02:00 2nd Shotgun,— J.Stidham pass incomplete deep right to L.Humphrey.
2026,PRESEASON WEEK 2,Friday,August 21st,GB,DEN,2nd Quarter,6,Green Bay Packers,1,1,0,8 Yard Pass,1st & 10 at GB 41,01:54 2nd Shotgun,— K.McCord pass short right to J.Sturdivant to GB 49 for 8 yards (R.Murdock; B.Austin). GB-J.Sturdivant was injured during the play.
2026,PRESEASON WEEK 2,Friday,August 21st,GB,DEN,2nd Quarter,6,Green Bay Packers,1,2,0,Timeout,,01:42 2nd,— Timeout #2 by GB at 01:42.
2026,PRESEASON WEEK 2,Friday,August 21st,GB,DEN,2nd Quarter,6,Green Bay Packers,1,3,0,5 Yard Pass,2nd & 2 at GB 49,01:42 2nd Shotgun,— K.McCord pass short left to W.Sheppard to DEN 46 for 5 yards (B.Austin).
2026,PRESEASON WEEK 2,Friday,August 21st,GB,DEN,2nd Quarter,6,Green Bay Packers,1,4,0,-4 Yard Run,1st & 10 at DEN 46,"01:24 2nd No Huddle, Shotgun","— P.Strong left end to DEN 38 for 8 yards (J.Skinner; D.Tillman). PENALTY on GB-I.Neyor, Illegal Block Above the Waist, 10 yards, enforced at DEN 40."
2026,PRESEASON WEEK 2,Friday,August 21st,GB,DEN,2nd Quarter,6,Green Bay Packers,1,5,0,9 Yard Pass,1st & 14 at 50,01:19 2nd Shotgun,— K.McCord pass short middle to I.Neyor to DEN 41 for 9 yards (K.Abrams-Draine).
2026,PRESEASON WEEK 2,Friday,August 21st,GB,DEN,2nd Quarter,6,Green Bay Packers,1,6,0,Pass Incomplete,2nd & 5 at DEN 41,"01:00 2nd No Huddle, Shotgun",— K.McCord pass incomplete deep right to I.Neyor (K.Abrams-Draine).
2026,PRESEASON WEEK 2,Friday,August 21st,GB,DEN,2nd Quarter,6,Green Bay Packers,1,7,0,Pass Incomplete,3rd & 5 at DEN 41,00:58 2nd Shotgun,— K.McCord pass incomplete short right.
2026,PRESEASON WEEK 2,Friday,August 21st,GB,DEN,2nd Quarter,6,Green Bay Packers,1,8,1,Field Goal,4th & 5 at DEN 41,00:54 2nd,"— T.Smack 59 yard field goal is GOOD, Center-C.Adomitis, Holder-D.Whelan."
2026,PRESEASON WEEK 2,Friday,August 21st,GB,DEN,2nd Quarter,7,Denver Broncos,0,1,0,Kickoff from GB 35,,Kickoff,— T.Smack kicks 62 yards from GB 35 to DEN 3. K.Katsis to DEN 26 for 23 yards (K.Welch; A.Mosby).
2026,PRESEASON WEEK 2,Friday,August 21st,GB,DEN,2nd Quarter,7,Denver Broncos,0,2,0,Interception,1st & 10 at DEN 26,00:45 2nd Shotgun,— J.Stidham pass short right intended for L.Krull INTERCEPTED by M.Perry at DEN 35. M.Perry to DEN 33 for 2 yards (T.Badie).
2026,PRESEASON WEEK 2,Friday,August 21st,GB,DEN,2nd Quarter,8,Green Bay Packers,1,1,0,Pass Incomplete,1st & 10 at DEN 33,00:40 2nd Shotgun,— K.McCord pass incomplete short right to K.Johnson.
2026,PRESEASON WEEK 2,Friday,August 21st,GB,DEN,2nd Quarter,8,Green Bay Packers,1,2,0,Pass Incomplete,2nd & 10 at DEN 33,00:38 2nd Shotgun,— K.McCord pass incomplete short right to I.Neyor.
2026,PRESEASON WEEK 2,Friday,August 21st,GB,DEN,2nd Quarter,8,Green Bay Packers,1,3,0,9 Yard Pass,3rd & 10 at DEN 33,00:34 2nd Shotgun,— K.McCord pass short right to W.Sheppard to DEN 24 for 9 yards (K.Reid; D.Key).
2026,PRESEASON WEEK 2,Friday,August 21st,GB,DEN,2nd Quarter,8,Green Bay Packers,1,4,0,Timeout,,00:02 2nd,— Timeout #3 by GB at 00:02.
2026,PRESEASON WEEK 2,Friday,August 21st,GB,DEN,2nd Quarter,8,Green Bay Packers,1,5,1,Field Goal,4th & 1 at DEN 24,00:02 2nd,"— T.Smack 43 yard field goal is GOOD, Center-C.Adomitis, Holder-D.Whelan."
2026,PRESEASON WEEK 2,Friday,August 21st,GB,DEN,3rd Quarter,1,Denver Broncos,0,1,0,Kickoff from GB 35,,Kickoff,— T.Smack kicks 64 yards from GB 35 to DEN 1. C.Ross to DEN 27 for 26 yards (T.Quinn).
2026,PRESEASON WEEK 2,Friday,August 21st,GB,DEN,3rd Quarter,1,Denver Broncos,0,2,0,3 Yard Run,1st & 10 at DEN 27,14:55 3rd,— T.Badie right tackle to DEN 30 for 3 yards (N.Niemann; C.McClellan).
2026,PRESEASON WEEK 2,Friday,August 21st,GB,DEN,3rd Quarter,1,Denver Broncos,0,3,0,3 Yard Run,2nd & 7 at DEN 30,14:10 3rd,— T.Badie right end to DEN 33 for 3 yards (B.Cox; C.McClellan).
2026,PRESEASON WEEK 2,Friday,August 21st,GB,DEN,3rd Quarter,1,Denver Broncos,0,4,0,18 Yard Pass,3rd & 4 at DEN 33,13:30 3rd Shotgun,— J.Stidham pass short middle to L.Humphrey to GB 49 for 18 yards (K.Hadden; K.Oladapo).
2026,PRESEASON WEEK 2,Friday,August 21st,GB,DEN,3rd Quarter,1,Denver Broncos,0,5,0,-10 Yard Penalty,1st & 10 at GB 49,"13:08 3rd No Huddle, Shotgun","— T.Badie right end pushed ob at GB 48 for 1 yard (N.Niemann). PENALTY on DEN-A.Palczewski, Offensive Holding, 10 yards, enforced at GB 49 - No Play."
2026,PRESEASON WEEK 2,Friday,August 21st,GB,DEN,3rd Quarter,1,Denver Broncos,0,6,0,-5 Yard Run,1st & 20 at DEN 41,12:44 3rd,— T.Badie left end to DEN 36 for -5 yards (K.Hadden).
2026,PRESEASON WEEK 2,Friday,August 21st,GB,DEN,3rd Quarter,1,Denver Broncos,0,7,0,10 Yard Pass,2nd & 25 at DEN 36,12:16 3rd Shotgun,— J.Stidham pass short right to C.Ross to DEN 46 for 10 yards (D.Jackson).
2026,PRESEASON WEEK 2,Friday,August 21st,GB,DEN,3rd Quarter,1,Denver Broncos,0,8,0,3 Yard Pass,3rd & 15 at DEN 46,11:38 3rd Shotgun,— J.Stidham pass short right to T.Badie to DEN 49 for 3 yards (N.Niemann).
2026,PRESEASON WEEK 2,Friday,August 21st,GB,DEN,3rd Quarter,1,Denver Broncos,0,9,0,Punt,4th & 12 at DEN 49,10:56 3rd,"— J.Crawshaw punts 44 yards to GB 7, Center-L.Basso. W.Sheppard to GB 11 for 4 yards (R.Murdock; D.McCullough)."
2026,PRESEASON WEEK 2,Friday,August 21st,GB,DEN,3rd Quarter,2,Green Bay Packers,0,1,0,8 Yard Run,1st & 10 at GB 11,10:44 3rd,— P.Strong up the middle to GB 19 for 8 yards (T.Onyedim).
2026,PRESEASON WEEK 2,Friday,August 21st,GB,DEN,3rd Quarter,2,Green Bay Packers,0,2,0,4 Yard Run,2nd & 2 at GB 19,10:06 3rd,— P.Strong left guard to GB 23 for 4 yards (J.Skinner).
2026,PRESEASON WEEK 2,Friday,August 21st,GB,DEN,3rd Quarter,2,Green Bay Packers,0,3,0,11 Yard Pass,1st & 10 at GB 23,09:37 3rd,— K.McCord pass short right to M.Swinson pushed ob at GB 34 for 11 yards (J.Barron).
2026,PRESEASON WEEK 2,Friday,August 21st,GB,DEN,3rd Quarter,2,Green Bay Packers,0,4,0,-1 Yard Run,1st & 10 at GB 34,09:07 3rd,— P.Strong right tackle to GB 33 for -1 yards (J.Barron).
2026,PRESEASON WEEK 2,Friday,August 21st,GB,DEN,3rd Quarter,2,Green Bay Packers,0,5,0,Pass Incomplete,2nd & 11 at GB 33,08:27 3rd Shotgun,"— K.McCord pass incomplete short left to J.Nixon. Penalty on GB-I.Neyor, Offensive Pass Interference, declined."
2026,PRESEASON WEEK 2,Friday,August 21st,GB,DEN,3rd Quarter,2,Green Bay Packers,0,6,0,-10 Yard Sack,3rd & 11 at GB 33,08:23 3rd Shotgun,— K.McCord sacked at GB 23 for -10 yards (Q.Robinson).
2026,PRESEASON WEEK 2,Friday,August 21st,GB,DEN,3rd Quarter,2,Green Bay Packers,0,7,0,Punt,4th & 21 at GB 23,07:47 3rd,"— D.Whelan punts 51 yards to DEN 26, Center-C.Adomitis. K.Katsis to DEN 43 for 17 yards (S.Bartholomew)."
2026,PRESEASON WEEK 2,Friday,August 21st,GB,DEN,3rd Quarter,3,Denver Broncos,1,1,0,-10 Yard Penalty,1st & 10 at DEN 43,07:36 3rd,"— J.McLaughlin right end to 50 for 7 yards (N.Niemann). PENALTY on DEN-L.Krull, Offensive Holding, 10 yards, enforced at DEN 43 - No Play."
2026,PRESEASON WEEK 2,Friday,August 21st,GB,DEN,3rd Quarter,3,Denver Broncos,1,2,0,5 Yard Run,1st & 20 at DEN 33,07:10 3rd,— J.McLaughlin left end to DEN 38 for 5 yards (J.Simpson).
2026,PRESEASON WEEK 2,Friday,August 21st,GB,DEN,3rd Quarter,3,Denver Broncos,1,3,0,4 Yard Pass,2nd & 15 at DEN 38,06:32 3rd Shotgun,— J.Stidham pass short right to J.McLaughlin to DEN 42 for 4 yards (K.Oladapo).
2026,PRESEASON WEEK 2,Friday,August 21st,GB,DEN,3rd Quarter,3,Denver Broncos,1,4,0,12 Yard Pass,3rd & 11 at DEN 42,05:51 3rd Shotgun,— J.Stidham pass short left to C.Ross to GB 46 for 12 yards (J.Simpson).
2026,PRESEASON WEEK 2,Friday,August 21st,GB,DEN,3rd Quarter,3,Denver Broncos,1,5,0,-9 Yard Run,1st & 10 at GB 46,05:05 3rd,"— T.Badie up the middle to GB 42 for 4 yards (T.Hopper). PENALTY on DEN-A.Prentice, Offensive Holding, 10 yards, enforced at GB 45."
2026,PRESEASON WEEK 2,Friday,August 21st,GB,DEN,3rd Quarter,3,Denver Broncos,1,6,0,12 Yard Penalty,1st & 19 at DEN 45,04:36 3rd Shotgun,"— J.Stidham pass incomplete short middle to J.Manjack [N.Kelly]. PENALTY on GB-K.Oladapo, Defensive Pass Interference, 12 yards, enforced at DEN 45 - No Play."
2026,PRESEASON WEEK 2,Friday,August 21st,GB,DEN,3rd Quarter,3,Denver Broncos,1,7,0,12 Yard Run,1st & 10 at GB 43,04:32 3rd Shotgun,— J.McLaughlin up the middle to GB 31 for 12 yards (T.Hopper; M.Kenion).
2026,PRESEASON WEEK 2,Friday,August 21st,GB,DEN,3rd Quarter,3,Denver Broncos,1,8,0,2 Yard Run,1st & 10 at GB 31,03:53 3rd Shotgun,— J.McLaughlin left end pushed ob at GB 29 for 2 yards (M.Kenion).
2026,PRESEASON WEEK 2,Friday,August 21st,GB,DEN,3rd Quarter,3,Denver Broncos,1,9,0,5 Yard Pass,2nd & 8 at GB 29,03:22 3rd Shotgun,— J.Stidham pass short left to C.Schrader to GB 24 for 5 yards (N.Niemann).
2026,PRESEASON WEEK 2,Friday,August 21st,GB,DEN,3rd Quarter,3,Denver Broncos,1,10,0,-1 Yard Run,3rd & 3 at GB 24,02:44 3rd Shotgun,"— C.Schrader left end to GB 25 for -1 yards (C.McClellan, A.Campbell)."
2026,PRESEASON WEEK 2,Friday,August 21st,GB,DEN,3rd Quarter,3,Denver Broncos,1,11,0,6 Yard Run,4th & 4 at GB 25,02:08 3rd Shotgun,— J.Stidham scrambles up the middle to GB 19 for 6 yards (T.Hopper).
2026,PRESEASON WEEK 2,Friday,August 21st,GB,DEN,3rd Quarter,3,Denver Broncos,1,12,0,-1 Yard Run,1st & 10 at GB 19,01:29 3rd,"— J.Stidham FUMBLES (Aborted) at GB 19, and recovers at GB 20."
2026,PRESEASON WEEK 2,Friday,August 21st,GB,DEN,3rd Quarter,3,Denver Broncos,1,13,0,Pass Incomplete,2nd & 11 at GB 20,00:49 3rd Shotgun,— J.Stidham pass incomplete deep right to H.Butler (M.Devonshire).
2026,PRESEASON WEEK 2,Friday,August 21st,GB,DEN,3rd Quarter,3,Denver Broncos,1,14,0,Pass Incomplete,3rd & 11 at GB 20,00:44 3rd Shotgun,— J.Stidham pass incomplete deep left to H.Butler.
2026,PRESEASON WEEK 2,Friday,August 21st,GB,DEN,3rd Quarter,3,Denver Broncos,1,15,1,Field Goal,4th & 11 at GB 20,00:39 3rd,"— W.Lutz 38 yard field goal is GOOD, Center-M.Fraboni, Holder-J.Crawshaw."
2026,PRESEASON WEEK 2,Friday,August 21st,GB,DEN,4th Quarter,1,Green Bay Packers,1,1,0,Kickoff from DEN 35,,Kickoff,"— W.Lutz kicks 64 yards from DEN 35 to GB 1, out of bounds. PENALTY on DEN-W.Lutz, Kickoff Out of Bounds, placed at GB 40."
2026,PRESEASON WEEK 2,Friday,August 21st,GB,DEN,4th Quarter,1,Green Bay Packers,1,2,0,27 Yard Pass,1st & 10 at GB 40,00:36 3rd,— K.McCord pass deep middle to I.Neyor to DEN 33 for 27 yards (B.Austin).
2026,PRESEASON WEEK 2,Friday,August 21st,GB,DEN,4th Quarter,1,Green Bay Packers,1,3,0,-3 Yard Run,1st & 10 at DEN 33,15:00 4th,— J.Nixon left guard to DEN 36 for -3 yards (R.Taylor).
2026,PRESEASON WEEK 2,Friday,August 21st,GB,DEN,4th Quarter,1,Green Bay Packers,1,4,0,6 Yard Pass,2nd & 13 at DEN 36,14:22 4th Shotgun,— K.McCord pass short right to W.Sheppard to DEN 30 for 6 yards (R.Murdock).
2026,PRESEASON WEEK 2,Friday,August 21st,GB,DEN,4th Quarter,1,Green Bay Packers,1,5,0,11 Yard Pass,3rd & 7 at DEN 30,13:41 4th Shotgun,— K.McCord pass short left to I.Neyor pushed ob at DEN 19 for 11 yards (R.Taylor).
2026,PRESEASON WEEK 2,Friday,August 21st,GB,DEN,4th Quarter,1,Green Bay Packers,1,6,0,16 Yard Run,1st & 10 at DEN 19,13:05 4th,— J.Nixon up the middle to DEN 3 for 16 yards (B.Austin; T.Anderson). DEN-T.Anderson was injured during the play.
2026,PRESEASON WEEK 2,Friday,August 21st,GB,DEN,4th Quarter,1,Green Bay Packers,1,7,0,Pass Incomplete,1st & 3 at DEN 3,12:40 4th,— K.McCord pass incomplete short left to I.Neyor.
2026,PRESEASON WEEK 2,Friday,August 21st,GB,DEN,4th Quarter,1,Green Bay Packers,1,8,1,Touchdown,2nd & 3 at DEN 3,12:37 4th,"— J.Nixon left tackle for 3 yards, TOUCHDOWN."
2026,PRESEASON WEEK 2,Friday,August 21st,GB,DEN,4th Quarter,1,Green Bay Packers,1,9,1,Extra Point,,12:31 4th,"— T.Smack extra point is GOOD, Center-C.Adomitis, Holder-D.Whelan."
2026,PRESEASON WEEK 2,Friday,August 21st,GB,DEN,4th Quarter,2,Denver Broncos,0,1,0,Kickoff from GB 35,,Kickoff,— T.Smack kicks 64 yards from GB 35 to DEN 1. K.Katsis to DEN 29 for 28 yards (T.Quinn; D.Dabney).
2026,PRESEASON WEEK 2,Friday,August 21st,GB,DEN,4th Quarter,2,Denver Broncos,0,2,0,6 Yard Pass,1st & 10 at DEN 29,12:25 4th Shotgun,— S.Ehlinger pass short middle to J.Joly to DEN 35 for 6 yards (K.Welch; K.Oladapo).
2026,PRESEASON WEEK 2,Friday,August 21st,GB,DEN,4th Quarter,2,Denver Broncos,0,3,0,5 Yard Run,2nd & 4 at DEN 35,11:53 4th Shotgun,— C.Schrader left end to DEN 40 for 5 yards (T.Quinn; K.Welch).
2026,PRESEASON WEEK 2,Friday,August 21st,GB,DEN,4th Quarter,2,Denver Broncos,0,4,0,6 Yard Run,1st & 10 at DEN 40,"11:25 4th No Huddle, Shotgun",— S.Ehlinger scrambles left end ran ob at DEN 46 for 6 yards (K.Welch).
2026,PRESEASON WEEK 2,Friday,August 21st,GB,DEN,4th Quarter,2,Denver Broncos,0,5,0,4 Yard Pass,2nd & 4 at DEN 46,10:53 4th Shotgun,— S.Ehlinger pass short left to J.Joly to 50 for 4 yards (K.Welch).
2026,PRESEASON WEEK 2,Friday,August 21st,GB,DEN,4th Quarter,2,Denver Broncos,0,6,0,1 Yard Run,1st & 10 at 50,10:14 4th Shotgun,— S.Ehlinger scrambles left end ran ob at GB 49 for 1 yard (K.Welch).
2026,PRESEASON WEEK 2,Friday,August 21st,GB,DEN,4th Quarter,2,Denver Broncos,0,7,0,Timeout,,09:36 4th,— Timeout #1 by DEN at 09:36.
2026,PRESEASON WEEK 2,Friday,August 21st,GB,DEN,4th Quarter,2,Denver Broncos,0,8,0,-4 Yard Sack,2nd & 9 at GB 49,09:36 4th Shotgun,"— S.Ehlinger sacked at DEN 47 for -4 yards (N.Kelly). FUMBLES (N.Kelly), and recovers at DEN 47."
2026,PRESEASON WEEK 2,Friday,August 21st,GB,DEN,4th Quarter,2,Denver Broncos,0,9,0,-9 Yard Sack,3rd & 13 at DEN 47,08:55 4th Shotgun,— S.Ehlinger sacked at DEN 38 for -9 yards (A.Campbell).
2026,PRESEASON WEEK 2,Friday,August 21st,GB,DEN,4th Quarter,2,Denver Broncos,0,10,0,Punt,4th & 22 at DEN 38,08:16 4th,"— J.Crawshaw punts 41 yards to GB 21, Center-L.Basso, out of bounds."
2026,PRESEASON WEEK 2,Friday,August 21st,GB,DEN,4th Quarter,3,Green Bay Packers,1,1,0,5 Yard Penalty,1st & 10 at GB 21,08:09 4th,"— K.McCord pass short right to M.Castles to GB 23 for 2 yards (T.York). PENALTY on DEN-D.McCullough, Defensive Offside, 5 yards, enforced at GB 21 - No Play."
2026,PRESEASON WEEK 2,Friday,August 21st,GB,DEN,4th Quarter,3,Green Bay Packers,1,2,0,4 Yard Run,1st & 5 at GB 26,07:45 4th,— J.Nixon left guard to GB 30 for 4 yards (J.Miller; R.Murdock).
2026,PRESEASON WEEK 2,Friday,August 21st,GB,DEN,4th Quarter,3,Green Bay Packers,1,3,0,6 Yard Pass,2nd & 1 at GB 30,07:12 4th,— K.McCord pass short right to T.Yassmin to GB 36 for 6 yards (M.Scott).
2026,PRESEASON WEEK 2,Friday,August 21st,GB,DEN,4th Quarter,3,Green Bay Packers,1,4,0,5 Yard Pass,1st & 10 at GB 36,06:30 4th Shotgun,— K.McCord pass short right to W.Sheppard pushed ob at GB 41 for 5 yards (M.Scott).
2026,PRESEASON WEEK 2,Friday,August 21st,GB,DEN,4th Quarter,3,Green Bay Packers,1,5,0,4 Yard Run,2nd & 5 at GB 41,06:03 4th,— D.Martinez right guard to GB 45 for 4 yards (T.Onyedim; B.Austin).
2026,PRESEASON WEEK 2,Friday,August 21st,GB,DEN,4th Quarter,3,Green Bay Packers,1,6,0,2 Yard Run,3rd & 1 at GB 45,05:31 4th Shotgun,— D.Martinez left guard to GB 47 for 2 yards (R.Murdock; B.Austin).
2026,PRESEASON WEEK 2,Friday,August 21st,GB,DEN,4th Quarter,3,Green Bay Packers,1,7,0,4 Yard Run,1st & 10 at GB 47,04:58 4th,— D.Martinez up the middle to DEN 49 for 4 yards (D.McCullough).
2026,PRESEASON WEEK 2,Friday,August 21st,GB,DEN,4th Quarter,3,Green Bay Packers,1,8,0,5 Yard Run,2nd & 6 at DEN 49,04:21 4th,— D.Martinez up the middle to DEN 44 for 5 yards (R.Murdock; J.Miller).
2026,PRESEASON WEEK 2,Friday,August 21st,GB,DEN,4th Quarter,3,Green Bay Packers,1,9,0,2 Yard Run,3rd & 1 at DEN 44,03:38 4th,— K.McCord up the middle to DEN 42 for 2 yards (J.Walker; R.Murdock).
2026,PRESEASON WEEK 2,Friday,August 21st,GB,DEN,4th Quarter,3,Green Bay Packers,1,10,0,20 Yard Pass,1st & 10 at DEN 42,03:02 4th,— K.McCord pass deep middle to W.Sheppard to DEN 22 for 20 yards (R.Taylor).
2026,PRESEASON WEEK 2,Friday,August 21st,GB,DEN,4th Quarter,3,Green Bay Packers,1,11,0,2 Yard Run,1st & 10 at DEN 22,02:20 4th,— D.Martinez left end to DEN 20 for 2 yards (J.Walker; S.Jones).
2026,PRESEASON WEEK 2,Friday,August 21st,GB,DEN,4th Quarter,3,Green Bay Packers,1,12,0,Pass Incomplete,2nd & 8 at DEN 20,02:00 4th,— K.McCord pass incomplete short right to K.Johnson.
2026,PRESEASON WEEK 2,Friday,August 21st,GB,DEN,4th Quarter,3,Green Bay Packers,1,13,0,1 Yard Pass,3rd & 8 at DEN 20,01:53 4th Shotgun,— K.McCord pass short left to D.Martinez to DEN 19 for 1 yard (P.Robertson).
2026,PRESEASON WEEK 2,Friday,August 21st,GB,DEN,4th Quarter,3,Green Bay Packers,1,14,1,Field Goal,4th & 7 at DEN 19,01:08 4th,"— T.Smack 38 yard field goal is GOOD, Center-C.Adomitis, Holder-D.Whelan."
2026,PRESEASON WEEK 2,Friday,August 21st,GB,DEN,4th Quarter,4,Denver Broncos,0,1,0,Kickoff from GB 35,,Kickoff,"— T.Smack kicks 65 yards from GB 35 to end zone, Touchback to the DEN 35."
2026,PRESEASON WEEK 2,Friday,August 21st,GB,DEN,4th Quarter,4,Denver Broncos,0,2,0,6 Yard Run,1st & 10 at DEN 35,01:05 4th,— C.Schrader left guard to DEN 41 for 6 yards (T.Quinn; S.Bartholomew).
2026,PRESEASON WEEK 2,Friday,August 21st,GB,DEN,4th Quarter,4,Denver Broncos,0,3,0,5 Yard Run,2nd & 4 at DEN 41,00:30 4th,— C.Schrader right guard to DEN 46 for 5 yards (A.Campbell).
2026,PRESEASON WEEK 2,Saturday,August 22nd,WAS,DET,1st Quarter,1,Washington Commanders,1,1,0,Kickoff from WAS 35,,Kickoff,— D.Stevens kicks 64 yards from WAS 35 to DET 1. T.Kennedy to DET 23 for 22 yards (P.Butler).
2026,PRESEASON WEEK 2,Saturday,August 22nd,WAS,DET,1st Quarter,1,Washington Commanders,1,2,0,4 Yard Run,1st & 10 at DET 23,14:56 1st,— J.Saylors right tackle to DET 27 for 4 yards (J.Jean-Baptiste).
2026,PRESEASON WEEK 2,Saturday,August 22nd,WAS,DET,1st Quarter,1,Washington Commanders,1,3,1,Touchdown,2nd & 6 at DET 27,14:22 1st,"— J.Dobbs sacked at DET 18 for -9 yards (A.Robertson). FUMBLES (A.Robertson) [A.Robertson], touched at DET 12, RECOVERED by WAS-J.Josephs at DET -2. TOUCHDOWN. Penalty on DET, Illegal Formation, declined."
2026,PRESEASON WEEK 2,Saturday,August 22nd,WAS,DET,1st Quarter,2,Detroit Lions,0,1,0,Kickoff from WAS 35,,Kickoff,— D.Stevens kicks 54 yards from WAS 35 to DET 11. T.Kennedy to DET 29 for 18 yards (D.Rush).
2026,PRESEASON WEEK 2,Saturday,August 22nd,WAS,DET,1st Quarter,2,Detroit Lions,0,2,0,3 Yard Pass,1st & 10 at DET 29,14:05 1st,— J.Dobbs pass short right to B.Wright to DET 32 for 3 yards (F.Moreau).
2026,PRESEASON WEEK 2,Saturday,August 22nd,WAS,DET,1st Quarter,2,Detroit Lions,0,3,0,6 Yard Run,2nd & 7 at DET 32,13:33 1st,— J.Saylors up the middle to DET 38 for 6 yards (S.Styles; T.Owens).
2026,PRESEASON WEEK 2,Saturday,August 22nd,WAS,DET,1st Quarter,2,Detroit Lions,0,4,0,3 Yard Run,3rd & 1 at DET 38,12:54 1st,— J.Dobbs up the middle to DET 41 for 3 yards (J.Josephs; C.Omenihu).
2026,PRESEASON WEEK 2,Saturday,August 22nd,WAS,DET,1st Quarter,2,Detroit Lions,0,5,0,4 Yard Run,1st & 10 at DET 41,12:23 1st,— J.Small right tackle to DET 45 for 4 yards (L.Chenal; C.Omenihu).
2026,PRESEASON WEEK 2,Saturday,August 22nd,WAS,DET,1st Quarter,2,Detroit Lions,0,6,0,Pass Incomplete,2nd & 6 at DET 45,11:45 1st Shotgun,— J.Dobbs pass incomplete deep middle to T.Martin.
2026,PRESEASON WEEK 2,Saturday,August 22nd,WAS,DET,1st Quarter,2,Detroit Lions,0,7,0,Interception,3rd & 6 at DET 45,11:41 1st Shotgun,— J.Dobbs pass short middle intended for T.Martin INTERCEPTED by Q.Martin at WAS 44. Q.Martin to 50 for 6 yards (J.Small).
2026,PRESEASON WEEK 2,Saturday,August 22nd,WAS,DET,1st Quarter,3,Washington Commanders,0,1,0,Pass Incomplete,1st & 10 at 50,11:31 1st Shotgun,— J.Daniels pass incomplete short right.
2026,PRESEASON WEEK 2,Saturday,August 22nd,WAS,DET,1st Quarter,3,Washington Commanders,0,2,0,-10 Yard Sack,2nd & 10 at 50,11:26 1st,— J.Daniels sacked at WAS 40 for -10 yards (D.Wonnum).
2026,PRESEASON WEEK 2,Saturday,August 22nd,WAS,DET,1st Quarter,3,Washington Commanders,0,3,0,11 Yard Run,3rd & 20 at WAS 40,10:40 1st Shotgun,— K.Allen up the middle to DET 49 for 11 yards (D.Wonnum; C.Clark).
2026,PRESEASON WEEK 2,Saturday,August 22nd,WAS,DET,1st Quarter,3,Washington Commanders,0,4,0,Punt,4th & 9 at DET 49,10:02 1st,"— T.Way punts 39 yards to DET 10, Center-T.Ott, fair catch by T.Kennedy."
2026,PRESEASON WEEK 2,Saturday,August 22nd,WAS,DET,1st Quarter,4,Detroit Lions,1,1,0,11 Yard Run,1st & 10 at DET 10,09:56 1st,— J.Small left tackle to DET 21 for 11 yards (W.Harris).
2026,PRESEASON WEEK 2,Saturday,August 22nd,WAS,DET,1st Quarter,4,Detroit Lions,1,2,0,1 Yard Run,1st & 10 at DET 21,09:23 1st,— J.Small right end to DET 22 for 1 yard (L.Chenal).
2026,PRESEASON WEEK 2,Saturday,August 22nd,WAS,DET,1st Quarter,4,Detroit Lions,1,3,0,4 Yard Pass,2nd & 9 at DET 22,08:41 1st Shotgun,— J.Dobbs pass short left to C.Wilson to DET 26 for 4 yards (T.Maguranyanga).
2026,PRESEASON WEEK 2,Saturday,August 22nd,WAS,DET,1st Quarter,4,Detroit Lions,1,4,0,17 Yard Pass,3rd & 5 at DET 26,08:04 1st Shotgun,— J.Dobbs pass deep middle to C.Wilson to DET 43 for 17 yards (R.Douglas).
2026,PRESEASON WEEK 2,Saturday,August 22nd,WAS,DET,1st Quarter,4,Detroit Lions,1,5,0,Pass Incomplete,1st & 10 at DET 43,07:27 1st,— J.Dobbs pass incomplete short left to T.Kennedy. DET-C.Wilson was injured during the play.
2026,PRESEASON WEEK 2,Saturday,August 22nd,WAS,DET,1st Quarter,4,Detroit Lions,1,6,0,7 Yard Run,2nd & 10 at DET 43,07:22 1st,— J.Saylors up the middle to 50 for 7 yards (T.Owens).
2026,PRESEASON WEEK 2,Saturday,August 22nd,WAS,DET,1st Quarter,4,Detroit Lions,1,7,1,Touchdown,3rd & 3 at 50,06:47 1st Shotgun,"— J.Dobbs left end for 50 yards, TOUCHDOWN."
2026,PRESEASON WEEK 2,Saturday,August 22nd,WAS,DET,1st Quarter,4,Detroit Lions,1,8,1,Extra Point,,06:38 1st,"— J.Bates extra point is GOOD, Center-H.Hatten, Holder-J.Fox."
2026,PRESEASON WEEK 2,Saturday,August 22nd,WAS,DET,2nd Quarter,1,Washington Commanders,0,1,0,Kickoff from DET 35,,Kickoff,"— J.Bates kicks 65 yards from DET 35 to WAS 0. C.Reynolds to WAS 26 for 26 yards (A.Ogbongbemiga). PENALTY on WAS-A.Kaho, Illegal Block Above the Waist, 10 yards, enforced at WAS 25."
2026,PRESEASON WEEK 2,Saturday,August 22nd,WAS,DET,2nd Quarter,1,Washington Commanders,0,2,0,7 Yard Run,1st & 10 at WAS 15,06:30 1st,— K.Allen right end to WAS 22 for 7 yards (D.White; M.Rodriguez).
2026,PRESEASON WEEK 2,Saturday,August 22nd,WAS,DET,2nd Quarter,1,Washington Commanders,0,3,0,1 Yard Run,2nd & 3 at WAS 22,05:55 1st Shotgun,— K.Allen right end to WAS 23 for 1 yard (B.Stille).
2026,PRESEASON WEEK 2,Saturday,August 22nd,WAS,DET,2nd Quarter,1,Washington Commanders,0,4,0,6 Yard Run,3rd & 2 at WAS 23,05:16 1st Shotgun,— S.Hartman scrambles right tackle to WAS 29 for 6 yards (D.Reed).
2026,PRESEASON WEEK 2,Saturday,August 22nd,WAS,DET,2nd Quarter,1,Washington Commanders,0,5,0,3 Yard Run,1st & 10 at WAS 29,04:40 1st,— K.Allen left tackle to WAS 32 for 3 yards (D.White).
2026,PRESEASON WEEK 2,Saturday,August 22nd,WAS,DET,2nd Quarter,1,Washington Commanders,0,6,0,5 Yard Penalty,2nd & 7 at WAS 32,04:05 1st Shotgun,"— S.Hartman sacked at WAS 27 for -5 yards (sack split by D.Wonnum and S.Gill-Howard). PENALTY on DET-K.Abney, Defensive Holding, 5 yards, enforced at WAS 32 - No Play."
2026,PRESEASON WEEK 2,Saturday,August 22nd,WAS,DET,2nd Quarter,1,Washington Commanders,0,7,0,-1 Yard Run,1st & 10 at WAS 37,03:47 1st,"— R.Henry up the middle to WAS 36 for -1 yards (D.Reed, A.Maddox)."
2026,PRESEASON WEEK 2,Saturday,August 22nd,WAS,DET,2nd Quarter,1,Washington Commanders,0,8,0,-5 Yard Penalty,2nd & 11 at WAS 36,03:11 1st,"— PENALTY on WAS-C.Okonkwo, False Start, 5 yards, enforced at WAS 36 - No Play."
2026,PRESEASON WEEK 2,Saturday,August 22nd,WAS,DET,2nd Quarter,1,Washington Commanders,0,9,0,10 Yard Pass,2nd & 16 at WAS 31,02:54 1st Shotgun,— S.Hartman pass short middle to C.Okonkwo to WAS 41 for 10 yards (D.White; M.Rodriguez).
2026,PRESEASON WEEK 2,Saturday,August 22nd,WAS,DET,2nd Quarter,1,Washington Commanders,0,10,0,8 Yard Pass,3rd & 6 at WAS 41,02:15 1st Shotgun,— S.Hartman pass short left to C.Reynolds pushed ob at WAS 49 for 8 yards (C.Clark).
2026,PRESEASON WEEK 2,Saturday,August 22nd,WAS,DET,2nd Quarter,1,Washington Commanders,0,11,0,-5 Yard Pass,1st & 10 at WAS 49,01:42 1st,— S.Hartman pass short right to C.Reynolds to WAS 44 for -5 yards (A.Maddox).
2026,PRESEASON WEEK 2,Saturday,August 22nd,WAS,DET,2nd Quarter,1,Washington Commanders,0,12,0,6 Yard Pass,2nd & 15 at WAS 44,01:00 1st Shotgun,— S.Hartman pass short left to L.McCaffrey to 50 for 6 yards (D.Reed).
2026,PRESEASON WEEK 2,Saturday,August 22nd,WAS,DET,2nd Quarter,1,Washington Commanders,0,13,0,3 Yard Pass,3rd & 9 at 50,00:20 1st Shotgun,— S.Hartman pass short right to D.Brown to DET 47 for 3 yards (R.Ya-Sin) [S.Gill-Howard].
2026,PRESEASON WEEK 2,Saturday,August 22nd,WAS,DET,2nd Quarter,1,Washington Commanders,0,14,0,Punt,4th & 6 at DET 47,15:00 2nd,"— T.Way punts 37 yards to DET 10, Center-T.Ott, fair catch by T.Kennedy."
2026,PRESEASON WEEK 2,Saturday,August 22nd,WAS,DET,2nd Quarter,2,Detroit Lions,0,1,0,11 Yard Pass,1st & 10 at DET 10,14:54 2nd,— L.Altmyer pass short right to J.Meeks to DET 21 for 11 yards (K.Medrano).
2026,PRESEASON WEEK 2,Saturday,August 22nd,WAS,DET,2nd Quarter,2,Detroit Lions,0,2,0,-9 Yard Sack,1st & 10 at DET 21,14:17 2nd,— L.Altmyer sacked at DET 12 for -9 yards (T.Maguranyanga).
2026,PRESEASON WEEK 2,Saturday,August 22nd,WAS,DET,2nd Quarter,2,Detroit Lions,0,3,0,10 Yard Pass,2nd & 19 at DET 12,13:40 2nd,— L.Altmyer pass short right to J.Meeks to DET 22 for 10 yards (F.Moreau).
2026,PRESEASON WEEK 2,Saturday,August 22nd,WAS,DET,2nd Quarter,2,Detroit Lions,0,4,0,18 Yard Pass,3rd & 9 at DET 22,12:58 2nd Shotgun,— L.Altmyer pass short right to T.Conklin to DET 40 for 18 yards (W.Harris).
2026,PRESEASON WEEK 2,Saturday,August 22nd,WAS,DET,2nd Quarter,2,Detroit Lions,0,5,0,Pass Incomplete,1st & 10 at DET 40,12:20 2nd,— L.Altmyer pass incomplete short left to J.Meeks.
2026,PRESEASON WEEK 2,Saturday,August 22nd,WAS,DET,2nd Quarter,2,Detroit Lions,0,6,0,9 Yard Run,2nd & 10 at DET 40,12:15 2nd,— J.Saylors left tackle to DET 49 for 9 yards (W.Harris; F.Moreau).
2026,PRESEASON WEEK 2,Saturday,August 22nd,WAS,DET,2nd Quarter,2,Detroit Lions,0,7,0,2 Yard Run,3rd & 1 at DET 49,11:39 2nd,— R.Blackshear up the middle to WAS 49 for 2 yards (L.Chenal).
2026,PRESEASON WEEK 2,Saturday,August 22nd,WAS,DET,2nd Quarter,2,Detroit Lions,0,8,0,3 Yard Pass,1st & 10 at WAS 49,11:05 2nd,— L.Altmyer pass short right to T.Conklin to WAS 46 for 3 yards (R.Barber; L.Chenal).
2026,PRESEASON WEEK 2,Saturday,August 22nd,WAS,DET,2nd Quarter,2,Detroit Lions,0,9,0,6 Yard Pass,2nd & 7 at WAS 46,10:25 2nd Shotgun,— L.Altmyer pass short middle to J.Meeks to WAS 40 for 6 yards (A.Kaho).
2026,PRESEASON WEEK 2,Saturday,August 22nd,WAS,DET,2nd Quarter,2,Detroit Lions,0,10,0,3 Yard Run,3rd & 1 at WAS 40,09:50 2nd,— J.Saylors up the middle to WAS 37 for 3 yards (J.M'ba; A.Kaho).
2026,PRESEASON WEEK 2,Saturday,August 22nd,WAS,DET,2nd Quarter,2,Detroit Lions,0,11,0,-9 Yard Sack,1st & 10 at WAS 37,09:12 2nd,— L.Altmyer sacked at WAS 46 for -9 yards (J.Jean-Baptiste).
2026,PRESEASON WEEK 2,Saturday,August 22nd,WAS,DET,2nd Quarter,2,Detroit Lions,0,12,0,3 Yard Run,2nd & 19 at WAS 46,08:27 2nd,— J.Saylors up the middle to WAS 43 for 3 yards (B.Cowart; J.M'ba).
2026,PRESEASON WEEK 2,Saturday,August 22nd,WAS,DET,2nd Quarter,2,Detroit Lions,0,13,0,-8 Yard Sack,3rd & 16 at WAS 43,07:51 2nd Shotgun,— L.Altmyer sacked at DET 49 for -8 yards (M.Hurst).
2026,PRESEASON WEEK 2,Saturday,August 22nd,WAS,DET,2nd Quarter,2,Detroit Lions,0,14,0,Punt,4th & 24 at DET 49,07:11 2nd,"— J.Fox punts 39 yards to WAS 12, Center-H.Hatten, fair catch by J.Lane."
2026,PRESEASON WEEK 2,Saturday,August 22nd,WAS,DET,2nd Quarter,3,Washington Commanders,0,1,0,3 Yard Run,1st & 10 at WAS 12,07:05 2nd,— R.Henry right end to WAS 15 for 3 yards (L.Onwuzurike; T.Lacy).
2026,PRESEASON WEEK 2,Saturday,August 22nd,WAS,DET,2nd Quarter,3,Washington Commanders,0,2,0,4 Yard Pass,2nd & 7 at WAS 15,06:27 2nd Shotgun,— A.Kaliakmanis pass short right to V.Jefferson to WAS 19 for 4 yards (N.Whiteside).
2026,PRESEASON WEEK 2,Saturday,August 22nd,WAS,DET,2nd Quarter,3,Washington Commanders,0,3,0,13 Yard Pass,3rd & 3 at WAS 19,05:48 2nd Shotgun,— A.Kaliakmanis pass short middle to V.Jefferson to WAS 32 for 13 yards (C.Clark).
2026,PRESEASON WEEK 2,Saturday,August 22nd,WAS,DET,2nd Quarter,3,Washington Commanders,0,4,0,1 Yard Run,1st & 10 at WAS 32,05:08 2nd,— K.Allen left end to WAS 33 for 1 yard (L.Onwuzurike; C.Smith).
2026,PRESEASON WEEK 2,Saturday,August 22nd,WAS,DET,2nd Quarter,3,Washington Commanders,0,5,0,3 Yard Pass,2nd & 9 at WAS 33,04:27 2nd,— A.Kaliakmanis pass short right to J.Lane pushed ob at WAS 36 for 3 yards (R.McCreary).
2026,PRESEASON WEEK 2,Saturday,August 22nd,WAS,DET,2nd Quarter,3,Washington Commanders,0,6,0,Pass Incomplete,3rd & 6 at WAS 36,03:55 2nd Shotgun,— A.Kaliakmanis pass incomplete short right to C.Yankoff (C.Clark).
2026,PRESEASON WEEK 2,Saturday,August 22nd,WAS,DET,2nd Quarter,3,Washington Commanders,0,7,0,Punt,4th & 6 at WAS 36,03:51 2nd,"— T.Way punts 48 yards to DET 16, Center-T.Ott. T.Kennedy to DET 28 for 12 yards (J.Bradley)."
2026,PRESEASON WEEK 2,Saturday,August 22nd,WAS,DET,2nd Quarter,4,Detroit Lions,0,1,0,4 Yard Run,1st & 10 at DET 28,03:38 2nd,— Tr.Williams up the middle to DET 32 for 4 yards (A.Kaho; A.Hamilton).
2026,PRESEASON WEEK 2,Saturday,August 22nd,WAS,DET,2nd Quarter,4,Detroit Lions,0,2,0,10 Yard Pass,2nd & 6 at DET 32,03:00 2nd Shotgun,— L.Altmyer pass short right to T.Kennedy pushed ob at DET 42 for 10 yards (T.Owens).
2026,PRESEASON WEEK 2,Saturday,August 22nd,WAS,DET,2nd Quarter,4,Detroit Lions,0,3,0,14 Yard Run,1st & 10 at DET 42,02:25 2nd,— Tr.Williams right tackle to WAS 44 for 14 yards (P.Butler; W.Harris). WAS-J.M'ba was injured during the play.
2026,PRESEASON WEEK 2,Saturday,August 22nd,WAS,DET,2nd Quarter,4,Detroit Lions,0,4,0,2 Yard Run,1st & 10 at WAS 44,02:00 2nd,— Tr.Williams left end to WAS 42 for 2 yards (A.Kaho).
2026,PRESEASON WEEK 2,Saturday,August 22nd,WAS,DET,2nd Quarter,4,Detroit Lions,0,5,0,Timeout,,01:54 2nd,— Timeout #1 by WAS at 01:54.
2026,PRESEASON WEEK 2,Saturday,August 22nd,WAS,DET,2nd Quarter,4,Detroit Lions,0,6,0,Pass Incomplete,2nd & 8 at WAS 42,01:54 2nd Shotgun,— L.Altmyer pass incomplete short left to T.Black.
2026,PRESEASON WEEK 2,Saturday,August 22nd,WAS,DET,2nd Quarter,4,Detroit Lions,0,7,0,5 Yard Run,3rd & 8 at WAS 42,01:52 2nd Shotgun,— L.Altmyer left end pushed ob at WAS 37 for 5 yards (C.Vigers).
2026,PRESEASON WEEK 2,Saturday,August 22nd,WAS,DET,2nd Quarter,4,Detroit Lions,0,8,0,Field Goal No Good,4th & 3 at WAS 37,01:47 2nd,"— J.Bates 55 yard field goal is No Good, Wide Right, Center-H.Hatten, Holder-J.Fox."
2026,PRESEASON WEEK 2,Saturday,August 22nd,WAS,DET,2nd Quarter,5,Washington Commanders,0,1,0,-5 Yard Run,1st & 10 at WAS 45,01:42 2nd,— R.Henry left end to WAS 40 for -5 yards (D.Reed).
2026,PRESEASON WEEK 2,Saturday,August 22nd,WAS,DET,2nd Quarter,5,Washington Commanders,0,2,0,10 Yard Pass,2nd & 15 at WAS 40,01:01 2nd Shotgun,— S.Hartman pass short left to A.Williams to 50 for 10 yards (C.Clark; N.Whiteside).
2026,PRESEASON WEEK 2,Saturday,August 22nd,WAS,DET,2nd Quarter,5,Washington Commanders,0,3,0,-11 Yard Sack,3rd & 5 at 50,"00:36 2nd No Huddle, Shotgun","— S.Hartman sacked at WAS 40 for -10 yards (D.Moore). The Replay Official reviewed the passer was down by contact ruling, and the play was REVERSED. (No Huddle, Shotgun) S.Hartman sacked at WAS 40 for -10 yards (D.Moore). FUMBLES (D.Moore) [D.Moore], recovered by WAS-N.Petit-Frere at WAS 39. 10-second runoff."
2026,PRESEASON WEEK 2,Saturday,August 22nd,WAS,DET,3rd Quarter,1,Washington Commanders,1,1,0,Kickoff from DET 35,,Kickoff,"— J.Bates kicks 65 yards from DET 35 to WAS 0. C.Reynolds to WAS 23 for 23 yards (E.Hunter; J.Meeks). PENALTY on WAS-D.Rush, Offensive Holding, 10 yards, enforced at WAS 23."
2026,PRESEASON WEEK 2,Saturday,August 22nd,WAS,DET,3rd Quarter,1,Washington Commanders,1,2,0,2 Yard Run,1st & 10 at WAS 13,14:53 3rd,— K.Allen left end to WAS 15 for 2 yards (D.Jackson; T.Nowaske).
2026,PRESEASON WEEK 2,Saturday,August 22nd,WAS,DET,3rd Quarter,1,Washington Commanders,1,3,0,30 Yard Pass,2nd & 8 at WAS 15,14:15 3rd Shotgun,— A.Kaliakmanis pass deep right to J.Bradley to WAS 45 for 30 yards (K.Abney) [A.Hassanein].
2026,PRESEASON WEEK 2,Saturday,August 22nd,WAS,DET,3rd Quarter,1,Washington Commanders,1,4,0,0 Yard Run,1st & 10 at WAS 45,14:01 3rd,— K.Allen left tackle to WAS 45 for no gain (C.Smith; T.Nowaske).
2026,PRESEASON WEEK 2,Saturday,August 22nd,WAS,DET,3rd Quarter,1,Washington Commanders,1,5,0,0 Yard Pass,2nd & 10 at WAS 45,13:23 3rd Shotgun,— A.Kaliakmanis pass short left to K.Allen to WAS 45 for no gain (M.Wingo).
2026,PRESEASON WEEK 2,Saturday,August 22nd,WAS,DET,3rd Quarter,1,Washington Commanders,1,6,0,-5 Yard Penalty,3rd & 10 at WAS 45,12:44 3rd Shotgun,"— PENALTY on WAS-J.Good-Jones, False Start, 5 yards, enforced at WAS 45 - No Play."
2026,PRESEASON WEEK 2,Saturday,August 22nd,WAS,DET,3rd Quarter,1,Washington Commanders,1,7,0,5 Yard Penalty,3rd & 15 at WAS 40,12:25 3rd Shotgun,"— A.Kaliakmanis pass incomplete deep right to A.Williams. PENALTY on DET-D.Moore, Defensive Offside, 5 yards, enforced at WAS 40 - No Play."
2026,PRESEASON WEEK 2,Saturday,August 22nd,WAS,DET,3rd Quarter,1,Washington Commanders,1,8,0,21 Yard Pass,3rd & 10 at WAS 45,12:17 3rd Shotgun,— A.Kaliakmanis pass deep middle to A.Williams to DET 34 for 21 yards (K.Abney).
2026,PRESEASON WEEK 2,Saturday,August 22nd,WAS,DET,3rd Quarter,1,Washington Commanders,1,9,0,8 Yard Run,1st & 10 at DET 34,11:34 3rd Shotgun,— K.Allen left tackle to DET 26 for 8 yards (L.Onwuzurike).
2026,PRESEASON WEEK 2,Saturday,August 22nd,WAS,DET,3rd Quarter,1,Washington Commanders,1,10,0,12 Yard Pass,2nd & 2 at DET 26,10:55 3rd,— A.Kaliakmanis pass short left to J.Bradley to DET 14 for 12 yards (E.Rakestraw).
2026,PRESEASON WEEK 2,Saturday,August 22nd,WAS,DET,3rd Quarter,1,Washington Commanders,1,11,0,0 Yard Run,1st & 10 at DET 14,10:19 3rd,— K.Allen left tackle to DET 14 for no gain (D.Moore).
2026,PRESEASON WEEK 2,Saturday,August 22nd,WAS,DET,3rd Quarter,1,Washington Commanders,1,12,0,Pass Incomplete,2nd & 10 at DET 14,09:39 3rd Shotgun,— A.Kaliakmanis pass incomplete short left to L.Cager.
2026,PRESEASON WEEK 2,Saturday,August 22nd,WAS,DET,3rd Quarter,1,Washington Commanders,1,13,0,-5 Yard Penalty,3rd & 10 at DET 14,09:36 3rd Shotgun,"— PENALTY on WAS-A.Kaliakmanis, False Start, 5 yards, enforced at DET 14 - No Play."
2026,PRESEASON WEEK 2,Saturday,August 22nd,WAS,DET,3rd Quarter,1,Washington Commanders,1,14,0,10 Yard Pass,3rd & 15 at DET 19,09:36 3rd Shotgun,— A.Kaliakmanis pass short right to A.Williams to DET 9 for 10 yards (N.Whiteside; A.Brown) [M.Rodriguez].
2026,PRESEASON WEEK 2,Saturday,August 22nd,WAS,DET,3rd Quarter,1,Washington Commanders,1,15,1,Field Goal,4th & 5 at DET 9,08:48 3rd,"— D.Stevens 27 yard field goal is GOOD, Center-T.Ott, Holder-T.Way."
2026,PRESEASON WEEK 2,Saturday,August 22nd,WAS,DET,3rd Quarter,2,Detroit Lions,0,1,0,Kickoff from WAS 35,,Kickoff,— D.Stevens kicks 66 yards from WAS 35 to DET -1. R.Blackshear to DET 26 for 27 yards (T.Maguranyanga).
2026,PRESEASON WEEK 2,Saturday,August 22nd,WAS,DET,3rd Quarter,2,Detroit Lions,0,2,0,-5 Yard Penalty,1st & 10 at DET 26,08:39 3rd,"— R.Blackshear left tackle to DET 34 for 8 yards (F.Davis). ** Injury Update: WAS-J.M'ba has returned to the game. PENALTY on DET, Illegal Formation, 5 yards, enforced at DET 26 - No Play."
2026,PRESEASON WEEK 2,Saturday,August 22nd,WAS,DET,3rd Quarter,2,Detroit Lions,0,3,0,11 Yard Pass,1st & 15 at DET 21,08:21 3rd,— J.Dobbs pass short left to T.Martin pushed ob at DET 32 for 11 yards (F.Davis; P.Butler).
2026,PRESEASON WEEK 2,Saturday,August 22nd,WAS,DET,3rd Quarter,2,Detroit Lions,0,4,0,3 Yard Run,2nd & 4 at DET 32,07:44 3rd,— R.Blackshear right tackle to DET 35 for 3 yards (B.Cowart; K.Medrano). DET-M.Frazier was injured during the play.
2026,PRESEASON WEEK 2,Saturday,August 22nd,WAS,DET,3rd Quarter,2,Detroit Lions,0,5,0,13 Yard Run,3rd & 1 at DET 35,07:10 3rd,— R.Blackshear up the middle to DET 48 for 13 yards (A.Kaho).
2026,PRESEASON WEEK 2,Saturday,August 22nd,WAS,DET,3rd Quarter,2,Detroit Lions,0,6,0,-1 Yard Run,1st & 10 at DET 48,06:35 3rd,— R.Blackshear right tackle to DET 47 for -1 yards (R.Barber).
2026,PRESEASON WEEK 2,Saturday,August 22nd,WAS,DET,3rd Quarter,2,Detroit Lions,0,7,0,Pass Incomplete,2nd & 11 at DET 47,06:03 3rd Shotgun,— J.Dobbs pass incomplete short left to T.Black.
2026,PRESEASON WEEK 2,Saturday,August 22nd,WAS,DET,3rd Quarter,2,Detroit Lions,0,8,0,Pass Incomplete,3rd & 11 at DET 47,05:54 3rd Shotgun,— J.Dobbs pass incomplete short left to T.Martin [D.Johnson].
2026,PRESEASON WEEK 2,Saturday,August 22nd,WAS,DET,3rd Quarter,2,Detroit Lions,0,9,0,Punt,4th & 16 at DET 42,05:48 3rd,"— J.Fox punts 46 yards to WAS 12, Center-H.Hatten. L.McCaffrey to WAS 14 for 2 yards (T.Reeder). PENALTY on WAS-K.Barnes, Illegal Block Above the Waist, 7 yards, enforced at WAS 14."
2026,PRESEASON WEEK 2,Saturday,August 22nd,WAS,DET,3rd Quarter,3,Washington Commanders,0,1,0,0 Yard Run,1st & 10 at WAS 7,05:39 3rd,— R.Henry up the middle to WAS 7 for no gain (T.Lacy).
2026,PRESEASON WEEK 2,Saturday,August 22nd,WAS,DET,3rd Quarter,3,Washington Commanders,0,2,0,5 Yard Pass,2nd & 10 at WAS 7,04:57 3rd Shotgun,— S.Hartman pass short right to R.Henry to WAS 12 for 5 yards (K.Abney).
2026,PRESEASON WEEK 2,Saturday,August 22nd,WAS,DET,3rd Quarter,3,Washington Commanders,0,3,0,Pass Incomplete,3rd & 5 at WAS 12,04:18 3rd Shotgun,— S.Hartman pass incomplete deep left to J.Bradley.
2026,PRESEASON WEEK 2,Saturday,August 22nd,WAS,DET,3rd Quarter,3,Washington Commanders,0,4,0,Punt,4th & 5 at WAS 12,04:13 3rd,"— T.Way punts 52 yards to DET 36, Center-T.Ott. G.Dortch to WAS 48 for 16 yards (C.Vigers; Q.Knight)."
2026,PRESEASON WEEK 2,Saturday,August 22nd,WAS,DET,3rd Quarter,4,Detroit Lions,1,1,0,24 Yard Pass,1st & 10 at WAS 48,04:01 3rd,— J.Dobbs pass short left to Tr.Williams to WAS 24 for 24 yards (M.Spencer). DET-M.Niese was injured during the play. ** Injury Update: DET-M.Frazier has returned to the game.
2026,PRESEASON WEEK 2,Saturday,August 22nd,WAS,DET,3rd Quarter,4,Detroit Lions,1,2,0,-5 Yard Penalty,1st & 10 at WAS 24,03:36 3rd,"— PENALTY on DET-M.Priestly, False Start, 5 yards, enforced at WAS 24 - No Play."
2026,PRESEASON WEEK 2,Saturday,August 22nd,WAS,DET,3rd Quarter,4,Detroit Lions,1,3,0,4 Yard Run,1st & 15 at WAS 29,03:26 3rd Shotgun,— Tr.Williams up the middle to WAS 25 for 4 yards (A.Kaho; R.Barber).
2026,PRESEASON WEEK 2,Saturday,August 22nd,WAS,DET,3rd Quarter,4,Detroit Lions,1,4,0,6 Yard Pass,2nd & 11 at WAS 25,02:51 3rd Shotgun,— J.Dobbs pass short right to L.Jackson to WAS 19 for 6 yards (K.Medrano; D.Rush).
2026,PRESEASON WEEK 2,Saturday,August 22nd,WAS,DET,3rd Quarter,4,Detroit Lions,1,5,0,9 Yard Pass,3rd & 5 at WAS 19,02:13 3rd Shotgun,— J.Dobbs pass short left to L.Jackson to WAS 10 for 9 yards (F.Davis).
2026,PRESEASON WEEK 2,Saturday,August 22nd,WAS,DET,3rd Quarter,4,Detroit Lions,1,6,0,5 Yard Run,1st & 10 at WAS 10,01:30 3rd,— Tr.Williams right tackle to WAS 5 for 5 yards (K.Medrano).
2026,PRESEASON WEEK 2,Saturday,August 22nd,WAS,DET,3rd Quarter,4,Detroit Lions,1,7,0,Timeout,,00:50 3rd,— Timeout #1 by DET at 00:50.
2026,PRESEASON WEEK 2,Saturday,August 22nd,WAS,DET,3rd Quarter,4,Detroit Lions,1,8,0,4 Yard Run,2nd & 5 at WAS 5,00:50 3rd Shotgun,— Tr.Williams up the middle to WAS 1 for 4 yards (M.Spencer; M.Hurst).
2026,PRESEASON WEEK 2,Saturday,August 22nd,WAS,DET,3rd Quarter,4,Detroit Lions,1,9,1,Touchdown,3rd & 1 at WAS 1,00:14 3rd Shotgun,"— Tr.Williams up the middle for 1 yard, TOUCHDOWN."
2026,PRESEASON WEEK 2,Saturday,August 22nd,WAS,DET,3rd Quarter,4,Detroit Lions,1,10,1,Extra Point,,00:09 3rd,"— J.Bates extra point is GOOD, Center-H.Hatten, Holder-J.Fox."
2026,PRESEASON WEEK 2,Saturday,August 22nd,WAS,DET,4th Quarter,1,Washington Commanders,1,1,0,Kickoff from DET 35,,Kickoff,"— J.Bates kicks 57 yards from DET 35 to WAS 8. R.Henry to WAS 30 for 22 yards (J.Meeks; E.Hunter). PENALTY on WAS-N.Nash, Illegal Formation, 5 yards, enforced at WAS 30."
2026,PRESEASON WEEK 2,Saturday,August 22nd,WAS,DET,4th Quarter,1,Washington Commanders,1,2,0,Pass Incomplete,1st & 10 at WAS 25,00:01 3rd,— A.Kaliakmanis pass incomplete short right to L.Cager.
2026,PRESEASON WEEK 2,Saturday,August 22nd,WAS,DET,4th Quarter,1,Washington Commanders,1,3,0,55 Yard Pass,2nd & 10 at WAS 25,15:00 4th Shotgun,— A.Kaliakmanis pass deep right to N.Nash to DET 20 for 55 yards (N.Whiteside).
2026,PRESEASON WEEK 2,Saturday,August 22nd,WAS,DET,4th Quarter,1,Washington Commanders,1,4,0,-3 Yard Run,1st & 10 at DET 20,14:13 4th,— K.Allen right tackle to DET 23 for -3 yards (S.Gill-Howard).
2026,PRESEASON WEEK 2,Saturday,August 22nd,WAS,DET,4th Quarter,1,Washington Commanders,1,5,0,-5 Yard Penalty,2nd & 13 at DET 23,13:25 4th Shotgun,"— PENALTY on WAS, Delay of Game, 5 yards, enforced at DET 23 - No Play."
2026,PRESEASON WEEK 2,Saturday,August 22nd,WAS,DET,4th Quarter,1,Washington Commanders,1,6,0,7 Yard Pass,2nd & 18 at DET 28,13:25 4th Shotgun,— A.Kaliakmanis pass short right to N.Nash to DET 21 for 7 yards (E.Rakestraw).
2026,PRESEASON WEEK 2,Saturday,August 22nd,WAS,DET,4th Quarter,1,Washington Commanders,1,7,0,7 Yard Pass,3rd & 11 at DET 21,12:48 4th Shotgun,— A.Kaliakmanis pass short middle to J.Jones to DET 14 for 7 yards (E.O'Neill; T.Nowaske).
2026,PRESEASON WEEK 2,Saturday,August 22nd,WAS,DET,4th Quarter,1,Washington Commanders,1,8,1,Field Goal,4th & 4 at DET 14,12:06 4th,"— D.Stevens 32 yard field goal is GOOD, Center-T.Ott, Holder-T.Way."
2026,PRESEASON WEEK 2,Saturday,August 22nd,WAS,DET,4th Quarter,2,Detroit Lions,0,1,0,Kickoff from WAS 35,,Kickoff,— D.Stevens kicks 56 yards from WAS 35 to DET 9. G.Dortch to DET 31 for 22 yards (K.Barnes).
2026,PRESEASON WEEK 2,Saturday,August 22nd,WAS,DET,4th Quarter,2,Detroit Lions,0,2,0,6 Yard Run,1st & 10 at DET 31,11:55 4th,— R.Blackshear left end to DET 37 for 6 yards (C.Jacobs; M.Spencer).
2026,PRESEASON WEEK 2,Saturday,August 22nd,WAS,DET,4th Quarter,2,Detroit Lions,0,3,0,-1 Yard Run,2nd & 4 at DET 37,11:19 4th Shotgun,— R.Blackshear up the middle to DET 36 for -1 yards (C.Jacobs).
2026,PRESEASON WEEK 2,Saturday,August 22nd,WAS,DET,4th Quarter,2,Detroit Lions,0,4,0,-5 Yard Penalty,3rd & 5 at DET 36,10:46 4th Shotgun,"— PENALTY on DET-M.Frazier, False Start, 5 yards, enforced at DET 36 - No Play."
2026,PRESEASON WEEK 2,Saturday,August 22nd,WAS,DET,4th Quarter,2,Detroit Lions,0,5,0,-5 Yard Penalty,3rd & 10 at DET 31,10:45 4th Shotgun,"— PENALTY on DET-S.McLaughlin, False Start, 5 yards, enforced at DET 31 - No Play."
2026,PRESEASON WEEK 2,Saturday,August 22nd,WAS,DET,4th Quarter,2,Detroit Lions,0,6,0,20 Yard Penalty,3rd & 15 at DET 26,10:45 4th Shotgun,"— L.Altmyer pass incomplete deep left to L.Jackson. PENALTY on WAS-C.Vigers, Defensive Pass Interference, 20 yards, enforced at DET 26 - No Play."
2026,PRESEASON WEEK 2,Saturday,August 22nd,WAS,DET,4th Quarter,2,Detroit Lions,0,7,0,-3 Yard Run,1st & 10 at DET 46,10:36 4th,"— R.Blackshear left tackle to DET 43 for -3 yards (D.Johnson, B.Cowart)."
2026,PRESEASON WEEK 2,Saturday,August 22nd,WAS,DET,4th Quarter,2,Detroit Lions,0,8,0,6 Yard Pass,2nd & 13 at DET 43,10:04 4th Shotgun,— L.Altmyer pass short right to D.Lovett pushed ob at DET 49 for 6 yards (D.Rush).
2026,PRESEASON WEEK 2,Saturday,August 22nd,WAS,DET,4th Quarter,2,Detroit Lions,0,9,0,Pass Incomplete,3rd & 7 at DET 49,09:32 4th Shotgun,— L.Altmyer pass incomplete short left to D.Lovett (J.M'ba).
2026,PRESEASON WEEK 2,Saturday,August 22nd,WAS,DET,4th Quarter,2,Detroit Lions,0,10,0,Punt,4th & 7 at DET 49,09:28 4th,"— J.Fox punts 36 yards to WAS 15, Center-H.Hatten, fair catch by L.McCaffrey."
2026,PRESEASON WEEK 2,Saturday,August 22nd,WAS,DET,4th Quarter,3,Washington Commanders,0,1,0,-7 Yard Penalty,1st & 10 at WAS 15,09:22 4th,"— C.Reynolds right end to WAS 16 for 1 yard (E.O'Neill). PENALTY on WAS-F.Sarell, Offensive Holding, 7 yards, enforced at WAS 15 - No Play."
2026,PRESEASON WEEK 2,Saturday,August 22nd,WAS,DET,4th Quarter,3,Washington Commanders,0,2,0,24 Yard Pass,1st & 17 at WAS 8,09:03 4th Shotgun,— S.Hartman pass deep right to J.Jones pushed ob at WAS 32 for 24 yards (D.Jackson).
2026,PRESEASON WEEK 2,Saturday,August 22nd,WAS,DET,4th Quarter,3,Washington Commanders,0,3,0,6 Yard Pass,1st & 10 at WAS 32,08:35 4th Shotgun,— S.Hartman pass short left to J.Jones pushed ob at WAS 38 for 6 yards (R.McCreary).
2026,PRESEASON WEEK 2,Saturday,August 22nd,WAS,DET,4th Quarter,3,Washington Commanders,0,4,0,1 Yard Run,2nd & 4 at WAS 38,08:02 4th,— C.Reynolds right tackle pushed ob at WAS 39 for 1 yard (E.Rakestraw).
2026,PRESEASON WEEK 2,Saturday,August 22nd,WAS,DET,4th Quarter,3,Washington Commanders,0,5,0,1 Yard Run,3rd & 3 at WAS 39,07:32 4th,— C.Reynolds up the middle to WAS 40 for 1 yard (E.O'Neill).
2026,PRESEASON WEEK 2,Saturday,August 22nd,WAS,DET,4th Quarter,3,Washington Commanders,0,6,0,Pass Incomplete,4th & 2 at WAS 40,06:47 4th Shotgun,— S.Hartman pass incomplete short right to C.Reynolds [E.O'Neill].
2026,PRESEASON WEEK 2,Saturday,August 22nd,WAS,DET,4th Quarter,4,Detroit Lions,1,1,0,-9 Yard Sack,1st & 10 at WAS 39,06:43 4th,— L.Altmyer sacked at WAS 48 for -9 yards (M.Hurst).
2026,PRESEASON WEEK 2,Saturday,August 22nd,WAS,DET,4th Quarter,4,Detroit Lions,1,2,0,16 Yard Pass,2nd & 19 at WAS 48,06:08 4th,— L.Altmyer pass short right to M.Cunningham to WAS 32 for 16 yards (Q.Knight).
2026,PRESEASON WEEK 2,Saturday,August 22nd,WAS,DET,4th Quarter,4,Detroit Lions,1,3,0,Pass Incomplete,3rd & 3 at WAS 32,05:28 4th Shotgun,— L.Altmyer pass incomplete deep right to J.Meeks [R.Barber].
2026,PRESEASON WEEK 2,Saturday,August 22nd,WAS,DET,4th Quarter,4,Detroit Lions,1,4,0,6 Yard Pass,4th & 3 at WAS 32,05:23 4th Shotgun,— L.Altmyer pass short right to J.Meeks pushed ob at WAS 26 for 6 yards (M.Spencer).
2026,PRESEASON WEEK 2,Saturday,August 22nd,WAS,DET,4th Quarter,4,Detroit Lions,1,5,0,5 Yard Penalty,1st & 10 at WAS 26,04:46 4th,"— Tr.Williams left tackle to WAS 27 for -1 yards (D.Johnson). PENALTY on WAS-J.M'ba, Neutral Zone Infraction, 5 yards, enforced at WAS 26 - No Play."
2026,PRESEASON WEEK 2,Saturday,August 22nd,WAS,DET,4th Quarter,4,Detroit Lions,1,6,0,3 Yard Run,1st & 5 at WAS 21,04:41 4th,— Tr.Williams left tackle to WAS 18 for 3 yards (A.Hamilton).
2026,PRESEASON WEEK 2,Saturday,August 22nd,WAS,DET,4th Quarter,4,Detroit Lions,1,7,0,0 Yard Run,2nd & 2 at WAS 18,03:58 4th,— Tr.Williams up the middle to WAS 18 for no gain (R.Barber; Q.Knight).
2026,PRESEASON WEEK 2,Saturday,August 22nd,WAS,DET,4th Quarter,4,Detroit Lions,1,8,0,-1 Yard Run,3rd & 2 at WAS 18,03:18 4th,"— Tr.Williams up the middle to WAS 19 for -1 yards (B.Cowart, R.Barber)."
2026,PRESEASON WEEK 2,Saturday,August 22nd,WAS,DET,4th Quarter,4,Detroit Lions,1,9,0,Timeout,,02:30 4th,— Timeout #2 by DET at 02:30.
2026,PRESEASON WEEK 2,Saturday,August 22nd,WAS,DET,4th Quarter,4,Detroit Lions,1,10,1,Field Goal,4th & 3 at WAS 19,02:30 4th,"— J.Bates 37 yard field goal is GOOD, Center-H.Hatten, Holder-J.Fox."
2026,PRESEASON WEEK 2,Saturday,August 22nd,WAS,DET,4th Quarter,5,Washington Commanders,0,1,0,Fumble,,Kickoff,"— J.Bates kicks 60 yards from DET 35 to WAS 5. R.Henry to WAS 26 for 21 yards (J.Meeks). FUMBLES (J.Meeks), RECOVERED by DET-E.Hunter at WAS 25."
2026,PRESEASON WEEK 2,Saturday,August 22nd,WAS,DET,4th Quarter,6,Detroit Lions,0,1,0,3 Yard Run,1st & 10 at WAS 25,02:15 4th,— R.Blackshear left end to WAS 22 for 3 yards (K.Barnes; T.Maguranyanga).
2026,PRESEASON WEEK 2,Saturday,August 22nd,WAS,DET,4th Quarter,6,Detroit Lions,0,2,0,Timeout,,02:08 4th,— Timeout #1 by WAS at 02:08.
2026,PRESEASON WEEK 2,Saturday,August 22nd,WAS,DET,4th Quarter,6,Detroit Lions,0,3,0,5 Yard Run,2nd & 7 at WAS 22,02:08 4th,— R.Blackshear right tackle to WAS 17 for 5 yards (Q.Knight).
2026,PRESEASON WEEK 2,Saturday,August 22nd,WAS,DET,4th Quarter,6,Detroit Lions,0,4,0,0 Yard Run,3rd & 2 at WAS 17,02:00 4th,— R.Blackshear left end to WAS 17 for no gain (D.Rush; M.Hurst).
2026,PRESEASON WEEK 2,Saturday,August 22nd,WAS,DET,4th Quarter,6,Detroit Lions,0,5,0,Timeout,,01:52 4th,— Timeout #2 by WAS at 01:52.
2026,PRESEASON WEEK 2,Saturday,August 22nd,WAS,DET,4th Quarter,6,Detroit Lions,0,6,0,2 Yard Run,4th & 2 at WAS 17,01:52 4th Shotgun,— R.Blackshear up the middle to WAS 15 for 2 yards (J.M'ba; M.Hurst).
2026,PRESEASON WEEK 2,Saturday,August 22nd,WAS,DET,4th Quarter,6,Detroit Lions,0,7,0,-1 Yard Run,1st & 10 at WAS 15,01:06 4th,— L.Altmyer kneels to WAS 16 for -1 yards.
2026,PRESEASON WEEK 2,Saturday,August 22nd,WAS,DET,4th Quarter,6,Detroit Lions,0,8,0,-1 Yard Run,2nd & 11 at WAS 16,00:38 4th,— L.Altmyer kneels to WAS 17 for -1 yards.
2026,PRESEASON WEEK 2,Saturday,August 22nd,BUF,CLE,1st Quarter,1,Buffalo Bills,1,1,0,Kickoff from CLE 35,,Kickoff,— A.Szmyt kicks 62 yards from CLE 35 to BUF 3. F.Gore to BUF 25 for 22 yards (A.Marshall).
2026,PRESEASON WEEK 2,Saturday,August 22nd,BUF,CLE,1st Quarter,1,Buffalo Bills,1,2,0,8 Yard Run,1st & 10 at BUF 25,14:56 1st,— R.Davis right guard to BUF 33 for 8 yards (D.McMillon).
2026,PRESEASON WEEK 2,Saturday,August 22nd,BUF,CLE,1st Quarter,1,Buffalo Bills,1,3,0,3 Yard Penalty,2nd & 2 at BUF 33,14:19 1st Shotgun,"— K.Allen pass incomplete short right to J.Hawes. PENALTY on CLE-N.Watson, Defensive Pass Interference, 3 yards, enforced at BUF 33 - No Play."
2026,PRESEASON WEEK 2,Saturday,August 22nd,BUF,CLE,1st Quarter,1,Buffalo Bills,1,4,0,5 Yard Run,1st & 10 at BUF 36,14:15 1st,— R.Davis left end to BUF 41 for 5 yards (M.Coats).
2026,PRESEASON WEEK 2,Saturday,August 22nd,BUF,CLE,1st Quarter,1,Buffalo Bills,1,5,0,18 Yard Pass,2nd & 5 at BUF 41,13:35 1st,— K.Allen pass deep left to T.Sherfield ran ob at CLE 41 for 18 yards.
2026,PRESEASON WEEK 2,Saturday,August 22nd,BUF,CLE,1st Quarter,1,Buffalo Bills,1,6,0,17 Yard Pass,1st & 10 at CLE 41,12:57 1st,— K.Allen pass short left to T.Sherfield to CLE 24 for 17 yards (D.McMillon).
2026,PRESEASON WEEK 2,Saturday,August 22nd,BUF,CLE,1st Quarter,1,Buffalo Bills,1,7,0,6 Yard Run,1st & 10 at CLE 24,12:19 1st,— R.Davis right guard to CLE 18 for 6 yards (E.McNeil-Warren).
2026,PRESEASON WEEK 2,Saturday,August 22nd,BUF,CLE,1st Quarter,1,Buffalo Bills,1,8,0,1 Yard Run,2nd & 4 at CLE 18,11:41 1st,— R.Davis left end to CLE 17 for 1 yard (W.Reid; N.Watson).
2026,PRESEASON WEEK 2,Saturday,August 22nd,BUF,CLE,1st Quarter,1,Buffalo Bills,1,9,0,16 Yard Penalty,3rd & 3 at CLE 17,11:00 1st,"— K.Allen pass incomplete deep right to J.Hawes. PENALTY on CLE-T.Avery, Defensive Pass Interference, 16 yards, enforced at CLE 17 - No Play."
2026,PRESEASON WEEK 2,Saturday,August 22nd,BUF,CLE,1st Quarter,1,Buffalo Bills,1,10,0,0 Yard Run,1st & 1 at CLE 1,10:53 1st,"— R.Davis left guard to CLE 1 for no gain (J.Okwara, W.Reid)."
2026,PRESEASON WEEK 2,Saturday,August 22nd,BUF,CLE,1st Quarter,1,Buffalo Bills,1,11,0,0 Yard Run,2nd & 1 at CLE 1,10:11 1st,— R.Davis left guard to CLE 1 for no gain (N.Watson; M.Coats).
2026,PRESEASON WEEK 2,Saturday,August 22nd,BUF,CLE,1st Quarter,1,Buffalo Bills,1,12,1,Touchdown,3rd & 1 at CLE 1,09:36 1st,"— R.Davis up the middle for 1 yard, TOUCHDOWN."
2026,PRESEASON WEEK 2,Saturday,August 22nd,BUF,CLE,1st Quarter,1,Buffalo Bills,1,13,1,Extra Point,,09:32 1st,"— T.Bass extra point is GOOD, Center-R.Ferguson, Holder-M.Wishnowsky."
2026,PRESEASON WEEK 2,Saturday,August 22nd,BUF,CLE,1st Quarter,2,Cleveland Browns,1,1,0,Kickoff from BUF 35,,Kickoff,— T.Bass kicks 61 yards from BUF 35 to CLE 4. M.Corley to CLE 35 for 31 yards (D.Igbinosun).
2026,PRESEASON WEEK 2,Saturday,August 22nd,BUF,CLE,1st Quarter,2,Cleveland Browns,1,2,0,8 Yard Pass,1st & 10 at CLE 35,09:26 1st Shotgun,— S.Sanders pass short left to I.Bond pushed ob at CLE 43 for 8 yards (K.Walker).
2026,PRESEASON WEEK 2,Saturday,August 22nd,BUF,CLE,1st Quarter,2,Cleveland Browns,1,3,0,8 Yard Run,2nd & 2 at CLE 43,08:58 1st,— R.Sanders up the middle to BUF 49 for 8 yards (D.Hamlin).
2026,PRESEASON WEEK 2,Saturday,August 22nd,BUF,CLE,1st Quarter,2,Cleveland Browns,1,4,0,2 Yard Run,1st & 10 at BUF 49,08:19 1st,— S.Sanders scrambles left end ran ob at BUF 47 for 2 yards (T.Sanders).
2026,PRESEASON WEEK 2,Saturday,August 22nd,BUF,CLE,1st Quarter,2,Cleveland Browns,1,5,0,5 Yard Run,2nd & 8 at BUF 47,07:43 1st Shotgun,— R.Sanders up the middle to BUF 42 for 5 yards (T.Sanders; T.Parker).
2026,PRESEASON WEEK 2,Saturday,August 22nd,BUF,CLE,1st Quarter,2,Cleveland Browns,1,6,0,1 Yard Run,3rd & 3 at BUF 42,07:01 1st Shotgun,— R.Sanders left end pushed ob at BUF 41 for 1 yard (D.Hamlin; K.Jenkins).
2026,PRESEASON WEEK 2,Saturday,August 22nd,BUF,CLE,1st Quarter,2,Cleveland Browns,1,7,0,16 Yard Pass,4th & 2 at BUF 41,06:23 1st Shotgun,— S.Sanders pass short right to B.Whiteheart to BUF 25 for 16 yards (D.Igbinosun; D.Hamlin).
2026,PRESEASON WEEK 2,Saturday,August 22nd,BUF,CLE,1st Quarter,2,Cleveland Browns,1,8,0,3 Yard Run,1st & 10 at BUF 25,05:40 1st Shotgun,— R.Sanders left end to BUF 22 for 3 yards (T.Parker).
2026,PRESEASON WEEK 2,Saturday,August 22nd,BUF,CLE,1st Quarter,2,Cleveland Browns,1,9,0,11 Yard Pass,2nd & 7 at BUF 22,04:57 1st,— S.Sanders pass short left to A.Marshall to BUF 11 for 11 yards (K.Jenkins).
2026,PRESEASON WEEK 2,Saturday,August 22nd,BUF,CLE,1st Quarter,2,Cleveland Browns,1,10,0,6 Yard Run,1st & 10 at BUF 11,04:18 1st,— R.Sanders right guard to BUF 5 for 6 yards (G.Stone; D.Hamlin).
2026,PRESEASON WEEK 2,Saturday,August 22nd,BUF,CLE,1st Quarter,2,Cleveland Browns,1,11,0,-3 Yard Run,2nd & 4 at BUF 5,03:42 1st,— R.Sanders right tackle to BUF 8 for -3 yards (L.Jackson).
2026,PRESEASON WEEK 2,Saturday,August 22nd,BUF,CLE,1st Quarter,2,Cleveland Browns,1,12,1,Touchdown,3rd & 7 at BUF 8,03:01 1st Shotgun,"— S.Sanders pass short middle to L.Floriea for 8 yards, TOUCHDOWN."
2026,PRESEASON WEEK 2,Saturday,August 22nd,BUF,CLE,1st Quarter,2,Cleveland Browns,1,13,1,Extra Point,,02:56 1st,"— A.Szmyt extra point is GOOD, Center-R.Sunahara, Holder-N.Constantinou."
2026,PRESEASON WEEK 2,Saturday,August 22nd,BUF,CLE,1st Quarter,3,Buffalo Bills,0,1,0,Kickoff from CLE 35,,Kickoff,— A.Szmyt kicks 59 yards from CLE 35 to BUF 6. M.Hardman to BUF 36 for 30 yards (M.Coats).
2026,PRESEASON WEEK 2,Saturday,August 22nd,BUF,CLE,1st Quarter,3,Buffalo Bills,0,2,0,2 Yard Pass,1st & 10 at BUF 36,02:51 1st,— K.Allen pass short right to J.Hawes to BUF 38 for 2 yards (D.McMillon).
2026,PRESEASON WEEK 2,Saturday,August 22nd,BUF,CLE,1st Quarter,3,Buffalo Bills,0,3,0,-9 Yard Sack,2nd & 8 at BUF 38,02:09 1st Shotgun,— K.Allen sacked at BUF 29 for -9 yards (M.Hall).
2026,PRESEASON WEEK 2,Saturday,August 22nd,BUF,CLE,1st Quarter,3,Buffalo Bills,0,4,0,10 Yard Pass,3rd & 17 at BUF 29,01:26 1st Shotgun,— K.Allen pass short right to R.Davis pushed ob at BUF 39 for 10 yards (W.Reid).
2026,PRESEASON WEEK 2,Saturday,August 22nd,BUF,CLE,1st Quarter,3,Buffalo Bills,0,5,0,Punt,4th & 7 at BUF 39,00:50 1st,"— T.Doman punts 50 yards to CLE 11, Center-R.Ferguson. K.Wilson to CLE 14 for 3 yards (T.Sherfield; S.Gosnell). PENALTY on CLE-M.Corley, Offensive Holding, 7 yards, enforced at CLE 14."
2026,PRESEASON WEEK 2,Saturday,August 22nd,BUF,CLE,2nd Quarter,1,Cleveland Browns,0,1,0,2 Yard Run,1st & 10 at CLE 7,00:39 1st,— R.Sanders right guard to CLE 9 for 2 yards (D.Igbinosun; J.Solomon).
2026,PRESEASON WEEK 2,Saturday,August 22nd,BUF,CLE,2nd Quarter,1,Cleveland Browns,0,2,0,5 Yard Penalty,2nd & 8 at CLE 9,"00:13 1st No Huddle, Shotgun","— PENALTY on BUF-J.Solomon, Neutral Zone Infraction, 5 yards, enforced at CLE 9 - No Play."
2026,PRESEASON WEEK 2,Saturday,August 22nd,BUF,CLE,2nd Quarter,1,Cleveland Browns,0,3,0,5 Yard Run,2nd & 3 at CLE 14,15:00 2nd,— R.Sanders up the middle to CLE 19 for 5 yards (P.Mathis; K.Jenkins).
2026,PRESEASON WEEK 2,Saturday,August 22nd,BUF,CLE,2nd Quarter,1,Cleveland Browns,0,4,0,Sack,1st & 10 at CLE 19,14:17 2nd,— S.Sanders sacked at CLE 19 for 0 yards (J.Solomon).
2026,PRESEASON WEEK 2,Saturday,August 22nd,BUF,CLE,2nd Quarter,1,Cleveland Browns,0,5,0,4 Yard Run,2nd & 10 at CLE 19,13:37 2nd Shotgun,— R.Sanders right guard to CLE 23 for 4 yards (J.Solomon).
2026,PRESEASON WEEK 2,Saturday,August 22nd,BUF,CLE,2nd Quarter,1,Cleveland Browns,0,6,0,1 Yard Pass,3rd & 6 at CLE 23,12:56 2nd Shotgun,— S.Sanders pass short left to R.Sanders to CLE 24 for 1 yard (K.Elarms-Orr; K.Jenkins).
2026,PRESEASON WEEK 2,Saturday,August 22nd,BUF,CLE,2nd Quarter,1,Cleveland Browns,0,7,0,Punt,4th & 5 at CLE 24,12:11 2nd,"— C.Bojorquez punts 48 yards to BUF 28, Center-R.Sunahara, out of bounds."
2026,PRESEASON WEEK 2,Saturday,August 22nd,BUF,CLE,2nd Quarter,2,Buffalo Bills,0,1,0,7 Yard Run,1st & 10 at BUF 28,12:04 2nd,— F.Gore left guard to BUF 35 for 7 yards (N.Watson).
2026,PRESEASON WEEK 2,Saturday,August 22nd,BUF,CLE,2nd Quarter,2,Buffalo Bills,0,2,0,-1 Yard Pass,2nd & 3 at BUF 35,11:26 2nd,"— K.Allen pass short right to T.Sherfield to BUF 34 for -1 yards (D.McMillon, T.Hall)."
2026,PRESEASON WEEK 2,Saturday,August 22nd,BUF,CLE,2nd Quarter,2,Buffalo Bills,0,3,0,Pass Incomplete,3rd & 4 at BUF 34,10:42 2nd Shotgun,— K.Allen pass incomplete short middle to M.Hardman (T.Hall) [E.Chatman].
2026,PRESEASON WEEK 2,Saturday,August 22nd,BUF,CLE,2nd Quarter,2,Buffalo Bills,0,4,0,Punt,4th & 4 at BUF 34,10:37 2nd,"— T.Doman punts 42 yards to CLE 24, Center-R.Ferguson. K.Wilson pushed ob at CLE 41 for 17 yards (J.Andreessen; J.Hancock)."
2026,PRESEASON WEEK 2,Saturday,August 22nd,BUF,CLE,2nd Quarter,3,Cleveland Browns,0,1,0,13 Yard Pass,1st & 10 at CLE 41,10:25 2nd,— S.Sanders pass short right to C.Ryan pushed ob at BUF 46 for 13 yards (G.Stone).
2026,PRESEASON WEEK 2,Saturday,August 22nd,BUF,CLE,2nd Quarter,3,Cleveland Browns,0,2,0,4 Yard Run,1st & 10 at BUF 46,09:49 2nd,— I.Bond left end to BUF 42 for 4 yards (J.Hancock; G.Stone).
2026,PRESEASON WEEK 2,Saturday,August 22nd,BUF,CLE,2nd Quarter,3,Cleveland Browns,0,3,0,1 Yard Run,2nd & 6 at BUF 42,09:03 2nd,— R.Sanders right end to BUF 41 for 1 yard (G.Gaines).
2026,PRESEASON WEEK 2,Saturday,August 22nd,BUF,CLE,2nd Quarter,3,Cleveland Browns,0,4,0,-10 Yard Penalty,3rd & 5 at BUF 41,08:19 2nd Shotgun,"— S.Sanders scrambles left end to BUF 28 for 13 yards (D.Igbinosun). PENALTY on CLE-Z.Zinter, Offensive Holding, 10 yards, enforced at BUF 41 - No Play."
2026,PRESEASON WEEK 2,Saturday,August 22nd,BUF,CLE,2nd Quarter,3,Cleveland Browns,0,5,0,23 Yard Pass,3rd & 15 at CLE 49,07:51 2nd Shotgun,— S.Sanders pass deep right to L.Floriea to BUF 28 for 23 yards (D.Hamlin).
2026,PRESEASON WEEK 2,Saturday,August 22nd,BUF,CLE,2nd Quarter,3,Cleveland Browns,0,6,0,-2 Yard Run,1st & 10 at BUF 28,07:08 2nd,— R.Sanders left end to BUF 30 for -2 yards (D.Igbinosun).
2026,PRESEASON WEEK 2,Saturday,August 22nd,BUF,CLE,2nd Quarter,3,Cleveland Browns,0,7,0,5 Yard Penalty,2nd & 12 at BUF 30,06:27 2nd Shotgun,"— PENALTY on BUF, Defensive Too Many Men on Field, 5 yards, enforced at BUF 30 - No Play."
2026,PRESEASON WEEK 2,Saturday,August 22nd,BUF,CLE,2nd Quarter,3,Cleveland Browns,0,8,0,0 Yard Pass,2nd & 7 at BUF 25,06:15 2nd Shotgun,— S.Sanders pass short right to G.Larvadain to BUF 25 for no gain (D.Williams).
2026,PRESEASON WEEK 2,Saturday,August 22nd,BUF,CLE,2nd Quarter,3,Cleveland Browns,0,9,0,5 Yard Penalty,3rd & 7 at BUF 25,05:34 2nd Shotgun,"— S.Sanders pass short right to I.Bond to BUF 20 for 5 yards (T.Pride). PENALTY on BUF-T.Pride, Defensive Pass Interference, 5 yards, enforced at BUF 25 - No Play."
2026,PRESEASON WEEK 2,Saturday,August 22nd,BUF,CLE,2nd Quarter,3,Cleveland Browns,0,10,0,1 Yard Run,1st & 10 at BUF 20,05:20 2nd,— R.Sanders left tackle to BUF 19 for 1 yard (K.Walker).
2026,PRESEASON WEEK 2,Saturday,August 22nd,BUF,CLE,2nd Quarter,3,Cleveland Browns,0,11,0,Interception,2nd & 9 at BUF 19,04:43 2nd Shotgun,— S.Sanders pass short middle intended for J.Terry INTERCEPTED by D.Hamlin at BUF 9. D.Hamlin to BUF 17 for 8 yards (K.Leveston).
2026,PRESEASON WEEK 2,Saturday,August 22nd,BUF,CLE,2nd Quarter,4,Buffalo Bills,0,1,0,2 Yard Run,1st & 10 at BUF 17,04:33 2nd,"— F.Gore up the middle to BUF 17 for no gain (B.Whitley). FUMBLES (B.Whitley), and recovers at BUF 19."
2026,PRESEASON WEEK 2,Saturday,August 22nd,BUF,CLE,2nd Quarter,4,Buffalo Bills,0,2,0,20 Yard Pass,2nd & 8 at BUF 19,03:50 2nd,— K.Allen pass deep left to T.Sherfield to BUF 39 for 20 yards (D.McMillon; T.Avery).
2026,PRESEASON WEEK 2,Saturday,August 22nd,BUF,CLE,2nd Quarter,4,Buffalo Bills,0,3,0,4 Yard Run,1st & 10 at BUF 39,03:02 2nd,— M.Hardman left end to BUF 43 for 4 yards (M.Coats).
2026,PRESEASON WEEK 2,Saturday,August 22nd,BUF,CLE,2nd Quarter,4,Buffalo Bills,0,4,0,3 Yard Run,2nd & 6 at BUF 43,02:29 2nd,— F.Gore left guard to BUF 46 for 3 yards (N.Watson; W.Reid).
2026,PRESEASON WEEK 2,Saturday,August 22nd,BUF,CLE,2nd Quarter,4,Buffalo Bills,0,5,0,Pass Incomplete,3rd & 3 at BUF 46,02:00 2nd Shotgun,— K.Allen pass incomplete short middle to M.Hardman.
2026,PRESEASON WEEK 2,Saturday,August 22nd,BUF,CLE,2nd Quarter,4,Buffalo Bills,0,6,0,Punt,4th & 3 at BUF 46,01:55 2nd,"— T.Doman punts 37 yards to CLE 17, Center-R.Ferguson, fair catch by G.Larvadain."
2026,PRESEASON WEEK 2,Saturday,August 22nd,BUF,CLE,2nd Quarter,5,Cleveland Browns,0,1,0,-6 Yard Pass,1st & 10 at CLE 17,01:48 2nd Shotgun,— S.Sanders pass short right to D.Booth pushed ob at CLE 11 for -6 yards (D.Carter).
2026,PRESEASON WEEK 2,Saturday,August 22nd,BUF,CLE,2nd Quarter,5,Cleveland Browns,0,2,0,4 Yard Run,2nd & 16 at CLE 11,01:40 2nd Shotgun,— D.Booth right end to CLE 15 for 4 yards (J.Andreessen).
2026,PRESEASON WEEK 2,Saturday,August 22nd,BUF,CLE,2nd Quarter,5,Cleveland Browns,0,3,0,Timeout,,01:28 2nd,— Timeout #1 by BUF at 01:28.
2026,PRESEASON WEEK 2,Saturday,August 22nd,BUF,CLE,2nd Quarter,5,Cleveland Browns,0,4,0,5 Yard Penalty,3rd & 12 at CLE 15,01:28 2nd Shotgun,"— S.Sanders pass short right to D.Booth to CLE 19 for 4 yards (J.Andreessen) [T.Parker]. PENALTY on BUF-T.Parker, Defensive Offside, 5 yards, enforced at CLE 15 - No Play."
2026,PRESEASON WEEK 2,Saturday,August 22nd,BUF,CLE,2nd Quarter,5,Cleveland Browns,0,5,0,Pass Incomplete,3rd & 7 at CLE 20,01:20 2nd Shotgun,"— S.Sanders pass incomplete short middle to D.Booth [T.Sanders]. Penalty on CLE-D.Jones, Offensive Holding, declined."
2026,PRESEASON WEEK 2,Saturday,August 22nd,BUF,CLE,2nd Quarter,5,Cleveland Browns,0,6,0,Punt,4th & 7 at CLE 20,01:14 2nd,"— W.Pahl punts 54 yards to BUF 26, Center-R.Sunahara. R.Davis to BUF 38 for 12 yards (N.Watson; W.Reid)."
2026,PRESEASON WEEK 2,Saturday,August 22nd,BUF,CLE,2nd Quarter,6,Buffalo Bills,1,1,0,6 Yard Pass,1st & 10 at BUF 38,01:02 2nd Shotgun,— K.Allen pass short right to M.Hardman to BUF 44 for 6 yards (N.Watson; D.McMillon).
2026,PRESEASON WEEK 2,Saturday,August 22nd,BUF,CLE,2nd Quarter,6,Buffalo Bills,1,2,0,37 Yard Pass,2nd & 4 at BUF 44,"00:46 2nd No Huddle, Shotgun",— K.Allen pass deep right to J.Maclin to CLE 19 for 37 yards (T.Avery).
2026,PRESEASON WEEK 2,Saturday,August 22nd,BUF,CLE,2nd Quarter,6,Buffalo Bills,1,3,0,10 Yard Pass,1st & 10 at CLE 19,"00:26 2nd No Huddle, Shotgun",— K.Allen pass short right to S.Zylstra ran ob at CLE 9 for 10 yards (T.Avery). The first down was assisted by replay.
2026,PRESEASON WEEK 2,Saturday,August 22nd,BUF,CLE,2nd Quarter,6,Buffalo Bills,1,4,1,Touchdown,1st & 9 at CLE 9,00:21 2nd Shotgun,"— K.Allen pass short left to M.Hardman for 9 yards, TOUCHDOWN."
2026,PRESEASON WEEK 2,Saturday,August 22nd,BUF,CLE,2nd Quarter,6,Buffalo Bills,1,5,1,Extra Point,,00:15 2nd,"— T.Bass extra point is GOOD, Center-R.Ferguson, Holder-M.Wishnowsky."
2026,PRESEASON WEEK 2,Saturday,August 22nd,BUF,CLE,2nd Quarter,7,Cleveland Browns,0,1,0,Kickoff from BUF 35,,Kickoff,"— T.Bass kicks 65 yards from BUF 35 to CLE 0. K.Wilson to CLE 30 for 30 yards (K.Walker; A.Jones). PENALTY on CLE-A.Marshall, Clipping, 12 yards, enforced at CLE 25."
2026,PRESEASON WEEK 2,Saturday,August 22nd,BUF,CLE,2nd Quarter,7,Cleveland Browns,0,2,0,1 Yard Run,1st & 10 at CLE 13,00:09 2nd,— A.Marshall right guard to CLE 14 for 1 yard (J.Andreessen; A.Jones).
2026,PRESEASON WEEK 2,Saturday,August 22nd,BUF,CLE,3rd Quarter,1,Cleveland Browns,0,1,0,Kickoff from BUF 35,,Kickoff,— T.Bass kicks 61 yards from BUF 35 to CLE 4. D.Booth to CLE 31 for 27 yards (T.Gaines; T.Couch).
2026,PRESEASON WEEK 2,Saturday,August 22nd,BUF,CLE,3rd Quarter,1,Cleveland Browns,0,2,0,Pass Incomplete,1st & 10 at CLE 31,14:55 3rd,— D.Watson pass incomplete short right to M.Corley (K.Walker) [T.Parker].
2026,PRESEASON WEEK 2,Saturday,August 22nd,BUF,CLE,3rd Quarter,1,Cleveland Browns,0,3,0,-1 Yard Run,2nd & 10 at CLE 31,14:49 3rd Shotgun,— A.Marshall right end to CLE 30 for -1 yards (J.Solomon).
2026,PRESEASON WEEK 2,Saturday,August 22nd,BUF,CLE,3rd Quarter,1,Cleveland Browns,0,4,0,Pass Incomplete,3rd & 11 at CLE 30,14:07 3rd Shotgun,— D.Watson pass incomplete short middle to G.Larvadain (J.Hancock).
2026,PRESEASON WEEK 2,Saturday,August 22nd,BUF,CLE,3rd Quarter,1,Cleveland Browns,0,5,0,Punt,4th & 11 at CLE 30,14:01 3rd,"— W.Pahl punts 55 yards to BUF 15, Center-R.Sunahara. M.Hardman to BUF 32 for 17 yards (L.Fano)."
2026,PRESEASON WEEK 2,Saturday,August 22nd,BUF,CLE,3rd Quarter,2,Buffalo Bills,1,1,0,9 Yard Pass,1st & 10 at BUF 32,13:48 3rd Shotgun,— S.Buechele pass short right to S.Zylstra to BUF 41 for 9 yards (D.McMillon).
2026,PRESEASON WEEK 2,Saturday,August 22nd,BUF,CLE,3rd Quarter,2,Buffalo Bills,1,2,0,10 Yard Run,2nd & 1 at BUF 41,13:11 3rd,— I.Wheeler left tackle to CLE 49 for 10 yards (N.Watson; C.Edmonds).
2026,PRESEASON WEEK 2,Saturday,August 22nd,BUF,CLE,3rd Quarter,2,Buffalo Bills,1,3,0,4 Yard Run,1st & 10 at CLE 49,12:32 3rd,— I.Wheeler right end to CLE 45 for 4 yards (T.Avery; J.Jefferson).
2026,PRESEASON WEEK 2,Saturday,August 22nd,BUF,CLE,3rd Quarter,2,Buffalo Bills,1,4,0,2 Yard Pass,2nd & 6 at CLE 45,11:48 3rd,— S.Buechele pass short left to I.Wheeler to CLE 43 for 2 yards (W.Reid).
2026,PRESEASON WEEK 2,Saturday,August 22nd,BUF,CLE,3rd Quarter,2,Buffalo Bills,1,5,0,3 Yard Run,3rd & 4 at CLE 43,11:07 3rd Shotgun,— I.Wheeler up the middle to CLE 40 for 3 yards (L.Fano; E.Chatman).
2026,PRESEASON WEEK 2,Saturday,August 22nd,BUF,CLE,3rd Quarter,2,Buffalo Bills,1,6,0,6 Yard Run,4th & 1 at CLE 40,10:29 3rd,— I.Wheeler right guard to CLE 34 for 6 yards (T.Avery; T.Hall).
2026,PRESEASON WEEK 2,Saturday,August 22nd,BUF,CLE,3rd Quarter,2,Buffalo Bills,1,7,0,Pass Incomplete,1st & 10 at CLE 34,09:52 3rd Shotgun,— S.Buechele pass incomplete short right to S.Gosnell.
2026,PRESEASON WEEK 2,Saturday,August 22nd,BUF,CLE,3rd Quarter,2,Buffalo Bills,1,8,0,5 Yard Run,2nd & 10 at CLE 34,09:48 3rd Shotgun,— I.Wheeler up the middle to CLE 29 for 5 yards (D.McMillon; K.Sydnor).
2026,PRESEASON WEEK 2,Saturday,August 22nd,BUF,CLE,3rd Quarter,2,Buffalo Bills,1,9,0,-5 Yard Penalty,3rd & 5 at CLE 29,09:04 3rd Shotgun,"— PENALTY on BUF-K.Latu, False Start, 5 yards, enforced at CLE 29 - No Play."
2026,PRESEASON WEEK 2,Saturday,August 22nd,BUF,CLE,3rd Quarter,2,Buffalo Bills,1,10,0,Pass Incomplete,3rd & 10 at CLE 34,08:47 3rd Shotgun,— S.Buechele pass incomplete deep left to J.Maclin.
2026,PRESEASON WEEK 2,Saturday,August 22nd,BUF,CLE,3rd Quarter,2,Buffalo Bills,1,11,1,Field Goal,4th & 10 at CLE 34,08:41 3rd,"— T.Bass 52 yard field goal is GOOD, Center-R.Ferguson, Holder-M.Wishnowsky."
2026,PRESEASON WEEK 2,Saturday,August 22nd,BUF,CLE,3rd Quarter,3,Cleveland Browns,0,1,0,Kickoff from BUF 35,,Kickoff,— T.Bass kicks 62 yards from BUF 35 to CLE 3. K.Wilson to CLE 41 for 38 yards (Q.Skinner; T.Pride).
2026,PRESEASON WEEK 2,Saturday,August 22nd,BUF,CLE,3rd Quarter,3,Cleveland Browns,0,2,0,1 Yard Run,1st & 10 at CLE 41,08:30 3rd Shotgun,— A.Marshall up the middle to CLE 42 for 1 yard (D.Carter; J.Andreessen).
2026,PRESEASON WEEK 2,Saturday,August 22nd,BUF,CLE,3rd Quarter,3,Cleveland Browns,0,3,0,-1 Yard Pass,2nd & 9 at CLE 42,07:52 3rd Shotgun,— D.Watson pass short left to D.Booth to CLE 41 for -1 yards (J.Dunbar).
2026,PRESEASON WEEK 2,Saturday,August 22nd,BUF,CLE,3rd Quarter,3,Cleveland Browns,0,4,0,Pass Incomplete,3rd & 10 at CLE 41,07:15 3rd Shotgun,— D.Watson pass incomplete short middle to A.Marshall (M.Danna).
2026,PRESEASON WEEK 2,Saturday,August 22nd,BUF,CLE,3rd Quarter,3,Cleveland Browns,0,5,0,Punt,4th & 10 at CLE 41,07:10 3rd,"— W.Pahl punts 48 yards to BUF 11, Center-R.Sunahara, downed by CLE-N.Evans."
2026,PRESEASON WEEK 2,Saturday,August 22nd,BUF,CLE,3rd Quarter,4,Buffalo Bills,0,1,0,2 Yard Run,1st & 10 at BUF 11,06:59 3rd,— I.Wheeler left tackle to BUF 13 for 2 yards (C.Izzard).
2026,PRESEASON WEEK 2,Saturday,August 22nd,BUF,CLE,3rd Quarter,4,Buffalo Bills,0,2,0,Pass Incomplete,2nd & 8 at BUF 13,06:21 3rd Shotgun,— S.Buechele pass incomplete deep right to K.Latu.
2026,PRESEASON WEEK 2,Saturday,August 22nd,BUF,CLE,3rd Quarter,4,Buffalo Bills,0,3,0,Pass Incomplete,3rd & 8 at BUF 13,06:16 3rd Shotgun,— S.Buechele pass incomplete short right to M.Hardman (J.McClendon).
2026,PRESEASON WEEK 2,Saturday,August 22nd,BUF,CLE,3rd Quarter,4,Buffalo Bills,0,4,0,Punt,4th & 8 at BUF 13,06:10 3rd,"— M.Wishnowsky punts 59 yards to CLE 28, Center-R.Ferguson. K.Wilson to CLE 29 for 1 yard (K.Jenkins). PENALTY on CLE-T.Hall, Illegal Block Above the Waist, 10 yards, enforced at CLE 29."
2026,PRESEASON WEEK 2,Saturday,August 22nd,BUF,CLE,3rd Quarter,5,Cleveland Browns,0,1,0,20 Yard Pass,1st & 10 at CLE 19,05:58 3rd,— D.Watson pass deep middle to M.Corley to CLE 39 for 20 yards (J.Dunbar). The player down by contact was assisted by replay.
2026,PRESEASON WEEK 2,Saturday,August 22nd,BUF,CLE,3rd Quarter,5,Cleveland Browns,0,2,0,1 Yard Run,1st & 10 at CLE 39,05:10 3rd,— A.Marshall up the middle to CLE 40 for 1 yard (Z.Durant; J.Ciarlo).
2026,PRESEASON WEEK 2,Saturday,August 22nd,BUF,CLE,3rd Quarter,5,Cleveland Browns,0,3,0,10 Yard Run,2nd & 9 at CLE 40,04:32 3rd Shotgun,— D.Watson scrambles right end to 50 for 10 yards (T.Gaines).
2026,PRESEASON WEEK 2,Saturday,August 22nd,BUF,CLE,3rd Quarter,5,Cleveland Browns,0,4,0,Pass Incomplete,1st & 10 at 50,03:49 3rd,— D.Watson pass incomplete short left [D.Carter].
2026,PRESEASON WEEK 2,Saturday,August 22nd,BUF,CLE,3rd Quarter,5,Cleveland Browns,0,5,0,5 Yard Pass,2nd & 10 at 50,03:42 3rd Shotgun,— D.Watson pass short left to G.Larvadain pushed ob at BUF 45 for 5 yards (J.Ciarlo).
2026,PRESEASON WEEK 2,Saturday,August 22nd,BUF,CLE,3rd Quarter,5,Cleveland Browns,0,6,0,Interception,3rd & 5 at BUF 45,03:07 3rd Shotgun,— D.Watson pass deep left intended for G.Larvadain INTERCEPTED by T.Couch [Z.Logue] at BUF 27. T.Couch to BUF 27 for no gain (G.Larvadain).
2026,PRESEASON WEEK 2,Saturday,August 22nd,BUF,CLE,3rd Quarter,6,Buffalo Bills,1,1,0,2 Yard Run,1st & 10 at BUF 27,03:00 3rd,— F.Gore up the middle to BUF 29 for 2 yards (K.Sydnor).
2026,PRESEASON WEEK 2,Saturday,August 22nd,BUF,CLE,3rd Quarter,6,Buffalo Bills,1,2,1,Touchdown,2nd & 8 at BUF 29,02:18 3rd,"— S.Buechele pass short left to J.Maclin for 71 yards, TOUCHDOWN."
2026,PRESEASON WEEK 2,Saturday,August 22nd,BUF,CLE,3rd Quarter,6,Buffalo Bills,1,3,1,Extra Point,,02:07 3rd,"— T.Bass extra point is GOOD, Center-R.Ferguson, Holder-M.Wishnowsky."
2026,PRESEASON WEEK 2,Saturday,August 22nd,BUF,CLE,4th Quarter,1,Cleveland Browns,0,1,0,Kickoff from BUF 35,,Kickoff,— T.Bass kicks 63 yards from BUF 35 to CLE 2. K.Wilson to CLE 33 for 31 yards (K.Latu).
2026,PRESEASON WEEK 2,Saturday,August 22nd,BUF,CLE,4th Quarter,1,Cleveland Browns,0,2,0,7 Yard Run,1st & 10 at CLE 33,02:02 3rd,— A.Marshall up the middle to CLE 40 for 7 yards (W.Owens; T.Gaines).
2026,PRESEASON WEEK 2,Saturday,August 22nd,BUF,CLE,4th Quarter,1,Cleveland Browns,0,3,0,2 Yard Run,2nd & 3 at CLE 40,01:26 3rd,— A.Marshall left end to CLE 42 for 2 yards (Z.Durant; J.Dunbar).
2026,PRESEASON WEEK 2,Saturday,August 22nd,BUF,CLE,4th Quarter,1,Cleveland Browns,0,4,0,3 Yard Run,3rd & 1 at CLE 42,00:54 3rd,— D.Watson up the middle to CLE 45 for 3 yards (Z.Durant).
2026,PRESEASON WEEK 2,Saturday,August 22nd,BUF,CLE,4th Quarter,1,Cleveland Browns,0,5,0,7 Yard Pass,1st & 10 at CLE 45,00:11 3rd,— D.Watson pass short left to M.Corley to BUF 48 for 7 yards (T.Gaines; W.Owens).
2026,PRESEASON WEEK 2,Saturday,August 22nd,BUF,CLE,4th Quarter,1,Cleveland Browns,0,6,0,6 Yard Run,2nd & 3 at BUF 48,15:00 4th,— A.Marshall right end to BUF 42 for 6 yards (T.Couch).
2026,PRESEASON WEEK 2,Saturday,August 22nd,BUF,CLE,4th Quarter,1,Cleveland Browns,0,7,0,1 Yard Run,1st & 10 at BUF 42,14:24 4th,— A.Marshall right guard to BUF 41 for 1 yard (T.Couch).
2026,PRESEASON WEEK 2,Saturday,August 22nd,BUF,CLE,4th Quarter,1,Cleveland Browns,0,8,0,Timeout,,13:45 4th,— Timeout #1 by CLE at 13:45.
2026,PRESEASON WEEK 2,Saturday,August 22nd,BUF,CLE,4th Quarter,1,Cleveland Browns,0,9,0,5 Yard Pass,2nd & 9 at BUF 41,13:45 4th Shotgun,— D.Watson pass short right to B.Patterson to BUF 36 for 5 yards (J.Dunbar).
2026,PRESEASON WEEK 2,Saturday,August 22nd,BUF,CLE,4th Quarter,1,Cleveland Browns,0,10,0,Pass Incomplete,3rd & 4 at BUF 36,13:02 4th Shotgun,— D.Watson pass incomplete deep left to M.Corley.
2026,PRESEASON WEEK 2,Saturday,August 22nd,BUF,CLE,4th Quarter,1,Cleveland Browns,0,11,0,Pass Incomplete,4th & 4 at BUF 36,12:58 4th Shotgun,— D.Watson pass incomplete short right to L.Floriea (D.Carter).
2026,PRESEASON WEEK 2,Saturday,August 22nd,BUF,CLE,4th Quarter,2,Buffalo Bills,1,1,0,0 Yard Run,1st & 10 at BUF 37,12:53 4th,— F.Gore right guard to BUF 37 for no gain (L.Fano).
2026,PRESEASON WEEK 2,Saturday,August 22nd,BUF,CLE,4th Quarter,2,Buffalo Bills,1,2,0,Pass Incomplete,2nd & 10 at BUF 37,12:16 4th Shotgun,— S.Buechele pass incomplete short left to F.Gore.
2026,PRESEASON WEEK 2,Saturday,August 22nd,BUF,CLE,4th Quarter,2,Buffalo Bills,1,3,0,10 Yard Pass,3rd & 10 at BUF 37,12:12 4th Shotgun,— S.Buechele pass short left to S.Zylstra to BUF 47 for 10 yards (J.Muhammad; C.Izzard).
2026,PRESEASON WEEK 2,Saturday,August 22nd,BUF,CLE,4th Quarter,2,Buffalo Bills,1,4,0,3 Yard Run,1st & 10 at BUF 47,11:27 4th,— I.Wheeler right tackle to 50 for 3 yards (J.Muhammad; L.Fano).
2026,PRESEASON WEEK 2,Saturday,August 22nd,BUF,CLE,4th Quarter,2,Buffalo Bills,1,5,0,4 Yard Pass,2nd & 7 at 50,10:47 4th,"— S.Buechele pass short right to I.Wheeler pushed ob at CLE 31 for 19 yards (Z.Washington). PENALTY on BUF-C.Lundt, Taunting, 15 yards, enforced at CLE 31."
2026,PRESEASON WEEK 2,Saturday,August 22nd,BUF,CLE,4th Quarter,2,Buffalo Bills,1,6,0,11 Yard Run,1st & 10 at CLE 46,10:18 4th,— F.Gore left end to CLE 35 for 11 yards (Z.Washington).
2026,PRESEASON WEEK 2,Saturday,August 22nd,BUF,CLE,4th Quarter,2,Buffalo Bills,1,7,0,18 Yard Run,1st & 10 at CLE 35,09:40 4th,— F.Gore right end to CLE 17 for 18 yards (J.Jefferson).
2026,PRESEASON WEEK 2,Saturday,August 22nd,BUF,CLE,4th Quarter,2,Buffalo Bills,1,8,0,7 Yard Run,1st & 10 at CLE 17,08:57 4th Shotgun,— F.Gore right end to CLE 10 for 7 yards (B.Whitley; N.Watson).
2026,PRESEASON WEEK 2,Saturday,August 22nd,BUF,CLE,4th Quarter,2,Buffalo Bills,1,9,0,2 Yard Run,2nd & 3 at CLE 10,08:16 4th,— I.Wheeler left end to CLE 8 for 2 yards (N.Watson).
2026,PRESEASON WEEK 2,Saturday,August 22nd,BUF,CLE,4th Quarter,2,Buffalo Bills,1,10,0,3 Yard Run,3rd & 1 at CLE 8,07:38 4th,— I.Wheeler right guard to CLE 5 for 3 yards (C.Edmonds; N.Watson).
2026,PRESEASON WEEK 2,Saturday,August 22nd,BUF,CLE,4th Quarter,2,Buffalo Bills,1,11,1,Touchdown,1st & 5 at CLE 5,06:55 4th,"— S.Buechele scrambles right end for 5 yards, TOUCHDOWN."
2026,PRESEASON WEEK 2,Saturday,August 22nd,BUF,CLE,4th Quarter,2,Buffalo Bills,1,12,1,Extra Point,,06:49 4th,"— T.Bass extra point is GOOD, Center-R.Ferguson, Holder-M.Wishnowsky."
2026,PRESEASON WEEK 2,Saturday,August 22nd,BUF,CLE,4th Quarter,3,Cleveland Browns,0,1,0,Kickoff from BUF 35,,Kickoff,"— T.Bass kicks 65 yards from BUF 35 to end zone, Touchback to the CLE 35."
2026,PRESEASON WEEK 2,Saturday,August 22nd,BUF,CLE,4th Quarter,3,Cleveland Browns,0,2,0,-5 Yard Penalty,1st & 10 at CLE 35,06:49 4th,"— PENALTY on CLE-I.Miller, False Start, 5 yards, enforced at CLE 35 - No Play."
2026,PRESEASON WEEK 2,Saturday,August 22nd,BUF,CLE,4th Quarter,3,Cleveland Browns,0,3,0,-5 Yard Penalty,1st & 15 at CLE 30,06:49 4th,"— PENALTY on CLE-K.Leveston, False Start, 5 yards, enforced at CLE 30 - No Play."
2026,PRESEASON WEEK 2,Saturday,August 22nd,BUF,CLE,4th Quarter,3,Cleveland Browns,0,4,0,Pass Incomplete,1st & 20 at CLE 25,06:49 4th Shotgun,— D.Gabriel pass incomplete short middle to L.Floriea (T.Pride).
2026,PRESEASON WEEK 2,Saturday,August 22nd,BUF,CLE,4th Quarter,3,Cleveland Browns,0,5,0,0 Yard Run,2nd & 20 at CLE 25,06:45 4th Shotgun,— D.Booth right tackle to CLE 25 for no gain (D.Carter).
2026,PRESEASON WEEK 2,Saturday,August 22nd,BUF,CLE,4th Quarter,3,Cleveland Browns,0,6,0,-5 Yard Penalty,3rd & 20 at CLE 25,06:03 4th Shotgun,"— PENALTY on CLE-K.Leveston, False Start, 5 yards, enforced at CLE 25 - No Play."
2026,PRESEASON WEEK 2,Saturday,August 22nd,BUF,CLE,4th Quarter,3,Cleveland Browns,0,7,0,12 Yard Run,3rd & 25 at CLE 20,06:03 4th,— D.Booth right tackle to CLE 32 for 12 yards (C.Denhoff; J.Ciarlo).
2026,PRESEASON WEEK 2,Saturday,August 22nd,BUF,CLE,4th Quarter,3,Cleveland Browns,0,8,0,Punt,4th & 13 at CLE 32,05:19 4th,"— W.Pahl punts 35 yards to BUF 33, Center-R.Sunahara, out of bounds."
2026,PRESEASON WEEK 2,Saturday,August 22nd,BUF,CLE,4th Quarter,4,Buffalo Bills,0,1,0,6 Yard Run,1st & 10 at BUF 33,05:11 4th,— I.Wheeler right tackle to BUF 39 for 6 yards (N.Evans; J.Jefferson).
2026,PRESEASON WEEK 2,Saturday,August 22nd,BUF,CLE,4th Quarter,4,Buffalo Bills,0,2,0,1 Yard Run,2nd & 4 at BUF 39,04:33 4th,— I.Wheeler right guard to BUF 40 for 1 yard (B.Whitley; E.Ulofoshio).
2026,PRESEASON WEEK 2,Saturday,August 22nd,BUF,CLE,4th Quarter,4,Buffalo Bills,0,3,0,4 Yard Run,3rd & 3 at BUF 40,03:49 4th,— F.Gore right tackle to BUF 44 for 4 yards (P.Jenkins; E.Chatman).
2026,PRESEASON WEEK 2,Saturday,August 22nd,BUF,CLE,4th Quarter,4,Buffalo Bills,0,4,0,8 Yard Run,1st & 10 at BUF 44,03:06 4th,— I.Wheeler left tackle to CLE 48 for 8 yards (Z.Washington).
2026,PRESEASON WEEK 2,Saturday,August 22nd,BUF,CLE,4th Quarter,4,Buffalo Bills,0,5,0,1 Yard Run,2nd & 2 at CLE 48,02:22 4th,— I.Wheeler left tackle to CLE 47 for 1 yard (E.Chatman; E.Ulofoshio).
2026,PRESEASON WEEK 2,Saturday,August 22nd,BUF,CLE,4th Quarter,4,Buffalo Bills,0,6,0,2 Yard Run,3rd & 1 at CLE 47,02:00 4th,— I.Wheeler right guard to CLE 45 for 2 yards (E.Ulofoshio; J.Jefferson).
2026,PRESEASON WEEK 2,Saturday,August 22nd,BUF,CLE,4th Quarter,4,Buffalo Bills,0,7,0,-1 Yard Run,1st & 10 at CLE 45,01:16 4th,— S.Buechele kneels to CLE 46 for -1 yards.
2026,PRESEASON WEEK 2,Saturday,August 22nd,BUF,CLE,4th Quarter,4,Buffalo Bills,0,8,0,-1 Yard Run,2nd & 11 at CLE 46,00:39 4th,— S.Buechele kneels to CLE 47 for -1 yards.
2026,PRESEASON WEEK 2,Saturday,August 22nd,ATL,IND,1st Quarter,1,Indianapolis Colts,0,1,0,Kickoff from ATL 35,,Kickoff,"— N.Folk kicks 61 yards from ATL 35 to IND 4. D.Burks to ATL 47 for 49 yards (J.Robinson; C.Phillips). PENALTY on IND-T.Washington, Offensive Holding, 10 yards, enforced at IND 28."
2026,PRESEASON WEEK 2,Saturday,August 22nd,ATL,IND,1st Quarter,1,Indianapolis Colts,0,2,0,4 Yard Run,1st & 10 at IND 18,14:50 1st Shotgun,— S.McGowan up the middle to IND 22 for 4 yards (N.Brooks; J.Bertrand).
2026,PRESEASON WEEK 2,Saturday,August 22nd,ATL,IND,1st Quarter,1,Indianapolis Colts,0,3,0,Pass Incomplete,2nd & 6 at IND 22,14:17 1st,— R.Leonard pass incomplete deep left to L.Treadwell (C.Henderson).
2026,PRESEASON WEEK 2,Saturday,August 22nd,ATL,IND,1st Quarter,1,Indianapolis Colts,0,4,0,-10 Yard Penalty,3rd & 6 at IND 22,14:12 1st Shotgun,"— R.Leonard scrambles left end ran ob at IND 30 for 8 yards (S.Brown). PENALTY on IND-D.Tucker, Offensive Holding, 10 yards, enforced at IND 22 - No Play."
2026,PRESEASON WEEK 2,Saturday,August 22nd,ATL,IND,1st Quarter,1,Indianapolis Colts,0,5,0,7 Yard Run,3rd & 16 at IND 12,13:43 1st Shotgun,"— S.McGowan left tackle to IND 19 for 7 yards (J.Pearce, K.Daniels)."
2026,PRESEASON WEEK 2,Saturday,August 22nd,ATL,IND,1st Quarter,1,Indianapolis Colts,0,6,0,Punt,4th & 9 at IND 19,13:07 1st,"— R.Sanchez punts 48 yards to ATL 33, Center-L.Rhodes. Z.Branch to ATL 38 for 5 yards (J.Thomas)."
2026,PRESEASON WEEK 2,Saturday,August 22nd,ATL,IND,1st Quarter,2,Atlanta Falcons,1,1,0,15 Yard Pass,1st & 10 at ATL 38,12:56 1st,— C.Rush pass short right to Z.Branch to IND 47 for 15 yards (M.Blackmon).
2026,PRESEASON WEEK 2,Saturday,August 22nd,ATL,IND,1st Quarter,2,Atlanta Falcons,1,2,0,0 Yard Pass,1st & 10 at IND 47,12:20 1st Shotgun,— C.Rush pass short left to Z.Branch to IND 47 for no gain (C.Taylor-Britt).
2026,PRESEASON WEEK 2,Saturday,August 22nd,ATL,IND,1st Quarter,2,Atlanta Falcons,1,3,0,4 Yard Run,2nd & 10 at IND 47,11:51 1st,— T.Goodson left tackle to IND 43 for 4 yards (H.Wohler; A.Ajiake).
2026,PRESEASON WEEK 2,Saturday,August 22nd,ATL,IND,1st Quarter,2,Atlanta Falcons,1,4,0,7 Yard Pass,3rd & 6 at IND 43,11:11 1st Shotgun,— C.Rush pass short right to J.Velling to IND 36 for 7 yards (C.Taylor-Britt).
2026,PRESEASON WEEK 2,Saturday,August 22nd,ATL,IND,1st Quarter,2,Atlanta Falcons,1,5,0,4 Yard Run,1st & 10 at IND 36,10:33 1st,— T.Goodson left end to IND 32 for 4 yards (J.Carlies).
2026,PRESEASON WEEK 2,Saturday,August 22nd,ATL,IND,1st Quarter,2,Atlanta Falcons,1,6,0,-1 Yard Run,2nd & 6 at IND 32,09:54 1st Shotgun,— T.Goodson right end to IND 33 for -1 yards (A.Ajiake).
2026,PRESEASON WEEK 2,Saturday,August 22nd,ATL,IND,1st Quarter,2,Atlanta Falcons,1,7,0,Pass Incomplete,3rd & 7 at IND 33,09:11 1st Shotgun,— C.Rush pass incomplete short middle to Z.Branch.
2026,PRESEASON WEEK 2,Saturday,August 22nd,ATL,IND,1st Quarter,2,Atlanta Falcons,1,8,1,Field Goal,4th & 7 at IND 33,09:08 1st,"— N.Folk 51 yard field goal is GOOD, Center-L.McCullough, Holder-J.Bailey."
2026,PRESEASON WEEK 2,Saturday,August 22nd,ATL,IND,1st Quarter,3,Indianapolis Colts,1,1,0,Kickoff from ATL 35,,Kickoff,"— N.Folk kicks 62 yards from ATL 35 to IND 3. C.Owen to IND 30 for 27 yards (K.Daniels, J.Robinson). PENALTY on IND-J.Thomas, Offensive Holding, 10 yards, enforced at IND 28."
2026,PRESEASON WEEK 2,Saturday,August 22nd,ATL,IND,1st Quarter,3,Indianapolis Colts,1,2,0,5 Yard Run,1st & 10 at IND 18,08:57 1st Shotgun,— S.McGowan up the middle to IND 23 for 5 yards (J.Bertrand).
2026,PRESEASON WEEK 2,Saturday,August 22nd,ATL,IND,1st Quarter,3,Indianapolis Colts,1,3,0,39 Yard Pass,2nd & 5 at IND 23,08:24 1st Shotgun,— R.Leonard pass deep right to C.Owen pushed ob at ATL 38 for 39 yards (D.Hellams).
2026,PRESEASON WEEK 2,Saturday,August 22nd,ATL,IND,1st Quarter,3,Indianapolis Colts,1,4,0,6 Yard Run,1st & 10 at ATL 38,07:48 1st,— S.McGowan right end to ATL 32 for 6 yards (D.Hellams).
2026,PRESEASON WEEK 2,Saturday,August 22nd,ATL,IND,1st Quarter,3,Indianapolis Colts,1,5,0,-1 Yard Pass,2nd & 4 at ATL 32,07:10 1st,— R.Leonard pass short right to P.Brown to ATL 33 for -1 yards (D.Hellams).
2026,PRESEASON WEEK 2,Saturday,August 22nd,ATL,IND,1st Quarter,3,Indianapolis Colts,1,6,0,3 Yard Pass,3rd & 5 at ATL 33,06:33 1st Shotgun,— R.Leonard pass short middle to D.Burks to ATL 30 for 3 yards (C.Henderson).
2026,PRESEASON WEEK 2,Saturday,August 22nd,ATL,IND,1st Quarter,3,Indianapolis Colts,1,7,1,Field Goal,4th & 2 at ATL 30,05:55 1st,"— S.Shrader 48 yard field goal is GOOD, Center-L.Rhodes, Holder-R.Sanchez."
2026,PRESEASON WEEK 2,Saturday,August 22nd,ATL,IND,1st Quarter,4,Atlanta Falcons,1,1,0,Kickoff from IND 35,,Kickoff,— S.Shrader kicks 61 yards from IND 35 to ATL 4. T.Goodson to ATL 41 for 37 yards (J.Edwards).
2026,PRESEASON WEEK 2,Saturday,August 22nd,ATL,IND,1st Quarter,4,Atlanta Falcons,1,2,0,0 Yard Run,1st & 10 at ATL 41,05:44 1st,— N.Carter up the middle to ATL 41 for no gain (M.Clemons).
2026,PRESEASON WEEK 2,Saturday,August 22nd,ATL,IND,1st Quarter,4,Atlanta Falcons,1,3,0,9 Yard Pass,2nd & 10 at ATL 41,05:07 1st Shotgun,— C.Rush pass short right to N.Muse to 50 for 9 yards (B.Boettcher; C.Allen).
2026,PRESEASON WEEK 2,Saturday,August 22nd,ATL,IND,1st Quarter,4,Atlanta Falcons,1,4,0,1 Yard Run,3rd & 1 at 50,04:32 1st,"— N.Carter up the middle to IND 49 for 1 yard (T.Smith). Indianapolis challenged the first down ruling, and the play was Upheld. The ruling on the field stands. (Timeout #1.)"
2026,PRESEASON WEEK 2,Saturday,August 22nd,ATL,IND,1st Quarter,4,Atlanta Falcons,1,5,1,Touchdown,1st & 10 at IND 49,03:59 1st,"— T.Goodson left tackle for 49 yards, TOUCHDOWN. PENALTY on ATL, Unsportsmanlike Conduct, 15 yards, enforced between downs."
2026,PRESEASON WEEK 2,Saturday,August 22nd,ATL,IND,1st Quarter,4,Atlanta Falcons,1,6,1,Extra Point,,03:50 1st,"— N.Folk extra point is GOOD, Center-L.McCullough, Holder-J.Bailey."
2026,PRESEASON WEEK 2,Saturday,August 22nd,ATL,IND,1st Quarter,5,Indianapolis Colts,1,1,0,Kickoff from ATL 35,,Kickoff,— N.Folk kicks 64 yards from ATL 35 to IND 1. D.Burks to IND 32 for 31 yards (J.Woods).
2026,PRESEASON WEEK 2,Saturday,August 22nd,ATL,IND,1st Quarter,5,Indianapolis Colts,1,2,0,2 Yard Run,1st & 10 at IND 32,03:45 1st Shotgun,— S.McGowan left tackle to IND 34 for 2 yards (D.Maxwell).
2026,PRESEASON WEEK 2,Saturday,August 22nd,ATL,IND,1st Quarter,5,Indianapolis Colts,1,3,0,16 Yard Penalty,2nd & 8 at IND 34,03:06 1st Shotgun,"— R.Leonard pass incomplete deep left to R.Sharpe (C.Henderson). PENALTY on ATL-C.Henderson, Defensive Pass Interference, 16 yards, enforced at IND 34 - No Play."
2026,PRESEASON WEEK 2,Saturday,August 22nd,ATL,IND,1st Quarter,5,Indianapolis Colts,1,4,0,15 Yard Run,1st & 10 at 50,03:01 1st,"— S.McGowan right end to 50 for no gain (S.Brown; N.Brooks). PENALTY on ATL-S.Brown, Unnecessary Roughness, 15 yards, enforced at 50."
2026,PRESEASON WEEK 2,Saturday,August 22nd,ATL,IND,1st Quarter,5,Indianapolis Colts,1,5,0,Pass Incomplete,1st & 10 at ATL 35,02:41 1st,— R.Leonard pass incomplete short left to C.Owen.
2026,PRESEASON WEEK 2,Saturday,August 22nd,ATL,IND,1st Quarter,5,Indianapolis Colts,1,6,0,0 Yard Pass,2nd & 10 at ATL 35,02:36 1st Shotgun,— R.Leonard pass short left to D.Burks to ATL 35 for no gain (K.Daniels).
2026,PRESEASON WEEK 2,Saturday,August 22nd,ATL,IND,1st Quarter,5,Indianapolis Colts,1,7,0,Pass Incomplete,3rd & 10 at ATL 35,01:57 1st Shotgun,— R.Leonard pass incomplete short right to S.McGowan.
2026,PRESEASON WEEK 2,Saturday,August 22nd,ATL,IND,1st Quarter,5,Indianapolis Colts,1,8,1,Field Goal,4th & 10 at ATL 35,01:51 1st,"— S.Shrader 53 yard field goal is GOOD, Center-L.Rhodes, Holder-R.Sanchez."
2026,PRESEASON WEEK 2,Saturday,August 22nd,ATL,IND,2nd Quarter,1,Atlanta Falcons,1,1,0,Kickoff from IND 35,,Kickoff,— S.Shrader kicks 60 yards from IND 35 to ATL 5. V.Anthony to ATL 33 for 28 yards (W.Weeks).
2026,PRESEASON WEEK 2,Saturday,August 22nd,ATL,IND,2nd Quarter,1,Atlanta Falcons,1,2,0,4 Yard Pass,1st & 10 at ATL 33,01:41 1st,— C.Rush pass short left to J.Velling to ATL 37 for 4 yards (A.Ajiake).
2026,PRESEASON WEEK 2,Saturday,August 22nd,ATL,IND,2nd Quarter,1,Atlanta Falcons,1,3,0,8 Yard Run,2nd & 6 at ATL 37,01:03 1st,— N.Carter right tackle to ATL 45 for 8 yards (C.Wooden; H.Wohler).
2026,PRESEASON WEEK 2,Saturday,August 22nd,ATL,IND,2nd Quarter,1,Atlanta Falcons,1,4,0,18 Yard Pass,1st & 10 at ATL 45,00:27 1st,"— C.Rush pass deep middle to C.Blair to IND 37 for 18 yards (C.Taylor-Britt). Penalty on IND-M.Blackmon, Defensive Pass Interference, declined. Penalty on IND-R.Carter, Defensive Holding, declined."
2026,PRESEASON WEEK 2,Saturday,August 22nd,ATL,IND,2nd Quarter,1,Atlanta Falcons,1,5,0,3 Yard Run,1st & 10 at IND 37,00:04 1st Shotgun,— N.Carter up the middle to IND 34 for 3 yards (R.Carter; J.Carlies).
2026,PRESEASON WEEK 2,Saturday,August 22nd,ATL,IND,2nd Quarter,1,Atlanta Falcons,1,6,0,4 Yard Run,2nd & 7 at IND 34,15:00 2nd Shotgun,— N.Carter up the middle to IND 30 for 4 yards (T.Smith).
2026,PRESEASON WEEK 2,Saturday,August 22nd,ATL,IND,2nd Quarter,1,Atlanta Falcons,1,7,0,17 Yard Pass,3rd & 3 at IND 30,14:16 2nd Shotgun,— C.Rush pass short right to V.Anthony pushed ob at IND 13 for 17 yards (J.Owens).
2026,PRESEASON WEEK 2,Saturday,August 22nd,ATL,IND,2nd Quarter,1,Atlanta Falcons,1,8,0,1 Yard Run,1st & 10 at IND 13,13:41 2nd,— T.Goodson left tackle to IND 12 for 1 yard (C.Wooden). ATL-K.Hinton was injured during the play.
2026,PRESEASON WEEK 2,Saturday,August 22nd,ATL,IND,2nd Quarter,1,Atlanta Falcons,1,9,0,4 Yard Pass,2nd & 9 at IND 12,13:09 2nd Shotgun,— C.Rush pass short left to T.Goodson to IND 8 for 4 yards (J.Carlies).
2026,PRESEASON WEEK 2,Saturday,August 22nd,ATL,IND,2nd Quarter,1,Atlanta Falcons,1,10,0,2 Yard Run,3rd & 5 at IND 8,12:30 2nd Shotgun,— T.Goodson right tackle to IND 6 for 2 yards (A.Ajiake; C.Taylor-Britt).
2026,PRESEASON WEEK 2,Saturday,August 22nd,ATL,IND,2nd Quarter,1,Atlanta Falcons,1,11,0,5 Yard Penalty,4th & 3 at IND 6,11:51 2nd Shotgun,"— C.Rush pass incomplete short right to C.Blair. PENALTY on IND-M.Blackmon, Defensive Pass Interference, 5 yards, enforced at IND 6 - No Play."
2026,PRESEASON WEEK 2,Saturday,August 22nd,ATL,IND,2nd Quarter,1,Atlanta Falcons,1,12,0,0 Yard Run,1st & 1 at IND 1,11:48 2nd,— N.Carter right guard to IND 1 for no gain (M.Clemons).
2026,PRESEASON WEEK 2,Saturday,August 22nd,ATL,IND,2nd Quarter,1,Atlanta Falcons,1,13,0,0 Yard Run,2nd & 1 at IND 1,11:07 2nd,— C.Rush up the middle to IND 1 for no gain (J.Carlies).
2026,PRESEASON WEEK 2,Saturday,August 22nd,ATL,IND,2nd Quarter,1,Atlanta Falcons,1,14,1,Touchdown,3rd & 1 at IND 1,10:26 2nd,"— N.Carter up the middle for 1 yard, TOUCHDOWN."
2026,PRESEASON WEEK 2,Saturday,August 22nd,ATL,IND,2nd Quarter,1,Atlanta Falcons,1,15,1,Extra Point,,10:20 2nd,"— N.Folk extra point is GOOD, Center-L.McCullough, Holder-J.Bailey."
2026,PRESEASON WEEK 2,Saturday,August 22nd,ATL,IND,2nd Quarter,2,Indianapolis Colts,0,1,0,Kickoff from ATL 35,,Kickoff,— N.Folk kicks 57 yards from ATL 35 to IND 8. D.Burks to IND 31 for 23 yards (J.Bertrand).
2026,PRESEASON WEEK 2,Saturday,August 22nd,ATL,IND,2nd Quarter,2,Indianapolis Colts,0,2,0,-2 Yard Run,1st & 10 at IND 31,10:16 2nd,"— S.McGowan up the middle to IND 29 for -2 yards (C.Allen, N.Brooks). Penalty on ATL-K.Banks, Unnecessary Roughness, offsetting. Penalty on IND-P.Brown, Unnecessary Roughness, offsetting."
2026,PRESEASON WEEK 2,Saturday,August 22nd,ATL,IND,2nd Quarter,2,Indianapolis Colts,0,3,0,Pass Incomplete,2nd & 12 at IND 29,09:54 2nd Shotgun,— R.Leonard pass incomplete short middle to C.Owen [C.Sample].
2026,PRESEASON WEEK 2,Saturday,August 22nd,ATL,IND,2nd Quarter,2,Indianapolis Colts,0,4,0,-10 Yard Penalty,3rd & 12 at IND 29,09:50 2nd Shotgun,"— R.Leonard pass short left to D.Burks to IND 42 for 13 yards (N.Brooks). PENALTY on IND-J.Kreutz, Illegal Use of Hands, 10 yards, enforced at IND 29 - No Play."
2026,PRESEASON WEEK 2,Saturday,August 22nd,ATL,IND,2nd Quarter,2,Indianapolis Colts,0,5,0,Pass Incomplete,3rd & 22 at IND 19,09:35 2nd Shotgun,— R.Leonard pass incomplete short right to S.McGowan.
2026,PRESEASON WEEK 2,Saturday,August 22nd,ATL,IND,2nd Quarter,2,Indianapolis Colts,0,6,0,Punt,4th & 22 at IND 19,09:31 2nd,"— R.Sanchez punts 52 yards to ATL 29, Center-L.Rhodes. D.Drummond to ATL 39 for 10 yards (A.Ajiake)."
2026,PRESEASON WEEK 2,Saturday,August 22nd,ATL,IND,2nd Quarter,3,Atlanta Falcons,0,1,0,-10 Yard Penalty,1st & 10 at ATL 39,09:19 2nd,"— T.Goodson left end to ATL 46 for 7 yards (D.Scott). PENALTY on ATL-A.Stueber, Offensive Holding, 10 yards, enforced at ATL 39 - No Play."
2026,PRESEASON WEEK 2,Saturday,August 22nd,ATL,IND,2nd Quarter,3,Atlanta Falcons,0,2,0,6 Yard Pass,1st & 20 at ATL 29,08:58 2nd Shotgun,— C.Rush pass short left to V.Anthony ran ob at ATL 35 for 6 yards (J.Edwards).
2026,PRESEASON WEEK 2,Saturday,August 22nd,ATL,IND,2nd Quarter,3,Atlanta Falcons,0,3,0,6 Yard Pass,2nd & 14 at ATL 35,08:24 2nd Shotgun,— C.Rush pass short middle to N.Muse to ATL 41 for 6 yards (B.Boettcher; C.Allen).
2026,PRESEASON WEEK 2,Saturday,August 22nd,ATL,IND,2nd Quarter,3,Atlanta Falcons,0,4,0,-10 Yard Penalty,3rd & 8 at ATL 41,07:43 2nd Shotgun,"— C.Rush pass short left to J.Velling pushed ob at IND 49 for 10 yards (H.Wohler). PENALTY on ATL-A.Stueber, Offensive Holding, 10 yards, enforced at ATL 41 - No Play."
2026,PRESEASON WEEK 2,Saturday,August 22nd,ATL,IND,2nd Quarter,3,Atlanta Falcons,0,5,0,7 Yard Run,3rd & 18 at ATL 31,07:20 2nd Shotgun,— N.Carter up the middle to ATL 38 for 7 yards (H.Wohler).
2026,PRESEASON WEEK 2,Saturday,August 22nd,ATL,IND,2nd Quarter,3,Atlanta Falcons,0,6,0,Punt,4th & 11 at ATL 38,06:38 2nd,"— J.Bailey punts 58 yards to IND 4, Center-L.McCullough, downed by ATL-D.Hall."
2026,PRESEASON WEEK 2,Saturday,August 22nd,ATL,IND,2nd Quarter,4,Indianapolis Colts,0,1,0,2 Yard Run,1st & 10 at IND 4,06:29 2nd,"— R.Leonard FUMBLES (Aborted) at IND 4, and recovers at IND 4. R.Leonard to IND 6 for 2 yards (D.Maxwell)."
2026,PRESEASON WEEK 2,Saturday,August 22nd,ATL,IND,2nd Quarter,4,Indianapolis Colts,0,2,0,5 Yard Run,2nd & 8 at IND 6,05:54 2nd Shotgun,— S.McGowan left guard to IND 11 for 5 yards (J.Pearce).
2026,PRESEASON WEEK 2,Saturday,August 22nd,ATL,IND,2nd Quarter,4,Indianapolis Colts,0,3,0,Pass Incomplete,3rd & 3 at IND 11,05:21 2nd Shotgun,— R.Leonard pass incomplete short right to C.Owen (J.Pearce).
2026,PRESEASON WEEK 2,Saturday,August 22nd,ATL,IND,2nd Quarter,4,Indianapolis Colts,0,4,0,Punt,4th & 3 at IND 11,05:17 2nd,"— R.Sanchez punts 59 yards to ATL 30, Center-L.Rhodes. D.Drummond to ATL 40 for 10 yards (H.Wohler)."
2026,PRESEASON WEEK 2,Saturday,August 22nd,ATL,IND,2nd Quarter,5,Atlanta Falcons,1,1,0,4 Yard Run,1st & 10 at ATL 40,05:05 2nd,— N.Carter right tackle to ATL 44 for 4 yards (C.Allen).
2026,PRESEASON WEEK 2,Saturday,August 22nd,ATL,IND,2nd Quarter,5,Atlanta Falcons,1,2,0,-2 Yard Run,2nd & 6 at ATL 44,04:34 2nd,— N.Carter right end to ATL 42 for -2 yards (B.Boettcher).
2026,PRESEASON WEEK 2,Saturday,August 22nd,ATL,IND,2nd Quarter,5,Atlanta Falcons,1,3,0,8 Yard Pass,3rd & 8 at ATL 42,03:51 2nd Shotgun,— J.Strand pass short left to D.Drummond to 50 for 8 yards (M.Blackmon).
2026,PRESEASON WEEK 2,Saturday,August 22nd,ATL,IND,2nd Quarter,5,Atlanta Falcons,1,4,0,11 Yard Pass,1st & 10 at 50,03:10 2nd,— J.Strand pass short right to N.Muse to IND 39 for 11 yards (R.Carter).
2026,PRESEASON WEEK 2,Saturday,August 22nd,ATL,IND,2nd Quarter,5,Atlanta Falcons,1,5,0,19 Yard Pass,1st & 10 at IND 39,02:28 2nd Pass formation,— J.Strand pass short middle to C.Blair to IND 20 for 19 yards (T.Washington; M.Blackmon).
2026,PRESEASON WEEK 2,Saturday,August 22nd,ATL,IND,2nd Quarter,5,Atlanta Falcons,1,6,0,5 Yard Run,1st & 10 at IND 20,01:59 2nd Shotgun,— J.Strand scrambles up the middle to IND 15 for 5 yards (R.Carter).
2026,PRESEASON WEEK 2,Saturday,August 22nd,ATL,IND,2nd Quarter,5,Atlanta Falcons,1,7,0,2 Yard Run,2nd & 5 at IND 15,01:23 2nd Shotgun,— C.Jones left tackle to IND 13 for 2 yards (J.Jones; D.Scott).
2026,PRESEASON WEEK 2,Saturday,August 22nd,ATL,IND,2nd Quarter,5,Atlanta Falcons,1,8,1,Touchdown,3rd & 3 at IND 13,00:43 2nd,"— J.Strand pass short right to C.Jones for 13 yards, TOUCHDOWN."
2026,PRESEASON WEEK 2,Saturday,August 22nd,ATL,IND,2nd Quarter,5,Atlanta Falcons,1,9,1,Extra Point,,00:36 2nd,"— N.Folk extra point is GOOD, Center-L.McCullough, Holder-J.Bailey."
2026,PRESEASON WEEK 2,Saturday,August 22nd,ATL,IND,2nd Quarter,6,Indianapolis Colts,0,1,0,Kickoff from ATL 35,,Kickoff,— N.Folk kicks 62 yards from ATL 35 to IND 3. D.Burks to IND 23 for 20 yards (J.Woods).
2026,PRESEASON WEEK 2,Saturday,August 22nd,ATL,IND,2nd Quarter,6,Indianapolis Colts,0,2,0,13 Yard Pass,1st & 10 at IND 23,00:32 2nd Shotgun,— R.Leonard pass short right to D.Burks pushed ob at IND 36 for 13 yards (C.Phillips).
2026,PRESEASON WEEK 2,Saturday,August 22nd,ATL,IND,2nd Quarter,6,Indianapolis Colts,0,3,0,3 Yard Pass,1st & 10 at IND 36,00:27 2nd Shotgun,— R.Leonard pass short left to D.Burks to IND 39 for 3 yards (C.Harris).
2026,PRESEASON WEEK 2,Saturday,August 22nd,ATL,IND,2nd Quarter,6,Indianapolis Colts,0,4,0,Timeout,,00:21 2nd,— Timeout #2 by IND at 00:21.
2026,PRESEASON WEEK 2,Saturday,August 22nd,ATL,IND,2nd Quarter,6,Indianapolis Colts,0,5,0,-10 Yard Penalty,2nd & 7 at IND 39,00:18 2nd Shotgun,"— R.Leonard pass incomplete deep right to D.Montgomery. PENALTY on IND-D.Montgomery, Offensive Pass Interference, 10 yards, enforced at IND 39 - No Play."
2026,PRESEASON WEEK 2,Saturday,August 22nd,ATL,IND,2nd Quarter,6,Indianapolis Colts,0,6,0,5 Yard Pass,2nd & 17 at IND 29,00:14 2nd Shotgun,— R.Leonard pass short left to S.McGowan pushed ob at IND 34 for 5 yards (J.Woods).
2026,PRESEASON WEEK 2,Saturday,August 22nd,ATL,IND,2nd Quarter,6,Indianapolis Colts,0,7,0,Pass Incomplete,3rd & 12 at IND 34,00:08 2nd Shotgun,— R.Leonard pass incomplete deep right to C.Owen [K.Banks].
2026,PRESEASON WEEK 2,Saturday,August 22nd,ATL,IND,2nd Quarter,6,Indianapolis Colts,0,8,0,Punt,4th & 12 at IND 34,00:03 2nd,"— R.Sanchez punts 66 yards to end zone, Center-L.Rhodes, Touchback."
2026,PRESEASON WEEK 2,Saturday,August 22nd,ATL,IND,3rd Quarter,1,Atlanta Falcons,1,1,0,Kickoff from IND 35,,Kickoff,— B.Grupe kicks 61 yards from IND 35 to ATL 4. C.Jones to ATL 27 for 23 yards (M.Melton).
2026,PRESEASON WEEK 2,Saturday,August 22nd,ATL,IND,3rd Quarter,1,Atlanta Falcons,1,2,0,21 Yard Pass,1st & 10 at ATL 27,14:55 3rd,— J.Strand pass short right to J.Simon to ATL 48 for 21 yards (T.Washington).
2026,PRESEASON WEEK 2,Saturday,August 22nd,ATL,IND,3rd Quarter,1,Atlanta Falcons,1,3,0,0 Yard Run,1st & 10 at ATL 48,14:18 3rd,— N.Carter left guard to ATL 48 for no gain (G.Gumbs).
2026,PRESEASON WEEK 2,Saturday,August 22nd,ATL,IND,3rd Quarter,1,Atlanta Falcons,1,4,0,36 Yard Pass,2nd & 10 at ATL 48,13:44 3rd Shotgun,— J.Strand pass deep right to A.Wells pushed ob at IND 16 for 36 yards (R.Carter).
2026,PRESEASON WEEK 2,Saturday,August 22nd,ATL,IND,3rd Quarter,1,Atlanta Falcons,1,5,1,Touchdown,1st & 10 at IND 16,13:12 3rd Shotgun,"— J.Strand scrambles up the middle for 16 yards, TOUCHDOWN."
2026,PRESEASON WEEK 2,Saturday,August 22nd,ATL,IND,3rd Quarter,1,Atlanta Falcons,1,6,1,Extra Point,,13:04 3rd,"— N.Folk extra point is GOOD, Center-L.McCullough, Holder-J.Bailey."
2026,PRESEASON WEEK 2,Saturday,August 22nd,ATL,IND,3rd Quarter,2,Indianapolis Colts,0,1,0,Kickoff from ATL 35,,Kickoff,— N.Folk kicks 61 yards from ATL 35 to IND 4. C.Owen to IND 31 for 27 yards (K.Banks; N.Brooks).
2026,PRESEASON WEEK 2,Saturday,August 22nd,ATL,IND,3rd Quarter,2,Indianapolis Colts,0,2,0,-10 Yard Penalty,1st & 10 at IND 31,12:58 3rd Shotgun,"— A.Richardson pass short right to R.Sharpe ran ob at IND 48 for 17 yards (D.Hall). PENALTY on IND-P.Brown, Offensive Pass Interference, 10 yards, enforced at IND 31 - No Play."
2026,PRESEASON WEEK 2,Saturday,August 22nd,ATL,IND,3rd Quarter,2,Indianapolis Colts,0,3,0,Pass Incomplete,1st & 20 at IND 21,12:34 3rd Shotgun,— A.Richardson pass incomplete short middle to D.Burks (J.Woods).
2026,PRESEASON WEEK 2,Saturday,August 22nd,ATL,IND,3rd Quarter,2,Indianapolis Colts,0,4,0,4 Yard Run,2nd & 20 at IND 21,12:29 3rd Shotgun,— A.Castle up the middle to IND 25 for 4 yards (J.Woods; C.Sample).
2026,PRESEASON WEEK 2,Saturday,August 22nd,ATL,IND,3rd Quarter,2,Indianapolis Colts,0,5,0,9 Yard Pass,3rd & 16 at IND 25,11:53 3rd Shotgun,— A.Richardson pass short right to P.Brown to IND 34 for 9 yards (J.Woods; C.Harris).
2026,PRESEASON WEEK 2,Saturday,August 22nd,ATL,IND,3rd Quarter,2,Indianapolis Colts,0,6,0,Punt,4th & 7 at IND 34,11:13 3rd,"— R.Sanchez punts 45 yards to ATL 21, Center-L.Rhodes. D.Drummond pushed ob at ATL 29 for 8 yards (T.Chambers)."
2026,PRESEASON WEEK 2,Saturday,August 22nd,ATL,IND,3rd Quarter,3,Atlanta Falcons,0,1,0,5 Yard Run,1st & 10 at ATL 29,11:04 3rd,— N.Carter left end to ATL 34 for 5 yards (J.Carlies).
2026,PRESEASON WEEK 2,Saturday,August 22nd,ATL,IND,3rd Quarter,3,Atlanta Falcons,0,2,0,12 Yard Pass,2nd & 5 at ATL 34,10:26 3rd,— J.Strand pass short middle to V.Anthony to ATL 46 for 12 yards (J.Carlies).
2026,PRESEASON WEEK 2,Saturday,August 22nd,ATL,IND,3rd Quarter,3,Atlanta Falcons,0,3,0,35 Yard Pass,1st & 10 at ATL 46,09:49 3rd,— J.Strand pass deep left to B.Collins pushed ob at IND 19 for 35 yards (T.Washington).
2026,PRESEASON WEEK 2,Saturday,August 22nd,ATL,IND,3rd Quarter,3,Atlanta Falcons,0,4,0,7 Yard Run,1st & 10 at IND 19,09:16 3rd,— N.Carter left guard to IND 12 for 7 yards (A.Ajiake).
2026,PRESEASON WEEK 2,Saturday,August 22nd,ATL,IND,3rd Quarter,3,Atlanta Falcons,0,5,0,2 Yard Run,2nd & 3 at IND 12,08:31 3rd,— N.Carter left tackle to IND 10 for 2 yards (G.Gumbs).
2026,PRESEASON WEEK 2,Saturday,August 22nd,ATL,IND,3rd Quarter,3,Atlanta Falcons,0,6,0,2 Yard Run,3rd & 1 at IND 10,07:56 3rd,— J.Strand up the middle to IND 8 for 2 yards (C.Ball).
2026,PRESEASON WEEK 2,Saturday,August 22nd,ATL,IND,3rd Quarter,3,Atlanta Falcons,0,7,0,0 Yard Run,1st & 8 at IND 8,07:20 3rd,— N.Carter right tackle to IND 8 for no gain (J.Jones).
2026,PRESEASON WEEK 2,Saturday,August 22nd,ATL,IND,3rd Quarter,3,Atlanta Falcons,0,8,0,7 Yard Run,2nd & 8 at IND 8,06:35 3rd,— C.Jones right guard to IND 1 for 7 yards (J.Jones; C.Curry).
2026,PRESEASON WEEK 2,Saturday,August 22nd,ATL,IND,3rd Quarter,3,Atlanta Falcons,0,9,0,-1 Yard Sack,3rd & 1 at IND 1,05:56 3rd,— J.Strand sacked at IND 2 for -1 yards (C.Ball).
2026,PRESEASON WEEK 2,Saturday,August 22nd,ATL,IND,3rd Quarter,3,Atlanta Falcons,0,10,0,Pass Incomplete,4th & 2 at IND 2,05:13 3rd Shotgun,— J.Strand pass incomplete short left (A.Ajiake).
2026,PRESEASON WEEK 2,Saturday,August 22nd,ATL,IND,3rd Quarter,4,Indianapolis Colts,0,1,0,4 Yard Run,1st & 10 at IND 3,05:01 3rd,— A.Castle right guard to IND 7 for 4 yards (C.Sample).
2026,PRESEASON WEEK 2,Saturday,August 22nd,ATL,IND,3rd Quarter,4,Indianapolis Colts,0,2,0,Pass Incomplete,2nd & 6 at IND 7,04:30 3rd,— A.Richardson pass incomplete short middle to T.Moore (C.Harris).
2026,PRESEASON WEEK 2,Saturday,August 22nd,ATL,IND,3rd Quarter,4,Indianapolis Colts,0,3,0,Sack,3rd & 6 at IND 7,04:26 3rd Shotgun,— A.Richardson sacked at IND 7 for 0 yards (C.Sample).
2026,PRESEASON WEEK 2,Saturday,August 22nd,ATL,IND,3rd Quarter,4,Indianapolis Colts,0,4,0,Punt,4th & 6 at IND 7,03:46 3rd,"— R.Sanchez punts 57 yards to ATL 36, Center-L.Rhodes. D.Drummond to IND 43 for 21 yards (E.Pancol)."
2026,PRESEASON WEEK 2,Saturday,August 22nd,ATL,IND,4th Quarter,1,Atlanta Falcons,1,1,0,Pass Incomplete,1st & 10 at IND 43,03:34 3rd Shotgun,— J.Strand pass incomplete short right to K.Marion.
2026,PRESEASON WEEK 2,Saturday,August 22nd,ATL,IND,4th Quarter,1,Atlanta Falcons,1,2,0,9 Yard Run,2nd & 10 at IND 43,03:32 3rd Shotgun,— C.Jones left end pushed ob at IND 34 for 9 yards (D.Scott).
2026,PRESEASON WEEK 2,Saturday,August 22nd,ATL,IND,4th Quarter,1,Atlanta Falcons,1,3,0,0 Yard Run,3rd & 1 at IND 34,03:05 3rd,— J.Strand up the middle to IND 34 for no gain (T.Smith).
2026,PRESEASON WEEK 2,Saturday,August 22nd,ATL,IND,4th Quarter,1,Atlanta Falcons,1,4,0,1 Yard Run,4th & 1 at IND 34,02:27 3rd,— J.Strand up the middle to IND 33 for 1 yard (C.Ball; W.Weeks).
2026,PRESEASON WEEK 2,Saturday,August 22nd,ATL,IND,4th Quarter,1,Atlanta Falcons,1,5,0,-10 Yard Penalty,1st & 10 at IND 33,01:40 3rd,"— J.Strand pass incomplete short left. PENALTY on ATL-J.Brockermeyer, Offensive Holding, 10 yards, enforced at IND 33 - No Play."
2026,PRESEASON WEEK 2,Saturday,August 22nd,ATL,IND,4th Quarter,1,Atlanta Falcons,1,6,0,6 Yard Pass,1st & 20 at IND 43,01:31 3rd,— J.Strand pass short middle to C.Jones to IND 37 for 6 yards (B.Boettcher).
2026,PRESEASON WEEK 2,Saturday,August 22nd,ATL,IND,4th Quarter,1,Atlanta Falcons,1,7,0,Pass Incomplete,2nd & 14 at IND 37,00:46 3rd,— J.Strand pass incomplete deep middle to K.Marion (J.Jones).
2026,PRESEASON WEEK 2,Saturday,August 22nd,ATL,IND,4th Quarter,1,Atlanta Falcons,1,8,0,6 Yard Run,3rd & 14 at IND 37,00:41 3rd Shotgun,— C.Jones up the middle to IND 31 for 6 yards (M.Melton).
2026,PRESEASON WEEK 2,Saturday,August 22nd,ATL,IND,4th Quarter,1,Atlanta Falcons,1,9,1,Field Goal,4th & 8 at IND 31,15:00 4th,"— N.Folk 50 yard field goal is GOOD, Center-L.McCullough, Holder-J.Bailey."
2026,PRESEASON WEEK 2,Saturday,August 22nd,ATL,IND,4th Quarter,2,Indianapolis Colts,0,1,0,Kickoff from ATL 35,,Kickoff,— N.Folk kicks 65 yards from ATL 35 to IND 0. D.Burks to IND 22 for 22 yards (N.Muse).
2026,PRESEASON WEEK 2,Saturday,August 22nd,ATL,IND,4th Quarter,2,Indianapolis Colts,0,2,0,10 Yard Run,1st & 10 at IND 22,14:50 4th,— A.Castle up the middle to IND 32 for 10 yards (D.Hall). ATL-C.Sample was injured during the play.
2026,PRESEASON WEEK 2,Saturday,August 22nd,ATL,IND,4th Quarter,2,Indianapolis Colts,0,3,0,Pass Incomplete,1st & 10 at IND 32,14:30 4th Shotgun,— A.Richardson pass incomplete short middle to S.Hagans.
2026,PRESEASON WEEK 2,Saturday,August 22nd,ATL,IND,4th Quarter,2,Indianapolis Colts,0,4,0,-5 Yard Penalty,2nd & 10 at IND 32,14:27 4th Shotgun,"— PENALTY on IND-A.Castle, False Start, 5 yards, enforced at IND 32 - No Play."
2026,PRESEASON WEEK 2,Saturday,August 22nd,ATL,IND,4th Quarter,2,Indianapolis Colts,0,5,0,Pass Incomplete,2nd & 15 at IND 27,14:26 4th Shotgun,— A.Richardson pass incomplete short right to R.Sharpe. ** Injury Update: ATL-C.Sample has returned to the game.
2026,PRESEASON WEEK 2,Saturday,August 22nd,ATL,IND,4th Quarter,2,Indianapolis Colts,0,6,0,-7 Yard Sack,3rd & 15 at IND 27,14:23 4th Shotgun,— A.Richardson sacked at IND 20 for -7 yards (C.Williams).
2026,PRESEASON WEEK 2,Saturday,August 22nd,ATL,IND,4th Quarter,2,Indianapolis Colts,0,7,0,Punt,4th & 22 at IND 20,13:44 4th,"— R.Sanchez punts 54 yards to ATL 26, Center-L.Rhodes. K.Marion to ATL 32 for 6 yards (D.Burks)."
2026,PRESEASON WEEK 2,Saturday,August 22nd,ATL,IND,4th Quarter,3,Atlanta Falcons,0,1,0,1 Yard Run,1st & 10 at ATL 32,13:33 4th,— N.Carter left guard to ATL 33 for 1 yard (D.Nchami). ATL-K.Dewberry was injured during the play.
2026,PRESEASON WEEK 2,Saturday,August 22nd,ATL,IND,4th Quarter,3,Atlanta Falcons,0,2,0,1 Yard Run,2nd & 9 at ATL 33,13:09 4th Shotgun,— J.Strand scrambles up the middle to ATL 34 for 1 yard (T.Smith).
2026,PRESEASON WEEK 2,Saturday,August 22nd,ATL,IND,4th Quarter,3,Atlanta Falcons,0,3,0,Pass Incomplete,3rd & 8 at ATL 34,12:30 4th Shotgun,— J.Strand pass incomplete short middle to K.Marion (J.Edwards).
2026,PRESEASON WEEK 2,Saturday,August 22nd,ATL,IND,4th Quarter,3,Atlanta Falcons,0,4,0,Punt,4th & 8 at ATL 34,12:26 4th,"— J.Bailey punts 54 yards to IND 12, Center-L.McCullough. C.Owen to IND 29 for 17 yards (J.Velling; L.McCullough)."
2026,PRESEASON WEEK 2,Saturday,August 22nd,ATL,IND,4th Quarter,4,Indianapolis Colts,0,1,0,8 Yard Pass,1st & 10 at IND 29,12:14 4th Shotgun,— A.Richardson pass short right to D.Montgomery to IND 37 for 8 yards (C.Bryant).
2026,PRESEASON WEEK 2,Saturday,August 22nd,ATL,IND,4th Quarter,4,Indianapolis Colts,0,2,0,1 Yard Run,2nd & 2 at IND 37,11:43 4th Shotgun,— A.Castle right tackle to IND 38 for 1 yard (C.Tindall; M.Tuipulotu).
2026,PRESEASON WEEK 2,Saturday,August 22nd,ATL,IND,4th Quarter,4,Indianapolis Colts,0,3,0,7 Yard Run,3rd & 1 at IND 38,11:08 4th Shotgun,— A.Richardson scrambles left end ran ob at IND 45 for 7 yards (D.Rayner).
2026,PRESEASON WEEK 2,Saturday,August 22nd,ATL,IND,4th Quarter,4,Indianapolis Colts,0,4,0,7 Yard Pass,1st & 10 at IND 45,10:39 4th Shotgun,— A.Richardson pass short left to E.Pancol pushed ob at ATL 48 for 7 yards (M.DeWalt).
2026,PRESEASON WEEK 2,Saturday,August 22nd,ATL,IND,4th Quarter,4,Indianapolis Colts,0,5,0,6 Yard Run,2nd & 3 at ATL 48,10:13 4th Shotgun,— A.Castle right guard to ATL 42 for 6 yards (C.Allen; K.Smith).
2026,PRESEASON WEEK 2,Saturday,August 22nd,ATL,IND,4th Quarter,4,Indianapolis Colts,0,6,0,4 Yard Run,1st & 10 at ATL 42,09:35 4th Shotgun,— A.Richardson scrambles left end to ATL 38 for 4 yards (D.Rayner).
2026,PRESEASON WEEK 2,Saturday,August 22nd,ATL,IND,4th Quarter,4,Indianapolis Colts,0,7,0,6 Yard Run,2nd & 6 at ATL 38,08:54 4th,— A.Castle left tackle to ATL 32 for 6 yards (C.Tindall; M.Ford).
2026,PRESEASON WEEK 2,Saturday,August 22nd,ATL,IND,4th Quarter,4,Indianapolis Colts,0,8,0,8 Yard Run,1st & 10 at ATL 32,08:14 4th,— A.Castle left end to ATL 24 for 8 yards (C.Tindall; M.DeWalt).
2026,PRESEASON WEEK 2,Saturday,August 22nd,ATL,IND,4th Quarter,4,Indianapolis Colts,0,9,0,4 Yard Run,2nd & 2 at ATL 24,07:35 4th Shotgun,— A.Richardson scrambles right tackle to ATL 20 for 4 yards (C.Tindall; J.Robinson).
2026,PRESEASON WEEK 2,Saturday,August 22nd,ATL,IND,4th Quarter,4,Indianapolis Colts,0,10,0,Pass Incomplete,1st & 10 at ATL 20,06:55 4th Shotgun,— A.Richardson pass incomplete short left to T.Moore (J.Robinson).
2026,PRESEASON WEEK 2,Saturday,August 22nd,ATL,IND,4th Quarter,4,Indianapolis Colts,0,11,0,2 Yard Run,2nd & 10 at ATL 20,06:50 4th,— A.Castle left guard to ATL 18 for 2 yards (D.Rayner).
2026,PRESEASON WEEK 2,Saturday,August 22nd,ATL,IND,4th Quarter,4,Indianapolis Colts,0,12,0,Pass Incomplete,3rd & 8 at ATL 18,06:13 4th Shotgun,— A.Richardson pass incomplete short left to B.Nikkel.
2026,PRESEASON WEEK 2,Saturday,August 22nd,ATL,IND,4th Quarter,4,Indianapolis Colts,0,13,0,Field Goal No Good,4th & 8 at ATL 18,06:09 4th,"— B.Grupe 36 yard field goal is No Good, Wide Right, Center-L.Rhodes, Holder-R.Sanchez."
2026,PRESEASON WEEK 2,Saturday,August 22nd,ATL,IND,4th Quarter,5,Atlanta Falcons,0,1,0,Pass Incomplete,1st & 10 at ATL 26,06:05 4th,— J.Strand pass incomplete deep right to A.Wells (M.Rodgers).
2026,PRESEASON WEEK 2,Saturday,August 22nd,ATL,IND,4th Quarter,5,Atlanta Falcons,0,2,0,9 Yard Run,2nd & 10 at ATL 26,05:59 4th Shotgun,— C.Jones left end pushed ob at ATL 35 for 9 yards (T.Washington).
2026,PRESEASON WEEK 2,Saturday,August 22nd,ATL,IND,4th Quarter,5,Atlanta Falcons,0,3,0,21 Yard Pass,3rd & 1 at ATL 35,05:26 4th,— J.Strand pass short right to C.Jones pushed ob at IND 44 for 21 yards (J.Thomas).
2026,PRESEASON WEEK 2,Saturday,August 22nd,ATL,IND,4th Quarter,5,Atlanta Falcons,0,4,0,-3 Yard Run,1st & 10 at IND 44,04:57 4th,— C.Jones up the middle to IND 47 for -3 yards (J.Thomas).
2026,PRESEASON WEEK 2,Saturday,August 22nd,ATL,IND,4th Quarter,5,Atlanta Falcons,0,5,0,22 Yard Pass,2nd & 13 at IND 47,04:14 4th Shotgun,— J.Strand pass short right to C.Jones to IND 25 for 22 yards (J.Thomas).
2026,PRESEASON WEEK 2,Saturday,August 22nd,ATL,IND,4th Quarter,5,Atlanta Falcons,0,6,0,1 Yard Run,1st & 10 at IND 25,03:28 4th,— N.Carter left tackle to IND 24 for 1 yard (T.Smith; W.Weeks).
2026,PRESEASON WEEK 2,Saturday,August 22nd,ATL,IND,4th Quarter,5,Atlanta Falcons,0,7,0,8 Yard Pass,2nd & 9 at IND 24,02:45 4th Shotgun,— J.Strand pass short middle to V.Anthony to IND 16 for 8 yards (T.Chambers).
2026,PRESEASON WEEK 2,Saturday,August 22nd,ATL,IND,4th Quarter,5,Atlanta Falcons,0,8,0,11 Yard Run,3rd & 1 at IND 16,02:09 4th Shotgun,— C.Jones left guard to IND 5 for 11 yards (J.Edwards).
2026,PRESEASON WEEK 2,Saturday,August 22nd,ATL,IND,4th Quarter,5,Atlanta Falcons,0,9,0,-1 Yard Run,1st & 5 at IND 5,02:00 4th,— J.Strand kneels to IND 6 for -1 yards.
2026,PRESEASON WEEK 2,Saturday,August 22nd,ATL,IND,4th Quarter,5,Atlanta Falcons,0,10,0,-1 Yard Run,2nd & 6 at IND 6,01:19 4th,— J.Strand kneels to IND 7 for -1 yards.
2026,PRESEASON WEEK 2,Saturday,August 22nd,ATL,IND,4th Quarter,5,Atlanta Falcons,0,11,0,-1 Yard Run,3rd & 7 at IND 7,00:38 4th,— J.Strand kneels to IND 8 for -1 yards.
2026,PRESEASON WEEK 2,Saturday,August 22nd,BAL,MIN,1st Quarter,1,Minnesota Vikings,0,1,0,Kickoff from BAL 35,,Kickoff,"— T.Loop kicks 59 yards from BAL 35 to MIN 6. D.Bell to MIN 33 for 27 yards (T.Tampa). PENALTY on MIN-M.Lang, Offensive Holding, 10 yards, enforced at MIN 22."
2026,PRESEASON WEEK 2,Saturday,August 22nd,BAL,MIN,1st Quarter,1,Minnesota Vikings,0,2,0,Pass Incomplete,1st & 10 at MIN 12,14:55 1st,— J.McCarthy pass incomplete deep right to M.Price.
2026,PRESEASON WEEK 2,Saturday,August 22nd,BAL,MIN,1st Quarter,1,Minnesota Vikings,0,3,0,-5 Yard Penalty,2nd & 10 at MIN 12,14:50 1st,"— PENALTY on MIN-V.Lee, False Start, 5 yards, enforced at MIN 12 - No Play."
2026,PRESEASON WEEK 2,Saturday,August 22nd,BAL,MIN,1st Quarter,1,Minnesota Vikings,0,4,0,8 Yard Pass,2nd & 15 at MIN 7,14:50 1st Shotgun,— J.McCarthy pass short left to T.Felton pushed ob at MIN 15 for 8 yards (B.Kone).
2026,PRESEASON WEEK 2,Saturday,August 22nd,BAL,MIN,1st Quarter,1,Minnesota Vikings,0,5,0,8 Yard Pass,3rd & 7 at MIN 15,14:20 1st Shotgun,— J.McCarthy pass short right to M.Price to MIN 23 for 8 yards (T.Tampa).
2026,PRESEASON WEEK 2,Saturday,August 22nd,BAL,MIN,1st Quarter,1,Minnesota Vikings,0,6,0,0 Yard Run,1st & 10 at MIN 23,13:33 1st,— D.Claiborne left guard to MIN 23 for no gain (K.Martin; K.Wallace).
2026,PRESEASON WEEK 2,Saturday,August 22nd,BAL,MIN,1st Quarter,1,Minnesota Vikings,0,7,0,-3 Yard Run,2nd & 10 at MIN 23,12:53 1st Shotgun,— D.Claiborne left guard to MIN 20 for -3 yards (D.DeLuca).
2026,PRESEASON WEEK 2,Saturday,August 22nd,BAL,MIN,1st Quarter,1,Minnesota Vikings,0,8,0,8 Yard Pass,3rd & 13 at MIN 20,12:15 1st Shotgun,— J.McCarthy pass short left to T.Felton to MIN 28 for 8 yards (M.Green).
2026,PRESEASON WEEK 2,Saturday,August 22nd,BAL,MIN,1st Quarter,1,Minnesota Vikings,0,9,0,Punt,4th & 5 at MIN 28,11:37 1st,"— J.Hekker punts 51 yards to BAL 21, Center-A.DePaola. L.Wester pushed ob at BAL 40 for 19 yards (C.Chambliss)."
2026,PRESEASON WEEK 2,Saturday,August 22nd,BAL,MIN,1st Quarter,2,Baltimore Ravens,0,1,0,2 Yard Run,1st & 10 at BAL 40,11:24 1st,— J.Ward right guard to BAL 42 for 2 yards (T.Ingram-Dawkins).
2026,PRESEASON WEEK 2,Saturday,August 22nd,BAL,MIN,1st Quarter,2,Baltimore Ravens,0,2,0,-10 Yard Penalty,2nd & 8 at BAL 42,10:49 1st Shotgun,"— T.Huntley scrambles right end pushed ob at BAL 44 for 2 yards (C.Banks). PENALTY on BAL-O.Ioane, Offensive Holding, 10 yards, enforced at BAL 42 - No Play."
2026,PRESEASON WEEK 2,Saturday,August 22nd,BAL,MIN,1st Quarter,2,Baltimore Ravens,0,3,0,2 Yard Run,2nd & 18 at BAL 32,10:25 1st Shotgun,— T.Huntley scrambles right end to BAL 34 for 2 yards (J.Golday; T.Batty).
2026,PRESEASON WEEK 2,Saturday,August 22nd,BAL,MIN,1st Quarter,2,Baltimore Ravens,0,4,0,4 Yard Run,3rd & 16 at BAL 34,09:36 1st Shotgun,— T.Huntley scrambles up the middle to BAL 38 for 4 yards (I.Pace).
2026,PRESEASON WEEK 2,Saturday,August 22nd,BAL,MIN,1st Quarter,2,Baltimore Ravens,0,5,0,Punt,4th & 12 at BAL 38,08:49 1st,"— R.Eckley punts 40 yards to MIN 22, Center-N.Moore, fair catch by T.Felton. PENALTY on BAL-K.Jackson, Fair Catch Interference, 15 yards, enforced at MIN 22."
2026,PRESEASON WEEK 2,Saturday,August 22nd,BAL,MIN,1st Quarter,3,Minnesota Vikings,0,1,0,3 Yard Run,1st & 10 at MIN 37,08:40 1st,— D.Claiborne left end to MIN 40 for 3 yards (B.Kone; B.Washington).
2026,PRESEASON WEEK 2,Saturday,August 22nd,BAL,MIN,1st Quarter,3,Minnesota Vikings,0,2,0,50 Yard Pass,2nd & 7 at MIN 40,"08:11 1st No Huddle, Shotgun",— J.McCarthy pass deep right to T.Felton to BAL 10 for 50 yards (S.Walters).
2026,PRESEASON WEEK 2,Saturday,August 22nd,BAL,MIN,1st Quarter,3,Minnesota Vikings,0,3,0,7 Yard Pass,1st & 10 at BAL 10,07:21 1st Shotgun,— J.McCarthy pass short left to D.Claiborne pushed ob at BAL 3 for 7 yards (K.Wallace).
2026,PRESEASON WEEK 2,Saturday,August 22nd,BAL,MIN,1st Quarter,3,Minnesota Vikings,0,4,0,Pass Incomplete,2nd & 3 at BAL 3,06:46 1st,— J.McCarthy pass incomplete short left to T.Felton.
2026,PRESEASON WEEK 2,Saturday,August 22nd,BAL,MIN,1st Quarter,3,Minnesota Vikings,0,5,0,2 Yard Run,3rd & 3 at BAL 3,06:41 1st,— D.Claiborne up the middle to BAL 1 for 2 yards (D.DeLuca).
2026,PRESEASON WEEK 2,Saturday,August 22nd,BAL,MIN,1st Quarter,3,Minnesota Vikings,0,6,0,Pass Incomplete,4th & 1 at BAL 1,05:58 1st Shotgun,— J.McCarthy pass incomplete short right to M.Price.
2026,PRESEASON WEEK 2,Saturday,August 22nd,BAL,MIN,1st Quarter,4,Baltimore Ravens,0,1,0,2 Yard Run,1st & 10 at BAL 2,05:54 1st,— J.Ward left guard to BAL 4 for 2 yards (C.Banks).
2026,PRESEASON WEEK 2,Saturday,August 22nd,BAL,MIN,1st Quarter,4,Baltimore Ravens,0,2,0,Pass Incomplete,2nd & 8 at BAL 4,05:20 1st Shotgun,— T.Huntley pass incomplete short right to J.Cuevas [T.Batty].
2026,PRESEASON WEEK 2,Saturday,August 22nd,BAL,MIN,1st Quarter,4,Baltimore Ravens,0,3,0,Pass Incomplete,3rd & 8 at BAL 4,05:15 1st Shotgun,— T.Huntley pass incomplete short middle to L.Wester (D.Armstead).
2026,PRESEASON WEEK 2,Saturday,August 22nd,BAL,MIN,1st Quarter,4,Baltimore Ravens,0,4,0,Punt,4th & 8 at BAL 4,05:12 1st,"— R.Eckley punts 59 yards to MIN 37, Center-N.Moore. T.Felton to MIN 49 for 12 yards (K.Martin)."
2026,PRESEASON WEEK 2,Saturday,August 22nd,BAL,MIN,1st Quarter,5,Minnesota Vikings,0,1,0,3 Yard Run,1st & 10 at MIN 49,05:01 1st,— D.Claiborne left end to BAL 48 for 3 yards (D.DeLuca; B.Okoye).
2026,PRESEASON WEEK 2,Saturday,August 22nd,BAL,MIN,1st Quarter,5,Minnesota Vikings,0,2,0,-6 Yard Sack,2nd & 7 at BAL 48,04:26 1st Shotgun,— J.McCarthy sacked at MIN 46 for -6 yards (M.Green).
2026,PRESEASON WEEK 2,Saturday,August 22nd,BAL,MIN,1st Quarter,5,Minnesota Vikings,0,3,0,-10 Yard Penalty,3rd & 13 at MIN 46,"03:52 1st No Huddle, Shotgun","— J.McCarthy pass deep middle to J.Jones to BAL 35 for 19 yards (C.Rivers) [M.Green]. PENALTY on MIN-H.Byrd, Offensive Holding, 10 yards, enforced at MIN 46 - No Play."
2026,PRESEASON WEEK 2,Saturday,August 22nd,BAL,MIN,1st Quarter,5,Minnesota Vikings,0,4,0,9 Yard Run,3rd & 23 at MIN 36,03:26 1st Shotgun,— D.Claiborne up the middle to MIN 45 for 9 yards (B.Washington).
2026,PRESEASON WEEK 2,Saturday,August 22nd,BAL,MIN,1st Quarter,5,Minnesota Vikings,0,5,0,Punt,4th & 14 at MIN 45,02:48 1st,"— B.Thorson punts 42 yards to BAL 13, Center-A.DePaola, fair catch by L.Wester."
2026,PRESEASON WEEK 2,Saturday,August 22nd,BAL,MIN,1st Quarter,6,Baltimore Ravens,0,1,0,4 Yard Run,1st & 10 at BAL 13,02:42 1st Shotgun,— T.Huntley scrambles left end pushed ob at BAL 17 for 4 yards (J.Golday).
2026,PRESEASON WEEK 2,Saturday,August 22nd,BAL,MIN,1st Quarter,6,Baltimore Ravens,0,2,0,0 Yard Run,2nd & 6 at BAL 17,02:06 1st,— D.McMillan right tackle to BAL 17 for no gain (T.Batty; D.Orange).
2026,PRESEASON WEEK 2,Saturday,August 22nd,BAL,MIN,1st Quarter,6,Baltimore Ravens,0,3,0,Pass Incomplete,3rd & 6 at BAL 17,01:29 1st Shotgun,— T.Huntley pass incomplete deep right to J.Lane.
2026,PRESEASON WEEK 2,Saturday,August 22nd,BAL,MIN,1st Quarter,6,Baltimore Ravens,0,4,0,Punt,4th & 6 at BAL 17,01:25 1st,"— R.Eckley punts 59 yards to MIN 24, Center-N.Moore. T.Rudolph pushed ob at MIN 45 for 21 yards (E.Burke)."
2026,PRESEASON WEEK 2,Saturday,August 22nd,BAL,MIN,2nd Quarter,1,Minnesota Vikings,0,1,0,2 Yard Run,1st & 10 at MIN 45,01:11 1st,— D.Claiborne right guard to MIN 47 for 2 yards (K.Jackson).
2026,PRESEASON WEEK 2,Saturday,August 22nd,BAL,MIN,2nd Quarter,1,Minnesota Vikings,0,2,0,-5 Yard Penalty,2nd & 8 at MIN 47,00:32 1st,"— PENALTY on MIN-T.Felton, False Start, 5 yards, enforced at MIN 47 - No Play."
2026,PRESEASON WEEK 2,Saturday,August 22nd,BAL,MIN,2nd Quarter,1,Minnesota Vikings,0,3,0,Pass Incomplete,2nd & 13 at MIN 42,00:08 1st Shotgun,— J.McCarthy pass incomplete short middle to J.Jones [E.Burke].
2026,PRESEASON WEEK 2,Saturday,August 22nd,BAL,MIN,2nd Quarter,1,Minnesota Vikings,0,4,0,Pass Incomplete,3rd & 13 at MIN 42,00:04 1st Shotgun,— J.McCarthy pass incomplete deep left to M.Price (C.Rivers) [K.Rucker].
2026,PRESEASON WEEK 2,Saturday,August 22nd,BAL,MIN,2nd Quarter,1,Minnesota Vikings,0,5,0,Punt,4th & 13 at MIN 42,15:00 2nd,"— J.Hekker punts 49 yards to BAL 9, Center-A.DePaola, fair catch by L.Wester."
2026,PRESEASON WEEK 2,Saturday,August 22nd,BAL,MIN,2nd Quarter,2,Baltimore Ravens,1,1,0,23 Yard Pass,1st & 10 at BAL 9,14:54 2nd,— T.Huntley pass short right to J.Cuevas to BAL 32 for 23 yards (J.Golday).
2026,PRESEASON WEEK 2,Saturday,August 22nd,BAL,MIN,2nd Quarter,2,Baltimore Ravens,1,2,0,1 Yard Run,1st & 10 at BAL 32,14:19 2nd,— J.Ward left end to BAL 33 for 1 yard (Jac.Thomas).
2026,PRESEASON WEEK 2,Saturday,August 22nd,BAL,MIN,2nd Quarter,2,Baltimore Ravens,1,3,0,6 Yard Run,2nd & 9 at BAL 33,13:39 2nd,— J.Ward left tackle to BAL 39 for 6 yards (J.Roberts; T.Batty).
2026,PRESEASON WEEK 2,Saturday,August 22nd,BAL,MIN,2nd Quarter,2,Baltimore Ravens,1,4,0,5 Yard Pass,3rd & 3 at BAL 39,12:57 2nd Shotgun,— T.Huntley pass short right to L.Wester to BAL 44 for 5 yards (Z.Vaughn).
2026,PRESEASON WEEK 2,Saturday,August 22nd,BAL,MIN,2nd Quarter,2,Baltimore Ravens,1,5,0,17 Yard Pass,1st & 10 at BAL 44,12:19 2nd,— T.Huntley pass short right to J.Cuevas to MIN 39 for 17 yards (C.Chambliss).
2026,PRESEASON WEEK 2,Saturday,August 22nd,BAL,MIN,2nd Quarter,2,Baltimore Ravens,1,6,0,-10 Yard Penalty,1st & 10 at MIN 39,11:43 2nd,"— E.Tau-Tolliver right end to MIN 37 for 2 yards (C.Chambliss; E.Williams). PENALTY on BAL-G.Christian-Lichtenhan, Offensive Holding, 10 yards, enforced at MIN 39 - No Play."
2026,PRESEASON WEEK 2,Saturday,August 22nd,BAL,MIN,2nd Quarter,2,Baltimore Ravens,1,7,0,9 Yard Pass,1st & 20 at MIN 49,11:22 2nd,— T.Huntley pass short middle to E.Tau-Tolliver to MIN 40 for 9 yards (J.Golday).
2026,PRESEASON WEEK 2,Saturday,August 22nd,BAL,MIN,2nd Quarter,2,Baltimore Ravens,1,8,0,9 Yard Pass,2nd & 11 at MIN 40,10:42 2nd Shotgun,— T.Huntley pass short right to J.Lane to MIN 31 for 9 yards (Jac.Thomas).
2026,PRESEASON WEEK 2,Saturday,August 22nd,BAL,MIN,2nd Quarter,2,Baltimore Ravens,1,9,0,0 Yard Run,3rd & 2 at MIN 31,10:03 2nd,— D.McMillan right end to MIN 31 for no gain (J.Roberts; J.Ward).
2026,PRESEASON WEEK 2,Saturday,August 22nd,BAL,MIN,2nd Quarter,2,Baltimore Ravens,1,10,1,Field Goal,4th & 2 at MIN 31,09:21 2nd,"— T.Loop 49 yard field goal is GOOD, Center-N.Moore, Holder-R.Eckley."
2026,PRESEASON WEEK 2,Saturday,August 22nd,BAL,MIN,2nd Quarter,3,Minnesota Vikings,0,1,0,Kickoff from BAL 35,,Kickoff,— T.Loop kicks 66 yards from BAL 35 to MIN -1. D.Claiborne to MIN 20 for 21 yards (K.Jackson).
2026,PRESEASON WEEK 2,Saturday,August 22nd,BAL,MIN,2nd Quarter,3,Minnesota Vikings,0,2,0,4 Yard Run,1st & 10 at MIN 20,09:12 2nd,— Z.Scott up the middle to MIN 24 for 4 yards (A.Peebles; B.Okoye).
2026,PRESEASON WEEK 2,Saturday,August 22nd,BAL,MIN,2nd Quarter,3,Minnesota Vikings,0,3,0,Pass Incomplete,2nd & 6 at MIN 24,08:32 2nd,— C.Wentz pass incomplete short right to D.Fleming.
2026,PRESEASON WEEK 2,Saturday,August 22nd,BAL,MIN,2nd Quarter,3,Minnesota Vikings,0,4,0,8 Yard Pass,3rd & 6 at MIN 24,08:28 2nd Shotgun,"— C.Wentz pass short left to D.Bell to MIN 32 for 8 yards (B.Kone). Penalty on BAL-T.Tampa, Illegal Contact, declined."
2026,PRESEASON WEEK 2,Saturday,August 22nd,BAL,MIN,2nd Quarter,3,Minnesota Vikings,0,5,0,8 Yard Pass,1st & 10 at MIN 32,07:51 2nd Shotgun,— C.Wentz pass short right to Z.Scott to MIN 40 for 8 yards (J.Higgins).
2026,PRESEASON WEEK 2,Saturday,August 22nd,BAL,MIN,2nd Quarter,3,Minnesota Vikings,0,6,0,-4 Yard Run,2nd & 2 at MIN 40,"07:22 2nd No Huddle, Shotgun","— Z.Scott right tackle to MIN 48 for 8 yards (S.Walters). PENALTY on MIN-M.Jurgens, Offensive Holding, 10 yards, enforced at MIN 46."
2026,PRESEASON WEEK 2,Saturday,August 22nd,BAL,MIN,2nd Quarter,3,Minnesota Vikings,0,7,0,8 Yard Pass,2nd & 6 at MIN 36,06:58 2nd Shotgun,— C.Wentz pass short left to D.Bell pushed ob at MIN 44 for 8 yards (B.Kone).
2026,PRESEASON WEEK 2,Saturday,August 22nd,BAL,MIN,2nd Quarter,3,Minnesota Vikings,0,8,0,5 Yard Run,1st & 10 at MIN 44,06:26 2nd,— Z.Scott left end pushed ob at MIN 49 for 5 yards (S.Walters).
2026,PRESEASON WEEK 2,Saturday,August 22nd,BAL,MIN,2nd Quarter,3,Minnesota Vikings,0,9,0,6 Yard Pass,2nd & 5 at MIN 49,05:48 2nd Shotgun,— C.Wentz pass short right to D.Bell to BAL 45 for 6 yards (K.Jackson; T.Tampa).
2026,PRESEASON WEEK 2,Saturday,August 22nd,BAL,MIN,2nd Quarter,3,Minnesota Vikings,0,10,0,0 Yard Run,1st & 10 at BAL 45,05:07 2nd,— Z.Scott left guard to BAL 45 for no gain (Z.Young).
2026,PRESEASON WEEK 2,Saturday,August 22nd,BAL,MIN,2nd Quarter,3,Minnesota Vikings,0,11,0,-1 Yard Pass,2nd & 10 at BAL 45,04:25 2nd,— C.Wentz pass short right to B.Yurosek to BAL 46 for -1 yards (K.Jackson).
2026,PRESEASON WEEK 2,Saturday,August 22nd,BAL,MIN,2nd Quarter,3,Minnesota Vikings,0,12,0,-9 Yard Sack,3rd & 11 at BAL 46,03:39 2nd Shotgun,— C.Wentz sacked at MIN 45 for -9 yards (K.Jackson).
2026,PRESEASON WEEK 2,Saturday,August 22nd,BAL,MIN,2nd Quarter,3,Minnesota Vikings,0,13,0,Punt,4th & 20 at MIN 45,02:55 2nd,"— B.Thorson punts 41 yards to BAL 14, Center-A.DePaola, fair catch by L.Wester."
2026,PRESEASON WEEK 2,Saturday,August 22nd,BAL,MIN,2nd Quarter,4,Baltimore Ravens,0,1,0,1 Yard Run,1st & 10 at BAL 14,02:49 2nd,— E.Tau-Tolliver up the middle to BAL 15 for 1 yard (J.Roberts).
2026,PRESEASON WEEK 2,Saturday,August 22nd,BAL,MIN,2nd Quarter,4,Baltimore Ravens,0,2,0,Pass Incomplete,2nd & 9 at BAL 15,02:15 2nd Shotgun,— J.Fagnano pass incomplete short right to L.Wester.
2026,PRESEASON WEEK 2,Saturday,August 22nd,BAL,MIN,2nd Quarter,4,Baltimore Ravens,0,3,0,8 Yard Run,3rd & 9 at BAL 15,02:11 2nd Shotgun,— J.Fagnano scrambles up the middle to BAL 23 for 8 yards (J.Golday).
2026,PRESEASON WEEK 2,Saturday,August 22nd,BAL,MIN,2nd Quarter,4,Baltimore Ravens,0,4,0,Punt,4th & 1 at BAL 23,02:00 2nd,"— R.Eckley punts 60 yards to MIN 17, Center-N.Moore. T.Rudolph to MIN 17 for no gain (T.Pezza; S.Walters). PENALTY on MIN-Z.Scott, Illegal Blindside Block, 8 yards, enforced at MIN 17."
2026,PRESEASON WEEK 2,Saturday,August 22nd,BAL,MIN,2nd Quarter,5,Minnesota Vikings,1,1,0,2 Yard Run,1st & 10 at MIN 9,01:48 2nd Shotgun,— D.Claiborne left tackle to MIN 11 for 2 yards (J.Johnson).
2026,PRESEASON WEEK 2,Saturday,August 22nd,BAL,MIN,2nd Quarter,5,Minnesota Vikings,1,2,0,Pass Incomplete,2nd & 8 at MIN 11,01:08 2nd Shotgun,— C.Wentz pass incomplete short right to D.Fleming.
2026,PRESEASON WEEK 2,Saturday,August 22nd,BAL,MIN,2nd Quarter,5,Minnesota Vikings,1,3,0,9 Yard Pass,3rd & 8 at MIN 11,01:04 2nd Shotgun,— C.Wentz pass short left to D.Fleming to MIN 20 for 9 yards (R.Longerbeam).
2026,PRESEASON WEEK 2,Saturday,August 22nd,BAL,MIN,2nd Quarter,5,Minnesota Vikings,1,4,0,36 Yard Pass,1st & 10 at MIN 20,"00:45 2nd No Huddle, Shotgun",— C.Wentz pass deep left to J.Jones to BAL 44 for 36 yards (K.Jackson).
2026,PRESEASON WEEK 2,Saturday,August 22nd,BAL,MIN,2nd Quarter,5,Minnesota Vikings,1,5,0,Timeout,,00:38 2nd,— Timeout #1 by MIN at 00:38.
2026,PRESEASON WEEK 2,Saturday,August 22nd,BAL,MIN,2nd Quarter,5,Minnesota Vikings,1,6,0,15 Yard Pass,1st & 10 at BAL 44,00:38 2nd Shotgun,— C.Wentz pass short left to G.Bartholomew ran ob at BAL 29 for 15 yards (K.Jackson). BAL-J.Johnson was injured during the play.
2026,PRESEASON WEEK 2,Saturday,August 22nd,BAL,MIN,2nd Quarter,5,Minnesota Vikings,1,7,0,Timeout,,00:31 2nd,— Timeout #1 by BAL at 00:31.
2026,PRESEASON WEEK 2,Saturday,August 22nd,BAL,MIN,2nd Quarter,5,Minnesota Vikings,1,8,0,3 Yard Pass,1st & 10 at BAL 29,00:31 2nd Shotgun,— C.Wentz pass short right to D.Bell to BAL 26 for 3 yards (C.Rivers) [Z.Young].
2026,PRESEASON WEEK 2,Saturday,August 22nd,BAL,MIN,2nd Quarter,5,Minnesota Vikings,1,9,0,Timeout,,00:23 2nd,— Timeout #2 by MIN at 00:23.
2026,PRESEASON WEEK 2,Saturday,August 22nd,BAL,MIN,2nd Quarter,5,Minnesota Vikings,1,10,0,-8 Yard Sack,2nd & 7 at BAL 26,00:23 2nd Shotgun,— C.Wentz sacked at BAL 34 for -8 yards (R.Benny).
2026,PRESEASON WEEK 2,Saturday,August 22nd,BAL,MIN,2nd Quarter,5,Minnesota Vikings,1,11,0,Timeout,,00:04 2nd,— Timeout #3 by MIN at 00:04.
2026,PRESEASON WEEK 2,Saturday,August 22nd,BAL,MIN,2nd Quarter,5,Minnesota Vikings,1,12,0,Timeout,,00:04 2nd,— Timeout #2 by BAL at 00:04.
2026,PRESEASON WEEK 2,Saturday,August 22nd,BAL,MIN,2nd Quarter,5,Minnesota Vikings,1,13,1,Field Goal,3rd & 15 at BAL 34,00:03 2nd,"— W.Reichard 52 yard field goal is GOOD, Center-A.DePaola, Holder-B.Thorson."
2026,PRESEASON WEEK 2,Saturday,August 22nd,BAL,MIN,3rd Quarter,1,Baltimore Ravens,0,1,0,Kickoff from MIN 35,,Kickoff,— W.Reichard kicks 61 yards from MIN 35 to BAL 4. L.Wester to BAL 33 for 29 yards (J.Ross).
2026,PRESEASON WEEK 2,Saturday,August 22nd,BAL,MIN,3rd Quarter,1,Baltimore Ravens,0,2,0,2 Yard Run,1st & 10 at BAL 33,14:55 3rd,— J.Fagnano scrambles right end ran ob at BAL 35 for 2 yards (Jac.Thomas).
2026,PRESEASON WEEK 2,Saturday,August 22nd,BAL,MIN,3rd Quarter,1,Baltimore Ravens,0,3,0,2 Yard Pass,2nd & 8 at BAL 35,14:25 3rd Shotgun,— J.Fagnano pass short middle to L.Wester to BAL 37 for 2 yards (J.Roberts).
2026,PRESEASON WEEK 2,Saturday,August 22nd,BAL,MIN,3rd Quarter,1,Baltimore Ravens,0,4,0,5 Yard Pass,3rd & 6 at BAL 37,13:46 3rd Shotgun,— J.Fagnano pass short left to D.Walker to BAL 42 for 5 yards (C.Chambliss) [C.Banks].
2026,PRESEASON WEEK 2,Saturday,August 22nd,BAL,MIN,3rd Quarter,1,Baltimore Ravens,0,5,0,Punt,4th & 1 at BAL 42,13:03 3rd,"— R.Eckley punts 54 yards to MIN 4, Center-N.Moore, fair catch by D.Fleming."
2026,PRESEASON WEEK 2,Saturday,August 22nd,BAL,MIN,3rd Quarter,2,Minnesota Vikings,0,1,0,9 Yard Run,1st & 10 at MIN 4,12:56 3rd,— Z.Scott right tackle to MIN 13 for 9 yards (K.Wallace; K.Jackson).
2026,PRESEASON WEEK 2,Saturday,August 22nd,BAL,MIN,3rd Quarter,2,Minnesota Vikings,0,2,0,4 Yard Run,2nd & 1 at MIN 13,12:19 3rd,— M.Brosmer scrambles right end ran ob at MIN 17 for 4 yards (A.Peebles).
2026,PRESEASON WEEK 2,Saturday,August 22nd,BAL,MIN,3rd Quarter,2,Minnesota Vikings,0,3,0,0 Yard Run,1st & 10 at MIN 17,11:44 3rd,— Z.Scott right end ran ob at MIN 17 for no gain (R.Longerbeam).
2026,PRESEASON WEEK 2,Saturday,August 22nd,BAL,MIN,3rd Quarter,2,Minnesota Vikings,0,4,0,-7 Yard Sack,2nd & 10 at MIN 17,11:10 3rd,— M.Brosmer sacked at MIN 10 for -7 yards (sack split by D.Olajiga and C.Rivers).
2026,PRESEASON WEEK 2,Saturday,August 22nd,BAL,MIN,3rd Quarter,2,Minnesota Vikings,0,5,0,Pass Incomplete,3rd & 17 at MIN 10,10:29 3rd Shotgun,— M.Brosmer pass incomplete short right to D.Bell (E.Burke).
2026,PRESEASON WEEK 2,Saturday,August 22nd,BAL,MIN,3rd Quarter,2,Minnesota Vikings,0,6,0,Punt,4th & 17 at MIN 10,10:26 3rd,"— J.Hekker punts 65 yards to BAL 25, Center-A.DePaola. L.Wester to BAL 37 for 12 yards (M.Briscoe)."
2026,PRESEASON WEEK 2,Saturday,August 22nd,BAL,MIN,3rd Quarter,3,Baltimore Ravens,1,1,0,4 Yard Run,1st & 10 at BAL 37,10:15 3rd,— J.Ward left tackle to BAL 41 for 4 yards (T.Taimani; Jac.Thomas).
2026,PRESEASON WEEK 2,Saturday,August 22nd,BAL,MIN,3rd Quarter,3,Baltimore Ravens,1,2,0,Pass Incomplete,2nd & 6 at BAL 41,09:36 3rd Shotgun,— J.Fagnano pass incomplete short left to M.Hibner (B.Richter).
2026,PRESEASON WEEK 2,Saturday,August 22nd,BAL,MIN,3rd Quarter,3,Baltimore Ravens,1,3,0,20 Yard Pass,3rd & 6 at BAL 41,09:32 3rd Shotgun,"— J.Fagnano pass short middle to L.Wester to BAL 46 for 5 yards (Jac.Thomas). PENALTY on MIN-B.Kamara, Roughing the Passer, 15 yards, enforced at BAL 46."
2026,PRESEASON WEEK 2,Saturday,August 22nd,BAL,MIN,3rd Quarter,3,Baltimore Ravens,1,4,0,-1 Yard Run,1st & 10 at MIN 39,09:08 3rd,"— D.McMillan left end to MIN 40 for -1 yards (E.Williams, T.Taimani)."
2026,PRESEASON WEEK 2,Saturday,August 22nd,BAL,MIN,3rd Quarter,3,Baltimore Ravens,1,5,0,Pass Incomplete,2nd & 11 at MIN 40,08:27 3rd Shotgun,— J.Fagnano pass incomplete short left to D.Walker (Jac.Thomas).
2026,PRESEASON WEEK 2,Saturday,August 22nd,BAL,MIN,3rd Quarter,3,Baltimore Ravens,1,6,0,27 Yard Pass,3rd & 11 at MIN 40,08:22 3rd Shotgun,— J.Fagnano pass deep middle to D.Walker to MIN 13 for 27 yards (C.Chambliss).
2026,PRESEASON WEEK 2,Saturday,August 22nd,BAL,MIN,3rd Quarter,3,Baltimore Ravens,1,7,0,-5 Yard Penalty,1st & 10 at MIN 13,07:39 3rd,"— PENALTY on BAL-E.Jones, False Start, 5 yards, enforced at MIN 13 - No Play."
2026,PRESEASON WEEK 2,Saturday,August 22nd,BAL,MIN,3rd Quarter,3,Baltimore Ravens,1,8,0,6 Yard Pass,1st & 15 at MIN 18,07:23 3rd Shotgun,— J.Fagnano pass short right to J.Cuevas to MIN 12 for 6 yards (Jac.Thomas; B.Kamara).
2026,PRESEASON WEEK 2,Saturday,August 22nd,BAL,MIN,3rd Quarter,3,Baltimore Ravens,1,9,0,4 Yard Pass,2nd & 9 at MIN 12,06:46 3rd Shotgun,— J.Fagnano pass short middle to L.Wester to MIN 8 for 4 yards (J.Roberts).
2026,PRESEASON WEEK 2,Saturday,August 22nd,BAL,MIN,3rd Quarter,3,Baltimore Ravens,1,10,1,Touchdown,3rd & 5 at MIN 8,06:00 3rd Shotgun,"— J.Fagnano pass short left to L.Wester for 8 yards, TOUCHDOWN."
2026,PRESEASON WEEK 2,Saturday,August 22nd,BAL,MIN,3rd Quarter,3,Baltimore Ravens,1,11,1,Extra Point,,05:55 3rd,"— T.Loop extra point is GOOD, Center-N.Moore, Holder-R.Eckley."
2026,PRESEASON WEEK 2,Saturday,August 22nd,BAL,MIN,3rd Quarter,4,Minnesota Vikings,0,1,0,Kickoff from BAL 35,,Kickoff,— T.Loop kicks 63 yards from BAL 35 to MIN 2. T.Rudolph to MIN 26 for 24 yards (K.Rucker).
2026,PRESEASON WEEK 2,Saturday,August 22nd,BAL,MIN,3rd Quarter,4,Minnesota Vikings,0,2,0,-5 Yard Penalty,1st & 10 at MIN 26,05:50 3rd,"— M.Brosmer pass incomplete short right to Je.Jefferson. PENALTY on MIN-V.Lee, Ineligible Downfield Pass, 5 yards, enforced at MIN 26 - No Play."
2026,PRESEASON WEEK 2,Saturday,August 22nd,BAL,MIN,3rd Quarter,4,Minnesota Vikings,0,3,0,10 Yard Pass,1st & 15 at MIN 21,05:46 3rd Shotgun,— M.Brosmer pass short middle to J.Jones to MIN 31 for 10 yards (J.Higgins; S.Walters).
2026,PRESEASON WEEK 2,Saturday,August 22nd,BAL,MIN,3rd Quarter,4,Minnesota Vikings,0,4,0,18 Yard Pass,2nd & 5 at MIN 31,"05:21 3rd No Huddle, Shotgun",— M.Brosmer pass deep right to D.Bell to MIN 49 for 18 yards (R.Longerbeam).
2026,PRESEASON WEEK 2,Saturday,August 22nd,BAL,MIN,3rd Quarter,4,Minnesota Vikings,0,5,0,7 Yard Pass,1st & 10 at MIN 49,"04:47 3rd No Huddle, Shotgun",— M.Brosmer pass short left to D.Fleming to BAL 44 for 7 yards (J.Higgins).
2026,PRESEASON WEEK 2,Saturday,August 22nd,BAL,MIN,3rd Quarter,4,Minnesota Vikings,0,6,0,0 Yard Run,2nd & 3 at BAL 44,04:05 3rd,— Je.Jefferson right guard to BAL 44 for no gain (A.Graves; M.Robinson).
2026,PRESEASON WEEK 2,Saturday,August 22nd,BAL,MIN,3rd Quarter,4,Minnesota Vikings,0,7,0,Pass Incomplete,3rd & 3 at BAL 44,03:22 3rd Shotgun,— M.Brosmer pass incomplete short left to B.Nesbit (E.Burke).
2026,PRESEASON WEEK 2,Saturday,August 22nd,BAL,MIN,3rd Quarter,4,Minnesota Vikings,0,8,0,Pass Incomplete,4th & 3 at BAL 44,03:17 3rd Shotgun,— M.Brosmer pass incomplete deep middle to D.Bell.
2026,PRESEASON WEEK 2,Saturday,August 22nd,BAL,MIN,3rd Quarter,5,Baltimore Ravens,0,1,0,-10 Yard Penalty,1st & 10 at BAL 44,03:14 3rd,"— J.Fagnano pass deep left to C.Moore to MIN 39 for 17 yards (M.Allen). PENALTY on BAL-C.Moore, Offensive Pass Interference, 10 yards, enforced at BAL 44 - No Play."
2026,PRESEASON WEEK 2,Saturday,August 22nd,BAL,MIN,3rd Quarter,5,Baltimore Ravens,0,2,0,4 Yard Pass,1st & 20 at BAL 34,02:59 3rd Shotgun,— J.Fagnano pass short middle to E.Tau-Tolliver to BAL 38 for 4 yards (B.Kamara).
2026,PRESEASON WEEK 2,Saturday,August 22nd,BAL,MIN,3rd Quarter,5,Baltimore Ravens,0,3,0,1 Yard Pass,2nd & 16 at BAL 38,02:20 3rd Shotgun,— J.Fagnano pass short middle to E.Tau-Tolliver to BAL 39 for 1 yard (B.Kamara) [C.Stewart].
2026,PRESEASON WEEK 2,Saturday,August 22nd,BAL,MIN,3rd Quarter,5,Baltimore Ravens,0,4,0,-9 Yard Sack,3rd & 15 at BAL 39,01:41 3rd Shotgun,— J.Fagnano sacked at BAL 30 for -9 yards (K.Dyson).
2026,PRESEASON WEEK 2,Saturday,August 22nd,BAL,MIN,3rd Quarter,5,Baltimore Ravens,0,5,0,Punt,4th & 24 at BAL 30,01:00 3rd,"— R.Eckley punts 60 yards to MIN 10, Center-N.Moore. D.Fleming to MIN 24 for 14 yards (O.Smith)."
2026,PRESEASON WEEK 2,Saturday,August 22nd,BAL,MIN,4th Quarter,1,Minnesota Vikings,0,1,0,4 Yard Run,1st & 10 at MIN 24,00:49 3rd,— Z.Scott right tackle to MIN 28 for 4 yards (C.Rivers).
2026,PRESEASON WEEK 2,Saturday,August 22nd,BAL,MIN,4th Quarter,1,Minnesota Vikings,0,2,0,3 Yard Pass,2nd & 6 at MIN 28,00:13 3rd,— M.Brosmer pass short right to J.Jones to MIN 31 for 3 yards (K.Rucker).
2026,PRESEASON WEEK 2,Saturday,August 22nd,BAL,MIN,4th Quarter,1,Minnesota Vikings,0,3,0,Fumble,3rd & 3 at MIN 31,15:00 4th Shotgun,"— M.Brosmer pass short middle to J.Jones to MIN 42 for 11 yards (E.Burke). FUMBLES (E.Burke), RECOVERED by BAL-A.Oruwariye at MIN 44."
2026,PRESEASON WEEK 2,Saturday,August 22nd,BAL,MIN,4th Quarter,2,Baltimore Ravens,1,1,0,4 Yard Run,1st & 10 at MIN 44,14:54 4th,— J.Ward left guard to MIN 40 for 4 yards (J.Ross).
2026,PRESEASON WEEK 2,Saturday,August 22nd,BAL,MIN,4th Quarter,2,Baltimore Ravens,1,2,0,15 Yard Pass,2nd & 6 at MIN 40,14:18 4th,— J.Fagnano pass short left to J.Ward to MIN 25 for 15 yards (D.McGlothern; T.Taimani).
2026,PRESEASON WEEK 2,Saturday,August 22nd,BAL,MIN,4th Quarter,2,Baltimore Ravens,1,3,0,13 Yard Pass,1st & 10 at MIN 25,13:36 4th,— J.Fagnano pass short right to X.Guillory to MIN 12 for 13 yards (K.Hailassie) [K.Dyson].
2026,PRESEASON WEEK 2,Saturday,August 22nd,BAL,MIN,4th Quarter,2,Baltimore Ravens,1,4,0,-10 Yard Penalty,1st & 10 at MIN 12,12:57 4th,"— J.Ward right tackle to MIN 10 for 2 yards (B.Kamara). PENALTY on BAL-G.Christian-Lichtenhan, Offensive Holding, 10 yards, enforced at MIN 12 - No Play."
2026,PRESEASON WEEK 2,Saturday,August 22nd,BAL,MIN,4th Quarter,2,Baltimore Ravens,1,5,0,15 Yard Pass,1st & 20 at MIN 22,12:38 4th Shotgun,— J.Fagnano pass short left to D.Wade to MIN 7 for 15 yards (M.Allen).
2026,PRESEASON WEEK 2,Saturday,August 22nd,BAL,MIN,4th Quarter,2,Baltimore Ravens,1,6,0,-5 Yard Penalty,2nd & 5 at MIN 7,11:57 4th,"— PENALTY on BAL-T.Pezza, False Start, 5 yards, enforced at MIN 7 - No Play."
2026,PRESEASON WEEK 2,Saturday,August 22nd,BAL,MIN,4th Quarter,2,Baltimore Ravens,1,7,0,Pass Incomplete,2nd & 10 at MIN 12,11:52 4th Shotgun,— J.Fagnano pass incomplete short left to L.Scott (C.Stewart).
2026,PRESEASON WEEK 2,Saturday,August 22nd,BAL,MIN,4th Quarter,2,Baltimore Ravens,1,8,0,9 Yard Pass,3rd & 10 at MIN 12,11:49 4th Shotgun,— J.Fagnano pass short right to D.Wade to MIN 3 for 9 yards (J.Washington; K.Hailassie).
2026,PRESEASON WEEK 2,Saturday,August 22nd,BAL,MIN,4th Quarter,2,Baltimore Ravens,1,9,0,Timeout,,11:03 4th,— Timeout #1 by MIN at 11:03.
2026,PRESEASON WEEK 2,Saturday,August 22nd,BAL,MIN,4th Quarter,2,Baltimore Ravens,1,10,0,2 Yard Run,4th & 1 at MIN 3,11:03 4th,— J.Ward right guard to MIN 1 for 2 yards (J.Ritzie).
2026,PRESEASON WEEK 2,Saturday,August 22nd,BAL,MIN,4th Quarter,2,Baltimore Ravens,1,11,0,Pass Incomplete,1st & 1 at MIN 1,10:21 4th,— J.Fagnano pass incomplete short left to M.Hibner.
2026,PRESEASON WEEK 2,Saturday,August 22nd,BAL,MIN,4th Quarter,2,Baltimore Ravens,1,12,0,Timeout,,10:18 4th,— Timeout #1 by BAL at 10:18.
2026,PRESEASON WEEK 2,Saturday,August 22nd,BAL,MIN,4th Quarter,2,Baltimore Ravens,1,13,0,-10 Yard Penalty,2nd & 1 at MIN 1,10:18 4th,"— J.Ward right end to MIN 4 for -3 yards (C.Stewart, D.McGlothern). PENALTY on BAL-G.Christian-Lichtenhan, Offensive Holding, 10 yards, enforced at MIN 1 - No Play."
2026,PRESEASON WEEK 2,Saturday,August 22nd,BAL,MIN,4th Quarter,2,Baltimore Ravens,1,14,0,3 Yard Pass,2nd & 11 at MIN 11,10:01 4th Shotgun,— J.Fagnano pass short left to E.Sarratt pushed ob at MIN 8 for 3 yards (K.Hailassie). MIN-D.McGlothern was injured during the play.
2026,PRESEASON WEEK 2,Saturday,August 22nd,BAL,MIN,4th Quarter,2,Baltimore Ravens,1,15,0,6 Yard Pass,3rd & 8 at MIN 8,09:31 4th Shotgun,— J.Fagnano pass short right to D.Wade to MIN 2 for 6 yards (Z.Vaughn).
2026,PRESEASON WEEK 2,Saturday,August 22nd,BAL,MIN,4th Quarter,2,Baltimore Ravens,1,16,1,Field Goal,4th & 2 at MIN 2,08:48 4th,"— T.Loop 20 yard field goal is GOOD, Center-N.Moore, Holder-R.Eckley."
2026,PRESEASON WEEK 2,Saturday,August 22nd,BAL,MIN,4th Quarter,3,Minnesota Vikings,0,1,0,Kickoff from BAL 35,,Kickoff,— T.Loop kicks 64 yards from BAL 35 to MIN 1. T.Rudolph to MIN 19 for 18 yards (S.Walters).
2026,PRESEASON WEEK 2,Saturday,August 22nd,BAL,MIN,4th Quarter,3,Minnesota Vikings,0,2,0,Pass Incomplete,1st & 10 at MIN 19,08:40 4th Shotgun,"— M.Brosmer pass short left to D.Bell ran ob at MIN 24 for 5 yards. Baltimore challenged the pass completion ruling, and the play was REVERSED. (Shotgun) M.Brosmer pass incomplete short left to D.Bell (R.Longerbeam)."
2026,PRESEASON WEEK 2,Saturday,August 22nd,BAL,MIN,4th Quarter,3,Minnesota Vikings,0,3,0,3 Yard Pass,2nd & 10 at MIN 19,08:37 4th Shotgun,— M.Brosmer pass short right to J.Jones to MIN 22 for 3 yards (A.Oruwariye).
2026,PRESEASON WEEK 2,Saturday,August 22nd,BAL,MIN,4th Quarter,3,Minnesota Vikings,0,4,0,9 Yard Pass,3rd & 7 at MIN 22,08:02 4th Shotgun,— M.Brosmer pass short right to Je.Jefferson pushed ob at MIN 31 for 9 yards (A.Oruwariye).
2026,PRESEASON WEEK 2,Saturday,August 22nd,BAL,MIN,4th Quarter,3,Minnesota Vikings,0,5,0,8 Yard Pass,1st & 10 at MIN 31,07:33 4th Shotgun,— M.Brosmer pass short right to D.Bell to MIN 39 for 8 yards (R.Longerbeam).
2026,PRESEASON WEEK 2,Saturday,August 22nd,BAL,MIN,4th Quarter,3,Minnesota Vikings,0,6,0,-5 Yard Penalty,2nd & 2 at MIN 39,"07:06 4th No Huddle, Shotgun","— M.Brosmer pass incomplete deep right to D.Bell [D.DeLuca]. PENALTY on MIN, Illegal Formation, 5 yards, enforced at MIN 39 - No Play."
2026,PRESEASON WEEK 2,Saturday,August 22nd,BAL,MIN,4th Quarter,3,Minnesota Vikings,0,7,0,6 Yard Pass,2nd & 7 at MIN 34,07:02 4th Shotgun,— M.Brosmer pass short right to M.Lang to MIN 40 for 6 yards (J.Higgins).
2026,PRESEASON WEEK 2,Saturday,August 22nd,BAL,MIN,4th Quarter,3,Minnesota Vikings,0,8,0,Pass Incomplete,3rd & 1 at MIN 40,06:23 4th Shotgun,— M.Brosmer pass incomplete short middle to T.Davis.
2026,PRESEASON WEEK 2,Saturday,August 22nd,BAL,MIN,4th Quarter,3,Minnesota Vikings,0,9,0,15 Yard Run,4th & 1 at MIN 40,06:19 4th Shotgun,— Je.Jefferson up the middle to BAL 45 for 15 yards (C.Rivers).
2026,PRESEASON WEEK 2,Saturday,August 22nd,BAL,MIN,4th Quarter,3,Minnesota Vikings,0,10,0,-7 Yard Sack,1st & 10 at BAL 45,"05:51 4th No Huddle, Shotgun",— M.Brosmer sacked at MIN 48 for -7 yards (E.Burke).
2026,PRESEASON WEEK 2,Saturday,August 22nd,BAL,MIN,4th Quarter,3,Minnesota Vikings,0,11,0,7 Yard Pass,2nd & 17 at MIN 48,"05:18 4th No Huddle, Shotgun",— M.Brosmer pass short left to T.Davis to BAL 45 for 7 yards (L.Webb; D.DeLuca).
2026,PRESEASON WEEK 2,Saturday,August 22nd,BAL,MIN,4th Quarter,3,Minnesota Vikings,0,12,0,16 Yard Pass,3rd & 10 at BAL 45,04:36 4th Shotgun,— M.Brosmer pass short right to B.Nesbit to BAL 29 for 16 yards (C.Rivers; M.Robinson).
2026,PRESEASON WEEK 2,Saturday,August 22nd,BAL,MIN,4th Quarter,3,Minnesota Vikings,0,13,0,5 Yard Penalty,1st & 10 at BAL 29,"04:08 4th No Huddle, Shotgun","— M.Brosmer pass incomplete short right to B.Nesbit. PENALTY on BAL-D.DeLuca, Defensive Pass Interference, 5 yards, enforced at BAL 29 - No Play."
2026,PRESEASON WEEK 2,Saturday,August 22nd,BAL,MIN,4th Quarter,3,Minnesota Vikings,0,14,0,Interception,1st & 10 at BAL 24,04:04 4th Shotgun,— M.Brosmer pass short middle intended for T.Davis INTERCEPTED by S.Walters at BAL 18. S.Walters to BAL 21 for 3 yards (Z.Scott).
2026,PRESEASON WEEK 2,Saturday,August 22nd,BAL,MIN,4th Quarter,4,Baltimore Ravens,0,1,0,4 Yard Run,1st & 10 at BAL 21,03:56 4th,— E.Tau-Tolliver left tackle to BAL 25 for 4 yards (B.Kamara; C.Stewart).
2026,PRESEASON WEEK 2,Saturday,August 22nd,BAL,MIN,4th Quarter,4,Baltimore Ravens,0,2,0,Pass Incomplete,2nd & 6 at BAL 25,03:12 4th,— A.Reed pass incomplete short right to T.Pezza.
2026,PRESEASON WEEK 2,Saturday,August 22nd,BAL,MIN,4th Quarter,4,Baltimore Ravens,0,3,0,7 Yard Pass,3rd & 6 at BAL 25,03:08 4th Shotgun,— A.Reed pass short right to C.Johnson to BAL 32 for 7 yards (J.Washington).
2026,PRESEASON WEEK 2,Saturday,August 22nd,BAL,MIN,4th Quarter,4,Baltimore Ravens,0,4,0,6 Yard Run,1st & 10 at BAL 32,02:26 4th,— J.Ward left end pushed ob at BAL 38 for 6 yards (M.Allen).
2026,PRESEASON WEEK 2,Saturday,August 22nd,BAL,MIN,4th Quarter,4,Baltimore Ravens,0,5,0,3 Yard Run,2nd & 4 at BAL 38,02:21 4th,— J.Ward left tackle to BAL 41 for 3 yards (C.Stewart).
2026,PRESEASON WEEK 2,Saturday,August 22nd,BAL,MIN,4th Quarter,4,Baltimore Ravens,0,6,0,5 Yard Run,3rd & 1 at BAL 41,02:00 4th,— J.Ward up the middle to BAL 46 for 5 yards (J.Roberts; K.Hailassie).
2026,PRESEASON WEEK 2,Saturday,August 22nd,BAL,MIN,4th Quarter,4,Baltimore Ravens,0,7,0,0 Yard Run,1st & 10 at BAL 46,01:15 4th,— A.Reed kneels to BAL 46 for no gain.
2026,PRESEASON WEEK 2,Saturday,August 22nd,BAL,MIN,4th Quarter,4,Baltimore Ravens,0,8,0,-1 Yard Run,2nd & 10 at BAL 46,00:33 4th,— A.Reed kneels to BAL 45 for -1 yards.
2026,PRESEASON WEEK 2,Saturday,August 22nd,NO,LAR,1st Quarter,1,Los Angeles Rams,0,1,0,Kickoff from NO 35,,Kickoff,— T.Brown kicks 63 yards from NO 35 to LAR 2. D.Connors to LAR 27 for 25 yards (E.Davison; C.Donaldson).
2026,PRESEASON WEEK 2,Saturday,August 22nd,NO,LAR,1st Quarter,1,Los Angeles Rams,0,2,0,5 Yard Run,1st & 10 at LAR 27,14:52 1st,— B.Presley right end to LAR 32 for 5 yards (J.Ford).
2026,PRESEASON WEEK 2,Saturday,August 22nd,NO,LAR,1st Quarter,1,Los Angeles Rams,0,3,0,14 Yard Pass,2nd & 5 at LAR 32,14:23 1st,— S.Bennett pass short left to B.Presley pushed ob at LAR 46 for 14 yards (J.Price).
2026,PRESEASON WEEK 2,Saturday,August 22nd,NO,LAR,1st Quarter,1,Los Angeles Rams,0,4,0,Pass Incomplete,1st & 10 at LAR 46,13:57 1st Shotgun,"— S.Bennett pass incomplete short left to C.Daniels (M.Emerson). Los Angeles Rams challenged the incomplete pass ruling, and the play was Upheld. The ruling on the field stands. (Timeout #1.)"
2026,PRESEASON WEEK 2,Saturday,August 22nd,NO,LAR,1st Quarter,1,Los Angeles Rams,0,5,0,7 Yard Pass,2nd & 10 at LAR 46,13:53 1st Shotgun,— S.Bennett pass short middle to B.Presley to NO 47 for 7 yards (I.Stalbird; J.Ford).
2026,PRESEASON WEEK 2,Saturday,August 22nd,NO,LAR,1st Quarter,1,Los Angeles Rams,0,6,0,0 Yard Run,3rd & 3 at NO 47,13:21 1st,— J.Hunter up the middle to NO 47 for no gain (I.Stalbird; J.Ford).
2026,PRESEASON WEEK 2,Saturday,August 22nd,NO,LAR,1st Quarter,1,Los Angeles Rams,0,7,0,-5 Yard Penalty,4th & 3 at NO 47,12:46 1st Shotgun,"— PENALTY on LAR-B.Hance, False Start, 5 yards, enforced at NO 47 - No Play."
2026,PRESEASON WEEK 2,Saturday,August 22nd,NO,LAR,1st Quarter,1,Los Angeles Rams,0,8,0,Punt,4th & 8 at LAR 48,12:39 1st,"— E.Evans punts 43 yards to NO 9, Center-J.Cardona, fair catch by T.Palmer."
2026,PRESEASON WEEK 2,Saturday,August 22nd,NO,LAR,1st Quarter,2,New Orleans Saints,0,1,0,5 Yard Run,1st & 10 at NO 9,12:32 1st,— K.Miller right tackle to NO 14 for 5 yards (W.Bailey; K.Thomas).
2026,PRESEASON WEEK 2,Saturday,August 22nd,NO,LAR,1st Quarter,2,New Orleans Saints,0,2,0,6 Yard Run,2nd & 5 at NO 14,11:57 1st,— K.Miller right tackle to NO 20 for 6 yards (T.Keenan; E.Neal).
2026,PRESEASON WEEK 2,Saturday,August 22nd,NO,LAR,1st Quarter,2,New Orleans Saints,0,3,0,3 Yard Run,1st & 10 at NO 20,11:21 1st,— K.Miller left guard to NO 23 for 3 yards (W.Bailey; E.Neal).
2026,PRESEASON WEEK 2,Saturday,August 22nd,NO,LAR,1st Quarter,2,New Orleans Saints,0,4,0,-9 Yard Pass,2nd & 7 at NO 23,10:44 1st Shotgun,"— Z.Wilson pass short middle to B.Means to NO 28 for 5 yards (E.Neal; A.Johnson). PENALTY on NO-J.Wright, Unnecessary Roughness, 14 yards, enforced at NO 28."
2026,PRESEASON WEEK 2,Saturday,August 22nd,NO,LAR,1st Quarter,2,New Orleans Saints,0,5,0,3 Yard Run,3rd & 16 at NO 14,10:24 1st Shotgun,— D.Neal right tackle to NO 17 for 3 yards (W.Bailey; K.Thomas).
2026,PRESEASON WEEK 2,Saturday,August 22nd,NO,LAR,1st Quarter,2,New Orleans Saints,0,6,0,Punt,4th & 13 at NO 17,09:46 1st,"— Ry.Wright punts 58 yards to LAR 25, Center-Z.Wood. A.Bachman to LAR 29 for 4 yards (M.Reid)."
2026,PRESEASON WEEK 2,Saturday,August 22nd,NO,LAR,1st Quarter,3,Los Angeles Rams,1,1,0,3 Yard Pass,1st & 10 at LAR 29,09:34 1st Shotgun,— S.Bennett pass short right to M.Klare pushed ob at LAR 32 for 3 yards (M.Emerson).
2026,PRESEASON WEEK 2,Saturday,August 22nd,NO,LAR,1st Quarter,3,Los Angeles Rams,1,2,0,11 Yard Run,2nd & 7 at LAR 32,09:14 1st Shotgun,— J.Hunter up the middle to LAR 43 for 11 yards (J.Howden).
2026,PRESEASON WEEK 2,Saturday,August 22nd,NO,LAR,1st Quarter,3,Los Angeles Rams,1,3,0,Pass Incomplete,1st & 10 at LAR 43,08:35 1st,— S.Bennett pass incomplete deep middle to T.Scott.
2026,PRESEASON WEEK 2,Saturday,August 22nd,NO,LAR,1st Quarter,3,Los Angeles Rams,1,4,0,5 Yard Pass,2nd & 10 at LAR 43,08:28 1st Shotgun,— S.Bennett pass short middle to A.Bachman to LAR 48 for 5 yards (F.Diggs).
2026,PRESEASON WEEK 2,Saturday,August 22nd,NO,LAR,1st Quarter,3,Los Angeles Rams,1,5,0,Timeout,,08:02 1st,— Timeout #1 by NO at 08:02.
2026,PRESEASON WEEK 2,Saturday,August 22nd,NO,LAR,1st Quarter,3,Los Angeles Rams,1,6,0,4 Yard Pass,3rd & 5 at LAR 48,08:02 1st Shotgun,— S.Bennett pass short left to C.Daniels to NO 48 for 4 yards (M.Emerson).
2026,PRESEASON WEEK 2,Saturday,August 22nd,NO,LAR,1st Quarter,3,Los Angeles Rams,1,7,0,16 Yard Pass,4th & 1 at NO 48,07:29 1st,— S.Bennett pass short right to T.Scott to NO 32 for 16 yards (M.Emerson).
2026,PRESEASON WEEK 2,Saturday,August 22nd,NO,LAR,1st Quarter,3,Los Angeles Rams,1,8,0,1 Yard Run,1st & 10 at NO 32,06:49 1st,— J.Hunter left tackle to NO 31 for 1 yard (F.Diggs; M.Cole).
2026,PRESEASON WEEK 2,Saturday,August 22nd,NO,LAR,1st Quarter,3,Los Angeles Rams,1,9,0,5 Yard Penalty,2nd & 9 at NO 31,06:14 1st Shotgun,"— S.Bennett pass incomplete deep left to A.Bachman. PENALTY on NO-M.Emerson, Defensive Holding, 5 yards, enforced at NO 31 - No Play."
2026,PRESEASON WEEK 2,Saturday,August 22nd,NO,LAR,1st Quarter,3,Los Angeles Rams,1,10,0,Pass Incomplete,1st & 10 at NO 26,06:08 1st,— S.Bennett pass incomplete short left to M.Klare.
2026,PRESEASON WEEK 2,Saturday,August 22nd,NO,LAR,1st Quarter,3,Los Angeles Rams,1,11,0,9 Yard Run,2nd & 10 at NO 26,06:03 1st Shotgun,— J.Waters up the middle to NO 17 for 9 yards (T.Burgess; J.Ford).
2026,PRESEASON WEEK 2,Saturday,August 22nd,NO,LAR,1st Quarter,3,Los Angeles Rams,1,12,0,8 Yard Run,3rd & 1 at NO 17,05:41 1st No Huddle,— J.Waters up the middle to NO 9 for 8 yards (T.Burgess).
2026,PRESEASON WEEK 2,Saturday,August 22nd,NO,LAR,1st Quarter,3,Los Angeles Rams,1,13,0,-5 Yard Penalty,1st & 9 at NO 9,05:02 1st,"— PENALTY on LAR-B.Murray, False Start, 5 yards, enforced at NO 9 - No Play."
2026,PRESEASON WEEK 2,Saturday,August 22nd,NO,LAR,1st Quarter,3,Los Angeles Rams,1,14,0,Pass Incomplete,1st & 14 at NO 14,04:45 1st Shotgun,— S.Bennett pass incomplete short right to J.Waters.
2026,PRESEASON WEEK 2,Saturday,August 22nd,NO,LAR,1st Quarter,3,Los Angeles Rams,1,15,0,Pass Incomplete,2nd & 14 at NO 14,04:39 1st Shotgun,— S.Bennett pass incomplete short left to M.Klare.
2026,PRESEASON WEEK 2,Saturday,August 22nd,NO,LAR,1st Quarter,3,Los Angeles Rams,1,16,0,6 Yard Pass,3rd & 14 at NO 14,04:34 1st Shotgun,— S.Bennett pass short left to C.Daniels to NO 8 for 6 yards (M.Emerson; M.Reid).
2026,PRESEASON WEEK 2,Saturday,August 22nd,NO,LAR,1st Quarter,3,Los Angeles Rams,1,17,1,Field Goal,4th & 8 at NO 8,03:58 1st,"— H.Mevis 26 yard field goal is GOOD, Center-J.Cardona, Holder-E.Evans."
2026,PRESEASON WEEK 2,Saturday,August 22nd,NO,LAR,2nd Quarter,1,New Orleans Saints,0,1,0,Kickoff from LAR 35,,Kickoff,— H.Mevis kicks 67 yards from LAR 35 to NO -2. K.Miller to NO 27 for 29 yards (N.Andersen; A.Bachman).
2026,PRESEASON WEEK 2,Saturday,August 22nd,NO,LAR,2nd Quarter,1,New Orleans Saints,0,2,0,1 Yard Run,1st & 10 at NO 27,03:48 1st Shotgun,— Z.Wilson scrambles right end to NO 28 for 1 yard (E.Neal).
2026,PRESEASON WEEK 2,Saturday,August 22nd,NO,LAR,2nd Quarter,1,New Orleans Saints,0,3,0,-6 Yard Run,2nd & 9 at NO 28,03:10 1st,"— D.Neal right end pushed ob at NO 33 for 5 yards (A.Johnson). PENALTY on NO-B.Lance, Offensive Holding, 10 yards, enforced at NO 32."
2026,PRESEASON WEEK 2,Saturday,August 22nd,NO,LAR,2nd Quarter,1,New Orleans Saints,0,4,0,8 Yard Pass,2nd & 15 at NO 22,02:44 1st Shotgun,— Z.Wilson pass short left to M.Matavao to NO 30 for 8 yards (E.Neal) [W.Bailey].
2026,PRESEASON WEEK 2,Saturday,August 22nd,NO,LAR,2nd Quarter,1,New Orleans Saints,0,5,0,14 Yard Pass,3rd & 7 at NO 30,02:00 1st Shotgun,— Z.Wilson pass deep left to M.Matavao to NO 44 for 14 yards (N.Valcarcel).
2026,PRESEASON WEEK 2,Saturday,August 22nd,NO,LAR,2nd Quarter,1,New Orleans Saints,0,6,0,-8 Yard Sack,1st & 10 at NO 44,01:37 1st Shotgun,— Z.Wilson sacked at NO 36 for -8 yards (W.Bailey).
2026,PRESEASON WEEK 2,Saturday,August 22nd,NO,LAR,2nd Quarter,1,New Orleans Saints,0,7,0,-10 Yard Penalty,2nd & 18 at NO 36,00:57 1st Shotgun,"— Z.Wilson pass short left to K.Miller to NO 46 for 10 yards (N.Valcarcel). PENALTY on NO-K.Austin, Offensive Pass Interference, 10 yards, enforced at NO 36 - No Play."
2026,PRESEASON WEEK 2,Saturday,August 22nd,NO,LAR,2nd Quarter,1,New Orleans Saints,0,8,0,12 Yard Pass,2nd & 28 at NO 26,00:36 1st Shotgun,— Z.Wilson pass short left to B.Lance to NO 38 for 12 yards (A.Hamilton).
2026,PRESEASON WEEK 2,Saturday,August 22nd,NO,LAR,2nd Quarter,1,New Orleans Saints,0,9,0,5 Yard Penalty,3rd & 16 at NO 38,15:00 2nd Shotgun,"— PENALTY on LAR-K.Thomas, Neutral Zone Infraction, 5 yards, enforced at NO 38 - No Play."
2026,PRESEASON WEEK 2,Saturday,August 22nd,NO,LAR,2nd Quarter,1,New Orleans Saints,0,10,0,Interception,3rd & 11 at NO 43,15:00 2nd Shotgun,— Z.Wilson pass short right intended for B.Means INTERCEPTED by A.Hamilton at LAR 49. A.Hamilton to NO 48 for 3 yards (B.Means).
2026,PRESEASON WEEK 2,Saturday,August 22nd,NO,LAR,2nd Quarter,2,Los Angeles Rams,1,1,0,8 Yard Run,1st & 10 at NO 48,14:52 2nd Shotgun,— J.Hunter up the middle to NO 40 for 8 yards (J.Sirmon; G.Nelson).
2026,PRESEASON WEEK 2,Saturday,August 22nd,NO,LAR,2nd Quarter,2,Los Angeles Rams,1,2,0,-5 Yard Run,2nd & 2 at NO 40,14:20 2nd,"— J.Hunter up the middle to NO 25 for 15 yards (M.Reid). PENALTY on LAR-A.Blaske, Offensive Holding, 10 yards, enforced at NO 35."
2026,PRESEASON WEEK 2,Saturday,August 22nd,NO,LAR,2nd Quarter,2,Los Angeles Rams,1,3,0,9 Yard Pass,2nd & 7 at NO 45,13:57 2nd Shotgun,— S.Bennett pass short middle to C.Daniels to NO 36 for 9 yards (J.Sirmon).
2026,PRESEASON WEEK 2,Saturday,August 22nd,NO,LAR,2nd Quarter,2,Los Angeles Rams,1,4,0,1 Yard Pass,1st & 10 at NO 36,13:22 2nd,— S.Bennett pass short right to M.Klare to NO 35 for 1 yard (T.Burgess; L.Styles).
2026,PRESEASON WEEK 2,Saturday,August 22nd,NO,LAR,2nd Quarter,2,Los Angeles Rams,1,5,0,9 Yard Pass,2nd & 9 at NO 35,12:43 2nd Shotgun,— S.Bennett pass short middle to B.Presley to NO 26 for 9 yards (J.Sirmon; K.Boyd).
2026,PRESEASON WEEK 2,Saturday,August 22nd,NO,LAR,2nd Quarter,2,Los Angeles Rams,1,6,0,12 Yard Pass,1st & 10 at NO 26,12:02 2nd,— S.Bennett pass short right to A.Bachman to NO 14 for 12 yards (L.Styles).
2026,PRESEASON WEEK 2,Saturday,August 22nd,NO,LAR,2nd Quarter,2,Los Angeles Rams,1,7,0,8 Yard Run,1st & 10 at NO 14,11:39 2nd No Huddle,— J.Waters right guard to NO 6 for 8 yards (L.Styles; M.Reid).
2026,PRESEASON WEEK 2,Saturday,August 22nd,NO,LAR,2nd Quarter,2,Los Angeles Rams,1,8,0,5 Yard Run,2nd & 2 at NO 6,11:03 2nd,— J.Waters left guard to NO 1 for 5 yards (T.Hall; J.Sirmon).
2026,PRESEASON WEEK 2,Saturday,August 22nd,NO,LAR,2nd Quarter,2,Los Angeles Rams,1,9,1,Touchdown,1st & 1 at NO 1,10:25 2nd,"— S.Bennett scrambles right end pushed ob at NO 1 for no gain (J.Sirmon). Los Angeles Rams challenged the short of the goal line ruling, and the play was REVERSED. S.Bennett scrambles right end for 1 yard, TOUCHDOWN."
2026,PRESEASON WEEK 2,Saturday,August 22nd,NO,LAR,2nd Quarter,2,Los Angeles Rams,1,10,1,Extra Point,,10:22 2nd,"— H.Mevis extra point is GOOD, Center-J.Cardona, Holder-E.Evans."
2026,PRESEASON WEEK 2,Saturday,August 22nd,NO,LAR,2nd Quarter,3,New Orleans Saints,0,1,0,Kickoff from LAR 35,,Kickoff,— H.Mevis kicks 64 yards from LAR 35 to NO 1. T.Chandler to NO 27 for 26 yards (A.Cook).
2026,PRESEASON WEEK 2,Saturday,August 22nd,NO,LAR,2nd Quarter,3,New Orleans Saints,0,2,0,2 Yard Run,1st & 10 at NO 27,10:15 2nd,— K.Miller left tackle to NO 29 for 2 yards (B.Norton).
2026,PRESEASON WEEK 2,Saturday,August 22nd,NO,LAR,2nd Quarter,3,New Orleans Saints,0,3,0,7 Yard Run,2nd & 8 at NO 29,09:36 2nd,— Z.Wilson scrambles left end to NO 36 for 7 yards (D.Peterson; A.Johnson).
2026,PRESEASON WEEK 2,Saturday,August 22nd,NO,LAR,2nd Quarter,3,New Orleans Saints,0,4,0,12 Yard Pass,3rd & 1 at NO 36,"08:56 2nd No Huddle, Shotgun",— Z.Wilson pass short left to M.Matavao pushed ob at NO 48 for 12 yards (N.Valcarcel).
2026,PRESEASON WEEK 2,Saturday,August 22nd,NO,LAR,2nd Quarter,3,New Orleans Saints,0,5,0,Pass Incomplete,1st & 10 at NO 48,"08:36 2nd No Huddle, Shotgun",— Z.Wilson pass incomplete short left to K.Austin.
2026,PRESEASON WEEK 2,Saturday,August 22nd,NO,LAR,2nd Quarter,3,New Orleans Saints,0,6,0,7 Yard Run,2nd & 10 at NO 48,08:32 2nd,— T.Chandler right guard to LAR 45 for 7 yards (A.Hamilton; C.Lampkin).
2026,PRESEASON WEEK 2,Saturday,August 22nd,NO,LAR,2nd Quarter,3,New Orleans Saints,0,7,0,2 Yard Run,3rd & 3 at LAR 45,07:52 2nd Shotgun,— K.Miller up the middle to LAR 43 for 2 yards (L.Murchison; P.Zdroik).
2026,PRESEASON WEEK 2,Saturday,August 22nd,NO,LAR,2nd Quarter,3,New Orleans Saints,0,8,0,Pass Incomplete,4th & 1 at LAR 43,07:11 2nd Shotgun,— Z.Wilson pass incomplete short right to K.Austin (C.Lampkin).
2026,PRESEASON WEEK 2,Saturday,August 22nd,NO,LAR,2nd Quarter,4,Los Angeles Rams,1,1,0,7 Yard Pass,1st & 10 at LAR 44,07:06 2nd Shotgun,— S.Bennett pass short right to C.Daniels to NO 49 for 7 yards (I.Stalbird).
2026,PRESEASON WEEK 2,Saturday,August 22nd,NO,LAR,2nd Quarter,4,Los Angeles Rams,1,2,0,4 Yard Run,2nd & 3 at NO 49,06:32 2nd,— J.Hunter up the middle to NO 45 for 4 yards (I.Stalbird; J.Suggs).
2026,PRESEASON WEEK 2,Saturday,August 22nd,NO,LAR,2nd Quarter,4,Los Angeles Rams,1,3,0,-10 Yard Penalty,1st & 10 at NO 45,05:57 2nd,"— J.Hunter left tackle to NO 42 for 3 yards (J.Ford). PENALTY on LAR-M.Redman, Offensive Holding, 10 yards, enforced at NO 45 - No Play."
2026,PRESEASON WEEK 2,Saturday,August 22nd,NO,LAR,2nd Quarter,4,Los Angeles Rams,1,4,0,Timeout,,05:32 2nd,— Timeout #2 by LAR at 05:32.
2026,PRESEASON WEEK 2,Saturday,August 22nd,NO,LAR,2nd Quarter,4,Los Angeles Rams,1,5,0,Pass Incomplete,1st & 20 at LAR 45,05:32 2nd,— S.Bennett pass incomplete deep left to B.Presley.
2026,PRESEASON WEEK 2,Saturday,August 22nd,NO,LAR,2nd Quarter,4,Los Angeles Rams,1,6,0,17 Yard Pass,2nd & 20 at LAR 45,05:26 2nd Shotgun,— S.Bennett pass deep left to A.Bachman pushed ob at NO 38 for 17 yards (T.Hall).
2026,PRESEASON WEEK 2,Saturday,August 22nd,NO,LAR,2nd Quarter,4,Los Angeles Rams,1,7,0,Pass Incomplete,3rd & 3 at NO 38,04:58 2nd Shotgun,— S.Bennett pass incomplete short middle to C.Daniels.
2026,PRESEASON WEEK 2,Saturday,August 22nd,NO,LAR,2nd Quarter,4,Los Angeles Rams,1,8,0,13 Yard Penalty,4th & 3 at NO 38,04:55 2nd Shotgun,"— S.Bennett pass incomplete deep right to A.Bachman. PENALTY on NO-L.Styles, Defensive Pass Interference, 13 yards, enforced at NO 38 - No Play."
2026,PRESEASON WEEK 2,Saturday,August 22nd,NO,LAR,2nd Quarter,4,Los Angeles Rams,1,9,0,5 Yard Penalty,1st & 10 at NO 25,04:50 2nd,"— PENALTY on NO, Defensive Too Many Men on Field, 5 yards, enforced at NO 25 - No Play."
2026,PRESEASON WEEK 2,Saturday,August 22nd,NO,LAR,2nd Quarter,4,Los Angeles Rams,1,10,0,2 Yard Run,1st & 5 at NO 20,04:50 2nd,— J.Waters up the middle to NO 18 for 2 yards (I.Stalbird).
2026,PRESEASON WEEK 2,Saturday,August 22nd,NO,LAR,2nd Quarter,4,Los Angeles Rams,1,11,0,Pass Incomplete,2nd & 3 at NO 18,04:17 2nd Shotgun,— S.Bennett pass incomplete deep left to C.Daniels.
2026,PRESEASON WEEK 2,Saturday,August 22nd,NO,LAR,2nd Quarter,4,Los Angeles Rams,1,12,0,7 Yard Run,3rd & 3 at NO 18,04:12 2nd Shotgun,— J.Waters left guard to NO 11 for 7 yards (M.Reid; F.Diggs).
2026,PRESEASON WEEK 2,Saturday,August 22nd,NO,LAR,2nd Quarter,4,Los Angeles Rams,1,13,0,3 Yard Pass,1st & 10 at NO 11,03:42 2nd,— S.Bennett pass short right to C.Daniels to NO 8 for 3 yards (T.Hall).
2026,PRESEASON WEEK 2,Saturday,August 22nd,NO,LAR,2nd Quarter,4,Los Angeles Rams,1,14,0,Pass Incomplete,2nd & 7 at NO 8,03:03 2nd Shotgun,— S.Bennett pass incomplete short right to D.Connors.
2026,PRESEASON WEEK 2,Saturday,August 22nd,NO,LAR,2nd Quarter,4,Los Angeles Rams,1,15,1,Touchdown,3rd & 7 at NO 8,02:59 2nd Shotgun,"— S.Bennett scrambles right end for 8 yards, TOUCHDOWN."
2026,PRESEASON WEEK 2,Saturday,August 22nd,NO,LAR,2nd Quarter,4,Los Angeles Rams,1,16,1,Extra Point,,02:53 2nd,"— H.Mevis extra point is GOOD, Center-J.Cardona, Holder-E.Evans."
2026,PRESEASON WEEK 2,Saturday,August 22nd,NO,LAR,2nd Quarter,5,New Orleans Saints,0,1,0,Kickoff from LAR 35,,Kickoff,— H.Mevis kicks 62 yards from LAR 35 to NO 3. T.Palmer to NO 31 for 28 yards (A.Bachman; N.Valcarcel).
2026,PRESEASON WEEK 2,Saturday,August 22nd,NO,LAR,2nd Quarter,5,New Orleans Saints,0,2,0,7 Yard Run,1st & 10 at NO 31,02:46 2nd Shotgun,— Z.Wilson scrambles right end pushed ob at NO 38 for 7 yards (D.Rickert).
2026,PRESEASON WEEK 2,Saturday,August 22nd,NO,LAR,2nd Quarter,5,New Orleans Saints,0,3,0,Pass Incomplete,2nd & 3 at NO 38,02:12 2nd Shotgun,— Z.Wilson pass incomplete deep middle to B.Means.
2026,PRESEASON WEEK 2,Saturday,August 22nd,NO,LAR,2nd Quarter,5,New Orleans Saints,0,4,0,4 Yard Pass,3rd & 3 at NO 38,02:08 2nd Shotgun,— Z.Wilson pass short right to B.Lance to NO 42 for 4 yards (T.Ingle). The player not down by contact was assisted by replay.
2026,PRESEASON WEEK 2,Saturday,August 22nd,NO,LAR,2nd Quarter,5,New Orleans Saints,0,5,0,Pass Incomplete,1st & 10 at NO 42,02:00 2nd Shotgun,— Z.Wilson pass incomplete short middle to B.Means (C.Lampkin).
2026,PRESEASON WEEK 2,Saturday,August 22nd,NO,LAR,2nd Quarter,5,New Orleans Saints,0,6,0,4 Yard Run,2nd & 10 at NO 42,01:54 2nd Shotgun,— Z.Wilson scrambles left end ran ob at NO 46 for 4 yards (C.Lampkin).
2026,PRESEASON WEEK 2,Saturday,August 22nd,NO,LAR,2nd Quarter,5,New Orleans Saints,0,7,0,Pass Incomplete,3rd & 6 at NO 46,01:47 2nd Shotgun,— Z.Wilson pass incomplete deep left to T.Welch [D.Peterson].
2026,PRESEASON WEEK 2,Saturday,August 22nd,NO,LAR,2nd Quarter,5,New Orleans Saints,0,8,0,Punt,4th & 6 at NO 46,01:42 2nd,"— Ry.Wright punts 39 yards to LAR 15, Center-Z.Wood, fair catch by A.Bachman."
2026,PRESEASON WEEK 2,Saturday,August 22nd,NO,LAR,2nd Quarter,6,Los Angeles Rams,1,1,0,11 Yard Pass,1st & 10 at LAR 15,01:34 2nd Shotgun,— S.Bennett pass short left to C.Daniels to LAR 26 for 11 yards (J.Ford).
2026,PRESEASON WEEK 2,Saturday,August 22nd,NO,LAR,2nd Quarter,6,Los Angeles Rams,1,2,0,20 Yard Pass,1st & 10 at LAR 26,"01:16 2nd No Huddle, Shotgun",— S.Bennett pass deep left to T.Scott to LAR 46 for 20 yards (M.Reid).
2026,PRESEASON WEEK 2,Saturday,August 22nd,NO,LAR,2nd Quarter,6,Los Angeles Rams,1,3,0,Timeout,,01:09 2nd,— Timeout #3 by LAR at 01:09.
2026,PRESEASON WEEK 2,Saturday,August 22nd,NO,LAR,2nd Quarter,6,Los Angeles Rams,1,4,0,17 Yard Pass,1st & 10 at LAR 46,01:09 2nd Shotgun,— S.Bennett pass deep right to C.Daniels pushed ob at NO 37 for 17 yards (L.Styles).
2026,PRESEASON WEEK 2,Saturday,August 22nd,NO,LAR,2nd Quarter,6,Los Angeles Rams,1,5,0,11 Yard Pass,1st & 10 at NO 37,"01:04 2nd No Huddle, Shotgun",— S.Bennett pass short middle to C.Daniels to NO 26 for 11 yards (J.Sirmon; T.Burgess).
2026,PRESEASON WEEK 2,Saturday,August 22nd,NO,LAR,2nd Quarter,6,Los Angeles Rams,1,6,0,Pass Incomplete,1st & 10 at NO 26,"00:41 2nd No Huddle, Shotgun",— S.Bennett pass incomplete deep left to T.Scott.
2026,PRESEASON WEEK 2,Saturday,August 22nd,NO,LAR,2nd Quarter,6,Los Angeles Rams,1,7,0,9 Yard Pass,2nd & 10 at NO 26,00:39 2nd Shotgun,— S.Bennett pass short right to T.Edwards to NO 17 for 9 yards (L.Styles).
2026,PRESEASON WEEK 2,Saturday,August 22nd,NO,LAR,2nd Quarter,6,Los Angeles Rams,1,8,0,9 Yard Run,3rd & 1 at NO 17,00:21 2nd No Huddle,— J.Hunter right guard to NO 8 for 9 yards (L.Styles).
2026,PRESEASON WEEK 2,Saturday,August 22nd,NO,LAR,2nd Quarter,6,Los Angeles Rams,1,9,0,Pass Incomplete,1st & 8 at NO 8,00:08 2nd No Huddle,— S.Bennett spiked the ball to stop the clock.
2026,PRESEASON WEEK 2,Saturday,August 22nd,NO,LAR,2nd Quarter,6,Los Angeles Rams,1,10,0,Timeout,,00:07 2nd,— Timeout #2 by NO at 00:07.
2026,PRESEASON WEEK 2,Saturday,August 22nd,NO,LAR,2nd Quarter,6,Los Angeles Rams,1,11,0,Pass Incomplete,2nd & 8 at NO 8,00:07 2nd Shotgun,— S.Bennett pass incomplete short right to C.Daniels (L.Styles).
2026,PRESEASON WEEK 2,Saturday,August 22nd,NO,LAR,2nd Quarter,6,Los Angeles Rams,1,12,1,Field Goal,3rd & 8 at NO 8,00:04 2nd,"— H.Mevis 26 yard field goal is GOOD, Center-J.Cardona, Holder-E.Evans."
2026,PRESEASON WEEK 2,Saturday,August 22nd,NO,LAR,3rd Quarter,1,Los Angeles Rams,1,1,0,Kickoff from LAR 35,,Kickoff,— H.Mevis kicks 57 yards from LAR 35 to NO 8. T.Palmer ran ob at NO 16 for 8 yards (N.Fourqurean).
2026,PRESEASON WEEK 2,Saturday,August 22nd,NO,LAR,3rd Quarter,1,Los Angeles Rams,1,2,0,9 Yard Pass,1st & 10 at NO 16,14:57 3rd,— S.Rattler pass short left to T.Welch pushed ob at NO 25 for 9 yards (A.Cook).
2026,PRESEASON WEEK 2,Saturday,August 22nd,NO,LAR,3rd Quarter,1,Los Angeles Rams,1,3,0,-9 Yard Penalty,2nd & 1 at NO 25,14:32 3rd,"— K.Miller left tackle pushed ob at NO 37 for 12 yards (M.Rice; A.Johnson). PENALTY on NO-T.Simpkins, Offensive Holding, 9 yards, enforced at NO 25 - No Play."
2026,PRESEASON WEEK 2,Saturday,August 22nd,NO,LAR,3rd Quarter,1,Los Angeles Rams,1,4,0,7 Yard Pass,2nd & 10 at NO 16,14:03 3rd,— S.Rattler pass short right to R.Bell to NO 23 for 7 yards (N.Hill-Green; A.Hamilton).
2026,PRESEASON WEEK 2,Saturday,August 22nd,NO,LAR,3rd Quarter,1,Los Angeles Rams,1,5,0,-5 Yard Penalty,3rd & 3 at NO 23,13:22 3rd Shotgun,"— S.Rattler pass short right to R.Bell to NO 37 for 14 yards (C.Lampkin). PENALTY on NO-B.Wesley, Ineligible Downfield Pass, 5 yards, enforced at NO 23 - No Play."
2026,PRESEASON WEEK 2,Saturday,August 22nd,NO,LAR,3rd Quarter,1,Los Angeles Rams,1,6,0,25 Yard Pass,3rd & 8 at NO 18,12:48 3rd Shotgun,"— S.Rattler pass deep left to J.Moreno-Cropper to NO 43 for 25 yards (C.Lampkin). Penalty on LAR-C.Lampkin, Defensive Pass Interference, declined."
2026,PRESEASON WEEK 2,Saturday,August 22nd,NO,LAR,3rd Quarter,1,Los Angeles Rams,1,7,0,7 Yard Run,1st & 10 at NO 43,12:29 3rd Shotgun,— S.Rattler scrambles left end ran ob at 50 for 7 yards (A.Johnson).
2026,PRESEASON WEEK 2,Saturday,August 22nd,NO,LAR,3rd Quarter,1,Los Angeles Rams,1,8,0,4 Yard Run,2nd & 3 at 50,12:01 3rd,— T.Chandler right tackle to LAR 46 for 4 yards (M.Rice; J.Moi).
2026,PRESEASON WEEK 2,Saturday,August 22nd,NO,LAR,3rd Quarter,1,Los Angeles Rams,1,9,0,Pass Incomplete,1st & 10 at LAR 46,11:28 3rd,— S.Rattler pass incomplete short right.
2026,PRESEASON WEEK 2,Saturday,August 22nd,NO,LAR,3rd Quarter,1,Los Angeles Rams,1,10,0,2 Yard Run,2nd & 10 at LAR 46,11:24 3rd,— S.Rattler scrambles right end to LAR 44 for 2 yards (D.Rickert).
2026,PRESEASON WEEK 2,Saturday,August 22nd,NO,LAR,3rd Quarter,1,Los Angeles Rams,1,11,0,10 Yard Pass,3rd & 8 at LAR 44,10:44 3rd Shotgun,— S.Rattler pass short left to K.Austin to LAR 34 for 10 yards (A.Johnson).
2026,PRESEASON WEEK 2,Saturday,August 22nd,NO,LAR,3rd Quarter,1,Los Angeles Rams,1,12,0,Pass Incomplete,1st & 10 at LAR 34,10:21 3rd No Huddle,— S.Rattler pass incomplete short right [W.Bailey].
2026,PRESEASON WEEK 2,Saturday,August 22nd,NO,LAR,3rd Quarter,1,Los Angeles Rams,1,13,0,24 Yard Penalty,2nd & 10 at LAR 34,10:14 3rd Shotgun,"— S.Rattler pass incomplete deep left to T.Palmer. PENALTY on LAR-A.Johnson, Defensive Pass Interference, 24 yards, enforced at LAR 34 - No Play."
2026,PRESEASON WEEK 2,Saturday,August 22nd,NO,LAR,3rd Quarter,1,Los Angeles Rams,1,14,0,4 Yard Run,1st & 10 at LAR 10,10:08 3rd,— K.Miller left guard to LAR 6 for 4 yards (N.Andersen).
2026,PRESEASON WEEK 2,Saturday,August 22nd,NO,LAR,3rd Quarter,1,Los Angeles Rams,1,15,0,Pass Incomplete,2nd & 6 at LAR 6,09:27 3rd Shotgun,— S.Rattler pass incomplete short left to K.Miller (B.Norton).
2026,PRESEASON WEEK 2,Saturday,August 22nd,NO,LAR,3rd Quarter,1,Los Angeles Rams,1,16,1,Touchdown,3rd & 6 at LAR 6,09:22 3rd Shotgun,"— S.Rattler pass short middle intended for T.Welch INTERCEPTED by A.Cook at LAR 0. A.Cook for 100 yards, TOUCHDOWN."
2026,PRESEASON WEEK 2,Saturday,August 22nd,NO,LAR,3rd Quarter,2,New Orleans Saints,0,1,0,Kickoff from LAR 35,,Kickoff,"— H.Mevis kicks 65 yards from LAR 35 to end zone, Touchback to the NO 35."
2026,PRESEASON WEEK 2,Saturday,August 22nd,NO,LAR,3rd Quarter,2,New Orleans Saints,0,2,0,-5 Yard Penalty,1st & 10 at NO 35,09:06 3rd,"— PENALTY on NO-A.Herron, False Start, 5 yards, enforced at NO 35 - No Play."
2026,PRESEASON WEEK 2,Saturday,August 22nd,NO,LAR,3rd Quarter,2,New Orleans Saints,0,3,0,6 Yard Pass,1st & 15 at NO 30,09:06 3rd,— S.Rattler pass short left to Z.Mitchell-Paden to NO 36 for 6 yards (N.Fourqurean; M.Rice).
2026,PRESEASON WEEK 2,Saturday,August 22nd,NO,LAR,3rd Quarter,2,New Orleans Saints,0,4,0,4 Yard Run,2nd & 9 at NO 36,08:30 3rd,— C.Donaldson up the middle to NO 40 for 4 yards (N.Hill-Green; D.Rickert).
2026,PRESEASON WEEK 2,Saturday,August 22nd,NO,LAR,3rd Quarter,2,New Orleans Saints,0,5,0,Pass Incomplete,3rd & 5 at NO 40,07:50 3rd Shotgun,— S.Rattler pass incomplete short left to T.Welch (N.Fourqurean).
2026,PRESEASON WEEK 2,Saturday,August 22nd,NO,LAR,3rd Quarter,2,New Orleans Saints,0,6,0,Punt,4th & 5 at NO 40,07:46 3rd,"— Ry.Wright punts 46 yards to LAR 14, Center-Z.Wood. B.Presley pushed ob at LAR 25 for 11 yards (E.Davison)."
2026,PRESEASON WEEK 2,Saturday,August 22nd,NO,LAR,3rd Quarter,3,Los Angeles Rams,0,1,0,4 Yard Pass,1st & 10 at LAR 25,07:34 3rd Shotgun,— T.Simpson pass short left to M.Klare pushed ob at LAR 29 for 4 yards (M.Reid).
2026,PRESEASON WEEK 2,Saturday,August 22nd,NO,LAR,3rd Quarter,3,Los Angeles Rams,0,2,0,4 Yard Run,2nd & 6 at LAR 29,07:05 3rd,— D.Connors up the middle to LAR 33 for 4 yards (J.Sirmon; I.Stalbird).
2026,PRESEASON WEEK 2,Saturday,August 22nd,NO,LAR,3rd Quarter,3,Los Angeles Rams,0,3,0,1 Yard Run,3rd & 2 at LAR 33,06:29 3rd,— D.Connors right guard to LAR 34 for 1 yard (I.Yiadom).
2026,PRESEASON WEEK 2,Saturday,August 22nd,NO,LAR,3rd Quarter,3,Los Angeles Rams,0,4,0,Punt,4th & 1 at LAR 34,05:47 3rd,"— E.Evans punts 54 yards to NO 12, Center-J.Cardona. T.Palmer to NO 34 for 22 yards (R.Jones; J.Cardona)."
2026,PRESEASON WEEK 2,Saturday,August 22nd,NO,LAR,3rd Quarter,4,New Orleans Saints,0,1,0,9 Yard Pass,1st & 10 at NO 34,05:32 3rd,— S.Rattler pass short left to J.Moreno-Cropper pushed ob at NO 43 for 9 yards (M.Rice).
2026,PRESEASON WEEK 2,Saturday,August 22nd,NO,LAR,3rd Quarter,4,New Orleans Saints,0,2,0,0 Yard Run,2nd & 1 at NO 43,05:12 3rd No Huddle,— T.Chandler right end to NO 43 for no gain (D.Peterson; C.Lampkin).
2026,PRESEASON WEEK 2,Saturday,August 22nd,NO,LAR,3rd Quarter,4,New Orleans Saints,0,3,0,9 Yard Run,3rd & 1 at NO 43,04:29 3rd,— C.Donaldson left guard to LAR 48 for 9 yards (M.Rice; J.Moi).
2026,PRESEASON WEEK 2,Saturday,August 22nd,NO,LAR,3rd Quarter,4,New Orleans Saints,0,4,0,8 Yard Pass,1st & 10 at LAR 48,03:46 3rd Shotgun,— S.Rattler pass short right to C.Donaldson to LAR 40 for 8 yards (C.Lampkin; N.Hill-Green).
2026,PRESEASON WEEK 2,Saturday,August 22nd,NO,LAR,3rd Quarter,4,New Orleans Saints,0,5,0,Pass Incomplete,2nd & 2 at LAR 40,03:12 3rd Shotgun,— S.Rattler pass incomplete short right to T.Palmer (M.Rice).
2026,PRESEASON WEEK 2,Saturday,August 22nd,NO,LAR,3rd Quarter,4,New Orleans Saints,0,6,0,32 Yard Pass,3rd & 2 at LAR 40,03:08 3rd Shotgun,"— S.Rattler pass short left to C.Donaldson to LAR 8 for 32 yards (N.Fourqurean). FUMBLES (N.Fourqurean), ball out of bounds at LAR 5."
2026,PRESEASON WEEK 2,Saturday,August 22nd,NO,LAR,3rd Quarter,4,New Orleans Saints,0,7,0,3 Yard Run,1st & 8 at LAR 8,02:23 3rd Shotgun,— T.Chandler up the middle to LAR 5 for 3 yards (L.Murchison).
2026,PRESEASON WEEK 2,Saturday,August 22nd,NO,LAR,3rd Quarter,4,New Orleans Saints,0,8,0,Fumble,2nd & 5 at LAR 5,01:47 3rd,"— T.Chandler right tackle to LAR 3 for 2 yards (W.Bailey). FUMBLES (W.Bailey), RECOVERED by LAR-P.Zdroik at LAR 2."
2026,PRESEASON WEEK 2,Saturday,August 22nd,NO,LAR,4th Quarter,1,Los Angeles Rams,0,1,0,-1 Yard Penalty,1st & 10 at LAR 2,01:38 3rd,"— PENALTY on LAR-D.Villari, False Start, 1 yard, enforced at LAR 2 - No Play."
2026,PRESEASON WEEK 2,Saturday,August 22nd,NO,LAR,4th Quarter,1,Los Angeles Rams,0,2,0,3 Yard Run,1st & 11 at LAR 1,01:38 3rd,— J.Hunter right guard to LAR 4 for 3 yards (M.Heldman).
2026,PRESEASON WEEK 2,Saturday,August 22nd,NO,LAR,4th Quarter,1,Los Angeles Rams,0,3,0,4 Yard Pass,2nd & 8 at LAR 4,01:05 3rd Shotgun,— T.Simpson pass short left to M.Klare pushed ob at LAR 8 for 4 yards (D.Jones).
2026,PRESEASON WEEK 2,Saturday,August 22nd,NO,LAR,4th Quarter,1,Los Angeles Rams,0,4,0,5 Yard Penalty,3rd & 4 at LAR 8,00:41 3rd Shotgun,"— T.Simpson pass incomplete short middle to B.Presley. PENALTY on NO, Defensive Too Many Men on Field, 5 yards, enforced at LAR 8 - No Play."
2026,PRESEASON WEEK 2,Saturday,August 22nd,NO,LAR,4th Quarter,1,Los Angeles Rams,0,5,0,3 Yard Run,1st & 10 at LAR 13,00:38 3rd,— T.Simpson scrambles right end ran ob at LAR 16 for 3 yards (I.Yiadom).
2026,PRESEASON WEEK 2,Saturday,August 22nd,NO,LAR,4th Quarter,1,Los Angeles Rams,0,6,0,8 Yard Run,2nd & 7 at LAR 16,15:00 4th Shotgun,— T.Simpson scrambles up the middle to LAR 24 for 8 yards (J.Sirmon).
2026,PRESEASON WEEK 2,Saturday,August 22nd,NO,LAR,4th Quarter,1,Los Angeles Rams,0,7,0,14 Yard Pass,1st & 10 at LAR 24,14:15 4th,— T.Simpson pass short right to A.Bachman to LAR 38 for 14 yards (J.Sirmon).
2026,PRESEASON WEEK 2,Saturday,August 22nd,NO,LAR,4th Quarter,1,Los Angeles Rams,0,8,0,15 Yard Pass,1st & 10 at LAR 38,13:44 4th Shotgun,— T.Simpson pass short right to T.Edwards to NO 47 for 15 yards (T.Hall).
2026,PRESEASON WEEK 2,Saturday,August 22nd,NO,LAR,4th Quarter,1,Los Angeles Rams,0,9,0,4 Yard Run,1st & 10 at NO 47,13:05 4th Shotgun,— J.Waters up the middle to NO 43 for 4 yards (J.Sirmon; M.Reid).
2026,PRESEASON WEEK 2,Saturday,August 22nd,NO,LAR,4th Quarter,1,Los Angeles Rams,0,10,0,11 Yard Penalty,2nd & 6 at NO 43,12:26 4th,"— T.Simpson pass incomplete short right to A.Bachman. PENALTY on NO-I.Yiadom, Defensive Pass Interference, 11 yards, enforced at NO 43 - No Play."
2026,PRESEASON WEEK 2,Saturday,August 22nd,NO,LAR,4th Quarter,1,Los Angeles Rams,0,11,0,Pass Incomplete,1st & 10 at NO 32,12:20 4th Shotgun,— T.Simpson pass incomplete short right to C.Daniels.
2026,PRESEASON WEEK 2,Saturday,August 22nd,NO,LAR,4th Quarter,1,Los Angeles Rams,0,12,0,7 Yard Run,2nd & 10 at NO 32,12:16 4th Shotgun,— J.Waters up the middle to NO 25 for 7 yards (T.Hall; F.Diggs).
2026,PRESEASON WEEK 2,Saturday,August 22nd,NO,LAR,4th Quarter,1,Los Angeles Rams,0,13,0,1 Yard Run,3rd & 3 at NO 25,11:38 4th Shotgun,— J.Waters up the middle to NO 24 for 1 yard (K.Saunders).
2026,PRESEASON WEEK 2,Saturday,August 22nd,NO,LAR,4th Quarter,1,Los Angeles Rams,0,14,0,Pass Incomplete,4th & 2 at NO 24,10:58 4th Shotgun,— T.Simpson pass incomplete short right to T.Edwards (T.Hall).
2026,PRESEASON WEEK 2,Saturday,August 22nd,NO,LAR,4th Quarter,2,New Orleans Saints,0,1,0,6 Yard Pass,1st & 10 at NO 24,10:54 4th Shotgun,— S.Rattler pass short left to C.Donaldson to NO 30 for 6 yards (A.Hamilton).
2026,PRESEASON WEEK 2,Saturday,August 22nd,NO,LAR,4th Quarter,2,New Orleans Saints,0,2,0,2 Yard Run,2nd & 4 at NO 30,10:21 4th,— C.Donaldson up the middle to NO 32 for 2 yards (M.Rice).
2026,PRESEASON WEEK 2,Saturday,August 22nd,NO,LAR,4th Quarter,2,New Orleans Saints,0,3,0,1 Yard Run,3rd & 2 at NO 32,09:43 4th Shotgun,— S.Rattler scrambles up the middle to NO 33 for 1 yard (J.Moi).
2026,PRESEASON WEEK 2,Saturday,August 22nd,NO,LAR,4th Quarter,2,New Orleans Saints,0,4,0,Timeout,,09:02 4th,— Timeout #1 by NO at 09:02.
2026,PRESEASON WEEK 2,Saturday,August 22nd,NO,LAR,4th Quarter,2,New Orleans Saints,0,5,0,-4 Yard Penalty,4th & 1 at NO 33,09:02 4th,"— C.Donaldson up the middle to NO 35 for 2 yards (A.Cook). PENALTY on NO, Illegal Formation, 4 yards, enforced at NO 33 - No Play."
2026,PRESEASON WEEK 2,Saturday,August 22nd,NO,LAR,4th Quarter,2,New Orleans Saints,0,6,0,Punt,4th & 5 at NO 29,08:55 4th,"— Ry.Wright punts 37 yards to LAR 34, Center-Z.Wood, out of bounds."
2026,PRESEASON WEEK 2,Saturday,August 22nd,NO,LAR,4th Quarter,3,Los Angeles Rams,1,1,0,7 Yard Run,1st & 10 at LAR 34,08:47 4th,— J.Hunter up the middle to LAR 41 for 7 yards (T.Hall).
2026,PRESEASON WEEK 2,Saturday,August 22nd,NO,LAR,4th Quarter,3,Los Angeles Rams,1,2,0,Pass Incomplete,2nd & 3 at LAR 41,08:08 4th Shotgun,— T.Simpson pass incomplete short right to B.Presley.
2026,PRESEASON WEEK 2,Saturday,August 22nd,NO,LAR,4th Quarter,3,Los Angeles Rams,1,3,0,5 Yard Run,3rd & 3 at LAR 41,08:05 4th Shotgun,— J.Hunter left end to LAR 46 for 5 yards (B.Taylor). NO-B.Taylor was injured during the play.
2026,PRESEASON WEEK 2,Saturday,August 22nd,NO,LAR,4th Quarter,3,Los Angeles Rams,1,4,0,3 Yard Run,1st & 10 at LAR 46,07:27 4th,— J.Hunter right guard to LAR 49 for 3 yards (I.Yiadom; F.Diggs).
2026,PRESEASON WEEK 2,Saturday,August 22nd,NO,LAR,4th Quarter,3,Los Angeles Rams,1,5,0,3 Yard Pass,2nd & 7 at LAR 49,06:52 4th Shotgun,— T.Simpson pass short right to T.Edwards pushed ob at NO 48 for 3 yards (E.Davison).
2026,PRESEASON WEEK 2,Saturday,August 22nd,NO,LAR,4th Quarter,3,Los Angeles Rams,1,6,0,24 Yard Pass,3rd & 4 at NO 48,06:15 4th Shotgun,— T.Simpson pass short right to D.Villari pushed ob at NO 24 for 24 yards (J.Sirmon).
2026,PRESEASON WEEK 2,Saturday,August 22nd,NO,LAR,4th Quarter,3,Los Angeles Rams,1,7,0,4 Yard Pass,1st & 10 at NO 24,05:37 4th Shotgun,— T.Simpson pass short middle to J.Waters to NO 20 for 4 yards (J.Sirmon).
2026,PRESEASON WEEK 2,Saturday,August 22nd,NO,LAR,4th Quarter,3,Los Angeles Rams,1,8,0,5 Yard Pass,2nd & 6 at NO 20,04:58 4th,— T.Simpson pass short right to B.Presley to NO 15 for 5 yards (E.Davison).
2026,PRESEASON WEEK 2,Saturday,August 22nd,NO,LAR,4th Quarter,3,Los Angeles Rams,1,9,0,3 Yard Run,3rd & 1 at NO 15,04:34 4th No Huddle,— J.Waters up the middle to NO 12 for 3 yards (M.Cole; E.Davison).
2026,PRESEASON WEEK 2,Saturday,August 22nd,NO,LAR,4th Quarter,3,Los Angeles Rams,1,10,0,Pass Incomplete,1st & 10 at NO 12,03:51 4th Shotgun,— T.Simpson pass incomplete short right to D.Villari.
2026,PRESEASON WEEK 2,Saturday,August 22nd,NO,LAR,4th Quarter,3,Los Angeles Rams,1,11,1,Touchdown,2nd & 10 at NO 12,03:48 4th,"— J.Hunter left guard for 12 yards, TOUCHDOWN."
2026,PRESEASON WEEK 2,Saturday,August 22nd,NO,LAR,4th Quarter,3,Los Angeles Rams,1,12,1,Extra Point,,03:41 4th,"— H.Mevis extra point is GOOD, Center-J.Cardona, Holder-E.Evans."
2026,PRESEASON WEEK 2,Saturday,August 22nd,NO,LAR,4th Quarter,4,New Orleans Saints,0,1,0,Kickoff from LAR 35,,Kickoff,"— H.Mevis kicks 65 yards from LAR 35 to end zone, Touchback to the NO 35."
2026,PRESEASON WEEK 2,Saturday,August 22nd,NO,LAR,4th Quarter,4,New Orleans Saints,0,2,0,7 Yard Pass,1st & 10 at NO 35,03:41 4th Shotgun,— S.Rattler pass short left to C.Hardy to NO 42 for 7 yards (A.Hamilton).
2026,PRESEASON WEEK 2,Saturday,August 22nd,NO,LAR,4th Quarter,4,New Orleans Saints,0,3,0,10 Yard Pass,2nd & 3 at NO 42,"03:17 4th No Huddle, Shotgun",— S.Rattler pass short middle to T.Chandler to LAR 48 for 10 yards (C.Lampkin; N.Hill-Green) [W.Bailey].
2026,PRESEASON WEEK 2,Saturday,August 22nd,NO,LAR,4th Quarter,4,New Orleans Saints,0,4,0,5 Yard Run,1st & 10 at LAR 48,"02:51 4th No Huddle, Shotgun",— S.Rattler scrambles up the middle to LAR 43 for 5 yards (M.Rice).
2026,PRESEASON WEEK 2,Saturday,August 22nd,NO,LAR,4th Quarter,4,New Orleans Saints,0,5,0,5 Yard Run,2nd & 5 at LAR 43,"02:30 4th No Huddle, Shotgun",— T.Chandler up the middle to LAR 38 for 5 yards (B.Norton; D.Peterson).
2026,PRESEASON WEEK 2,Saturday,August 22nd,NO,LAR,4th Quarter,4,New Orleans Saints,0,6,0,Pass Incomplete,1st & 10 at LAR 38,"02:05 4th No Huddle, Shotgun",— S.Rattler pass incomplete short right to T.Chandler (N.Hill-Green).
2026,PRESEASON WEEK 2,Saturday,August 22nd,NO,LAR,4th Quarter,4,New Orleans Saints,0,7,0,5 Yard Pass,2nd & 10 at LAR 38,01:59 4th Shotgun,— S.Rattler pass short left to B.Rechsteiner to LAR 33 for 5 yards (A.Hamilton).
2026,PRESEASON WEEK 2,Saturday,August 22nd,NO,LAR,4th Quarter,4,New Orleans Saints,0,8,0,2 Yard Pass,3rd & 5 at LAR 33,"01:31 4th No Huddle, Shotgun",— S.Rattler pass short left to T.Welch pushed ob at LAR 31 for 2 yards (N.Valcarcel).
2026,PRESEASON WEEK 2,Saturday,August 22nd,NO,LAR,4th Quarter,4,New Orleans Saints,0,9,0,6 Yard Run,4th & 3 at LAR 31,"01:02 4th No Huddle, Shotgun",— S.Rattler scrambles right end ran ob at LAR 25 for 6 yards (N.Fourqurean).
2026,PRESEASON WEEK 2,Saturday,August 22nd,NO,LAR,4th Quarter,4,New Orleans Saints,0,10,0,Pass Incomplete,1st & 10 at LAR 25,00:54 4th Shotgun,— S.Rattler pass incomplete deep left to R.Bell.
2026,PRESEASON WEEK 2,Saturday,August 22nd,NO,LAR,4th Quarter,4,New Orleans Saints,0,11,0,5 Yard Pass,2nd & 10 at LAR 25,00:49 4th Shotgun,— S.Rattler pass short right to C.Donaldson to LAR 20 for 5 yards (T.Fox).
2026,PRESEASON WEEK 2,Saturday,August 22nd,NO,LAR,4th Quarter,4,New Orleans Saints,0,12,0,Timeout,,00:42 4th,— Timeout #2 by NO at 00:42.
2026,PRESEASON WEEK 2,Saturday,August 22nd,NO,LAR,4th Quarter,4,New Orleans Saints,0,13,0,Pass Incomplete,3rd & 5 at LAR 20,00:42 4th Shotgun,— S.Rattler pass incomplete short right to R.Bell.
2026,PRESEASON WEEK 2,Saturday,August 22nd,NO,LAR,4th Quarter,4,New Orleans Saints,0,14,0,Field Goal No Good,4th & 5 at LAR 20,00:37 4th,"— T.Brown 39 yard field goal is No Good, Wide Right, Center-Z.Wood, Holder-Ry.Wright."
2026,PRESEASON WEEK 2,Saturday,August 22nd,NO,LAR,4th Quarter,5,Los Angeles Rams,0,1,0,-1 Yard Run,1st & 10 at LAR 29,00:32 4th,— T.Simpson kneels to LAR 28 for -1 yards.
2026,PRESEASON WEEK 2,Saturday,August 22nd,NYG,MIA,1st Quarter,1,Miami Dolphins,0,1,0,Kickoff from NYG 35,,Kickoff,— D.Zvada kicks 61 yards from NYG 35 to MIA 4. J.Wright pushed ob at MIA 37 for 33 yards (D.Muasau).
2026,PRESEASON WEEK 2,Saturday,August 22nd,NYG,MIA,1st Quarter,1,Miami Dolphins,0,2,0,0 Yard Run,1st & 10 at MIA 37,14:54 1st,— J.Wright up the middle to MIA 37 for no gain (C.Golston; A.Reese).
2026,PRESEASON WEEK 2,Saturday,August 22nd,NYG,MIA,1st Quarter,1,Miami Dolphins,0,3,0,Pass Incomplete,2nd & 10 at MIA 37,14:14 1st,— C.Miller pass incomplete short right to K.Coleman (G.Newsome).
2026,PRESEASON WEEK 2,Saturday,August 22nd,NYG,MIA,1st Quarter,1,Miami Dolphins,0,4,0,Pass Incomplete,3rd & 10 at MIA 37,14:08 1st Shotgun,— C.Miller pass incomplete deep middle to K.Coleman (T.Nubin).
2026,PRESEASON WEEK 2,Saturday,August 22nd,NYG,MIA,1st Quarter,1,Miami Dolphins,0,5,0,Punt,4th & 10 at MIA 37,14:04 1st,"— B.Pinion punts 57 yards to NYG 6, Center-T.Addington. C.Austin ran ob at NYG 17 for 11 yards (D.Herman)."
2026,PRESEASON WEEK 2,Saturday,August 22nd,NYG,MIA,1st Quarter,2,New York Giants,1,1,0,6 Yard Pass,1st & 10 at NYG 17,13:54 1st Shotgun,— J.Winston pass short right to D.Slayton pushed ob at NYG 23 for 6 yards (E.Bonner).
2026,PRESEASON WEEK 2,Saturday,August 22nd,NYG,MIA,1st Quarter,2,New York Giants,1,2,0,-1 Yard Run,2nd & 4 at NYG 23,13:29 1st,— D.Singletary right tackle to NYG 22 for -1 yards (K.Cooper).
2026,PRESEASON WEEK 2,Saturday,August 22nd,NYG,MIA,1st Quarter,2,New York Giants,1,3,0,29 Yard Pass,3rd & 5 at NYG 22,12:45 1st Shotgun,— J.Winston pass short middle to D.Slayton to MIA 49 for 29 yards (J.Rodriguez; J.Marshall).
2026,PRESEASON WEEK 2,Saturday,August 22nd,NYG,MIA,1st Quarter,2,New York Giants,1,4,0,12 Yard Pass,1st & 10 at MIA 49,12:02 1st Shotgun,— J.Winston pass short left to T.Johnson to MIA 37 for 12 yards (K.Louis; J.Marshall).
2026,PRESEASON WEEK 2,Saturday,August 22nd,NYG,MIA,1st Quarter,2,New York Giants,1,5,0,21 Yard Run,1st & 10 at MIA 37,11:24 1st,— C.Austin left end to MIA 16 for 21 yards (J.Rodriguez).
2026,PRESEASON WEEK 2,Saturday,August 22nd,NYG,MIA,1st Quarter,2,New York Giants,1,6,0,5 Yard Run,1st & 10 at MIA 16,10:46 1st,— D.Singletary right guard to MIA 11 for 5 yards (C.Johnson).
2026,PRESEASON WEEK 2,Saturday,August 22nd,NYG,MIA,1st Quarter,2,New York Giants,1,7,0,Pass Incomplete,2nd & 5 at MIA 11,10:05 1st,— J.Winston pass incomplete short left to C.Manhertz [T.Moore]. MIA-T.Moore was injured during the play.
2026,PRESEASON WEEK 2,Saturday,August 22nd,NYG,MIA,1st Quarter,2,New York Giants,1,8,1,Touchdown,3rd & 5 at MIA 11,09:59 1st Shotgun,"— J.Winston scrambles right tackle for 11 yards, TOUCHDOWN."
2026,PRESEASON WEEK 2,Saturday,August 22nd,NYG,MIA,1st Quarter,2,New York Giants,1,9,1,Extra Point,,09:50 1st,"— D.Zvada extra point is GOOD, Center-B.Mann, Holder-J.Stout."
2026,PRESEASON WEEK 2,Saturday,August 22nd,NYG,MIA,1st Quarter,3,Miami Dolphins,0,1,0,Kickoff from NYG 35,,Kickoff,— D.Zvada kicks 63 yards from NYG 35 to MIA 2. J.Wright pushed ob at MIA 25 for 23 yards (K.Black).
2026,PRESEASON WEEK 2,Saturday,August 22nd,NYG,MIA,1st Quarter,3,Miami Dolphins,0,2,0,10 Yard Pass,1st & 10 at MIA 25,09:44 1st,— C.Miller pass short right to O.Gordon to MIA 35 for 10 yards (L.Fotu).
2026,PRESEASON WEEK 2,Saturday,August 22nd,NYG,MIA,1st Quarter,3,Miami Dolphins,0,3,0,4 Yard Run,1st & 10 at MIA 35,09:02 1st Shotgun,— O.Gordon up the middle to MIA 39 for 4 yards (L.Fotu).
2026,PRESEASON WEEK 2,Saturday,August 22nd,NYG,MIA,1st Quarter,3,Miami Dolphins,0,4,0,1 Yard Run,2nd & 6 at MIA 39,08:24 1st,— T.Atwell left end pushed ob at MIA 40 for 1 yard (G.Newsome).
2026,PRESEASON WEEK 2,Saturday,August 22nd,NYG,MIA,1st Quarter,3,Miami Dolphins,0,5,0,30 Yard Pass,3rd & 5 at MIA 40,07:53 1st Shotgun,"— C.Miller pass deep right to K.Coleman to NYG 30 for 30 yards (A.Phillips) [D.Alexander]. Penalty on NYG-A.Phillips, Defensive Pass Interference, declined."
2026,PRESEASON WEEK 2,Saturday,August 22nd,NYG,MIA,1st Quarter,3,Miami Dolphins,0,6,0,-3 Yard Sack,1st & 10 at NYG 30,07:19 1st,— C.Miller sacked at NYG 33 for -3 yards (B.Jamison-Travis).
2026,PRESEASON WEEK 2,Saturday,August 22nd,NYG,MIA,1st Quarter,3,Miami Dolphins,0,7,0,2 Yard Pass,2nd & 13 at NYG 33,06:42 1st Shotgun,"— C.Miller pass short right to K.Coleman to NYG 32 for 1 yard (A.Phillips). FUMBLES (A.Phillips), and recovers at NYG 31."
2026,PRESEASON WEEK 2,Saturday,August 22nd,NYG,MIA,1st Quarter,3,Miami Dolphins,0,8,0,Fumble,3rd & 11 at NYG 31,06:01 1st Shotgun,"— J.Wright up the middle to NYG 32 for -1 yards (A.Phillips). FUMBLES (A.Phillips), touched at NYG 33, RECOVERED by NYG-M.McFadden at NYG 36."
2026,PRESEASON WEEK 2,Saturday,August 22nd,NYG,MIA,1st Quarter,4,New York Giants,0,1,0,2 Yard Run,1st & 10 at NYG 36,05:52 1st,— T.Tracy right tackle to NYG 38 for 2 yards (K.Cooper; M.Wilson).
2026,PRESEASON WEEK 2,Saturday,August 22nd,NYG,MIA,1st Quarter,4,New York Giants,0,2,0,4 Yard Pass,2nd & 8 at NYG 38,05:10 1st,— J.Winston pass short left to T.Tracy to NYG 42 for 4 yards (J.Woodard).
2026,PRESEASON WEEK 2,Saturday,August 22nd,NYG,MIA,1st Quarter,4,New York Giants,0,3,0,Pass Incomplete,3rd & 4 at NYG 42,04:23 1st Shotgun,— J.Winston pass incomplete short left to T.Conner.
2026,PRESEASON WEEK 2,Saturday,August 22nd,NYG,MIA,1st Quarter,4,New York Giants,0,4,0,Punt,4th & 4 at NYG 42,04:18 1st,"— J.Stout punts 46 yards to MIA 12, Center-B.Mann. K.Coleman to MIA 14 for 2 yards (T.Nubin). PENALTY on MIA-E.Bonner, Offensive Holding, 6 yards, enforced at MIA 12."
2026,PRESEASON WEEK 2,Saturday,August 22nd,NYG,MIA,1st Quarter,5,Miami Dolphins,0,1,0,1 Yard Run,1st & 10 at MIA 6,04:08 1st,— J.Wright up the middle to MIA 7 for 1 yard (A.Washington).
2026,PRESEASON WEEK 2,Saturday,August 22nd,NYG,MIA,1st Quarter,5,Miami Dolphins,0,2,0,-6 Yard Sack,2nd & 9 at MIA 7,03:27 1st Shotgun,— C.Miller sacked at MIA 1 for -6 yards (Z.Pickens).
2026,PRESEASON WEEK 2,Saturday,August 22nd,NYG,MIA,1st Quarter,5,Miami Dolphins,0,3,0,Pass Incomplete,3rd & 15 at MIA 1,02:44 1st Shotgun,— C.Miller pass incomplete short right to T.Atwell.
2026,PRESEASON WEEK 2,Saturday,August 22nd,NYG,MIA,1st Quarter,5,Miami Dolphins,0,4,0,Punt,4th & 15 at MIA 1,02:39 1st,"— B.Pinion punts 56 yards to NYG 43, Center-T.Addington. C.Austin ran ob at MIA 39 for 18 yards (J.Woodard)."
2026,PRESEASON WEEK 2,Saturday,August 22nd,NYG,MIA,1st Quarter,6,New York Giants,0,1,0,Pass Incomplete,1st & 10 at MIA 39,02:28 1st Shotgun,— J.Winston pass incomplete deep middle to D.Slayton.
2026,PRESEASON WEEK 2,Saturday,August 22nd,NYG,MIA,1st Quarter,6,New York Giants,0,2,0,11 Yard Run,2nd & 10 at MIA 39,02:24 1st Shotgun,— T.Tracy right guard to MIA 28 for 11 yards (D.Trader).
2026,PRESEASON WEEK 2,Saturday,August 22nd,NYG,MIA,1st Quarter,6,New York Giants,0,3,0,12 Yard Run,1st & 10 at MIA 28,01:48 1st,— T.Tracy left guard to MIA 16 for 12 yards (M.Taaffe).
2026,PRESEASON WEEK 2,Saturday,August 22nd,NYG,MIA,1st Quarter,6,New York Giants,0,4,0,6 Yard Pass,1st & 10 at MIA 16,01:09 1st,— J.Winston pass short left to T.Fidone to MIA 10 for 6 yards (W.Gay).
2026,PRESEASON WEEK 2,Saturday,August 22nd,NYG,MIA,1st Quarter,6,New York Giants,0,5,0,Fumble,2nd & 4 at MIA 10,00:28 1st,"— T.Tracy right guard to MIA 12 for -2 yards. FUMBLES, RECOVERED by MIA-J.Woodard at MIA 11."
2026,PRESEASON WEEK 2,Saturday,August 22nd,NYG,MIA,2nd Quarter,1,Miami Dolphins,0,1,0,Pass Incomplete,1st & 10 at MIA 11,00:23 1st,"— C.Miller pass incomplete short middle to T.Atwell (D.Banks, C.Golston)."
2026,PRESEASON WEEK 2,Saturday,August 22nd,NYG,MIA,2nd Quarter,1,Miami Dolphins,0,2,0,4 Yard Run,2nd & 10 at MIA 11,00:19 1st,— J.Wright up the middle to MIA 15 for 4 yards (D.Banks; C.Murphy).
2026,PRESEASON WEEK 2,Saturday,August 22nd,NYG,MIA,2nd Quarter,1,Miami Dolphins,0,3,0,Pass Incomplete,3rd & 6 at MIA 15,15:00 2nd Shotgun,— C.Miller pass incomplete short middle to K.Coleman (D.Banks).
2026,PRESEASON WEEK 2,Saturday,August 22nd,NYG,MIA,2nd Quarter,1,Miami Dolphins,0,4,0,Punt,4th & 6 at MIA 15,14:56 2nd,"— B.Pinion punts 15 yards to MIA 30, Center-T.Addington, out of bounds."
2026,PRESEASON WEEK 2,Saturday,August 22nd,NYG,MIA,2nd Quarter,2,New York Giants,1,1,0,1 Yard Run,1st & 10 at MIA 30,14:49 2nd,— T.Tracy left tackle to MIA 29 for 1 yard (F.Mulbah; K.Cooper).
2026,PRESEASON WEEK 2,Saturday,August 22nd,NYG,MIA,2nd Quarter,2,New York Giants,1,2,0,4 Yard Pass,2nd & 9 at MIA 29,14:09 2nd Shotgun,— J.Winston pass short left to C.Austin to MIA 25 for 4 yards (E.Bonner).
2026,PRESEASON WEEK 2,Saturday,August 22nd,NYG,MIA,2nd Quarter,2,New York Giants,1,3,0,Pass Incomplete,3rd & 5 at MIA 25,13:26 2nd Shotgun,"— J.Winston pass incomplete deep middle to O.Beckham (M.Wilson) [D.Ojabo]. Penalty on NYG-C.Austin, Offensive Pass Interference, declined."
2026,PRESEASON WEEK 2,Saturday,August 22nd,NYG,MIA,2nd Quarter,2,New York Giants,1,4,1,Field Goal,4th & 5 at MIA 25,13:17 2nd,"— D.Zvada 43 yard field goal is GOOD, Center-B.Mann, Holder-J.Stout."
2026,PRESEASON WEEK 2,Saturday,August 22nd,NYG,MIA,2nd Quarter,3,Miami Dolphins,0,1,0,Kickoff from NYG 35,,Kickoff,"— D.Zvada kicks 63 yards from NYG 35 to MIA 2. J.Reagor pushed ob at MIA 30 for 28 yards (U.Amadi). PENALTY on MIA-L.Johnson, Offensive Holding, 10 yards, enforced at MIA 30."
2026,PRESEASON WEEK 2,Saturday,August 22nd,NYG,MIA,2nd Quarter,3,Miami Dolphins,0,2,0,-9 Yard Run,1st & 10 at MIA 20,13:08 2nd,"— O.Gordon up the middle to MIA 37 for 17 yards (T.Nubin). PENALTY on MIA-C.Heck, Offensive Holding, 10 yards, enforced at MIA 21."
2026,PRESEASON WEEK 2,Saturday,August 22nd,NYG,MIA,2nd Quarter,3,Miami Dolphins,0,3,0,2 Yard Run,1st & 19 at MIA 11,13:00 2nd,— O.Gordon left tackle to MIA 13 for 2 yards (T.Ford; Z.Pickens).
2026,PRESEASON WEEK 2,Saturday,August 22nd,NYG,MIA,2nd Quarter,3,Miami Dolphins,0,4,0,3 Yard Pass,2nd & 17 at MIA 13,12:18 2nd Shotgun,— C.Miller pass short right to W.Kacmarek to MIA 16 for 3 yards (T.Nubin).
2026,PRESEASON WEEK 2,Saturday,August 22nd,NYG,MIA,2nd Quarter,3,Miami Dolphins,0,5,0,12 Yard Pass,3rd & 14 at MIA 16,11:37 2nd Shotgun,— C.Miller pass short right to T.Washington to MIA 28 for 12 yards (P.Adebo).
2026,PRESEASON WEEK 2,Saturday,August 22nd,NYG,MIA,2nd Quarter,3,Miami Dolphins,0,6,0,Punt,4th & 2 at MIA 28,10:52 2nd,"— B.Pinion punts 43 yards to NYG 29, Center-T.Addington, fair catch by X.Gipson."
2026,PRESEASON WEEK 2,Saturday,August 22nd,NYG,MIA,2nd Quarter,4,New York Giants,1,1,0,4 Yard Pass,1st & 10 at NYG 29,10:44 2nd,— J.Winston pass short left to D.Singletary pushed ob at NYG 33 for 4 yards (W.Gay).
2026,PRESEASON WEEK 2,Saturday,August 22nd,NYG,MIA,2nd Quarter,4,New York Giants,1,2,0,5 Yard Run,2nd & 6 at NYG 33,10:12 2nd,— D.Singletary up the middle to NYG 38 for 5 yards (E.Bonner; C.Riley).
2026,PRESEASON WEEK 2,Saturday,August 22nd,NYG,MIA,2nd Quarter,4,New York Giants,1,3,0,2 Yard Run,3rd & 1 at NYG 38,09:26 2nd,— D.Singletary up the middle to NYG 40 for 2 yards (W.Gay).
2026,PRESEASON WEEK 2,Saturday,August 22nd,NYG,MIA,2nd Quarter,4,New York Giants,1,4,0,19 Yard Pass,1st & 10 at NYG 40,08:45 2nd Shotgun,— J.Winston pass deep middle to D.Slayton to MIA 41 for 19 yards (M.Wilson).
2026,PRESEASON WEEK 2,Saturday,August 22nd,NYG,MIA,2nd Quarter,4,New York Giants,1,5,0,8 Yard Run,1st & 10 at MIA 41,08:06 2nd,— D.Singletary left guard to MIA 33 for 8 yards (D.Trader).
2026,PRESEASON WEEK 2,Saturday,August 22nd,NYG,MIA,2nd Quarter,4,New York Giants,1,6,0,7 Yard Run,2nd & 2 at MIA 33,07:26 2nd,— D.Singletary up the middle to MIA 26 for 7 yards (F.Mulbah; M.Wilson).
2026,PRESEASON WEEK 2,Saturday,August 22nd,NYG,MIA,2nd Quarter,4,New York Giants,1,7,0,12 Yard Pass,1st & 10 at MIA 26,06:42 2nd,— J.Winston pass short left to O.Beckham to MIA 14 for 12 yards (J.Woodard).
2026,PRESEASON WEEK 2,Saturday,August 22nd,NYG,MIA,2nd Quarter,4,New York Giants,1,8,0,1 Yard Run,1st & 10 at MIA 14,05:56 2nd Shotgun,— D.Singletary up the middle to MIA 13 for 1 yard (J.Woodard; C.Goode).
2026,PRESEASON WEEK 2,Saturday,August 22nd,NYG,MIA,2nd Quarter,4,New York Giants,1,9,1,Touchdown,2nd & 9 at MIA 13,05:13 2nd,"— D.Singletary right end for 13 yards, TOUCHDOWN."
2026,PRESEASON WEEK 2,Saturday,August 22nd,NYG,MIA,2nd Quarter,4,New York Giants,1,10,1,Extra Point,,05:06 2nd,"— D.Zvada extra point is GOOD, Center-B.Mann, Holder-J.Stout."
2026,PRESEASON WEEK 2,Saturday,August 22nd,NYG,MIA,2nd Quarter,5,Miami Dolphins,1,1,0,Kickoff from NYG 35,,Kickoff,— D.Zvada kicks 57 yards from NYG 35 to MIA 8. J.Reagor pushed ob at MIA 37 for 29 yards (E.Campbell).
2026,PRESEASON WEEK 2,Saturday,August 22nd,NYG,MIA,2nd Quarter,5,Miami Dolphins,1,2,0,3 Yard Pass,1st & 10 at MIA 37,05:01 2nd,— C.Miller pass short left to S.Traore to MIA 40 for 3 yards (N.Jones).
2026,PRESEASON WEEK 2,Saturday,August 22nd,NYG,MIA,2nd Quarter,5,Miami Dolphins,1,3,0,1 Yard Run,2nd & 7 at MIA 40,04:21 2nd,— C.Miller scrambles right end ran ob at MIA 41 for 1 yard (J.Kelly).
2026,PRESEASON WEEK 2,Saturday,August 22nd,NYG,MIA,2nd Quarter,5,Miami Dolphins,1,4,0,17 Yard Run,3rd & 6 at MIA 41,03:45 2nd Shotgun,— C.Miller scrambles up the middle to NYG 42 for 17 yards (J.Pinnock).
2026,PRESEASON WEEK 2,Saturday,August 22nd,NYG,MIA,2nd Quarter,5,Miami Dolphins,1,5,0,1 Yard Run,1st & 10 at NYG 42,03:02 2nd,— O.Gordon left tackle to NYG 41 for 1 yard (D.Banks). MIA-O.Gordon was injured during the play.
2026,PRESEASON WEEK 2,Saturday,August 22nd,NYG,MIA,2nd Quarter,5,Miami Dolphins,1,6,0,5 Yard Run,2nd & 9 at NYG 41,02:32 2nd,— J.Wright right tackle to NYG 36 for 5 yards (Z.Pickens).
2026,PRESEASON WEEK 2,Saturday,August 22nd,NYG,MIA,2nd Quarter,5,Miami Dolphins,1,7,0,1 Yard Run,3rd & 4 at NYG 36,02:00 2nd Shotgun,— J.Wright right guard to NYG 35 for 1 yard (C.Murphy).
2026,PRESEASON WEEK 2,Saturday,August 22nd,NYG,MIA,2nd Quarter,5,Miami Dolphins,1,8,1,Field Goal,4th & 3 at NYG 35,01:17 2nd,"— R.Patterson 53 yard field goal is GOOD, Center-T.Addington, Holder-B.Pinion."
2026,PRESEASON WEEK 2,Saturday,August 22nd,NYG,MIA,2nd Quarter,6,New York Giants,1,1,0,Kickoff from MIA 35,,Kickoff,— R.Patterson kicks 64 yards from MIA 35 to NYG 1. X.Gipson to NYG 32 for 31 yards (C.Turner).
2026,PRESEASON WEEK 2,Saturday,August 22nd,NYG,MIA,2nd Quarter,6,New York Giants,1,2,0,4 Yard Pass,1st & 10 at NYG 32,01:07 2nd Shotgun,— J.Winston pass short left to D.Slayton to NYG 36 for 4 yards (C.Riley).
2026,PRESEASON WEEK 2,Saturday,August 22nd,NYG,MIA,2nd Quarter,6,New York Giants,1,3,0,10 Yard Pass,2nd & 6 at NYG 36,"00:46 2nd No Huddle, Shotgun",— J.Winston pass short middle to T.Tracy to NYG 46 for 10 yards (L.Johnson).
2026,PRESEASON WEEK 2,Saturday,August 22nd,NYG,MIA,2nd Quarter,6,New York Giants,1,4,0,Timeout,,00:41 2nd,— Timeout #1 by NYG at 00:41.
2026,PRESEASON WEEK 2,Saturday,August 22nd,NYG,MIA,2nd Quarter,6,New York Giants,1,5,0,7 Yard Pass,1st & 10 at NYG 46,00:41 2nd Shotgun,— J.Winston pass short left to T.Conner pushed ob at MIA 47 for 7 yards (C.Riley).
2026,PRESEASON WEEK 2,Saturday,August 22nd,NYG,MIA,2nd Quarter,6,New York Giants,1,6,0,9 Yard Penalty,2nd & 3 at MIA 47,00:38 2nd Shotgun,"— J.Winston pass incomplete short right to O.Beckham. PENALTY on MIA-A.Green, Defensive Pass Interference, 9 yards, enforced at MIA 47 - No Play."
2026,PRESEASON WEEK 2,Saturday,August 22nd,NYG,MIA,2nd Quarter,6,New York Giants,1,7,0,1 Yard Run,1st & 10 at MIA 38,00:34 2nd Shotgun,— T.Tracy up the middle to MIA 37 for 1 yard (K.Cooper; R.McGraw).
2026,PRESEASON WEEK 2,Saturday,August 22nd,NYG,MIA,2nd Quarter,6,New York Giants,1,8,0,Timeout,,00:31 2nd,— Timeout #2 by NYG at 00:31.
2026,PRESEASON WEEK 2,Saturday,August 22nd,NYG,MIA,2nd Quarter,6,New York Giants,1,9,0,Pass Incomplete,2nd & 9 at MIA 37,00:31 2nd Shotgun,— J.Winston pass incomplete short right to D.Slayton.
2026,PRESEASON WEEK 2,Saturday,August 22nd,NYG,MIA,2nd Quarter,6,New York Giants,1,10,0,-5 Yard Penalty,3rd & 9 at MIA 37,00:27 2nd Shotgun,"— PENALTY on NYG, Delay of Game, 5 yards, enforced at MIA 37 - No Play."
2026,PRESEASON WEEK 2,Saturday,August 22nd,NYG,MIA,2nd Quarter,6,New York Giants,1,11,0,20 Yard Pass,3rd & 14 at MIA 42,00:27 2nd Shotgun,— J.Winston pass short right to C.Austin to MIA 22 for 20 yards (S.Coleman).
2026,PRESEASON WEEK 2,Saturday,August 22nd,NYG,MIA,2nd Quarter,6,New York Giants,1,12,0,Timeout,,00:19 2nd,— Timeout #3 by NYG at 00:19.
2026,PRESEASON WEEK 2,Saturday,August 22nd,NYG,MIA,2nd Quarter,6,New York Giants,1,13,0,8 Yard Pass,1st & 10 at MIA 22,00:19 2nd Shotgun,— J.Winston pass short left to T.Tracy pushed ob at MIA 14 for 8 yards (C.Riley).
2026,PRESEASON WEEK 2,Saturday,August 22nd,NYG,MIA,2nd Quarter,6,New York Giants,1,14,0,Pass Incomplete,2nd & 2 at MIA 14,00:14 2nd Shotgun,— J.Winston pass incomplete short middle to O.Beckham.
2026,PRESEASON WEEK 2,Saturday,August 22nd,NYG,MIA,2nd Quarter,6,New York Giants,1,15,0,Timeout,,00:09 2nd,— Timeout #1 by MIA at 00:09.
2026,PRESEASON WEEK 2,Saturday,August 22nd,NYG,MIA,2nd Quarter,6,New York Giants,1,16,0,5 Yard Pass,3rd & 2 at MIA 14,00:09 2nd Shotgun,— J.Winston pass short left to O.Beckham ran ob at MIA 9 for 5 yards.
2026,PRESEASON WEEK 2,Saturday,August 22nd,NYG,MIA,2nd Quarter,6,New York Giants,1,17,1,Field Goal,1st & 14 at MIA 14,00:05 2nd,"— D.Zvada 32 yard field goal is GOOD, Center-B.Mann, Holder-J.Stout."
2026,PRESEASON WEEK 2,Saturday,August 22nd,NYG,MIA,3rd Quarter,1,New York Giants,0,1,0,Kickoff from MIA 35,,Kickoff,— R.Patterson kicks 62 yards from MIA 35 to NYG 3. D.Bankston to NYG 32 for 29 yards (M.Battle; A.Henning).
2026,PRESEASON WEEK 2,Saturday,August 22nd,NYG,MIA,3rd Quarter,1,New York Giants,0,2,0,-2 Yard Pass,1st & 10 at NYG 32,14:54 3rd,— B.Allen pass short right to E.Gray to NYG 30 for -2 yards (W.Gay).
2026,PRESEASON WEEK 2,Saturday,August 22nd,NYG,MIA,3rd Quarter,1,New York Giants,0,3,0,9 Yard Pass,2nd & 12 at NYG 30,14:11 3rd Shotgun,— B.Allen pass short right to E.Gray to NYG 39 for 9 yards (C.Riley).
2026,PRESEASON WEEK 2,Saturday,August 22nd,NYG,MIA,3rd Quarter,1,New York Giants,0,4,0,10 Yard Pass,3rd & 3 at NYG 39,13:25 3rd Shotgun,— B.Allen pass short right to E.Gray to NYG 49 for 10 yards (D.Trader) [A.Huntley].
2026,PRESEASON WEEK 2,Saturday,August 22nd,NYG,MIA,3rd Quarter,1,New York Giants,0,5,0,2 Yard Run,1st & 10 at NYG 49,"12:44 3rd No Huddle, Shotgun",— E.Gray right tackle to MIA 49 for 2 yards (R.McGraw).
2026,PRESEASON WEEK 2,Saturday,August 22nd,NYG,MIA,3rd Quarter,1,New York Giants,0,6,0,-9 Yard Sack,2nd & 8 at MIA 49,12:08 3rd,— B.Allen sacked at NYG 42 for -9 yards (sack split by S.Coleman and C.Rice).
2026,PRESEASON WEEK 2,Saturday,August 22nd,NYG,MIA,3rd Quarter,1,New York Giants,0,7,0,11 Yard Pass,3rd & 17 at NYG 42,11:27 3rd Shotgun,— B.Allen pass short left to X.Gipson to MIA 47 for 11 yards (A.Green).
2026,PRESEASON WEEK 2,Saturday,August 22nd,NYG,MIA,3rd Quarter,1,New York Giants,0,8,0,Punt,4th & 6 at MIA 47,10:53 3rd,"— J.Stout punts 36 yards to MIA 11, Center-B.Mann, fair catch by T.Atwell."
2026,PRESEASON WEEK 2,Saturday,August 22nd,NYG,MIA,3rd Quarter,2,Miami Dolphins,0,1,0,-5 Yard Penalty,1st & 10 at MIA 11,10:46 3rd,"— PENALTY on MIA-C.Heck, False Start, 5 yards, enforced at MIA 11 - No Play."
2026,PRESEASON WEEK 2,Saturday,August 22nd,NYG,MIA,3rd Quarter,2,Miami Dolphins,0,2,0,Pass Incomplete,1st & 15 at MIA 6,10:46 3rd,— M.Gronowski pass incomplete short right.
2026,PRESEASON WEEK 2,Saturday,August 22nd,NYG,MIA,3rd Quarter,2,Miami Dolphins,0,3,0,0 Yard Run,2nd & 15 at MIA 6,10:39 3rd Shotgun,"— C.Washington left end to MIA 16 for 10 yards (N.Jones). PENALTY on MIA-J.Tolbert, Offensive Holding, 5 yards, enforced at MIA 11."
2026,PRESEASON WEEK 2,Saturday,August 22nd,NYG,MIA,3rd Quarter,2,Miami Dolphins,0,4,0,0 Yard Run,2nd & 15 at MIA 6,10:24 3rd,— C.Washington up the middle to MIA 6 for no gain (C.Murphy).
2026,PRESEASON WEEK 2,Saturday,August 22nd,NYG,MIA,3rd Quarter,2,Miami Dolphins,0,5,0,-5 Yard Pass,3rd & 15 at MIA 6,09:43 3rd Shotgun,— M.Gronowski pass short left to C.Washington to MIA 1 for -5 yards (Z.Barnes).
2026,PRESEASON WEEK 2,Saturday,August 22nd,NYG,MIA,3rd Quarter,2,Miami Dolphins,0,6,0,Punt,4th & 20 at MIA 1,08:59 3rd,"— B.Pinion punts 49 yards to 50, Center-T.Addington. X.Gipson to MIA 16 for 34 yards (B.Pinion). PENALTY on NYG-M.McFadden, Offensive Holding, 10 yards, enforced at MIA 37."
2026,PRESEASON WEEK 2,Saturday,August 22nd,NYG,MIA,3rd Quarter,3,New York Giants,1,1,0,1 Yard Run,1st & 10 at MIA 47,08:46 3rd,— E.Gray left guard to MIA 46 for 1 yard (C.Riley; S.Coleman).
2026,PRESEASON WEEK 2,Saturday,August 22nd,NYG,MIA,3rd Quarter,3,New York Giants,1,2,0,10 Yard Pass,2nd & 9 at MIA 46,08:07 3rd Shotgun,— B.Allen pass short left to E.Gray to MIA 36 for 10 yards (W.Gay; M.Battle) [C.Rice].
2026,PRESEASON WEEK 2,Saturday,August 22nd,NYG,MIA,3rd Quarter,3,New York Giants,1,3,0,5 Yard Pass,1st & 10 at MIA 36,07:24 3rd,— B.Allen pass short middle to E.Gray to MIA 31 for 5 yards (W.Gay) [C.Rice].
2026,PRESEASON WEEK 2,Saturday,August 22nd,NYG,MIA,3rd Quarter,3,New York Giants,1,4,0,7 Yard Run,2nd & 5 at MIA 31,06:45 3rd,— E.Gray left end to MIA 24 for 7 yards (A.Huntley).
2026,PRESEASON WEEK 2,Saturday,August 22nd,NYG,MIA,3rd Quarter,3,New York Giants,1,5,0,8 Yard Pass,1st & 10 at MIA 24,06:07 3rd,— B.Allen pass short left to T.Fidone pushed ob at MIA 16 for 8 yards (A.Austin).
2026,PRESEASON WEEK 2,Saturday,August 22nd,NYG,MIA,3rd Quarter,3,New York Giants,1,6,0,3 Yard Run,2nd & 2 at MIA 16,05:38 3rd,— E.Gray up the middle to MIA 13 for 3 yards (S.Dix; A.Green).
2026,PRESEASON WEEK 2,Saturday,August 22nd,NYG,MIA,3rd Quarter,3,New York Giants,1,7,0,4 Yard Run,1st & 10 at MIA 13,05:00 3rd,— E.Gray right end to MIA 9 for 4 yards (C.Riley; L.Johnson).
2026,PRESEASON WEEK 2,Saturday,August 22nd,NYG,MIA,3rd Quarter,3,New York Giants,1,8,0,Pass Incomplete,2nd & 6 at MIA 9,04:13 3rd Shotgun,— B.Allen pass incomplete short right to E.Gray.
2026,PRESEASON WEEK 2,Saturday,August 22nd,NYG,MIA,3rd Quarter,3,New York Giants,1,9,0,Pass Incomplete,3rd & 6 at MIA 9,04:08 3rd Shotgun,— B.Allen pass incomplete short left to T.Fidone.
2026,PRESEASON WEEK 2,Saturday,August 22nd,NYG,MIA,3rd Quarter,3,New York Giants,1,10,1,Field Goal,4th & 6 at MIA 9,04:03 3rd,"— B.Sauls 27 yard field goal is GOOD, Center-B.Mann, Holder-J.Stout."
2026,PRESEASON WEEK 2,Saturday,August 22nd,NYG,MIA,3rd Quarter,4,Miami Dolphins,0,1,0,Kickoff from NYG 35,,Kickoff,— B.Sauls kicks 63 yards from NYG 35 to MIA 2. T.Atwell to MIA 29 for 27 yards (D.Cambre).
2026,PRESEASON WEEK 2,Saturday,August 22nd,NYG,MIA,3rd Quarter,4,Miami Dolphins,0,2,0,Pass Incomplete,1st & 10 at MIA 29,03:54 3rd Shotgun,— M.Gronowski pass incomplete short left to D.Herman (M.Davidson).
2026,PRESEASON WEEK 2,Saturday,August 22nd,NYG,MIA,3rd Quarter,4,Miami Dolphins,0,3,0,6 Yard Pass,2nd & 10 at MIA 29,03:50 3rd Shotgun,— M.Gronowski pass short left to A.Henning to MIA 35 for 6 yards (A.Green).
2026,PRESEASON WEEK 2,Saturday,August 22nd,NYG,MIA,3rd Quarter,4,Miami Dolphins,0,4,0,-10 Yard Run,3rd & 4 at MIA 35,03:10 3rd Shotgun,"— M.Gronowski FUMBLES (Aborted) at MIA 25, touched at MIA 25, and recovers at MIA 25."
2026,PRESEASON WEEK 2,Saturday,August 22nd,NYG,MIA,3rd Quarter,4,Miami Dolphins,0,5,0,Punt,4th & 19 at MIA 20,02:18 3rd,"— B.Pinion punts 48 yards to NYG 32, Center-T.Addington, fair catch by X.Gipson. PENALTY on NYG-B.Brade, Unnecessary Roughness, 15 yards, enforced at NYG 32."
2026,PRESEASON WEEK 2,Saturday,August 22nd,NYG,MIA,4th Quarter,1,New York Giants,1,1,0,Pass Incomplete,1st & 10 at NYG 17,02:12 3rd,— B.Allen pass incomplete short right.
2026,PRESEASON WEEK 2,Saturday,August 22nd,NYG,MIA,4th Quarter,1,New York Giants,1,2,0,2 Yard Pass,2nd & 10 at NYG 17,02:08 3rd Shotgun,— B.Allen pass short left to D.Bankston pushed ob at NYG 19 for 2 yards (M.Battle). NYG-J.Ezeudu was injured during the play.
2026,PRESEASON WEEK 2,Saturday,August 22nd,NYG,MIA,4th Quarter,1,New York Giants,1,3,0,9 Yard Penalty,3rd & 8 at NYG 19,01:45 3rd Shotgun,"— B.Allen pass incomplete short left to R.Miller. PENALTY on MIA-M.Battle, Defensive Pass Interference, 9 yards, enforced at NYG 19 - No Play. Penalty on MIA-M.Battle, Illegal Contact, declined."
2026,PRESEASON WEEK 2,Saturday,August 22nd,NYG,MIA,4th Quarter,1,New York Giants,1,4,0,17 Yard Pass,1st & 10 at NYG 28,01:39 3rd,— B.Allen pass deep middle to I.Hodgins to NYG 45 for 17 yards (L.Moore).
2026,PRESEASON WEEK 2,Saturday,August 22nd,NYG,MIA,4th Quarter,1,New York Giants,1,5,0,3 Yard Run,1st & 10 at NYG 45,01:06 3rd,— D.Bankston up the middle to NYG 48 for 3 yards (C.Riley; F.Mulbah).
2026,PRESEASON WEEK 2,Saturday,August 22nd,NYG,MIA,4th Quarter,1,New York Giants,1,6,0,Timeout,,00:20 3rd,— Timeout #1 by NYG at 00:20.
2026,PRESEASON WEEK 2,Saturday,August 22nd,NYG,MIA,4th Quarter,1,New York Giants,1,7,0,0 Yard Pass,2nd & 7 at NYG 48,00:20 3rd Shotgun,— B.Allen pass short right to D.Bankston to NYG 48 for no gain (K.Louis; A.Austin).
2026,PRESEASON WEEK 2,Saturday,August 22nd,NYG,MIA,4th Quarter,1,New York Giants,1,8,0,8 Yard Pass,3rd & 7 at NYG 48,15:00 4th Shotgun,— B.Allen pass short left to D.Cambre to MIA 44 for 8 yards (M.Battle).
2026,PRESEASON WEEK 2,Saturday,August 22nd,NYG,MIA,4th Quarter,1,New York Giants,1,9,0,-5 Yard Run,1st & 10 at MIA 44,14:23 4th,— D.Bankston right end to MIA 49 for -5 yards (C.Riley).
2026,PRESEASON WEEK 2,Saturday,August 22nd,NYG,MIA,4th Quarter,1,New York Giants,1,10,0,14 Yard Pass,2nd & 15 at MIA 49,13:39 4th Shotgun,— B.Allen pass short right to T.Fidone to MIA 35 for 14 yards (K.Louis).
2026,PRESEASON WEEK 2,Saturday,August 22nd,NYG,MIA,4th Quarter,1,New York Giants,1,11,0,3 Yard Run,3rd & 1 at MIA 35,13:00 4th,— D.Bankston up the middle to MIA 32 for 3 yards (C.Rice).
2026,PRESEASON WEEK 2,Saturday,August 22nd,NYG,MIA,4th Quarter,1,New York Giants,1,12,0,3 Yard Run,1st & 10 at MIA 32,12:23 4th Shotgun,— D.Bankston up the middle to MIA 29 for 3 yards (S.Dix; K.Louis).
2026,PRESEASON WEEK 2,Saturday,August 22nd,NYG,MIA,4th Quarter,1,New York Giants,1,13,0,-1 Yard Run,2nd & 7 at MIA 29,11:42 4th,"— D.Bankston right tackle to MIA 30 for -1 yards (M.Llewellyn, R.McGraw)."
2026,PRESEASON WEEK 2,Saturday,August 22nd,NYG,MIA,4th Quarter,1,New York Giants,1,14,0,9 Yard Pass,3rd & 8 at MIA 30,10:57 4th Shotgun,— B.Allen pass short right to D.Cambre to MIA 21 for 9 yards (S.Dix).
2026,PRESEASON WEEK 2,Saturday,August 22nd,NYG,MIA,4th Quarter,1,New York Giants,1,15,0,2 Yard Run,1st & 10 at MIA 21,10:17 4th,— E.Gray up the middle to MIA 19 for 2 yards (C.Riley).
2026,PRESEASON WEEK 2,Saturday,August 22nd,NYG,MIA,4th Quarter,1,New York Giants,1,16,0,Pass Incomplete,2nd & 8 at MIA 19,09:33 4th Shotgun,— B.Allen pass incomplete short middle to R.Miller (C.Rice).
2026,PRESEASON WEEK 2,Saturday,August 22nd,NYG,MIA,4th Quarter,1,New York Giants,1,17,0,Pass Incomplete,3rd & 8 at MIA 19,09:30 4th Shotgun,— B.Allen pass incomplete short left to E.Gray.
2026,PRESEASON WEEK 2,Saturday,August 22nd,NYG,MIA,4th Quarter,1,New York Giants,1,18,1,Field Goal,4th & 8 at MIA 19,09:27 4th,"— B.Sauls 37 yard field goal is GOOD, Center-B.Mann, Holder-J.Stout."
2026,PRESEASON WEEK 2,Saturday,August 22nd,NYG,MIA,4th Quarter,2,Miami Dolphins,0,1,0,Kickoff from NYG 35,,Kickoff,— B.Sauls kicks 58 yards from NYG 35 to MIA 7. A.Henning to MIA 24 for 17 yards (R.Layne).
2026,PRESEASON WEEK 2,Saturday,August 22nd,NYG,MIA,4th Quarter,2,Miami Dolphins,0,2,0,9 Yard Run,1st & 10 at MIA 24,09:19 4th Shotgun,— M.Gronowski right end to MIA 33 for 9 yards (B.Brade).
2026,PRESEASON WEEK 2,Saturday,August 22nd,NYG,MIA,4th Quarter,2,Miami Dolphins,0,3,0,0 Yard Run,2nd & 1 at MIA 33,08:47 4th Shotgun,— C.Washington left guard to MIA 33 for no gain (B.Barten; C.Murphy).
2026,PRESEASON WEEK 2,Saturday,August 22nd,NYG,MIA,4th Quarter,2,Miami Dolphins,0,4,0,Pass Incomplete,3rd & 1 at MIA 33,08:09 4th,— M.Gronowski pass incomplete deep right to J.Franklin.
2026,PRESEASON WEEK 2,Saturday,August 22nd,NYG,MIA,4th Quarter,2,Miami Dolphins,0,5,0,Punt,4th & 1 at MIA 33,08:01 4th,"— B.Pinion punts 50 yards to NYG 17, Center-T.Addington, fair catch by X.Gipson."
2026,PRESEASON WEEK 2,Saturday,August 22nd,NYG,MIA,4th Quarter,3,New York Giants,0,1,0,5 Yard Run,1st & 10 at NYG 17,07:53 4th,— E.Gray right guard to NYG 22 for 5 yards (R.McGraw).
2026,PRESEASON WEEK 2,Saturday,August 22nd,NYG,MIA,4th Quarter,3,New York Giants,0,2,0,3 Yard Run,2nd & 5 at NYG 22,07:19 4th Shotgun,— E.Gray up the middle to NYG 25 for 3 yards (F.Mulbah).
2026,PRESEASON WEEK 2,Saturday,August 22nd,NYG,MIA,4th Quarter,3,New York Giants,0,3,0,5 Yard Run,3rd & 2 at NYG 25,06:43 4th Shotgun,— E.Gray up the middle to NYG 30 for 5 yards (S.Coleman).
2026,PRESEASON WEEK 2,Saturday,August 22nd,NYG,MIA,4th Quarter,3,New York Giants,0,4,0,1 Yard Run,1st & 10 at NYG 30,06:12 4th,— E.Gray left guard to NYG 31 for 1 yard (L.Johnson).
2026,PRESEASON WEEK 2,Saturday,August 22nd,NYG,MIA,4th Quarter,3,New York Giants,0,5,0,1 Yard Pass,2nd & 9 at NYG 31,05:32 4th Shotgun,— J.Haener pass short right to T.Fidone to NYG 32 for 1 yard (A.Green).
2026,PRESEASON WEEK 2,Saturday,August 22nd,NYG,MIA,4th Quarter,3,New York Giants,0,6,0,9 Yard Pass,3rd & 8 at NYG 32,04:45 4th Shotgun,— J.Haener pass short left to D.Cambre to NYG 41 for 9 yards (L.Johnson).
2026,PRESEASON WEEK 2,Saturday,August 22nd,NYG,MIA,4th Quarter,3,New York Giants,0,7,0,2 Yard Run,1st & 10 at NYG 41,04:05 4th,— D.Bankston left tackle to NYG 43 for 2 yards (K.Louis; W.Gay).
2026,PRESEASON WEEK 2,Saturday,August 22nd,NYG,MIA,4th Quarter,3,New York Giants,0,8,0,0 Yard Run,2nd & 8 at NYG 43,03:23 4th,— D.Bankston left tackle to NYG 43 for no gain (J.Woodard).
2026,PRESEASON WEEK 2,Saturday,August 22nd,NYG,MIA,4th Quarter,3,New York Giants,0,9,0,5 Yard Pass,3rd & 8 at NYG 43,02:43 4th Shotgun,— J.Haener pass short right to E.Gray to NYG 48 for 5 yards (A.Austin; W.Gay).
2026,PRESEASON WEEK 2,Saturday,August 22nd,NYG,MIA,4th Quarter,3,New York Giants,0,10,0,Fumble,4th & 3 at NYG 48,02:00 4th,"— J.Stout punts 41 yards to MIA 11, Center-B.Mann. T.Washington MUFFS catch, RECOVERED by NYG-B.Brade at MIA 11."
2026,PRESEASON WEEK 2,Saturday,August 22nd,NYG,MIA,4th Quarter,4,New York Giants,0,1,0,-1 Yard Run,1st & 10 at MIA 11,01:49 4th,— J.Haener kneels to MIA 12 for -1 yards.
2026,PRESEASON WEEK 2,Saturday,August 22nd,NYG,MIA,4th Quarter,4,New York Giants,0,2,0,-1 Yard Run,2nd & 11 at MIA 12,01:08 4th,— J.Haener kneels to MIA 13 for -1 yards.
2026,PRESEASON WEEK 2,Saturday,August 22nd,NYG,MIA,4th Quarter,4,New York Giants,0,3,0,-1 Yard Run,3rd & 12 at MIA 13,00:38 4th,— J.Haener kneels to MIA 14 for -1 yards.
2026,PRESEASON WEEK 2,Saturday,August 22nd,CHI,CIN,1st Quarter,1,Chicago Bears,1,1,0,Kickoff from CIN 35,,Kickoff,"— E.McPherson kicks 42 yards from CIN 35 to CHI 23, short of landing zone. PENALTY on CIN-E.McPherson, Kickoff Short of Landing Zone, placed at CHI 40."
2026,PRESEASON WEEK 2,Saturday,August 22nd,CHI,CIN,1st Quarter,1,Chicago Bears,1,2,0,6 Yard Run,1st & 10 at CHI 40,15:00 1st,— R.Johnson right tackle to CHI 46 for 6 yards (M.Jackson; S.Bozeman).
2026,PRESEASON WEEK 2,Saturday,August 22nd,CHI,CIN,1st Quarter,1,Chicago Bears,1,3,0,18 Yard Pass,2nd & 4 at CHI 46,14:28 1st,— C.Williams pass short left to R.Odunze pushed ob at CIN 36 for 18 yards (J.Newton).
2026,PRESEASON WEEK 2,Saturday,August 22nd,CHI,CIN,1st Quarter,1,Chicago Bears,1,4,0,5 Yard Penalty,1st & 10 at CIN 36,13:59 1st,"— C.Williams pass short middle to R.Johnson to CIN 30 for 6 yards (S.Bozeman; P.Jules). PENALTY on CIN-P.Jules, Illegal Contact, 5 yards, enforced at CIN 36 - No Play."
2026,PRESEASON WEEK 2,Saturday,August 22nd,CHI,CIN,1st Quarter,1,Chicago Bears,1,5,0,4 Yard Run,1st & 10 at CIN 31,13:37 1st,— R.Johnson left tackle to CIN 27 for 4 yards (K.Jenkins; P.Jules).
2026,PRESEASON WEEK 2,Saturday,August 22nd,CHI,CIN,1st Quarter,1,Chicago Bears,1,6,0,10 Yard Pass,2nd & 6 at CIN 27,13:03 1st,— C.Williams pass short right to C.Loveland to CIN 17 for 10 yards (S.Heyward).
2026,PRESEASON WEEK 2,Saturday,August 22nd,CHI,CIN,1st Quarter,1,Chicago Bears,1,7,0,-10 Yard Penalty,1st & 10 at CIN 17,12:19 1st,"— R.Johnson right guard to CIN 7 for 10 yards (D.Anthony; I.Foskey). PENALTY on CHI-B.Jones, Offensive Holding, 10 yards, enforced at CIN 17 - No Play."
2026,PRESEASON WEEK 2,Saturday,August 22nd,CHI,CIN,1st Quarter,1,Chicago Bears,1,8,0,Pass Incomplete,1st & 20 at CIN 27,11:58 1st Shotgun,— C.Williams pass incomplete deep middle to C.Loveland.
2026,PRESEASON WEEK 2,Saturday,August 22nd,CHI,CIN,1st Quarter,1,Chicago Bears,1,9,0,Pass Incomplete,2nd & 20 at CIN 27,11:54 1st Shotgun,— C.Williams pass incomplete short left to C.Loveland (H.Cross).
2026,PRESEASON WEEK 2,Saturday,August 22nd,CHI,CIN,1st Quarter,1,Chicago Bears,1,10,0,Pass Incomplete,3rd & 20 at CIN 27,11:49 1st Shotgun,— C.Williams pass incomplete deep right to R.Odunze.
2026,PRESEASON WEEK 2,Saturday,August 22nd,CHI,CIN,1st Quarter,1,Chicago Bears,1,11,1,Field Goal,4th & 20 at CIN 27,11:45 1st,"— C.Santos 45 yard field goal is GOOD, Center-B.Gardner, Holder-T.Taylor."
2026,PRESEASON WEEK 2,Saturday,August 22nd,CHI,CIN,1st Quarter,2,Cincinnati Bengals,1,1,0,Kickoff from CHI 35,,Kickoff,— C.Santos kicks 63 yards from CHI 35 to CIN 2. T.Brooks to CIN 31 for 29 yards (D.Manning).
2026,PRESEASON WEEK 2,Saturday,August 22nd,CHI,CIN,1st Quarter,2,Cincinnati Bengals,1,2,0,9 Yard Pass,1st & 10 at CIN 31,11:35 1st Shotgun,— J.Johnson pass short right to D.Meyers to CIN 40 for 9 yards (D.Jackson).
2026,PRESEASON WEEK 2,Saturday,August 22nd,CHI,CIN,1st Quarter,2,Cincinnati Bengals,1,3,0,5 Yard Penalty,2nd & 1 at CIN 40,11:00 1st,"— T.Brooks left guard to CIN 40 for no gain (D.Jackson; K.Street). PENALTY on CHI-G.Dexter, Defensive Offside, 5 yards, enforced at CIN 40 - No Play."
2026,PRESEASON WEEK 2,Saturday,August 22nd,CHI,CIN,1st Quarter,2,Cincinnati Bengals,1,4,0,1 Yard Run,1st & 10 at CIN 45,10:29 1st,— T.Brooks left guard to CIN 46 for 1 yard (M.Sweat; D.Jackson).
2026,PRESEASON WEEK 2,Saturday,August 22nd,CHI,CIN,1st Quarter,2,Cincinnati Bengals,1,5,0,Pass Incomplete,2nd & 9 at CIN 46,09:55 1st Shotgun,— J.Johnson pass incomplete short left to C.Young.
2026,PRESEASON WEEK 2,Saturday,August 22nd,CHI,CIN,1st Quarter,2,Cincinnati Bengals,1,6,0,-5 Yard Penalty,3rd & 9 at CIN 46,09:50 1st Shotgun,"— PENALTY on CIN-J.Rivers, False Start, 5 yards, enforced at CIN 46 - No Play."
2026,PRESEASON WEEK 2,Saturday,August 22nd,CHI,CIN,1st Quarter,2,Cincinnati Bengals,1,7,0,18 Yard Pass,3rd & 14 at CIN 41,09:50 1st Shotgun,— J.Johnson pass deep left to C.Young pushed ob at CHI 41 for 18 yards (D.Manning).
2026,PRESEASON WEEK 2,Saturday,August 22nd,CHI,CIN,1st Quarter,2,Cincinnati Bengals,1,8,0,Pass Incomplete,1st & 10 at CHI 41,"09:32 1st No Huddle, Shotgun",— J.Johnson pass incomplete short middle to C.Young (D.Manning).
2026,PRESEASON WEEK 2,Saturday,August 22nd,CHI,CIN,1st Quarter,2,Cincinnati Bengals,1,9,0,Pass Incomplete,2nd & 10 at CHI 41,09:28 1st Shotgun,— J.Johnson pass incomplete short right to C.Young.
2026,PRESEASON WEEK 2,Saturday,August 22nd,CHI,CIN,1st Quarter,2,Cincinnati Bengals,1,10,0,14 Yard Pass,3rd & 10 at CHI 41,09:25 1st Shotgun,— J.Johnson pass short right to D.Meyers pushed ob at CHI 27 for 14 yards (M.Muhammad).
2026,PRESEASON WEEK 2,Saturday,August 22nd,CHI,CIN,1st Quarter,2,Cincinnati Bengals,1,11,0,4 Yard Pass,1st & 10 at CHI 27,08:52 1st,— J.Johnson pass short right to M.Tinsley pushed ob at CHI 23 for 4 yards (J.Johnson).
2026,PRESEASON WEEK 2,Saturday,August 22nd,CHI,CIN,1st Quarter,2,Cincinnati Bengals,1,12,0,4 Yard Run,2nd & 6 at CHI 23,08:23 1st Shotgun,— K.Milton right tackle to CHI 19 for 4 yards (D.Thieneman; D.Bush).
2026,PRESEASON WEEK 2,Saturday,August 22nd,CHI,CIN,1st Quarter,2,Cincinnati Bengals,1,13,0,7 Yard Run,3rd & 2 at CHI 19,07:44 1st Shotgun,— J.Johnson right end to CHI 12 for 7 yards (N.Gallimore).
2026,PRESEASON WEEK 2,Saturday,August 22nd,CHI,CIN,1st Quarter,2,Cincinnati Bengals,1,14,0,4 Yard Pass,1st & 10 at CHI 12,07:06 1st Shotgun,— J.Johnson pass short left to D.Meyers to CHI 8 for 4 yards (D.Manning).
2026,PRESEASON WEEK 2,Saturday,August 22nd,CHI,CIN,1st Quarter,2,Cincinnati Bengals,1,15,0,-5 Yard Penalty,2nd & 6 at CHI 8,06:27 1st Shotgun,"— PENALTY on CIN-C.Ford, False Start, 5 yards, enforced at CHI 8 - No Play."
2026,PRESEASON WEEK 2,Saturday,August 22nd,CHI,CIN,1st Quarter,2,Cincinnati Bengals,1,16,0,1 Yard Pass,2nd & 11 at CHI 13,06:10 1st Shotgun,— J.Johnson pass short right to T.Brooks to CHI 12 for 1 yard (D.Thieneman; D.Jackson).
2026,PRESEASON WEEK 2,Saturday,August 22nd,CHI,CIN,1st Quarter,2,Cincinnati Bengals,1,17,0,5 Yard Pass,3rd & 10 at CHI 12,05:24 1st Shotgun,— J.Johnson pass short left to D.Meyers to CHI 7 for 5 yards (C.Lewis).
2026,PRESEASON WEEK 2,Saturday,August 22nd,CHI,CIN,1st Quarter,2,Cincinnati Bengals,1,18,1,Field Goal,4th & 5 at CHI 7,04:43 1st,"— E.McPherson 25 yard field goal is GOOD, Center-W.Wagner, Holder-R.Rehkow."
2026,PRESEASON WEEK 2,Saturday,August 22nd,CHI,CIN,1st Quarter,3,Chicago Bears,0,1,0,Kickoff from CIN 35,,Kickoff,— E.McPherson kicks 65 yards from CIN 35 to CHI 0. K.Davis to CHI 29 for 29 yards (S.Heyward; C.Johnson).
2026,PRESEASON WEEK 2,Saturday,August 22nd,CHI,CIN,1st Quarter,3,Chicago Bears,0,2,0,1 Yard Run,1st & 10 at CHI 29,04:34 1st,— R.Johnson right guard to CHI 30 for 1 yard (S.Heyward).
2026,PRESEASON WEEK 2,Saturday,August 22nd,CHI,CIN,1st Quarter,3,Chicago Bears,0,3,0,14 Yard Pass,2nd & 9 at CHI 30,04:01 1st Shotgun,— C.Keenum pass short left to J.Richardson ran ob at CHI 44 for 14 yards (J.Newton).
2026,PRESEASON WEEK 2,Saturday,August 22nd,CHI,CIN,1st Quarter,3,Chicago Bears,0,4,0,1 Yard Pass,1st & 10 at CHI 44,03:31 1st,— C.Keenum pass short right to R.Johnson pushed ob at CHI 45 for 1 yard (I.Foskey).
2026,PRESEASON WEEK 2,Saturday,August 22nd,CHI,CIN,1st Quarter,3,Chicago Bears,0,5,0,-10 Yard Penalty,2nd & 9 at CHI 45,02:56 1st Shotgun,"— R.Johnson up the middle to CHI 49 for 4 yards (S.Heyward; I.Foskey). PENALTY on CHI-C.Barnett, Offensive Holding, 10 yards, enforced at CHI 45 - No Play."
2026,PRESEASON WEEK 2,Saturday,August 22nd,CHI,CIN,1st Quarter,3,Chicago Bears,0,6,0,8 Yard Pass,2nd & 19 at CHI 35,02:41 1st Shotgun,— C.Keenum pass short right to S.Ahmed to CHI 43 for 8 yards (S.Heyward).
2026,PRESEASON WEEK 2,Saturday,August 22nd,CHI,CIN,1st Quarter,3,Chicago Bears,0,7,0,-5 Yard Penalty,3rd & 11 at CHI 43,01:55 1st Shotgun,"— PENALTY on CHI-J.Walker, False Start, 5 yards, enforced at CHI 43 - No Play."
2026,PRESEASON WEEK 2,Saturday,August 22nd,CHI,CIN,1st Quarter,3,Chicago Bears,0,8,0,Pass Incomplete,3rd & 16 at CHI 38,01:43 1st Shotgun,— C.Keenum pass incomplete deep right to J.Walker.
2026,PRESEASON WEEK 2,Saturday,August 22nd,CHI,CIN,1st Quarter,3,Chicago Bears,0,9,0,Punt,4th & 16 at CHI 38,01:38 1st,"— T.Taylor punts 62 yards to end zone, Center-B.Gardner, Touchback."
2026,PRESEASON WEEK 2,Saturday,August 22nd,CHI,CIN,1st Quarter,4,Cincinnati Bengals,0,1,0,9 Yard Run,1st & 10 at CIN 20,01:30 1st,— D.Meyers right end to CIN 29 for 9 yards (X.Woods).
2026,PRESEASON WEEK 2,Saturday,August 22nd,CHI,CIN,1st Quarter,4,Cincinnati Bengals,0,2,0,-9 Yard Penalty,2nd & 1 at CIN 29,00:50 1st Shotgun,"— T.Brooks right tackle to CIN 34 for 5 yards (A.Johnson). PENALTY on CIN-C.Ford, Offensive Holding, 9 yards, enforced at CIN 29 - No Play."
2026,PRESEASON WEEK 2,Saturday,August 22nd,CHI,CIN,1st Quarter,4,Cincinnati Bengals,0,3,0,Pass Incomplete,2nd & 10 at CIN 20,00:33 1st Shotgun,— J.Johnson pass incomplete deep left to T.Hudson.
2026,PRESEASON WEEK 2,Saturday,August 22nd,CHI,CIN,1st Quarter,4,Cincinnati Bengals,0,4,0,Pass Incomplete,3rd & 10 at CIN 20,00:26 1st Shotgun,— J.Johnson pass incomplete deep left to M.Tinsley [D.Odeyingbo].
2026,PRESEASON WEEK 2,Saturday,August 22nd,CHI,CIN,1st Quarter,4,Cincinnati Bengals,0,5,0,Punt,4th & 10 at CIN 20,00:20 1st,"— R.Rehkow punts 50 yards to CHI 30, Center-W.Wagner. K.Davis to CHI 42 for 12 yards (L.Anderson)."
2026,PRESEASON WEEK 2,Saturday,August 22nd,CHI,CIN,2nd Quarter,1,Chicago Bears,1,1,0,26 Yard Pass,1st & 10 at CHI 42,00:08 1st,— C.Keenum pass short left to S.Roush pushed ob at CIN 32 for 26 yards (S.Bozeman).
2026,PRESEASON WEEK 2,Saturday,August 22nd,CHI,CIN,2nd Quarter,1,Chicago Bears,1,2,0,4 Yard Run,1st & 10 at CIN 32,15:00 2nd,— R.Johnson left tackle to CIN 28 for 4 yards (S.Bozeman).
2026,PRESEASON WEEK 2,Saturday,August 22nd,CHI,CIN,2nd Quarter,1,Chicago Bears,1,3,0,2 Yard Run,2nd & 6 at CIN 28,14:29 2nd,— R.Johnson right tackle to CIN 26 for 2 yards (M.Jackson).
2026,PRESEASON WEEK 2,Saturday,August 22nd,CHI,CIN,2nd Quarter,1,Chicago Bears,1,4,0,6 Yard Run,3rd & 4 at CIN 26,13:51 2nd Shotgun,— R.Johnson up the middle to CIN 20 for 6 yards (C.Johnson; I.Foskey).
2026,PRESEASON WEEK 2,Saturday,August 22nd,CHI,CIN,2nd Quarter,1,Chicago Bears,1,5,0,4 Yard Pass,1st & 10 at CIN 20,13:16 2nd Shotgun,— C.Keenum pass short right to S.Roush to CIN 16 for 4 yards (T.Davis).
2026,PRESEASON WEEK 2,Saturday,August 22nd,CHI,CIN,2nd Quarter,1,Chicago Bears,1,6,0,8 Yard Run,2nd & 6 at CIN 16,12:31 2nd,— R.Johnson up the middle to CIN 8 for 8 yards (T.Davis).
2026,PRESEASON WEEK 2,Saturday,August 22nd,CHI,CIN,2nd Quarter,1,Chicago Bears,1,7,0,Pass Incomplete,1st & 8 at CIN 8,11:51 2nd Shotgun,— C.Keenum pass incomplete short right to J.Richardson (L.Robinson).
2026,PRESEASON WEEK 2,Saturday,August 22nd,CHI,CIN,2nd Quarter,1,Chicago Bears,1,8,0,0 Yard Run,2nd & 8 at CIN 8,11:48 2nd,— R.Johnson left guard to CIN 8 for no gain (S.Bozeman; S.Heyward).
2026,PRESEASON WEEK 2,Saturday,August 22nd,CHI,CIN,2nd Quarter,1,Chicago Bears,1,9,0,Pass Incomplete,3rd & 8 at CIN 8,11:08 2nd Shotgun,— C.Keenum pass incomplete short left to S.Roush.
2026,PRESEASON WEEK 2,Saturday,August 22nd,CHI,CIN,2nd Quarter,1,Chicago Bears,1,10,1,Field Goal,4th & 8 at CIN 8,11:03 2nd,"— C.Santos 26 yard field goal is GOOD, Center-B.Gardner, Holder-T.Taylor."
2026,PRESEASON WEEK 2,Saturday,August 22nd,CHI,CIN,2nd Quarter,2,Cincinnati Bengals,0,1,0,Kickoff from CHI 35,,Kickoff,— C.Santos kicks 63 yards from CHI 35 to CIN 2. D.Meyers to CIN 31 for 29 yards (D.Hardy).
2026,PRESEASON WEEK 2,Saturday,August 22nd,CHI,CIN,2nd Quarter,2,Cincinnati Bengals,0,2,0,Pass Incomplete,1st & 10 at CIN 31,10:54 2nd,— J.Johnson pass incomplete short left to D.Meyers.
2026,PRESEASON WEEK 2,Saturday,August 22nd,CHI,CIN,2nd Quarter,2,Cincinnati Bengals,0,3,0,5 Yard Run,2nd & 10 at CIN 31,10:51 2nd Shotgun,— T.Brooks right guard to CIN 36 for 5 yards (N.Gallimore; J.van den Berg).
2026,PRESEASON WEEK 2,Saturday,August 22nd,CHI,CIN,2nd Quarter,2,Cincinnati Bengals,0,4,0,Pass Incomplete,3rd & 5 at CIN 36,10:15 2nd Shotgun,— J.Johnson pass incomplete short left to C.Young (J.Blackwell).
2026,PRESEASON WEEK 2,Saturday,August 22nd,CHI,CIN,2nd Quarter,2,Cincinnati Bengals,0,5,0,Punt,4th & 5 at CIN 36,10:12 2nd,"— R.Rehkow punts 49 yards to CHI 15, Center-W.Wagner. K.Davis MUFFS catch, and recovers at CHI 18. K.Davis to CHI 17 for -1 yards (T.Brooks)."
2026,PRESEASON WEEK 2,Saturday,August 22nd,CHI,CIN,2nd Quarter,3,Chicago Bears,0,1,0,36 Yard Pass,1st & 10 at CHI 17,10:02 2nd Shotgun,— C.Keenum pass deep left to J.Walker to CIN 47 for 36 yards (P.Jules).
2026,PRESEASON WEEK 2,Saturday,August 22nd,CHI,CIN,2nd Quarter,3,Chicago Bears,0,2,0,7 Yard Pass,1st & 10 at CIN 47,09:22 2nd,— C.Keenum pass short left to S.Ahmed pushed ob at CIN 40 for 7 yards (S.Heyward).
2026,PRESEASON WEEK 2,Saturday,August 22nd,CHI,CIN,2nd Quarter,3,Chicago Bears,0,3,0,-10 Yard Penalty,2nd & 3 at CIN 40,08:52 2nd,"— C.Keenum pass incomplete short left (I.Foskey). PENALTY on CHI-J.Wills, Offensive Holding, 10 yards, enforced at CIN 40 - No Play."
2026,PRESEASON WEEK 2,Saturday,August 22nd,CHI,CIN,2nd Quarter,3,Chicago Bears,0,4,0,9 Yard Run,2nd & 13 at 50,08:40 2nd Shotgun,— S.Ahmed up the middle to CIN 41 for 9 yards (P.Jules; S.Heyward).
2026,PRESEASON WEEK 2,Saturday,August 22nd,CHI,CIN,2nd Quarter,3,Chicago Bears,0,5,0,Pass Incomplete,3rd & 4 at CIN 41,08:02 2nd Shotgun,— C.Keenum pass incomplete short left to S.Ahmed.
2026,PRESEASON WEEK 2,Saturday,August 22nd,CHI,CIN,2nd Quarter,3,Chicago Bears,0,6,0,Pass Incomplete,4th & 4 at CIN 41,07:59 2nd Shotgun,— C.Keenum pass incomplete short right to J.Richardson (J.Taylor).
2026,PRESEASON WEEK 2,Saturday,August 22nd,CHI,CIN,2nd Quarter,4,Cincinnati Bengals,1,1,0,0 Yard Run,1st & 10 at CIN 41,07:54 2nd,— G.Brightwell left end to CIN 41 for no gain (J.van den Berg).
2026,PRESEASON WEEK 2,Saturday,August 22nd,CHI,CIN,2nd Quarter,4,Cincinnati Bengals,1,2,0,11 Yard Pass,2nd & 10 at CIN 41,07:13 2nd Shotgun,— J.Johnson pass short left to T.Hudson to CHI 48 for 11 yards (X.Woods).
2026,PRESEASON WEEK 2,Saturday,August 22nd,CHI,CIN,2nd Quarter,4,Cincinnati Bengals,1,3,0,9 Yard Pass,1st & 10 at CHI 48,06:36 2nd,— J.Johnson pass short right to Cha.Jones ran ob at CHI 39 for 9 yards (D.Manning).
2026,PRESEASON WEEK 2,Saturday,August 22nd,CHI,CIN,2nd Quarter,4,Cincinnati Bengals,1,4,0,17 Yard Pass,2nd & 1 at CHI 39,06:01 2nd,— J.Johnson pass deep right to M.Tinsley to CHI 22 for 17 yards (D.Manning) [Ne.Sewell].
2026,PRESEASON WEEK 2,Saturday,August 22nd,CHI,CIN,2nd Quarter,4,Cincinnati Bengals,1,5,0,Pass Incomplete,1st & 10 at CHI 22,05:19 2nd Shotgun,— J.Johnson pass incomplete deep right to C.Young (D.Manning).
2026,PRESEASON WEEK 2,Saturday,August 22nd,CHI,CIN,2nd Quarter,4,Cincinnati Bengals,1,6,0,5 Yard Run,2nd & 10 at CHI 22,05:14 2nd Shotgun,— K.Milton left guard to CHI 17 for 5 yards (R.Hyppolite).
2026,PRESEASON WEEK 2,Saturday,August 22nd,CHI,CIN,2nd Quarter,4,Cincinnati Bengals,1,7,1,Touchdown,3rd & 5 at CHI 17,04:30 2nd Shotgun,"— J.Johnson pass deep right to C.Young for 17 yards, TOUCHDOWN."
2026,PRESEASON WEEK 2,Saturday,August 22nd,CHI,CIN,2nd Quarter,4,Cincinnati Bengals,1,8,1,Extra Point,,04:25 2nd,"— E.McPherson extra point is GOOD, Center-W.Wagner, Holder-R.Rehkow."
2026,PRESEASON WEEK 2,Saturday,August 22nd,CHI,CIN,2nd Quarter,5,Chicago Bears,0,1,0,Kickoff from CIN 35,,Kickoff,"— E.McPherson kicks 67 yards from CIN 35 to CHI -2. J.Richardson MUFFS catch, and recovers at CHI -2. J.Richardson to CHI 14 for 16 yards (P.Jules). PENALTY on CHI-Q.Ismail, Illegal Block Above the Waist, 6 yards, enforced at CHI 12."
2026,PRESEASON WEEK 2,Saturday,August 22nd,CHI,CIN,2nd Quarter,5,Chicago Bears,0,2,0,7 Yard Run,1st & 10 at CHI 6,04:21 2nd,— R.Johnson left tackle to CHI 13 for 7 yards (M.Jackson; L.Anderson).
2026,PRESEASON WEEK 2,Saturday,August 22nd,CHI,CIN,2nd Quarter,5,Chicago Bears,0,3,0,2 Yard Run,2nd & 3 at CHI 13,03:43 2nd,— R.Johnson up the middle to CHI 15 for 2 yards (H.Cross; J.Giles-Harris).
2026,PRESEASON WEEK 2,Saturday,August 22nd,CHI,CIN,2nd Quarter,5,Chicago Bears,0,4,0,0 Yard Run,3rd & 1 at CHI 15,03:04 2nd,— R.Johnson right guard to CHI 15 for no gain (T.Davis). (Virtual Measurement).
2026,PRESEASON WEEK 2,Saturday,August 22nd,CHI,CIN,2nd Quarter,5,Chicago Bears,0,5,0,2 Yard Run,4th & 1 at CHI 15,02:30 2nd,— R.Johnson right tackle to CHI 17 for 2 yards (J.Giles-Harris).
2026,PRESEASON WEEK 2,Saturday,August 22nd,CHI,CIN,2nd Quarter,5,Chicago Bears,0,6,0,2 Yard Run,1st & 10 at CHI 17,02:00 2nd Shotgun,— S.Ahmed right end to CHI 19 for 2 yards (T.Davis; L.Anderson).
2026,PRESEASON WEEK 2,Saturday,August 22nd,CHI,CIN,2nd Quarter,5,Chicago Bears,0,7,0,Pass Incomplete,2nd & 8 at CHI 19,"01:40 2nd No Huddle, Shotgun",— C.Keenum pass incomplete deep right to K.Davis.
2026,PRESEASON WEEK 2,Saturday,August 22nd,CHI,CIN,2nd Quarter,5,Chicago Bears,0,8,0,Pass Incomplete,3rd & 8 at CHI 19,01:35 2nd Shotgun,— C.Keenum pass incomplete short right to J.Richardson.
2026,PRESEASON WEEK 2,Saturday,August 22nd,CHI,CIN,2nd Quarter,5,Chicago Bears,0,9,0,Punt,4th & 8 at CHI 19,01:31 2nd,"— T.Taylor punts 53 yards to CIN 28, Center-B.Gardner. D.Meyers to CIN 37 for 9 yards (S.Ahmed; J.Sanborn)."
2026,PRESEASON WEEK 2,Saturday,August 22nd,CHI,CIN,2nd Quarter,6,Cincinnati Bengals,1,1,0,13 Yard Pass,1st & 10 at CIN 37,01:21 2nd Shotgun,— J.Johnson pass short right to C.Young to 50 for 13 yards (R.Hyppolite; D.Manning).
2026,PRESEASON WEEK 2,Saturday,August 22nd,CHI,CIN,2nd Quarter,6,Cincinnati Bengals,1,2,0,19 Yard Pass,1st & 10 at 50,"00:59 2nd No Huddle, Shotgun",— J.Johnson pass short right to T.Brooks ran ob at CHI 31 for 19 yards (A.Johnson).
2026,PRESEASON WEEK 2,Saturday,August 22nd,CHI,CIN,2nd Quarter,6,Cincinnati Bengals,1,3,0,10 Yard Run,1st & 10 at CHI 31,00:52 2nd Shotgun,— T.Brooks left guard to CHI 21 for 10 yards (Ne.Sewell; R.Hyppolite). CHI-Ne.Sewell was injured during the play.
2026,PRESEASON WEEK 2,Saturday,August 22nd,CHI,CIN,2nd Quarter,6,Cincinnati Bengals,1,4,0,Timeout,,00:36 2nd,— Timeout #1 by CHI at 00:36.
2026,PRESEASON WEEK 2,Saturday,August 22nd,CHI,CIN,2nd Quarter,6,Cincinnati Bengals,1,5,0,9 Yard Pass,1st & 10 at CHI 21,00:36 2nd Shotgun,— J.Johnson pass short right to D.Meyers to CHI 12 for 9 yards (S.Thomas).
2026,PRESEASON WEEK 2,Saturday,August 22nd,CHI,CIN,2nd Quarter,6,Cincinnati Bengals,1,6,0,Timeout,,00:32 2nd,— Timeout #1 by CIN at 00:32.
2026,PRESEASON WEEK 2,Saturday,August 22nd,CHI,CIN,2nd Quarter,6,Cincinnati Bengals,1,7,0,6 Yard Penalty,2nd & 1 at CHI 12,00:32 2nd Shotgun,"— J.Johnson sacked at CHI 18 for -6 yards (sack split by J.Kromah and D.Hardy). PENALTY on CHI-J.Blackwell, Defensive Holding, 6 yards, enforced at CHI 12 - No Play."
2026,PRESEASON WEEK 2,Saturday,August 22nd,CHI,CIN,2nd Quarter,6,Cincinnati Bengals,1,8,1,Touchdown,1st & 6 at CHI 6,00:26 2nd Shotgun,"— J.Johnson pass short left to T.Hudson for 6 yards, TOUCHDOWN."
2026,PRESEASON WEEK 2,Saturday,August 22nd,CHI,CIN,2nd Quarter,6,Cincinnati Bengals,1,9,1,Extra Point,,00:23 2nd,"— E.McPherson extra point is GOOD, Center-W.Wagner, Holder-R.Rehkow."
2026,PRESEASON WEEK 2,Saturday,August 22nd,CHI,CIN,2nd Quarter,7,Chicago Bears,1,1,0,Kickoff from CIN 35,,Kickoff,"— E.McPherson kicks 65 yards from CIN 35 to end zone, Touchback to the CHI 35."
2026,PRESEASON WEEK 2,Saturday,August 22nd,CHI,CIN,2nd Quarter,7,Chicago Bears,1,2,0,16 Yard Run,1st & 10 at CHI 35,00:23 2nd Shotgun,— S.Ahmed right guard to CIN 49 for 16 yards (P.Jules).
2026,PRESEASON WEEK 2,Saturday,August 22nd,CHI,CIN,2nd Quarter,7,Chicago Bears,1,3,0,Timeout,,00:17 2nd,— Timeout #2 by CHI at 00:17.
2026,PRESEASON WEEK 2,Saturday,August 22nd,CHI,CIN,2nd Quarter,7,Chicago Bears,1,4,0,4 Yard Pass,1st & 10 at CIN 49,00:17 2nd Shotgun,— C.Keenum pass short left to J.Richardson to CIN 45 for 4 yards (L.Anderson).
2026,PRESEASON WEEK 2,Saturday,August 22nd,CHI,CIN,2nd Quarter,7,Chicago Bears,1,5,0,Timeout,,00:12 2nd,— Timeout #3 by CHI at 00:12.
2026,PRESEASON WEEK 2,Saturday,August 22nd,CHI,CIN,2nd Quarter,7,Chicago Bears,1,6,0,19 Yard Pass,2nd & 6 at CIN 45,00:12 2nd Shotgun,— C.Keenum pass short middle to J.Richardson to CIN 26 for 19 yards (R.Yeast).
2026,PRESEASON WEEK 2,Saturday,August 22nd,CHI,CIN,2nd Quarter,7,Chicago Bears,1,7,0,Pass Incomplete,1st & 10 at CIN 26,00:02 2nd No Huddle,— C.Keenum spiked the ball to stop the clock.
2026,PRESEASON WEEK 2,Saturday,August 22nd,CHI,CIN,2nd Quarter,7,Chicago Bears,1,8,1,Field Goal,2nd & 10 at CIN 26,00:01 2nd,"— C.Santos 44 yard field goal is GOOD, Center-B.Gardner, Holder-T.Taylor."
2026,PRESEASON WEEK 2,Saturday,August 22nd,CHI,CIN,3rd Quarter,1,Cincinnati Bengals,1,1,0,Kickoff from CHI 35,,Kickoff,— C.Santos kicks 60 yards from CHI 35 to CIN 5. D.Meyers to CIN 30 for 25 yards (W.Matthews).
2026,PRESEASON WEEK 2,Saturday,August 22nd,CHI,CIN,3rd Quarter,1,Cincinnati Bengals,1,2,0,11 Yard Pass,1st & 10 at CIN 30,14:55 3rd Shotgun,— S.Clifford pass short middle to K.Williams to CIN 41 for 11 yards (W.Matthews).
2026,PRESEASON WEEK 2,Saturday,August 22nd,CHI,CIN,3rd Quarter,1,Cincinnati Bengals,1,3,0,26 Yard Pass,1st & 10 at CIN 41,14:18 3rd,— S.Clifford pass deep right to Cha.Jones pushed ob at CHI 33 for 26 yards (S.Thomas).
2026,PRESEASON WEEK 2,Saturday,August 22nd,CHI,CIN,3rd Quarter,1,Cincinnati Bengals,1,4,0,-5 Yard Penalty,1st & 10 at CHI 33,13:43 3rd,"— PENALTY on CIN-B.Parker, False Start, 5 yards, enforced at CHI 33 - No Play."
2026,PRESEASON WEEK 2,Saturday,August 22nd,CHI,CIN,3rd Quarter,1,Cincinnati Bengals,1,5,0,Pass Incomplete,1st & 15 at CHI 38,13:22 3rd Shotgun,— S.Clifford pass incomplete short middle to Cha.Jones (D.Manning).
2026,PRESEASON WEEK 2,Saturday,August 22nd,CHI,CIN,3rd Quarter,1,Cincinnati Bengals,1,6,0,5 Yard Run,2nd & 15 at CHI 38,13:18 3rd Shotgun,— S.Clifford scrambles right end ran ob at CHI 33 for 5 yards (R.Hyppolite).
2026,PRESEASON WEEK 2,Saturday,August 22nd,CHI,CIN,3rd Quarter,1,Cincinnati Bengals,1,7,0,13 Yard Pass,3rd & 10 at CHI 33,12:45 3rd Shotgun,— S.Clifford pass short left to K.Williams to CHI 20 for 13 yards (D.Hardy).
2026,PRESEASON WEEK 2,Saturday,August 22nd,CHI,CIN,3rd Quarter,1,Cincinnati Bengals,1,8,1,Touchdown,1st & 10 at CHI 20,12:02 3rd Shotgun,"— S.Clifford pass deep right to N.Thomas for 20 yards, TOUCHDOWN."
2026,PRESEASON WEEK 2,Saturday,August 22nd,CHI,CIN,3rd Quarter,1,Cincinnati Bengals,1,9,1,Extra Point,,11:57 3rd,"— E.McPherson extra point is GOOD, Center-W.Wagner, Holder-R.Rehkow."
2026,PRESEASON WEEK 2,Saturday,August 22nd,CHI,CIN,3rd Quarter,2,Chicago Bears,0,1,0,Kickoff from CIN 35,,Kickoff,"— E.McPherson kicks 65 yards from CIN 35 to landing zone to end zone, Touchback to the CHI 20."
2026,PRESEASON WEEK 2,Saturday,August 22nd,CHI,CIN,3rd Quarter,2,Chicago Bears,0,2,0,7 Yard Run,1st & 10 at CHI 20,11:57 3rd,— S.Ahmed right guard to CHI 27 for 7 yards (P.Jules).
2026,PRESEASON WEEK 2,Saturday,August 22nd,CHI,CIN,3rd Quarter,2,Chicago Bears,0,3,0,Pass Incomplete,2nd & 3 at CHI 27,11:23 3rd,— M.Moss pass incomplete short left to S.Ahmed.
2026,PRESEASON WEEK 2,Saturday,August 22nd,CHI,CIN,3rd Quarter,2,Chicago Bears,0,4,0,-12 Yard Sack,3rd & 3 at CHI 27,11:18 3rd Shotgun,— M.Moss sacked at CHI 15 for -12 yards (L.Robinson).
2026,PRESEASON WEEK 2,Saturday,August 22nd,CHI,CIN,3rd Quarter,2,Chicago Bears,0,5,0,Punt,4th & 15 at CHI 15,10:42 3rd,"— T.Taylor punts 63 yards to CIN 22, Center-B.Gardner. D.Meyers ran ob at CIN 47 for 25 yards (B.Gardner)."
2026,PRESEASON WEEK 2,Saturday,August 22nd,CHI,CIN,3rd Quarter,3,Cincinnati Bengals,0,1,0,-2 Yard Run,1st & 10 at CIN 47,10:29 3rd,— K.Bullock left guard to CIN 45 for -2 yards (D.Hardy).
2026,PRESEASON WEEK 2,Saturday,August 22nd,CHI,CIN,3rd Quarter,3,Cincinnati Bengals,0,2,0,7 Yard Pass,2nd & 12 at CIN 45,09:47 3rd Shotgun,— S.Clifford pass short right to J.Endries to CHI 48 for 7 yards (W.Matthews; B.Bishop).
2026,PRESEASON WEEK 2,Saturday,August 22nd,CHI,CIN,3rd Quarter,3,Cincinnati Bengals,0,3,0,Pass Incomplete,3rd & 5 at CHI 48,08:57 3rd Shotgun,— S.Clifford pass incomplete short right to Cha.Jones (D.Prince) [J.Martin].
2026,PRESEASON WEEK 2,Saturday,August 22nd,CHI,CIN,3rd Quarter,3,Cincinnati Bengals,0,4,0,-5 Yard Penalty,4th & 5 at CHI 48,08:49 3rd Shotgun,"— PENALTY on CIN, Delay of Game, 5 yards, enforced at CHI 48 - No Play."
2026,PRESEASON WEEK 2,Saturday,August 22nd,CHI,CIN,3rd Quarter,3,Cincinnati Bengals,0,5,0,Punt,4th & 10 at CIN 47,08:36 3rd,"— R.Rehkow punts 36 yards to CHI 17, Center-C.Grandy, downed by CIN-T.Brooks."
2026,PRESEASON WEEK 2,Saturday,August 22nd,CHI,CIN,3rd Quarter,4,Chicago Bears,0,1,0,11 Yard Run,1st & 10 at CHI 17,08:25 3rd,"— S.Ahmed right end pushed ob at CHI 23 for 6 yards (D.Anthony). PENALTY on CIN-J.Jefferson, Defensive Holding, 5 yards, enforced at CHI 23."
2026,PRESEASON WEEK 2,Saturday,August 22nd,CHI,CIN,3rd Quarter,4,Chicago Bears,0,2,0,12 Yard Pass,1st & 10 at CHI 28,07:59 3rd,— M.Moss pass short left to M.Alexander to CHI 40 for 12 yards (B.Lux).
2026,PRESEASON WEEK 2,Saturday,August 22nd,CHI,CIN,3rd Quarter,4,Chicago Bears,0,3,0,13 Yard Pass,1st & 10 at CHI 40,07:23 3rd,— M.Moss pass short left to S.Miller to CIN 47 for 13 yards (T.Davis).
2026,PRESEASON WEEK 2,Saturday,August 22nd,CHI,CIN,3rd Quarter,4,Chicago Bears,0,4,0,-4 Yard Run,1st & 10 at CIN 47,06:46 3rd Shotgun,— S.Ahmed left end to CHI 49 for -4 yards (I.Foskey).
2026,PRESEASON WEEK 2,Saturday,August 22nd,CHI,CIN,3rd Quarter,4,Chicago Bears,0,5,0,-1 Yard Pass,2nd & 14 at CHI 49,06:08 3rd Shotgun,— M.Moss pass short right to S.Ahmed to CHI 48 for -1 yards (T.Davis).
2026,PRESEASON WEEK 2,Saturday,August 22nd,CHI,CIN,3rd Quarter,4,Chicago Bears,0,6,0,5 Yard Pass,3rd & 15 at CHI 48,05:24 3rd Shotgun,— M.Moss pass short left to B.Brown to CIN 47 for 5 yards (I.Foskey; B.Lux).
2026,PRESEASON WEEK 2,Saturday,August 22nd,CHI,CIN,3rd Quarter,4,Chicago Bears,0,7,0,Punt,4th & 10 at CIN 47,04:46 3rd,"— T.Taylor punts 40 yards to CIN 7, Center-B.Gardner, downed by CHI-J.Sanborn."
2026,PRESEASON WEEK 2,Saturday,August 22nd,CHI,CIN,4th Quarter,1,Cincinnati Bengals,1,1,0,0 Yard Run,1st & 10 at CIN 7,04:36 3rd,— K.Williams left end to CIN 7 for no gain (J.Blackwell).
2026,PRESEASON WEEK 2,Saturday,August 22nd,CHI,CIN,4th Quarter,1,Cincinnati Bengals,1,2,0,3 Yard Run,2nd & 10 at CIN 7,03:58 3rd Shotgun,"— K.Bullock up the middle to CIN 10 for 3 yards (M.Sewell; J.Lynch). CHI-M.Sewell was injured during the play. Penalty on CIN-J.Foster, Offensive Holding, declined."
2026,PRESEASON WEEK 2,Saturday,August 22nd,CHI,CIN,4th Quarter,1,Cincinnati Bengals,1,3,0,8 Yard Run,3rd & 7 at CIN 10,03:41 3rd Shotgun,— S.Clifford scrambles left end ran ob at CIN 18 for 8 yards (J.van den Berg).
2026,PRESEASON WEEK 2,Saturday,August 22nd,CHI,CIN,4th Quarter,1,Cincinnati Bengals,1,4,0,7 Yard Pass,1st & 10 at CIN 18,03:05 3rd,— S.Clifford pass short right to J.Haynes to CIN 25 for 7 yards (R.Hyppolite; A.Johnson) [N.Gallimore].
2026,PRESEASON WEEK 2,Saturday,August 22nd,CHI,CIN,4th Quarter,1,Cincinnati Bengals,1,5,0,18 Yard Pass,2nd & 3 at CIN 25,02:21 3rd,— S.Clifford pass short left to K.Williams to CIN 43 for 18 yards (W.Matthews).
2026,PRESEASON WEEK 2,Saturday,August 22nd,CHI,CIN,4th Quarter,1,Cincinnati Bengals,1,6,0,20 Yard Pass,1st & 10 at CIN 43,01:42 3rd,— S.Clifford pass short right to J.Moore to CHI 37 for 20 yards (W.Matthews).
2026,PRESEASON WEEK 2,Saturday,August 22nd,CHI,CIN,4th Quarter,1,Cincinnati Bengals,1,7,0,2 Yard Run,1st & 10 at CHI 37,01:04 3rd,— K.Bullock right guard to CHI 35 for 2 yards (N.Gallimore; W.Matthews).
2026,PRESEASON WEEK 2,Saturday,August 22nd,CHI,CIN,4th Quarter,1,Cincinnati Bengals,1,8,0,-10 Yard Penalty,2nd & 8 at CHI 35,00:19 3rd Shotgun,"— S.Clifford scrambles right end ran ob at CHI 21 for 14 yards (J.Loving). PENALTY on CIN-A.Coker, Offensive Holding, 10 yards, enforced at CHI 35 - No Play."
2026,PRESEASON WEEK 2,Saturday,August 22nd,CHI,CIN,4th Quarter,1,Cincinnati Bengals,1,9,0,5 Yard Pass,2nd & 18 at CHI 45,15:00 4th Shotgun,— S.Clifford pass short right to J.Moore to CHI 40 for 5 yards (R.Hyppolite).
2026,PRESEASON WEEK 2,Saturday,August 22nd,CHI,CIN,4th Quarter,1,Cincinnati Bengals,1,10,0,Pass Incomplete,3rd & 13 at CHI 40,14:21 4th Shotgun,— S.Clifford pass incomplete deep left to J.Endries.
2026,PRESEASON WEEK 2,Saturday,August 22nd,CHI,CIN,4th Quarter,1,Cincinnati Bengals,1,11,1,Field Goal,4th & 13 at CHI 40,14:16 4th,"— E.McPherson 58 yard field goal is GOOD, Center-W.Wagner, Holder-R.Rehkow."
2026,PRESEASON WEEK 2,Saturday,August 22nd,CHI,CIN,4th Quarter,2,Chicago Bears,0,1,0,Kickoff from CIN 35,,Kickoff,— E.McPherson kicks 63 yards from CIN 35 to CHI 2. K.Davis to CHI 21 for 19 yards (D.Anthony; J.Endries).
2026,PRESEASON WEEK 2,Saturday,August 22nd,CHI,CIN,4th Quarter,2,Chicago Bears,0,2,0,Pass Incomplete,1st & 10 at CHI 21,14:04 4th,— M.Moss pass incomplete short left to S.Miller.
2026,PRESEASON WEEK 2,Saturday,August 22nd,CHI,CIN,4th Quarter,2,Chicago Bears,0,3,0,8 Yard Pass,2nd & 10 at CHI 21,14:00 4th Shotgun,— M.Moss pass short middle to M.Alexander to CHI 29 for 8 yards (J.Dingle).
2026,PRESEASON WEEK 2,Saturday,August 22nd,CHI,CIN,4th Quarter,2,Chicago Bears,0,4,0,1 Yard Run,3rd & 2 at CHI 29,13:23 4th Shotgun,— B.Brown right tackle to CHI 30 for 1 yard (L.Robinson; T.Davis).
2026,PRESEASON WEEK 2,Saturday,August 22nd,CHI,CIN,4th Quarter,2,Chicago Bears,0,5,0,-5 Yard Penalty,4th & 1 at CHI 30,12:37 4th,"— B.Brown right guard to CHI 36 for 6 yards (L.Anderson; T.Davis). PENALTY on CHI, Illegal Formation, 5 yards, enforced at CHI 30 - No Play."
2026,PRESEASON WEEK 2,Saturday,August 22nd,CHI,CIN,4th Quarter,2,Chicago Bears,0,6,0,Punt,4th & 6 at CHI 25,12:28 4th,"— T.Taylor punts 57 yards to CIN 18, Center-B.Gardner. K.Williams to CIN 30 for 12 yards (K.Davis)."
2026,PRESEASON WEEK 2,Saturday,August 22nd,CHI,CIN,4th Quarter,3,Cincinnati Bengals,0,1,0,Interception,1st & 10 at CIN 30,12:18 4th,— S.Clifford pass deep right intended for J.Endries INTERCEPTED by S.Thomas at CIN 49. S.Thomas to CIN 48 for 1 yard (J.Endries). ** Injury Update: CHI-M.Sewell has returned to the game.
2026,PRESEASON WEEK 2,Saturday,August 22nd,CHI,CIN,4th Quarter,4,Chicago Bears,0,1,0,-7 Yard Run,1st & 10 at CIN 48,12:11 4th,"— B.Brown right guard to CIN 41 for 7 yards (J.Dingle). PENALTY on CHI-K.Hergel, Offensive Holding, 10 yards, enforced at CIN 45."
2026,PRESEASON WEEK 2,Saturday,August 22nd,CHI,CIN,4th Quarter,4,Chicago Bears,0,2,0,Pass Incomplete,1st & 17 at CHI 45,11:48 4th,— M.Moss pass incomplete short right to Q.Ismail.
2026,PRESEASON WEEK 2,Saturday,August 22nd,CHI,CIN,4th Quarter,4,Chicago Bears,0,3,0,18 Yard Pass,2nd & 17 at CHI 45,11:44 4th Shotgun,— M.Moss pass short right to M.Alexander ran ob at CIN 37 for 18 yards (J.Dingle).
2026,PRESEASON WEEK 2,Saturday,August 22nd,CHI,CIN,4th Quarter,4,Chicago Bears,0,4,0,5 Yard Pass,1st & 10 at CIN 37,11:09 4th Shotgun,— M.Moss pass short right to S.Miller pushed ob at CIN 32 for 5 yards (M.McDoom).
2026,PRESEASON WEEK 2,Saturday,August 22nd,CHI,CIN,4th Quarter,4,Chicago Bears,0,5,0,-1 Yard Run,2nd & 5 at CIN 32,10:42 4th Shotgun,"— B.Brown right guard to CIN 33 for -1 yards (D.Anthony, H.Cross)."
2026,PRESEASON WEEK 2,Saturday,August 22nd,CHI,CIN,4th Quarter,4,Chicago Bears,0,6,0,-2 Yard Sack,3rd & 6 at CIN 33,09:59 4th Shotgun,— M.Moss sacked at CIN 35 for -2 yards (sack split by L.Robinson and I.Foskey).
2026,PRESEASON WEEK 2,Saturday,August 22nd,CHI,CIN,4th Quarter,4,Chicago Bears,0,7,0,Field Goal No Good,4th & 8 at CIN 35,09:15 4th,"— C.Santos 53 yard field goal is No Good, Wide Right, Center-B.Gardner, Holder-T.Taylor."
2026,PRESEASON WEEK 2,Saturday,August 22nd,CHI,CIN,4th Quarter,5,Cincinnati Bengals,0,1,0,2 Yard Run,1st & 10 at CIN 43,09:10 4th,— J.Haynes left end to CIN 45 for 2 yards (D.Prince).
2026,PRESEASON WEEK 2,Saturday,August 22nd,CHI,CIN,4th Quarter,5,Cincinnati Bengals,0,2,0,Pass Incomplete,2nd & 8 at CIN 45,08:31 4th,— S.Clifford pass incomplete short right to Cha.Jones.
2026,PRESEASON WEEK 2,Saturday,August 22nd,CHI,CIN,4th Quarter,5,Cincinnati Bengals,0,3,0,-1 Yard Pass,3rd & 8 at CIN 45,08:26 4th Shotgun,— S.Clifford pass short right to K.Pryor to CIN 44 for -1 yards (J.Martin).
2026,PRESEASON WEEK 2,Saturday,August 22nd,CHI,CIN,4th Quarter,5,Cincinnati Bengals,0,4,0,Punt,4th & 9 at CIN 44,07:42 4th,"— R.Rehkow punts 51 yards to CHI 5, Center-W.Wagner, out of bounds."
2026,PRESEASON WEEK 2,Saturday,August 22nd,CHI,CIN,4th Quarter,6,Chicago Bears,0,1,0,Pass Incomplete,1st & 10 at CHI 5,07:35 4th Shotgun,— M.Moss pass incomplete deep left to O.Kelly.
2026,PRESEASON WEEK 2,Saturday,August 22nd,CHI,CIN,4th Quarter,6,Chicago Bears,0,2,0,5 Yard Run,2nd & 10 at CHI 5,07:31 4th,— M.Moss scrambles left tackle to CHI 10 for 5 yards (J.Dingle).
2026,PRESEASON WEEK 2,Saturday,August 22nd,CHI,CIN,4th Quarter,6,Chicago Bears,0,3,0,8 Yard Pass,3rd & 5 at CHI 10,06:47 4th Shotgun,— M.Moss pass short right to M.Alexander to CHI 18 for 8 yards (M.McDoom).
2026,PRESEASON WEEK 2,Saturday,August 22nd,CHI,CIN,4th Quarter,6,Chicago Bears,0,4,0,-9 Yard Penalty,1st & 10 at CHI 18,06:04 4th,"— M.Moss pass deep right to J.Richardson to CHI 44 for 26 yards (D.Anthony). PENALTY on CHI-W.French, Face Mask, 9 yards, enforced at CHI 18 - No Play."
2026,PRESEASON WEEK 2,Saturday,August 22nd,CHI,CIN,4th Quarter,6,Chicago Bears,0,5,0,6 Yard Pass,1st & 19 at CHI 9,05:41 4th Shotgun,— M.Moss pass short middle to J.Richardson to CHI 15 for 6 yards (J.Dingle; B.Lux).
2026,PRESEASON WEEK 2,Saturday,August 22nd,CHI,CIN,4th Quarter,6,Chicago Bears,0,6,0,5 Yard Pass,2nd & 13 at CHI 15,"05:18 4th No Huddle, Shotgun",— M.Moss pass short middle to B.Brown to CHI 20 for 5 yards (E.Gentry).
2026,PRESEASON WEEK 2,Saturday,August 22nd,CHI,CIN,4th Quarter,6,Chicago Bears,0,7,0,Pass Incomplete,3rd & 8 at CHI 20,"04:55 4th No Huddle, Shotgun",— M.Moss pass incomplete deep left to J.Richardson.
2026,PRESEASON WEEK 2,Saturday,August 22nd,CHI,CIN,4th Quarter,6,Chicago Bears,0,8,0,Punt,4th & 8 at CHI 20,04:49 4th,"— T.Taylor punts 36 yards to CIN 44, Center-B.Gardner, out of bounds."
2026,PRESEASON WEEK 2,Saturday,August 22nd,CHI,CIN,4th Quarter,7,Cincinnati Bengals,0,1,0,0 Yard Run,1st & 10 at CIN 44,04:41 4th,— K.Bullock left tackle to CIN 44 for no gain (W.Matthews).
2026,PRESEASON WEEK 2,Saturday,August 22nd,CHI,CIN,4th Quarter,7,Cincinnati Bengals,0,2,0,0 Yard Run,2nd & 10 at CIN 44,03:58 4th Shotgun,— K.Bullock left guard to CIN 44 for no gain (W.Matthews).
2026,PRESEASON WEEK 2,Saturday,August 22nd,CHI,CIN,4th Quarter,7,Cincinnati Bengals,0,3,0,7 Yard Run,3rd & 10 at CIN 44,03:13 4th Shotgun,— K.Bullock up the middle to CHI 49 for 7 yards (R.Hyppolite; J.Blackwell).
2026,PRESEASON WEEK 2,Saturday,August 22nd,CHI,CIN,4th Quarter,7,Cincinnati Bengals,0,4,0,Punt,4th & 3 at CHI 49,02:29 4th,"— R.Rehkow punts 37 yards to CHI 12, Center-W.Wagner. S.Miller to CHI 19 for 7 yards (S.Bozeman)."
2026,PRESEASON WEEK 2,Saturday,August 22nd,CHI,CIN,4th Quarter,8,Chicago Bears,0,1,0,5 Yard Pass,1st & 10 at CHI 19,02:20 4th Shotgun,— M.Moss pass short middle to O.Kelly to CHI 24 for 5 yards (E.Gentry).
2026,PRESEASON WEEK 2,Saturday,August 22nd,CHI,CIN,4th Quarter,8,Chicago Bears,0,2,0,-5 Yard Penalty,2nd & 5 at CHI 24,02:00 4th Shotgun,"— PENALTY on CHI-K.Amegadjie, False Start, 5 yards, enforced at CHI 24 - No Play."
2026,PRESEASON WEEK 2,Saturday,August 22nd,CHI,CIN,4th Quarter,8,Chicago Bears,0,3,0,14 Yard Pass,2nd & 10 at CHI 19,02:00 4th Shotgun,— M.Moss pass short left to M.Alexander to CHI 33 for 14 yards (E.Gentry).
2026,PRESEASON WEEK 2,Saturday,August 22nd,CHI,CIN,4th Quarter,8,Chicago Bears,0,4,0,5 Yard Pass,1st & 10 at CHI 33,"01:37 4th No Huddle, Shotgun",— M.Moss pass short middle to J.Richardson to CHI 38 for 5 yards (J.Dingle).
2026,PRESEASON WEEK 2,Saturday,August 22nd,CHI,CIN,4th Quarter,8,Chicago Bears,0,5,0,Pass Incomplete,2nd & 5 at CHI 38,"01:20 4th No Huddle, Shotgun",— M.Moss pass incomplete deep middle to S.Carlson.
2026,PRESEASON WEEK 2,Saturday,August 22nd,CHI,CIN,4th Quarter,8,Chicago Bears,0,6,0,Pass Incomplete,3rd & 5 at CHI 38,01:15 4th Shotgun,— M.Moss pass incomplete deep right to B.Brown.
2026,PRESEASON WEEK 2,Saturday,August 22nd,CHI,CIN,4th Quarter,8,Chicago Bears,0,7,0,Timeout,,01:05 4th,— Timeout #1 by CHI at 01:05.
2026,PRESEASON WEEK 2,Saturday,August 22nd,CHI,CIN,4th Quarter,8,Chicago Bears,0,8,0,Pass Incomplete,4th & 5 at CHI 38,01:05 4th Shotgun,— M.Moss pass incomplete deep middle to Q.Ismail [I.Foskey].
2026,PRESEASON WEEK 2,Saturday,August 22nd,CHI,CIN,4th Quarter,9,Cincinnati Bengals,0,1,0,-1 Yard Run,1st & 10 at CHI 38,01:01 4th,— S.Clifford kneels to CHI 39 for -1 yards.
2026,PRESEASON WEEK 2,Saturday,August 22nd,CHI,CIN,4th Quarter,9,Cincinnati Bengals,0,2,0,-1 Yard Run,2nd & 11 at CHI 39,00:24 4th,— S.Clifford kneels to CHI 40 for -1 yards.
2026,PRESEASON WEEK 2,Saturday,August 22nd,PHI,NE,1st Quarter,1,New England Patriots,0,1,0,Kickoff from PHI 35,,Kickoff,— J.Elliott kicks 60 yards from PHI 35 to NE 5. L.Larison to NE 30 for 25 yards (J.Jackson). PHI-J.Jackson was injured during the play.
2026,PRESEASON WEEK 2,Saturday,August 22nd,PHI,NE,1st Quarter,1,New England Patriots,0,2,0,-10 Yard Penalty,1st & 10 at NE 30,14:55 1st,"— L.Larison right guard to NE 34 for 4 yards (J.Trotter; G.Hall). PENALTY on NE-J.Hudson, Offensive Holding, 10 yards, enforced at NE 30 - No Play."
2026,PRESEASON WEEK 2,Saturday,August 22nd,PHI,NE,1st Quarter,1,New England Patriots,0,3,0,Pass Incomplete,1st & 20 at NE 20,14:39 1st,— T.DeVito pass incomplete short left to K.Williams (K.Ringo).
2026,PRESEASON WEEK 2,Saturday,August 22nd,PHI,NE,1st Quarter,1,New England Patriots,0,4,0,28 Yard Pass,2nd & 20 at NE 20,14:33 1st Shotgun,— T.DeVito pass short right to L.Larison pushed ob at NE 48 for 28 yards (K.Gushiken).
2026,PRESEASON WEEK 2,Saturday,August 22nd,PHI,NE,1st Quarter,1,New England Patriots,0,5,0,1 Yard Run,1st & 10 at NE 48,14:00 1st,— L.Larison up the middle to NE 49 for 1 yard (G.Hall).
2026,PRESEASON WEEK 2,Saturday,August 22nd,PHI,NE,1st Quarter,1,New England Patriots,0,6,0,1 Yard Run,2nd & 9 at NE 49,13:21 1st,— L.Larison right guard to 50 for 1 yard (K.Gushiken; G.Hall). NE-M.Bryant was injured during the play.
2026,PRESEASON WEEK 2,Saturday,August 22nd,PHI,NE,1st Quarter,1,New England Patriots,0,7,0,Pass Incomplete,3rd & 8 at 50,13:00 1st Shotgun,"— T.DeVito pass incomplete deep right to K.Williams. Penalty on NE-J.Hudson, Offensive Holding, declined."
2026,PRESEASON WEEK 2,Saturday,August 22nd,PHI,NE,1st Quarter,1,New England Patriots,0,8,0,Punt,4th & 8 at 50,12:53 1st,"— B.Baringer punts 30 yards to PHI 20, Center-J.Ashby. B.Covey MUFFS catch, and recovers at PHI 22."
2026,PRESEASON WEEK 2,Saturday,August 22nd,PHI,NE,1st Quarter,2,Philadelphia Eagles,0,1,0,Pass Incomplete,1st & 10 at PHI 22,12:45 1st,— A.Dalton pass incomplete short right.
2026,PRESEASON WEEK 2,Saturday,August 22nd,PHI,NE,1st Quarter,2,Philadelphia Eagles,0,2,0,18 Yard Run,2nd & 10 at PHI 22,12:39 1st,— W.Shipley right tackle pushed ob at PHI 40 for 18 yards (D.Pettus).
2026,PRESEASON WEEK 2,Saturday,August 22nd,PHI,NE,1st Quarter,2,Philadelphia Eagles,0,3,0,5 Yard Run,1st & 10 at PHI 40,12:09 1st Shotgun,— W.Shipley left guard to PHI 45 for 5 yards (J.Luketa; E.Gregory).
2026,PRESEASON WEEK 2,Saturday,August 22nd,PHI,NE,1st Quarter,2,Philadelphia Eagles,0,4,0,Pass Incomplete,2nd & 5 at PHI 45,11:27 1st Shotgun,— A.Dalton pass incomplete short left to D.Cooper.
2026,PRESEASON WEEK 2,Saturday,August 22nd,PHI,NE,1st Quarter,2,Philadelphia Eagles,0,5,0,Pass Incomplete,3rd & 5 at PHI 45,11:24 1st Shotgun,— A.Dalton pass incomplete short left to E.Stowers.
2026,PRESEASON WEEK 2,Saturday,August 22nd,PHI,NE,1st Quarter,2,Philadelphia Eagles,0,6,0,Punt,4th & 5 at PHI 45,11:19 1st,"— B.Mann punts 39 yards to NE 16, Center-R.Underwood, out of bounds."
2026,PRESEASON WEEK 2,Saturday,August 22nd,PHI,NE,1st Quarter,3,New England Patriots,0,1,0,6 Yard Pass,1st & 10 at NE 16,11:13 1st Shotgun,— T.DeVito pass short right to E.Chism to NE 22 for 6 yards (A.Sam; M.McWilliams).
2026,PRESEASON WEEK 2,Saturday,August 22nd,PHI,NE,1st Quarter,3,New England Patriots,0,2,0,5 Yard Pass,2nd & 4 at NE 22,10:35 1st Shotgun,— T.DeVito pass short right to K.Williams to NE 27 for 5 yards (M.McWilliams).
2026,PRESEASON WEEK 2,Saturday,August 22nd,PHI,NE,1st Quarter,3,New England Patriots,0,3,0,3 Yard Run,1st & 10 at NE 27,09:53 1st,— J.Miller left tackle to NE 30 for 3 yards (T.Robinson).
2026,PRESEASON WEEK 2,Saturday,August 22nd,PHI,NE,1st Quarter,3,New England Patriots,0,4,0,4 Yard Pass,2nd & 7 at NE 30,09:14 1st Shotgun,— T.DeVito pass short right to N.DeGennaro to NE 34 for 4 yards (M.McWilliams).
2026,PRESEASON WEEK 2,Saturday,August 22nd,PHI,NE,1st Quarter,3,New England Patriots,0,5,0,7 Yard Run,3rd & 3 at NE 34,08:32 1st Shotgun,— T.DeVito scrambles left end to NE 41 for 7 yards (J.Trotter).
2026,PRESEASON WEEK 2,Saturday,August 22nd,PHI,NE,1st Quarter,3,New England Patriots,0,6,0,0 Yard Run,1st & 10 at NE 41,07:49 1st,— J.Miller left guard to NE 41 for no gain (Z.Wilson).
2026,PRESEASON WEEK 2,Saturday,August 22nd,PHI,NE,1st Quarter,3,New England Patriots,0,7,0,-4 Yard Sack,2nd & 10 at NE 41,07:07 1st,— T.DeVito sacked at NE 37 for -4 yards (J.Trotter).
2026,PRESEASON WEEK 2,Saturday,August 22nd,PHI,NE,1st Quarter,3,New England Patriots,0,8,0,Pass Incomplete,3rd & 14 at NE 37,06:31 1st Shotgun,— T.DeVito pass incomplete deep left to K.Williams [T.Robinson].
2026,PRESEASON WEEK 2,Saturday,August 22nd,PHI,NE,1st Quarter,3,New England Patriots,0,9,0,Punt,4th & 14 at NE 37,06:25 1st,"— B.Baringer punts 61 yards to PHI 2, Center-J.Ashby. B.Covey to PHI 23 for 21 yards (L.Larison; J.Ashby)."
2026,PRESEASON WEEK 2,Saturday,August 22nd,PHI,NE,2nd Quarter,1,Philadelphia Eagles,1,1,0,3 Yard Run,1st & 10 at PHI 23,06:11 1st,— W.Shipley right tackle to PHI 26 for 3 yards (L.Taylor; J.Farmer).
2026,PRESEASON WEEK 2,Saturday,August 22nd,PHI,NE,2nd Quarter,1,Philadelphia Eagles,1,2,0,25 Yard Pass,2nd & 7 at PHI 26,05:35 1st,— A.Dalton pass short right to D.Cooper to NE 49 for 25 yards (K.Vildor).
2026,PRESEASON WEEK 2,Saturday,August 22nd,PHI,NE,2nd Quarter,1,Philadelphia Eagles,1,3,0,5 Yard Run,1st & 10 at NE 49,04:55 1st,— W.Shipley right end pushed ob at NE 44 for 5 yards (D.Pettus; G.Jacas).
2026,PRESEASON WEEK 2,Saturday,August 22nd,PHI,NE,2nd Quarter,1,Philadelphia Eagles,1,4,0,-2 Yard Run,2nd & 5 at NE 44,04:25 1st Shotgun,"— W.Shipley right guard to NE 46 for -2 yards (J.Luketa, J.Farmer)."
2026,PRESEASON WEEK 2,Saturday,August 22nd,PHI,NE,2nd Quarter,1,Philadelphia Eagles,1,5,0,6 Yard Pass,3rd & 7 at NE 46,03:45 1st Shotgun,— A.Dalton pass short right to D.Cooper to NE 40 for 6 yards (K.Vildor).
2026,PRESEASON WEEK 2,Saturday,August 22nd,PHI,NE,2nd Quarter,1,Philadelphia Eagles,1,6,0,13 Yard Pass,4th & 1 at NE 40,03:05 1st Shotgun,— A.Dalton pass short left to D.Cooper to NE 27 for 13 yards (K.Britt).
2026,PRESEASON WEEK 2,Saturday,August 22nd,PHI,NE,2nd Quarter,1,Philadelphia Eagles,1,7,0,9 Yard Run,1st & 10 at NE 27,02:18 1st,— W.Shipley up the middle to NE 18 for 9 yards (K.Vildor; J.Saunders).
2026,PRESEASON WEEK 2,Saturday,August 22nd,PHI,NE,2nd Quarter,1,Philadelphia Eagles,1,8,0,Timeout,,01:53 1st,— Timeout #1 by NE at 01:53.
2026,PRESEASON WEEK 2,Saturday,August 22nd,PHI,NE,2nd Quarter,1,Philadelphia Eagles,1,9,0,Pass Incomplete,2nd & 1 at NE 18,01:53 1st,— A.Dalton pass incomplete short left to S.Toure.
2026,PRESEASON WEEK 2,Saturday,August 22nd,PHI,NE,2nd Quarter,1,Philadelphia Eagles,1,10,0,3 Yard Run,3rd & 1 at NE 18,01:49 1st Shotgun,— W.Shipley up the middle to NE 15 for 3 yards (I.Iton).
2026,PRESEASON WEEK 2,Saturday,August 22nd,PHI,NE,2nd Quarter,1,Philadelphia Eagles,1,11,0,7 Yard Run,1st & 10 at NE 15,01:07 1st,— W.Shipley up the middle to NE 8 for 7 yards (I.Iton; D.Pettus).
2026,PRESEASON WEEK 2,Saturday,August 22nd,PHI,NE,2nd Quarter,1,Philadelphia Eagles,1,12,0,3 Yard Run,2nd & 3 at NE 8,00:30 1st Shotgun,— W.Shipley up the middle to NE 5 for 3 yards (J.Saunders).
2026,PRESEASON WEEK 2,Saturday,August 22nd,PHI,NE,2nd Quarter,1,Philadelphia Eagles,1,13,0,0 Yard Run,1st & 5 at NE 5,15:00 2nd Shotgun,— W.Shipley up the middle to NE 5 for no gain (B.Swinson).
2026,PRESEASON WEEK 2,Saturday,August 22nd,PHI,NE,2nd Quarter,1,Philadelphia Eagles,1,14,1,Touchdown,2nd & 5 at NE 5,14:28 2nd,"— W.Shipley left guard for 5 yards, TOUCHDOWN."
2026,PRESEASON WEEK 2,Saturday,August 22nd,PHI,NE,2nd Quarter,1,Philadelphia Eagles,1,15,1,Extra Point,,14:22 2nd,"— J.Elliott extra point is GOOD, Center-R.Underwood, Holder-B.Mann."
2026,PRESEASON WEEK 2,Saturday,August 22nd,PHI,NE,2nd Quarter,2,New England Patriots,1,1,0,Kickoff from PHI 35,,Kickoff,— J.Elliott kicks 56 yards from PHI 35 to NE 9. H.Haskins to NE 27 for 18 yards (C.Wisniewski).
2026,PRESEASON WEEK 2,Saturday,August 22nd,PHI,NE,2nd Quarter,2,New England Patriots,1,2,0,5 Yard Run,1st & 10 at NE 27,14:17 2nd,— H.Haskins right guard to NE 32 for 5 yards (M.McWilliams; J.Trotter).
2026,PRESEASON WEEK 2,Saturday,August 22nd,PHI,NE,2nd Quarter,2,New England Patriots,1,3,0,4 Yard Run,2nd & 5 at NE 32,13:44 2nd,— H.Haskins right tackle to NE 36 for 4 yards (A.Sam).
2026,PRESEASON WEEK 2,Saturday,August 22nd,PHI,NE,2nd Quarter,2,New England Patriots,1,4,0,1 Yard Run,3rd & 1 at NE 36,13:07 2nd,— H.Haskins up the middle to NE 37 for 1 yard (J.Trotter). (Virtual Measurement).
2026,PRESEASON WEEK 2,Saturday,August 22nd,PHI,NE,2nd Quarter,2,New England Patriots,1,5,0,36 Yard Run,1st & 10 at NE 37,12:37 2nd,— T.DeVito scrambles left tackle ran ob at PHI 27 for 36 yards (C.Wisniewski).
2026,PRESEASON WEEK 2,Saturday,August 22nd,PHI,NE,2nd Quarter,2,New England Patriots,1,6,0,Pass Incomplete,1st & 10 at PHI 27,12:00 2nd,— T.DeVito pass incomplete short right to N.DeGennaro.
2026,PRESEASON WEEK 2,Saturday,August 22nd,PHI,NE,2nd Quarter,2,New England Patriots,1,7,0,4 Yard Run,2nd & 10 at PHI 27,11:56 2nd,— J.Hasty right guard to PHI 23 for 4 yards (A.Thomas; J.Trotter).
2026,PRESEASON WEEK 2,Saturday,August 22nd,PHI,NE,2nd Quarter,2,New England Patriots,1,8,0,Pass Incomplete,3rd & 6 at PHI 23,11:13 2nd Shotgun,— T.DeVito pass incomplete short middle to K.Williams.
2026,PRESEASON WEEK 2,Saturday,August 22nd,PHI,NE,2nd Quarter,2,New England Patriots,1,9,1,Field Goal,4th & 6 at PHI 23,11:10 2nd,"— A.Borregales 41 yard field goal is GOOD, Center-J.Ashby, Holder-B.Baringer."
2026,PRESEASON WEEK 2,Saturday,August 22nd,PHI,NE,2nd Quarter,3,Philadelphia Eagles,0,1,0,Kickoff from NE 35,,Kickoff,"— A.Borregales kicks 61 yards from NE 35 to PHI 4. E.Ezukanma to PHI 34 for 30 yards (M.Dial). PENALTY on PHI-A.Sam, Offensive Holding, 10 yards, enforced at PHI 25."
2026,PRESEASON WEEK 2,Saturday,August 22nd,PHI,NE,2nd Quarter,3,Philadelphia Eagles,0,2,0,15 Yard Penalty,1st & 10 at PHI 15,11:00 2nd Shotgun,"— A.Dalton pass short right INTERCEPTED by K.Vildor at PHI 21. K.Vildor pushed ob at PHI 7 for 14 yards. PENALTY on NE-G.Jacas, Roughing the Passer, 15 yards, enforced at PHI 15 - No Play."
2026,PRESEASON WEEK 2,Saturday,August 22nd,PHI,NE,2nd Quarter,3,Philadelphia Eagles,0,3,0,Pass Incomplete,1st & 10 at PHI 30,10:56 2nd,— A.Dalton pass incomplete short middle to Q.Watkins (K.Vildor).
2026,PRESEASON WEEK 2,Saturday,August 22nd,PHI,NE,2nd Quarter,3,Philadelphia Eagles,0,4,0,Pass Incomplete,2nd & 10 at PHI 30,10:53 2nd Shotgun,— A.Dalton pass incomplete short right [G.Jacas].
2026,PRESEASON WEEK 2,Saturday,August 22nd,PHI,NE,2nd Quarter,3,Philadelphia Eagles,0,5,0,Pass Incomplete,3rd & 10 at PHI 30,10:50 2nd Shotgun,— A.Dalton pass incomplete short right to Q.Watkins (K.Vildor).
2026,PRESEASON WEEK 2,Saturday,August 22nd,PHI,NE,2nd Quarter,3,Philadelphia Eagles,0,6,0,Punt,4th & 10 at PHI 30,10:46 2nd,"— B.Mann punts 63 yards to NE 7, Center-R.Underwood. E.Chism to NE 23 for 16 yards (C.Campbell)."
2026,PRESEASON WEEK 2,Saturday,August 22nd,PHI,NE,2nd Quarter,4,New England Patriots,0,1,0,6 Yard Run,1st & 10 at NE 23,10:34 2nd,— H.Haskins right guard to NE 29 for 6 yards (S.Wade; A.Thomas).
2026,PRESEASON WEEK 2,Saturday,August 22nd,PHI,NE,2nd Quarter,4,New England Patriots,0,2,0,Pass Incomplete,2nd & 4 at NE 29,09:55 2nd,— T.DeVito pass incomplete short right to J.Westover (J.Ramirez).
2026,PRESEASON WEEK 2,Saturday,August 22nd,PHI,NE,2nd Quarter,4,New England Patriots,0,3,0,24 Yard Pass,3rd & 4 at NE 29,09:51 2nd Shotgun,— T.DeVito pass short middle to E.Chism pushed ob at PHI 47 for 24 yards (C.Wisniewski).
2026,PRESEASON WEEK 2,Saturday,August 22nd,PHI,NE,2nd Quarter,4,New England Patriots,0,4,0,5 Yard Penalty,1st & 10 at PHI 47,09:19 2nd Shotgun,"— T.DeVito pass incomplete deep left to K.Williams. PENALTY on PHI-K.Ringo, Illegal Contact, 5 yards, enforced at PHI 47 - No Play."
2026,PRESEASON WEEK 2,Saturday,August 22nd,PHI,NE,2nd Quarter,4,New England Patriots,0,5,0,-5 Yard Penalty,1st & 10 at PHI 42,09:13 2nd,"— PENALTY on NE-D.Crownover, False Start, 5 yards, enforced at PHI 42 - No Play."
2026,PRESEASON WEEK 2,Saturday,August 22nd,PHI,NE,2nd Quarter,4,New England Patriots,0,6,0,7 Yard Pass,1st & 15 at PHI 47,09:13 2nd Shotgun,— T.DeVito pass short middle to E.Chism to PHI 40 for 7 yards (A.Thomas).
2026,PRESEASON WEEK 2,Saturday,August 22nd,PHI,NE,2nd Quarter,4,New England Patriots,0,7,0,1 Yard Run,2nd & 8 at PHI 40,08:31 2nd Shotgun,— T.DeVito scrambles up the middle to PHI 39 for 1 yard (S.Mondon).
2026,PRESEASON WEEK 2,Saturday,August 22nd,PHI,NE,2nd Quarter,4,New England Patriots,0,8,0,-9 Yard Sack,3rd & 7 at PHI 39,07:47 2nd Shotgun,— T.DeVito sacked at PHI 48 for -9 yards (T.Robinson).
2026,PRESEASON WEEK 2,Saturday,August 22nd,PHI,NE,2nd Quarter,4,New England Patriots,0,9,0,Punt,4th & 16 at PHI 48,07:01 2nd,"— B.Morton punts 48 yards to end zone, Center-J.Ashby, Touchback."
2026,PRESEASON WEEK 2,Saturday,August 22nd,PHI,NE,2nd Quarter,5,Philadelphia Eagles,0,1,0,3 Yard Run,1st & 10 at PHI 20,06:54 2nd,— C.Steele up the middle to PHI 23 for 3 yards (C.Rogers; R.Wilson).
2026,PRESEASON WEEK 2,Saturday,August 22nd,PHI,NE,2nd Quarter,5,Philadelphia Eagles,0,2,0,9 Yard Run,2nd & 7 at PHI 23,06:11 2nd,— C.Steele left tackle to PHI 32 for 9 yards (R.Wilson; J.Saunders).
2026,PRESEASON WEEK 2,Saturday,August 22nd,PHI,NE,2nd Quarter,5,Philadelphia Eagles,0,3,0,0 Yard Run,1st & 10 at PHI 32,05:27 2nd Shotgun,— C.Steele up the middle to PHI 32 for no gain (M.Brown; K.Prunty).
2026,PRESEASON WEEK 2,Saturday,August 22nd,PHI,NE,2nd Quarter,5,Philadelphia Eagles,0,4,0,Pass Incomplete,2nd & 10 at PHI 32,04:52 2nd Shotgun,— T.McKee pass incomplete short middle to B.Covey [R.Wilson].
2026,PRESEASON WEEK 2,Saturday,August 22nd,PHI,NE,2nd Quarter,5,Philadelphia Eagles,0,5,0,3 Yard Pass,3rd & 10 at PHI 32,04:47 2nd Shotgun,— T.McKee pass short left to C.Steele to PHI 35 for 3 yards (K.Jacobs).
2026,PRESEASON WEEK 2,Saturday,August 22nd,PHI,NE,2nd Quarter,5,Philadelphia Eagles,0,6,0,Punt,4th & 7 at PHI 35,04:09 2nd,"— B.Mann punts 44 yards to NE 21, Center-R.Underwood, out of bounds."
2026,PRESEASON WEEK 2,Saturday,August 22nd,PHI,NE,2nd Quarter,6,New England Patriots,1,1,0,2 Yard Run,1st & 10 at NE 21,04:03 2nd,— J.Hasty left guard to NE 23 for 2 yards (C.Campbell).
2026,PRESEASON WEEK 2,Saturday,August 22nd,PHI,NE,2nd Quarter,6,New England Patriots,1,2,0,8 Yard Pass,2nd & 8 at NE 23,03:31 2nd,— T.DeVito pass short right to E.Chism pushed ob at NE 31 for 8 yards (S.Wade).
2026,PRESEASON WEEK 2,Saturday,August 22nd,PHI,NE,2nd Quarter,6,New England Patriots,1,3,1,Touchdown,1st & 10 at NE 31,02:58 2nd Shotgun,"— T.DeVito pass deep right to K.Williams for 69 yards, TOUCHDOWN."
2026,PRESEASON WEEK 2,Saturday,August 22nd,PHI,NE,2nd Quarter,6,New England Patriots,1,4,1,Extra Point,,02:48 2nd,"— A.Borregales extra point is GOOD, Center-J.Ashby, Holder-B.Baringer."
2026,PRESEASON WEEK 2,Saturday,August 22nd,PHI,NE,2nd Quarter,7,Philadelphia Eagles,1,1,0,Kickoff from NE 35,,Kickoff,— A.Borregales kicks 59 yards from NE 35 to PHI 6. E.Ezukanma pushed ob at PHI 38 for 32 yards (K.Jacobs). NE-K.Jacobs was injured during the play.
2026,PRESEASON WEEK 2,Saturday,August 22nd,PHI,NE,2nd Quarter,7,Philadelphia Eagles,1,2,0,3 Yard Run,1st & 10 at PHI 38,02:42 2nd Shotgun,— C.Steele right guard to PHI 41 for 3 yards (K.Minor; E.Gregory).
2026,PRESEASON WEEK 2,Saturday,August 22nd,PHI,NE,2nd Quarter,7,Philadelphia Eagles,1,3,0,31 Yard Pass,2nd & 7 at PHI 41,02:00 2nd Shotgun,"— T.McKee pass short right to C.Steele pushed ob at NE 43 for 16 yards (M.Brown). PENALTY on NE-M.Brown, Unnecessary Roughness, 15 yards, enforced at NE 43."
2026,PRESEASON WEEK 2,Saturday,August 22nd,PHI,NE,2nd Quarter,7,Philadelphia Eagles,1,4,0,14 Yard Pass,1st & 10 at NE 28,01:54 2nd Shotgun,— T.McKee pass short right to C.Steele to NE 14 for 14 yards (J.Saunders).
2026,PRESEASON WEEK 2,Saturday,August 22nd,PHI,NE,2nd Quarter,7,Philadelphia Eagles,1,5,0,Pass Incomplete,1st & 10 at NE 14,01:14 2nd Shotgun,— T.McKee pass incomplete short left to E.Stowers (J.Saunders).
2026,PRESEASON WEEK 2,Saturday,August 22nd,PHI,NE,2nd Quarter,7,Philadelphia Eagles,1,6,1,Touchdown,2nd & 10 at NE 14,01:10 2nd Shotgun,"— T.McKee pass short right to B.Covey for 14 yards, TOUCHDOWN."
2026,PRESEASON WEEK 2,Saturday,August 22nd,PHI,NE,2nd Quarter,7,Philadelphia Eagles,1,7,1,Extra Point,,01:04 2nd,"— J.Elliott extra point is GOOD, Center-R.Underwood, Holder-B.Mann."
2026,PRESEASON WEEK 2,Saturday,August 22nd,PHI,NE,2nd Quarter,8,New England Patriots,0,1,0,Kickoff from PHI 35,,Kickoff,— J.Elliott kicks 60 yards from PHI 35 to NE 5. L.Larison to NE 34 for 29 yards (B.George; K.Gushiken).
2026,PRESEASON WEEK 2,Saturday,August 22nd,PHI,NE,2nd Quarter,8,New England Patriots,0,2,0,Pass Incomplete,1st & 10 at NE 34,00:59 2nd Shotgun,— T.DeVito pass incomplete short left to L.Larison.
2026,PRESEASON WEEK 2,Saturday,August 22nd,PHI,NE,2nd Quarter,8,New England Patriots,0,3,0,-12 Yard Sack,2nd & 10 at NE 34,00:54 2nd Shotgun,— T.DeVito sacked at NE 22 for -12 yards (T.Robinson).
2026,PRESEASON WEEK 2,Saturday,August 22nd,PHI,NE,2nd Quarter,8,New England Patriots,0,4,0,Timeout,,00:49 2nd,— Timeout #1 by PHI at 00:49.
2026,PRESEASON WEEK 2,Saturday,August 22nd,PHI,NE,2nd Quarter,8,New England Patriots,0,5,0,10 Yard Run,3rd & 22 at NE 22,00:49 2nd Shotgun,— L.Larison up the middle to NE 32 for 10 yards (S.Mondon; C.Wisniewski).
2026,PRESEASON WEEK 2,Saturday,August 22nd,PHI,NE,2nd Quarter,8,New England Patriots,0,6,0,Timeout,,00:44 2nd,— Timeout #2 by PHI at 00:44.
2026,PRESEASON WEEK 2,Saturday,August 22nd,PHI,NE,2nd Quarter,8,New England Patriots,0,7,0,Punt,4th & 12 at NE 32,00:44 2nd,"— B.Morton punts 43 yards to PHI 25, Center-J.Ashby. B.Covey to PHI 34 for 9 yards (G.Jacas)."
2026,PRESEASON WEEK 2,Saturday,August 22nd,PHI,NE,2nd Quarter,9,Philadelphia Eagles,0,1,0,4 Yard Pass,1st & 10 at PHI 34,00:34 2nd Shotgun,— T.McKee pass short left to S.Toure to PHI 38 for 4 yards (D.Pettus; K.Prunty).
2026,PRESEASON WEEK 2,Saturday,August 22nd,PHI,NE,2nd Quarter,9,Philadelphia Eagles,0,2,0,Timeout,,00:28 2nd,— Timeout #3 by PHI at 00:28.
2026,PRESEASON WEEK 2,Saturday,August 22nd,PHI,NE,2nd Quarter,9,Philadelphia Eagles,0,3,0,-8 Yard Sack,2nd & 6 at PHI 38,00:28 2nd Shotgun,— T.McKee sacked at PHI 30 for -8 yards (A.Gainer).
2026,PRESEASON WEEK 2,Saturday,August 22nd,PHI,NE,3rd Quarter,1,Philadelphia Eagles,0,1,0,Kickoff from NE 35,,Kickoff,"— A.Borregales kicks 65 yards from NE 35 to end zone, Touchback to the PHI 35."
2026,PRESEASON WEEK 2,Saturday,August 22nd,PHI,NE,3rd Quarter,1,Philadelphia Eagles,0,2,0,1 Yard Run,1st & 10 at PHI 35,15:00 3rd,— C.Steele right guard to PHI 36 for 1 yard (J.Saunders; L.Taylor).
2026,PRESEASON WEEK 2,Saturday,August 22nd,PHI,NE,3rd Quarter,1,Philadelphia Eagles,0,3,0,6 Yard Run,2nd & 9 at PHI 36,14:17 3rd Shotgun,— C.Steele left guard to PHI 42 for 6 yards (G.Jacas; J.Saunders).
2026,PRESEASON WEEK 2,Saturday,August 22nd,PHI,NE,3rd Quarter,1,Philadelphia Eagles,0,4,0,28 Yard Pass,3rd & 3 at PHI 42,13:40 3rd Shotgun,— T.McKee pass short right to C.Steele pushed ob at NE 30 for 28 yards (M.Brown).
2026,PRESEASON WEEK 2,Saturday,August 22nd,PHI,NE,3rd Quarter,1,Philadelphia Eagles,0,5,0,14 Yard Pass,1st & 10 at NE 30,13:00 3rd Shotgun,— T.McKee pass short right to C.Latu pushed ob at NE 16 for 14 yards (N.Obiazor).
2026,PRESEASON WEEK 2,Saturday,August 22nd,PHI,NE,3rd Quarter,1,Philadelphia Eagles,0,6,0,5 Yard Pass,1st & 10 at NE 16,12:34 3rd,— T.McKee pass short left to S.Smartt to NE 11 for 5 yards (J.Saunders).
2026,PRESEASON WEEK 2,Saturday,August 22nd,PHI,NE,3rd Quarter,1,Philadelphia Eagles,0,7,0,-5 Yard Penalty,2nd & 5 at NE 11,11:54 3rd,"— C.Steele up the middle to NE 8 for 3 yards (M.Brown; E.Gregory). PENALTY on PHI, Illegal Formation, 5 yards, enforced at NE 11 - No Play."
2026,PRESEASON WEEK 2,Saturday,August 22nd,PHI,NE,3rd Quarter,1,Philadelphia Eagles,0,8,0,4 Yard Pass,2nd & 10 at NE 16,11:43 3rd Shotgun,— T.McKee pass short left to S.Smartt pushed ob at NE 12 for 4 yards (J.Saunders).
2026,PRESEASON WEEK 2,Saturday,August 22nd,PHI,NE,3rd Quarter,1,Philadelphia Eagles,0,9,0,3 Yard Pass,3rd & 6 at NE 12,11:08 3rd Shotgun,— T.McKee pass short middle to C.Steele to NE 9 for 3 yards (C.Muma; J.Farmer).
2026,PRESEASON WEEK 2,Saturday,August 22nd,PHI,NE,3rd Quarter,1,Philadelphia Eagles,0,10,0,Pass Incomplete,4th & 3 at NE 9,10:28 3rd Shotgun,— T.McKee pass incomplete short left to E.Jenkins (N.Obiazor).
2026,PRESEASON WEEK 2,Saturday,August 22nd,PHI,NE,3rd Quarter,2,New England Patriots,0,1,0,-1 Yard Run,1st & 10 at NE 9,10:23 3rd,"— J.Miller left end to NE 8 for -1 yards (T.Robinson, C.Campbell)."
2026,PRESEASON WEEK 2,Saturday,August 22nd,PHI,NE,3rd Quarter,2,New England Patriots,0,2,0,7 Yard Pass,2nd & 11 at NE 8,09:45 3rd Shotgun,— B.Morton pass short middle to K.Prentice to NE 15 for 7 yards (M.Pulley).
2026,PRESEASON WEEK 2,Saturday,August 22nd,PHI,NE,3rd Quarter,2,New England Patriots,0,3,0,9 Yard Pass,3rd & 4 at NE 15,09:03 3rd Shotgun,— B.Morton pass short left to J.Hasty pushed ob at NE 24 for 9 yards (D.Lawson).
2026,PRESEASON WEEK 2,Saturday,August 22nd,PHI,NE,3rd Quarter,2,New England Patriots,0,4,0,0 Yard Run,1st & 10 at NE 24,08:32 3rd,— J.Miller up the middle to NE 24 for no gain (G.Hall).
2026,PRESEASON WEEK 2,Saturday,August 22nd,PHI,NE,3rd Quarter,2,New England Patriots,0,5,0,-10 Yard Penalty,2nd & 10 at NE 24,07:54 3rd Shotgun,"— B.Morton pass short left to T.Palmer to NE 35 for 11 yards (I.Bolden). PENALTY on NE-T.Palmer, Offensive Pass Interference, 10 yards, enforced at NE 24 - No Play."
2026,PRESEASON WEEK 2,Saturday,August 22nd,PHI,NE,3rd Quarter,2,New England Patriots,0,6,0,13 Yard Pass,2nd & 20 at NE 14,07:35 3rd Shotgun,— B.Morton pass short middle to J.Westover to NE 27 for 13 yards (I.Bolden).
2026,PRESEASON WEEK 2,Saturday,August 22nd,PHI,NE,3rd Quarter,2,New England Patriots,0,7,0,-7 Yard Sack,3rd & 7 at NE 27,06:57 3rd Shotgun,— B.Morton sacked at NE 20 for -7 yards (J.Weru).
2026,PRESEASON WEEK 2,Saturday,August 22nd,PHI,NE,3rd Quarter,2,New England Patriots,0,8,0,Punt,4th & 14 at NE 20,06:20 3rd,"— B.Morton punts 42 yards to PHI 38, Center-J.Ashby. B.Covey to PHI 46 for 8 yards (J.Ashby; B.Swinson). PENALTY on NE-E.Butler, Player Out of Bounds on Kick, 5 yards, enforced at PHI 46."
2026,PRESEASON WEEK 2,Saturday,August 22nd,PHI,NE,3rd Quarter,3,Philadelphia Eagles,0,1,0,5 Yard Run,1st & 10 at NE 49,06:08 3rd Shotgun,— C.Steele left guard to NE 44 for 5 yards (R.Wilson).
2026,PRESEASON WEEK 2,Saturday,August 22nd,PHI,NE,3rd Quarter,3,Philadelphia Eagles,0,2,0,3 Yard Run,2nd & 5 at NE 44,05:27 3rd,— C.Steele left tackle to NE 41 for 3 yards (C.Muma; G.Jacas).
2026,PRESEASON WEEK 2,Saturday,August 22nd,PHI,NE,3rd Quarter,3,Philadelphia Eagles,0,3,0,1 Yard Run,3rd & 2 at NE 41,04:47 3rd Shotgun,— C.Steele right guard to NE 40 for 1 yard (E.Gregory; C.Muma).
2026,PRESEASON WEEK 2,Saturday,August 22nd,PHI,NE,3rd Quarter,3,Philadelphia Eagles,0,4,0,Pass Incomplete,4th & 1 at NE 40,04:07 3rd Shotgun,— T.McKee pass incomplete short right to Q.Watkins (L.Taylor).
2026,PRESEASON WEEK 2,Saturday,August 22nd,PHI,NE,4th Quarter,1,New England Patriots,1,1,0,6 Yard Run,1st & 10 at NE 41,04:02 3rd,— J.Miller up the middle to NE 47 for 6 yards (D.Lawson; S.Wade).
2026,PRESEASON WEEK 2,Saturday,August 22nd,PHI,NE,4th Quarter,1,New England Patriots,1,2,0,0 Yard Run,2nd & 4 at NE 47,03:27 3rd,— J.Miller right guard to NE 47 for no gain (D.Lawson; K.Gushiken).
2026,PRESEASON WEEK 2,Saturday,August 22nd,PHI,NE,4th Quarter,1,New England Patriots,1,3,0,3 Yard Run,3rd & 4 at NE 47,02:48 3rd Shotgun,— L.Larison up the middle to 50 for 3 yards (C.Campbell; A.Sam).
2026,PRESEASON WEEK 2,Saturday,August 22nd,PHI,NE,4th Quarter,1,New England Patriots,1,4,0,2 Yard Run,4th & 1 at 50,02:10 3rd,— L.Larison up the middle to PHI 48 for 2 yards (G.Hall; J.Weru).
2026,PRESEASON WEEK 2,Saturday,August 22nd,PHI,NE,4th Quarter,1,New England Patriots,1,5,0,Pass Incomplete,1st & 10 at PHI 48,01:34 3rd,— B.Morton pass incomplete short right to C.Dippre.
2026,PRESEASON WEEK 2,Saturday,August 22nd,PHI,NE,4th Quarter,1,New England Patriots,1,6,0,6 Yard Pass,2nd & 10 at PHI 48,01:30 3rd Shotgun,— B.Morton pass short left to L.Larison pushed ob at PHI 42 for 6 yards (C.Campbell) [Z.Wilson].
2026,PRESEASON WEEK 2,Saturday,August 22nd,PHI,NE,4th Quarter,1,New England Patriots,1,7,0,9 Yard Pass,3rd & 4 at PHI 42,00:54 3rd Shotgun,— B.Morton pass short right to T.Palmer to PHI 33 for 9 yards (S.Wade; J.Weru).
2026,PRESEASON WEEK 2,Saturday,August 22nd,PHI,NE,4th Quarter,1,New England Patriots,1,8,0,20 Yard Run,1st & 10 at PHI 33,00:16 3rd,— J.Miller left tackle to PHI 13 for 20 yards (M.Pulley).
2026,PRESEASON WEEK 2,Saturday,August 22nd,PHI,NE,4th Quarter,1,New England Patriots,1,9,0,0 Yard Run,1st & 10 at PHI 13,15:00 4th,— J.Miller left tackle to PHI 13 for no gain (C.Campbell).
2026,PRESEASON WEEK 2,Saturday,August 22nd,PHI,NE,4th Quarter,1,New England Patriots,1,10,0,1 Yard Run,2nd & 10 at PHI 13,14:30 4th Shotgun,— J.Miller up the middle to PHI 12 for 1 yard (C.Campbell).
2026,PRESEASON WEEK 2,Saturday,August 22nd,PHI,NE,4th Quarter,1,New England Patriots,1,11,0,10 Yard Run,3rd & 9 at PHI 12,13:59 4th,— L.Larison left guard to PHI 2 for 10 yards (S.Wade; M.Pulley).
2026,PRESEASON WEEK 2,Saturday,August 22nd,PHI,NE,4th Quarter,1,New England Patriots,1,12,1,Touchdown,1st & 2 at PHI 2,13:38 4th No Huddle,"— L.Larison left guard for 2 yards, TOUCHDOWN."
2026,PRESEASON WEEK 2,Saturday,August 22nd,PHI,NE,4th Quarter,1,New England Patriots,1,13,1,Extra Point,,13:33 4th,"— A.Borregales extra point is GOOD, Center-J.Ashby, Holder-B.Baringer."
2026,PRESEASON WEEK 2,Saturday,August 22nd,PHI,NE,4th Quarter,2,Philadelphia Eagles,0,1,0,Kickoff from NE 35,,Kickoff,— A.Borregales kicks 54 yards from NE 35 to PHI 11. Q.Watkins to PHI 27 for 16 yards (Q.Hutchins).
2026,PRESEASON WEEK 2,Saturday,August 22nd,PHI,NE,4th Quarter,2,Philadelphia Eagles,0,2,0,13 Yard Penalty,1st & 10 at PHI 27,13:24 4th,"— T.McKee pass incomplete deep right to Q.Watkins. PENALTY on NE-K.Harris, Defensive Pass Interference, 13 yards, enforced at PHI 27 - No Play."
2026,PRESEASON WEEK 2,Saturday,August 22nd,PHI,NE,4th Quarter,2,Philadelphia Eagles,0,3,0,-1 Yard Run,1st & 10 at PHI 40,13:19 4th,— C.Steele left end to PHI 39 for -1 yards (A.Gainer).
2026,PRESEASON WEEK 2,Saturday,August 22nd,PHI,NE,4th Quarter,2,Philadelphia Eagles,0,4,0,Pass Incomplete,2nd & 11 at PHI 39,12:39 4th Shotgun,— T.McKee pass incomplete short middle to C.Steele.
2026,PRESEASON WEEK 2,Saturday,August 22nd,PHI,NE,4th Quarter,2,Philadelphia Eagles,0,5,0,Pass Incomplete,3rd & 11 at PHI 39,12:35 4th Shotgun,— T.McKee pass incomplete short right to S.Smartt.
2026,PRESEASON WEEK 2,Saturday,August 22nd,PHI,NE,4th Quarter,2,Philadelphia Eagles,0,6,0,Punt,4th & 11 at PHI 39,12:31 4th,"— B.Mann punts 38 yards to NE 23, Center-R.Underwood, out of bounds."
2026,PRESEASON WEEK 2,Saturday,August 22nd,PHI,NE,4th Quarter,3,New England Patriots,0,1,0,2 Yard Run,1st & 10 at NE 23,12:25 4th,— J.Hasty up the middle to NE 25 for 2 yards (U.Bernard; D.Blay).
2026,PRESEASON WEEK 2,Saturday,August 22nd,PHI,NE,4th Quarter,3,New England Patriots,0,2,0,11 Yard Pass,2nd & 8 at NE 25,11:47 4th Shotgun,— B.Morton pass short middle to N.DeGennaro to NE 36 for 11 yards (D.Blay).
2026,PRESEASON WEEK 2,Saturday,August 22nd,PHI,NE,4th Quarter,3,New England Patriots,0,3,0,4 Yard Run,1st & 10 at NE 36,11:12 4th,— J.Miller left tackle to NE 40 for 4 yards (J.Ramirez).
2026,PRESEASON WEEK 2,Saturday,August 22nd,PHI,NE,4th Quarter,3,New England Patriots,0,4,0,3 Yard Run,2nd & 6 at NE 40,10:43 4th,— J.Miller left tackle to NE 43 for 3 yards (U.Bernard; J.Gray).
2026,PRESEASON WEEK 2,Saturday,August 22nd,PHI,NE,4th Quarter,3,New England Patriots,0,5,0,5 Yard Pass,3rd & 3 at NE 43,10:05 4th Shotgun,— B.Morton pass short left to K.Dixon to NE 48 for 5 yards (S.Wade).
2026,PRESEASON WEEK 2,Saturday,August 22nd,PHI,NE,4th Quarter,3,New England Patriots,0,6,0,3 Yard Run,1st & 10 at NE 48,09:31 4th,— J.Hasty left end to PHI 49 for 3 yards (D.Lawson).
2026,PRESEASON WEEK 2,Saturday,August 22nd,PHI,NE,4th Quarter,3,New England Patriots,0,7,0,Fumble,2nd & 7 at PHI 49,08:54 4th,"— J.Hasty left end to PHI 48 for 1 yard (S.Wade). FUMBLES (S.Wade), RECOVERED by PHI-B.George at PHI 48."
2026,PRESEASON WEEK 2,Saturday,August 22nd,PHI,NE,4th Quarter,4,Philadelphia Eagles,1,1,0,4 Yard Run,1st & 10 at PHI 48,08:44 4th,— C.Steele left tackle to NE 48 for 4 yards (B.Swinson).
2026,PRESEASON WEEK 2,Saturday,August 22nd,PHI,NE,4th Quarter,4,Philadelphia Eagles,1,2,0,8 Yard Pass,2nd & 6 at NE 48,08:12 4th,— T.McKee pass short right to S.Smartt pushed ob at NE 40 for 8 yards (P.Manuma) [A.Gainer].
2026,PRESEASON WEEK 2,Saturday,August 22nd,PHI,NE,4th Quarter,4,Philadelphia Eagles,1,3,0,-1 Yard Run,1st & 10 at NE 40,07:41 4th,"— C.Steele left tackle to NE 41 for -1 yards (M.Brown, B.Swinson)."
2026,PRESEASON WEEK 2,Saturday,August 22nd,PHI,NE,4th Quarter,4,Philadelphia Eagles,1,4,0,6 Yard Pass,2nd & 11 at NE 41,07:04 4th Shotgun,— T.McKee pass short left to E.Ezukanma to NE 35 for 6 yards (B.Crossley).
2026,PRESEASON WEEK 2,Saturday,August 22nd,PHI,NE,4th Quarter,4,Philadelphia Eagles,1,5,0,10 Yard Pass,3rd & 5 at NE 35,06:18 4th Shotgun,— T.McKee pass short middle to S.Smartt to NE 25 for 10 yards (E.Butler).
2026,PRESEASON WEEK 2,Saturday,August 22nd,PHI,NE,4th Quarter,4,Philadelphia Eagles,1,6,0,-14 Yard Run,1st & 10 at NE 25,05:38 4th,"— Q.Watkins left end pushed ob at NE 14 for 11 yards (E.Butler; A.Gainer). PENALTY on PHI-E.Ezukanma, Illegal Crackback, 15 yards, enforced at NE 24."
2026,PRESEASON WEEK 2,Saturday,August 22nd,PHI,NE,4th Quarter,4,Philadelphia Eagles,1,7,0,7 Yard Pass,1st & 24 at NE 39,05:14 4th,— T.McKee pass short left to E.Ezukanma to NE 32 for 7 yards (C.Muma).
2026,PRESEASON WEEK 2,Saturday,August 22nd,PHI,NE,4th Quarter,4,Philadelphia Eagles,1,8,0,-5 Yard Penalty,2nd & 17 at NE 32,04:30 4th Shotgun,"— PENALTY on PHI-Z.Correll, False Start, 5 yards, enforced at NE 32 - No Play."
2026,PRESEASON WEEK 2,Saturday,August 22nd,PHI,NE,4th Quarter,4,Philadelphia Eagles,1,9,0,17 Yard Pass,2nd & 22 at NE 37,04:28 4th Shotgun,— T.McKee pass short middle to E.Ezukanma to NE 20 for 17 yards (E.Butler).
2026,PRESEASON WEEK 2,Saturday,August 22nd,PHI,NE,4th Quarter,4,Philadelphia Eagles,1,10,1,Touchdown,3rd & 5 at NE 20,03:46 4th Shotgun,"— T.McKee pass short right to C.Steele for 20 yards, TOUCHDOWN."
2026,PRESEASON WEEK 2,Saturday,August 22nd,PHI,NE,4th Quarter,4,Philadelphia Eagles,1,11,1,Extra Point,,03:39 4th,"— J.Elliott extra point is GOOD, Center-R.Underwood, Holder-B.Mann."
2026,PRESEASON WEEK 2,Saturday,August 22nd,PHI,NE,4th Quarter,5,New England Patriots,1,1,0,Kickoff from PHI 35,,Kickoff,— J.Elliott kicks 63 yards from PHI 35 to NE 2. N.DeGennaro to NE 27 for 25 yards (T.Jackson; J.Ramirez).
2026,PRESEASON WEEK 2,Saturday,August 22nd,PHI,NE,4th Quarter,5,New England Patriots,1,2,0,Pass Incomplete,1st & 10 at NE 27,03:33 4th Shotgun,— B.Morton pass incomplete deep right to K.Prentice (I.Bolden).
2026,PRESEASON WEEK 2,Saturday,August 22nd,PHI,NE,4th Quarter,5,New England Patriots,1,3,0,4 Yard Pass,2nd & 10 at NE 27,03:27 4th Shotgun,— B.Morton pass short left to C.Dorner to NE 31 for 4 yards (S.Wade).
2026,PRESEASON WEEK 2,Saturday,August 22nd,PHI,NE,4th Quarter,5,New England Patriots,1,4,0,7 Yard Pass,3rd & 6 at NE 31,02:53 4th Shotgun,— B.Morton pass short right to L.Larison to NE 38 for 7 yards (D.Lawson).
2026,PRESEASON WEEK 2,Saturday,August 22nd,PHI,NE,4th Quarter,5,New England Patriots,1,5,0,Pass Incomplete,1st & 10 at NE 38,02:45 4th Shotgun,— B.Morton pass incomplete short right to J.Westover (G.Hall).
2026,PRESEASON WEEK 2,Saturday,August 22nd,PHI,NE,4th Quarter,5,New England Patriots,1,6,0,9 Yard Pass,2nd & 10 at NE 38,02:41 4th Shotgun,— B.Morton pass short middle to N.DeGennaro to NE 47 for 9 yards (M.Pulley).
2026,PRESEASON WEEK 2,Saturday,August 22nd,PHI,NE,4th Quarter,5,New England Patriots,1,7,0,2 Yard Run,3rd & 1 at NE 47,02:05 4th Shotgun,— L.Larison up the middle to NE 49 for 2 yards (K.Gushiken).
2026,PRESEASON WEEK 2,Saturday,August 22nd,PHI,NE,4th Quarter,5,New England Patriots,1,8,0,2 Yard Run,1st & 10 at NE 49,02:00 4th Shotgun,— L.Larison right tackle to PHI 49 for 2 yards (M.Pulley).
2026,PRESEASON WEEK 2,Saturday,August 22nd,PHI,NE,4th Quarter,5,New England Patriots,1,9,0,Pass Incomplete,2nd & 8 at PHI 49,01:34 4th Shotgun,— B.Morton pass incomplete deep left to T.Palmer.
2026,PRESEASON WEEK 2,Saturday,August 22nd,PHI,NE,4th Quarter,5,New England Patriots,1,10,0,7 Yard Pass,3rd & 8 at PHI 49,01:28 4th Shotgun,"— B.Morton pass short left to C.Dorner to PHI 40 for 9 yards (S.Wade). The Replay Official reviewed the first down ruling, and the play was REVERSED. (Shotgun) B.Morton pass short left to C.Dorner to PHI 42 for 7 yards (S.Wade). 10-second runoff."
2026,PRESEASON WEEK 2,Saturday,August 22nd,PHI,NE,4th Quarter,5,New England Patriots,1,11,0,5 Yard Pass,4th & 1 at PHI 42,01:13 4th Shotgun,— B.Morton pass short left to K.Dixon to PHI 37 for 5 yards (S.Wade).
2026,PRESEASON WEEK 2,Saturday,August 22nd,PHI,NE,4th Quarter,5,New England Patriots,1,12,0,Timeout,,01:07 4th,— Timeout #1 by NE at 01:07.
2026,PRESEASON WEEK 2,Saturday,August 22nd,PHI,NE,4th Quarter,5,New England Patriots,1,13,0,Penalty,1st & 10 at PHI 37,01:07 4th Shotgun,"— B.Morton pass incomplete deep left to C.Dorner. Penalty on PHI-S.Wade, Defensive Pass Interference, offsetting, enforced at PHI 37 - No Play. Penalty on NE-N.DeGennaro, Illegal Shift, offsetting."
2026,PRESEASON WEEK 2,Saturday,August 22nd,PHI,NE,4th Quarter,5,New England Patriots,1,14,1,Touchdown,1st & 10 at PHI 37,01:03 4th Shotgun,"— B.Morton pass deep right to N.DeGennaro for 37 yards, TOUCHDOWN."
2026,PRESEASON WEEK 2,Saturday,August 22nd,PHI,NE,4th Quarter,5,New England Patriots,1,15,1,Extra Point,,00:57 4th,"— A.Borregales extra point is GOOD, Center-J.Ashby, Holder-B.Baringer."
2026,PRESEASON WEEK 2,Saturday,August 22nd,PHI,NE,4th Quarter,6,Philadelphia Eagles,0,1,0,Kickoff from NE 35,,Kickoff,— A.Borregales kicks 51 yards from NE 35 to PHI 14. Q.Watkins pushed ob at PHI 28 for 14 yards (J.Hasty).
2026,PRESEASON WEEK 2,Saturday,August 22nd,PHI,NE,4th Quarter,6,Philadelphia Eagles,0,2,0,-10 Yard Penalty,1st & 10 at PHI 28,00:53 4th Shotgun,"— C.Payton pass short left to B.Hayes to PHI 37 for 9 yards (K.Prunty; C.Muma). NE-C.Muma was injured during the play. PENALTY on PHI-Z.Correll, Illegal Use of Hands, 10 yards, enforced at PHI 28 - No Play."
2026,PRESEASON WEEK 2,Saturday,August 22nd,PHI,NE,4th Quarter,6,Philadelphia Eagles,0,3,0,Timeout,,00:47 4th,— Timeout #2 by NE at 00:47.
2026,PRESEASON WEEK 2,Saturday,August 22nd,PHI,NE,4th Quarter,6,Philadelphia Eagles,0,4,0,10 Yard Pass,1st & 20 at PHI 18,00:47 4th Shotgun,— C.Payton pass short left to S.Smartt to PHI 28 for 10 yards (N.Obiazor).
2026,PRESEASON WEEK 2,Saturday,August 22nd,PHI,NE,4th Quarter,6,Philadelphia Eagles,0,5,0,Timeout,,00:42 4th,— Timeout #1 by PHI at 00:42.
2026,PRESEASON WEEK 2,Saturday,August 22nd,PHI,NE,4th Quarter,6,Philadelphia Eagles,0,6,0,Fumble,2nd & 10 at PHI 28,00:42 4th Shotgun,"— C.Payton sacked at PHI 19 for -9 yards (Q.Hutchins). FUMBLES (Q.Hutchins), RECOVERED by NE-C.Rogers at PHI 20."
2026,PRESEASON WEEK 2,Saturday,August 22nd,PHI,NE,4th Quarter,7,New England Patriots,0,1,0,-1 Yard Run,1st & 10 at PHI 20,00:36 4th,— B.Morton kneels to PHI 21 for -1 yards.
2026,PRESEASON WEEK 2,Saturday,August 22nd,KC,TB,1st Quarter,1,Kansas City Chiefs,0,1,0,Kickoff from TB 35,,Kickoff,"— C.McLaughlin kicks 65 yards from TB 35 to end zone, Touchback to the KC 35."
2026,PRESEASON WEEK 2,Saturday,August 22nd,KC,TB,1st Quarter,1,Kansas City Chiefs,0,2,0,3 Yard Run,1st & 10 at KC 35,15:00 1st,— K.Walker left tackle to KC 38 for 3 yards (C.Kancey; A.Anzalone).
2026,PRESEASON WEEK 2,Saturday,August 22nd,KC,TB,1st Quarter,1,Kansas City Chiefs,0,3,0,1 Yard Run,2nd & 7 at KC 38,14:24 1st,— K.Walker right end to KC 39 for 1 yard (Z.McCollum).
2026,PRESEASON WEEK 2,Saturday,August 22nd,KC,TB,1st Quarter,1,Kansas City Chiefs,0,4,0,3 Yard Pass,3rd & 6 at KC 39,13:37 1st Shotgun,— J.Fields pass short middle to C.Allen to KC 42 for 3 yards (K.Scott) [Y.Diaby].
2026,PRESEASON WEEK 2,Saturday,August 22nd,KC,TB,1st Quarter,1,Kansas City Chiefs,0,5,0,Punt,4th & 3 at KC 42,13:01 1st,"— M.Araiza punts 38 yards to TB 20, Center-J.Winchester, fair catch by K.Johnson."
2026,PRESEASON WEEK 2,Saturday,August 22nd,KC,TB,1st Quarter,2,Tampa Bay Buccaneers,0,1,0,5 Yard Run,1st & 10 at TB 20,12:53 1st,— B.Irving right guard to TB 25 for 5 yards (N.Bolton; X.Nwankpa).
2026,PRESEASON WEEK 2,Saturday,August 22nd,KC,TB,1st Quarter,2,Tampa Bay Buccaneers,0,2,0,7 Yard Run,2nd & 5 at TB 25,12:17 1st,— B.Irving right end to TB 32 for 7 yards (N.Williams; C.Roland-Wallace).
2026,PRESEASON WEEK 2,Saturday,August 22nd,KC,TB,1st Quarter,2,Tampa Bay Buccaneers,0,3,0,2 Yard Run,1st & 10 at TB 32,11:39 1st,— B.Irving up the middle to TB 34 for 2 yards (F.Anudike-Uzomah).
2026,PRESEASON WEEK 2,Saturday,August 22nd,KC,TB,1st Quarter,2,Tampa Bay Buccaneers,0,4,0,-15 Yard Run,2nd & 8 at TB 34,10:56 1st,"— K.Gainwell left tackle to TB 34 for no gain (N.Bolton). PENALTY on TB-T.Hurst, Unnecessary Roughness, 15 yards, enforced at TB 34."
2026,PRESEASON WEEK 2,Saturday,August 22nd,KC,TB,1st Quarter,2,Tampa Bay Buccaneers,0,5,0,11 Yard Pass,3rd & 23 at TB 19,10:28 1st Shotgun,— B.Mayfield pass short right to K.Johnson to TB 30 for 11 yards (J.Bassa; X.Nwankpa).
2026,PRESEASON WEEK 2,Saturday,August 22nd,KC,TB,1st Quarter,2,Tampa Bay Buccaneers,0,6,0,Punt,4th & 12 at TB 30,09:55 1st,"— R.Dixon punts 53 yards to KC 17, Center-E.Deckers. N.Remigio to KC 32 for 15 yards (A.Nelson; R.Wisdom). PENALTY on KC-C.Roland-Wallace, Offensive Holding, 10 yards, enforced at KC 24."
2026,PRESEASON WEEK 2,Saturday,August 22nd,KC,TB,1st Quarter,3,Kansas City Chiefs,0,1,0,1 Yard Pass,1st & 10 at KC 14,09:42 1st Shotgun,— J.Fields pass short right to J.Royals to KC 15 for 1 yard (K.Scott) [T.Smith].
2026,PRESEASON WEEK 2,Saturday,August 22nd,KC,TB,1st Quarter,3,Kansas City Chiefs,0,2,0,5 Yard Pass,2nd & 9 at KC 15,09:02 1st Shotgun,— J.Fields pass short left to T.Thornton to KC 20 for 5 yards (J.Parrish).
2026,PRESEASON WEEK 2,Saturday,August 22nd,KC,TB,1st Quarter,3,Kansas City Chiefs,0,3,0,Pass Incomplete,3rd & 4 at KC 20,08:18 1st Shotgun,— J.Fields pass incomplete short right to C.Allen.
2026,PRESEASON WEEK 2,Saturday,August 22nd,KC,TB,1st Quarter,3,Kansas City Chiefs,0,4,0,Punt,4th & 4 at KC 20,08:14 1st,"— M.Araiza punts 52 yards to TB 28, Center-J.Winchester. K.Johnson pushed ob at TB 29 for 1 yard (J.Bassa)."
2026,PRESEASON WEEK 2,Saturday,August 22nd,KC,TB,1st Quarter,4,Tampa Bay Buccaneers,0,1,0,Pass Incomplete,1st & 10 at TB 29,08:02 1st,— B.Mayfield pass incomplete short right to D.Sills.
2026,PRESEASON WEEK 2,Saturday,August 22nd,KC,TB,1st Quarter,4,Tampa Bay Buccaneers,0,2,0,-1 Yard Pass,2nd & 10 at TB 29,07:57 1st Shotgun,— B.Mayfield pass short left to D.Sills to TB 28 for -1 yards (C.Roland-Wallace).
2026,PRESEASON WEEK 2,Saturday,August 22nd,KC,TB,1st Quarter,4,Tampa Bay Buccaneers,0,3,0,Pass Incomplete,3rd & 11 at TB 28,07:17 1st Shotgun,— B.Mayfield pass incomplete short right to T.Hurst (R.Thomas).
2026,PRESEASON WEEK 2,Saturday,August 22nd,KC,TB,1st Quarter,4,Tampa Bay Buccaneers,0,4,0,Penalty,4th & 11 at TB 28,07:12 1st,"— R.Dixon punts 59 yards to KC 13, Center-E.Deckers. C.Allen to KC 18 for 5 yards (D.Sills). Penalty on TB-K.Scott, Unsportsmanlike Conduct, offsetting, enforced at TB 28 - No Play. Penalty on KC-X.Nwankpa, Illegal Use of Hands, offsetting."
2026,PRESEASON WEEK 2,Saturday,August 22nd,KC,TB,1st Quarter,4,Tampa Bay Buccaneers,0,5,0,Punt,4th & 11 at TB 28,07:01 1st,"— R.Dixon punts 51 yards to KC 21, Center-E.Deckers. B.Smith to KC 20 for -1 yards (A.Nelson; R.Wisdom)."
2026,PRESEASON WEEK 2,Saturday,August 22nd,KC,TB,1st Quarter,5,Kansas City Chiefs,0,1,0,7 Yard Run,1st & 10 at KC 20,06:49 1st,— E.Demercado up the middle to KC 27 for 7 yards (E.Simmons; E.Roberts).
2026,PRESEASON WEEK 2,Saturday,August 22nd,KC,TB,1st Quarter,5,Kansas City Chiefs,0,2,0,-5 Yard Penalty,2nd & 3 at KC 27,06:16 1st Shotgun,"— PENALTY on KC-K.Benson, False Start, 5 yards, enforced at KC 27 - No Play."
2026,PRESEASON WEEK 2,Saturday,August 22nd,KC,TB,1st Quarter,5,Kansas City Chiefs,0,3,0,4 Yard Pass,2nd & 8 at KC 22,05:53 1st Shotgun,— J.Fields pass short right to J.Wiley to KC 26 for 4 yards (R.Wisdom).
2026,PRESEASON WEEK 2,Saturday,August 22nd,KC,TB,1st Quarter,5,Kansas City Chiefs,0,4,0,8 Yard Pass,3rd & 4 at KC 26,05:13 1st Shotgun,— J.Fields pass short right to E.Demercado to KC 34 for 8 yards (R.Wisdom).
2026,PRESEASON WEEK 2,Saturday,August 22nd,KC,TB,1st Quarter,5,Kansas City Chiefs,0,5,0,5 Yard Run,1st & 10 at KC 34,04:35 1st Shotgun,— E.Demercado right end to KC 39 for 5 yards (A.Garnes).
2026,PRESEASON WEEK 2,Saturday,August 22nd,KC,TB,1st Quarter,5,Kansas City Chiefs,0,6,0,2 Yard Run,2nd & 5 at KC 39,03:59 1st,— E.Demercado right guard to KC 41 for 2 yards (C.Fordham).
2026,PRESEASON WEEK 2,Saturday,August 22nd,KC,TB,1st Quarter,5,Kansas City Chiefs,0,7,0,-3 Yard Sack,3rd & 3 at KC 41,03:14 1st Shotgun,"— J.Fields sacked at KC 33 for -8 yards (A.Nelson). FUMBLES (A.Nelson), recovered by KC-K.Benson at KC 31. K.Benson to KC 38 for 7 yards (C.Fordham, K.Scott). Penalty on KC-J.Briningstool, Illegal Blindside Block, declined."
2026,PRESEASON WEEK 2,Saturday,August 22nd,KC,TB,1st Quarter,5,Kansas City Chiefs,0,8,0,Punt,4th & 6 at KC 38,03:00 1st,"— M.Araiza punts 58 yards to TB 4, Center-J.Winchester. K.Johnson ran ob at TB 27 for 23 yards (Ty.Smith)."
2026,PRESEASON WEEK 2,Saturday,August 22nd,KC,TB,1st Quarter,6,Tampa Bay Buccaneers,0,1,0,6 Yard Run,1st & 10 at TB 27,02:47 1st,— J.Browning scrambles right end to TB 33 for 6 yards (N.Williams; M.Harris).
2026,PRESEASON WEEK 2,Saturday,August 22nd,KC,TB,1st Quarter,6,Tampa Bay Buccaneers,0,2,0,-9 Yard Sack,2nd & 4 at TB 33,02:10 1st Shotgun,— J.Browning sacked at TB 24 for -9 yards (F.Anudike-Uzomah).
2026,PRESEASON WEEK 2,Saturday,August 22nd,KC,TB,1st Quarter,6,Tampa Bay Buccaneers,0,3,0,6 Yard Pass,3rd & 13 at TB 24,01:38 1st Shotgun,— J.Daniels pass short left to D.Patterson pushed ob at TB 30 for 6 yards (C.Roland-Wallace) [R.Thomas].
2026,PRESEASON WEEK 2,Saturday,August 22nd,KC,TB,1st Quarter,6,Tampa Bay Buccaneers,0,4,0,Punt,4th & 7 at TB 30,01:14 1st,"— R.Dixon punts 40 yards to KC 30, Center-E.Deckers, downed by TB-K.Kieft."
2026,PRESEASON WEEK 2,Saturday,August 22nd,KC,TB,2nd Quarter,1,Kansas City Chiefs,1,1,0,9 Yard Pass,1st & 10 at KC 30,01:06 1st Shotgun,— J.Fields pass short right to J.Royals to KC 39 for 9 yards (A.Garnes).
2026,PRESEASON WEEK 2,Saturday,August 22nd,KC,TB,2nd Quarter,1,Kansas City Chiefs,1,2,0,7 Yard Run,2nd & 1 at KC 39,00:29 1st,— E.Johnson left tackle to KC 46 for 7 yards (X.Williams; C.Fordham).
2026,PRESEASON WEEK 2,Saturday,August 22nd,KC,TB,2nd Quarter,1,Kansas City Chiefs,1,3,0,14 Yard Pass,1st & 10 at KC 46,15:00 2nd Shotgun,— J.Fields pass short right to A.Armstrong to TB 40 for 14 yards (X.Williams).
2026,PRESEASON WEEK 2,Saturday,August 22nd,KC,TB,2nd Quarter,1,Kansas City Chiefs,1,4,0,15 Yard Pass,1st & 10 at TB 40,14:20 2nd Shotgun,— J.Fields pass short right to J.Briningstool to TB 25 for 15 yards (D.Williams).
2026,PRESEASON WEEK 2,Saturday,August 22nd,KC,TB,2nd Quarter,1,Kansas City Chiefs,1,5,0,-5 Yard Penalty,1st & 10 at TB 25,13:37 2nd,"— C.Allen right end to TB 21 for 4 yards (N.Jackson). PENALTY on KC-K.Benson, Illegal Formation, 5 yards, enforced at TB 25 - No Play."
2026,PRESEASON WEEK 2,Saturday,August 22nd,KC,TB,2nd Quarter,1,Kansas City Chiefs,1,6,0,Pass Incomplete,1st & 15 at TB 30,13:15 2nd Shotgun,— J.Fields pass incomplete short right to E.Johnson [A.Muhammad].
2026,PRESEASON WEEK 2,Saturday,August 22nd,KC,TB,2nd Quarter,1,Kansas City Chiefs,1,7,0,5 Yard Pass,2nd & 15 at TB 30,13:10 2nd,— J.Fields pass short left to J.Royals pushed ob at TB 25 for 5 yards (A.Garnes).
2026,PRESEASON WEEK 2,Saturday,August 22nd,KC,TB,2nd Quarter,1,Kansas City Chiefs,1,8,0,15 Yard Run,3rd & 10 at TB 25,12:28 2nd Shotgun,— J.Fields scrambles right end pushed ob at TB 10 for 15 yards (C.Fordham).
2026,PRESEASON WEEK 2,Saturday,August 22nd,KC,TB,2nd Quarter,1,Kansas City Chiefs,1,9,0,3 Yard Run,1st & 10 at TB 10,11:51 2nd Shotgun,— E.Demercado up the middle to TB 7 for 3 yards (E.Roberts; J.Jones).
2026,PRESEASON WEEK 2,Saturday,August 22nd,KC,TB,2nd Quarter,1,Kansas City Chiefs,1,10,0,Pass Incomplete,2nd & 7 at TB 7,11:15 2nd Shotgun,— J.Fields pass incomplete short middle to N.Remigio (I.Melifonwu).
2026,PRESEASON WEEK 2,Saturday,August 22nd,KC,TB,2nd Quarter,1,Kansas City Chiefs,1,11,0,-20 Yard Sack,3rd & 7 at TB 7,11:09 2nd Shotgun,— J.Fields sacked at TB 27 for -20 yards (sack split by M.Kamara and A.Nelson).
2026,PRESEASON WEEK 2,Saturday,August 22nd,KC,TB,2nd Quarter,1,Kansas City Chiefs,1,12,1,Field Goal,4th & 27 at TB 27,10:22 2nd,"— H.Butker 45 yard field goal is GOOD, Center-J.Winchester, Holder-M.Araiza."
2026,PRESEASON WEEK 2,Saturday,August 22nd,KC,TB,2nd Quarter,2,Tampa Bay Buccaneers,0,1,0,Kickoff from KC 35,,Kickoff,— H.Butker kicks 63 yards from KC 35 to TB 2. K.Johnson ran ob at TB 30 for 28 yards.
2026,PRESEASON WEEK 2,Saturday,August 22nd,KC,TB,2nd Quarter,2,Tampa Bay Buccaneers,0,2,0,6 Yard Run,1st & 10 at TB 30,10:12 2nd,— J.Williams left end to TB 36 for 6 yards (J.Canady; M.Harris).
2026,PRESEASON WEEK 2,Saturday,August 22nd,KC,TB,2nd Quarter,2,Tampa Bay Buccaneers,0,3,0,16 Yard Pass,2nd & 4 at TB 36,09:33 2nd,— J.Browning pass short right to J.Williams to KC 48 for 16 yards (M.Smith).
2026,PRESEASON WEEK 2,Saturday,August 22nd,KC,TB,2nd Quarter,2,Tampa Bay Buccaneers,0,4,0,-5 Yard Penalty,1st & 10 at KC 48,08:50 2nd,"— PENALTY on TB-M.Foerner, False Start, 5 yards, enforced at KC 48 - No Play."
2026,PRESEASON WEEK 2,Saturday,August 22nd,KC,TB,2nd Quarter,2,Tampa Bay Buccaneers,0,5,0,9 Yard Pass,1st & 15 at TB 47,08:27 2nd Shotgun,— J.Browning pass short left to D.Patterson pushed ob at KC 44 for 9 yards (C.Christiansen).
2026,PRESEASON WEEK 2,Saturday,August 22nd,KC,TB,2nd Quarter,2,Tampa Bay Buccaneers,0,6,0,-5 Yard Penalty,2nd & 6 at KC 44,"08:02 2nd No Huddle, Shotgun","— PENALTY on TB-P.Rubelt, False Start, 5 yards, enforced at KC 44 - No Play."
2026,PRESEASON WEEK 2,Saturday,August 22nd,KC,TB,2nd Quarter,2,Tampa Bay Buccaneers,0,7,0,8 Yard Pass,2nd & 11 at KC 49,07:38 2nd Shotgun,— J.Browning pass short right to J.Williams to KC 41 for 8 yards (J.Canady).
2026,PRESEASON WEEK 2,Saturday,August 22nd,KC,TB,2nd Quarter,2,Tampa Bay Buccaneers,0,8,0,Pass Incomplete,3rd & 3 at KC 41,06:54 2nd Shotgun,— J.Browning pass incomplete deep right to K.Johnson.
2026,PRESEASON WEEK 2,Saturday,August 22nd,KC,TB,2nd Quarter,2,Tampa Bay Buccaneers,0,9,0,-11 Yard Penalty,4th & 3 at KC 41,06:49 2nd Shotgun,"— J.Browning pass short right to D.Sills to KC 35 for 6 yards (K.Fulton). PENALTY on TB-L.Haggard, Offensive Holding, 11 yards, enforced at KC 41 - No Play."
2026,PRESEASON WEEK 2,Saturday,August 22nd,KC,TB,2nd Quarter,2,Tampa Bay Buccaneers,0,10,0,Punt,4th & 14 at TB 48,06:28 2nd,"— R.Dixon punts 42 yards to KC 10, Center-E.Deckers, downed by TB-E.Deckers."
2026,PRESEASON WEEK 2,Saturday,August 22nd,KC,TB,2nd Quarter,3,Kansas City Chiefs,1,1,0,0 Yard Run,1st & 10 at KC 10,06:16 2nd Shotgun,— E.Johnson left guard to KC 10 for no gain (R.McDaniel; E.Roberts).
2026,PRESEASON WEEK 2,Saturday,August 22nd,KC,TB,2nd Quarter,3,Kansas City Chiefs,1,2,0,11 Yard Pass,2nd & 10 at KC 10,05:42 2nd,— G.Nussmeier pass short right to J.Wiley to KC 21 for 11 yards (R.Wisdom).
2026,PRESEASON WEEK 2,Saturday,August 22nd,KC,TB,2nd Quarter,3,Kansas City Chiefs,1,3,0,5 Yard Run,1st & 10 at KC 21,05:02 2nd Shotgun,— E.Johnson right guard to KC 26 for 5 yards (J.Bullock; M.Kamara).
2026,PRESEASON WEEK 2,Saturday,August 22nd,KC,TB,2nd Quarter,3,Kansas City Chiefs,1,4,0,5 Yard Pass,2nd & 5 at KC 26,04:22 2nd Shotgun,— G.Nussmeier pass short right to J.Briningstool to KC 31 for 5 yards (D.Williams).
2026,PRESEASON WEEK 2,Saturday,August 22nd,KC,TB,2nd Quarter,3,Kansas City Chiefs,1,5,0,Pass Incomplete,1st & 10 at KC 31,03:25 2nd Shotgun,— G.Nussmeier pass incomplete short middle to J.Wiley.
2026,PRESEASON WEEK 2,Saturday,August 22nd,KC,TB,2nd Quarter,3,Kansas City Chiefs,1,6,0,12 Yard Pass,2nd & 10 at KC 31,03:21 2nd Shotgun,— G.Nussmeier pass short left to J.Royals to KC 43 for 12 yards (R.Wisdom).
2026,PRESEASON WEEK 2,Saturday,August 22nd,KC,TB,2nd Quarter,3,Kansas City Chiefs,1,7,0,Pass Incomplete,1st & 10 at KC 43,02:41 2nd,— G.Nussmeier pass incomplete deep left to A.Armstrong [D.Walker].
2026,PRESEASON WEEK 2,Saturday,August 22nd,KC,TB,2nd Quarter,3,Kansas City Chiefs,1,8,0,7 Yard Pass,2nd & 10 at KC 43,02:36 2nd Shotgun,"— G.Nussmeier pass short right to J.Royals to 50 for 7 yards (D.Williams). Penalty on TB-D.Walker, Defensive Offside, declined."
2026,PRESEASON WEEK 2,Saturday,August 22nd,KC,TB,2nd Quarter,3,Kansas City Chiefs,1,9,0,10 Yard Pass,3rd & 3 at 50,02:16 2nd,— G.Nussmeier pass short right to E.Johnson to TB 40 for 10 yards (R.Wisdom).
2026,PRESEASON WEEK 2,Saturday,August 22nd,KC,TB,2nd Quarter,3,Kansas City Chiefs,1,10,0,Pass Incomplete,1st & 10 at TB 40,02:00 2nd Shotgun,— G.Nussmeier pass incomplete deep right to C.Allen [D.Walker].
2026,PRESEASON WEEK 2,Saturday,August 22nd,KC,TB,2nd Quarter,3,Kansas City Chiefs,1,11,0,Pass Incomplete,2nd & 10 at TB 40,01:56 2nd Shotgun,"— G.Nussmeier pass short middle intended for J.Wiley INTERCEPTED by D.Williams (J.Wright) at TB 25. D.Williams to TB 29 for 4 yards (N.Remigio; M.Caliendo). The Replay Official reviewed the interception ruling, and the play was REVERSED. (Shotgun) G.Nussmeier pass incomplete short middle to J.Wiley (J.Wright)."
2026,PRESEASON WEEK 2,Saturday,August 22nd,KC,TB,2nd Quarter,3,Kansas City Chiefs,1,12,0,Pass Incomplete,3rd & 10 at TB 40,01:52 2nd Shotgun,— G.Nussmeier pass incomplete short right [M.Kamara].
2026,PRESEASON WEEK 2,Saturday,August 22nd,KC,TB,2nd Quarter,3,Kansas City Chiefs,1,13,1,Field Goal,4th & 10 at TB 40,01:46 2nd,"— H.Butker 58 yard field goal is GOOD, Center-J.Winchester, Holder-M.Araiza."
2026,PRESEASON WEEK 2,Saturday,August 22nd,KC,TB,2nd Quarter,4,Tampa Bay Buccaneers,0,1,0,Kickoff from KC 35,,Kickoff,"— H.Butker kicks 65 yards from KC 35 to end zone, Touchback to the TB 35."
2026,PRESEASON WEEK 2,Saturday,August 22nd,KC,TB,2nd Quarter,4,Tampa Bay Buccaneers,0,2,0,11 Yard Pass,1st & 10 at TB 35,01:41 2nd Shotgun,— J.Browning pass short right to K.Johnson to TB 46 for 11 yards (K.Fulton; J.Hicks).
2026,PRESEASON WEEK 2,Saturday,August 22nd,KC,TB,2nd Quarter,4,Tampa Bay Buccaneers,0,3,0,-8 Yard Sack,1st & 10 at TB 46,01:05 2nd Shotgun,"— J.Browning sacked at TB 37 for -9 yards (J.Hicks). FUMBLES (J.Hicks) [J.Hicks], touched at TB 38, recovered by TB-S.Tucker at TB 37. The Replay Official reviewed the fumble ruling, and the play was Upheld. The ruling on the field stands."
2026,PRESEASON WEEK 2,Saturday,August 22nd,KC,TB,2nd Quarter,4,Tampa Bay Buccaneers,0,4,0,8 Yard Run,2nd & 19 at TB 37,00:27 2nd Shotgun,— J.Browning scrambles up the middle to TB 45 for 8 yards (J.Canady).
2026,PRESEASON WEEK 2,Saturday,August 22nd,KC,TB,2nd Quarter,4,Tampa Bay Buccaneers,0,5,0,Timeout,,00:18 2nd,— Timeout #1 by TB at 00:18.
2026,PRESEASON WEEK 2,Saturday,August 22nd,KC,TB,2nd Quarter,4,Tampa Bay Buccaneers,0,6,0,6 Yard Pass,3rd & 11 at TB 45,00:18 2nd Shotgun,— J.Browning pass short right to B.Sharp to KC 49 for 6 yards (K.Fulton).
2026,PRESEASON WEEK 2,Saturday,August 22nd,KC,TB,2nd Quarter,4,Tampa Bay Buccaneers,0,7,0,Timeout,,00:08 2nd,— Timeout #2 by TB at 00:08.
2026,PRESEASON WEEK 2,Saturday,August 22nd,KC,TB,2nd Quarter,4,Tampa Bay Buccaneers,0,8,0,Pass Incomplete,4th & 5 at KC 49,00:08 2nd Shotgun,— J.Browning pass incomplete short middle to B.Sharp (C.Roland-Wallace) [F.Anudike-Uzomah].
2026,PRESEASON WEEK 2,Saturday,August 22nd,KC,TB,2nd Quarter,5,Kansas City Chiefs,1,1,1,Field Goal,1st & 10 at KC 49,00:03 2nd,"— H.Butker 69 yard field goal is GOOD, Center-J.Winchester, Holder-M.Araiza."
2026,PRESEASON WEEK 2,Saturday,August 22nd,KC,TB,3rd Quarter,1,Tampa Bay Buccaneers,0,1,0,Kickoff from KC 35,,Kickoff,"— H.Butker kicks 64 yards from KC 35 to TB 1. S.Tucker MUFFS catch, and recovers at TB 3. S.Tucker pushed ob at TB 33 for 30 yards (D.Singleton). PENALTY on TB-D.Culp, Illegal Block Above the Waist, 10 yards, enforced at TB 21."
2026,PRESEASON WEEK 2,Saturday,August 22nd,KC,TB,3rd Quarter,1,Tampa Bay Buccaneers,0,2,0,3 Yard Run,1st & 10 at TB 11,14:55 3rd,— J.Williams left end to TB 14 for 3 yards (Ty.Smith).
2026,PRESEASON WEEK 2,Saturday,August 22nd,KC,TB,3rd Quarter,1,Tampa Bay Buccaneers,0,3,0,7 Yard Pass,2nd & 7 at TB 14,14:21 3rd,— J.Browning pass short middle to B.Sharp to TB 21 for 7 yards (C.McDonald; C.Christiansen).
2026,PRESEASON WEEK 2,Saturday,August 22nd,KC,TB,3rd Quarter,1,Tampa Bay Buccaneers,0,4,0,22 Yard Pass,1st & 10 at TB 21,13:40 3rd,— J.Browning pass deep left to K.Johnson to TB 43 for 22 yards (M.Smith).
2026,PRESEASON WEEK 2,Saturday,August 22nd,KC,TB,3rd Quarter,1,Tampa Bay Buccaneers,0,5,0,Pass Incomplete,1st & 10 at TB 43,13:02 3rd,— J.Browning pass incomplete short middle to D.Patterson (M.Harris).
2026,PRESEASON WEEK 2,Saturday,August 22nd,KC,TB,3rd Quarter,1,Tampa Bay Buccaneers,0,6,0,5 Yard Pass,2nd & 10 at TB 43,12:58 3rd Shotgun,— J.Browning pass short left to E.Rivers to TB 48 for 5 yards (X.Nwankpa).
2026,PRESEASON WEEK 2,Saturday,August 22nd,KC,TB,3rd Quarter,1,Tampa Bay Buccaneers,0,7,0,-5 Yard Sack,3rd & 5 at TB 48,12:22 3rd Shotgun,— J.Browning sacked at TB 43 for -5 yards (A.McNeill).
2026,PRESEASON WEEK 2,Saturday,August 22nd,KC,TB,3rd Quarter,1,Tampa Bay Buccaneers,0,8,0,Punt,4th & 10 at TB 43,11:46 3rd,"— R.Dixon punts 49 yards to KC 8, Center-S.Daly. J.De Jesus to KC 12 for 4 yards (K.Scott; K.Kieft)."
2026,PRESEASON WEEK 2,Saturday,August 22nd,KC,TB,3rd Quarter,2,Kansas City Chiefs,0,1,0,1 Yard Run,1st & 10 at KC 12,11:34 3rd,— E.Demercado left guard to KC 13 for 1 yard (E.Roberts; J.Pyburn).
2026,PRESEASON WEEK 2,Saturday,August 22nd,KC,TB,3rd Quarter,2,Kansas City Chiefs,0,2,0,Pass Incomplete,2nd & 9 at KC 13,10:57 3rd Shotgun,— G.Nussmeier pass incomplete short right to A.Armstrong (A.Garnes).
2026,PRESEASON WEEK 2,Saturday,August 22nd,KC,TB,3rd Quarter,2,Kansas City Chiefs,0,3,0,Pass Incomplete,3rd & 9 at KC 13,10:53 3rd Shotgun,— G.Nussmeier pass incomplete short right to J.Briningstool (D.Williams).
2026,PRESEASON WEEK 2,Saturday,August 22nd,KC,TB,3rd Quarter,2,Kansas City Chiefs,0,4,0,Punt,4th & 9 at KC 13,10:49 3rd,"— M.Araiza punts 36 yards to KC 49, Center-J.Winchester, out of bounds."
2026,PRESEASON WEEK 2,Saturday,August 22nd,KC,TB,3rd Quarter,3,Tampa Bay Buccaneers,1,1,0,24 Yard Pass,1st & 10 at KC 49,10:41 3rd Shotgun,— J.Daniels pass deep right to D.Patterson ran ob at KC 25 for 24 yards. The pass completion was assisted by replay.
2026,PRESEASON WEEK 2,Saturday,August 22nd,KC,TB,3rd Quarter,3,Tampa Bay Buccaneers,1,2,0,10 Yard Run,1st & 10 at KC 25,10:27 3rd Shotgun,— J.Daniels right end to KC 15 for 10 yards (Ca.Jones).
2026,PRESEASON WEEK 2,Saturday,August 22nd,KC,TB,3rd Quarter,3,Tampa Bay Buccaneers,1,3,0,5 Yard Pass,1st & 10 at KC 15,09:50 3rd,— J.Daniels pass short right to D.Patterson to KC 10 for 5 yards (D.Singleton).
2026,PRESEASON WEEK 2,Saturday,August 22nd,KC,TB,3rd Quarter,3,Tampa Bay Buccaneers,1,4,0,3 Yard Run,2nd & 5 at KC 10,09:04 3rd,"— J.Daniels FUMBLES (Aborted) at KC 10, and recovers at KC 12. J.Daniels to KC 7 for 5 yards (D.Singleton)."
2026,PRESEASON WEEK 2,Saturday,August 22nd,KC,TB,3rd Quarter,3,Tampa Bay Buccaneers,1,5,0,2 Yard Pass,3rd & 2 at KC 7,08:22 3rd Shotgun,— J.Daniels pass short left to K.Kieft to KC 5 for 2 yards (D.Singleton).
2026,PRESEASON WEEK 2,Saturday,August 22nd,KC,TB,3rd Quarter,3,Tampa Bay Buccaneers,1,6,0,3 Yard Run,1st & 5 at KC 5,07:37 3rd,— S.Tucker right guard to KC 2 for 3 yards (C.Brevard; D.Singleton).
2026,PRESEASON WEEK 2,Saturday,August 22nd,KC,TB,3rd Quarter,3,Tampa Bay Buccaneers,1,7,1,Touchdown,2nd & 2 at KC 2,06:56 3rd,"— J.Daniels pass short right to K.Kieft for 2 yards, TOUCHDOWN."
2026,PRESEASON WEEK 2,Saturday,August 22nd,KC,TB,3rd Quarter,3,Tampa Bay Buccaneers,1,8,1,Extra Point,,06:50 3rd,"— B.Potter extra point is GOOD, Center-S.Daly, Holder-R.Dixon."
2026,PRESEASON WEEK 2,Saturday,August 22nd,KC,TB,3rd Quarter,4,Kansas City Chiefs,1,1,0,Kickoff from TB 35,,Kickoff,— B.Potter kicks 61 yards from TB 35 to KC 4. J.Ott to KC 25 for 21 yards (B.Sharp; J.Bullock).
2026,PRESEASON WEEK 2,Saturday,August 22nd,KC,TB,3rd Quarter,4,Kansas City Chiefs,1,2,0,2 Yard Pass,1st & 10 at KC 25,06:44 3rd,— G.Nussmeier pass short right to C.Allen to KC 27 for 2 yards (C.Fordham).
2026,PRESEASON WEEK 2,Saturday,August 22nd,KC,TB,3rd Quarter,4,Kansas City Chiefs,1,3,0,9 Yard Run,2nd & 8 at KC 27,06:09 3rd Shotgun,"— E.Johnson up the middle to KC 31 for 4 yards (J.Jones; N.Jackson). PENALTY on TB-J.Jones, Defensive Holding, 5 yards, enforced at KC 31."
2026,PRESEASON WEEK 2,Saturday,August 22nd,KC,TB,3rd Quarter,4,Kansas City Chiefs,1,4,0,17 Yard Pass,1st & 10 at KC 36,05:45 3rd,— G.Nussmeier pass deep middle to J.Royals to TB 47 for 17 yards (R.Parodie).
2026,PRESEASON WEEK 2,Saturday,August 22nd,KC,TB,3rd Quarter,4,Kansas City Chiefs,1,5,0,4 Yard Run,1st & 10 at TB 47,05:10 3rd,— E.Johnson right tackle to TB 43 for 4 yards (D.Capehart).
2026,PRESEASON WEEK 2,Saturday,August 22nd,KC,TB,3rd Quarter,4,Kansas City Chiefs,1,6,0,Pass Incomplete,2nd & 6 at TB 43,04:34 3rd Shotgun,— G.Nussmeier pass incomplete short right to J.Briningstool.
2026,PRESEASON WEEK 2,Saturday,August 22nd,KC,TB,3rd Quarter,4,Kansas City Chiefs,1,7,0,28 Yard Penalty,3rd & 6 at TB 43,04:30 3rd Shotgun,"— G.Nussmeier pass incomplete deep left to A.Armstrong. PENALTY on TB-R.Parodie, Defensive Pass Interference, 28 yards, enforced at TB 43 - No Play."
2026,PRESEASON WEEK 2,Saturday,August 22nd,KC,TB,3rd Quarter,4,Kansas City Chiefs,1,8,0,8 Yard Pass,1st & 10 at TB 15,04:25 3rd Shotgun,— G.Nussmeier pass short right to J.Briningstool to TB 7 for 8 yards (C.Fordham).
2026,PRESEASON WEEK 2,Saturday,August 22nd,KC,TB,3rd Quarter,4,Kansas City Chiefs,1,9,0,4 Yard Run,2nd & 2 at TB 7,03:46 3rd,— E.Johnson up the middle to TB 3 for 4 yards (R.Wisdom; A.Garnes).
2026,PRESEASON WEEK 2,Saturday,August 22nd,KC,TB,3rd Quarter,4,Kansas City Chiefs,1,10,0,2 Yard Pass,1st & 3 at TB 3,03:10 3rd Shotgun,— G.Nussmeier pass short middle to C.Allen to TB 1 for 2 yards (Y.Holmes).
2026,PRESEASON WEEK 2,Saturday,August 22nd,KC,TB,3rd Quarter,4,Kansas City Chiefs,1,11,1,Touchdown,2nd & 1 at TB 1,02:29 3rd Shotgun,"— E.Johnson right guard for 1 yard, TOUCHDOWN."
2026,PRESEASON WEEK 2,Saturday,August 22nd,KC,TB,3rd Quarter,4,Kansas City Chiefs,1,12,0,Extra Point No Good,,02:26 3rd,"— H.Butker extra point is GOOD, Center-J.Winchester, Holder-M.Araiza. PENALTY on KC-J.Wiley, Offensive Holding, 10 yards, enforced at TB 15 - No Play."
2026,PRESEASON WEEK 2,Saturday,August 22nd,KC,TB,3rd Quarter,4,Kansas City Chiefs,1,13,0,Extra Point No Good,,02:26 3rd,"— H.Butker extra point is No Good, Hit Right Upright, Center-J.Winchester, Holder-M.Araiza."
2026,PRESEASON WEEK 2,Saturday,August 22nd,KC,TB,4th Quarter,1,Tampa Bay Buccaneers,1,1,0,Kickoff from KC 35,,Kickoff,— H.Butker kicks 59 yards from KC 35 to TB 6. G.Greene to TB 27 for 21 yards (K.Kohou).
2026,PRESEASON WEEK 2,Saturday,August 22nd,KC,TB,4th Quarter,1,Tampa Bay Buccaneers,1,2,0,Pass Incomplete,1st & 10 at TB 27,02:21 3rd,— J.Daniels pass incomplete short right to S.Tucker.
2026,PRESEASON WEEK 2,Saturday,August 22nd,KC,TB,4th Quarter,1,Tampa Bay Buccaneers,1,3,0,14 Yard Run,2nd & 10 at TB 27,02:15 3rd Shotgun,"— J.Daniels scrambles up the middle to TB 36 for 9 yards (C.McDonald; A.McNeill). PENALTY on KC-D.Perkins-McAllister, Defensive Holding, 5 yards, enforced at TB 36."
2026,PRESEASON WEEK 2,Saturday,August 22nd,KC,TB,4th Quarter,1,Tampa Bay Buccaneers,1,4,0,7 Yard Run,1st & 10 at TB 41,01:56 3rd,— E.Rivers left end to TB 48 for 7 yards (D.Singleton; E.Hurkett).
2026,PRESEASON WEEK 2,Saturday,August 22nd,KC,TB,4th Quarter,1,Tampa Bay Buccaneers,1,5,0,8 Yard Pass,2nd & 3 at TB 48,01:17 3rd Shotgun,— J.Daniels pass short right to D.Patterson to KC 44 for 8 yards (K.Knowles).
2026,PRESEASON WEEK 2,Saturday,August 22nd,KC,TB,4th Quarter,1,Tampa Bay Buccaneers,1,6,0,Pass Incomplete,1st & 10 at KC 44,00:34 3rd,— J.Daniels pass incomplete short right.
2026,PRESEASON WEEK 2,Saturday,August 22nd,KC,TB,4th Quarter,1,Tampa Bay Buccaneers,1,7,0,9 Yard Run,2nd & 10 at KC 44,00:29 3rd Shotgun,— S.Tucker right guard to KC 35 for 9 yards (T.McCalister; D.Singleton).
2026,PRESEASON WEEK 2,Saturday,August 22nd,KC,TB,4th Quarter,1,Tampa Bay Buccaneers,1,8,0,5 Yard Penalty,3rd & 1 at KC 35,15:00 4th,"— PENALTY on KC-E.Ogbah, Neutral Zone Infraction, 5 yards, enforced at KC 35 - No Play."
2026,PRESEASON WEEK 2,Saturday,August 22nd,KC,TB,4th Quarter,1,Tampa Bay Buccaneers,1,9,0,Pass Incomplete,1st & 10 at KC 30,15:00 4th Shotgun,— J.Daniels pass incomplete short middle to K.Fletcher.
2026,PRESEASON WEEK 2,Saturday,August 22nd,KC,TB,4th Quarter,1,Tampa Bay Buccaneers,1,10,0,2 Yard Run,2nd & 10 at KC 30,14:58 4th Shotgun,— S.Tucker up the middle to KC 28 for 2 yards (T.McCalister; E.Ogbah).
2026,PRESEASON WEEK 2,Saturday,August 22nd,KC,TB,4th Quarter,1,Tampa Bay Buccaneers,1,11,0,Pass Incomplete,3rd & 8 at KC 28,14:14 4th Shotgun,— J.Daniels pass incomplete short left to E.Rivers.
2026,PRESEASON WEEK 2,Saturday,August 22nd,KC,TB,4th Quarter,1,Tampa Bay Buccaneers,1,12,1,Field Goal,4th & 8 at KC 28,14:10 4th,"— B.Potter 46 yard field goal is GOOD, Center-S.Daly, Holder-R.Dixon."
2026,PRESEASON WEEK 2,Saturday,August 22nd,KC,TB,4th Quarter,2,Kansas City Chiefs,0,1,0,Kickoff from TB 35,,Kickoff,— B.Potter kicks 65 yards from TB 35 to KC 0. E.Johnson to KC 27 for 27 yards (C.Fordham).
2026,PRESEASON WEEK 2,Saturday,August 22nd,KC,TB,4th Quarter,2,Kansas City Chiefs,0,2,0,9 Yard Run,1st & 10 at KC 27,13:59 4th Shotgun,— B.Smith right guard to KC 36 for 9 yards (J.Wright; I.Melifonwu).
2026,PRESEASON WEEK 2,Saturday,August 22nd,KC,TB,4th Quarter,2,Kansas City Chiefs,0,3,0,-5 Yard Pass,2nd & 1 at KC 36,13:24 4th Shotgun,"— C.Oladokun pass short right to B.Smith to KC 31 for -5 yards (J.Bullock, I.Melifonwu)."
2026,PRESEASON WEEK 2,Saturday,August 22nd,KC,TB,4th Quarter,2,Kansas City Chiefs,0,4,0,Interception,3rd & 6 at KC 31,12:39 4th Shotgun,— C.Oladokun pass short middle intended for T.Watson INTERCEPTED by R.Parodie at KC 37. R.Parodie pushed ob at KC 22 for 15 yards (J.Brownlee).
2026,PRESEASON WEEK 2,Saturday,August 22nd,KC,TB,4th Quarter,3,Tampa Bay Buccaneers,1,1,0,4 Yard Pass,1st & 10 at KC 22,12:28 4th Shotgun,— J.Daniels pass short left to D.Patterson to KC 18 for 4 yards (T.McCalister).
2026,PRESEASON WEEK 2,Saturday,August 22nd,KC,TB,4th Quarter,3,Tampa Bay Buccaneers,1,2,0,Pass Incomplete,2nd & 6 at KC 18,11:47 4th Shotgun,— J.Daniels pass incomplete deep left to S.Tucker.
2026,PRESEASON WEEK 2,Saturday,August 22nd,KC,TB,4th Quarter,3,Tampa Bay Buccaneers,1,3,0,8 Yard Pass,3rd & 6 at KC 18,11:42 4th Shotgun,"— J.Daniels pass short middle to G.Greene to KC 10 for 8 yards (K.Kohou). Penalty on KC-K.Arnold, Illegal Contact, declined."
2026,PRESEASON WEEK 2,Saturday,August 22nd,KC,TB,4th Quarter,3,Tampa Bay Buccaneers,1,4,0,8 Yard Run,1st & 10 at KC 10,11:19 4th,— S.Tucker right tackle to KC 2 for 8 yards (W.Bissainthe; E.Hurkett).
2026,PRESEASON WEEK 2,Saturday,August 22nd,KC,TB,4th Quarter,3,Tampa Bay Buccaneers,1,5,0,1 Yard Run,2nd & 2 at KC 2,10:38 4th,— J.Daniels scrambles right end to KC 1 for 1 yard (D.Singleton).
2026,PRESEASON WEEK 2,Saturday,August 22nd,KC,TB,4th Quarter,3,Tampa Bay Buccaneers,1,6,1,Touchdown,3rd & 1 at KC 1,10:08 4th No Huddle,"— S.Tucker left guard for 1 yard, TOUCHDOWN."
2026,PRESEASON WEEK 2,Saturday,August 22nd,KC,TB,4th Quarter,3,Tampa Bay Buccaneers,1,7,0,2PT Conversion Fails,,10:05 4th,— TWO-POINT CONVERSION ATTEMPT. J.Daniels is sacked. ATTEMPT FAILS.
2026,PRESEASON WEEK 2,Saturday,August 22nd,KC,TB,4th Quarter,4,Kansas City Chiefs,0,1,0,Kickoff from TB 35,,Kickoff,— B.Potter kicks 58 yards from TB 35 to KC 7. E.Johnson to KC 31 for 24 yards (Y.Holmes; J.Williams).
2026,PRESEASON WEEK 2,Saturday,August 22nd,KC,TB,4th Quarter,4,Kansas City Chiefs,0,2,0,18 Yard Run,1st & 10 at KC 31,09:59 4th Shotgun,— B.Smith right end pushed ob at KC 49 for 18 yards (R.Wisdom).
2026,PRESEASON WEEK 2,Saturday,August 22nd,KC,TB,4th Quarter,4,Kansas City Chiefs,0,3,0,1 Yard Run,1st & 10 at KC 49,09:33 4th,— B.Smith right tackle to 50 for 1 yard (M.Kamara; J.Pyburn).
2026,PRESEASON WEEK 2,Saturday,August 22nd,KC,TB,4th Quarter,4,Kansas City Chiefs,0,4,0,5 Yard Pass,2nd & 9 at 50,08:56 4th Shotgun,— C.Oladokun pass short right to J.Brownlee ran ob at TB 45 for 5 yards.
2026,PRESEASON WEEK 2,Saturday,August 22nd,KC,TB,4th Quarter,4,Kansas City Chiefs,0,5,0,4 Yard Pass,3rd & 4 at TB 45,08:27 4th Shotgun,— C.Oladokun pass short left to J.Brownlee to TB 41 for 4 yards (A.Garnes; J.Wright).
2026,PRESEASON WEEK 2,Saturday,August 22nd,KC,TB,4th Quarter,4,Kansas City Chiefs,0,6,0,5 Yard Run,1st & 10 at TB 41,07:47 4th Shotgun,— C.Oladokun scrambles right end to TB 36 for 5 yards (J.Bullock; T.Shaw). TB-T.Shaw was injured during the play.
2026,PRESEASON WEEK 2,Saturday,August 22nd,KC,TB,4th Quarter,4,Kansas City Chiefs,0,7,0,4 Yard Run,2nd & 5 at TB 36,07:09 4th,— B.Smith right tackle to TB 32 for 4 yards (J.Pyburn).
2026,PRESEASON WEEK 2,Saturday,August 22nd,KC,TB,4th Quarter,4,Kansas City Chiefs,0,8,0,2 Yard Run,3rd & 1 at TB 32,06:35 4th,— B.Smith up the middle to TB 30 for 2 yards (Y.Holmes).
2026,PRESEASON WEEK 2,Saturday,August 22nd,KC,TB,4th Quarter,4,Kansas City Chiefs,0,9,0,3 Yard Run,1st & 10 at TB 30,05:59 4th,— B.Smith right tackle to TB 27 for 3 yards (J.Wright; Y.Holmes).
2026,PRESEASON WEEK 2,Saturday,August 22nd,KC,TB,4th Quarter,4,Kansas City Chiefs,0,10,0,-10 Yard Penalty,2nd & 7 at TB 27,05:15 4th,"— B.Smith right end to TB 28 for -1 yards (J.Jones, X.Williams). PENALTY on KC-J.Wiley, Offensive Holding, 10 yards, enforced at TB 27 - No Play."
2026,PRESEASON WEEK 2,Saturday,August 22nd,KC,TB,4th Quarter,4,Kansas City Chiefs,0,11,0,4 Yard Pass,2nd & 17 at TB 37,04:49 4th Shotgun,— C.Oladokun pass short right to J.De Jesus to TB 33 for 4 yards (R.Parodie).
2026,PRESEASON WEEK 2,Saturday,August 22nd,KC,TB,4th Quarter,4,Kansas City Chiefs,0,12,0,7 Yard Pass,3rd & 13 at TB 33,04:08 4th Shotgun,"— C.Oladokun pass short right to B.Smith to TB 24 for 9 yards (X.Williams). FUMBLES (X.Williams), touched at TB 26, ball out of bounds at TB 24."
2026,PRESEASON WEEK 2,Saturday,August 22nd,KC,TB,4th Quarter,4,Kansas City Chiefs,0,13,0,Field Goal No Good,4th & 4 at TB 24,03:27 4th,"— H.Butker 43 yard field goal is No Good, Wide Right, Center-J.Winchester, Holder-M.Araiza."
2026,PRESEASON WEEK 2,Saturday,August 22nd,KC,TB,4th Quarter,5,Tampa Bay Buccaneers,0,1,0,2 Yard Run,1st & 10 at TB 33,03:23 4th,— B.Kpeenu left end to TB 35 for 2 yards (K.Arnold).
2026,PRESEASON WEEK 2,Saturday,August 22nd,KC,TB,4th Quarter,5,Tampa Bay Buccaneers,0,2,0,Timeout,,03:18 4th,— Timeout #1 by KC at 03:18.
2026,PRESEASON WEEK 2,Saturday,August 22nd,KC,TB,4th Quarter,5,Tampa Bay Buccaneers,0,3,0,4 Yard Run,2nd & 8 at TB 35,03:18 4th,— B.Kpeenu right tackle to TB 39 for 4 yards (C.McDonald).
2026,PRESEASON WEEK 2,Saturday,August 22nd,KC,TB,4th Quarter,5,Tampa Bay Buccaneers,0,4,0,Timeout,,03:13 4th,— Timeout #2 by KC at 03:13.
2026,PRESEASON WEEK 2,Saturday,August 22nd,KC,TB,4th Quarter,5,Tampa Bay Buccaneers,0,5,0,7 Yard Penalty,3rd & 4 at TB 39,03:13 4th Shotgun,"— J.Daniels pass incomplete short right to K.Johnson. PENALTY on KC-K.Elam, Defensive Pass Interference, 7 yards, enforced at TB 39 - No Play."
2026,PRESEASON WEEK 2,Saturday,August 22nd,KC,TB,4th Quarter,5,Tampa Bay Buccaneers,0,6,0,5 Yard Run,1st & 10 at TB 46,03:08 4th,— B.Kpeenu left tackle to KC 49 for 5 yards (Z.Vedder; C.McDonald).
2026,PRESEASON WEEK 2,Saturday,August 22nd,KC,TB,4th Quarter,5,Tampa Bay Buccaneers,0,7,0,Timeout,,03:04 4th,— Timeout #3 by KC at 03:04.
2026,PRESEASON WEEK 2,Saturday,August 22nd,KC,TB,4th Quarter,5,Tampa Bay Buccaneers,0,8,0,2 Yard Run,2nd & 5 at KC 49,03:04 4th,— B.Kpeenu left tackle to KC 47 for 2 yards (V.Anthony; D.Payne).
2026,PRESEASON WEEK 2,Saturday,August 22nd,KC,TB,4th Quarter,5,Tampa Bay Buccaneers,0,9,0,12 Yard Pass,3rd & 3 at KC 47,02:18 4th Shotgun,— J.Daniels pass short right to K.Johnson to KC 35 for 12 yards (T.McCalister).
2026,PRESEASON WEEK 2,Saturday,August 22nd,KC,TB,4th Quarter,5,Tampa Bay Buccaneers,0,10,0,-1 Yard Run,1st & 10 at KC 35,02:00 4th,— J.Daniels kneels to KC 36 for -1 yards.
2026,PRESEASON WEEK 2,Saturday,August 22nd,KC,TB,4th Quarter,5,Tampa Bay Buccaneers,0,11,0,-2 Yard Run,2nd & 11 at KC 36,01:19 4th,— J.Daniels kneels to KC 38 for -2 yards.
2026,PRESEASON WEEK 2,Saturday,August 22nd,KC,TB,4th Quarter,5,Tampa Bay Buccaneers,0,12,0,-1 Yard Run,3rd & 13 at KC 38,00:40 4th,— J.Daniels kneels to KC 39 for -1 yards.
2026,PRESEASON WEEK 2,Saturday,August 22nd,DAL,AZ,1st Quarter,1,Dallas Cowboys,0,1,0,Kickoff from AZ 35,,Kickoff,— C.Ryland kicks 62 yards from AZ 35 to DAL 3. P.Mafah to DAL 22 for 19 yards (K.Sharar).
2026,PRESEASON WEEK 2,Saturday,August 22nd,DAL,AZ,1st Quarter,1,Dallas Cowboys,0,2,0,Pass Incomplete,1st & 10 at DAL 22,14:55 1st,— J.Milton pass incomplete short right to J.Mingo.
2026,PRESEASON WEEK 2,Saturday,August 22nd,DAL,AZ,1st Quarter,1,Dallas Cowboys,0,3,0,9 Yard Pass,2nd & 10 at DAL 22,14:51 1st Shotgun,— J.Milton pass short right to J.Mingo to DAL 31 for 9 yards (D.Burke).
2026,PRESEASON WEEK 2,Saturday,August 22nd,DAL,AZ,1st Quarter,1,Dallas Cowboys,0,4,0,2 Yard Run,3rd & 1 at DAL 31,14:17 1st,— J.Milton up the middle to DAL 33 for 2 yards (K.Sharar).
2026,PRESEASON WEEK 2,Saturday,August 22nd,DAL,AZ,1st Quarter,1,Dallas Cowboys,0,5,0,3 Yard Run,1st & 10 at DAL 33,13:48 1st,— M.Davis up the middle to DAL 36 for 3 yards (C.Simon).
2026,PRESEASON WEEK 2,Saturday,August 22nd,DAL,AZ,1st Quarter,1,Dallas Cowboys,0,6,0,6 Yard Pass,2nd & 7 at DAL 36,13:15 1st Shotgun,— J.Milton pass short left to T.Johnson pushed ob at DAL 42 for 6 yards (S.Murphy-Bunting).
2026,PRESEASON WEEK 2,Saturday,August 22nd,DAL,AZ,1st Quarter,1,Dallas Cowboys,0,7,0,19 Yard Pass,3rd & 1 at DAL 42,12:47 1st,— J.Milton pass short left to L.Schoonmaker pushed ob at AZ 39 for 19 yards (K.Crawford).
2026,PRESEASON WEEK 2,Saturday,August 22nd,DAL,AZ,1st Quarter,1,Dallas Cowboys,0,8,0,5 Yard Run,1st & 10 at AZ 39,12:07 1st,— S.Gutierrez reported in as eligible. M.Davis right tackle to AZ 34 for 5 yards (K.Sharar; B.Ojulari).
2026,PRESEASON WEEK 2,Saturday,August 22nd,DAL,AZ,1st Quarter,1,Dallas Cowboys,0,9,0,13 Yard Run,2nd & 5 at AZ 34,11:30 1st Shotgun,— M.Davis up the middle to AZ 21 for 13 yards (K.Crawford).
2026,PRESEASON WEEK 2,Saturday,August 22nd,DAL,AZ,1st Quarter,1,Dallas Cowboys,0,10,0,4 Yard Run,1st & 10 at AZ 21,10:59 1st,— M.Davis left tackle to AZ 17 for 4 yards (C.Robertson).
2026,PRESEASON WEEK 2,Saturday,August 22nd,DAL,AZ,1st Quarter,1,Dallas Cowboys,0,11,0,3 Yard Run,2nd & 6 at AZ 17,10:20 1st Shotgun,— J.Blue up the middle to AZ 14 for 3 yards (D.Robinson).
2026,PRESEASON WEEK 2,Saturday,August 22nd,DAL,AZ,1st Quarter,1,Dallas Cowboys,0,12,0,2 Yard Run,3rd & 3 at AZ 14,09:45 1st Shotgun,— J.Blue up the middle to AZ 12 for 2 yards (D.Taylor-Demerson).
2026,PRESEASON WEEK 2,Saturday,August 22nd,DAL,AZ,1st Quarter,1,Dallas Cowboys,0,13,0,Pass Incomplete,4th & 1 at AZ 12,09:11 1st,— J.Milton pass incomplete short right to Z.Kuntz.
2026,PRESEASON WEEK 2,Saturday,August 22nd,DAL,AZ,1st Quarter,2,Arizona Cardinals,0,1,0,5 Yard Penalty,1st & 10 at AZ 13,09:07 1st Shotgun,"— G.Minshew pass incomplete deep left to R.Virgil. PENALTY on DAL-S.Revel, Illegal Contact, 5 yards, enforced at AZ 13 - No Play."
2026,PRESEASON WEEK 2,Saturday,August 22nd,DAL,AZ,1st Quarter,2,Arizona Cardinals,0,2,0,-9 Yard Penalty,1st & 10 at AZ 18,09:01 1st,"— C.Kiner right tackle to AZ 21 for 3 yards (M.Lawrence; A.Speed). PENALTY on AZ-T.Quitoriano, Offensive Holding, 9 yards, enforced at AZ 18 - No Play."
2026,PRESEASON WEEK 2,Saturday,August 22nd,DAL,AZ,1st Quarter,2,Arizona Cardinals,0,3,0,-1 Yard Run,1st & 19 at AZ 9,08:45 1st,— C.Kiner right tackle to AZ 8 for -1 yards (J.Barham).
2026,PRESEASON WEEK 2,Saturday,August 22nd,DAL,AZ,1st Quarter,2,Arizona Cardinals,0,4,0,2 Yard Pass,2nd & 20 at AZ 8,"08:24 1st No Huddle, Shotgun",— G.Minshew pass short left to I.Smith-Marsette to AZ 10 for 2 yards (D.Kendrick).
2026,PRESEASON WEEK 2,Saturday,August 22nd,DAL,AZ,1st Quarter,2,Arizona Cardinals,0,5,0,5 Yard Penalty,3rd & 18 at AZ 10,07:44 1st Shotgun,"— PENALTY on DAL-J.Houston, Neutral Zone Infraction, 5 yards, enforced at AZ 10 - No Play."
2026,PRESEASON WEEK 2,Saturday,August 22nd,DAL,AZ,1st Quarter,2,Arizona Cardinals,0,6,0,Interception,3rd & 13 at AZ 15,07:31 1st Shotgun,— G.Minshew pass deep middle intended for S.Fehoko INTERCEPTED by S.Revel at AZ 34. S.Revel ran ob at AZ 12 for 22 yards (Ja.Williams).
2026,PRESEASON WEEK 2,Saturday,August 22nd,DAL,AZ,1st Quarter,3,Dallas Cowboys,1,1,0,4 Yard Run,1st & 10 at AZ 12,07:22 1st Shotgun,— M.Davis up the middle to AZ 8 for 4 yards (A.Billings; D.Stills).
2026,PRESEASON WEEK 2,Saturday,August 22nd,DAL,AZ,1st Quarter,3,Dallas Cowboys,1,2,0,Pass Incomplete,2nd & 6 at AZ 8,06:46 1st Shotgun,— J.Milton pass incomplete short right to C.Brown.
2026,PRESEASON WEEK 2,Saturday,August 22nd,DAL,AZ,1st Quarter,3,Dallas Cowboys,1,3,1,Touchdown,3rd & 6 at AZ 8,06:41 1st Shotgun,"— J.Milton pass short left to M.Davis for 8 yards, TOUCHDOWN."
2026,PRESEASON WEEK 2,Saturday,August 22nd,DAL,AZ,1st Quarter,3,Dallas Cowboys,1,4,1,Extra Point,,06:33 1st,"— B.Aubrey extra point is GOOD, Center-T.Sieg, Holder-B.Anger."
2026,PRESEASON WEEK 2,Saturday,August 22nd,DAL,AZ,1st Quarter,4,Arizona Cardinals,0,1,0,Kickoff from DAL 35,,Kickoff,— B.Aubrey kicks 64 yards from DAL 35 to AZ 1. J.Brooks to AZ 29 for 28 yards (A.Clark; I.Land).
2026,PRESEASON WEEK 2,Saturday,August 22nd,DAL,AZ,1st Quarter,4,Arizona Cardinals,0,2,0,6 Yard Pass,1st & 10 at AZ 29,06:26 1st Shotgun,— G.Minshew pass short right to R.Fairweather to AZ 35 for 6 yards (J.Barham).
2026,PRESEASON WEEK 2,Saturday,August 22nd,DAL,AZ,1st Quarter,4,Arizona Cardinals,0,3,0,1 Yard Run,2nd & 4 at AZ 35,05:53 1st,— C.Kiner left tackle to AZ 36 for 1 yard (J.Toia).
2026,PRESEASON WEEK 2,Saturday,August 22nd,DAL,AZ,1st Quarter,4,Arizona Cardinals,0,4,0,Pass Incomplete,3rd & 3 at AZ 36,05:13 1st Shotgun,— G.Minshew pass incomplete deep right to J.Brooks.
2026,PRESEASON WEEK 2,Saturday,August 22nd,DAL,AZ,1st Quarter,4,Arizona Cardinals,0,5,0,Punt,4th & 3 at AZ 36,05:08 1st,"— C.Ryland punts 39 yards to DAL 25, Center-C.Kreiter, fair catch by J.Mingo."
2026,PRESEASON WEEK 2,Saturday,August 22nd,DAL,AZ,1st Quarter,5,Dallas Cowboys,1,1,0,10 Yard Run,1st & 10 at DAL 25,05:00 1st,— J.Blue up the middle to DAL 35 for 10 yards (Jo.Williams; O.Pappoe).
2026,PRESEASON WEEK 2,Saturday,August 22nd,DAL,AZ,1st Quarter,5,Dallas Cowboys,1,2,0,-3 Yard Run,1st & 10 at DAL 35,04:28 1st,— J.Blue up the middle to DAL 32 for -3 yards (E.Leota).
2026,PRESEASON WEEK 2,Saturday,August 22nd,DAL,AZ,1st Quarter,5,Dallas Cowboys,1,3,0,15 Yard Penalty,2nd & 13 at DAL 32,03:56 1st Shotgun,"— J.Milton pass incomplete deep right to Z.Kuntz. AZ-D.Taylor-Demerson was injured during the play. PENALTY on AZ-D.Taylor-Demerson, Unnecessary Roughness, 15 yards, enforced at DAL 32 - No Play."
2026,PRESEASON WEEK 2,Saturday,August 22nd,DAL,AZ,1st Quarter,5,Dallas Cowboys,1,4,1,Touchdown,1st & 10 at DAL 47,03:51 1st Shotgun,"— J.Milton pass deep left to J.Mingo for 53 yards, TOUCHDOWN."
2026,PRESEASON WEEK 2,Saturday,August 22nd,DAL,AZ,1st Quarter,5,Dallas Cowboys,1,5,1,Extra Point,,03:43 1st,"— B.Aubrey extra point is GOOD, Center-T.Sieg, Holder-B.Anger."
2026,PRESEASON WEEK 2,Saturday,August 22nd,DAL,AZ,2nd Quarter,1,Arizona Cardinals,1,1,0,Kickoff from DAL 35,,Kickoff,— B.Aubrey kicks 56 yards from DAL 35 to AZ 9. X.Weaver to AZ 28 for 19 yards (J.Wood).
2026,PRESEASON WEEK 2,Saturday,August 22nd,DAL,AZ,2nd Quarter,1,Arizona Cardinals,1,2,0,1 Yard Run,1st & 10 at AZ 28,03:38 1st,— E.Hull up the middle to AZ 29 for 1 yard (J.Barham).
2026,PRESEASON WEEK 2,Saturday,August 22nd,DAL,AZ,2nd Quarter,1,Arizona Cardinals,1,3,0,8 Yard Pass,2nd & 9 at AZ 29,03:02 1st Shotgun,— G.Minshew pass short left to J.Brooks pushed ob at AZ 37 for 8 yards (S.James).
2026,PRESEASON WEEK 2,Saturday,August 22nd,DAL,AZ,2nd Quarter,1,Arizona Cardinals,1,4,0,5 Yard Penalty,3rd & 1 at AZ 37,02:33 1st,"— C.Kiner up the middle to AZ 39 for 2 yards (A.Odeleye; D.Kendrick). PENALTY on DAL-A.Odeleye, Defensive Offside, 5 yards, enforced at AZ 37 - No Play."
2026,PRESEASON WEEK 2,Saturday,August 22nd,DAL,AZ,2nd Quarter,1,Arizona Cardinals,1,5,0,9 Yard Pass,1st & 10 at AZ 42,02:13 1st,— G.Minshew pass short right to T.Quitoriano to DAL 49 for 9 yards (S.Williams; J.Barham).
2026,PRESEASON WEEK 2,Saturday,August 22nd,DAL,AZ,2nd Quarter,1,Arizona Cardinals,1,6,0,5 Yard Pass,2nd & 1 at DAL 49,01:33 1st,— G.Minshew pass short right to R.Fairweather pushed ob at DAL 44 for 5 yards (S.James).
2026,PRESEASON WEEK 2,Saturday,August 22nd,DAL,AZ,2nd Quarter,1,Arizona Cardinals,1,7,0,37 Yard Pass,1st & 10 at DAL 44,01:04 1st,— G.Minshew pass deep right to S.Fehoko to DAL 7 for 37 yards (D.Moore).
2026,PRESEASON WEEK 2,Saturday,August 22nd,DAL,AZ,2nd Quarter,1,Arizona Cardinals,1,8,0,-10 Yard Penalty,1st & 7 at DAL 7,00:21 1st,"— E.Hull right end for 7 yards, TOUCHDOWN NULLIFIED by Penalty. PENALTY on AZ-R.Fairweather, Offensive Holding, 10 yards, enforced at DAL 7 - No Play."
2026,PRESEASON WEEK 2,Saturday,August 22nd,DAL,AZ,2nd Quarter,1,Arizona Cardinals,1,9,0,6 Yard Pass,1st & 17 at DAL 17,00:16 1st Shotgun,— G.Minshew pass short right to J.Brooks pushed ob at DAL 11 for 6 yards (D.Moore).
2026,PRESEASON WEEK 2,Saturday,August 22nd,DAL,AZ,2nd Quarter,1,Arizona Cardinals,1,10,0,3 Yard Run,2nd & 11 at DAL 11,15:00 2nd Shotgun,— G.Minshew scrambles right end ran ob at DAL 8 for 3 yards (J.Barham).
2026,PRESEASON WEEK 2,Saturday,August 22nd,DAL,AZ,2nd Quarter,1,Arizona Cardinals,1,11,0,-5 Yard Penalty,3rd & 8 at DAL 8,14:26 2nd Shotgun,"— PENALTY on AZ-M.Pryor, False Start, 5 yards, enforced at DAL 8 - No Play."
2026,PRESEASON WEEK 2,Saturday,August 22nd,DAL,AZ,2nd Quarter,1,Arizona Cardinals,1,12,0,-10 Yard Penalty,3rd & 13 at DAL 13,14:01 2nd Shotgun,"— G.Minshew pass short middle to R.Fairweather for 13 yards, TOUCHDOWN NULLIFIED by Penalty. PENALTY on AZ-R.Fairweather, Offensive Pass Interference, 10 yards, enforced at DAL 13 - No Play."
2026,PRESEASON WEEK 2,Saturday,August 22nd,DAL,AZ,2nd Quarter,1,Arizona Cardinals,1,13,0,3 Yard Pass,3rd & 23 at DAL 23,13:55 2nd Shotgun,— G.Minshew pass short right to E.Hull to DAL 20 for 3 yards (A.Clark; S.James).
2026,PRESEASON WEEK 2,Saturday,August 22nd,DAL,AZ,2nd Quarter,1,Arizona Cardinals,1,14,1,Field Goal,4th & 20 at DAL 20,13:15 2nd,"— C.Ryland 38 yard field goal is GOOD, Center-C.Kreiter, Holder-B.Gillikin."
2026,PRESEASON WEEK 2,Saturday,August 22nd,DAL,AZ,2nd Quarter,2,Dallas Cowboys,1,1,0,Kickoff from AZ 35,,Kickoff,— C.Ryland kicks 64 yards from AZ 35 to DAL 1. P.Mafah to DAL 22 for 21 yards (E.Jones).
2026,PRESEASON WEEK 2,Saturday,August 22nd,DAL,AZ,2nd Quarter,2,Dallas Cowboys,1,2,0,Timeout,,13:06 2nd,— Timeout #1 by DAL at 13:06.
2026,PRESEASON WEEK 2,Saturday,August 22nd,DAL,AZ,2nd Quarter,2,Dallas Cowboys,1,3,0,3 Yard Run,1st & 10 at DAL 22,12:59 2nd Shotgun,— J.Blue right tackle to DAL 25 for 3 yards (D.Williams).
2026,PRESEASON WEEK 2,Saturday,August 22nd,DAL,AZ,2nd Quarter,2,Dallas Cowboys,1,4,0,4 Yard Run,2nd & 7 at DAL 25,12:37 2nd,— J.Blue right tackle to DAL 29 for 4 yards (C.Robertson).
2026,PRESEASON WEEK 2,Saturday,August 22nd,DAL,AZ,2nd Quarter,2,Dallas Cowboys,1,5,0,70 Yard Pass,3rd & 3 at DAL 29,12:01 2nd Shotgun,— J.Milton pass deep left to C.Brown to AZ 1 for 70 yards (K.Clark).
2026,PRESEASON WEEK 2,Saturday,August 22nd,DAL,AZ,2nd Quarter,2,Dallas Cowboys,1,6,1,Touchdown,1st & 1 at AZ 1,11:19 2nd Shotgun,"— J.Milton up the middle for 1 yard, TOUCHDOWN. Penalty on AZ-K.Clark, Defensive Offside, declined."
2026,PRESEASON WEEK 2,Saturday,August 22nd,DAL,AZ,2nd Quarter,2,Dallas Cowboys,1,7,1,Extra Point,,11:14 2nd,"— B.Aubrey extra point is GOOD, Center-T.Sieg, Holder-B.Anger."
2026,PRESEASON WEEK 2,Saturday,August 22nd,DAL,AZ,2nd Quarter,3,Arizona Cardinals,1,1,0,Kickoff from DAL 35,,Kickoff,— B.Aubrey kicks 59 yards from DAL 35 to AZ 6. X.Weaver to AZ 28 for 22 yards (T.Wheat).
2026,PRESEASON WEEK 2,Saturday,August 22nd,DAL,AZ,2nd Quarter,3,Arizona Cardinals,1,2,0,4 Yard Run,1st & 10 at AZ 28,11:09 2nd,— C.Kiner left tackle to AZ 32 for 4 yards (J.Wood; J.Toia).
2026,PRESEASON WEEK 2,Saturday,August 22nd,DAL,AZ,2nd Quarter,3,Arizona Cardinals,1,3,0,14 Yard Pass,2nd & 6 at AZ 32,10:33 2nd,— G.Minshew pass short right to S.Bowman pushed ob at AZ 46 for 14 yards (A.Clark).
2026,PRESEASON WEEK 2,Saturday,August 22nd,DAL,AZ,2nd Quarter,3,Arizona Cardinals,1,4,0,7 Yard Run,1st & 10 at AZ 46,10:00 2nd,— C.Kiner left tackle to DAL 47 for 7 yards (J.Wood).
2026,PRESEASON WEEK 2,Saturday,August 22nd,DAL,AZ,2nd Quarter,3,Arizona Cardinals,1,5,0,13 Yard Pass,2nd & 3 at DAL 47,09:24 2nd,— G.Minshew pass short right to R.Fairweather to DAL 34 for 13 yards (A.Clark).
2026,PRESEASON WEEK 2,Saturday,August 22nd,DAL,AZ,2nd Quarter,3,Arizona Cardinals,1,6,0,5 Yard Run,1st & 10 at DAL 34,08:49 2nd,— C.Kiner right tackle to DAL 29 for 5 yards (L.Overton; D.Moore).
2026,PRESEASON WEEK 2,Saturday,August 22nd,DAL,AZ,2nd Quarter,3,Arizona Cardinals,1,7,0,2 Yard Pass,2nd & 5 at DAL 29,08:17 2nd,— G.Minshew pass short left to I.Smith-Marsette to DAL 27 for 2 yards (C.Carson).
2026,PRESEASON WEEK 2,Saturday,August 22nd,DAL,AZ,2nd Quarter,3,Arizona Cardinals,1,8,0,6 Yard Run,3rd & 3 at DAL 27,07:37 2nd,— C.Kiner up the middle to DAL 21 for 6 yards (J.Wood; C.Robinson).
2026,PRESEASON WEEK 2,Saturday,August 22nd,DAL,AZ,2nd Quarter,3,Arizona Cardinals,1,9,0,Pass Incomplete,1st & 10 at DAL 21,07:07 2nd,— G.Minshew pass incomplete short right to I.Smith-Marsette (I.Land).
2026,PRESEASON WEEK 2,Saturday,August 22nd,DAL,AZ,2nd Quarter,3,Arizona Cardinals,1,10,0,3 Yard Run,2nd & 10 at DAL 21,06:58 2nd Shotgun,— E.Hull left tackle to DAL 18 for 3 yards (I.Land).
2026,PRESEASON WEEK 2,Saturday,August 22nd,DAL,AZ,2nd Quarter,3,Arizona Cardinals,1,11,0,12 Yard Pass,3rd & 7 at DAL 18,06:16 2nd Shotgun,— G.Minshew pass short left to R.Virgil to DAL 6 for 12 yards (A.Speed).
2026,PRESEASON WEEK 2,Saturday,August 22nd,DAL,AZ,2nd Quarter,3,Arizona Cardinals,1,12,0,1 Yard Run,1st & 6 at DAL 6,05:34 2nd,— G.Minshew scrambles right tackle to DAL 5 for 1 yard (T.Wheat).
2026,PRESEASON WEEK 2,Saturday,August 22nd,DAL,AZ,2nd Quarter,3,Arizona Cardinals,1,13,0,4 Yard Run,2nd & 5 at DAL 5,04:59 2nd,"— C.Kiner up the middle to DAL 1 for 4 yards (A.Odeleye; J.Wood). Arizona challenged the short of the goal line ruling, and the play was Upheld. The ruling on the field stands. (Timeout #1.)"
2026,PRESEASON WEEK 2,Saturday,August 22nd,DAL,AZ,2nd Quarter,3,Arizona Cardinals,1,14,0,-4 Yard Penalty,3rd & 1 at DAL 1,04:23 2nd,"— PENALTY on AZ-C.Kiner, False Start, 4 yards, enforced at DAL 1 - No Play."
2026,PRESEASON WEEK 2,Saturday,August 22nd,DAL,AZ,2nd Quarter,3,Arizona Cardinals,1,15,0,-8 Yard Sack,3rd & 5 at DAL 5,04:23 2nd Shotgun,— G.Minshew sacked at DAL 13 for -8 yards (L.Overton).
2026,PRESEASON WEEK 2,Saturday,August 22nd,DAL,AZ,2nd Quarter,3,Arizona Cardinals,1,16,1,Field Goal,4th & 13 at DAL 13,03:41 2nd,"— C.Ryland 31 yard field goal is GOOD, Center-C.Kreiter, Holder-B.Gillikin."
2026,PRESEASON WEEK 2,Saturday,August 22nd,DAL,AZ,2nd Quarter,4,Dallas Cowboys,1,1,0,Kickoff from AZ 35,,Kickoff,— C.Ryland kicks 63 yards from AZ 35 to DAL 2. J.Blue to DAL 28 for 26 yards (B.Green).
2026,PRESEASON WEEK 2,Saturday,August 22nd,DAL,AZ,2nd Quarter,4,Dallas Cowboys,1,2,0,7 Yard Pass,1st & 10 at DAL 28,03:31 2nd,— J.Milton pass short right to C.Brown to DAL 35 for 7 yards (W.Williams).
2026,PRESEASON WEEK 2,Saturday,August 22nd,DAL,AZ,2nd Quarter,4,Dallas Cowboys,1,3,0,6 Yard Run,2nd & 3 at DAL 35,02:53 2nd,— J.Blue up the middle to DAL 41 for 6 yards (B.Ojulari; E.Jones).
2026,PRESEASON WEEK 2,Saturday,August 22nd,DAL,AZ,2nd Quarter,4,Dallas Cowboys,1,4,0,5 Yard Run,1st & 10 at DAL 41,02:20 2nd Shotgun,— J.Blue right tackle to DAL 46 for 5 yards (D.Williams).
2026,PRESEASON WEEK 2,Saturday,August 22nd,DAL,AZ,2nd Quarter,4,Dallas Cowboys,1,5,0,15 Yard Run,2nd & 5 at DAL 46,02:00 2nd Shotgun,— J.Blue up the middle to AZ 39 for 15 yards (K.Crawford).
2026,PRESEASON WEEK 2,Saturday,August 22nd,DAL,AZ,2nd Quarter,4,Dallas Cowboys,1,6,0,-3 Yard Pass,1st & 10 at AZ 39,01:28 2nd Shotgun,— J.Milton pass short right to T.Johnson to AZ 42 for -3 yards (K.King).
2026,PRESEASON WEEK 2,Saturday,August 22nd,DAL,AZ,2nd Quarter,4,Dallas Cowboys,1,7,0,Pass Incomplete,2nd & 13 at AZ 42,00:54 2nd Shotgun,— J.Milton pass incomplete deep right to C.Brown.
2026,PRESEASON WEEK 2,Saturday,August 22nd,DAL,AZ,2nd Quarter,4,Dallas Cowboys,1,8,0,10 Yard Pass,3rd & 13 at AZ 42,00:47 2nd Shotgun,— J.Milton pass short right to A.Smith to AZ 32 for 10 yards (K.Clark).
2026,PRESEASON WEEK 2,Saturday,August 22nd,DAL,AZ,2nd Quarter,4,Dallas Cowboys,1,9,0,Timeout,,00:41 2nd,— Timeout #2 by AZ at 00:41.
2026,PRESEASON WEEK 2,Saturday,August 22nd,DAL,AZ,2nd Quarter,4,Dallas Cowboys,1,10,1,Field Goal,4th & 3 at AZ 32,00:41 2nd,"— B.Aubrey 50 yard field goal is GOOD, Center-T.Sieg, Holder-B.Anger."
2026,PRESEASON WEEK 2,Saturday,August 22nd,DAL,AZ,2nd Quarter,5,Arizona Cardinals,0,1,0,Kickoff from DAL 35,,Kickoff,"— B.Aubrey kicks 65 yards from DAL 35 to end zone, Touchback to the AZ 35."
2026,PRESEASON WEEK 2,Saturday,August 22nd,DAL,AZ,2nd Quarter,5,Arizona Cardinals,0,2,0,5 Yard Pass,1st & 10 at AZ 35,00:36 2nd Shotgun,— G.Minshew pass short middle to R.Fairweather to AZ 40 for 5 yards (J.Barron).
2026,PRESEASON WEEK 2,Saturday,August 22nd,DAL,AZ,2nd Quarter,5,Arizona Cardinals,0,3,0,11 Yard Pass,2nd & 5 at AZ 40,"00:16 2nd No Huddle, Shotgun",— G.Minshew pass short middle to E.Hull to DAL 49 for 11 yards (J.Barron).
2026,PRESEASON WEEK 2,Saturday,August 22nd,DAL,AZ,2nd Quarter,5,Arizona Cardinals,0,4,0,Timeout,,00:10 2nd,— Timeout #3 by AZ at 00:10.
2026,PRESEASON WEEK 2,Saturday,August 22nd,DAL,AZ,2nd Quarter,5,Arizona Cardinals,0,5,0,5 Yard Pass,1st & 10 at DAL 49,00:10 2nd Shotgun,— G.Minshew pass short right to S.Fehoko ran ob at DAL 44 for 5 yards.
2026,PRESEASON WEEK 2,Saturday,August 22nd,DAL,AZ,2nd Quarter,5,Arizona Cardinals,0,6,0,Field Goal No Good,2nd & 5 at DAL 44,00:06 2nd,"— C.Ryland 62 yard field goal is No Good, Wide Right, Center-C.Kreiter, Holder-B.Gillikin."
2026,PRESEASON WEEK 2,Saturday,August 22nd,DAL,AZ,2nd Quarter,6,Dallas Cowboys,0,1,0,-1 Yard Run,1st & 10 at AZ 48,00:01 2nd,— C.Glaser and S.Gutierrez reported in as eligible. J.Milton kneels to AZ 49 for -1 yards.
2026,PRESEASON WEEK 2,Saturday,August 22nd,DAL,AZ,3rd Quarter,1,Arizona Cardinals,1,1,0,Kickoff from DAL 35,,Kickoff,— B.Aubrey kicks 64 yards from DAL 35 to AZ 1. I.Smith-Marsette to AZ 36 for 35 yards (C.Brown; L.Patterson).
2026,PRESEASON WEEK 2,Saturday,August 22nd,DAL,AZ,3rd Quarter,1,Arizona Cardinals,1,2,0,3 Yard Run,1st & 10 at AZ 36,14:51 3rd,— E.Hull left tackle to AZ 39 for 3 yards (C.Robinson; D.Withers). DAL-C.Robinson was injured during the play.
2026,PRESEASON WEEK 2,Saturday,August 22nd,DAL,AZ,3rd Quarter,1,Arizona Cardinals,1,3,0,9 Yard Pass,2nd & 7 at AZ 39,14:29 3rd Shotgun,— G.Minshew pass short middle to S.Bowman to AZ 48 for 9 yards (L.Patterson).
2026,PRESEASON WEEK 2,Saturday,August 22nd,DAL,AZ,3rd Quarter,1,Arizona Cardinals,1,4,0,6 Yard Run,1st & 10 at AZ 48,13:51 3rd,— E.Hull right tackle to DAL 46 for 6 yards (L.Patterson).
2026,PRESEASON WEEK 2,Saturday,August 22nd,DAL,AZ,3rd Quarter,1,Arizona Cardinals,1,5,0,10 Yard Pass,2nd & 4 at DAL 46,13:16 3rd,— G.Minshew pass short middle to R.Fairweather to DAL 36 for 10 yards (L.Patterson; A.Clark).
2026,PRESEASON WEEK 2,Saturday,August 22nd,DAL,AZ,3rd Quarter,1,Arizona Cardinals,1,6,0,3 Yard Run,1st & 10 at DAL 36,12:41 3rd,— E.Hull up the middle to DAL 33 for 3 yards (T.Dunn). ** Injury Update: DAL-C.Robinson has returned to the game.
2026,PRESEASON WEEK 2,Saturday,August 22nd,DAL,AZ,3rd Quarter,1,Arizona Cardinals,1,7,0,14 Yard Pass,2nd & 7 at DAL 33,12:05 3rd Shotgun,— G.Minshew pass short middle to R.Virgil to DAL 19 for 14 yards (A.Clark; J.Barron).
2026,PRESEASON WEEK 2,Saturday,August 22nd,DAL,AZ,3rd Quarter,1,Arizona Cardinals,1,8,0,6 Yard Run,1st & 10 at DAL 19,11:22 3rd,— E.Hull up the middle to DAL 13 for 6 yards (R.Steward; J.Wood).
2026,PRESEASON WEEK 2,Saturday,August 22nd,DAL,AZ,3rd Quarter,1,Arizona Cardinals,1,9,0,Pass Incomplete,2nd & 4 at DAL 13,10:52 3rd,— G.Minshew pass incomplete short middle.
2026,PRESEASON WEEK 2,Saturday,August 22nd,DAL,AZ,3rd Quarter,1,Arizona Cardinals,1,10,0,6 Yard Pass,3rd & 4 at DAL 13,10:45 3rd Shotgun,— G.Minshew pass short middle to C.Kiner to DAL 7 for 6 yards (C.Robinson).
2026,PRESEASON WEEK 2,Saturday,August 22nd,DAL,AZ,3rd Quarter,1,Arizona Cardinals,1,11,0,3 Yard Run,1st & 7 at DAL 7,10:02 3rd,— E.Hull up the middle to DAL 4 for 3 yards (I.Land; J.Wood).
2026,PRESEASON WEEK 2,Saturday,August 22nd,DAL,AZ,3rd Quarter,1,Arizona Cardinals,1,12,0,3 Yard Run,2nd & 4 at DAL 4,09:25 3rd,— E.Hull right tackle to DAL 1 for 3 yards (J.Barron).
2026,PRESEASON WEEK 2,Saturday,August 22nd,DAL,AZ,3rd Quarter,1,Arizona Cardinals,1,13,1,Touchdown,3rd & 1 at DAL 1,08:50 3rd,"— C.Kiner left tackle for 1 yard, TOUCHDOWN."
2026,PRESEASON WEEK 2,Saturday,August 22nd,DAL,AZ,3rd Quarter,1,Arizona Cardinals,1,14,1,Extra Point,,08:47 3rd,"— C.Ryland extra point is GOOD, Center-C.Kreiter, Holder-B.Gillikin."
2026,PRESEASON WEEK 2,Saturday,August 22nd,DAL,AZ,3rd Quarter,2,Dallas Cowboys,1,1,0,Kickoff from AZ 35,,Kickoff,"— C.Ryland kicks 64 yards from AZ 35 to DAL 1. M.Davis to DAL 29 for 28 yards (O.Pappoe). FUMBLES (O.Pappoe), and recovers at DAL 32."
2026,PRESEASON WEEK 2,Saturday,August 22nd,DAL,AZ,3rd Quarter,2,Dallas Cowboys,1,2,0,8 Yard Run,1st & 10 at DAL 32,08:39 3rd,— J.Blue right tackle to DAL 40 for 8 yards (C.Robertson; O.Pappoe).
2026,PRESEASON WEEK 2,Saturday,August 22nd,DAL,AZ,3rd Quarter,2,Dallas Cowboys,1,3,0,11 Yard Run,2nd & 2 at DAL 40,07:57 3rd,"— J.Blue left guard to DAL 46 for 6 yards (O.Pappoe). PENALTY on AZ-D.Williams, Defensive Holding, 5 yards, enforced at DAL 46."
2026,PRESEASON WEEK 2,Saturday,August 22nd,DAL,AZ,3rd Quarter,2,Dallas Cowboys,1,4,0,6 Yard Pass,1st & 10 at AZ 49,07:42 3rd Shotgun,— S.Howell pass short right to Z.Kuntz to AZ 43 for 6 yards (O.Pappoe).
2026,PRESEASON WEEK 2,Saturday,August 22nd,DAL,AZ,3rd Quarter,2,Dallas Cowboys,1,5,0,6 Yard Run,2nd & 4 at AZ 43,07:07 3rd Shotgun,— J.Blue up the middle to AZ 37 for 6 yards (O.Pappoe; W.Williams).
2026,PRESEASON WEEK 2,Saturday,August 22nd,DAL,AZ,3rd Quarter,2,Dallas Cowboys,1,6,0,14 Yard Pass,1st & 10 at AZ 37,06:22 3rd,— S.Howell pass short left to M.Valdes-Scantling to AZ 23 for 14 yards (K.King; W.Williams).
2026,PRESEASON WEEK 2,Saturday,August 22nd,DAL,AZ,3rd Quarter,2,Dallas Cowboys,1,7,0,8 Yard Run,1st & 10 at AZ 23,05:43 3rd,— A.Smith right end to AZ 15 for 8 yards (K.King).
2026,PRESEASON WEEK 2,Saturday,August 22nd,DAL,AZ,3rd Quarter,2,Dallas Cowboys,1,8,0,2 Yard Run,2nd & 2 at AZ 15,05:06 3rd Shotgun,— J.Blue up the middle to AZ 13 for 2 yards (W.Williams; E.Brown).
2026,PRESEASON WEEK 2,Saturday,August 22nd,DAL,AZ,3rd Quarter,2,Dallas Cowboys,1,9,0,2 Yard Run,1st & 10 at AZ 13,04:10 3rd Shotgun,— J.Blue left end to AZ 11 for 2 yards (E.Leota).
2026,PRESEASON WEEK 2,Saturday,August 22nd,DAL,AZ,3rd Quarter,2,Dallas Cowboys,1,10,0,-6 Yard Sack,2nd & 8 at AZ 11,03:27 3rd Shotgun,— S.Howell sacked at AZ 17 for -6 yards (E.Leota).
2026,PRESEASON WEEK 2,Saturday,August 22nd,DAL,AZ,3rd Quarter,2,Dallas Cowboys,1,11,0,6 Yard Run,3rd & 14 at AZ 17,02:44 3rd Shotgun,— J.Blue up the middle to AZ 11 for 6 yards (O.Pappoe; K.Sharar).
2026,PRESEASON WEEK 2,Saturday,August 22nd,DAL,AZ,3rd Quarter,2,Dallas Cowboys,1,12,1,Field Goal,4th & 8 at AZ 11,01:59 3rd,"— B.Aubrey 29 yard field goal is GOOD, Center-T.Sieg, Holder-B.Anger."
2026,PRESEASON WEEK 2,Saturday,August 22nd,DAL,AZ,4th Quarter,1,Arizona Cardinals,0,1,0,Kickoff from DAL 35,,Kickoff,— B.Aubrey kicks 60 yards from DAL 35 to AZ 5. H.Wallace to AZ 29 for 24 yards (C.Robinson).
2026,PRESEASON WEEK 2,Saturday,August 22nd,DAL,AZ,4th Quarter,1,Arizona Cardinals,0,2,0,12 Yard Pass,1st & 10 at AZ 29,01:48 3rd,— K.Slovis pass short right to I.Smith-Marsette to AZ 41 for 12 yards (J.Barron).
2026,PRESEASON WEEK 2,Saturday,August 22nd,DAL,AZ,4th Quarter,1,Arizona Cardinals,0,3,0,2 Yard Run,1st & 10 at AZ 41,01:07 3rd,— C.Kiner right tackle to AZ 43 for 2 yards (L.Patterson).
2026,PRESEASON WEEK 2,Saturday,August 22nd,DAL,AZ,4th Quarter,1,Arizona Cardinals,0,4,0,18 Yard Pass,2nd & 8 at AZ 43,00:34 3rd,— K.Slovis pass deep right to B.Green to DAL 39 for 18 yards (J.Butler).
2026,PRESEASON WEEK 2,Saturday,August 22nd,DAL,AZ,4th Quarter,1,Arizona Cardinals,0,5,0,-5 Yard Penalty,1st & 10 at DAL 39,15:00 4th,"— K.Slovis pass incomplete short left to S.Bowman. PENALTY on AZ-D.Jacobs, Ineligible Downfield Pass, 5 yards, enforced at DAL 39 - No Play."
2026,PRESEASON WEEK 2,Saturday,August 22nd,DAL,AZ,4th Quarter,1,Arizona Cardinals,0,6,0,0 Yard Run,1st & 15 at DAL 44,14:54 4th,— C.Kiner right tackle to DAL 44 for no gain (D.Withers; T.Dunn).
2026,PRESEASON WEEK 2,Saturday,August 22nd,DAL,AZ,4th Quarter,1,Arizona Cardinals,0,7,0,Pass Incomplete,2nd & 15 at DAL 44,14:16 4th Shotgun,— K.Slovis pass incomplete deep right to B.Green (T.Bridges).
2026,PRESEASON WEEK 2,Saturday,August 22nd,DAL,AZ,4th Quarter,1,Arizona Cardinals,0,8,0,Pass Incomplete,3rd & 15 at DAL 44,14:11 4th Shotgun,— K.Slovis pass incomplete short right to B.Green (J.Toia).
2026,PRESEASON WEEK 2,Saturday,August 22nd,DAL,AZ,4th Quarter,1,Arizona Cardinals,0,9,0,Punt,4th & 15 at DAL 44,14:07 4th,"— C.Ryland punts 44 yards to end zone, Center-C.Kreiter, Touchback."
2026,PRESEASON WEEK 2,Saturday,August 22nd,DAL,AZ,4th Quarter,2,Dallas Cowboys,0,1,0,25 Yard Pass,1st & 10 at DAL 20,13:59 4th Shotgun,— S.Howell pass short right to Z.Kuntz to DAL 45 for 25 yards (I.Oliver).
2026,PRESEASON WEEK 2,Saturday,August 22nd,DAL,AZ,4th Quarter,2,Dallas Cowboys,0,2,0,8 Yard Pass,1st & 10 at DAL 45,13:23 4th Shotgun,— S.Howell pass short right to A.Smith to AZ 47 for 8 yards (I.Oliver).
2026,PRESEASON WEEK 2,Saturday,August 22nd,DAL,AZ,4th Quarter,2,Dallas Cowboys,0,3,0,0 Yard Run,2nd & 2 at AZ 47,12:46 4th,— I.Abanikanda up the middle to AZ 47 for no gain (E.Leota).
2026,PRESEASON WEEK 2,Saturday,August 22nd,DAL,AZ,4th Quarter,2,Dallas Cowboys,0,4,0,3 Yard Run,3rd & 2 at AZ 47,12:09 4th Shotgun,— I.Abanikanda right tackle to AZ 44 for 3 yards (D.Williams; E.Leota).
2026,PRESEASON WEEK 2,Saturday,August 22nd,DAL,AZ,4th Quarter,2,Dallas Cowboys,0,5,0,Pass Incomplete,1st & 10 at AZ 44,11:28 4th Shotgun,— S.Howell pass incomplete deep right to A.Smith.
2026,PRESEASON WEEK 2,Saturday,August 22nd,DAL,AZ,4th Quarter,2,Dallas Cowboys,0,6,0,7 Yard Run,2nd & 10 at AZ 44,11:23 4th Shotgun,— S.Howell scrambles right end pushed ob at AZ 37 for 7 yards (E.Asante).
2026,PRESEASON WEEK 2,Saturday,August 22nd,DAL,AZ,4th Quarter,2,Dallas Cowboys,0,7,0,5 Yard Pass,3rd & 3 at AZ 37,10:45 4th Shotgun,— S.Howell pass short middle to Z.Kuntz to AZ 32 for 5 yards (O.Pappoe) [C.Robertson].
2026,PRESEASON WEEK 2,Saturday,August 22nd,DAL,AZ,4th Quarter,2,Dallas Cowboys,0,8,0,5 Yard Run,1st & 10 at AZ 32,"10:17 4th No Huddle, Shotgun",— I.Abanikanda up the middle to AZ 27 for 5 yards (E.Asante; O.Pappoe).
2026,PRESEASON WEEK 2,Saturday,August 22nd,DAL,AZ,4th Quarter,2,Dallas Cowboys,0,9,0,7 Yard Run,2nd & 5 at AZ 27,09:39 4th,— C.Glaser reported in as eligible. I.Abanikanda right tackle to AZ 20 for 7 yards (E.Culp; W.Williams).
2026,PRESEASON WEEK 2,Saturday,August 22nd,DAL,AZ,4th Quarter,2,Dallas Cowboys,0,10,0,Pass Incomplete,1st & 10 at AZ 20,08:59 4th Shotgun,— S.Howell pass incomplete deep left to J.Smith.
2026,PRESEASON WEEK 2,Saturday,August 22nd,DAL,AZ,4th Quarter,2,Dallas Cowboys,0,11,0,8 Yard Pass,2nd & 10 at AZ 20,08:54 4th Shotgun,— S.Howell pass short right to J.Hudson to AZ 12 for 8 yards (E.Culp).
2026,PRESEASON WEEK 2,Saturday,August 22nd,DAL,AZ,4th Quarter,2,Dallas Cowboys,0,12,0,Interception,3rd & 2 at AZ 12,08:08 4th Shotgun,— S.Howell pass deep middle intended for A.Smith INTERCEPTED by I.Oliver [E.Brown] at AZ -6. Touchback.
2026,PRESEASON WEEK 2,Saturday,August 22nd,DAL,AZ,4th Quarter,3,Arizona Cardinals,0,1,0,Pass Incomplete,1st & 10 at AZ 20,08:03 4th,— K.Slovis pass incomplete short middle to B.Green [J.Toia].
2026,PRESEASON WEEK 2,Saturday,August 22nd,DAL,AZ,4th Quarter,3,Arizona Cardinals,0,2,0,11 Yard Run,2nd & 10 at AZ 20,07:56 4th Shotgun,— K.Slovis scrambles right end ran ob at AZ 31 for 11 yards (R.Steward).
2026,PRESEASON WEEK 2,Saturday,August 22nd,DAL,AZ,4th Quarter,3,Arizona Cardinals,0,3,0,5 Yard Penalty,1st & 10 at AZ 31,07:23 4th,"— T.Stewart right tackle to AZ 29 for -2 yards (T.Wheat). PENALTY on DAL-J.Toia, Defensive Offside, 5 yards, enforced at AZ 31 - No Play."
2026,PRESEASON WEEK 2,Saturday,August 22nd,DAL,AZ,4th Quarter,3,Arizona Cardinals,0,4,0,-9 Yard Sack,1st & 5 at AZ 36,07:00 4th,— K.Slovis sacked at AZ 27 for -9 yards (S.Williams).
2026,PRESEASON WEEK 2,Saturday,August 22nd,DAL,AZ,4th Quarter,3,Arizona Cardinals,0,5,0,11 Yard Run,2nd & 14 at AZ 27,06:21 4th Shotgun,— T.Stewart right tackle to AZ 38 for 11 yards (Z.Childress).
2026,PRESEASON WEEK 2,Saturday,August 22nd,DAL,AZ,4th Quarter,3,Arizona Cardinals,0,6,0,Pass Incomplete,3rd & 3 at AZ 38,05:45 4th Shotgun,— K.Slovis pass incomplete short right to B.Green.
2026,PRESEASON WEEK 2,Saturday,August 22nd,DAL,AZ,4th Quarter,3,Arizona Cardinals,0,7,0,Pass Incomplete,4th & 3 at AZ 38,05:41 4th Shotgun,— K.Slovis pass incomplete short right to C.Kiner.
2026,PRESEASON WEEK 2,Saturday,August 22nd,DAL,AZ,4th Quarter,4,Dallas Cowboys,1,1,0,9 Yard Run,1st & 10 at AZ 38,05:36 4th,— I.Abanikanda up the middle to AZ 29 for 9 yards (E.Asante; K.King). AZ-K.King was injured during the play.
2026,PRESEASON WEEK 2,Saturday,August 22nd,DAL,AZ,4th Quarter,4,Dallas Cowboys,1,2,0,4 Yard Run,2nd & 1 at AZ 29,04:58 4th,— I.Abanikanda left tackle to AZ 25 for 4 yards (E.Asante).
2026,PRESEASON WEEK 2,Saturday,August 22nd,DAL,AZ,4th Quarter,4,Dallas Cowboys,1,3,0,8 Yard Run,1st & 10 at AZ 25,04:20 4th,— D.Shelton reported in as eligible. I.Abanikanda up the middle to AZ 17 for 8 yards (E.Asante; B.Ojulari).
2026,PRESEASON WEEK 2,Saturday,August 22nd,DAL,AZ,4th Quarter,4,Dallas Cowboys,1,4,0,3 Yard Run,2nd & 2 at AZ 17,03:39 4th,— I.Abanikanda up the middle to AZ 14 for 3 yards (O.Pappoe; C.Horsley).
2026,PRESEASON WEEK 2,Saturday,August 22nd,DAL,AZ,4th Quarter,4,Dallas Cowboys,1,5,0,-1 Yard Pass,1st & 10 at AZ 14,02:55 4th Shotgun,— S.Howell pass short right to D.Mims to AZ 15 for -1 yards (C.Robertson).
2026,PRESEASON WEEK 2,Saturday,August 22nd,DAL,AZ,4th Quarter,4,Dallas Cowboys,1,6,1,Touchdown,2nd & 11 at AZ 15,02:14 4th Shotgun,"— P.Mafah left end for 15 yards, TOUCHDOWN."
2026,PRESEASON WEEK 2,Saturday,August 22nd,DAL,AZ,4th Quarter,4,Dallas Cowboys,1,7,1,Extra Point,,02:05 4th,"— B.Aubrey extra point is GOOD, Center-T.Sieg, Holder-B.Anger."
2026,PRESEASON WEEK 2,Saturday,August 22nd,DAL,AZ,4th Quarter,5,Arizona Cardinals,0,1,0,Kickoff from DAL 35,,Kickoff,— B.Aubrey kicks 65 yards from DAL 35 to AZ 0. I.Smith-Marsette to AZ 32 for 32 yards (C.Robinson; J.Hudson).
2026,PRESEASON WEEK 2,Saturday,August 22nd,DAL,AZ,4th Quarter,5,Arizona Cardinals,0,2,0,13 Yard Run,1st & 10 at AZ 32,01:58 4th,— E.Hull up the middle to AZ 45 for 13 yards (A.Clark).
2026,PRESEASON WEEK 2,Saturday,August 22nd,DAL,AZ,4th Quarter,5,Arizona Cardinals,0,3,0,4 Yard Run,1st & 10 at AZ 45,01:26 4th,— E.Hull left tackle to AZ 49 for 4 yards (A.Clark; S.Williams).
2026,PRESEASON WEEK 2,Saturday,August 22nd,DAL,AZ,4th Quarter,5,Arizona Cardinals,0,4,0,6 Yard Run,2nd & 6 at AZ 49,00:50 4th,— E.Hull left end to DAL 45 for 6 yards (S.Williams; A.Clark).
2026,PRESEASON WEEK 2,Saturday,August 22nd,DAL,AZ,4th Quarter,5,Arizona Cardinals,0,5,0,29 Yard Run,1st & 10 at DAL 45,00:17 4th,— T.Stewart up the middle to DAL 16 for 29 yards (J.Butler; L.Patterson).
2026,PRESEASON WEEK 2,Sunday,August 23rd,SEA,TEN,1st Quarter,1,Seattle Seahawks,1,1,0,Kickoff from TEN 35,,Kickoff,— J.Slye kicks 60 yards from TEN 35 to SEA 5. C.White to SEA 21 for 16 yards (J.Chestnut; T.Jones).
2026,PRESEASON WEEK 2,Sunday,August 23rd,SEA,TEN,1st Quarter,1,Seattle Seahawks,1,2,0,4 Yard Run,1st & 10 at SEA 21,14:54 1st,— J.Wright left tackle to SEA 25 for 4 yards (J.Elliott; C.Gray).
2026,PRESEASON WEEK 2,Sunday,August 23rd,SEA,TEN,1st Quarter,1,Seattle Seahawks,1,3,0,8 Yard Pass,2nd & 6 at SEA 25,14:26 1st,— D.Lock pass short right to C.White to SEA 33 for 8 yards (C.Barton; C.Gray).
2026,PRESEASON WEEK 2,Sunday,August 23rd,SEA,TEN,1st Quarter,1,Seattle Seahawks,1,4,0,3 Yard Run,1st & 10 at SEA 33,13:51 1st,— J.Wright up the middle to SEA 36 for 3 yards (J.Johnson).
2026,PRESEASON WEEK 2,Sunday,August 23rd,SEA,TEN,1st Quarter,1,Seattle Seahawks,1,5,0,5 Yard Penalty,2nd & 7 at SEA 36,13:17 1st Shotgun,"— D.Lock pass short left to V.Jones to SEA 31 for -5 yards (C.Barton). PENALTY on TEN-T.Adams, Illegal Contact, 5 yards, enforced at SEA 36 - No Play."
2026,PRESEASON WEEK 2,Sunday,August 23rd,SEA,TEN,1st Quarter,1,Seattle Seahawks,1,6,0,5 Yard Pass,1st & 10 at SEA 41,12:56 1st,— D.Lock pass short right to V.Jones to SEA 46 for 5 yards (A.Hooker).
2026,PRESEASON WEEK 2,Sunday,August 23rd,SEA,TEN,1st Quarter,1,Seattle Seahawks,1,7,0,4 Yard Run,2nd & 5 at SEA 46,12:17 1st Shotgun,— V.Jones right end pushed ob at 50 for 4 yards (J.Martin).
2026,PRESEASON WEEK 2,Sunday,August 23rd,SEA,TEN,1st Quarter,1,Seattle Seahawks,1,8,0,14 Yard Pass,3rd & 1 at 50,11:47 1st,— D.Lock pass short left to E.Arroyo pushed ob at TEN 36 for 14 yards (K.Winston; C.Barton). SEA-M.Richman was injured during the play.
2026,PRESEASON WEEK 2,Sunday,August 23rd,SEA,TEN,1st Quarter,1,Seattle Seahawks,1,9,1,Touchdown,1st & 10 at TEN 36,11:17 1st Shotgun,"— D.Lock pass deep left to E.Arroyo for 36 yards, TOUCHDOWN."
2026,PRESEASON WEEK 2,Sunday,August 23rd,SEA,TEN,1st Quarter,1,Seattle Seahawks,1,10,1,Extra Point,,11:12 1st,"— J.Myers extra point is GOOD, Center-C.Stoll, Holder-M.Dickson."
2026,PRESEASON WEEK 2,Sunday,August 23rd,SEA,TEN,1st Quarter,2,Tennessee Titans,1,1,0,Kickoff from SEA 35,,Kickoff,"— J.Myers kicks 67 yards from SEA 35 to TEN -2. M.Carter pushed ob at TEN 20 for 22 yards (M.Foster). PENALTY on TEN-X.Restrepo, Offensive Holding, 10 yards, enforced at TEN 20."
2026,PRESEASON WEEK 2,Sunday,August 23rd,SEA,TEN,1st Quarter,2,Tennessee Titans,1,2,0,9 Yard Run,1st & 10 at TEN 10,11:07 1st,— T.Pollard up the middle to TEN 19 for 9 yards (C.Surratt). SEA-B.Clark was injured during the play.
2026,PRESEASON WEEK 2,Sunday,August 23rd,SEA,TEN,1st Quarter,2,Tennessee Titans,1,3,0,3 Yard Run,2nd & 1 at TEN 19,10:43 1st,— T.Pollard right guard to TEN 22 for 3 yards (R.Mills; M.Morris).
2026,PRESEASON WEEK 2,Sunday,August 23rd,SEA,TEN,1st Quarter,2,Tennessee Titans,1,4,0,5 Yard Pass,1st & 10 at TEN 22,10:07 1st Shotgun,— C.Ward pass short middle to W.Robinson to TEN 27 for 5 yards (C.Paul).
2026,PRESEASON WEEK 2,Sunday,August 23rd,SEA,TEN,1st Quarter,2,Tennessee Titans,1,5,0,Pass Incomplete,2nd & 5 at TEN 27,"09:45 1st No Huddle, Shotgun",— C.Ward pass incomplete deep left to C.Tate.
2026,PRESEASON WEEK 2,Sunday,August 23rd,SEA,TEN,1st Quarter,2,Tennessee Titans,1,6,0,33 Yard Pass,3rd & 5 at TEN 27,09:41 1st Shotgun,— C.Ward pass short left to T.Pollard pushed ob at SEA 40 for 33 yards (D.Bell).
2026,PRESEASON WEEK 2,Sunday,August 23rd,SEA,TEN,1st Quarter,2,Tennessee Titans,1,7,0,Pass Incomplete,1st & 10 at SEA 40,09:06 1st,— C.Ward pass incomplete deep right to C.Tate.
2026,PRESEASON WEEK 2,Sunday,August 23rd,SEA,TEN,1st Quarter,2,Tennessee Titans,1,8,0,3 Yard Pass,2nd & 10 at SEA 40,"09:01 1st No Huddle, Shotgun",— C.Ward pass short right to E.Ayomanor pushed ob at SEA 37 for 3 yards (J.Sheriff).
2026,PRESEASON WEEK 2,Sunday,August 23rd,SEA,TEN,1st Quarter,2,Tennessee Titans,1,9,0,Pass Incomplete,3rd & 7 at SEA 37,"08:12 1st No Huddle, Shotgun",— C.Ward pass incomplete deep left to E.Ayomanor (A.Fuller).
2026,PRESEASON WEEK 2,Sunday,August 23rd,SEA,TEN,1st Quarter,2,Tennessee Titans,1,10,1,Field Goal,4th & 7 at SEA 37,08:07 1st,"— J.Slye 55 yard field goal is GOOD, Center-M.Cox, Holder-T.Townsend."
2026,PRESEASON WEEK 2,Sunday,August 23rd,SEA,TEN,1st Quarter,3,Seattle Seahawks,1,1,0,Kickoff from TEN 35,,Kickoff,— J.Slye kicks 67 yards from TEN 35 to SEA -2. E.Henderson to SEA 21 for 23 yards (T.Adams).
2026,PRESEASON WEEK 2,Sunday,August 23rd,SEA,TEN,1st Quarter,3,Seattle Seahawks,1,2,0,-2 Yard Run,1st & 10 at SEA 21,07:59 1st,— J.Wright left tackle to SEA 19 for -2 yards (M.Harris).
2026,PRESEASON WEEK 2,Sunday,August 23rd,SEA,TEN,1st Quarter,3,Seattle Seahawks,1,3,0,3 Yard Pass,2nd & 12 at SEA 19,07:25 1st Shotgun,— D.Lock pass short right to E.Saubert to SEA 22 for 3 yards (C.Gray) [J.Johnson].
2026,PRESEASON WEEK 2,Sunday,August 23rd,SEA,TEN,1st Quarter,3,Seattle Seahawks,1,4,0,9 Yard Run,3rd & 9 at SEA 22,06:40 1st Shotgun,— D.Lock scrambles right tackle to SEA 31 for 9 yards (A.Hooker).
2026,PRESEASON WEEK 2,Sunday,August 23rd,SEA,TEN,1st Quarter,3,Seattle Seahawks,1,5,1,Touchdown,1st & 10 at SEA 31,05:53 1st,"— J.Wright up the middle for 69 yards, TOUCHDOWN. PENALTY on SEA, Unsportsmanlike Conduct, 15 yards, enforced between downs."
2026,PRESEASON WEEK 2,Sunday,August 23rd,SEA,TEN,1st Quarter,3,Seattle Seahawks,1,6,0,Extra Point No Good,,05:43 1st,"— J.Myers extra point is No Good, Wide Right, Center-C.Stoll, Holder-M.Dickson."
2026,PRESEASON WEEK 2,Sunday,August 23rd,SEA,TEN,1st Quarter,4,Tennessee Titans,0,1,0,Kickoff from SEA 35,,Kickoff,— J.Myers kicks 68 yards from SEA 35 to TEN -3. H.Beatty pushed ob at TEN 26 for 29 yards (M.Foster).
2026,PRESEASON WEEK 2,Sunday,August 23rd,SEA,TEN,1st Quarter,4,Tennessee Titans,0,2,0,6 Yard Pass,1st & 10 at TEN 26,05:38 1st Shotgun,— C.Ward pass short left to W.Robinson to TEN 32 for 6 yards (C.Paul).
2026,PRESEASON WEEK 2,Sunday,August 23rd,SEA,TEN,1st Quarter,4,Tennessee Titans,0,3,0,2 Yard Run,2nd & 4 at TEN 32,05:01 1st,— T.Spears right guard to TEN 34 for 2 yards (J.Ivey).
2026,PRESEASON WEEK 2,Sunday,August 23rd,SEA,TEN,1st Quarter,4,Tennessee Titans,0,4,0,1 Yard Pass,3rd & 2 at TEN 34,04:17 1st Shotgun,— C.Ward pass short left to T.Spears to TEN 35 for 1 yard (C.Surratt).
2026,PRESEASON WEEK 2,Sunday,August 23rd,SEA,TEN,1st Quarter,4,Tennessee Titans,0,5,0,Turnover on Downs,4th & 1 at TEN 35,03:49 1st,— T.Spears left guard to TEN 35 for no gain (C.Paul).
2026,PRESEASON WEEK 2,Sunday,August 23rd,SEA,TEN,1st Quarter,5,Seattle Seahawks,1,1,0,5 Yard Penalty,1st & 10 at TEN 35,03:43 1st,"— D.Lock pass deep left intended for C.White INTERCEPTED by K.Winston at TEN 3. K.Winston ran ob at TEN 3 for no gain. PENALTY on TEN-C.Flott, Illegal Contact, 5 yards, enforced at TEN 35 - No Play."
2026,PRESEASON WEEK 2,Sunday,August 23rd,SEA,TEN,1st Quarter,5,Seattle Seahawks,1,2,0,-3 Yard Run,1st & 10 at TEN 30,03:37 1st,— V.Jones right end to TEN 33 for -3 yards (C.Gray).
2026,PRESEASON WEEK 2,Sunday,August 23rd,SEA,TEN,1st Quarter,5,Seattle Seahawks,1,3,0,2 Yard Pass,2nd & 13 at TEN 33,02:55 1st Shotgun,— D.Lock pass short right to J.Wright pushed ob at TEN 31 for 2 yards (A.Taylor).
2026,PRESEASON WEEK 2,Sunday,August 23rd,SEA,TEN,1st Quarter,5,Seattle Seahawks,1,4,0,-5 Yard Penalty,3rd & 11 at TEN 31,02:19 1st Shotgun,"— PENALTY on SEA-M.Foster, False Start, 5 yards, enforced at TEN 31 - No Play."
2026,PRESEASON WEEK 2,Sunday,August 23rd,SEA,TEN,1st Quarter,5,Seattle Seahawks,1,5,0,7 Yard Pass,3rd & 16 at TEN 36,01:58 1st Shotgun,— D.Lock pass short left to E.Henderson pushed ob at TEN 29 for 7 yards (M.Harris).
2026,PRESEASON WEEK 2,Sunday,August 23rd,SEA,TEN,1st Quarter,5,Seattle Seahawks,1,6,1,Field Goal,4th & 9 at TEN 29,01:24 1st,"— J.Myers 48 yard field goal is GOOD, Center-C.Stoll, Holder-M.Dickson."
2026,PRESEASON WEEK 2,Sunday,August 23rd,SEA,TEN,2nd Quarter,1,Tennessee Titans,0,1,0,Kickoff from SEA 35,,Kickoff,— J.Myers kicks 66 yards from SEA 35 to TEN -1. C.Jackson to TEN 24 for 25 yards (C.White).
2026,PRESEASON WEEK 2,Sunday,August 23rd,SEA,TEN,2nd Quarter,1,Tennessee Titans,0,2,0,-10 Yard Penalty,1st & 10 at TEN 24,01:13 1st Shotgun,"— C.Ward pass incomplete short left to G.Helm (D.Bell). PENALTY on TEN-A.Schlottmann, Offensive Holding, 10 yards, enforced at TEN 24 - No Play."
2026,PRESEASON WEEK 2,Sunday,August 23rd,SEA,TEN,2nd Quarter,1,Tennessee Titans,0,3,0,8 Yard Pass,1st & 20 at TEN 14,01:09 1st Shotgun,— C.Ward pass short middle to D.Bellinger to TEN 22 for 8 yards (D.Bell; C.Paul).
2026,PRESEASON WEEK 2,Sunday,August 23rd,SEA,TEN,2nd Quarter,1,Tennessee Titans,0,4,0,4 Yard Pass,2nd & 12 at TEN 22,"00:47 1st No Huddle, Shotgun",— C.Ward pass short left to T.Spears to TEN 26 for 4 yards (D.Bell).
2026,PRESEASON WEEK 2,Sunday,August 23rd,SEA,TEN,2nd Quarter,1,Tennessee Titans,0,5,0,14 Yard Penalty,3rd & 8 at TEN 26,"00:15 1st No Huddle, Shotgun","— C.Ward pass incomplete deep left to C.Ridley. PENALTY on SEA-N.Igbinoghene, Defensive Pass Interference, 14 yards, enforced at TEN 26 - No Play."
2026,PRESEASON WEEK 2,Sunday,August 23rd,SEA,TEN,2nd Quarter,1,Tennessee Titans,0,6,0,9 Yard Pass,1st & 10 at TEN 40,00:12 1st Shotgun,— C.Ward pass short right to T.Spears to TEN 49 for 9 yards (C.Surratt; A.Fuller).
2026,PRESEASON WEEK 2,Sunday,August 23rd,SEA,TEN,2nd Quarter,1,Tennessee Titans,0,7,0,-6 Yard Sack,2nd & 1 at TEN 49,15:00 2nd,"— C.Ward sacked at TEN 45 for -4 yards (C.Surratt). FUMBLES (C.Surratt), ball out of bounds at TEN 43."
2026,PRESEASON WEEK 2,Sunday,August 23rd,SEA,TEN,2nd Quarter,1,Tennessee Titans,0,8,0,Pass Incomplete,3rd & 7 at TEN 43,14:23 2nd Shotgun,— C.Ward pass incomplete deep right to G.Helm [J.Sheriff].
2026,PRESEASON WEEK 2,Sunday,August 23rd,SEA,TEN,2nd Quarter,1,Tennessee Titans,0,9,0,Punt,4th & 7 at TEN 43,14:13 2nd,"— T.Townsend punts 57 yards to end zone, Center-M.Cox, Touchback."
2026,PRESEASON WEEK 2,Sunday,August 23rd,SEA,TEN,2nd Quarter,2,Seattle Seahawks,0,1,0,1 Yard Run,1st & 10 at SEA 20,14:06 2nd,— J.Wright up the middle to SEA 21 for 1 yard (O.Oladejo).
2026,PRESEASON WEEK 2,Sunday,August 23rd,SEA,TEN,2nd Quarter,2,Seattle Seahawks,0,2,0,4 Yard Pass,2nd & 9 at SEA 21,13:23 2nd Shotgun,— D.Lock pass short right to J.Wright to SEA 25 for 4 yards (Ja.Williams; A.Hill).
2026,PRESEASON WEEK 2,Sunday,August 23rd,SEA,TEN,2nd Quarter,2,Seattle Seahawks,0,3,0,16 Yard Pass,3rd & 5 at SEA 25,12:32 2nd Shotgun,— D.Lock pass short right to R.White pushed ob at SEA 41 for 16 yards (T.Adams).
2026,PRESEASON WEEK 2,Sunday,August 23rd,SEA,TEN,2nd Quarter,2,Seattle Seahawks,0,4,0,15 Yard Penalty,1st & 10 at SEA 41,11:59 2nd Shotgun,"— J.Wright right guard to SEA 39 for -2 yards (O.Oladejo). PENALTY on TEN-O.Oladejo, Face Mask, 15 yards, enforced at SEA 41 - No Play."
2026,PRESEASON WEEK 2,Sunday,August 23rd,SEA,TEN,2nd Quarter,2,Seattle Seahawks,0,5,0,0 Yard Pass,1st & 10 at TEN 44,11:41 2nd,— D.Lock pass short left to B.Russell to TEN 44 for no gain (A.Hill).
2026,PRESEASON WEEK 2,Sunday,August 23rd,SEA,TEN,2nd Quarter,2,Seattle Seahawks,0,6,0,Pass Incomplete,2nd & 10 at TEN 44,10:58 2nd Shotgun,"— D.Lock pass incomplete deep left to E.Arroyo (C.Gray). PENALTY on TEN-C.Gray, Unsportsmanlike Conduct, 15 yards, enforced at TEN 44."
2026,PRESEASON WEEK 2,Sunday,August 23rd,SEA,TEN,2nd Quarter,2,Seattle Seahawks,0,7,0,0 Yard Run,1st & 10 at TEN 29,10:53 2nd,— J.Wright left tackle to TEN 29 for no gain (C.Gray).
2026,PRESEASON WEEK 2,Sunday,August 23rd,SEA,TEN,2nd Quarter,2,Seattle Seahawks,0,8,0,2 Yard Pass,2nd & 10 at TEN 29,10:18 2nd,— D.Lock pass short left to B.Russell to TEN 27 for 2 yards (K.Saunders).
2026,PRESEASON WEEK 2,Sunday,August 23rd,SEA,TEN,2nd Quarter,2,Seattle Seahawks,0,9,0,Pass Incomplete,3rd & 8 at TEN 27,09:30 2nd Shotgun,— D.Lock pass incomplete deep left to M.Foster.
2026,PRESEASON WEEK 2,Sunday,August 23rd,SEA,TEN,2nd Quarter,2,Seattle Seahawks,0,10,0,Field Goal No Good,4th & 8 at TEN 27,09:25 2nd,"— J.Myers 44 yard field goal is No Good, Wide Right, Center-C.Stoll, Holder-M.Dickson."
2026,PRESEASON WEEK 2,Sunday,August 23rd,SEA,TEN,2nd Quarter,3,Tennessee Titans,0,1,0,-3 Yard Run,1st & 10 at TEN 34,09:20 2nd,"— M.Carter up the middle to TEN 31 for -3 yards (C.Paul, J.Singleton)."
2026,PRESEASON WEEK 2,Sunday,August 23rd,SEA,TEN,2nd Quarter,3,Tennessee Titans,0,2,0,-7 Yard Sack,2nd & 13 at TEN 31,08:39 2nd Shotgun,— M.Trubisky sacked at TEN 24 for -7 yards (C.O'Toole).
2026,PRESEASON WEEK 2,Sunday,August 23rd,SEA,TEN,2nd Quarter,3,Tennessee Titans,0,3,0,12 Yard Pass,3rd & 20 at TEN 24,08:03 2nd Shotgun,— M.Trubisky pass short right to X.Restrepo to TEN 36 for 12 yards (A.Fuller).
2026,PRESEASON WEEK 2,Sunday,August 23rd,SEA,TEN,2nd Quarter,3,Tennessee Titans,0,4,0,Fumble,4th & 8 at TEN 36,07:15 2nd,"— T.Townsend punts 49 yards to SEA 15, Center-M.Cox. C.White MUFFS catch, RECOVERED by TEN-J.McMurray at SEA 11."
2026,PRESEASON WEEK 2,Sunday,August 23rd,SEA,TEN,2nd Quarter,4,Tennessee Titans,1,1,0,4 Yard Run,1st & 10 at SEA 11,07:05 2nd,— M.Carter right end to SEA 7 for 4 yards (N.Igbinoghene; C.Paul).
2026,PRESEASON WEEK 2,Sunday,August 23rd,SEA,TEN,2nd Quarter,4,Tennessee Titans,1,2,0,3 Yard Run,2nd & 6 at SEA 7,06:27 2nd,— M.Carter left tackle to SEA 4 for 3 yards (B.Pili).
2026,PRESEASON WEEK 2,Sunday,August 23rd,SEA,TEN,2nd Quarter,4,Tennessee Titans,1,3,0,-10 Yard Penalty,3rd & 3 at SEA 4,05:41 2nd Shotgun,"— M.Trubisky pass short right to X.Restrepo for 4 yards, TOUCHDOWN NULLIFIED by Penalty. PENALTY on TEN-J.Slater, Offensive Holding, 10 yards, enforced at SEA 4 - No Play."
2026,PRESEASON WEEK 2,Sunday,August 23rd,SEA,TEN,2nd Quarter,4,Tennessee Titans,1,4,0,Pass Incomplete,3rd & 13 at SEA 14,05:35 2nd Shotgun,— M.Trubisky pass incomplete short middle to K.Granson.
2026,PRESEASON WEEK 2,Sunday,August 23rd,SEA,TEN,2nd Quarter,4,Tennessee Titans,1,5,1,Field Goal,4th & 13 at SEA 14,05:31 2nd,"— J.Slye 33 yard field goal is GOOD, Center-M.Cox, Holder-T.Townsend."
2026,PRESEASON WEEK 2,Sunday,August 23rd,SEA,TEN,2nd Quarter,5,Seattle Seahawks,0,1,0,Kickoff from TEN 35,,Kickoff,— J.Slye kicks 62 yards from TEN 35 to SEA 3. C.White to SEA 28 for 25 yards (M.Kinsey; D.Canteen).
2026,PRESEASON WEEK 2,Sunday,August 23rd,SEA,TEN,2nd Quarter,5,Seattle Seahawks,0,2,0,4 Yard Run,1st & 10 at SEA 28,05:21 2nd,— J.Wright up the middle to SEA 32 for 4 yards (K.Brooks).
2026,PRESEASON WEEK 2,Sunday,August 23rd,SEA,TEN,2nd Quarter,5,Seattle Seahawks,0,3,0,2 Yard Run,2nd & 6 at SEA 32,04:52 2nd,— J.Wright up the middle to SEA 34 for 2 yards (M.Diabate; J.Marshall).
2026,PRESEASON WEEK 2,Sunday,August 23rd,SEA,TEN,2nd Quarter,5,Seattle Seahawks,0,4,0,-5 Yard Penalty,3rd & 4 at SEA 34,04:07 2nd Shotgun,"— PENALTY on SEA-Jo.Jones, False Start, 5 yards, enforced at SEA 34 - No Play."
2026,PRESEASON WEEK 2,Sunday,August 23rd,SEA,TEN,2nd Quarter,5,Seattle Seahawks,0,5,0,6 Yard Pass,3rd & 9 at SEA 29,03:46 2nd Shotgun,— D.Lock pass short middle to J.Wright to SEA 35 for 6 yards (K.Calligan) [M.Herring].
2026,PRESEASON WEEK 2,Sunday,August 23rd,SEA,TEN,2nd Quarter,5,Seattle Seahawks,0,6,0,Punt,4th & 3 at SEA 35,02:57 2nd,"— M.Dickson punts 48 yards to TEN 17, Center-C.Stoll. H.Beatty to TEN 16 for -1 yards (E.Henderson). PENALTY on SEA-C.Paul, Unnecessary Roughness, 15 yards, enforced at TEN 16."
2026,PRESEASON WEEK 2,Sunday,August 23rd,SEA,TEN,2nd Quarter,6,Tennessee Titans,1,1,0,7 Yard Pass,1st & 10 at TEN 31,02:47 2nd,— M.Trubisky pass short right to J.Chestnut to TEN 38 for 7 yards (N.Pritchett).
2026,PRESEASON WEEK 2,Sunday,August 23rd,SEA,TEN,2nd Quarter,6,Tennessee Titans,1,2,0,7 Yard Run,2nd & 3 at TEN 38,02:12 2nd No Huddle,— J.Chestnut right tackle to TEN 45 for 7 yards (M.Hook; N.Igbinoghene).
2026,PRESEASON WEEK 2,Sunday,August 23rd,SEA,TEN,2nd Quarter,6,Tennessee Titans,1,3,0,16 Yard Pass,1st & 10 at TEN 45,02:00 2nd Shotgun,— M.Trubisky pass short right to J.Chestnut pushed ob at SEA 39 for 16 yards (C.Paul).
2026,PRESEASON WEEK 2,Sunday,August 23rd,SEA,TEN,2nd Quarter,6,Tennessee Titans,1,4,0,3 Yard Run,1st & 10 at SEA 39,01:54 2nd Shotgun,— J.Chestnut right guard to SEA 36 for 3 yards (M.Morris; J.Singleton).
2026,PRESEASON WEEK 2,Sunday,August 23rd,SEA,TEN,2nd Quarter,6,Tennessee Titans,1,5,0,-2 Yard Pass,2nd & 7 at SEA 36,01:15 2nd Shotgun,— M.Trubisky pass short left to X.Restrepo to SEA 38 for -2 yards (N.Pritchett).
2026,PRESEASON WEEK 2,Sunday,August 23rd,SEA,TEN,2nd Quarter,6,Tennessee Titans,1,6,0,Timeout,,01:07 2nd,— Timeout #1 by SEA at 01:07.
2026,PRESEASON WEEK 2,Sunday,August 23rd,SEA,TEN,2nd Quarter,6,Tennessee Titans,1,7,0,13 Yard Pass,3rd & 9 at SEA 38,01:07 2nd Shotgun,— M.Trubisky pass short left to E.Ayomanor to SEA 25 for 13 yards (N.Igbinoghene).
2026,PRESEASON WEEK 2,Sunday,August 23rd,SEA,TEN,2nd Quarter,6,Tennessee Titans,1,8,0,2 Yard Pass,1st & 10 at SEA 25,"00:32 2nd No Huddle, Shotgun",— M.Trubisky pass short right to C.Dike pushed ob at SEA 23 for 2 yards (N.Pritchett).
2026,PRESEASON WEEK 2,Sunday,August 23rd,SEA,TEN,2nd Quarter,6,Tennessee Titans,1,9,0,Pass Incomplete,2nd & 8 at SEA 23,00:26 2nd Shotgun,— M.Trubisky pass incomplete short right to M.Carter.
2026,PRESEASON WEEK 2,Sunday,August 23rd,SEA,TEN,2nd Quarter,6,Tennessee Titans,1,10,0,1 Yard Pass,3rd & 8 at SEA 23,00:22 2nd Shotgun,— M.Trubisky pass short right to J.Chestnut to SEA 22 for 1 yard (C.Surratt).
2026,PRESEASON WEEK 2,Sunday,August 23rd,SEA,TEN,2nd Quarter,6,Tennessee Titans,1,11,0,Timeout,,00:15 2nd,— Timeout #2 by SEA at 00:15.
2026,PRESEASON WEEK 2,Sunday,August 23rd,SEA,TEN,2nd Quarter,6,Tennessee Titans,1,12,1,Field Goal,4th & 7 at SEA 22,00:14 2nd,"— J.Slye 40 yard field goal is GOOD, Center-M.Cox, Holder-T.Townsend."
2026,PRESEASON WEEK 2,Sunday,August 23rd,SEA,TEN,2nd Quarter,7,Seattle Seahawks,0,1,0,Kickoff from TEN 35,,Kickoff,— J.Slye kicks 62 yards from TEN 35 to SEA 3. E.Henderson to SEA 27 for 24 yards (D.Canteen; M.Powell).
2026,PRESEASON WEEK 2,Sunday,August 23rd,SEA,TEN,2nd Quarter,7,Seattle Seahawks,0,2,0,-1 Yard Run,1st & 10 at SEA 27,00:03 2nd,— D.Lock kneels to SEA 26 for -1 yards.
2026,PRESEASON WEEK 2,Sunday,August 23rd,SEA,TEN,3rd Quarter,1,Tennessee Titans,0,1,0,Kickoff from SEA 35,,Kickoff,— J.Myers kicks 64 yards from SEA 35 to TEN 1. D.Johnson to TEN 31 for 30 yards (M.Jones; A.Smith).
2026,PRESEASON WEEK 2,Sunday,August 23rd,SEA,TEN,3rd Quarter,1,Tennessee Titans,0,2,0,3 Yard Run,1st & 10 at TEN 31,14:53 3rd,— M.Carter left end to TEN 34 for 3 yards (J.Singleton; U.Seumalo).
2026,PRESEASON WEEK 2,Sunday,August 23rd,SEA,TEN,3rd Quarter,1,Tennessee Titans,0,3,0,Pass Incomplete,2nd & 7 at TEN 34,14:15 3rd,— W.Levis pass incomplete short right to B.Oliver.
2026,PRESEASON WEEK 2,Sunday,August 23rd,SEA,TEN,3rd Quarter,1,Tennessee Titans,0,4,0,-6 Yard Sack,3rd & 7 at TEN 34,14:08 3rd Shotgun,— W.Levis sacked at TEN 28 for -6 yards (sack split by J.Sheriff and C.O'Toole).
2026,PRESEASON WEEK 2,Sunday,August 23rd,SEA,TEN,3rd Quarter,1,Tennessee Titans,0,5,0,Punt,4th & 13 at TEN 28,13:22 3rd,"— T.Townsend punts 54 yards to SEA 18, Center-M.Cox. R.Rochelle to SEA 19 for 1 yard (K.Brooks)."
2026,PRESEASON WEEK 2,Sunday,August 23rd,SEA,TEN,3rd Quarter,2,Seattle Seahawks,0,1,0,-5 Yard Penalty,1st & 10 at SEA 19,13:11 3rd,"— PENALTY on SEA-L.Brown, False Start, 5 yards, enforced at SEA 19 - No Play."
2026,PRESEASON WEEK 2,Sunday,August 23rd,SEA,TEN,3rd Quarter,2,Seattle Seahawks,0,2,0,1 Yard Pass,1st & 15 at SEA 14,13:11 3rd Shotgun,— J.Milroe pass short left to V.Jones to SEA 15 for 1 yard (A.Hill).
2026,PRESEASON WEEK 2,Sunday,August 23rd,SEA,TEN,3rd Quarter,2,Seattle Seahawks,0,3,0,16 Yard Run,2nd & 14 at SEA 15,12:21 3rd,— J.Milroe scrambles right end pushed ob at SEA 31 for 16 yards (A.Hill).
2026,PRESEASON WEEK 2,Sunday,August 23rd,SEA,TEN,3rd Quarter,2,Seattle Seahawks,0,4,0,-9 Yard Run,1st & 10 at SEA 31,11:40 3rd,"— V.Jones right end ran ob at SEA 46 for 15 yards (A.Hill). PENALTY on SEA-B.Lampe, Offensive Holding, 10 yards, enforced at SEA 32."
2026,PRESEASON WEEK 2,Sunday,August 23rd,SEA,TEN,3rd Quarter,2,Seattle Seahawks,0,5,0,-1 Yard Run,1st & 19 at SEA 22,11:23 3rd,— A.Hankerson left end to SEA 21 for -1 yards (J.Holmes).
2026,PRESEASON WEEK 2,Sunday,August 23rd,SEA,TEN,3rd Quarter,2,Seattle Seahawks,0,6,0,24 Yard Pass,2nd & 20 at SEA 21,10:43 3rd Shotgun,— J.Milroe pass deep middle to M.Foster to SEA 45 for 24 yards (M.Robinson).
2026,PRESEASON WEEK 2,Sunday,August 23rd,SEA,TEN,3rd Quarter,2,Seattle Seahawks,0,7,0,Pass Incomplete,1st & 10 at SEA 45,10:00 3rd,— J.Milroe pass incomplete short left to E.Arroyo.
2026,PRESEASON WEEK 2,Sunday,August 23rd,SEA,TEN,3rd Quarter,2,Seattle Seahawks,0,8,0,5 Yard Pass,2nd & 10 at SEA 45,09:55 3rd,— J.Milroe pass short middle to A.Hankerson to 50 for 5 yards (A.Hill).
2026,PRESEASON WEEK 2,Sunday,August 23rd,SEA,TEN,3rd Quarter,2,Seattle Seahawks,0,9,0,Pass Incomplete,3rd & 5 at 50,09:11 3rd Shotgun,— J.Milroe pass incomplete deep right to C.White (M.Robinson).
2026,PRESEASON WEEK 2,Sunday,August 23rd,SEA,TEN,3rd Quarter,2,Seattle Seahawks,0,10,0,Punt,4th & 10 at SEA 45,09:05 3rd,"— M.Dickson punts 41 yards to TEN 14, impetus ends at TEN 13, Center-C.Stoll. C.Jackson to TEN 14 for no gain (E.Henderson)."
2026,PRESEASON WEEK 2,Sunday,August 23rd,SEA,TEN,3rd Quarter,3,Tennessee Titans,0,1,0,-5 Yard Penalty,1st & 10 at TEN 14,08:57 3rd,"— J.Chestnut left end to TEN 16 for 2 yards (D.Eastern; C.Paul). PENALTY on TEN, Illegal Formation, 5 yards, enforced at TEN 14 - No Play."
2026,PRESEASON WEEK 2,Sunday,August 23rd,SEA,TEN,3rd Quarter,3,Tennessee Titans,0,2,0,8 Yard Run,1st & 15 at TEN 9,08:40 3rd,— J.Chestnut right guard to TEN 17 for 8 yards (C.O'Toole; P.Echols).
2026,PRESEASON WEEK 2,Sunday,August 23rd,SEA,TEN,3rd Quarter,3,Tennessee Titans,0,3,0,5 Yard Run,2nd & 7 at TEN 17,07:58 3rd Shotgun,— J.Chestnut up the middle to TEN 22 for 5 yards (C.Paul).
2026,PRESEASON WEEK 2,Sunday,August 23rd,SEA,TEN,3rd Quarter,3,Tennessee Titans,0,4,0,3 Yard Run,3rd & 2 at TEN 22,07:22 3rd Shotgun,— M.Carter up the middle to TEN 25 for 3 yards (P.Echols; J.Gaines).
2026,PRESEASON WEEK 2,Sunday,August 23rd,SEA,TEN,3rd Quarter,3,Tennessee Titans,0,5,0,11 Yard Run,1st & 10 at TEN 25,06:46 3rd Shotgun,— M.Carter up the middle to TEN 36 for 11 yards (M.Dansby).
2026,PRESEASON WEEK 2,Sunday,August 23rd,SEA,TEN,3rd Quarter,3,Tennessee Titans,0,6,0,15 Yard Run,1st & 10 at TEN 36,06:07 3rd,— J.Chestnut right guard to SEA 49 for 15 yards (M.Hook).
2026,PRESEASON WEEK 2,Sunday,August 23rd,SEA,TEN,3rd Quarter,3,Tennessee Titans,0,7,0,-6 Yard Run,1st & 10 at SEA 49,05:27 3rd,"— J.Chestnut left end to SEA 38 for 11 yards (D.Bell). PENALTY on TEN-M.Kinsey, Offensive Holding, 10 yards, enforced at SEA 45."
2026,PRESEASON WEEK 2,Sunday,August 23rd,SEA,TEN,3rd Quarter,3,Tennessee Titans,0,8,0,-10 Yard Penalty,1st & 16 at TEN 45,05:06 3rd,"— J.Chestnut left end to SEA 46 for 9 yards (J.Ivey). PENALTY on TEN-A.Deculus, Offensive Holding, 10 yards, enforced at TEN 45 - No Play."
2026,PRESEASON WEEK 2,Sunday,August 23rd,SEA,TEN,3rd Quarter,3,Tennessee Titans,0,9,0,Pass Incomplete,1st & 26 at TEN 35,04:40 3rd Shotgun,— W.Levis pass incomplete short right to T.Montgomery (M.Dansby).
2026,PRESEASON WEEK 2,Sunday,August 23rd,SEA,TEN,3rd Quarter,3,Tennessee Titans,0,10,0,5 Yard Pass,2nd & 26 at TEN 35,04:36 3rd Shotgun,— W.Levis pass short right to J.Wilson to TEN 40 for 5 yards (A.Fuller).
2026,PRESEASON WEEK 2,Sunday,August 23rd,SEA,TEN,3rd Quarter,3,Tennessee Titans,0,11,0,Pass Incomplete,3rd & 21 at TEN 40,03:50 3rd Shotgun,— W.Levis pass incomplete deep right to B.Oliver.
2026,PRESEASON WEEK 2,Sunday,August 23rd,SEA,TEN,3rd Quarter,3,Tennessee Titans,0,12,0,Punt,4th & 21 at TEN 40,03:43 3rd,"— T.Townsend punts 52 yards to SEA 8, Center-M.Cox. R.Rochelle to SEA 21 for 13 yards (J.Reed; K.Granson)."
2026,PRESEASON WEEK 2,Sunday,August 23rd,SEA,TEN,3rd Quarter,4,Seattle Seahawks,0,1,0,4 Yard Run,1st & 10 at SEA 21,03:33 3rd,— A.Hankerson right guard to SEA 25 for 4 yards (E.Brown).
2026,PRESEASON WEEK 2,Sunday,August 23rd,SEA,TEN,3rd Quarter,4,Seattle Seahawks,0,2,0,6 Yard Pass,2nd & 6 at SEA 25,03:01 3rd,— J.Milroe pass short left to R.White ran ob at SEA 31 for 6 yards (K.Calligan).
2026,PRESEASON WEEK 2,Sunday,August 23rd,SEA,TEN,3rd Quarter,4,Seattle Seahawks,0,3,0,Interception,1st & 10 at SEA 31,02:16 3rd Shotgun,— J.Milroe pass short middle intended for M.Foster INTERCEPTED by A.Hill at SEA 40. A.Hill to SEA 38 for 2 yards (M.Foster).
2026,PRESEASON WEEK 2,Sunday,August 23rd,SEA,TEN,4th Quarter,1,Tennessee Titans,1,1,0,11 Yard Run,1st & 10 at SEA 38,02:11 3rd Shotgun,— W.Levis up the middle to SEA 27 for 11 yards (P.Echols).
2026,PRESEASON WEEK 2,Sunday,August 23rd,SEA,TEN,4th Quarter,1,Tennessee Titans,1,2,0,4 Yard Run,1st & 10 at SEA 27,01:32 3rd Shotgun,— W.Levis up the middle to SEA 23 for 4 yards (J.Ivey).
2026,PRESEASON WEEK 2,Sunday,August 23rd,SEA,TEN,4th Quarter,1,Tennessee Titans,1,3,0,-2 Yard Run,2nd & 6 at SEA 23,00:58 3rd,"— D.Johnson right end pushed ob at SEA 25 for -2 yards (J.Singleton, M.Hook)."
2026,PRESEASON WEEK 2,Sunday,August 23rd,SEA,TEN,4th Quarter,1,Tennessee Titans,1,4,0,5 Yard Penalty,3rd & 8 at SEA 25,"00:41 3rd No Huddle, Shotgun","— W.Levis pass incomplete deep middle to J.Wilson. PENALTY on SEA, Defensive Too Many Men on Field, 5 yards, enforced at SEA 25 - No Play."
2026,PRESEASON WEEK 2,Sunday,August 23rd,SEA,TEN,4th Quarter,1,Tennessee Titans,1,5,0,-5 Yard Run,3rd & 3 at SEA 20,00:37 3rd Shotgun,— W.Levis right guard to SEA 25 for -5 yards (C.O'Toole).
2026,PRESEASON WEEK 2,Sunday,August 23rd,SEA,TEN,4th Quarter,1,Tennessee Titans,1,6,1,Field Goal,4th & 8 at SEA 25,15:00 4th,"— J.Slye 43 yard field goal is GOOD, Center-M.Cox, Holder-T.Townsend."
2026,PRESEASON WEEK 2,Sunday,August 23rd,SEA,TEN,4th Quarter,2,Seattle Seahawks,0,1,0,Kickoff from TEN 35,,Kickoff,"— J.Slye kicks 65 yards from TEN 35 to end zone, Touchback to the SEA 35."
2026,PRESEASON WEEK 2,Sunday,August 23rd,SEA,TEN,4th Quarter,2,Seattle Seahawks,0,2,0,2 Yard Run,1st & 10 at SEA 35,14:55 4th,— A.Hankerson up the middle to SEA 37 for 2 yards (M.Diabate).
2026,PRESEASON WEEK 2,Sunday,August 23rd,SEA,TEN,4th Quarter,2,Seattle Seahawks,0,3,0,5 Yard Penalty,2nd & 8 at SEA 37,14:20 4th,"— J.Milroe pass incomplete short left to R.Rochelle. PENALTY on TEN-B.Fitzgerald, Defensive Holding, 5 yards, enforced at SEA 37 - No Play."
2026,PRESEASON WEEK 2,Sunday,August 23rd,SEA,TEN,4th Quarter,2,Seattle Seahawks,0,4,0,4 Yard Run,1st & 10 at SEA 42,14:13 4th,— A.Hankerson left end to SEA 46 for 4 yards (T.Kpassagnon).
2026,PRESEASON WEEK 2,Sunday,August 23rd,SEA,TEN,4th Quarter,2,Seattle Seahawks,0,5,0,Pass Incomplete,2nd & 6 at SEA 46,13:33 4th Shotgun,— J.Milroe pass incomplete short right to R.White.
2026,PRESEASON WEEK 2,Sunday,August 23rd,SEA,TEN,4th Quarter,2,Seattle Seahawks,0,6,0,-5 Yard Penalty,3rd & 6 at SEA 46,13:29 4th Shotgun,"— PENALTY on SEA-J.Hicks, False Start, 5 yards, enforced at SEA 46 - No Play."
2026,PRESEASON WEEK 2,Sunday,August 23rd,SEA,TEN,4th Quarter,2,Seattle Seahawks,0,7,0,-11 Yard Sack,3rd & 11 at SEA 41,13:29 4th Shotgun,— J.Milroe sacked at SEA 30 for -11 yards (T.Jones).
2026,PRESEASON WEEK 2,Sunday,August 23rd,SEA,TEN,4th Quarter,2,Seattle Seahawks,0,8,0,Punt,4th & 22 at SEA 30,12:51 4th,"— M.Dickson punts 53 yards to TEN 17, Center-C.Stoll. H.Beatty to TEN 21 for 4 yards (M.Hook). PENALTY on SEA-A.Smith, Face Mask, 15 yards, enforced at TEN 21."
2026,PRESEASON WEEK 2,Sunday,August 23rd,SEA,TEN,4th Quarter,3,Tennessee Titans,1,1,0,Pass Incomplete,1st & 10 at TEN 36,12:38 4th,— W.Levis pass incomplete deep middle to J.Wilson (J.Washington).
2026,PRESEASON WEEK 2,Sunday,August 23rd,SEA,TEN,4th Quarter,3,Tennessee Titans,1,2,0,2 Yard Pass,2nd & 10 at TEN 36,12:34 4th Shotgun,— W.Levis pass short right to H.Beatty to TEN 38 for 2 yards (J.Gaines).
2026,PRESEASON WEEK 2,Sunday,August 23rd,SEA,TEN,4th Quarter,3,Tennessee Titans,1,3,0,5 Yard Penalty,3rd & 8 at TEN 38,11:50 4th Shotgun,"— W.Levis pass incomplete short right to H.Beatty. PENALTY on SEA-J.Washington, Defensive Holding, 5 yards, enforced at TEN 38 - No Play."
2026,PRESEASON WEEK 2,Sunday,August 23rd,SEA,TEN,4th Quarter,3,Tennessee Titans,1,4,0,8 Yard Pass,1st & 10 at TEN 43,11:46 4th,— W.Levis pass short middle to D.Johnson to SEA 49 for 8 yards (A.Smith).
2026,PRESEASON WEEK 2,Sunday,August 23rd,SEA,TEN,4th Quarter,3,Tennessee Titans,1,5,0,0 Yard Run,2nd & 2 at SEA 49,11:00 4th,— D.Johnson up the middle to SEA 49 for no gain (J.Singleton; U.Seumalo).
2026,PRESEASON WEEK 2,Sunday,August 23rd,SEA,TEN,4th Quarter,3,Tennessee Titans,1,6,0,6 Yard Run,3rd & 2 at SEA 49,10:18 4th,— J.Chestnut up the middle to SEA 43 for 6 yards (A.Smith).
2026,PRESEASON WEEK 2,Sunday,August 23rd,SEA,TEN,4th Quarter,3,Tennessee Titans,1,7,0,7 Yard Run,1st & 10 at SEA 43,09:42 4th,— D.Johnson left guard to SEA 36 for 7 yards (M.Jones; A.Fuller).
2026,PRESEASON WEEK 2,Sunday,August 23rd,SEA,TEN,4th Quarter,3,Tennessee Titans,1,8,0,Pass Incomplete,2nd & 3 at SEA 36,09:07 4th Shotgun,— W.Levis pass incomplete short right to X.Restrepo.
2026,PRESEASON WEEK 2,Sunday,August 23rd,SEA,TEN,4th Quarter,3,Tennessee Titans,1,9,0,22 Yard Run,3rd & 3 at SEA 36,09:05 4th,"— M.Carter right end pushed ob at SEA 29 for 7 yards (D.Bell). PENALTY on SEA-A.Fuller, Face Mask, 15 yards, enforced at SEA 29."
2026,PRESEASON WEEK 2,Sunday,August 23rd,SEA,TEN,4th Quarter,3,Tennessee Titans,1,10,0,0 Yard Pass,1st & 10 at SEA 14,08:41 4th,— W.Levis pass short left to J.Wilson to SEA 14 for no gain (J.Washington).
2026,PRESEASON WEEK 2,Sunday,August 23rd,SEA,TEN,4th Quarter,3,Tennessee Titans,1,11,0,7 Yard Run,2nd & 10 at SEA 14,07:56 4th,— D.Johnson up the middle to SEA 7 for 7 yards (J.Washington; J.Singleton).
2026,PRESEASON WEEK 2,Sunday,August 23rd,SEA,TEN,4th Quarter,3,Tennessee Titans,1,12,0,0 Yard Run,3rd & 3 at SEA 7,07:16 4th,— D.Johnson left guard to SEA 7 for no gain (W.Thomas).
2026,PRESEASON WEEK 2,Sunday,August 23rd,SEA,TEN,4th Quarter,3,Tennessee Titans,1,13,0,5 Yard Run,4th & 3 at SEA 7,06:32 4th,— W.Levis scrambles right end to SEA 2 for 5 yards (M.Dansby).
2026,PRESEASON WEEK 2,Sunday,August 23rd,SEA,TEN,4th Quarter,3,Tennessee Titans,1,14,1,Touchdown,1st & 2 at SEA 2,05:50 4th,"— D.Johnson left tackle for 2 yards, TOUCHDOWN."
2026,PRESEASON WEEK 2,Sunday,August 23rd,SEA,TEN,4th Quarter,3,Tennessee Titans,1,15,1,Extra Point,,05:45 4th,"— J.Slye extra point is GOOD, Center-M.Cox, Holder-T.Townsend."
2026,PRESEASON WEEK 2,Sunday,August 23rd,SEA,TEN,4th Quarter,4,Seattle Seahawks,0,1,0,Kickoff from TEN 35,,Kickoff,"— J.Slye kicks 65 yards from TEN 35 to end zone, Touchback to the SEA 35."
2026,PRESEASON WEEK 2,Sunday,August 23rd,SEA,TEN,4th Quarter,4,Seattle Seahawks,0,2,0,1 Yard Run,1st & 10 at SEA 35,05:45 4th,— A.Hankerson left tackle to SEA 36 for 1 yard (M.Diabate).
2026,PRESEASON WEEK 2,Sunday,August 23rd,SEA,TEN,4th Quarter,4,Seattle Seahawks,0,3,0,4 Yard Pass,2nd & 9 at SEA 36,05:07 4th Shotgun,— J.Milroe pass short right to A.Hankerson pushed ob at SEA 40 for 4 yards (M.Powell).
2026,PRESEASON WEEK 2,Sunday,August 23rd,SEA,TEN,4th Quarter,4,Seattle Seahawks,0,4,0,-10 Yard Penalty,3rd & 5 at SEA 40,04:58 4th Shotgun,"— J.Milroe pass short left to R.White pushed ob at TEN 30 for 30 yards (D.Canteen). PENALTY on SEA-R.White, Offensive Pass Interference, 10 yards, enforced at SEA 40 - No Play."
2026,PRESEASON WEEK 2,Sunday,August 23rd,SEA,TEN,4th Quarter,4,Seattle Seahawks,0,5,0,12 Yard Pass,3rd & 15 at SEA 30,04:48 4th Shotgun,— J.Milroe pass short middle to J.Hicks to SEA 42 for 12 yards (D.Canteen; A.Hill).
2026,PRESEASON WEEK 2,Sunday,August 23rd,SEA,TEN,4th Quarter,4,Seattle Seahawks,0,6,0,Turnover on Downs,4th & 3 at SEA 42,04:06 4th Shotgun,— J.Milroe sacked at SEA 32 for -10 yards (sack split by M.Diabate and T.Jones).
2026,PRESEASON WEEK 2,Sunday,August 23rd,SEA,TEN,4th Quarter,5,Tennessee Titans,0,1,0,15 Yard Pass,1st & 10 at SEA 32,03:59 4th,— H.Hooker pass short left to J.Wilson pushed ob at SEA 17 for 15 yards (P.Echols; A.Finley).
2026,PRESEASON WEEK 2,Sunday,August 23rd,SEA,TEN,4th Quarter,5,Tennessee Titans,0,2,0,3 Yard Run,1st & 10 at SEA 17,03:52 4th,— D.Johnson left guard to SEA 14 for 3 yards (J.Ivey; J.Singleton).
2026,PRESEASON WEEK 2,Sunday,August 23rd,SEA,TEN,4th Quarter,5,Tennessee Titans,0,3,0,Timeout,,03:46 4th,— Timeout #1 by SEA at 03:46.
2026,PRESEASON WEEK 2,Sunday,August 23rd,SEA,TEN,4th Quarter,5,Tennessee Titans,0,4,0,6 Yard Run,2nd & 7 at SEA 14,03:46 4th,— D.Johnson up the middle to SEA 8 for 6 yards (J.Singleton).
2026,PRESEASON WEEK 2,Sunday,August 23rd,SEA,TEN,4th Quarter,5,Tennessee Titans,0,5,0,Timeout,,03:38 4th,— Timeout #2 by SEA at 03:38.
2026,PRESEASON WEEK 2,Sunday,August 23rd,SEA,TEN,4th Quarter,5,Tennessee Titans,0,6,0,0 Yard Run,3rd & 1 at SEA 8,03:37 4th,— J.Chestnut up the middle to SEA 8 for no gain (A.Finley; J.Singleton).
2026,PRESEASON WEEK 2,Sunday,August 23rd,SEA,TEN,4th Quarter,5,Tennessee Titans,0,7,0,Timeout,,03:28 4th,— Timeout #3 by SEA at 03:28.
2026,PRESEASON WEEK 2,Sunday,August 23rd,SEA,TEN,4th Quarter,5,Tennessee Titans,0,8,0,Turnover on Downs,4th & 1 at SEA 8,03:28 4th,— H.Hooker up the middle to SEA 8 for no gain (J.Gaines; J.Singleton).
2026,PRESEASON WEEK 2,Sunday,August 23rd,SEA,TEN,4th Quarter,6,Seattle Seahawks,0,1,0,Interception,1st & 10 at SEA 8,03:17 4th Shotgun,— J.Milroe pass short right intended for E.Henderson INTERCEPTED by D.Canteen at SEA 22. D.Canteen to SEA 25 for -3 yards (J.Hicks).
2026,PRESEASON WEEK 2,Sunday,August 23rd,SEA,TEN,4th Quarter,7,Tennessee Titans,0,1,0,1 Yard Run,1st & 10 at SEA 25,03:08 4th,— D.Johnson left tackle to SEA 24 for 1 yard (W.Thomas).
2026,PRESEASON WEEK 2,Sunday,August 23rd,SEA,TEN,4th Quarter,7,Tennessee Titans,0,2,0,1 Yard Run,2nd & 9 at SEA 24,02:23 4th,— D.Johnson right end to SEA 23 for 1 yard (M.Hook).
2026,PRESEASON WEEK 2,Sunday,August 23rd,SEA,TEN,4th Quarter,7,Tennessee Titans,0,3,0,20 Yard Pass,3rd & 8 at SEA 23,02:00 4th,— H.Hooker pass deep right to T.Montgomery to SEA 3 for 20 yards (J.Washington).
2026,PRESEASON WEEK 2,Sunday,August 23rd,SEA,TEN,4th Quarter,7,Tennessee Titans,0,4,0,-1 Yard Run,1st & 3 at SEA 3,01:13 4th,— H.Hooker kneels to SEA 4 for -1 yards.
2026,PRESEASON WEEK 2,Sunday,August 23rd,SEA,TEN,4th Quarter,7,Tennessee Titans,0,5,0,-1 Yard Run,2nd & 4 at SEA 4,00:33 4th,— H.Hooker kneels to SEA 5 for -1 yards.
