Season,Week,GameSlot,Date,AwayTeam,HomeTeam,Quarter,DriveNumber,TeamWithPossession,IsScoringDrive,PlayNumberInDrive,IsScoringPlay,PlayOutcome,PlayStart,PlayTimeFormation,PlayDescription
2026,PRESEASON WEEK 3,Thursday,August 27th,PIT,BUF,1st Quarter,1,Buffalo Bills,1,1,0,Kickoff from PIT 35,,Kickoff,— C.Boswell kicks 62 yards from PIT 35 to BUF 3. M.Hardman to BUF 26 for 23 yards (E.Heidenreich).
2026,PRESEASON WEEK 3,Thursday,August 27th,PIT,BUF,1st Quarter,1,Buffalo Bills,1,2,0,1 Yard Run,1st & 10 at BUF 26,14:53 1st,— F.Gore right tackle to BUF 27 for 1 yard (E.Roberts).
2026,PRESEASON WEEK 3,Thursday,August 27th,PIT,BUF,1st Quarter,1,Buffalo Bills,1,3,0,2 Yard Pass,2nd & 9 at BUF 27,14:20 1st Shotgun,— S.Buechele pass short left to M.Hardman to BUF 29 for 2 yards (R.Spears-Jennings).
2026,PRESEASON WEEK 3,Thursday,August 27th,PIT,BUF,1st Quarter,1,Buffalo Bills,1,4,0,10 Yard Pass,3rd & 7 at BUF 29,13:38 1st Shotgun,— S.Buechele pass short right to T.Sherfield to BUF 39 for 10 yards (D.Slaughter).
2026,PRESEASON WEEK 3,Thursday,August 27th,PIT,BUF,1st Quarter,1,Buffalo Bills,1,5,0,12 Yard Pass,1st & 10 at BUF 39,13:00 1st Shotgun,— S.Buechele pass short left to J.Maclin ran ob at PIT 49 for 12 yards.
2026,PRESEASON WEEK 3,Thursday,August 27th,PIT,BUF,1st Quarter,1,Buffalo Bills,1,6,0,Pass Incomplete,1st & 10 at PIT 49,12:29 1st,— S.Buechele pass incomplete short right [R.Spears-Jennings].
2026,PRESEASON WEEK 3,Thursday,August 27th,PIT,BUF,1st Quarter,1,Buffalo Bills,1,7,0,Pass Incomplete,2nd & 10 at PIT 49,12:24 1st,— S.Buechele pass incomplete deep right to S.Bell.
2026,PRESEASON WEEK 3,Thursday,August 27th,PIT,BUF,1st Quarter,1,Buffalo Bills,1,8,0,17 Yard Pass,3rd & 10 at PIT 49,12:18 1st Shotgun,— S.Buechele pass short left to K.Latu to PIT 32 for 17 yards (C.Holcomb).
2026,PRESEASON WEEK 3,Thursday,August 27th,PIT,BUF,1st Quarter,1,Buffalo Bills,1,9,0,2 Yard Run,1st & 10 at PIT 32,11:43 1st,— F.Gore up the middle to PIT 30 for 2 yards (D.Boykin).
2026,PRESEASON WEEK 3,Thursday,August 27th,PIT,BUF,1st Quarter,1,Buffalo Bills,1,10,0,16 Yard Pass,2nd & 8 at PIT 30,11:08 1st Shotgun,— S.Buechele pass short middle to S.Bell to PIT 14 for 16 yards (D.Boykin; B.Echols).
2026,PRESEASON WEEK 3,Thursday,August 27th,PIT,BUF,1st Quarter,1,Buffalo Bills,1,11,0,-1 Yard Run,1st & 10 at PIT 14,10:25 1st,"— F.Gore left end to PIT 15 for -1 yards (E.Roberts, G.Rubio)."
2026,PRESEASON WEEK 3,Thursday,August 27th,PIT,BUF,1st Quarter,1,Buffalo Bills,1,12,0,Pass Incomplete,2nd & 11 at PIT 15,09:45 1st Shotgun,— S.Buechele pass incomplete short right to M.Hardman.
2026,PRESEASON WEEK 3,Thursday,August 27th,PIT,BUF,1st Quarter,1,Buffalo Bills,1,13,0,Pass Incomplete,3rd & 11 at PIT 15,09:41 1st Shotgun,— S.Buechele pass incomplete short right to S.Bell.
2026,PRESEASON WEEK 3,Thursday,August 27th,PIT,BUF,1st Quarter,1,Buffalo Bills,1,14,1,Field Goal,4th & 11 at PIT 15,09:37 1st,"— T.Bass 33 yard field goal is GOOD, Center-R.Ferguson, Holder-T.Doman."
2026,PRESEASON WEEK 3,Thursday,August 27th,PIT,BUF,1st Quarter,2,Pittsburgh Steelers,0,1,0,Kickoff from BUF 35,,Kickoff,— T.Doman kicks 55 yards from BUF 35 to PIT 10. E.Heidenreich to PIT 31 for 21 yards (T.Gaines; O.Reese).
2026,PRESEASON WEEK 3,Thursday,August 27th,PIT,BUF,1st Quarter,2,Pittsburgh Steelers,0,2,0,-9 Yard Sack,1st & 10 at PIT 31,09:28 1st Shotgun,— W.Howard sacked at PIT 22 for -9 yards (K.Jenkins).
2026,PRESEASON WEEK 3,Thursday,August 27th,PIT,BUF,1st Quarter,2,Pittsburgh Steelers,0,3,0,7 Yard Pass,2nd & 19 at PIT 22,08:46 1st Shotgun,— W.Howard pass short right to R.Nowakowski to PIT 29 for 7 yards (K.Elarms-Orr; D.Hamlin).
2026,PRESEASON WEEK 3,Thursday,August 27th,PIT,BUF,1st Quarter,2,Pittsburgh Steelers,0,4,0,9 Yard Run,3rd & 12 at PIT 29,08:06 1st Shotgun,— L.Nichols up the middle to PIT 38 for 9 yards (K.Elarms-Orr).
2026,PRESEASON WEEK 3,Thursday,August 27th,PIT,BUF,1st Quarter,2,Pittsburgh Steelers,0,5,0,Fumble,4th & 3 at PIT 38,07:27 1st,"— C.Johnston punts 50 yards to BUF 12, Center-C.Kuntz. R.Davis MUFFS catch, RECOVERED by PIT-B.Echols at BUF 13."
2026,PRESEASON WEEK 3,Thursday,August 27th,PIT,BUF,1st Quarter,3,Pittsburgh Steelers,1,1,1,Touchdown,1st & 10 at BUF 13,07:16 1st,"— W.Howard pass short right to G.Bernard for 13 yards, TOUCHDOWN."
2026,PRESEASON WEEK 3,Thursday,August 27th,PIT,BUF,1st Quarter,3,Pittsburgh Steelers,1,2,1,Extra Point,,07:10 1st,"— C.Boswell extra point is GOOD, Center-C.Kuntz, Holder-C.Johnston."
2026,PRESEASON WEEK 3,Thursday,August 27th,PIT,BUF,1st Quarter,4,Buffalo Bills,0,1,0,Kickoff from PIT 35,,Kickoff,— C.Boswell kicks 60 yards from PIT 35 to BUF 5. M.Hardman to BUF 32 for 27 yards (B.Skowronek). PIT-B.Skowronek was injured during the play.
2026,PRESEASON WEEK 3,Thursday,August 27th,PIT,BUF,1st Quarter,4,Buffalo Bills,0,2,0,-9 Yard Run,1st & 10 at BUF 32,07:03 1st,"— F.Gore right tackle pushed ob at BUF 45 for 13 yards (R.Spears-Jennings). PENALTY on BUF-S.Gosnell, Offensive Holding, 10 yards, enforced at BUF 33."
2026,PRESEASON WEEK 3,Thursday,August 27th,PIT,BUF,1st Quarter,4,Buffalo Bills,0,3,0,-5 Yard Pass,1st & 19 at BUF 23,06:35 1st Shotgun,— S.Buechele pass short right to F.Gore to BUF 18 for -5 yards (C.Holcomb).
2026,PRESEASON WEEK 3,Thursday,August 27th,PIT,BUF,1st Quarter,4,Buffalo Bills,0,4,0,3 Yard Pass,2nd & 24 at BUF 18,05:57 1st Shotgun,— S.Buechele pass short right to F.Gore to BUF 21 for 3 yards (C.Bruener).
2026,PRESEASON WEEK 3,Thursday,August 27th,PIT,BUF,1st Quarter,4,Buffalo Bills,0,5,0,-7 Yard Sack,3rd & 21 at BUF 21,05:15 1st Shotgun,— S.Buechele sacked at BUF 14 for -7 yards (K.Jobity).
2026,PRESEASON WEEK 3,Thursday,August 27th,PIT,BUF,1st Quarter,4,Buffalo Bills,0,6,0,Punt,4th & 33 at BUF 9,04:19 1st,"— M.Wishnowsky punts 19 yards to BUF 28, Center-R.Ferguson, out of bounds."
2026,PRESEASON WEEK 3,Thursday,August 27th,PIT,BUF,1st Quarter,5,Pittsburgh Steelers,1,1,0,7 Yard Run,1st & 10 at BUF 28,04:13 1st Shotgun,— L.Nichols up the middle to BUF 21 for 7 yards (G.Stone).
2026,PRESEASON WEEK 3,Thursday,August 27th,PIT,BUF,1st Quarter,5,Pittsburgh Steelers,1,2,0,3 Yard Run,2nd & 3 at BUF 21,03:40 1st Shotgun,— L.Nichols up the middle to BUF 18 for 3 yards (T.Parker). (Virtual Measurement).
2026,PRESEASON WEEK 3,Thursday,August 27th,PIT,BUF,1st Quarter,5,Pittsburgh Steelers,1,3,0,13 Yard Pass,1st & 10 at BUF 18,03:09 1st Shotgun,— W.Howard pass short right to L.Nichols to BUF 5 for 13 yards (K.Jenkins).
2026,PRESEASON WEEK 3,Thursday,August 27th,PIT,BUF,1st Quarter,5,Pittsburgh Steelers,1,4,0,Pass Incomplete,1st & 5 at BUF 5,02:30 1st Shotgun,— W.Howard pass incomplete short left to G.Bernard.
2026,PRESEASON WEEK 3,Thursday,August 27th,PIT,BUF,1st Quarter,5,Pittsburgh Steelers,1,5,1,Touchdown,2nd & 5 at BUF 5,02:26 1st Shotgun,"— W.Howard pass short left to L.McRee for 5 yards, TOUCHDOWN."
2026,PRESEASON WEEK 3,Thursday,August 27th,PIT,BUF,1st Quarter,5,Pittsburgh Steelers,1,6,1,Extra Point,,02:20 1st,"— C.Boswell extra point is GOOD, Center-C.Kuntz, Holder-C.Johnston. PENALTY on BUF-D.Carter, Unnecessary Roughness, 15 yards, enforced between downs."
2026,PRESEASON WEEK 3,Thursday,August 27th,PIT,BUF,2nd Quarter,1,Buffalo Bills,0,1,0,Kickoff from 50,,Kickoff,"— C.Boswell kicks 50 yards from 50 to end zone, Touchback to the BUF 20."
2026,PRESEASON WEEK 3,Thursday,August 27th,PIT,BUF,2nd Quarter,1,Buffalo Bills,0,2,0,4 Yard Run,1st & 10 at BUF 20,02:20 1st,— I.Wheeler right guard to BUF 24 for 4 yards (Y.Black; D.Boykin).
2026,PRESEASON WEEK 3,Thursday,August 27th,PIT,BUF,2nd Quarter,1,Buffalo Bills,0,3,0,6 Yard Pass,2nd & 6 at BUF 24,01:42 1st Shotgun,— S.Buechele pass short left to I.Wheeler pushed ob at BUF 30 for 6 yards (D.Boykin).
2026,PRESEASON WEEK 3,Thursday,August 27th,PIT,BUF,2nd Quarter,1,Buffalo Bills,0,4,0,2 Yard Run,1st & 10 at BUF 30,01:09 1st,— I.Wheeler up the middle to BUF 32 for 2 yards (C.Holcomb).
2026,PRESEASON WEEK 3,Thursday,August 27th,PIT,BUF,2nd Quarter,1,Buffalo Bills,0,5,0,-6 Yard Sack,2nd & 8 at BUF 32,00:33 1st,— S.Buechele sacked at BUF 26 for -6 yards (J.Welschof).
2026,PRESEASON WEEK 3,Thursday,August 27th,PIT,BUF,2nd Quarter,1,Buffalo Bills,0,6,0,7 Yard Pass,3rd & 14 at BUF 26,15:00 2nd Shotgun,— S.Buechele pass short right to S.Bell to BUF 33 for 7 yards (D.Boykin).
2026,PRESEASON WEEK 3,Thursday,August 27th,PIT,BUF,2nd Quarter,1,Buffalo Bills,0,7,0,Punt,4th & 7 at BUF 33,14:23 2nd,"— M.Wishnowsky punts 49 yards to PIT 18, Center-R.Ferguson. K.Wetjen to PIT 18 for no gain (T.Couch)."
2026,PRESEASON WEEK 3,Thursday,August 27th,PIT,BUF,2nd Quarter,2,Pittsburgh Steelers,0,1,0,Pass Incomplete,1st & 10 at PIT 18,14:13 2nd,— W.Howard pass incomplete short left to R.Nowakowski (T.Parker).
2026,PRESEASON WEEK 3,Thursday,August 27th,PIT,BUF,2nd Quarter,2,Pittsburgh Steelers,0,2,0,0 Yard Pass,2nd & 10 at PIT 18,14:08 2nd,— W.Howard pass short left to B.Smith to PIT 18 for no gain (D.Igbinosun).
2026,PRESEASON WEEK 3,Thursday,August 27th,PIT,BUF,2nd Quarter,2,Pittsburgh Steelers,0,3,0,12 Yard Pass,3rd & 10 at PIT 18,13:30 2nd Shotgun,— W.Howard pass short right to M.Hurleman to PIT 30 for 12 yards (D.Hamlin).
2026,PRESEASON WEEK 3,Thursday,August 27th,PIT,BUF,2nd Quarter,2,Pittsburgh Steelers,0,4,0,Pass Incomplete,1st & 10 at PIT 30,12:53 2nd Shotgun,— W.Howard pass incomplete short right to T.Homer (T.Parker) [T.Parker].
2026,PRESEASON WEEK 3,Thursday,August 27th,PIT,BUF,2nd Quarter,2,Pittsburgh Steelers,0,5,0,5 Yard Run,2nd & 10 at PIT 30,12:48 2nd Shotgun,— T.Homer right guard to PIT 35 for 5 yards (M.Hairston; G.Stone).
2026,PRESEASON WEEK 3,Thursday,August 27th,PIT,BUF,2nd Quarter,2,Pittsburgh Steelers,0,6,0,Interception,3rd & 5 at PIT 35,12:07 2nd Shotgun,— W.Howard pass deep left intended for L.McRee INTERCEPTED by D.Hamlin at BUF 44. D.Hamlin to PIT 49 for 7 yards (T.Homer).
2026,PRESEASON WEEK 3,Thursday,August 27th,PIT,BUF,2nd Quarter,3,Buffalo Bills,1,1,0,10 Yard Run,1st & 10 at PIT 49,11:59 2nd,— F.Gore up the middle to PIT 39 for 10 yards (D.Boykin; C.Holcomb).
2026,PRESEASON WEEK 3,Thursday,August 27th,PIT,BUF,2nd Quarter,3,Buffalo Bills,1,2,0,1 Yard Run,1st & 10 at PIT 39,11:21 2nd,— F.Gore up the middle to PIT 38 for 1 yard (B.Echols).
2026,PRESEASON WEEK 3,Thursday,August 27th,PIT,BUF,2nd Quarter,3,Buffalo Bills,1,3,0,19 Yard Run,2nd & 9 at PIT 38,10:45 2nd Shotgun,"— F.Gore up the middle to PIT 34 for 4 yards (E.Otomewo). PENALTY on PIT-E.Otomewo, Face Mask, 15 yards, enforced at PIT 34."
2026,PRESEASON WEEK 3,Thursday,August 27th,PIT,BUF,2nd Quarter,3,Buffalo Bills,1,4,0,Pass Incomplete,1st & 10 at PIT 19,10:18 2nd Shotgun,— S.Buechele pass incomplete short right to S.Zylstra.
2026,PRESEASON WEEK 3,Thursday,August 27th,PIT,BUF,2nd Quarter,3,Buffalo Bills,1,5,0,18 Yard Pass,2nd & 10 at PIT 19,10:14 2nd Shotgun,— S.Buechele pass short right to F.Gore to PIT 1 for 18 yards (A.Goodlow).
2026,PRESEASON WEEK 3,Thursday,August 27th,PIT,BUF,2nd Quarter,3,Buffalo Bills,1,6,1,Touchdown,1st & 1 at PIT 1,09:26 2nd,"— F.Gore up the middle for 1 yard, TOUCHDOWN."
2026,PRESEASON WEEK 3,Thursday,August 27th,PIT,BUF,2nd Quarter,3,Buffalo Bills,1,7,1,Extra Point,,09:19 2nd,"— T.Bass extra point is GOOD, Center-R.Ferguson, Holder-T.Doman."
2026,PRESEASON WEEK 3,Thursday,August 27th,PIT,BUF,2nd Quarter,4,Pittsburgh Steelers,0,1,0,Kickoff from BUF 35,,Kickoff,"— T.Doman kicks 57 yards from BUF 35 to PIT 8. K.Wetjen to PIT 25 for 17 yards (T.Gaines). PENALTY on PIT-D.Boykin, Illegal Formation, 5 yards, enforced at PIT 25."
2026,PRESEASON WEEK 3,Thursday,August 27th,PIT,BUF,2nd Quarter,4,Pittsburgh Steelers,0,2,0,1 Yard Run,1st & 10 at PIT 20,09:13 2nd,— L.Nichols left tackle to PIT 21 for 1 yard (Z.Durant).
2026,PRESEASON WEEK 3,Thursday,August 27th,PIT,BUF,2nd Quarter,4,Pittsburgh Steelers,0,3,0,-5 Yard Penalty,2nd & 9 at PIT 21,08:34 2nd Shotgun,"— PENALTY on PIT-R.Nowakowski, False Start, 5 yards, enforced at PIT 21 - No Play."
2026,PRESEASON WEEK 3,Thursday,August 27th,PIT,BUF,2nd Quarter,4,Pittsburgh Steelers,0,4,0,13 Yard Pass,2nd & 14 at PIT 16,08:18 2nd Shotgun,— W.Howard pass short middle to M.Hurleman to PIT 29 for 13 yards (J.Dunbar; J.Ciarlo).
2026,PRESEASON WEEK 3,Thursday,August 27th,PIT,BUF,2nd Quarter,4,Pittsburgh Steelers,0,5,0,4 Yard Pass,3rd & 1 at PIT 29,07:38 2nd Shotgun,— W.Howard pass short left to B.Smith to PIT 33 for 4 yards (K.Walker).
2026,PRESEASON WEEK 3,Thursday,August 27th,PIT,BUF,2nd Quarter,4,Pittsburgh Steelers,0,6,0,3 Yard Run,1st & 10 at PIT 33,06:55 2nd,— L.Nichols right tackle to PIT 36 for 3 yards (K.Jenkins).
2026,PRESEASON WEEK 3,Thursday,August 27th,PIT,BUF,2nd Quarter,4,Pittsburgh Steelers,0,7,0,Pass Incomplete,2nd & 7 at PIT 36,06:23 2nd,— W.Howard pass incomplete deep left to B.Smith.
2026,PRESEASON WEEK 3,Thursday,August 27th,PIT,BUF,2nd Quarter,4,Pittsburgh Steelers,0,8,0,-5 Yard Sack,3rd & 7 at PIT 36,06:17 2nd Shotgun,— W.Howard sacked at PIT 31 for -5 yards (P.Mathis).
2026,PRESEASON WEEK 3,Thursday,August 27th,PIT,BUF,2nd Quarter,4,Pittsburgh Steelers,0,9,0,Punt,4th & 12 at PIT 31,05:37 2nd,"— C.Johnston punts 58 yards to BUF 11, Center-C.Kuntz. R.Davis to BUF 22 for 11 yards (C.Kuntz)."
2026,PRESEASON WEEK 3,Thursday,August 27th,PIT,BUF,2nd Quarter,5,Buffalo Bills,0,1,0,Pass Incomplete,1st & 10 at BUF 22,05:25 2nd,— S.Buechele pass incomplete deep left to D.Pettis.
2026,PRESEASON WEEK 3,Thursday,August 27th,PIT,BUF,2nd Quarter,5,Buffalo Bills,0,2,0,0 Yard Run,2nd & 10 at BUF 22,05:18 2nd Shotgun,— I.Wheeler up the middle to BUF 22 for no gain (E.Roberts).
2026,PRESEASON WEEK 3,Thursday,August 27th,PIT,BUF,2nd Quarter,5,Buffalo Bills,0,3,0,6 Yard Pass,3rd & 10 at BUF 22,04:37 2nd Shotgun,— S.Buechele pass short right to M.Tomczak to BUF 28 for 6 yards (D.Boykin).
2026,PRESEASON WEEK 3,Thursday,August 27th,PIT,BUF,2nd Quarter,5,Buffalo Bills,0,4,0,Punt,4th & 4 at BUF 28,03:56 2nd,"— T.Doman punts 56 yards to PIT 16, Center-R.Ferguson. K.Wetjen to PIT 27 for 11 yards (Q.Skinner)."
2026,PRESEASON WEEK 3,Thursday,August 27th,PIT,BUF,2nd Quarter,6,Pittsburgh Steelers,0,1,0,6 Yard Run,1st & 10 at PIT 27,03:44 2nd Shotgun,— T.Homer left end pushed ob at PIT 33 for 6 yards (K.Jenkins).
2026,PRESEASON WEEK 3,Thursday,August 27th,PIT,BUF,2nd Quarter,6,Pittsburgh Steelers,0,2,0,-8 Yard Sack,2nd & 4 at PIT 33,03:19 2nd Shotgun,— W.Howard sacked at PIT 25 for -8 yards (A.Jones).
2026,PRESEASON WEEK 3,Thursday,August 27th,PIT,BUF,2nd Quarter,6,Pittsburgh Steelers,0,3,0,2 Yard Pass,3rd & 12 at PIT 25,02:39 2nd Shotgun,— W.Howard pass short left to T.Homer to PIT 27 for 2 yards (K.Jenkins) [Z.Durant].
2026,PRESEASON WEEK 3,Thursday,August 27th,PIT,BUF,2nd Quarter,6,Pittsburgh Steelers,0,4,0,Punt,4th & 10 at PIT 27,02:00 2nd,"— C.Johnston punts 52 yards to BUF 21, Center-C.Kuntz. M.Hardman to BUF 25 for 4 yards (D.Jamison)."
2026,PRESEASON WEEK 3,Thursday,August 27th,PIT,BUF,2nd Quarter,7,Buffalo Bills,0,1,0,5 Yard Pass,1st & 10 at BUF 25,01:50 2nd Shotgun,— S.Buechele pass short left to S.Bell to BUF 30 for 5 yards (C.Bruener).
2026,PRESEASON WEEK 3,Thursday,August 27th,PIT,BUF,2nd Quarter,7,Buffalo Bills,0,2,0,7 Yard Pass,2nd & 5 at BUF 30,"01:33 2nd No Huddle, Shotgun",— S.Buechele pass short left to S.Bell to BUF 37 for 7 yards (D.Slaughter).
2026,PRESEASON WEEK 3,Thursday,August 27th,PIT,BUF,2nd Quarter,7,Buffalo Bills,0,3,0,4 Yard Pass,1st & 10 at BUF 37,"01:07 2nd No Huddle, Shotgun",— S.Buechele pass short right to S.Zylstra to BUF 41 for 4 yards (B.Echols).
2026,PRESEASON WEEK 3,Thursday,August 27th,PIT,BUF,2nd Quarter,7,Buffalo Bills,0,4,0,Pass Incomplete,2nd & 6 at BUF 41,"00:49 2nd No Huddle, Shotgun",— S.Buechele pass incomplete short right to S.Zylstra.
2026,PRESEASON WEEK 3,Thursday,August 27th,PIT,BUF,2nd Quarter,7,Buffalo Bills,0,5,0,Pass Incomplete,3rd & 6 at BUF 41,00:45 2nd Shotgun,— S.Buechele pass incomplete deep right to Q.Skinner.
2026,PRESEASON WEEK 3,Thursday,August 27th,PIT,BUF,2nd Quarter,7,Buffalo Bills,0,6,0,Punt,4th & 6 at BUF 41,00:42 2nd,"— T.Doman punts 49 yards to PIT 10, Center-R.Ferguson, out of bounds."
2026,PRESEASON WEEK 3,Thursday,August 27th,PIT,BUF,2nd Quarter,8,Pittsburgh Steelers,0,1,0,-5 Yard Penalty,1st & 10 at PIT 10,00:35 2nd Shotgun,"— W.Howard pass short right to L.McRee pushed ob at PIT 19 for 9 yards (T.Pride). PENALTY on PIT-M.Iheanachor, Offensive Holding, 5 yards, enforced at PIT 10 - No Play."
2026,PRESEASON WEEK 3,Thursday,August 27th,PIT,BUF,2nd Quarter,8,Pittsburgh Steelers,0,2,0,11 Yard Run,1st & 15 at PIT 5,00:28 2nd Shotgun,— L.Nichols up the middle to PIT 16 for 11 yards (J.Kilgore).
2026,PRESEASON WEEK 3,Thursday,August 27th,PIT,BUF,2nd Quarter,8,Pittsburgh Steelers,0,3,0,Timeout,,00:21 2nd,— Timeout #1 by PIT at 00:21.
2026,PRESEASON WEEK 3,Thursday,August 27th,PIT,BUF,2nd Quarter,8,Pittsburgh Steelers,0,4,0,Pass Incomplete,2nd & 4 at PIT 16,00:21 2nd Shotgun,— W.Howard pass incomplete short left [M.Danna].
2026,PRESEASON WEEK 3,Thursday,August 27th,PIT,BUF,2nd Quarter,8,Pittsburgh Steelers,0,5,0,6 Yard Run,3rd & 4 at PIT 16,00:14 2nd Shotgun,— L.Nichols up the middle to PIT 22 for 6 yards (Z.Logue; T.Couch).
2026,PRESEASON WEEK 3,Thursday,August 27th,PIT,BUF,3rd Quarter,1,Pittsburgh Steelers,1,1,0,Kickoff from BUF 35,,Kickoff,— T.Doman kicks 59 yards from BUF 35 to PIT 6. E.Heidenreich to PIT 32 for 26 yards (T.Gaines).
2026,PRESEASON WEEK 3,Thursday,August 27th,PIT,BUF,3rd Quarter,1,Pittsburgh Steelers,1,2,0,4 Yard Run,1st & 10 at PIT 32,14:52 3rd,— E.Heidenreich right guard to PIT 36 for 4 yards (Z.Logue).
2026,PRESEASON WEEK 3,Thursday,August 27th,PIT,BUF,3rd Quarter,1,Pittsburgh Steelers,1,3,0,1 Yard Run,2nd & 6 at PIT 36,14:15 3rd,— E.Heidenreich left tackle to PIT 37 for 1 yard (P.Mathis).
2026,PRESEASON WEEK 3,Thursday,August 27th,PIT,BUF,3rd Quarter,1,Pittsburgh Steelers,1,4,0,7 Yard Pass,3rd & 5 at PIT 37,13:34 3rd Shotgun,— D.Allar pass short left to K.Wetjen to PIT 44 for 7 yards (T.Pride).
2026,PRESEASON WEEK 3,Thursday,August 27th,PIT,BUF,3rd Quarter,1,Pittsburgh Steelers,1,5,0,2 Yard Pass,1st & 10 at PIT 44,"13:13 3rd No Huddle, Shotgun","— D.Allar pass short right to J.Bell to PIT 46 for 2 yards (T.Couch, A.Jones)."
2026,PRESEASON WEEK 3,Thursday,August 27th,PIT,BUF,3rd Quarter,1,Pittsburgh Steelers,1,6,0,7 Yard Run,2nd & 8 at PIT 46,12:30 3rd,— E.Heidenreich left tackle to BUF 47 for 7 yards (Z.Durant).
2026,PRESEASON WEEK 3,Thursday,August 27th,PIT,BUF,3rd Quarter,1,Pittsburgh Steelers,1,7,0,4 Yard Run,3rd & 1 at BUF 47,11:48 3rd,— E.Heidenreich right guard to BUF 43 for 4 yards (M.Danna).
2026,PRESEASON WEEK 3,Thursday,August 27th,PIT,BUF,3rd Quarter,1,Pittsburgh Steelers,1,8,0,5 Yard Run,1st & 10 at BUF 43,11:07 3rd,— K.Johnson left guard to BUF 38 for 5 yards (J.Ciarlo; A.Jones).
2026,PRESEASON WEEK 3,Thursday,August 27th,PIT,BUF,3rd Quarter,1,Pittsburgh Steelers,1,9,0,25 Yard Pass,2nd & 5 at BUF 38,10:30 3rd,— D.Allar pass short right to M.Hurleman to BUF 13 for 25 yards (T.Couch; J.Ciarlo).
2026,PRESEASON WEEK 3,Thursday,August 27th,PIT,BUF,3rd Quarter,1,Pittsburgh Steelers,1,10,0,4 Yard Run,1st & 10 at BUF 13,09:46 3rd,— E.Heidenreich right guard to BUF 9 for 4 yards (M.Danna; T.Gaines).
2026,PRESEASON WEEK 3,Thursday,August 27th,PIT,BUF,3rd Quarter,1,Pittsburgh Steelers,1,11,0,Pass Incomplete,2nd & 6 at BUF 9,09:05 3rd Shotgun,— D.Allar pass incomplete short left to J.Keeney-James (A.Kendall).
2026,PRESEASON WEEK 3,Thursday,August 27th,PIT,BUF,3rd Quarter,1,Pittsburgh Steelers,1,12,1,Touchdown,3rd & 6 at BUF 9,09:01 3rd,"— E.Heidenreich right end for 9 yards, TOUCHDOWN."
2026,PRESEASON WEEK 3,Thursday,August 27th,PIT,BUF,3rd Quarter,1,Pittsburgh Steelers,1,13,1,Extra Point,,08:55 3rd,"— C.Boswell extra point is GOOD, Center-C.Kuntz, Holder-C.Johnston."
2026,PRESEASON WEEK 3,Thursday,August 27th,PIT,BUF,3rd Quarter,2,Buffalo Bills,1,1,0,Kickoff from PIT 35,,Kickoff,— C.Boswell kicks 58 yards from PIT 35 to BUF 7. D.Pettis to BUF 21 for 14 yards (J.Henderson).
2026,PRESEASON WEEK 3,Thursday,August 27th,PIT,BUF,3rd Quarter,2,Buffalo Bills,1,2,0,5 Yard Pass,1st & 10 at BUF 21,08:49 3rd Shotgun,— S.Buechele pass short right to F.Gore to BUF 26 for 5 yards (J.Sawyer).
2026,PRESEASON WEEK 3,Thursday,August 27th,PIT,BUF,3rd Quarter,2,Buffalo Bills,1,3,0,4 Yard Run,2nd & 5 at BUF 26,08:17 3rd,— F.Gore right guard to BUF 30 for 4 yards (C.Bruener; G.Rubio).
2026,PRESEASON WEEK 3,Thursday,August 27th,PIT,BUF,3rd Quarter,2,Buffalo Bills,1,4,0,2 Yard Pass,3rd & 1 at BUF 30,07:37 3rd,— S.Buechele pass short right to B.VanSumeren ran ob at BUF 32 for 2 yards.
2026,PRESEASON WEEK 3,Thursday,August 27th,PIT,BUF,3rd Quarter,2,Buffalo Bills,1,5,0,4 Yard Run,1st & 10 at BUF 32,07:00 3rd,— F.Gore left guard to BUF 36 for 4 yards (E.Roberts; B.Echols).
2026,PRESEASON WEEK 3,Thursday,August 27th,PIT,BUF,3rd Quarter,2,Buffalo Bills,1,6,0,24 Yard Pass,2nd & 6 at BUF 36,06:22 3rd,— S.Buechele pass short right to F.Gore to PIT 40 for 24 yards (C.Bruener; D.Slaughter).
2026,PRESEASON WEEK 3,Thursday,August 27th,PIT,BUF,3rd Quarter,2,Buffalo Bills,1,7,0,12 Yard Pass,1st & 10 at PIT 40,05:38 3rd,— S.Buechele pass short right to S.Bell to PIT 28 for 12 yards (C.Bruener; D.Slaughter) [E.Otomewo].
2026,PRESEASON WEEK 3,Thursday,August 27th,PIT,BUF,3rd Quarter,2,Buffalo Bills,1,8,1,Touchdown,1st & 10 at PIT 28,04:55 3rd,"— S.Bell right tackle for 28 yards, TOUCHDOWN."
2026,PRESEASON WEEK 3,Thursday,August 27th,PIT,BUF,3rd Quarter,2,Buffalo Bills,1,9,1,Extra Point,,04:49 3rd,"— T.Bass extra point is GOOD, Center-R.Ferguson, Holder-T.Doman."
2026,PRESEASON WEEK 3,Thursday,August 27th,PIT,BUF,3rd Quarter,3,Pittsburgh Steelers,0,1,0,Kickoff from BUF 35,,Kickoff,"— T.Doman kicks 65 yards from BUF 35 to end zone, Touchback to the PIT 35."
2026,PRESEASON WEEK 3,Thursday,August 27th,PIT,BUF,3rd Quarter,3,Pittsburgh Steelers,0,2,0,Pass Incomplete,1st & 10 at PIT 35,04:49 3rd Shotgun,— D.Allar pass incomplete short right to L.Mason.
2026,PRESEASON WEEK 3,Thursday,August 27th,PIT,BUF,3rd Quarter,3,Pittsburgh Steelers,0,3,0,2 Yard Run,2nd & 10 at PIT 35,04:42 3rd,— E.Heidenreich right guard to PIT 37 for 2 yards (C.Denhoff; P.Mathis).
2026,PRESEASON WEEK 3,Thursday,August 27th,PIT,BUF,3rd Quarter,3,Pittsburgh Steelers,0,4,0,Pass Incomplete,3rd & 8 at PIT 37,04:10 3rd Shotgun,— D.Allar pass incomplete deep left to L.Wentz (A.Kendall).
2026,PRESEASON WEEK 3,Thursday,August 27th,PIT,BUF,3rd Quarter,3,Pittsburgh Steelers,0,5,0,Punt,4th & 8 at PIT 37,04:04 3rd,"— C.Johnston punts 49 yards to BUF 14, Center-C.Kuntz. M.Hardman pushed ob at BUF 31 for 17 yards (L.Wentz)."
2026,PRESEASON WEEK 3,Thursday,August 27th,PIT,BUF,3rd Quarter,4,Buffalo Bills,0,1,0,4 Yard Pass,1st & 10 at BUF 31,03:52 3rd,— S.Buechele pass short right to I.Wheeler to BUF 35 for 4 yards (J.Windmon).
2026,PRESEASON WEEK 3,Thursday,August 27th,PIT,BUF,3rd Quarter,4,Buffalo Bills,0,2,0,1 Yard Run,2nd & 6 at BUF 35,03:12 3rd,"— I.Wheeler right end to BUF 36 for 1 yard (D.Jamison, C.Holcomb)."
2026,PRESEASON WEEK 3,Thursday,August 27th,PIT,BUF,3rd Quarter,4,Buffalo Bills,0,3,0,Pass Incomplete,3rd & 5 at BUF 36,02:31 3rd Shotgun,— S.Buechele pass incomplete deep right to S.Bell (D.Jamison).
2026,PRESEASON WEEK 3,Thursday,August 27th,PIT,BUF,3rd Quarter,4,Buffalo Bills,0,4,0,Punt,4th & 5 at BUF 36,02:26 3rd,"— T.Doman punts 59 yards to PIT 5, Center-R.Ferguson. K.Wetjen to PIT 10 for 5 yards (K.Jenkins)."
2026,PRESEASON WEEK 3,Thursday,August 27th,PIT,BUF,4th Quarter,1,Pittsburgh Steelers,0,1,0,6 Yard Run,1st & 10 at PIT 10,02:14 3rd,— K.Johnson up the middle to PIT 16 for 6 yards (O.Reese).
2026,PRESEASON WEEK 3,Thursday,August 27th,PIT,BUF,4th Quarter,1,Pittsburgh Steelers,0,2,0,2 Yard Run,2nd & 4 at PIT 16,01:32 3rd,— K.Johnson right end pushed ob at PIT 18 for 2 yards (J.Dunbar).
2026,PRESEASON WEEK 3,Thursday,August 27th,PIT,BUF,4th Quarter,1,Pittsburgh Steelers,0,3,0,13 Yard Pass,3rd & 2 at PIT 18,00:54 3rd Shotgun,— D.Allar pass short middle to L.Mason to PIT 31 for 13 yards (J.Dunbar).
2026,PRESEASON WEEK 3,Thursday,August 27th,PIT,BUF,4th Quarter,1,Pittsburgh Steelers,0,4,0,-1 Yard Run,1st & 10 at PIT 31,00:21 3rd,— K.Johnson left guard to PIT 30 for -1 yards (M.Danna).
2026,PRESEASON WEEK 3,Thursday,August 27th,PIT,BUF,4th Quarter,1,Pittsburgh Steelers,0,5,0,11 Yard Pass,2nd & 11 at PIT 30,15:00 4th Shotgun,— D.Allar pass short right to L.Mason to PIT 41 for 11 yards (J.Ciarlo; D.Miller).
2026,PRESEASON WEEK 3,Thursday,August 27th,PIT,BUF,4th Quarter,1,Pittsburgh Steelers,0,6,0,7 Yard Pass,1st & 10 at PIT 41,14:18 4th,— D.Allar pass short right to L.Mason pushed ob at PIT 48 for 7 yards (J.Dunbar; A.Jones).
2026,PRESEASON WEEK 3,Thursday,August 27th,PIT,BUF,4th Quarter,1,Pittsburgh Steelers,0,7,0,-1 Yard Run,2nd & 3 at PIT 48,13:40 4th Shotgun,— K.Johnson right tackle to PIT 47 for -1 yards (W.Owens).
2026,PRESEASON WEEK 3,Thursday,August 27th,PIT,BUF,4th Quarter,1,Pittsburgh Steelers,0,8,0,Pass Incomplete,3rd & 4 at PIT 47,13:03 4th Shotgun,— D.Allar pass incomplete deep left to K.Wetjen.
2026,PRESEASON WEEK 3,Thursday,August 27th,PIT,BUF,4th Quarter,1,Pittsburgh Steelers,0,9,0,Punt,4th & 4 at PIT 47,12:58 4th,"— C.Johnston punts 44 yards to BUF 9, Center-C.Kuntz, fair catch by D.Pettis."
2026,PRESEASON WEEK 3,Thursday,August 27th,PIT,BUF,4th Quarter,2,Pittsburgh Steelers,1,1,0,5 Yard Pass,1st & 10 at BUF 9,12:50 4th,— S.Buechele pass short right to S.Bell pushed ob at BUF 14 for 5 yards (J.Guilbeau).
2026,PRESEASON WEEK 3,Thursday,August 27th,PIT,BUF,4th Quarter,2,Pittsburgh Steelers,1,2,0,-5 Yard Penalty,2nd & 5 at BUF 14,12:20 4th Shotgun,"— PENALTY on BUF-D.Weatherspoon, False Start, 5 yards, enforced at BUF 14 - No Play."
2026,PRESEASON WEEK 3,Thursday,August 27th,PIT,BUF,4th Quarter,2,Pittsburgh Steelers,1,3,0,-2 Yard Run,2nd & 10 at BUF 9,12:20 4th Shotgun,"— I.Wheeler right end to BUF 18 for 9 yards (A.Goodlow; J.Henderson). PENALTY on BUF-Q.Skinner, Offensive Holding, 7 yards, enforced at BUF 14."
2026,PRESEASON WEEK 3,Thursday,August 27th,PIT,BUF,4th Quarter,2,Pittsburgh Steelers,1,4,0,-6 Yard Sack,2nd & 12 at BUF 7,11:52 4th Shotgun,— S.Buechele sacked at BUF 1 for -6 yards (A.Goodlow). The player down by contact was assisted by replay.
2026,PRESEASON WEEK 3,Thursday,August 27th,PIT,BUF,4th Quarter,2,Pittsburgh Steelers,1,5,0,Pass Incomplete,3rd & 18 at BUF 1,11:32 4th Shotgun,— S.Buechele pass incomplete short right to S.Zylstra.
2026,PRESEASON WEEK 3,Thursday,August 27th,PIT,BUF,4th Quarter,2,Pittsburgh Steelers,1,6,1,Touchdown,4th & 18 at BUF 1,11:28 4th,"— T.Doman punts 44 yards to BUF 45, Center-R.Ferguson. K.Wetjen for 45 yards, TOUCHDOWN."
2026,PRESEASON WEEK 3,Thursday,August 27th,PIT,BUF,4th Quarter,3,Buffalo Bills,1,1,0,Kickoff from PIT 35,,Kickoff,"— C.Boswell kicks 65 yards from PIT 35 to end zone, Touchback to the BUF 35."
2026,PRESEASON WEEK 3,Thursday,August 27th,PIT,BUF,4th Quarter,3,Buffalo Bills,1,2,0,4 Yard Pass,1st & 10 at BUF 35,11:11 4th Shotgun,— S.Buechele pass short left to B.VanSumeren to BUF 39 for 4 yards (D.Porter) [K.Baugh].
2026,PRESEASON WEEK 3,Thursday,August 27th,PIT,BUF,4th Quarter,3,Buffalo Bills,1,3,0,3 Yard Pass,2nd & 6 at BUF 39,10:37 4th Shotgun,— S.Buechele pass short left to K.Latu to BUF 42 for 3 yards (J.Henderson).
2026,PRESEASON WEEK 3,Thursday,August 27th,PIT,BUF,4th Quarter,3,Buffalo Bills,1,4,0,9 Yard Run,3rd & 3 at BUF 42,09:56 4th,— S.Buechele scrambles up the middle to PIT 49 for 9 yards (D.Boykin).
2026,PRESEASON WEEK 3,Thursday,August 27th,PIT,BUF,4th Quarter,3,Buffalo Bills,1,5,0,4 Yard Run,1st & 10 at PIT 49,09:19 4th,— I.Wheeler right guard to PIT 45 for 4 yards (J.Welschof; D.Boykin).
2026,PRESEASON WEEK 3,Thursday,August 27th,PIT,BUF,4th Quarter,3,Buffalo Bills,1,6,0,20 Yard Pass,2nd & 6 at PIT 45,08:37 4th Shotgun,— S.Buechele pass deep left to M.Tomczak to PIT 25 for 20 yards (D.Jamison).
2026,PRESEASON WEEK 3,Thursday,August 27th,PIT,BUF,4th Quarter,3,Buffalo Bills,1,7,0,4 Yard Run,1st & 10 at PIT 25,07:49 4th Shotgun,— S.Buechele scrambles right guard to PIT 21 for 4 yards (D.Jamison).
2026,PRESEASON WEEK 3,Thursday,August 27th,PIT,BUF,4th Quarter,3,Buffalo Bills,1,8,0,-3 Yard Pass,2nd & 6 at PIT 21,07:05 4th Shotgun,— S.Buechele pass short left to S.Bell to PIT 24 for -3 yards (D.Jamison).
2026,PRESEASON WEEK 3,Thursday,August 27th,PIT,BUF,4th Quarter,3,Buffalo Bills,1,9,0,Pass Incomplete,3rd & 9 at PIT 24,06:26 4th Shotgun,— S.Buechele pass incomplete deep left to J.Maclin (D.Porter).
2026,PRESEASON WEEK 3,Thursday,August 27th,PIT,BUF,4th Quarter,3,Buffalo Bills,1,10,1,Field Goal,4th & 9 at PIT 24,06:21 4th,"— T.Bass 42 yard field goal is GOOD, Center-R.Ferguson, Holder-T.Doman."
2026,PRESEASON WEEK 3,Thursday,August 27th,PIT,BUF,4th Quarter,4,Pittsburgh Steelers,0,1,0,Kickoff from BUF 35,,Kickoff,"— T.Doman kicks 65 yards from BUF 35 to end zone, Touchback to the PIT 35."
2026,PRESEASON WEEK 3,Thursday,August 27th,PIT,BUF,4th Quarter,4,Pittsburgh Steelers,0,2,0,2 Yard Run,1st & 10 at PIT 35,06:17 4th,"— E.Heidenreich right guard to PIT 37 for 2 yards (P.Mathis, T.Gaines)."
2026,PRESEASON WEEK 3,Thursday,August 27th,PIT,BUF,4th Quarter,4,Pittsburgh Steelers,0,3,0,16 Yard Pass,2nd & 8 at PIT 37,05:37 4th Shotgun,— D.Allar pass short right to C.Powell to BUF 47 for 16 yards (A.Kendall).
2026,PRESEASON WEEK 3,Thursday,August 27th,PIT,BUF,4th Quarter,4,Pittsburgh Steelers,0,4,0,4 Yard Pass,1st & 10 at BUF 47,04:55 4th Shotgun,— D.Allar pass short middle to C.Powell to BUF 43 for 4 yards (A.Kendall).
2026,PRESEASON WEEK 3,Thursday,August 27th,PIT,BUF,4th Quarter,4,Pittsburgh Steelers,0,5,0,2 Yard Run,2nd & 6 at BUF 43,04:13 4th,— E.Heidenreich right guard to BUF 41 for 2 yards (D.Carter; T.Gaines).
2026,PRESEASON WEEK 3,Thursday,August 27th,PIT,BUF,4th Quarter,4,Pittsburgh Steelers,0,6,0,Pass Incomplete,3rd & 4 at BUF 41,03:30 4th Shotgun,— D.Allar pass incomplete deep left to C.Powell.
2026,PRESEASON WEEK 3,Thursday,August 27th,PIT,BUF,4th Quarter,4,Pittsburgh Steelers,0,7,0,Pass Incomplete,4th & 4 at BUF 41,03:26 4th Shotgun,— D.Allar pass incomplete short right to J.Keeney-James.
2026,PRESEASON WEEK 3,Thursday,August 27th,PIT,BUF,4th Quarter,5,Buffalo Bills,1,1,0,Pass Incomplete,1st & 10 at BUF 41,03:20 4th Shotgun,— S.Buechele pass incomplete short left to D.Pettis.
2026,PRESEASON WEEK 3,Thursday,August 27th,PIT,BUF,4th Quarter,5,Buffalo Bills,1,2,0,-4 Yard Pass,2nd & 10 at BUF 41,03:16 4th Shotgun,— S.Buechele pass short middle to S.Buechele to BUF 37 for -4 yards (J.Welschof).
2026,PRESEASON WEEK 3,Thursday,August 27th,PIT,BUF,4th Quarter,5,Buffalo Bills,1,3,0,16 Yard Pass,3rd & 14 at BUF 37,02:29 4th Shotgun,— S.Buechele pass short middle to D.Pettis to PIT 47 for 16 yards (E.Roberts).
2026,PRESEASON WEEK 3,Thursday,August 27th,PIT,BUF,4th Quarter,5,Buffalo Bills,1,4,0,40 Yard Penalty,1st & 10 at PIT 47,02:00 4th Shotgun,"— S.Buechele pass incomplete deep left to D.Pettis. PENALTY on PIT-T.Lynum, Defensive Pass Interference, 40 yards, enforced at PIT 47 - No Play."
2026,PRESEASON WEEK 3,Thursday,August 27th,PIT,BUF,4th Quarter,5,Buffalo Bills,1,5,0,6 Yard Run,1st & 7 at PIT 7,01:53 4th,— I.Wheeler right guard to PIT 1 for 6 yards (D.Jamison; J.Guilbeau).
2026,PRESEASON WEEK 3,Thursday,August 27th,PIT,BUF,4th Quarter,5,Buffalo Bills,1,6,0,-1 Yard Run,2nd & 1 at PIT 1,01:14 4th,— I.Wheeler up the middle to PIT 2 for -1 yards (D.Jamison).
2026,PRESEASON WEEK 3,Thursday,August 27th,PIT,BUF,4th Quarter,5,Buffalo Bills,1,7,0,Timeout,,01:09 4th,— Timeout #1 by PIT at 01:09.
2026,PRESEASON WEEK 3,Thursday,August 27th,PIT,BUF,4th Quarter,5,Buffalo Bills,1,8,1,Touchdown,3rd & 2 at PIT 2,01:09 4th,"— I.Wheeler up the middle for 2 yards, TOUCHDOWN."
2026,PRESEASON WEEK 3,Thursday,August 27th,PIT,BUF,4th Quarter,5,Buffalo Bills,1,9,0,2 Point Conversion,,01:06 4th,— TWO-POINT CONVERSION ATTEMPT. S.Buechele pass to D.Pettis is complete. ATTEMPT SUCCEEDS.
2026,PRESEASON WEEK 3,Thursday,August 27th,PIT,BUF,4th Quarter,6,Pittsburgh Steelers,0,1,0,Kickoff from BUF 35,,Kickoff,"— T.Doman kicks 65 yards from BUF 35 to end zone, Touchback to the PIT 35."
2026,PRESEASON WEEK 3,Thursday,August 27th,PIT,BUF,4th Quarter,6,Pittsburgh Steelers,0,2,0,3 Yard Pass,1st & 10 at PIT 35,01:06 4th Shotgun,— D.Allar pass short middle to C.Powell ran ob at PIT 38 for 3 yards (D.Miller).
2026,PRESEASON WEEK 3,Thursday,August 27th,PIT,BUF,4th Quarter,6,Pittsburgh Steelers,0,3,0,Pass Incomplete,2nd & 7 at PIT 38,00:59 4th Shotgun,— D.Allar pass incomplete short middle to L.McRee (J.Ciarlo).
2026,PRESEASON WEEK 3,Thursday,August 27th,PIT,BUF,4th Quarter,6,Pittsburgh Steelers,0,4,0,Pass Incomplete,3rd & 7 at PIT 38,00:53 4th Shotgun,— D.Allar pass incomplete short right to J.Keeney-James (D.Miller).
2026,PRESEASON WEEK 3,Thursday,August 27th,PIT,BUF,4th Quarter,6,Pittsburgh Steelers,0,5,0,Pass Incomplete,4th & 7 at PIT 38,00:48 4th Shotgun,— D.Allar pass incomplete deep right to L.McRee.
2026,PRESEASON WEEK 3,Thursday,August 27th,PIT,BUF,4th Quarter,7,Buffalo Bills,0,1,0,-1 Yard Run,1st & 10 at PIT 37,00:44 4th,— S.Buechele kneels to PIT 38 for -1 yards.
2026,PRESEASON WEEK 3,Thursday,August 27th,PIT,BUF,4th Quarter,7,Buffalo Bills,0,2,0,-1 Yard Run,2nd & 11 at PIT 38,00:12 4th,— S.Buechele kneels to PIT 39 for -1 yards.
2026,PRESEASON WEEK 3,Thursday,August 27th,NE,CLE,1st Quarter,1,Cleveland Browns,1,1,0,Kickoff from NE 35,,Kickoff,— A.Borregales kicks 61 yards from NE 35 to CLE 4. M.Corley to CLE 33 for 29 yards (R.Wilson).
2026,PRESEASON WEEK 3,Thursday,August 27th,NE,CLE,1st Quarter,1,Cleveland Browns,1,2,0,12 Yard Pass,1st & 10 at CLE 33,14:54 1st,— D.Gabriel pass short left to G.Larvadain ran ob at CLE 45 for 12 yards (C.Woods).
2026,PRESEASON WEEK 3,Thursday,August 27th,NE,CLE,1st Quarter,1,Cleveland Browns,1,3,0,1 Yard Run,1st & 10 at CLE 45,14:20 1st,— R.Sanders right tackle to CLE 46 for 1 yard (N.Obiazor).
2026,PRESEASON WEEK 3,Thursday,August 27th,NE,CLE,1st Quarter,1,Cleveland Browns,1,4,0,Pass Incomplete,2nd & 9 at CLE 46,13:47 1st Shotgun,— D.Gabriel pass incomplete short left to L.Floriea.
2026,PRESEASON WEEK 3,Thursday,August 27th,NE,CLE,1st Quarter,1,Cleveland Browns,1,5,0,28 Yard Penalty,3rd & 9 at CLE 46,13:42 1st Shotgun,"— D.Gabriel pass incomplete deep right to G.Larvadain. PENALTY on NE-K.Vildor, Defensive Pass Interference, 28 yards, enforced at CLE 46 - No Play."
2026,PRESEASON WEEK 3,Thursday,August 27th,NE,CLE,1st Quarter,1,Cleveland Browns,1,6,0,7 Yard Run,1st & 10 at NE 26,13:37 1st,— R.Sanders left guard to NE 19 for 7 yards (K.Vildor).
2026,PRESEASON WEEK 3,Thursday,August 27th,NE,CLE,1st Quarter,1,Cleveland Browns,1,7,0,2 Yard Run,2nd & 3 at NE 19,12:59 1st,— R.Sanders up the middle to NE 17 for 2 yards (K.Britt).
2026,PRESEASON WEEK 3,Thursday,August 27th,NE,CLE,1st Quarter,1,Cleveland Browns,1,8,0,11 Yard Run,3rd & 1 at NE 17,12:20 1st Shotgun,— R.Sanders right end to NE 6 for 11 yards (K.Britt).
2026,PRESEASON WEEK 3,Thursday,August 27th,NE,CLE,1st Quarter,1,Cleveland Browns,1,9,1,Touchdown,1st & 6 at NE 6,11:46 1st,"— D.Gabriel pass short right to L.Floriea for 6 yards, TOUCHDOWN."
2026,PRESEASON WEEK 3,Thursday,August 27th,NE,CLE,1st Quarter,1,Cleveland Browns,1,10,1,Extra Point,,11:39 1st,"— A.Szmyt extra point is GOOD, Center-R.Sunahara, Holder-C.Bojorquez."
2026,PRESEASON WEEK 3,Thursday,August 27th,NE,CLE,1st Quarter,2,New England Patriots,1,1,0,Kickoff from CLE 35,,Kickoff,— A.Szmyt kicks 60 yards from CLE 35 to NE 5. H.Haskins to NE 24 for 19 yards (M.Corley).
2026,PRESEASON WEEK 3,Thursday,August 27th,NE,CLE,1st Quarter,2,New England Patriots,1,2,0,2 Yard Run,1st & 10 at NE 24,11:33 1st,— L.Larison left guard to NE 26 for 2 yards (E.McNeil-Warren).
2026,PRESEASON WEEK 3,Thursday,August 27th,NE,CLE,1st Quarter,2,New England Patriots,1,3,0,4 Yard Run,2nd & 8 at NE 26,10:59 1st,— T.DeVito scrambles up the middle to NE 30 for 4 yards (K.Sydnor; J.Jefferson).
2026,PRESEASON WEEK 3,Thursday,August 27th,NE,CLE,1st Quarter,2,New England Patriots,1,4,0,10 Yard Pass,3rd & 4 at NE 30,10:23 1st Shotgun,— T.DeVito pass short right to K.Williams to NE 40 for 10 yards (T.Hall; D.McMillon).
2026,PRESEASON WEEK 3,Thursday,August 27th,NE,CLE,1st Quarter,2,New England Patriots,1,5,0,3 Yard Run,1st & 10 at NE 40,09:42 1st Shotgun,— L.Larison right guard to NE 43 for 3 yards (E.Mascarenas-Arnold; T.Avery).
2026,PRESEASON WEEK 3,Thursday,August 27th,NE,CLE,1st Quarter,2,New England Patriots,1,6,0,12 Yard Run,2nd & 7 at NE 43,09:07 1st,— T.DeVito scrambles left end to CLE 45 for 12 yards (E.Mascarenas-Arnold).
2026,PRESEASON WEEK 3,Thursday,August 27th,NE,CLE,1st Quarter,2,New England Patriots,1,7,1,Touchdown,1st & 10 at CLE 45,08:27 1st Shotgun,"— T.DeVito pass deep left to K.Williams for 45 yards, TOUCHDOWN."
2026,PRESEASON WEEK 3,Thursday,August 27th,NE,CLE,1st Quarter,2,New England Patriots,1,8,1,Extra Point,,08:20 1st,"— A.Borregales extra point is GOOD, Center-J.Ashby, Holder-M.Haack."
2026,PRESEASON WEEK 3,Thursday,August 27th,NE,CLE,1st Quarter,3,Cleveland Browns,1,1,0,Kickoff from NE 35,,Kickoff,— A.Borregales kicks 60 yards from NE 35 to CLE 5. M.Corley to CLE 26 for 21 yards (H.Haskins).
2026,PRESEASON WEEK 3,Thursday,August 27th,NE,CLE,1st Quarter,3,Cleveland Browns,1,2,0,21 Yard Pass,1st & 10 at CLE 26,08:15 1st,— D.Gabriel pass short middle to G.Larvadain to CLE 47 for 21 yards (J.Saunders).
2026,PRESEASON WEEK 3,Thursday,August 27th,NE,CLE,1st Quarter,3,Cleveland Browns,1,3,0,4 Yard Run,1st & 10 at CLE 47,07:37 1st,— G.Larvadain left end ran ob at NE 49 for 4 yards (K.Prunty).
2026,PRESEASON WEEK 3,Thursday,August 27th,NE,CLE,1st Quarter,3,Cleveland Browns,1,4,0,4 Yard Run,2nd & 6 at NE 49,07:03 1st,— R.Sanders left guard to NE 45 for 4 yards (K.Britt).
2026,PRESEASON WEEK 3,Thursday,August 27th,NE,CLE,1st Quarter,3,Cleveland Browns,1,5,0,8 Yard Run,3rd & 2 at NE 45,06:23 1st Shotgun,— D.Gabriel right end to NE 37 for 8 yards (K.Vildor).
2026,PRESEASON WEEK 3,Thursday,August 27th,NE,CLE,1st Quarter,3,Cleveland Browns,1,6,0,19 Yard Pass,1st & 10 at NE 37,05:46 1st,— D.Gabriel pass short middle to B.Patterson to NE 18 for 19 yards (K.Prunty).
2026,PRESEASON WEEK 3,Thursday,August 27th,NE,CLE,1st Quarter,3,Cleveland Browns,1,7,0,4 Yard Run,1st & 10 at NE 18,05:04 1st,— R.Sanders up the middle to NE 14 for 4 yards (J.Luketa).
2026,PRESEASON WEEK 3,Thursday,August 27th,NE,CLE,1st Quarter,3,Cleveland Browns,1,8,1,Touchdown,2nd & 6 at NE 14,04:24 1st Shotgun,"— D.Gabriel pass short middle to L.Floriea for 14 yards, TOUCHDOWN."
2026,PRESEASON WEEK 3,Thursday,August 27th,NE,CLE,1st Quarter,3,Cleveland Browns,1,9,1,Extra Point,,04:17 1st,"— A.Szmyt extra point is GOOD, Center-R.Sunahara, Holder-C.Bojorquez."
2026,PRESEASON WEEK 3,Thursday,August 27th,NE,CLE,1st Quarter,4,New England Patriots,0,1,0,Kickoff from CLE 35,,Kickoff,— A.Szmyt kicks 63 yards from CLE 35 to NE 2. J.Hasty to NE 29 for 27 yards (C.Edmonds; J.Okwara).
2026,PRESEASON WEEK 3,Thursday,August 27th,NE,CLE,1st Quarter,4,New England Patriots,0,2,0,1 Yard Run,1st & 10 at NE 29,04:10 1st,— H.Haskins left guard to NE 30 for 1 yard (L.Fano).
2026,PRESEASON WEEK 3,Thursday,August 27th,NE,CLE,1st Quarter,4,New England Patriots,0,3,0,Pass Incomplete,2nd & 9 at NE 30,03:35 1st Shotgun,— T.DeVito pass incomplete short left to L.Larison (K.Sydnor).
2026,PRESEASON WEEK 3,Thursday,August 27th,NE,CLE,1st Quarter,4,New England Patriots,0,4,0,Pass Incomplete,3rd & 9 at NE 30,03:30 1st Shotgun,— T.DeVito pass incomplete short left to L.Larison.
2026,PRESEASON WEEK 3,Thursday,August 27th,NE,CLE,1st Quarter,4,New England Patriots,0,5,0,Punt,4th & 9 at NE 30,03:24 1st,"— M.Haack punts 49 yards to CLE 21, Center-J.Ashby. G.Larvadain to CLE 27 for 6 yards (M.Dial; C.Woods)."
2026,PRESEASON WEEK 3,Thursday,August 27th,NE,CLE,1st Quarter,5,Cleveland Browns,1,1,0,52 Yard Pass,1st & 10 at CLE 27,03:14 1st,— D.Gabriel pass deep left to B.Patterson pushed ob at NE 21 for 52 yards (C.Woods).
2026,PRESEASON WEEK 3,Thursday,August 27th,NE,CLE,1st Quarter,5,Cleveland Browns,1,2,0,-3 Yard Run,1st & 10 at NE 21,02:29 1st,"— D.Gabriel FUMBLES (Aborted) at NE 22, and recovers at NE 24."
2026,PRESEASON WEEK 3,Thursday,August 27th,NE,CLE,1st Quarter,5,Cleveland Browns,1,3,0,11 Yard Pass,2nd & 13 at NE 24,01:54 1st,— D.Gabriel pass short right to A.Marshall to NE 13 for 11 yards (R.Wilson; C.Muma).
2026,PRESEASON WEEK 3,Thursday,August 27th,NE,CLE,1st Quarter,5,Cleveland Browns,1,4,0,-4 Yard Run,3rd & 2 at NE 13,01:08 1st Shotgun,— D.Gabriel right end to NE 17 for -4 yards (C.Woods).
2026,PRESEASON WEEK 3,Thursday,August 27th,NE,CLE,1st Quarter,5,Cleveland Browns,1,5,1,Field Goal,4th & 6 at NE 17,00:22 1st,"— A.Szmyt 35 yard field goal is GOOD, Center-R.Sunahara, Holder-C.Bojorquez."
2026,PRESEASON WEEK 3,Thursday,August 27th,NE,CLE,1st Quarter,6,New England Patriots,0,1,0,Kickoff from CLE 35,,Kickoff,— A.Szmyt kicks 62 yards from CLE 35 to NE 3. J.Hasty to NE 29 for 26 yards (C.Edmonds).
2026,PRESEASON WEEK 3,Thursday,August 27th,NE,CLE,1st Quarter,6,New England Patriots,0,2,0,Interception,1st & 10 at NE 29,00:13 1st,— B.Morton pass short right intended for C.Dippre INTERCEPTED by E.Mascarenas-Arnold at NE 31. E.Mascarenas-Arnold to NE 31 for no gain (J.Michalski).
2026,PRESEASON WEEK 3,Thursday,August 27th,NE,CLE,2nd Quarter,1,Cleveland Browns,1,1,0,-5 Yard Penalty,1st & 10 at NE 31,00:06 1st,"— PENALTY on CLE-D.Jones, False Start, 5 yards, enforced at NE 31 - No Play."
2026,PRESEASON WEEK 3,Thursday,August 27th,NE,CLE,2nd Quarter,1,Cleveland Browns,1,2,0,3 Yard Run,1st & 15 at NE 36,00:06 1st Shotgun,— A.Marshall up the middle to NE 33 for 3 yards (C.Woods; E.Gregory).
2026,PRESEASON WEEK 3,Thursday,August 27th,NE,CLE,2nd Quarter,1,Cleveland Browns,1,3,0,4 Yard Pass,2nd & 12 at NE 33,15:00 2nd Shotgun,— D.Gabriel pass short middle to D.Booth to NE 29 for 4 yards (R.Wilson; K.Prunty).
2026,PRESEASON WEEK 3,Thursday,August 27th,NE,CLE,2nd Quarter,1,Cleveland Browns,1,4,0,0 Yard Run,3rd & 8 at NE 29,14:15 2nd Shotgun,— D.Booth right guard to NE 29 for no gain (B.Swinson).
2026,PRESEASON WEEK 3,Thursday,August 27th,NE,CLE,2nd Quarter,1,Cleveland Browns,1,5,1,Field Goal,4th & 8 at NE 29,13:33 2nd,"— A.Szmyt 47 yard field goal is GOOD, Center-R.Sunahara, Holder-C.Bojorquez."
2026,PRESEASON WEEK 3,Thursday,August 27th,NE,CLE,2nd Quarter,2,New England Patriots,1,1,0,Kickoff from CLE 35,,Kickoff,— A.Szmyt kicks 57 yards from CLE 35 to NE 8. H.Haskins to NE 31 for 23 yards (T.Avery).
2026,PRESEASON WEEK 3,Thursday,August 27th,NE,CLE,2nd Quarter,2,New England Patriots,1,2,0,1 Yard Run,1st & 10 at NE 31,13:21 2nd,— H.Haskins left guard to NE 32 for 1 yard (T.Sapp; K.Sydnor).
2026,PRESEASON WEEK 3,Thursday,August 27th,NE,CLE,2nd Quarter,2,New England Patriots,1,3,0,14 Yard Run,2nd & 9 at NE 32,12:49 2nd Shotgun,— B.Morton scrambles left tackle ran ob at NE 46 for 14 yards (T.Hall).
2026,PRESEASON WEEK 3,Thursday,August 27th,NE,CLE,2nd Quarter,2,New England Patriots,1,4,0,6 Yard Run,1st & 10 at NE 46,12:15 2nd Shotgun,— H.Haskins right guard to CLE 48 for 6 yards (D.McMillon; E.McNeil-Warren).
2026,PRESEASON WEEK 3,Thursday,August 27th,NE,CLE,2nd Quarter,2,New England Patriots,1,5,0,3 Yard Pass,2nd & 4 at CLE 48,11:42 2nd,— B.Morton pass short right to T.Arkin to CLE 45 for 3 yards (E.Mascarenas-Arnold) [A.Huntington].
2026,PRESEASON WEEK 3,Thursday,August 27th,NE,CLE,2nd Quarter,2,New England Patriots,1,6,0,3 Yard Run,3rd & 1 at CLE 45,11:03 2nd,— J.Hasty up the middle to CLE 42 for 3 yards (J.Jefferson; D.McMillon).
2026,PRESEASON WEEK 3,Thursday,August 27th,NE,CLE,2nd Quarter,2,New England Patriots,1,7,0,19 Yard Pass,1st & 10 at CLE 42,10:32 2nd Shotgun,— B.Morton pass deep left to K.Dixon to CLE 23 for 19 yards (T.Hall; E.McNeil-Warren).
2026,PRESEASON WEEK 3,Thursday,August 27th,NE,CLE,2nd Quarter,2,New England Patriots,1,8,0,0 Yard Run,1st & 10 at CLE 23,09:57 2nd,— H.Haskins left guard to CLE 23 for no gain (J.Jefferson; J.Muhammad).
2026,PRESEASON WEEK 3,Thursday,August 27th,NE,CLE,2nd Quarter,2,New England Patriots,1,9,0,Pass Incomplete,2nd & 10 at CLE 23,09:20 2nd,— B.Morton pass incomplete deep left to N.DeGennaro.
2026,PRESEASON WEEK 3,Thursday,August 27th,NE,CLE,2nd Quarter,2,New England Patriots,1,10,0,9 Yard Pass,3rd & 10 at CLE 23,09:16 2nd Shotgun,— B.Morton pass short left to T.Palmer pushed ob at CLE 14 for 9 yards (N.Evans). (Virtual Measurement).
2026,PRESEASON WEEK 3,Thursday,August 27th,NE,CLE,2nd Quarter,2,New England Patriots,1,11,0,1 Yard Run,4th & 1 at CLE 14,08:53 2nd,— H.Haskins up the middle to CLE 13 for 1 yard (J.Jefferson; K.Sydnor).
2026,PRESEASON WEEK 3,Thursday,August 27th,NE,CLE,2nd Quarter,2,New England Patriots,1,12,0,-3 Yard Sack,1st & 10 at CLE 13,08:14 2nd Shotgun,— B.Morton sacked at CLE 16 for -3 yards (K.Sydnor). NE-J.Hudson was injured during the play.
2026,PRESEASON WEEK 3,Thursday,August 27th,NE,CLE,2nd Quarter,2,New England Patriots,1,13,0,6 Yard Pass,2nd & 13 at CLE 16,07:35 2nd Shotgun,— B.Morton pass short left to K.Dixon to CLE 10 for 6 yards (N.Evans).
2026,PRESEASON WEEK 3,Thursday,August 27th,NE,CLE,2nd Quarter,2,New England Patriots,1,14,0,3 Yard Pass,3rd & 7 at CLE 10,06:58 2nd Shotgun,— B.Morton pass short left to J.Hasty pushed ob at CLE 7 for 3 yards (N.Evans).
2026,PRESEASON WEEK 3,Thursday,August 27th,NE,CLE,2nd Quarter,2,New England Patriots,1,15,1,Field Goal,4th & 4 at CLE 7,06:18 2nd,"— A.Borregales 26 yard field goal is GOOD, Center-J.Ashby, Holder-M.Haack."
2026,PRESEASON WEEK 3,Thursday,August 27th,NE,CLE,2nd Quarter,3,Cleveland Browns,1,1,0,Kickoff from NE 35,,Kickoff,— A.Borregales kicks 55 yards from NE 35 to CLE 10. M.Corley to CLE 37 for 27 yards (Q.Hutchins).
2026,PRESEASON WEEK 3,Thursday,August 27th,NE,CLE,2nd Quarter,3,Cleveland Browns,1,2,0,15 Yard Penalty,1st & 10 at CLE 37,06:09 2nd,"— D.Gabriel pass incomplete deep right to K.Wilson. PENALTY on NE-A.Gainer, Roughing the Passer, 15 yards, enforced at CLE 37 - No Play."
2026,PRESEASON WEEK 3,Thursday,August 27th,NE,CLE,2nd Quarter,3,Cleveland Browns,1,3,0,2 Yard Run,1st & 10 at NE 48,06:03 2nd,— A.Marshall left guard to NE 46 for 2 yards (C.Canada; A.Gainer).
2026,PRESEASON WEEK 3,Thursday,August 27th,NE,CLE,2nd Quarter,3,Cleveland Browns,1,4,0,29 Yard Pass,2nd & 8 at NE 46,05:28 2nd Shotgun,— D.Gabriel pass deep right to K.Wilson to NE 17 for 29 yards (C.Woods).
2026,PRESEASON WEEK 3,Thursday,August 27th,NE,CLE,2nd Quarter,3,Cleveland Browns,1,5,0,0 Yard Pass,1st & 10 at NE 17,04:48 2nd,— D.Gabriel pass short right to C.Ryan to NE 17 for no gain (J.Saunders).
2026,PRESEASON WEEK 3,Thursday,August 27th,NE,CLE,2nd Quarter,3,Cleveland Browns,1,6,0,Pass Incomplete,2nd & 10 at NE 17,04:06 2nd Shotgun,"— D.Gabriel pass deep middle to L.Floriea for 17 yards, TOUCHDOWN. The Replay Official reviewed the pass completion ruling, and the play was REVERSED. (Shotgun) D.Gabriel pass incomplete deep middle to L.Floriea."
2026,PRESEASON WEEK 3,Thursday,August 27th,NE,CLE,2nd Quarter,3,Cleveland Browns,1,7,0,11 Yard Pass,3rd & 10 at NE 17,04:00 2nd Shotgun,— D.Gabriel pass short right to G.Larvadain to NE 6 for 11 yards (C.Woods).
2026,PRESEASON WEEK 3,Thursday,August 27th,NE,CLE,2nd Quarter,3,Cleveland Browns,1,8,0,Pass Incomplete,1st & 6 at NE 6,03:20 2nd,— D.Gabriel pass incomplete short middle to G.Larvadain.
2026,PRESEASON WEEK 3,Thursday,August 27th,NE,CLE,2nd Quarter,3,Cleveland Browns,1,9,0,-1 Yard Run,2nd & 6 at NE 6,03:15 2nd Shotgun,— D.Gabriel left end pushed ob at NE 7 for -1 yards (M.Brown).
2026,PRESEASON WEEK 3,Thursday,August 27th,NE,CLE,2nd Quarter,3,Cleveland Browns,1,10,1,Touchdown,3rd & 7 at NE 7,02:37 2nd Shotgun,"— D.Gabriel pass short left to A.Marshall for 7 yards, TOUCHDOWN."
2026,PRESEASON WEEK 3,Thursday,August 27th,NE,CLE,2nd Quarter,3,Cleveland Browns,1,11,1,Extra Point,,02:32 2nd,"— A.Szmyt extra point is GOOD, Center-R.Sunahara, Holder-C.Bojorquez."
2026,PRESEASON WEEK 3,Thursday,August 27th,NE,CLE,2nd Quarter,4,New England Patriots,1,1,0,Kickoff from CLE 35,,Kickoff,— A.Szmyt kicks 59 yards from CLE 35 to NE 6. H.Haskins to NE 31 for 25 yards (D.McMillon).
2026,PRESEASON WEEK 3,Thursday,August 27th,NE,CLE,2nd Quarter,4,New England Patriots,1,2,0,-6 Yard Run,1st & 10 at NE 31,02:26 2nd,— J.Hasty right end to NE 25 for -6 yards (A.Huntington). ** Injury Update: NE-J.Hudson has returned to the game.
2026,PRESEASON WEEK 3,Thursday,August 27th,NE,CLE,2nd Quarter,4,New England Patriots,1,3,0,31 Yard Penalty,2nd & 16 at NE 25,02:00 2nd Shotgun,"— B.Morton pass deep middle intended for N.DeGennaro INTERCEPTED by D.McMillon [A.Huntington] at CLE 44. D.McMillon to CLE 48 for 4 yards (K.Dixon; T.Palmer). PENALTY on CLE-D.McMillon, Defensive Pass Interference, 31 yards, enforced at NE 25 - No Play."
2026,PRESEASON WEEK 3,Thursday,August 27th,NE,CLE,2nd Quarter,4,New England Patriots,1,4,0,3 Yard Run,1st & 10 at CLE 44,01:50 2nd Shotgun,— J.Hasty up the middle to CLE 41 for 3 yards (T.Hall).
2026,PRESEASON WEEK 3,Thursday,August 27th,NE,CLE,2nd Quarter,4,New England Patriots,1,5,0,6 Yard Pass,2nd & 7 at CLE 41,01:12 2nd Shotgun,— B.Morton pass short right to J.Westover pushed ob at CLE 35 for 6 yards (T.Avery).
2026,PRESEASON WEEK 3,Thursday,August 27th,NE,CLE,2nd Quarter,4,New England Patriots,1,6,0,6 Yard Run,3rd & 1 at CLE 35,01:05 2nd,— J.Hasty up the middle to CLE 29 for 6 yards (E.Mascarenas-Arnold; W.Reid).
2026,PRESEASON WEEK 3,Thursday,August 27th,NE,CLE,2nd Quarter,4,New England Patriots,1,7,0,Timeout,,01:00 2nd,— Timeout #1 by NE at 01:00.
2026,PRESEASON WEEK 3,Thursday,August 27th,NE,CLE,2nd Quarter,4,New England Patriots,1,8,0,4 Yard Run,1st & 10 at CLE 29,01:00 2nd Shotgun,— B.Morton scrambles up the middle to CLE 25 for 4 yards (L.Fano; P.Jenkins).
2026,PRESEASON WEEK 3,Thursday,August 27th,NE,CLE,2nd Quarter,4,New England Patriots,1,9,0,Timeout,,00:51 2nd,— Timeout #2 by NE at 00:51.
2026,PRESEASON WEEK 3,Thursday,August 27th,NE,CLE,2nd Quarter,4,New England Patriots,1,10,0,6 Yard Pass,2nd & 6 at CLE 25,00:51 2nd Shotgun,— B.Morton pass short left to K.Dixon to CLE 19 for 6 yards (J.McClendon).
2026,PRESEASON WEEK 3,Thursday,August 27th,NE,CLE,2nd Quarter,4,New England Patriots,1,11,0,4 Yard Pass,1st & 10 at CLE 19,"00:29 2nd No Huddle, Shotgun",— B.Morton pass short right to J.Westover to CLE 15 for 4 yards (T.Avery).
2026,PRESEASON WEEK 3,Thursday,August 27th,NE,CLE,2nd Quarter,4,New England Patriots,1,12,0,Timeout,,00:23 2nd,— Timeout #3 by NE at 00:23.
2026,PRESEASON WEEK 3,Thursday,August 27th,NE,CLE,2nd Quarter,4,New England Patriots,1,13,0,Pass Incomplete,2nd & 6 at CLE 15,00:23 2nd Shotgun,— B.Morton pass incomplete short right to J.Hasty.
2026,PRESEASON WEEK 3,Thursday,August 27th,NE,CLE,2nd Quarter,4,New England Patriots,1,14,0,Pass Incomplete,3rd & 6 at CLE 15,00:19 2nd Shotgun,"— B.Morton pass incomplete short right to T.Palmer (T.Avery). Penalty on NE-D.Crownover, Offensive Holding, declined."
2026,PRESEASON WEEK 3,Thursday,August 27th,NE,CLE,2nd Quarter,4,New England Patriots,1,15,1,Field Goal,4th & 6 at CLE 15,00:11 2nd,"— A.Borregales 33 yard field goal is GOOD, Center-J.Ashby, Holder-M.Haack."
2026,PRESEASON WEEK 3,Thursday,August 27th,NE,CLE,2nd Quarter,5,Cleveland Browns,0,1,0,Kickoff from NE 35,,Kickoff,— A.Borregales kicks 74 yards from NE 35 to CLE -9. K.Wilson to CLE 15 for 24 yards (N.Obiazor).
2026,PRESEASON WEEK 3,Thursday,August 27th,NE,CLE,2nd Quarter,5,Cleveland Browns,0,2,0,3 Yard Run,1st & 10 at CLE 15,00:02 2nd,— A.Marshall right tackle to CLE 18 for 3 yards (N.Obiazor; C.Muma).
2026,PRESEASON WEEK 3,Thursday,August 27th,NE,CLE,3rd Quarter,1,New England Patriots,0,1,0,Kickoff from CLE 35,,Kickoff,— A.Szmyt kicks 55 yards from CLE 35 to NE 10. H.Haskins to NE 36 for 26 yards (J.Jefferson).
2026,PRESEASON WEEK 3,Thursday,August 27th,NE,CLE,3rd Quarter,1,New England Patriots,0,2,0,5 Yard Run,1st & 10 at NE 36,14:54 3rd,— H.Haskins right tackle to NE 41 for 5 yards (K.Sydnor).
2026,PRESEASON WEEK 3,Thursday,August 27th,NE,CLE,3rd Quarter,1,New England Patriots,0,3,0,4 Yard Pass,2nd & 5 at NE 41,14:24 3rd Shotgun,— B.Morton pass short middle to N.DeGennaro to NE 45 for 4 yards (E.McNeil-Warren).
2026,PRESEASON WEEK 3,Thursday,August 27th,NE,CLE,3rd Quarter,1,New England Patriots,0,4,0,1 Yard Run,3rd & 1 at NE 45,13:51 3rd,— H.Haskins right tackle to NE 46 for 1 yard (D.McMillon; C.Izzard).
2026,PRESEASON WEEK 3,Thursday,August 27th,NE,CLE,3rd Quarter,1,New England Patriots,0,5,0,-10 Yard Sack,1st & 10 at NE 46,13:12 3rd Shotgun,— B.Morton sacked at NE 36 for -10 yards (C.Izzard).
2026,PRESEASON WEEK 3,Thursday,August 27th,NE,CLE,3rd Quarter,1,New England Patriots,0,6,0,11 Yard Run,2nd & 20 at NE 36,12:36 3rd Shotgun,— J.Hasty right guard to NE 47 for 11 yards (D.McMillon; N.Watson).
2026,PRESEASON WEEK 3,Thursday,August 27th,NE,CLE,3rd Quarter,1,New England Patriots,0,7,0,Pass Incomplete,3rd & 9 at NE 47,12:00 3rd Shotgun,— B.Morton pass incomplete short right to T.Palmer.
2026,PRESEASON WEEK 3,Thursday,August 27th,NE,CLE,3rd Quarter,1,New England Patriots,0,8,0,Punt,4th & 9 at NE 47,11:57 3rd,"— M.Haack punts 42 yards to CLE 11, Center-J.Ashby. G.Larvadain to CLE 2 for -9 yards (Q.Hutchins)."
2026,PRESEASON WEEK 3,Thursday,August 27th,NE,CLE,3rd Quarter,2,Cleveland Browns,0,1,0,4 Yard Run,1st & 10 at CLE 2,11:45 3rd,— A.Marshall left guard to CLE 6 for 4 yards (N.Obiazor; M.Brown).
2026,PRESEASON WEEK 3,Thursday,August 27th,NE,CLE,3rd Quarter,2,Cleveland Browns,0,2,0,-3 Yard Run,2nd & 6 at CLE 6,11:04 3rd,— A.Marshall left end to CLE 3 for -3 yards (K.Prunty).
2026,PRESEASON WEEK 3,Thursday,August 27th,NE,CLE,3rd Quarter,2,Cleveland Browns,0,3,0,8 Yard Run,3rd & 9 at CLE 3,10:19 3rd Shotgun,— T.Green scrambles right end ran ob at CLE 11 for 8 yards (M.Dial). The ball spot was assisted by replay.
2026,PRESEASON WEEK 3,Thursday,August 27th,NE,CLE,3rd Quarter,2,Cleveland Browns,0,4,0,Punt,4th & 1 at CLE 11,09:43 3rd,"— C.Bojorquez punts 55 yards to NE 34, Center-R.Sunahara. N.DeGennaro MUFFS catch, ball out of bounds at NE 34."
2026,PRESEASON WEEK 3,Thursday,August 27th,NE,CLE,3rd Quarter,3,New England Patriots,0,1,0,4 Yard Run,1st & 10 at NE 34,09:35 3rd,— H.Haskins up the middle to NE 38 for 4 yards (J.Muhammad).
2026,PRESEASON WEEK 3,Thursday,August 27th,NE,CLE,3rd Quarter,3,New England Patriots,0,2,0,Pass Incomplete,2nd & 6 at NE 38,09:02 3rd Shotgun,— B.Morton pass incomplete short left to T.Palmer [T.Sapp].
2026,PRESEASON WEEK 3,Thursday,August 27th,NE,CLE,3rd Quarter,3,New England Patriots,0,3,0,-3 Yard Sack,3rd & 6 at NE 38,08:57 3rd Shotgun,— B.Morton sacked at NE 35 for -3 yards (J.Jefferson).
2026,PRESEASON WEEK 3,Thursday,August 27th,NE,CLE,3rd Quarter,3,New England Patriots,0,4,0,Punt,4th & 9 at NE 35,08:22 3rd,"— M.Haack punts 63 yards to CLE 2, Center-J.Ashby, downed by NE-C.Muma."
2026,PRESEASON WEEK 3,Thursday,August 27th,NE,CLE,4th Quarter,1,Cleveland Browns,1,1,0,1 Yard Run,1st & 10 at CLE 2,08:10 3rd,— A.Marshall right guard to CLE 3 for 1 yard (C.Woods).
2026,PRESEASON WEEK 3,Thursday,August 27th,NE,CLE,4th Quarter,1,Cleveland Browns,1,2,0,30 Yard Run,2nd & 9 at CLE 3,07:34 3rd Shotgun,— T.Green scrambles left end to CLE 33 for 30 yards (J.Saunders; N.Obiazor).
2026,PRESEASON WEEK 3,Thursday,August 27th,NE,CLE,4th Quarter,1,Cleveland Browns,1,3,0,9 Yard Pass,1st & 10 at CLE 33,06:48 3rd,— T.Green pass short right to L.Floriea pushed ob at CLE 42 for 9 yards (C.Woods).
2026,PRESEASON WEEK 3,Thursday,August 27th,NE,CLE,4th Quarter,1,Cleveland Browns,1,4,0,2 Yard Run,2nd & 1 at CLE 42,06:10 3rd,— D.Booth right end to CLE 44 for 2 yards (N.Obiazor; J.Pharms).
2026,PRESEASON WEEK 3,Thursday,August 27th,NE,CLE,4th Quarter,1,Cleveland Browns,1,5,0,12 Yard Run,1st & 10 at CLE 44,05:29 3rd,— D.Booth left guard to NE 44 for 12 yards (N.Obiazor; M.Brown).
2026,PRESEASON WEEK 3,Thursday,August 27th,NE,CLE,4th Quarter,1,Cleveland Browns,1,6,0,0 Yard Run,1st & 10 at NE 44,04:44 3rd,— D.Booth left tackle to NE 44 for no gain (N.Obiazor).
2026,PRESEASON WEEK 3,Thursday,August 27th,NE,CLE,4th Quarter,1,Cleveland Browns,1,7,0,5 Yard Pass,2nd & 10 at NE 44,04:06 3rd Shotgun,— T.Green pass short right to D.Biber to NE 39 for 5 yards (C.Woods).
2026,PRESEASON WEEK 3,Thursday,August 27th,NE,CLE,4th Quarter,1,Cleveland Browns,1,8,0,9 Yard Run,3rd & 5 at NE 39,03:23 3rd Shotgun,— T.Green scrambles right end pushed ob at NE 30 for 9 yards (N.Obiazor).
2026,PRESEASON WEEK 3,Thursday,August 27th,NE,CLE,4th Quarter,1,Cleveland Browns,1,9,0,2 Yard Run,1st & 10 at NE 30,02:48 3rd,— D.Booth up the middle to NE 28 for 2 yards (N.Obiazor).
2026,PRESEASON WEEK 3,Thursday,August 27th,NE,CLE,4th Quarter,1,Cleveland Browns,1,10,0,4 Yard Pass,2nd & 8 at NE 28,02:08 3rd Shotgun,— T.Green pass short left to G.Larvadain to NE 24 for 4 yards (A.Gainer).
2026,PRESEASON WEEK 3,Thursday,August 27th,NE,CLE,4th Quarter,1,Cleveland Browns,1,11,0,5 Yard Run,3rd & 4 at NE 24,01:24 3rd Shotgun,— T.Green left end to NE 19 for 5 yards (M.Brown).
2026,PRESEASON WEEK 3,Thursday,August 27th,NE,CLE,4th Quarter,1,Cleveland Browns,1,12,0,9 Yard Pass,1st & 10 at NE 19,00:45 3rd Shotgun,— T.Green pass short middle to C.Ryan to NE 10 for 9 yards (N.Obiazor; C.Muma).
2026,PRESEASON WEEK 3,Thursday,August 27th,NE,CLE,4th Quarter,1,Cleveland Browns,1,13,0,0 Yard Run,2nd & 1 at NE 10,15:00 4th Shotgun,— T.Green right end ran ob at NE 10 for no gain (K.Prunty).
2026,PRESEASON WEEK 3,Thursday,August 27th,NE,CLE,4th Quarter,1,Cleveland Browns,1,14,0,2 Yard Run,3rd & 1 at NE 10,14:31 4th,— T.Green left guard to NE 8 for 2 yards (J.Luketa).
2026,PRESEASON WEEK 3,Thursday,August 27th,NE,CLE,4th Quarter,1,Cleveland Browns,1,15,1,Touchdown,1st & 8 at NE 8,13:50 4th,"— D.Booth left end for 8 yards, TOUCHDOWN."
2026,PRESEASON WEEK 3,Thursday,August 27th,NE,CLE,4th Quarter,1,Cleveland Browns,1,16,1,Extra Point,,13:44 4th,"— A.Szmyt extra point is GOOD, Center-R.Sunahara, Holder-W.Pahl."
2026,PRESEASON WEEK 3,Thursday,August 27th,NE,CLE,4th Quarter,2,New England Patriots,0,1,0,Kickoff from CLE 35,,Kickoff,— A.Szmyt kicks 57 yards from CLE 35 to NE 8. C.Dorner to NE 28 for 20 yards (C.Edmonds).
2026,PRESEASON WEEK 3,Thursday,August 27th,NE,CLE,4th Quarter,2,New England Patriots,0,2,0,8 Yard Pass,1st & 10 at NE 28,13:38 4th Shotgun,— B.Morton pass short left to C.Dorner pushed ob at NE 36 for 8 yards (J.McClendon).
2026,PRESEASON WEEK 3,Thursday,August 27th,NE,CLE,4th Quarter,2,New England Patriots,0,3,0,8 Yard Pass,2nd & 2 at NE 36,13:19 4th,— B.Morton pass short left to K.Dixon to NE 44 for 8 yards (J.Jefferson).
2026,PRESEASON WEEK 3,Thursday,August 27th,NE,CLE,4th Quarter,2,New England Patriots,0,4,0,5 Yard Run,1st & 10 at NE 44,12:49 4th,— H.Haskins left tackle to NE 49 for 5 yards (T.Sapp).
2026,PRESEASON WEEK 3,Thursday,August 27th,NE,CLE,4th Quarter,2,New England Patriots,0,5,0,Pass Incomplete,2nd & 5 at NE 49,12:18 4th,— B.Morton pass incomplete short right.
2026,PRESEASON WEEK 3,Thursday,August 27th,NE,CLE,4th Quarter,2,New England Patriots,0,6,0,Pass Incomplete,3rd & 5 at NE 49,12:11 4th Shotgun,— B.Morton pass incomplete short middle to N.DeGennaro (T.Hall).
2026,PRESEASON WEEK 3,Thursday,August 27th,NE,CLE,4th Quarter,2,New England Patriots,0,7,0,Punt,4th & 5 at NE 49,12:07 4th,"— M.Haack punts 32 yards to CLE 19, Center-J.Ashby, fair catch by K.Wilson."
2026,PRESEASON WEEK 3,Thursday,August 27th,NE,CLE,4th Quarter,3,Cleveland Browns,0,1,0,3 Yard Run,1st & 10 at CLE 19,12:00 4th,— A.Marshall right end to CLE 22 for 3 yards (C.Muma).
2026,PRESEASON WEEK 3,Thursday,August 27th,NE,CLE,4th Quarter,3,Cleveland Browns,0,2,0,10 Yard Run,2nd & 7 at CLE 22,11:16 4th,— A.Marshall right end pushed ob at CLE 32 for 10 yards (C.Muma).
2026,PRESEASON WEEK 3,Thursday,August 27th,NE,CLE,4th Quarter,3,Cleveland Browns,0,3,0,10 Yard Run,1st & 10 at CLE 32,10:39 4th,— T.Green scrambles right end pushed ob at CLE 42 for 10 yards (R.Wilson).
2026,PRESEASON WEEK 3,Thursday,August 27th,NE,CLE,4th Quarter,3,Cleveland Browns,0,4,0,5 Yard Run,1st & 10 at CLE 42,10:04 4th Shotgun,— D.Booth right tackle to CLE 47 for 5 yards (R.Wilson; J.Pharms).
2026,PRESEASON WEEK 3,Thursday,August 27th,NE,CLE,4th Quarter,3,Cleveland Browns,0,5,0,4 Yard Run,2nd & 5 at CLE 47,09:24 4th,— D.Booth left tackle to NE 49 for 4 yards (R.Wilson).
2026,PRESEASON WEEK 3,Thursday,August 27th,NE,CLE,4th Quarter,3,Cleveland Browns,0,6,0,2 Yard Run,3rd & 1 at NE 49,08:48 4th,— T.Green left guard to NE 47 for 2 yards (Q.Hutchins).
2026,PRESEASON WEEK 3,Thursday,August 27th,NE,CLE,4th Quarter,3,Cleveland Browns,0,7,0,1 Yard Run,1st & 10 at NE 47,07:57 4th Shotgun,— A.Marshall up the middle to NE 46 for 1 yard (J.Luketa; C.Rogers).
2026,PRESEASON WEEK 3,Thursday,August 27th,NE,CLE,4th Quarter,3,Cleveland Browns,0,8,0,0 Yard Pass,2nd & 9 at NE 46,07:18 4th Shotgun,— T.Green pass short right to G.Larvadain pushed ob at NE 46 for no gain (R.Wilson; J.Pharms).
2026,PRESEASON WEEK 3,Thursday,August 27th,NE,CLE,4th Quarter,3,Cleveland Browns,0,9,0,Pass Incomplete,3rd & 9 at NE 46,06:41 4th Shotgun,— T.Green pass incomplete short right to K.Wilson.
2026,PRESEASON WEEK 3,Thursday,August 27th,NE,CLE,4th Quarter,3,Cleveland Browns,0,10,0,Punt,4th & 9 at NE 46,06:36 4th,"— W.Pahl punts 35 yards to NE 11, Center-R.Sunahara, fair catch by N.DeGennaro."
2026,PRESEASON WEEK 3,Thursday,August 27th,NE,CLE,4th Quarter,4,New England Patriots,0,1,0,5 Yard Pass,1st & 10 at NE 11,06:28 4th Shotgun,— B.Morton pass short left to K.Dixon to NE 16 for 5 yards (J.McClendon).
2026,PRESEASON WEEK 3,Thursday,August 27th,NE,CLE,4th Quarter,4,New England Patriots,0,2,0,20 Yard Run,2nd & 5 at NE 16,06:01 4th Shotgun,— J.Hasty up the middle pushed ob at NE 36 for 20 yards (Z.Washington).
2026,PRESEASON WEEK 3,Thursday,August 27th,NE,CLE,4th Quarter,4,New England Patriots,0,3,0,4 Yard Pass,1st & 10 at NE 36,05:34 4th Shotgun,— B.Morton pass short middle to K.Dixon to NE 40 for 4 yards (W.Reid).
2026,PRESEASON WEEK 3,Thursday,August 27th,NE,CLE,4th Quarter,4,New England Patriots,0,4,0,-6 Yard Pass,2nd & 6 at NE 40,05:04 4th Shotgun,— B.Morton pass short left to J.Hasty to NE 34 for -6 yards (N.Watson).
2026,PRESEASON WEEK 3,Thursday,August 27th,NE,CLE,4th Quarter,4,New England Patriots,0,5,0,10 Yard Pass,3rd & 12 at NE 34,04:31 4th Shotgun,— B.Morton pass short right to C.Dippre to NE 44 for 10 yards (T.Hall; J.Jefferson).
2026,PRESEASON WEEK 3,Thursday,August 27th,NE,CLE,4th Quarter,4,New England Patriots,0,6,0,Interception,4th & 2 at NE 44,03:51 4th Shotgun,— B.Morton pass short left intended for N.DeGennaro INTERCEPTED by J.Jefferson [L.Fano] at NE 48. J.Jefferson to NE 12 for 36 yards (D.Crownover; J.Conley).
2026,PRESEASON WEEK 3,Thursday,August 27th,NE,CLE,4th Quarter,5,Cleveland Browns,1,1,0,6 Yard Run,1st & 10 at NE 12,03:37 4th,— D.Booth left end to NE 6 for 6 yards (Q.Hutchins; K.Minor).
2026,PRESEASON WEEK 3,Thursday,August 27th,NE,CLE,4th Quarter,5,Cleveland Browns,1,2,0,1 Yard Run,2nd & 4 at NE 6,02:58 4th,— D.Booth left guard to NE 5 for 1 yard (R.Wilson; N.Obiazor).
2026,PRESEASON WEEK 3,Thursday,August 27th,NE,CLE,4th Quarter,5,Cleveland Browns,1,3,0,Pass Incomplete,3rd & 3 at NE 5,02:20 4th,— T.Green pass incomplete short right.
2026,PRESEASON WEEK 3,Thursday,August 27th,NE,CLE,4th Quarter,5,Cleveland Browns,1,4,1,Field Goal,4th & 3 at NE 5,02:13 4th,"— A.Szmyt 23 yard field goal is GOOD, Center-R.Sunahara, Holder-W.Pahl."
2026,PRESEASON WEEK 3,Thursday,August 27th,NE,CLE,4th Quarter,6,New England Patriots,0,1,0,Kickoff from CLE 35,,Kickoff,— A.Szmyt kicks 61 yards from CLE 35 to NE 4. N.DeGennaro to NE 28 for 24 yards (L.Fano).
2026,PRESEASON WEEK 3,Thursday,August 27th,NE,CLE,4th Quarter,6,New England Patriots,0,2,0,0 Yard Run,1st & 10 at NE 28,02:00 4th,— H.Haskins right tackle to NE 28 for no gain (T.Hall).
2026,PRESEASON WEEK 3,Thursday,August 27th,NE,CLE,4th Quarter,6,New England Patriots,0,3,0,14 Yard Pass,2nd & 10 at NE 28,01:33 4th Shotgun,— B.Morton pass short right to K.Dixon pushed ob at NE 42 for 14 yards (C.Edmonds). CLE-L.Fano was injured during the play.
2026,PRESEASON WEEK 3,Thursday,August 27th,NE,CLE,4th Quarter,6,New England Patriots,0,4,0,Timeout,,01:26 4th,— Timeout #1 by CLE at 01:26.
2026,PRESEASON WEEK 3,Thursday,August 27th,NE,CLE,4th Quarter,6,New England Patriots,0,5,0,9 Yard Pass,1st & 10 at NE 42,01:26 4th Shotgun,— B.Morton pass short right to K.Dixon to CLE 49 for 9 yards (J.Jefferson; N.Evans).
2026,PRESEASON WEEK 3,Thursday,August 27th,NE,CLE,4th Quarter,6,New England Patriots,0,6,0,-5 Yard Penalty,2nd & 1 at CLE 49,00:55 4th Shotgun,"— PENALTY on NE-J.Conley, False Start, 5 yards, enforced at CLE 49 - No Play. 10-second runoff."
2026,PRESEASON WEEK 3,Thursday,August 27th,NE,CLE,4th Quarter,6,New England Patriots,0,7,0,11 Yard Pass,2nd & 6 at NE 46,00:42 4th,— B.Morton pass short left to C.Dippre to CLE 43 for 11 yards (Z.Washington; T.Hall).
2026,PRESEASON WEEK 3,Thursday,August 27th,NE,CLE,4th Quarter,6,New England Patriots,0,8,0,Pass Incomplete,1st & 10 at CLE 43,00:14 4th Shotgun,— B.Morton pass incomplete short left.
2026,PRESEASON WEEK 3,Thursday,August 27th,NE,CLE,4th Quarter,6,New England Patriots,0,9,0,14 Yard Run,2nd & 10 at CLE 43,00:05 4th,— H.Haskins left tackle to CLE 29 for 14 yards (T.Hall; J.Jefferson).
2026,PRESEASON WEEK 3,Thursday,August 27th,SF,LV,1st Quarter,1,Las Vegas Raiders,1,1,0,Kickoff from SF 35,,Kickoff,"— E.Pineiro kicks 65 yards from SF 35 to end zone, Touchback to the LV 35."
2026,PRESEASON WEEK 3,Thursday,August 27th,SF,LV,1st Quarter,1,Las Vegas Raiders,1,2,0,8 Yard Run,1st & 10 at LV 35,15:00 1st,— M.Washington right guard to LV 43 for 8 yards (A.Davis; J.Jones).
2026,PRESEASON WEEK 3,Thursday,August 27th,SF,LV,1st Quarter,1,Las Vegas Raiders,1,3,0,4 Yard Run,2nd & 2 at LV 43,14:23 1st Shotgun,— M.Washington right end to LV 47 for 4 yards (J.Jones).
2026,PRESEASON WEEK 3,Thursday,August 27th,SF,LV,1st Quarter,1,Las Vegas Raiders,1,4,0,Pass Incomplete,1st & 10 at LV 47,13:44 1st,— K.Cousins pass incomplete short right to B.Bowers (J.Jones).
2026,PRESEASON WEEK 3,Thursday,August 27th,SF,LV,1st Quarter,1,Las Vegas Raiders,1,5,0,6 Yard Pass,2nd & 10 at LV 47,13:40 1st Shotgun,— K.Cousins pass short middle to B.Bowers to SF 47 for 6 yards (T.Bethune).
2026,PRESEASON WEEK 3,Thursday,August 27th,SF,LV,1st Quarter,1,Las Vegas Raiders,1,6,0,7 Yard Pass,3rd & 4 at SF 47,13:03 1st Shotgun,— K.Cousins pass short right to J.Nailor to SF 40 for 7 yards (T.Bethune; J.Robinson).
2026,PRESEASON WEEK 3,Thursday,August 27th,SF,LV,1st Quarter,1,Las Vegas Raiders,1,7,0,-8 Yard Run,1st & 10 at SF 40,12:28 1st,"— M.Washington left end to SF 32 for 8 yards (J.Stroman). PENALTY on LV-J.Bech, Offensive Holding, 10 yards, enforced at SF 38."
2026,PRESEASON WEEK 3,Thursday,August 27th,SF,LV,1st Quarter,1,Las Vegas Raiders,1,8,0,14 Yard Pass,1st & 18 at SF 48,12:05 1st,— K.Cousins pass short right to T.Tucker to SF 34 for 14 yards (T.Bethune; J.Jones).
2026,PRESEASON WEEK 3,Thursday,August 27th,SF,LV,1st Quarter,1,Las Vegas Raiders,1,9,0,8 Yard Pass,2nd & 4 at SF 34,11:25 1st,— K.Cousins pass short left to T.Tucker ran ob at SF 26 for 8 yards (T.Bethune).
2026,PRESEASON WEEK 3,Thursday,August 27th,SF,LV,1st Quarter,1,Las Vegas Raiders,1,10,0,4 Yard Run,1st & 10 at SF 26,10:56 1st,— M.Washington left guard to SF 22 for 4 yards (S.Valdez; T.Bethune).
2026,PRESEASON WEEK 3,Thursday,August 27th,SF,LV,1st Quarter,1,Las Vegas Raiders,1,11,0,2 Yard Run,2nd & 6 at SF 22,10:14 1st,— M.Washington right guard to SF 20 for 2 yards (V.Fehoko; J.Graham).
2026,PRESEASON WEEK 3,Thursday,August 27th,SF,LV,1st Quarter,1,Las Vegas Raiders,1,12,0,1 Yard Run,3rd & 4 at SF 20,09:32 1st Shotgun,— D.Laube left guard to SF 19 for 1 yard (K.White).
2026,PRESEASON WEEK 3,Thursday,August 27th,SF,LV,1st Quarter,1,Las Vegas Raiders,1,13,1,Field Goal,4th & 3 at SF 19,08:47 1st,"— M.Gay 37 yard field goal is GOOD, Center-A.Ward, Holder-A.Cole."
2026,PRESEASON WEEK 3,Thursday,August 27th,SF,LV,1st Quarter,2,San Francisco 49ers,0,1,0,Kickoff from LV 35,,Kickoff,— M.Gay kicks 62 yards from LV 35 to SF 3. J.Watkins to SF 25 for 22 yards (P.Johnson; K.Crawford).
2026,PRESEASON WEEK 3,Thursday,August 27th,SF,LV,1st Quarter,2,San Francisco 49ers,0,2,0,2 Yard Run,1st & 10 at SF 25,08:36 1st,— M.Jones scrambles left end to SF 27 for 2 yards (K.Paye).
2026,PRESEASON WEEK 3,Thursday,August 27th,SF,LV,1st Quarter,2,San Francisco 49ers,0,3,0,Pass Incomplete,2nd & 8 at SF 27,08:02 1st Shotgun,— M.Jones pass incomplete short left to K.Black.
2026,PRESEASON WEEK 3,Thursday,August 27th,SF,LV,1st Quarter,2,San Francisco 49ers,0,4,0,Pass Incomplete,3rd & 8 at SF 27,07:58 1st Shotgun,— M.Jones pass incomplete deep right to J.Watkins.
2026,PRESEASON WEEK 3,Thursday,August 27th,SF,LV,1st Quarter,2,San Francisco 49ers,0,5,0,Punt,4th & 8 at SF 27,07:52 1st,"— C.Waitman punts 53 yards to LV 20, Center-J.Weeks. M.Benson to LV 20 for no gain (K.Hodge)."
2026,PRESEASON WEEK 3,Thursday,August 27th,SF,LV,1st Quarter,3,Las Vegas Raiders,1,1,0,13 Yard Run,1st & 10 at LV 20,07:42 1st,— M.Washington right guard to LV 33 for 13 yards (E.Prysock).
2026,PRESEASON WEEK 3,Thursday,August 27th,SF,LV,1st Quarter,3,Las Vegas Raiders,1,2,0,5 Yard Run,1st & 10 at LV 33,07:06 1st,— M.Washington right tackle to LV 38 for 5 yards (T.Bethune; J.Dugger).
2026,PRESEASON WEEK 3,Thursday,August 27th,SF,LV,1st Quarter,3,Las Vegas Raiders,1,3,0,3 Yard Pass,2nd & 5 at LV 38,06:31 1st,— K.Cousins pass short left to T.Tucker to LV 41 for 3 yards (O.Okoronkwo; J.Dugger).
2026,PRESEASON WEEK 3,Thursday,August 27th,SF,LV,1st Quarter,3,Las Vegas Raiders,1,4,0,7 Yard Pass,3rd & 2 at LV 41,05:47 1st Shotgun,— K.Cousins pass short right to M.Mayer to LV 48 for 7 yards (E.Apple).
2026,PRESEASON WEEK 3,Thursday,August 27th,SF,LV,1st Quarter,3,Las Vegas Raiders,1,5,0,Pass Incomplete,1st & 10 at LV 48,05:06 1st Shotgun,— K.Cousins pass incomplete short right to M.Washington (J.Graham).
2026,PRESEASON WEEK 3,Thursday,August 27th,SF,LV,1st Quarter,3,Las Vegas Raiders,1,6,0,11 Yard Run,2nd & 10 at LV 48,04:58 1st Shotgun,— M.Washington up the middle to SF 41 for 11 yards (A.Davis).
2026,PRESEASON WEEK 3,Thursday,August 27th,SF,LV,1st Quarter,3,Las Vegas Raiders,1,7,0,1 Yard Pass,1st & 10 at SF 41,04:20 1st,— K.Cousins pass short left to M.Mayer to SF 40 for 1 yard (D.Luter).
2026,PRESEASON WEEK 3,Thursday,August 27th,SF,LV,1st Quarter,3,Las Vegas Raiders,1,8,0,5 Yard Pass,2nd & 9 at SF 40,03:38 1st Shotgun,— K.Cousins pass short middle to J.Bech to SF 35 for 5 yards (J.Stroman; J.Robinson).
2026,PRESEASON WEEK 3,Thursday,August 27th,SF,LV,1st Quarter,3,Las Vegas Raiders,1,9,0,Pass Incomplete,3rd & 4 at SF 35,02:54 1st Shotgun,— K.Cousins pass incomplete short right to J.Nailor (S.Neal).
2026,PRESEASON WEEK 3,Thursday,August 27th,SF,LV,1st Quarter,3,Las Vegas Raiders,1,10,1,Field Goal,4th & 4 at SF 35,02:50 1st,"— M.Gay 53 yard field goal is GOOD, Center-A.Ward, Holder-A.Cole."
2026,PRESEASON WEEK 3,Thursday,August 27th,SF,LV,1st Quarter,4,San Francisco 49ers,0,1,0,Kickoff from LV 35,,Kickoff,— M.Gay kicks 66 yards from LV 35 to SF -1. J.Watkins to SF 25 for 26 yards (C.Slone).
2026,PRESEASON WEEK 3,Thursday,August 27th,SF,LV,1st Quarter,4,San Francisco 49ers,0,2,0,8 Yard Run,1st & 10 at SF 25,02:41 1st,— K.Black right tackle to SF 33 for 8 yards (K.Paye; T.Stukes).
2026,PRESEASON WEEK 3,Thursday,August 27th,SF,LV,1st Quarter,4,San Francisco 49ers,0,3,0,3 Yard Run,2nd & 2 at SF 33,02:10 1st,— K.Black right guard to SF 36 for 3 yards (A.Butler; T.Johnson).
2026,PRESEASON WEEK 3,Thursday,August 27th,SF,LV,1st Quarter,4,San Francisco 49ers,0,4,0,7 Yard Pass,1st & 10 at SF 36,01:42 1st,— M.Jones pass short middle to B.Willis to SF 43 for 7 yards (T.Johnson; N.Dean).
2026,PRESEASON WEEK 3,Thursday,August 27th,SF,LV,1st Quarter,4,San Francisco 49ers,0,5,0,Pass Incomplete,2nd & 3 at SF 43,01:15 1st,— M.Jones pass incomplete deep left to J.Watkins (E.Stokes).
2026,PRESEASON WEEK 3,Thursday,August 27th,SF,LV,1st Quarter,4,San Francisco 49ers,0,6,0,Pass Incomplete,3rd & 3 at SF 43,01:08 1st Shotgun,— M.Jones pass incomplete deep right to W.Pauling [Q.Walker].
2026,PRESEASON WEEK 3,Thursday,August 27th,SF,LV,1st Quarter,4,San Francisco 49ers,0,7,0,Punt,4th & 3 at SF 43,01:03 1st,"— C.Waitman punts 42 yards to LV 15, Center-J.Weeks, fair catch by D.Laube."
2026,PRESEASON WEEK 3,Thursday,August 27th,SF,LV,1st Quarter,5,Las Vegas Raiders,0,1,0,6 Yard Pass,1st & 10 at LV 15,00:56 1st,— F.Mendoza pass short left to J.Nailor ran ob at LV 21 for 6 yards [J.Graham].
2026,PRESEASON WEEK 3,Thursday,August 27th,SF,LV,1st Quarter,5,Las Vegas Raiders,0,2,0,Interception,2nd & 4 at LV 21,00:17 1st,— F.Mendoza pass deep middle intended for J.Nailor INTERCEPTED by T.Bethune (D.Luter) at LV 38. T.Bethune to LV 22 for 16 yards (S.Burford).
2026,PRESEASON WEEK 3,Thursday,August 27th,SF,LV,2nd Quarter,1,San Francisco 49ers,1,1,0,14 Yard Run,1st & 10 at LV 22,00:05 1st,— K.Black right tackle pushed ob at LV 8 for 14 yards (I.Pola-Mao).
2026,PRESEASON WEEK 3,Thursday,August 27th,SF,LV,2nd Quarter,1,San Francisco 49ers,1,2,0,-5 Yard Penalty,1st & 8 at LV 8,15:00 2nd,"— PENALTY on SF-B.Parker, False Start, 5 yards, enforced at LV 8 - No Play."
2026,PRESEASON WEEK 3,Thursday,August 27th,SF,LV,2nd Quarter,1,San Francisco 49ers,1,3,0,3 Yard Run,1st & 13 at LV 13,15:00 2nd,— K.Black up the middle to LV 10 for 3 yards (T.Eichenberg; C.Lindenberg).
2026,PRESEASON WEEK 3,Thursday,August 27th,SF,LV,2nd Quarter,1,San Francisco 49ers,1,4,0,5 Yard Pass,2nd & 10 at LV 10,14:27 2nd Shotgun,— A.Martinez pass short middle to J.Watkins to LV 5 for 5 yards (I.Pola-Mao).
2026,PRESEASON WEEK 3,Thursday,August 27th,SF,LV,2nd Quarter,1,San Francisco 49ers,1,5,0,Pass Incomplete,3rd & 5 at LV 5,13:45 2nd Shotgun,— A.Martinez pass incomplete short right to B.Willis (I.Pola-Mao).
2026,PRESEASON WEEK 3,Thursday,August 27th,SF,LV,2nd Quarter,1,San Francisco 49ers,1,6,1,Field Goal,4th & 5 at LV 5,13:41 2nd,"— E.Pineiro 24 yard field goal is GOOD, Center-J.Weeks, Holder-C.Waitman."
2026,PRESEASON WEEK 3,Thursday,August 27th,SF,LV,2nd Quarter,2,Las Vegas Raiders,0,1,0,Kickoff from SF 35,,Kickoff,— E.Pineiro kicks 65 yards from SF 35 to LV 0. D.Thompkins to LV 32 for 32 yards (J.Graham; M.Turner).
2026,PRESEASON WEEK 3,Thursday,August 27th,SF,LV,2nd Quarter,2,Las Vegas Raiders,0,2,0,0 Yard Run,1st & 10 at LV 32,13:33 2nd,— D.Thompkins left end to LV 32 for no gain (J.Robinson).
2026,PRESEASON WEEK 3,Thursday,August 27th,SF,LV,2nd Quarter,2,Las Vegas Raiders,0,3,0,Pass Incomplete,2nd & 10 at LV 32,12:50 2nd Shotgun,— F.Mendoza pass incomplete short left to M.Benson (D.Luter).
2026,PRESEASON WEEK 3,Thursday,August 27th,SF,LV,2nd Quarter,2,Las Vegas Raiders,0,4,0,-11 Yard Sack,3rd & 10 at LV 32,12:45 2nd Shotgun,— F.Mendoza sacked at LV 21 for -11 yards (K.White).
2026,PRESEASON WEEK 3,Thursday,August 27th,SF,LV,2nd Quarter,2,Las Vegas Raiders,0,5,0,Punt,4th & 21 at LV 21,12:07 2nd,"— A.Cole punts 52 yards to SF 27, Center-A.Ward. J.Watkins pushed ob at SF 36 for 9 yards (P.Gurd)."
2026,PRESEASON WEEK 3,Thursday,August 27th,SF,LV,2nd Quarter,3,San Francisco 49ers,0,1,0,5 Yard Run,1st & 10 at SF 36,11:56 2nd,— J.James left end to SF 41 for 5 yards (P.Johnson).
2026,PRESEASON WEEK 3,Thursday,August 27th,SF,LV,2nd Quarter,3,San Francisco 49ers,0,2,0,4 Yard Run,2nd & 5 at SF 41,11:22 2nd,— J.James left guard to SF 45 for 4 yards (T.Eichenberg; J.Pegues).
2026,PRESEASON WEEK 3,Thursday,August 27th,SF,LV,2nd Quarter,3,San Francisco 49ers,0,3,0,-1 Yard Run,3rd & 1 at SF 45,10:46 2nd,— J.James right guard to SF 44 for -1 yards (P.Johnson).
2026,PRESEASON WEEK 3,Thursday,August 27th,SF,LV,2nd Quarter,3,San Francisco 49ers,0,4,0,Punt,4th & 2 at SF 44,10:04 2nd,"— C.Waitman punts 42 yards to LV 14, Center-J.Weeks, fair catch by D.Laube."
2026,PRESEASON WEEK 3,Thursday,August 27th,SF,LV,2nd Quarter,4,Las Vegas Raiders,0,1,0,7 Yard Run,1st & 10 at LV 14,09:57 2nd,— D.Ogunbowale left guard to LV 21 for 7 yards (C.West).
2026,PRESEASON WEEK 3,Thursday,August 27th,SF,LV,2nd Quarter,4,Las Vegas Raiders,0,2,0,-5 Yard Penalty,2nd & 3 at LV 21,09:25 2nd,"— PENALTY on LV-C.Grant, False Start, 5 yards, enforced at LV 21 - No Play."
2026,PRESEASON WEEK 3,Thursday,August 27th,SF,LV,2nd Quarter,4,Las Vegas Raiders,0,3,0,3 Yard Run,2nd & 8 at LV 16,09:07 2nd Shotgun,— D.Ogunbowale right tackle to LV 19 for 3 yards (S.Neal).
2026,PRESEASON WEEK 3,Thursday,August 27th,SF,LV,2nd Quarter,4,Las Vegas Raiders,0,4,0,12 Yard Pass,3rd & 5 at LV 19,08:28 2nd Shotgun,— F.Mendoza pass short middle to D.Laube to LV 31 for 12 yards (J.Stroman).
2026,PRESEASON WEEK 3,Thursday,August 27th,SF,LV,2nd Quarter,4,Las Vegas Raiders,0,5,0,-9 Yard Sack,1st & 10 at LV 31,07:50 2nd,— F.Mendoza sacked at LV 22 for -9 yards (O.Okoronkwo).
2026,PRESEASON WEEK 3,Thursday,August 27th,SF,LV,2nd Quarter,4,Las Vegas Raiders,0,6,0,Pass Incomplete,2nd & 19 at LV 22,07:11 2nd Shotgun,"— F.Mendoza pass incomplete short right. Penalty on LV-T.Zuhn, Ineligible Downfield Pass, declined."
2026,PRESEASON WEEK 3,Thursday,August 27th,SF,LV,2nd Quarter,4,Las Vegas Raiders,0,7,0,4 Yard Run,3rd & 19 at LV 22,07:06 2nd Shotgun,— D.Laube up the middle to LV 26 for 4 yards (O.Okoronkwo; A.Collins).
2026,PRESEASON WEEK 3,Thursday,August 27th,SF,LV,2nd Quarter,4,Las Vegas Raiders,0,8,0,Punt,4th & 15 at LV 26,06:34 2nd,"— A.Cole punts 63 yards to SF 11, Center-A.Ward. J.Watkins to SF 16 for 5 yards (C.McGrone)."
2026,PRESEASON WEEK 3,Thursday,August 27th,SF,LV,2nd Quarter,5,San Francisco 49ers,1,1,0,19 Yard Run,1st & 10 at SF 16,06:20 2nd,— J.Watkins right end pushed ob at SF 35 for 19 yards (J.McCoy).
2026,PRESEASON WEEK 3,Thursday,August 27th,SF,LV,2nd Quarter,5,San Francisco 49ers,1,2,0,20 Yard Pass,1st & 10 at SF 35,05:48 2nd,— A.Martinez pass short left to J.James to LV 45 for 20 yards (C.Slone).
2026,PRESEASON WEEK 3,Thursday,August 27th,SF,LV,2nd Quarter,5,San Francisco 49ers,1,3,0,6 Yard Run,1st & 10 at LV 45,05:08 2nd,— S.McCormick left end to LV 39 for 6 yards (H.Masses).
2026,PRESEASON WEEK 3,Thursday,August 27th,SF,LV,2nd Quarter,5,San Francisco 49ers,1,4,0,3 Yard Run,2nd & 4 at LV 39,04:30 2nd,— J.James right tackle to LV 36 for 3 yards (T.Stukes). (Virtual Measurement).
2026,PRESEASON WEEK 3,Thursday,August 27th,SF,LV,2nd Quarter,5,San Francisco 49ers,1,5,0,0 Yard Run,3rd & 1 at LV 36,04:03 2nd,— A.Martinez up the middle to LV 36 for no gain (J.Laulu; F.Fatukasi).
2026,PRESEASON WEEK 3,Thursday,August 27th,SF,LV,2nd Quarter,5,San Francisco 49ers,1,6,0,10 Yard Pass,4th & 1 at LV 36,03:20 2nd,— A.Martinez pass short left to H.Rucci to LV 26 for 10 yards (T.Stukes).
2026,PRESEASON WEEK 3,Thursday,August 27th,SF,LV,2nd Quarter,5,San Francisco 49ers,1,7,0,17 Yard Run,1st & 10 at LV 26,02:38 2nd,— J.James up the middle to LV 9 for 17 yards (H.Masses; I.Pola-Mao).
2026,PRESEASON WEEK 3,Thursday,August 27th,SF,LV,2nd Quarter,5,San Francisco 49ers,1,8,0,1 Yard Run,1st & 9 at LV 9,02:00 2nd,— J.James left tackle to LV 8 for 1 yard (J.Pegues).
2026,PRESEASON WEEK 3,Thursday,August 27th,SF,LV,2nd Quarter,5,San Francisco 49ers,1,9,0,Timeout,,01:55 2nd,— Timeout #1 by LV at 01:55.
2026,PRESEASON WEEK 3,Thursday,August 27th,SF,LV,2nd Quarter,5,San Francisco 49ers,1,10,0,-5 Yard Penalty,2nd & 8 at LV 8,01:55 2nd Shotgun,"— PENALTY on SF-N.Zakelj, False Start, 5 yards, enforced at LV 8 - No Play."
2026,PRESEASON WEEK 3,Thursday,August 27th,SF,LV,2nd Quarter,5,San Francisco 49ers,1,11,0,Pass Incomplete,2nd & 13 at LV 13,01:55 2nd Shotgun,— A.Martinez pass incomplete short left to J.James (J.Pegues).
2026,PRESEASON WEEK 3,Thursday,August 27th,SF,LV,2nd Quarter,5,San Francisco 49ers,1,12,0,7 Yard Run,3rd & 13 at LV 13,01:51 2nd Shotgun,— A.Martinez scrambles left guard pushed ob at LV 6 for 7 yards (T.Eichenberg).
2026,PRESEASON WEEK 3,Thursday,August 27th,SF,LV,2nd Quarter,5,San Francisco 49ers,1,13,1,Field Goal,4th & 6 at LV 6,01:40 2nd,"— E.Pineiro 25 yard field goal is GOOD, Center-J.Weeks, Holder-C.Waitman."
2026,PRESEASON WEEK 3,Thursday,August 27th,SF,LV,2nd Quarter,6,Las Vegas Raiders,1,1,0,Kickoff from SF 35,,Kickoff,— E.Pineiro kicks 63 yards from SF 35 to LV 2. D.Thompkins to LV 28 for 26 yards (S.McCormick).
2026,PRESEASON WEEK 3,Thursday,August 27th,SF,LV,2nd Quarter,6,Las Vegas Raiders,1,2,0,6 Yard Run,1st & 10 at LV 28,01:31 2nd,— D.Laube up the middle to LV 34 for 6 yards (J.Dugger).
2026,PRESEASON WEEK 3,Thursday,August 27th,SF,LV,2nd Quarter,6,Las Vegas Raiders,1,3,0,4 Yard Pass,2nd & 4 at LV 34,00:59 2nd Shotgun,— F.Mendoza pass short middle to I.Thomas to LV 38 for 4 yards (J.Dugger).
2026,PRESEASON WEEK 3,Thursday,August 27th,SF,LV,2nd Quarter,6,Las Vegas Raiders,1,4,0,11 Yard Pass,1st & 10 at LV 38,"00:40 2nd No Huddle, Shotgun","— F.Mendoza pass short right to Br.Johnson to LV 47 for 9 yards (S.Neal). The Replay Official reviewed the short of the line to gain ruling, and the play was REVERSED. (No Huddle, Shotgun) F.Mendoza pass short right to Br.Johnson to LV 49 for 11 yards (S.Neal)."
2026,PRESEASON WEEK 3,Thursday,August 27th,SF,LV,2nd Quarter,6,Las Vegas Raiders,1,5,0,Timeout,,00:36 2nd,— Timeout #2 by LV at 00:36.
2026,PRESEASON WEEK 3,Thursday,August 27th,SF,LV,2nd Quarter,6,Las Vegas Raiders,1,6,0,19 Yard Penalty,1st & 10 at LV 49,00:36 2nd Shotgun,"— F.Mendoza pass incomplete deep right to M.Benson. PENALTY on SF-S.Neal, Defensive Pass Interference, 19 yards, enforced at LV 49 - No Play."
2026,PRESEASON WEEK 3,Thursday,August 27th,SF,LV,2nd Quarter,6,Las Vegas Raiders,1,7,0,5 Yard Pass,1st & 10 at SF 32,00:30 2nd Shotgun,— F.Mendoza pass short middle to I.Thomas to SF 27 for 5 yards (J.Dugger).
2026,PRESEASON WEEK 3,Thursday,August 27th,SF,LV,2nd Quarter,6,Las Vegas Raiders,1,8,0,Pass Incomplete,2nd & 5 at SF 27,"00:09 2nd No Huddle, Shotgun",— F.Mendoza pass incomplete short right to I.Thomas.
2026,PRESEASON WEEK 3,Thursday,August 27th,SF,LV,2nd Quarter,6,Las Vegas Raiders,1,9,1,Field Goal,3rd & 5 at SF 27,00:05 2nd,"— M.Gay 45 yard field goal is GOOD, Center-A.Ward, Holder-A.Cole."
2026,PRESEASON WEEK 3,Thursday,August 27th,SF,LV,3rd Quarter,1,San Francisco 49ers,0,1,0,Kickoff from LV 35,,Kickoff,— M.Gay kicks 66 yards from LV 35 to SF -1. K.Herbert to SF 33 for 34 yards (C.Slone).
2026,PRESEASON WEEK 3,Thursday,August 27th,SF,LV,3rd Quarter,1,San Francisco 49ers,0,2,0,7 Yard Pass,1st & 10 at SF 33,14:53 3rd Shotgun,— A.Martinez pass short left to T.Irwin to SF 40 for 7 yards (G.Vance).
2026,PRESEASON WEEK 3,Thursday,August 27th,SF,LV,3rd Quarter,1,San Francisco 49ers,0,3,0,Pass Incomplete,2nd & 3 at SF 40,14:17 3rd,— A.Martinez pass incomplete short right to K.Hodge.
2026,PRESEASON WEEK 3,Thursday,August 27th,SF,LV,3rd Quarter,1,San Francisco 49ers,0,4,0,-2 Yard Sack,3rd & 3 at SF 40,14:09 3rd Shotgun,— A.Martinez sacked at SF 38 for -2 yards (K.Crawford).
2026,PRESEASON WEEK 3,Thursday,August 27th,SF,LV,3rd Quarter,1,San Francisco 49ers,0,5,0,Punt,4th & 5 at SF 38,13:22 3rd,"— C.Waitman punts 49 yards to LV 13, Center-J.Weeks. M.Benson to LV 13 for no gain (P.McMorris)."
2026,PRESEASON WEEK 3,Thursday,August 27th,SF,LV,3rd Quarter,2,Las Vegas Raiders,0,1,0,Pass Incomplete,1st & 10 at LV 13,13:12 3rd,— F.Mendoza pass incomplete short right to I.Thomas.
2026,PRESEASON WEEK 3,Thursday,August 27th,SF,LV,3rd Quarter,2,Las Vegas Raiders,0,2,0,9 Yard Run,2nd & 10 at LV 13,13:07 3rd,— D.Ogunbowale right guard to LV 22 for 9 yards (A.Davis; J.Dugger).
2026,PRESEASON WEEK 3,Thursday,August 27th,SF,LV,3rd Quarter,2,Las Vegas Raiders,0,3,0,1 Yard Run,3rd & 1 at LV 22,12:31 3rd,— D.Ogunbowale up the middle to LV 23 for 1 yard (C.West; J.Dugger).
2026,PRESEASON WEEK 3,Thursday,August 27th,SF,LV,3rd Quarter,2,Las Vegas Raiders,0,4,0,2 Yard Run,1st & 10 at LV 23,11:56 3rd,— D.Ogunbowale left end to LV 25 for 2 yards (J.Joyner; A.Davis).
2026,PRESEASON WEEK 3,Thursday,August 27th,SF,LV,3rd Quarter,2,Las Vegas Raiders,0,5,0,7 Yard Run,2nd & 8 at LV 25,11:18 3rd,— F.Mendoza scrambles left tackle to LV 32 for 7 yards (J.Graham).
2026,PRESEASON WEEK 3,Thursday,August 27th,SF,LV,3rd Quarter,2,Las Vegas Raiders,0,6,0,2 Yard Run,3rd & 1 at LV 32,10:37 3rd,— F.Mendoza up the middle to LV 34 for 2 yards (J.Dugger).
2026,PRESEASON WEEK 3,Thursday,August 27th,SF,LV,3rd Quarter,2,Las Vegas Raiders,0,7,0,5 Yard Penalty,1st & 10 at LV 34,09:58 3rd,"— PENALTY on SF-J.Joyner, Neutral Zone Infraction, 5 yards, enforced at LV 34 - No Play."
2026,PRESEASON WEEK 3,Thursday,August 27th,SF,LV,3rd Quarter,2,Las Vegas Raiders,0,8,0,-1 Yard Run,1st & 5 at LV 39,09:36 3rd,— D.Ogunbowale right guard to LV 38 for -1 yards (J.Joyner).
2026,PRESEASON WEEK 3,Thursday,August 27th,SF,LV,3rd Quarter,2,Las Vegas Raiders,0,9,0,3 Yard Run,2nd & 6 at LV 38,09:03 3rd,— D.Ogunbowale up the middle to LV 41 for 3 yards (P.McMorris; T.Bethune).
2026,PRESEASON WEEK 3,Thursday,August 27th,SF,LV,3rd Quarter,2,Las Vegas Raiders,0,10,0,6 Yard Pass,3rd & 3 at LV 41,08:20 3rd Shotgun,— F.Mendoza pass short middle to R.Hemby to LV 47 for 6 yards (T.Bethune; J.Dugger).
2026,PRESEASON WEEK 3,Thursday,August 27th,SF,LV,3rd Quarter,2,Las Vegas Raiders,0,11,0,-1 Yard Run,1st & 10 at LV 47,07:38 3rd,"— R.Hemby right end to LV 46 for -1 yards (T.Bethune, J.Graham)."
2026,PRESEASON WEEK 3,Thursday,August 27th,SF,LV,3rd Quarter,2,Las Vegas Raiders,0,12,0,13 Yard Pass,2nd & 11 at LV 46,07:02 3rd,— F.Mendoza pass short middle to R.Hemby to SF 41 for 13 yards (P.McMorris).
2026,PRESEASON WEEK 3,Thursday,August 27th,SF,LV,3rd Quarter,2,Las Vegas Raiders,0,13,0,5 Yard Run,1st & 10 at SF 41,06:24 3rd,— D.Ogunbowale left guard to SF 36 for 5 yards (J.Dugger).
2026,PRESEASON WEEK 3,Thursday,August 27th,SF,LV,3rd Quarter,2,Las Vegas Raiders,0,14,0,Pass Incomplete,2nd & 5 at SF 36,05:48 3rd,— F.Mendoza pass incomplete short middle [J.Dugger].
2026,PRESEASON WEEK 3,Thursday,August 27th,SF,LV,3rd Quarter,2,Las Vegas Raiders,0,15,0,Pass Incomplete,3rd & 5 at SF 36,05:44 3rd Shotgun,— F.Mendoza pass incomplete deep right [J.Dugger].
2026,PRESEASON WEEK 3,Thursday,August 27th,SF,LV,3rd Quarter,2,Las Vegas Raiders,0,16,0,Field Goal No Good,4th & 5 at SF 36,05:37 3rd,"— M.Gay 54 yard field goal is No Good, Wide Left, Center-A.Ward, Holder-A.Cole."
2026,PRESEASON WEEK 3,Thursday,August 27th,SF,LV,3rd Quarter,3,San Francisco 49ers,1,1,0,19 Yard Pass,1st & 10 at SF 44,05:32 3rd,— A.Martinez pass short left to J.Watkins to LV 37 for 19 yards (T.McCollum).
2026,PRESEASON WEEK 3,Thursday,August 27th,SF,LV,3rd Quarter,3,San Francisco 49ers,1,2,0,1 Yard Run,1st & 10 at LV 37,04:55 3rd,— J.James left end to LV 36 for 1 yard (C.McGrone).
2026,PRESEASON WEEK 3,Thursday,August 27th,SF,LV,3rd Quarter,3,San Francisco 49ers,1,3,0,-5 Yard Penalty,2nd & 9 at LV 36,04:16 3rd Shotgun,"— PENALTY on SF-I.Alarcon, False Start, 5 yards, enforced at LV 36 - No Play."
2026,PRESEASON WEEK 3,Thursday,August 27th,SF,LV,3rd Quarter,3,San Francisco 49ers,1,4,0,2 Yard Run,2nd & 14 at LV 41,03:58 3rd,— J.Watkins right end to LV 39 for 2 yards (C.McGrone).
2026,PRESEASON WEEK 3,Thursday,August 27th,SF,LV,3rd Quarter,3,San Francisco 49ers,1,5,0,19 Yard Pass,3rd & 12 at LV 39,03:14 3rd Shotgun,— A.Martinez pass short right to J.Watkins pushed ob at LV 20 for 19 yards (T.McCollum).
2026,PRESEASON WEEK 3,Thursday,August 27th,SF,LV,3rd Quarter,3,San Francisco 49ers,1,6,0,6 Yard Run,1st & 10 at LV 20,02:43 3rd,— J.Watkins left end pushed ob at LV 14 for 6 yards (T.McCollum).
2026,PRESEASON WEEK 3,Thursday,August 27th,SF,LV,3rd Quarter,3,San Francisco 49ers,1,7,0,5 Yard Run,2nd & 4 at LV 14,02:15 3rd,— J.James right end to LV 9 for 5 yards (G.Vance).
2026,PRESEASON WEEK 3,Thursday,August 27th,SF,LV,3rd Quarter,3,San Francisco 49ers,1,8,0,-15 Yard Penalty,1st & 9 at LV 9,01:31 3rd,"— A.Martinez pass short left to H.Rucci for 9 yards, TOUCHDOWN NULLIFIED by Penalty. PENALTY on SF-J.James, Low Block, 15 yards, enforced at LV 9 - No Play."
2026,PRESEASON WEEK 3,Thursday,August 27th,SF,LV,3rd Quarter,3,San Francisco 49ers,1,9,0,-5 Yard Penalty,1st & 24 at LV 24,01:25 3rd Shotgun,"— PENALTY on SF-I.Alarcon, False Start, 5 yards, enforced at LV 24 - No Play."
2026,PRESEASON WEEK 3,Thursday,August 27th,SF,LV,3rd Quarter,3,San Francisco 49ers,1,10,0,-1 Yard Pass,1st & 29 at LV 29,01:25 3rd Shotgun,— A.Martinez pass short left to K.Hodge to LV 30 for -1 yards (D.Johnson).
2026,PRESEASON WEEK 3,Thursday,August 27th,SF,LV,3rd Quarter,3,San Francisco 49ers,1,11,0,Pass Incomplete,2nd & 30 at LV 30,00:42 3rd Shotgun,— A.Martinez pass incomplete short middle to H.Rucci.
2026,PRESEASON WEEK 3,Thursday,August 27th,SF,LV,3rd Quarter,3,San Francisco 49ers,1,12,0,Pass Incomplete,3rd & 30 at LV 30,00:37 3rd Shotgun,— A.Martinez pass incomplete short middle to H.Rucci. LV-K.Crawford was injured during the play.
2026,PRESEASON WEEK 3,Thursday,August 27th,SF,LV,3rd Quarter,3,San Francisco 49ers,1,13,1,Field Goal,4th & 30 at LV 30,00:33 3rd,"— E.Pineiro 48 yard field goal is GOOD, Center-J.Weeks, Holder-C.Waitman."
2026,PRESEASON WEEK 3,Thursday,August 27th,SF,LV,4th Quarter,1,Las Vegas Raiders,0,1,0,Kickoff from SF 35,,Kickoff,— E.Pineiro kicks 64 yards from SF 35 to LV 1. R.Hemby pushed ob at LV 29 for 28 yards (E.Apple).
2026,PRESEASON WEEK 3,Thursday,August 27th,SF,LV,4th Quarter,1,Las Vegas Raiders,0,2,0,2 Yard Run,1st & 10 at LV 29,00:22 3rd,— D.Ogunbowale up the middle to LV 31 for 2 yards (D.Jones).
2026,PRESEASON WEEK 3,Thursday,August 27th,SF,LV,4th Quarter,1,Las Vegas Raiders,0,3,0,8 Yard Pass,2nd & 8 at LV 31,15:00 4th,— A.O'Connell pass short right to A.Okwuegbunam to LV 39 for 8 yards (J.Graham).
2026,PRESEASON WEEK 3,Thursday,August 27th,SF,LV,4th Quarter,1,Las Vegas Raiders,0,4,0,Pass Incomplete,1st & 10 at LV 39,"14:36 4th No Huddle, Shotgun",— A.O'Connell pass incomplete short right to D.Ogunbowale (V.Fehoko).
2026,PRESEASON WEEK 3,Thursday,August 27th,SF,LV,4th Quarter,1,Las Vegas Raiders,0,5,0,6 Yard Run,2nd & 10 at LV 39,14:32 4th,— D.Ogunbowale left tackle to LV 45 for 6 yards (D.Jones).
2026,PRESEASON WEEK 3,Thursday,August 27th,SF,LV,4th Quarter,1,Las Vegas Raiders,0,6,0,Pass Incomplete,3rd & 4 at LV 45,13:56 4th Shotgun,— A.O'Connell pass incomplete short right to D.Young.
2026,PRESEASON WEEK 3,Thursday,August 27th,SF,LV,4th Quarter,1,Las Vegas Raiders,0,7,0,Punt,4th & 4 at LV 45,13:51 4th,"— A.Cole punts 55 yards to end zone, Center-A.Ward, Touchback."
2026,PRESEASON WEEK 3,Thursday,August 27th,SF,LV,4th Quarter,2,San Francisco 49ers,1,1,0,11 Yard Pass,1st & 10 at SF 20,13:40 4th,— A.Martinez pass short right to K.Hodge to SF 31 for 11 yards (C.McGrone; D.Lafayette).
2026,PRESEASON WEEK 3,Thursday,August 27th,SF,LV,4th Quarter,2,San Francisco 49ers,1,2,0,2 Yard Run,1st & 10 at SF 31,13:07 4th,— S.McCormick up the middle to SF 33 for 2 yards (J.Pegues).
2026,PRESEASON WEEK 3,Thursday,August 27th,SF,LV,4th Quarter,2,San Francisco 49ers,1,3,0,-4 Yard Run,2nd & 8 at SF 33,12:30 4th,— S.McCormick left end to SF 29 for -4 yards (D.Perkins).
2026,PRESEASON WEEK 3,Thursday,August 27th,SF,LV,4th Quarter,2,San Francisco 49ers,1,4,0,15 Yard Pass,3rd & 12 at SF 29,11:44 4th Shotgun,— A.Martinez pass short right to H.Rucci to SF 44 for 15 yards (D.Richardson) [D.Lafayette].
2026,PRESEASON WEEK 3,Thursday,August 27th,SF,LV,4th Quarter,2,San Francisco 49ers,1,5,0,8 Yard Run,1st & 10 at SF 44,11:03 4th,— K.Herbert left end ran ob at LV 48 for 8 yards (G.Vance).
2026,PRESEASON WEEK 3,Thursday,August 27th,SF,LV,4th Quarter,2,San Francisco 49ers,1,6,0,5 Yard Run,2nd & 2 at LV 48,10:32 4th Shotgun,— K.Herbert right guard to LV 43 for 5 yards (C.McGrone; B.Cleveland).
2026,PRESEASON WEEK 3,Thursday,August 27th,SF,LV,4th Quarter,2,San Francisco 49ers,1,7,0,3 Yard Run,1st & 10 at LV 43,09:56 4th,— K.Herbert right guard to LV 40 for 3 yards (X.Sorey; G.Vance).
2026,PRESEASON WEEK 3,Thursday,August 27th,SF,LV,4th Quarter,2,San Francisco 49ers,1,8,0,Pass Incomplete,2nd & 7 at LV 40,09:18 4th Shotgun,— A.Martinez pass incomplete deep middle to J.Watkins [B.Cleveland].
2026,PRESEASON WEEK 3,Thursday,August 27th,SF,LV,4th Quarter,2,San Francisco 49ers,1,9,0,Pass Incomplete,3rd & 7 at LV 40,09:14 4th Shotgun,— A.Martinez pass incomplete short left to K.Hodge.
2026,PRESEASON WEEK 3,Thursday,August 27th,SF,LV,4th Quarter,2,San Francisco 49ers,1,10,1,Field Goal,4th & 7 at LV 40,09:09 4th,"— E.Pineiro 59 yard field goal is GOOD, Center-J.Weeks, Holder-C.Waitman."
2026,PRESEASON WEEK 3,Thursday,August 27th,SF,LV,4th Quarter,3,Las Vegas Raiders,1,1,0,Kickoff from SF 35,,Kickoff,— E.Pineiro kicks 61 yards from SF 35 to LV 4. R.Hemby to LV 31 for 27 yards (Q.Bell).
2026,PRESEASON WEEK 3,Thursday,August 27th,SF,LV,4th Quarter,3,Las Vegas Raiders,1,2,0,34 Yard Pass,1st & 10 at LV 31,08:59 4th,"— A.O'Connell pass deep right to S.Jackson to 50 for 19 yards (E.Apple). PENALTY on SF-S.Neal, Unnecessary Roughness, 15 yards, enforced at 50."
2026,PRESEASON WEEK 3,Thursday,August 27th,SF,LV,4th Quarter,3,Las Vegas Raiders,1,3,0,5 Yard Run,1st & 10 at SF 35,08:30 4th,— R.Hemby right end to SF 30 for 5 yards (L.Worth).
2026,PRESEASON WEEK 3,Thursday,August 27th,SF,LV,4th Quarter,3,Las Vegas Raiders,1,4,0,Pass Incomplete,2nd & 5 at SF 30,07:53 4th,— A.O'Connell pass incomplete deep right to S.Jackson (S.Neal).
2026,PRESEASON WEEK 3,Thursday,August 27th,SF,LV,4th Quarter,3,Las Vegas Raiders,1,5,0,Timeout,,07:47 4th,— Timeout #1 by LV at 07:47.
2026,PRESEASON WEEK 3,Thursday,August 27th,SF,LV,4th Quarter,3,Las Vegas Raiders,1,6,0,Pass Incomplete,3rd & 5 at SF 30,07:47 4th Shotgun,— A.O'Connell pass incomplete short middle to S.Jackson (D.Jones).
2026,PRESEASON WEEK 3,Thursday,August 27th,SF,LV,4th Quarter,3,Las Vegas Raiders,1,7,1,Field Goal,4th & 5 at SF 30,07:43 4th,"— M.Gay 48 yard field goal is GOOD, Center-A.Ward, Holder-A.Cole."
2026,PRESEASON WEEK 3,Thursday,August 27th,SF,LV,4th Quarter,4,San Francisco 49ers,1,1,0,Kickoff from LV 35,,Kickoff,"— M.Gay kicks 59 yards from LV 35 to SF 6. K.Herbert to SF 27 for 21 yards (S.Jackson; D.Lafayette). PENALTY on SF-J.Graham, Illegal Block Above the Waist, 10 yards, enforced at SF 27."
2026,PRESEASON WEEK 3,Thursday,August 27th,SF,LV,4th Quarter,4,San Francisco 49ers,1,2,0,-7 Yard Pass,1st & 10 at SF 17,07:30 4th,"— A.Martinez pass short left to K.Herbert to SF 10 for -7 yards (B.Cleveland, G.Smith)."
2026,PRESEASON WEEK 3,Thursday,August 27th,SF,LV,4th Quarter,4,San Francisco 49ers,1,3,0,16 Yard Run,2nd & 17 at SF 10,06:58 4th Shotgun,— K.Herbert up the middle to SF 26 for 16 yards (G.Vance; D.Lafayette).
2026,PRESEASON WEEK 3,Thursday,August 27th,SF,LV,4th Quarter,4,San Francisco 49ers,1,4,0,7 Yard Run,3rd & 1 at SF 26,06:19 4th,— K.Herbert left guard to SF 33 for 7 yards (Bu.Johnson; J.Harvey).
2026,PRESEASON WEEK 3,Thursday,August 27th,SF,LV,4th Quarter,4,San Francisco 49ers,1,5,0,0 Yard Run,1st & 10 at SF 33,05:45 4th,— S.McCormick right guard to SF 33 for no gain (D.Johnson; B.Cleveland).
2026,PRESEASON WEEK 3,Thursday,August 27th,SF,LV,4th Quarter,4,San Francisco 49ers,1,6,0,21 Yard Pass,2nd & 10 at SF 33,05:11 4th Shotgun,— A.Martinez pass short right to J.Watkins to LV 46 for 21 yards (D.Richardson; Bu.Johnson).
2026,PRESEASON WEEK 3,Thursday,August 27th,SF,LV,4th Quarter,4,San Francisco 49ers,1,7,0,Pass Incomplete,1st & 10 at LV 46,04:27 4th,— A.Martinez pass incomplete short left to K.Hodge.
2026,PRESEASON WEEK 3,Thursday,August 27th,SF,LV,4th Quarter,4,San Francisco 49ers,1,8,0,1 Yard Run,2nd & 10 at LV 46,04:21 4th,— K.Herbert right guard to LV 45 for 1 yard (J.Pegues).
2026,PRESEASON WEEK 3,Thursday,August 27th,SF,LV,4th Quarter,4,San Francisco 49ers,1,9,0,11 Yard Pass,3rd & 9 at LV 45,03:38 4th Shotgun,— A.Martinez pass short right to K.Herbert pushed ob at LV 34 for 11 yards (Bu.Johnson).
2026,PRESEASON WEEK 3,Thursday,August 27th,SF,LV,4th Quarter,4,San Francisco 49ers,1,10,0,-1 Yard Run,1st & 10 at LV 34,02:49 4th,— S.McCormick up the middle to LV 35 for -1 yards (B.Cleveland).
2026,PRESEASON WEEK 3,Thursday,August 27th,SF,LV,4th Quarter,4,San Francisco 49ers,1,11,0,2 Yard Run,2nd & 11 at LV 35,02:10 4th,— S.McCormick up the middle to LV 33 for 2 yards (B.Cleveland).
2026,PRESEASON WEEK 3,Thursday,August 27th,SF,LV,4th Quarter,4,San Francisco 49ers,1,12,0,Pass Incomplete,3rd & 9 at LV 33,02:00 4th Shotgun,— A.Martinez pass incomplete short middle to J.Watkins.
2026,PRESEASON WEEK 3,Thursday,August 27th,SF,LV,4th Quarter,4,San Francisco 49ers,1,13,1,Field Goal,4th & 9 at LV 33,01:56 4th,"— E.Pineiro 51 yard field goal is GOOD, Center-J.Weeks, Holder-C.Waitman."
2026,PRESEASON WEEK 3,Thursday,August 27th,SF,LV,4th Quarter,5,Las Vegas Raiders,0,1,0,Kickoff from SF 35,,Kickoff,— E.Pineiro kicks 62 yards from SF 35 to LV 3. D.Thompkins to LV 29 for 26 yards (J.Graham).
2026,PRESEASON WEEK 3,Thursday,August 27th,SF,LV,4th Quarter,5,Las Vegas Raiders,0,2,0,5 Yard Pass,1st & 10 at LV 29,01:44 4th Shotgun,— A.O'Connell pass short right to E.Williams to LV 34 for 5 yards (S.Neal).
2026,PRESEASON WEEK 3,Thursday,August 27th,SF,LV,4th Quarter,5,Las Vegas Raiders,0,3,0,Pass Incomplete,2nd & 5 at LV 34,"01:28 4th No Huddle, Shotgun",— A.O'Connell pass incomplete deep right to E.Williams.
2026,PRESEASON WEEK 3,Thursday,August 27th,SF,LV,4th Quarter,5,Las Vegas Raiders,0,4,0,Pass Incomplete,3rd & 5 at LV 34,01:23 4th Shotgun,— A.O'Connell pass incomplete deep left to D.Thompkins [J.Joyner].
2026,PRESEASON WEEK 3,Thursday,August 27th,SF,LV,4th Quarter,5,Las Vegas Raiders,0,5,0,Turnover on Downs,4th & 5 at LV 34,01:18 4th Shotgun,— A.O'Connell scrambles right end to LV 37 for 3 yards (S.Valdez).
2026,PRESEASON WEEK 3,Thursday,August 27th,SF,LV,4th Quarter,6,San Francisco 49ers,1,1,0,0 Yard Run,1st & 10 at LV 37,01:12 4th,— K.Herbert right guard to LV 37 for no gain (D.Richardson; D.Johnson).
2026,PRESEASON WEEK 3,Thursday,August 27th,SF,LV,4th Quarter,6,San Francisco 49ers,1,2,0,Timeout,,01:06 4th,— Timeout #2 by LV at 01:06.
2026,PRESEASON WEEK 3,Thursday,August 27th,SF,LV,4th Quarter,6,San Francisco 49ers,1,3,0,-1 Yard Run,2nd & 10 at LV 37,01:06 4th,— K.Herbert left end to LV 38 for -1 yards (T.Ma'ae).
2026,PRESEASON WEEK 3,Thursday,August 27th,SF,LV,4th Quarter,6,San Francisco 49ers,1,4,0,Timeout,,00:59 4th,— Timeout #3 by LV at 00:59.
2026,PRESEASON WEEK 3,Thursday,August 27th,SF,LV,4th Quarter,6,San Francisco 49ers,1,5,0,3 Yard Run,3rd & 11 at LV 38,00:59 4th Shotgun,— S.McCormick right tackle to LV 35 for 3 yards (Bu.Johnson; X.Sorey).
2026,PRESEASON WEEK 3,Thursday,August 27th,SF,LV,4th Quarter,6,San Francisco 49ers,1,6,0,Timeout,,00:13 4th,— Timeout #1 by SF at 00:13.
2026,PRESEASON WEEK 3,Thursday,August 27th,SF,LV,4th Quarter,6,San Francisco 49ers,1,7,1,Field Goal,4th & 8 at LV 35,00:13 4th,"— E.Pineiro 54 yard field goal is GOOD, Center-J.Weeks, Holder-C.Waitman."
2026,PRESEASON WEEK 3,Thursday,August 27th,SF,LV,4th Quarter,7,Las Vegas Raiders,0,1,0,Kickoff from SF 35,,Kickoff,"— E.Pineiro kicks 65 yards from SF 35 to end zone, Touchback to the LV 35."
2026,PRESEASON WEEK 3,Thursday,August 27th,SF,LV,4th Quarter,7,Las Vegas Raiders,0,2,0,Pass Incomplete,1st & 10 at LV 35,00:08 4th Shotgun,"— J.Clark pass short right to A.Okwuegbunam ran ob at LV 42 for 7 yards. The Replay Official reviewed the pass completion ruling, and the play was REVERSED. (Shotgun) J.Clark pass incomplete short right to A.Okwuegbunam."
2026,PRESEASON WEEK 3,Thursday,August 27th,SF,LV,4th Quarter,7,Las Vegas Raiders,0,3,0,18 Yard Pass,2nd & 10 at LV 35,00:03 4th Shotgun,— J.Clark pass short left to D.Thompkins pushed ob at SF 47 for 18 yards (J.Stroman).
2026,PRESEASON WEEK 3,Thursday,August 27th,LAR,LAC,1st Quarter,1,Los Angeles Rams,0,1,0,Kickoff from LAC 35,,Kickoff,— C.Dicker kicks 63 yards from LARC 35 to LAR 2. T.Scott to LAR 30 for 28 yards (E.Johnson).
2026,PRESEASON WEEK 3,Thursday,August 27th,LAR,LAC,1st Quarter,1,Los Angeles Rams,0,2,0,9 Yard Pass,1st & 10 at LAR 30,14:54 1st Shotgun,— T.Simpson pass short right to C.Daniels pushed ob at LAR 39 for 9 yards (C.Hart).
2026,PRESEASON WEEK 3,Thursday,August 27th,LAR,LAC,1st Quarter,1,Los Angeles Rams,0,3,0,2 Yard Run,2nd & 1 at LAR 39,14:30 1st,— J.Waters right tackle to LAR 41 for 2 yards (C.Hart).
2026,PRESEASON WEEK 3,Thursday,August 27th,LAR,LAC,1st Quarter,1,Los Angeles Rams,0,4,0,Pass Incomplete,1st & 10 at LAR 41,13:48 1st Shotgun,— T.Simpson pass incomplete short left to T.Scott.
2026,PRESEASON WEEK 3,Thursday,August 27th,LAR,LAC,1st Quarter,1,Los Angeles Rams,0,5,0,1 Yard Run,2nd & 10 at LAR 41,13:44 1st Shotgun,— D.Connors left guard to LAR 42 for 1 yard (D.Tomlinson).
2026,PRESEASON WEEK 3,Thursday,August 27th,LAR,LAC,1st Quarter,1,Los Angeles Rams,0,6,0,4 Yard Pass,3rd & 9 at LAR 42,13:07 1st Shotgun,— T.Simpson pass short left to B.Presley ran ob at LAR 46 for 4 yards.
2026,PRESEASON WEEK 3,Thursday,August 27th,LAR,LAC,1st Quarter,1,Los Angeles Rams,0,7,0,Punt,4th & 5 at LAR 46,12:37 1st,"— E.Evans punts 43 yards to LARC 11, Center-J.Cardona, fair catch by D.Davis."
2026,PRESEASON WEEK 3,Thursday,August 27th,LAR,LAC,1st Quarter,2,Los Angeles Chargers,0,1,0,9 Yard Pass,1st & 10 at LAC 11,12:30 1st Shotgun,— J.Herbert pass short right to C.Kolar to LARC 20 for 9 yards (N.Hill-Green).
2026,PRESEASON WEEK 3,Thursday,August 27th,LAR,LAC,1st Quarter,2,Los Angeles Chargers,0,2,0,Fumble,2nd & 1 at LAC 20,11:53 1st Shotgun,"— J.Herbert FUMBLES (Aborted) at LARC 15, touched at LARC 13, RECOVERED by LAR-N.Andersen at LARC 14."
2026,PRESEASON WEEK 3,Thursday,August 27th,LAR,LAC,1st Quarter,3,Los Angeles Rams,1,1,0,0 Yard Pass,1st & 10 at LAC 14,11:49 1st,— T.Simpson pass short right to B.Presley pushed ob at LARC 14 for no gain (T.Still).
2026,PRESEASON WEEK 3,Thursday,August 27th,LAR,LAC,1st Quarter,3,Los Angeles Rams,1,2,0,7 Yard Pass,2nd & 10 at LAC 14,11:13 1st Shotgun,— T.Simpson pass short right to B.Presley to LARC 7 for 7 yards (D.Henley).
2026,PRESEASON WEEK 3,Thursday,August 27th,LAR,LAC,1st Quarter,3,Los Angeles Rams,1,3,0,-2 Yard Run,3rd & 3 at LAC 7,10:37 1st Shotgun,— J.Waters left guard to LARC 9 for -2 yards (D.Henley).
2026,PRESEASON WEEK 3,Thursday,August 27th,LAR,LAC,1st Quarter,3,Los Angeles Rams,1,4,1,Field Goal,4th & 5 at LAC 9,09:58 1st,"— H.Mevis 27 yard field goal is GOOD, Center-J.Cardona, Holder-E.Evans."
2026,PRESEASON WEEK 3,Thursday,August 27th,LAR,LAC,1st Quarter,4,Los Angeles Chargers,1,1,0,Kickoff from LAR 35,,Kickoff,"— H.Mevis kicks 65 yards from LAR 35 to end zone, Touchback to the LARC 35."
2026,PRESEASON WEEK 3,Thursday,August 27th,LAR,LAC,1st Quarter,4,Los Angeles Chargers,1,2,0,Pass Incomplete,1st & 10 at LAC 35,09:55 1st Shotgun,— J.Herbert pass incomplete short left to Q.Johnston (B.Norton).
2026,PRESEASON WEEK 3,Thursday,August 27th,LAR,LAC,1st Quarter,4,Los Angeles Chargers,1,3,1,Touchdown,2nd & 10 at LAC 35,09:51 1st Shotgun,"— J.Herbert pass deep middle to Q.Johnston for 65 yards, TOUCHDOWN."
2026,PRESEASON WEEK 3,Thursday,August 27th,LAR,LAC,1st Quarter,4,Los Angeles Chargers,1,4,1,Extra Point,,09:41 1st,"— C.Dicker extra point is GOOD, Center-J.Harris, Holder-J.Scott."
2026,PRESEASON WEEK 3,Thursday,August 27th,LAR,LAC,1st Quarter,5,Los Angeles Rams,0,1,0,Kickoff from LAC 35,,Kickoff,"— J.Scott kicks 65 yards from LARC 35 to landing zone to end zone, Touchback to the LAR 20."
2026,PRESEASON WEEK 3,Thursday,August 27th,LAR,LAC,1st Quarter,5,Los Angeles Rams,0,2,0,6 Yard Run,1st & 10 at LAR 20,09:41 1st,— D.Connors left guard to LAR 26 for 6 yards (R.Shelley).
2026,PRESEASON WEEK 3,Thursday,August 27th,LAR,LAC,1st Quarter,5,Los Angeles Rams,0,3,0,12 Yard Run,2nd & 4 at LAR 26,09:06 1st,— D.Connors left guard pushed ob at LAR 38 for 12 yards (T.Dye).
2026,PRESEASON WEEK 3,Thursday,August 27th,LAR,LAC,1st Quarter,5,Los Angeles Rams,0,4,0,7 Yard Pass,1st & 10 at LAR 38,08:30 1st,— T.Simpson pass short right to C.Daniels to LAR 45 for 7 yards (D.Phillips).
2026,PRESEASON WEEK 3,Thursday,August 27th,LAR,LAC,1st Quarter,5,Los Angeles Rams,0,5,0,2 Yard Run,2nd & 3 at LAR 45,07:51 1st,— T.Simpson scrambles left end to LAR 47 for 2 yards (N.Tucker). (Virtual Measurement).
2026,PRESEASON WEEK 3,Thursday,August 27th,LAR,LAC,1st Quarter,5,Los Angeles Rams,0,6,0,2 Yard Run,3rd & 1 at LAR 47,07:17 1st,— D.Connors up the middle to LAR 49 for 2 yards (T.Jefferson; T.Dye).
2026,PRESEASON WEEK 3,Thursday,August 27th,LAR,LAC,1st Quarter,5,Los Angeles Rams,0,7,0,2 Yard Run,1st & 10 at LAR 49,06:36 1st,— J.Waters right end to LARC 49 for 2 yards (A.Carter; I.Waxter).
2026,PRESEASON WEEK 3,Thursday,August 27th,LAR,LAC,1st Quarter,5,Los Angeles Rams,0,8,0,6 Yard Pass,2nd & 8 at LAC 49,06:03 1st Shotgun,— T.Simpson pass short right to M.Klare pushed ob at LARC 43 for 6 yards (T.Dye).
2026,PRESEASON WEEK 3,Thursday,August 27th,LAR,LAC,1st Quarter,5,Los Angeles Rams,0,9,0,5 Yard Pass,3rd & 2 at LAC 43,05:34 1st Shotgun,— T.Simpson pass short left to A.Bachman to LARC 38 for 5 yards (D.Phillips).
2026,PRESEASON WEEK 3,Thursday,August 27th,LAR,LAC,1st Quarter,5,Los Angeles Rams,0,10,0,9 Yard Run,1st & 10 at LAC 38,04:57 1st,— T.Simpson scrambles right end ran ob at LARC 29 for 9 yards (A.Smith).
2026,PRESEASON WEEK 3,Thursday,August 27th,LAR,LAC,1st Quarter,5,Los Angeles Rams,0,11,0,2 Yard Run,2nd & 1 at LAC 29,04:23 1st,— J.Waters left guard to LARC 27 for 2 yards (A.Smith).
2026,PRESEASON WEEK 3,Thursday,August 27th,LAR,LAC,1st Quarter,5,Los Angeles Rams,0,12,0,6 Yard Pass,1st & 10 at LAC 27,03:46 1st,— T.Simpson pass short middle to M.Redman to LARC 21 for 6 yards (A.Carter).
2026,PRESEASON WEEK 3,Thursday,August 27th,LAR,LAC,1st Quarter,5,Los Angeles Rams,0,13,0,7 Yard Run,2nd & 4 at LAC 21,03:04 1st,— D.Connors right tackle to LARC 14 for 7 yards (J.Guillory).
2026,PRESEASON WEEK 3,Thursday,August 27th,LAR,LAC,1st Quarter,5,Los Angeles Rams,0,14,0,Timeout,,02:24 1st,— Timeout #1 by LARC at 02:24.
2026,PRESEASON WEEK 3,Thursday,August 27th,LAR,LAC,1st Quarter,5,Los Angeles Rams,0,15,0,10 Yard Pass,1st & 10 at LAC 14,02:24 1st Shotgun,— T.Simpson pass short right to D.Connors pushed ob at LARC 4 for 10 yards (J.Colson).
2026,PRESEASON WEEK 3,Thursday,August 27th,LAR,LAC,1st Quarter,5,Los Angeles Rams,0,16,0,1 Yard Run,1st & 4 at LAC 4,01:57 1st,— D.Connors up the middle to LARC 3 for 1 yard (T.Jefferson).
2026,PRESEASON WEEK 3,Thursday,August 27th,LAR,LAC,1st Quarter,5,Los Angeles Rams,0,17,0,2 Yard Run,2nd & 3 at LAC 3,01:23 1st Shotgun,— J.Waters up the middle to LARC 1 for 2 yards (A.Carter; M.Wax).
2026,PRESEASON WEEK 3,Thursday,August 27th,LAR,LAC,1st Quarter,5,Los Angeles Rams,0,18,0,0 Yard Run,3rd & 1 at LAC 1,00:45 1st,— J.Waters up the middle to LARC 1 for no gain (N.Barrett; M.Wax).
2026,PRESEASON WEEK 3,Thursday,August 27th,LAR,LAC,1st Quarter,5,Los Angeles Rams,0,19,0,Turnover on Downs,4th & 1 at LAC 1,00:01 1st Shotgun,— J.Waters up the middle to LARC 1 for no gain (T.Jefferson; J.Colson).
2026,PRESEASON WEEK 3,Thursday,August 27th,LAR,LAC,2nd Quarter,1,Los Angeles Chargers,0,1,0,5 Yard Run,1st & 10 at LAC 2,15:00 2nd,— K.Vidal up the middle to LARC 7 for 5 yards (E.Neal).
2026,PRESEASON WEEK 3,Thursday,August 27th,LAR,LAC,2nd Quarter,1,Los Angeles Chargers,0,2,0,-1 Yard Run,2nd & 5 at LAC 7,14:25 2nd,— K.Vidal right tackle to LARC 6 for -1 yards (C.Lampkin).
2026,PRESEASON WEEK 3,Thursday,August 27th,LAR,LAC,2nd Quarter,1,Los Angeles Chargers,0,3,0,3 Yard Run,3rd & 6 at LAC 6,13:48 2nd Shotgun,— T.Lance scrambles up the middle to LARC 9 for 3 yards (N.Andersen).
2026,PRESEASON WEEK 3,Thursday,August 27th,LAR,LAC,2nd Quarter,1,Los Angeles Chargers,0,4,0,Punt,4th & 3 at LAC 9,13:03 2nd,"— J.Scott punts 20 yards to LARC 29, Center-J.Harris, out of bounds."
2026,PRESEASON WEEK 3,Thursday,August 27th,LAR,LAC,2nd Quarter,2,Los Angeles Rams,1,1,0,7 Yard Pass,1st & 10 at LAC 29,12:55 2nd,— T.Simpson pass short right to T.Edwards to LARC 22 for 7 yards (R.Shelley).
2026,PRESEASON WEEK 3,Thursday,August 27th,LAR,LAC,2nd Quarter,2,Los Angeles Rams,1,2,0,8 Yard Pass,2nd & 3 at LAC 22,12:20 2nd Shotgun,— T.Simpson pass short right to T.Edwards to LARC 14 for 8 yards (R.Shelley).
2026,PRESEASON WEEK 3,Thursday,August 27th,LAR,LAC,2nd Quarter,2,Los Angeles Rams,1,3,0,Pass Incomplete,1st & 10 at LAC 14,11:42 2nd Shotgun,— T.Simpson pass incomplete short left to T.Scott.
2026,PRESEASON WEEK 3,Thursday,August 27th,LAR,LAC,2nd Quarter,2,Los Angeles Rams,1,4,0,3 Yard Pass,2nd & 10 at LAC 14,11:38 2nd Shotgun,— T.Simpson pass short left to B.Presley to LARC 11 for 3 yards (M.Wax; J.Colson).
2026,PRESEASON WEEK 3,Thursday,August 27th,LAR,LAC,2nd Quarter,2,Los Angeles Rams,1,5,1,Touchdown,3rd & 7 at LAC 11,10:57 2nd Shotgun,"— T.Simpson pass short left to B.Presley for 11 yards, TOUCHDOWN."
2026,PRESEASON WEEK 3,Thursday,August 27th,LAR,LAC,2nd Quarter,2,Los Angeles Rams,1,6,1,Extra Point,,10:48 2nd,"— H.Mevis extra point is GOOD, Center-J.Cardona, Holder-E.Evans."
2026,PRESEASON WEEK 3,Thursday,August 27th,LAR,LAC,2nd Quarter,3,Los Angeles Chargers,0,1,0,Kickoff from LAR 35,,Kickoff,— H.Mevis kicks 58 yards from LAR 35 to LARC 7. A.Johnson to LARC 20 for 13 yards (N.Valcarcel).
2026,PRESEASON WEEK 3,Thursday,August 27th,LAR,LAC,2nd Quarter,3,Los Angeles Chargers,0,2,0,4 Yard Run,1st & 10 at LAC 20,10:40 2nd,— T.Lance scrambles left end ran ob at LARC 24 for 4 yards (E.Neal; L.Murchison).
2026,PRESEASON WEEK 3,Thursday,August 27th,LAR,LAC,2nd Quarter,3,Los Angeles Chargers,0,3,0,15 Yard Run,2nd & 6 at LAC 24,10:09 2nd Shotgun,— D.Davis right end to LARC 39 for 15 yards (A.Johnson).
2026,PRESEASON WEEK 3,Thursday,August 27th,LAR,LAC,2nd Quarter,3,Los Angeles Chargers,0,4,0,5 Yard Run,1st & 10 at LAC 39,09:30 2nd,— K.Vidal right end to LARC 44 for 5 yards (A.Johnson; A.Cook).
2026,PRESEASON WEEK 3,Thursday,August 27th,LAR,LAC,2nd Quarter,3,Los Angeles Chargers,0,5,0,11 Yard Run,2nd & 5 at LAC 44,08:52 2nd,— T.Lance scrambles right end to LAR 45 for 11 yards (A.Johnson).
2026,PRESEASON WEEK 3,Thursday,August 27th,LAR,LAC,2nd Quarter,3,Los Angeles Chargers,0,6,0,Pass Incomplete,1st & 10 at LAR 45,08:10 2nd,— T.Lance pass incomplete short middle to D.Davis.
2026,PRESEASON WEEK 3,Thursday,August 27th,LAR,LAC,2nd Quarter,3,Los Angeles Chargers,0,7,0,11 Yard Run,2nd & 10 at LAR 45,08:04 2nd Shotgun,— A.Johnson left end to LAR 34 for 11 yards (E.Neal).
2026,PRESEASON WEEK 3,Thursday,August 27th,LAR,LAC,2nd Quarter,3,Los Angeles Chargers,0,8,0,Pass Incomplete,1st & 10 at LAR 34,07:20 2nd Shotgun,— T.Lance pass incomplete deep left to D.Davis.
2026,PRESEASON WEEK 3,Thursday,August 27th,LAR,LAC,2nd Quarter,3,Los Angeles Chargers,0,9,0,5 Yard Run,2nd & 10 at LAR 34,07:16 2nd Shotgun,— A.Johnson up the middle to LAR 29 for 5 yards (A.Cook).
2026,PRESEASON WEEK 3,Thursday,August 27th,LAR,LAC,2nd Quarter,3,Los Angeles Chargers,0,10,0,4 Yard Run,3rd & 5 at LAR 29,06:39 2nd Shotgun,— T.Lance scrambles up the middle to LAR 25 for 4 yards (D.Peterson).
2026,PRESEASON WEEK 3,Thursday,August 27th,LAR,LAC,2nd Quarter,3,Los Angeles Chargers,0,11,0,Turnover on Downs,4th & 1 at LAR 25,05:58 2nd Shotgun,— T.Lance sacked at LAR 30 for -5 yards (D.Peterson).
2026,PRESEASON WEEK 3,Thursday,August 27th,LAR,LAC,2nd Quarter,4,Los Angeles Rams,1,1,0,5 Yard Penalty,1st & 10 at LAR 30,05:53 2nd,"— PENALTY on LARC-N.Tucker, Neutral Zone Infraction, 5 yards, enforced at LAR 30 - No Play."
2026,PRESEASON WEEK 3,Thursday,August 27th,LAR,LAC,2nd Quarter,4,Los Angeles Rams,1,2,0,6 Yard Run,1st & 5 at LAR 35,05:53 2nd,— D.Connors left end to LAR 41 for 6 yards (J.Colson; J.Carter).
2026,PRESEASON WEEK 3,Thursday,August 27th,LAR,LAC,2nd Quarter,4,Los Angeles Rams,1,3,0,Pass Incomplete,1st & 10 at LAR 41,05:11 2nd Shotgun,— T.Simpson pass incomplete deep left to T.Scott (R.Shelley).
2026,PRESEASON WEEK 3,Thursday,August 27th,LAR,LAC,2nd Quarter,4,Los Angeles Rams,1,4,0,16 Yard Pass,2nd & 10 at LAR 41,05:03 2nd Shotgun,— T.Simpson pass short left to C.Daniels to LARC 43 for 16 yards (K.Williamson).
2026,PRESEASON WEEK 3,Thursday,August 27th,LAR,LAC,2nd Quarter,4,Los Angeles Rams,1,5,0,5 Yard Pass,1st & 10 at LAC 43,04:30 2nd,— T.Simpson pass short right to C.Daniels pushed ob at LARC 38 for 5 yards (A.Smith).
2026,PRESEASON WEEK 3,Thursday,August 27th,LAR,LAC,2nd Quarter,4,Los Angeles Rams,1,6,0,4 Yard Pass,2nd & 5 at LAC 38,04:02 2nd Shotgun,— T.Simpson pass short right to A.Bachman to LARC 34 for 4 yards (I.Waxter).
2026,PRESEASON WEEK 3,Thursday,August 27th,LAR,LAC,2nd Quarter,4,Los Angeles Rams,1,7,0,7 Yard Run,3rd & 1 at LAC 34,03:26 2nd,— J.Waters up the middle to LARC 27 for 7 yards (M.Wax; I.Waxter).
2026,PRESEASON WEEK 3,Thursday,August 27th,LAR,LAC,2nd Quarter,4,Los Angeles Rams,1,8,0,3 Yard Run,1st & 10 at LAC 27,02:40 2nd,— J.Waters up the middle to LARC 24 for 3 yards (N.Barrett).
2026,PRESEASON WEEK 3,Thursday,August 27th,LAR,LAC,2nd Quarter,4,Los Angeles Rams,1,9,0,6 Yard Pass,2nd & 7 at LAC 24,02:00 2nd,"— T.Simpson pass short right to M.Redman to LARC 18 for 6 yards (J.Colson, M.Wax)."
2026,PRESEASON WEEK 3,Thursday,August 27th,LAR,LAC,2nd Quarter,4,Los Angeles Rams,1,10,0,4 Yard Run,3rd & 1 at LAC 18,01:16 2nd,— J.Waters left guard to LARC 14 for 4 yards (J.Colson).
2026,PRESEASON WEEK 3,Thursday,August 27th,LAR,LAC,2nd Quarter,4,Los Angeles Rams,1,11,0,5 Yard Pass,1st & 10 at LAC 14,00:44 2nd Shotgun,— T.Simpson pass short left to C.Daniels to LARC 9 for 5 yards (M.Wax).
2026,PRESEASON WEEK 3,Thursday,August 27th,LAR,LAC,2nd Quarter,4,Los Angeles Rams,1,12,0,Timeout,,00:34 2nd,— Timeout #1 by LAR at 00:34.
2026,PRESEASON WEEK 3,Thursday,August 27th,LAR,LAC,2nd Quarter,4,Los Angeles Rams,1,13,0,Pass Incomplete,2nd & 5 at LAC 9,00:34 2nd Shotgun,— T.Simpson pass incomplete short right to C.Daniels.
2026,PRESEASON WEEK 3,Thursday,August 27th,LAR,LAC,2nd Quarter,4,Los Angeles Rams,1,14,0,Pass Incomplete,3rd & 5 at LAC 9,00:29 2nd Shotgun,— T.Simpson pass incomplete short right to A.Bachman.
2026,PRESEASON WEEK 3,Thursday,August 27th,LAR,LAC,2nd Quarter,4,Los Angeles Rams,1,15,1,Field Goal,4th & 5 at LAC 9,00:25 2nd,"— H.Mevis 27 yard field goal is GOOD, Center-J.Cardona, Holder-E.Evans."
2026,PRESEASON WEEK 3,Thursday,August 27th,LAR,LAC,2nd Quarter,5,Los Angeles Chargers,0,1,0,Kickoff from LAR 35,,Kickoff,"— H.Mevis kicks 65 yards from LAR 35 to end zone, Touchback to the LARC 35."
2026,PRESEASON WEEK 3,Thursday,August 27th,LAR,LAC,2nd Quarter,5,Los Angeles Chargers,0,2,0,21 Yard Pass,1st & 10 at LAC 35,00:22 2nd Shotgun,— D.Uiagalelei pass deep left to K.Lambert-Smith ran ob at LAR 44 for 21 yards (N.Fourqurean).
2026,PRESEASON WEEK 3,Thursday,August 27th,LAR,LAC,2nd Quarter,5,Los Angeles Chargers,0,3,0,20 Yard Pass,1st & 10 at LAR 44,00:17 2nd Shotgun,— D.Uiagalelei pass deep left to D.Davis ran ob at LAR 24 for 20 yards.
2026,PRESEASON WEEK 3,Thursday,August 27th,LAR,LAC,2nd Quarter,5,Los Angeles Chargers,0,4,0,Pass Incomplete,1st & 10 at LAR 24,00:12 2nd Shotgun,— D.Uiagalelei pass incomplete short right to D.Ross.
2026,PRESEASON WEEK 3,Thursday,August 27th,LAR,LAC,2nd Quarter,5,Los Angeles Chargers,0,5,0,-7 Yard Sack,2nd & 10 at LAR 24,00:09 2nd Shotgun,— D.Uiagalelei sacked at LAR 31 for -7 yards (C.Lampkin).
2026,PRESEASON WEEK 3,Thursday,August 27th,LAR,LAC,2nd Quarter,5,Los Angeles Chargers,0,6,0,Timeout,,00:04 2nd,— Timeout #2 by LARC at 00:04.
2026,PRESEASON WEEK 3,Thursday,August 27th,LAR,LAC,2nd Quarter,5,Los Angeles Chargers,0,7,0,Field Goal No Good,3rd & 17 at LAR 31,00:04 2nd,"— C.Dicker 49 yard field goal is No Good, Wide Right, Center-J.Harris, Holder-J.Scott."
2026,PRESEASON WEEK 3,Thursday,August 27th,LAR,LAC,3rd Quarter,1,Los Angeles Chargers,0,1,0,Kickoff from LAR 35,,Kickoff,"— H.Mevis kicks 61 yards from LAR 35 to LARC 4. G.Desrosiers to LARC 44 for 40 yards (N.Valcarcel). PENALTY on LARC-L.Barton, Offensive Holding, 10 yards, enforced at LARC 33."
2026,PRESEASON WEEK 3,Thursday,August 27th,LAR,LAC,3rd Quarter,1,Los Angeles Chargers,0,2,0,2 Yard Pass,1st & 10 at LAC 23,14:54 3rd,— D.Uiagalelei pass short left to E.Svoboda pushed ob at LARC 25 for 2 yards (N.Valcarcel).
2026,PRESEASON WEEK 3,Thursday,August 27th,LAR,LAC,3rd Quarter,1,Los Angeles Chargers,0,3,0,7 Yard Pass,2nd & 8 at LAC 25,14:27 3rd,— D.Uiagalelei pass short right to E.Svoboda to LARC 32 for 7 yards (C.Lampkin; D.Peterson).
2026,PRESEASON WEEK 3,Thursday,August 27th,LAR,LAC,3rd Quarter,1,Los Angeles Chargers,0,4,0,1 Yard Run,3rd & 1 at LAC 32,13:45 3rd Shotgun,— A.Johnson left end to LARC 33 for 1 yard (N.Fourqurean).
2026,PRESEASON WEEK 3,Thursday,August 27th,LAR,LAC,3rd Quarter,1,Los Angeles Chargers,0,5,0,Pass Incomplete,1st & 10 at LAC 33,13:00 3rd Shotgun,— D.Uiagalelei pass incomplete short left to J.Jackson.
2026,PRESEASON WEEK 3,Thursday,August 27th,LAR,LAC,3rd Quarter,1,Los Angeles Chargers,0,6,0,9 Yard Pass,2nd & 10 at LAC 33,12:56 3rd Shotgun,— D.Uiagalelei pass short left to D.Ross pushed ob at LARC 42 for 9 yards (N.Fourqurean).
2026,PRESEASON WEEK 3,Thursday,August 27th,LAR,LAC,3rd Quarter,1,Los Angeles Chargers,0,7,0,3 Yard Run,3rd & 1 at LAC 42,12:30 3rd,— A.Johnson left tackle to LARC 45 for 3 yards (M.Rice).
2026,PRESEASON WEEK 3,Thursday,August 27th,LAR,LAC,3rd Quarter,1,Los Angeles Chargers,0,8,0,Pass Incomplete,1st & 10 at LAC 45,11:54 3rd,— D.Uiagalelei pass incomplete deep right to D.Campbell [C.Lampkin].
2026,PRESEASON WEEK 3,Thursday,August 27th,LAR,LAC,3rd Quarter,1,Los Angeles Chargers,0,9,0,8 Yard Run,2nd & 10 at LAC 45,11:47 3rd Shotgun,— A.Johnson left tackle pushed ob at LAR 47 for 8 yards (N.Fourqurean).
2026,PRESEASON WEEK 3,Thursday,August 27th,LAR,LAC,3rd Quarter,1,Los Angeles Chargers,0,10,0,-15 Yard Penalty,3rd & 2 at LAR 47,11:14 3rd Shotgun,"— A.Johnson up the middle to LAR 43 for 4 yards (M.Rice). PENALTY on LARC-A.Harkey, Face Mask, 15 yards, enforced at LAR 47 - No Play."
2026,PRESEASON WEEK 3,Thursday,August 27th,LAR,LAC,3rd Quarter,1,Los Angeles Chargers,0,11,0,8 Yard Pass,3rd & 17 at LAC 38,10:53 3rd Shotgun,— D.Uiagalelei pass short right to G.Desrosiers to LARC 46 for 8 yards (T.Ingle; C.Lampkin).
2026,PRESEASON WEEK 3,Thursday,August 27th,LAR,LAC,3rd Quarter,1,Los Angeles Chargers,0,12,0,Punt,4th & 9 at LAC 46,10:11 3rd,"— J.Scott punts 33 yards to LAR 21, Center-P.Bowden, downed by LARC-E.Johnson."
2026,PRESEASON WEEK 3,Thursday,August 27th,LAR,LAC,3rd Quarter,2,Los Angeles Rams,0,1,0,0 Yard Run,1st & 10 at LAR 21,10:02 3rd,— D.Connors left tackle to LAR 21 for no gain (K.Williamson).
2026,PRESEASON WEEK 3,Thursday,August 27th,LAR,LAC,3rd Quarter,2,Los Angeles Rams,0,2,0,4 Yard Pass,2nd & 10 at LAR 21,09:30 3rd Shotgun,— M.Caldwell pass short left to M.Redman to LAR 25 for 4 yards (R.Shelley; L.Barton).
2026,PRESEASON WEEK 3,Thursday,August 27th,LAR,LAC,3rd Quarter,2,Los Angeles Rams,0,3,0,8 Yard Run,3rd & 6 at LAR 25,08:54 3rd Shotgun,— M.Caldwell scrambles left end pushed ob at LAR 33 for 8 yards (R.Shelley).
2026,PRESEASON WEEK 3,Thursday,August 27th,LAR,LAC,3rd Quarter,2,Los Angeles Rams,0,4,0,Pass Incomplete,1st & 10 at LAR 33,08:21 3rd Shotgun,— M.Caldwell pass incomplete deep right to T.Edwards [L.Barton].
2026,PRESEASON WEEK 3,Thursday,August 27th,LAR,LAC,3rd Quarter,2,Los Angeles Rams,0,5,0,2 Yard Run,2nd & 10 at LAR 33,08:16 3rd,— J.Waters left end to LAR 35 for 2 yards (T.Edwards; G.Randolph).
2026,PRESEASON WEEK 3,Thursday,August 27th,LAR,LAC,3rd Quarter,2,Los Angeles Rams,0,6,0,Pass Incomplete,3rd & 8 at LAR 35,07:40 3rd Shotgun,"— M.Caldwell pass incomplete short left to M.Klare (M.Purchase). Penalty on LAR-A.Arcuri, Offensive Holding, declined."
2026,PRESEASON WEEK 3,Thursday,August 27th,LAR,LAC,3rd Quarter,2,Los Angeles Rams,0,7,0,Punt,4th & 8 at LAR 35,07:33 3rd,"— E.Evans punts 24 yards to LARC 41, Center-J.Cardona, downed by LAR-P.Zdroik."
2026,PRESEASON WEEK 3,Thursday,August 27th,LAR,LAC,3rd Quarter,3,Los Angeles Chargers,1,1,0,9 Yard Run,1st & 10 at LAC 41,07:22 3rd,— A.Johnson left tackle to 50 for 9 yards (N.Valcarcel).
2026,PRESEASON WEEK 3,Thursday,August 27th,LAR,LAC,3rd Quarter,3,Los Angeles Chargers,1,2,0,0 Yard Run,2nd & 1 at 50,06:44 3rd,— A.Johnson right tackle to 50 for no gain (B.Norton).
2026,PRESEASON WEEK 3,Thursday,August 27th,LAR,LAC,3rd Quarter,3,Los Angeles Chargers,1,3,0,Pass Incomplete,3rd & 1 at 50,06:04 3rd Shotgun,— D.Uiagalelei pass incomplete short right to D.Campbell (A.Hamilton). LARC-D.Campbell was injured during the play.
2026,PRESEASON WEEK 3,Thursday,August 27th,LAR,LAC,3rd Quarter,3,Los Angeles Chargers,1,4,0,3 Yard Run,4th & 1 at 50,05:59 3rd,— D.Uiagalelei right guard to LAR 47 for 3 yards (B.Norton).
2026,PRESEASON WEEK 3,Thursday,August 27th,LAR,LAC,3rd Quarter,3,Los Angeles Chargers,1,5,0,15 Yard Run,1st & 10 at LAR 47,05:22 3rd Shotgun,— G.Desrosiers left end to LAR 32 for 15 yards (B.Norton).
2026,PRESEASON WEEK 3,Thursday,August 27th,LAR,LAC,3rd Quarter,3,Los Angeles Chargers,1,6,0,14 Yard Run,1st & 10 at LAR 32,04:46 3rd,— G.Desrosiers left guard pushed ob at LAR 18 for 14 yards (C.Lampkin).
2026,PRESEASON WEEK 3,Thursday,August 27th,LAR,LAC,3rd Quarter,3,Los Angeles Chargers,1,7,0,0 Yard Run,1st & 10 at LAR 18,04:16 3rd,— G.Desrosiers left tackle to LAR 18 for no gain (L.Murchison).
2026,PRESEASON WEEK 3,Thursday,August 27th,LAR,LAC,3rd Quarter,3,Los Angeles Chargers,1,8,0,2 Yard Run,2nd & 10 at LAR 18,03:37 3rd Shotgun,— G.Desrosiers left end to LAR 16 for 2 yards (C.Lampkin).
2026,PRESEASON WEEK 3,Thursday,August 27th,LAR,LAC,3rd Quarter,3,Los Angeles Chargers,1,9,0,Pass Incomplete,3rd & 8 at LAR 16,02:55 3rd Shotgun,— D.Uiagalelei pass incomplete deep right to J.Jackson.
2026,PRESEASON WEEK 3,Thursday,August 27th,LAR,LAC,3rd Quarter,3,Los Angeles Chargers,1,10,1,Field Goal,4th & 8 at LAR 16,02:50 3rd,"— C.Dicker 34 yard field goal is GOOD, Center-J.Harris, Holder-J.Scott."
2026,PRESEASON WEEK 3,Thursday,August 27th,LAR,LAC,4th Quarter,1,Los Angeles Rams,1,1,0,Kickoff from LAC 35,,Kickoff,"— J.Scott kicks 42 yards from LARC 35 to LAR 23, short of landing zone. PENALTY on LARC-J.Scott, Kickoff Short of Landing Zone, placed at LAR 40."
2026,PRESEASON WEEK 3,Thursday,August 27th,LAR,LAC,4th Quarter,1,Los Angeles Rams,1,2,0,7 Yard Pass,1st & 10 at LAR 40,02:46 3rd,— M.Caldwell pass short right to B.Presley pushed ob at LAR 47 for 7 yards (E.Johnson).
2026,PRESEASON WEEK 3,Thursday,August 27th,LAR,LAC,4th Quarter,1,Los Angeles Rams,1,3,0,25 Yard Run,2nd & 3 at LAR 47,02:22 3rd,— J.Waters left end pushed ob at LARC 28 for 25 yards (D.Grant).
2026,PRESEASON WEEK 3,Thursday,August 27th,LAR,LAC,4th Quarter,1,Los Angeles Rams,1,4,0,5 Yard Penalty,1st & 10 at LAC 28,01:48 3rd Shotgun,"— PENALTY on LARC-J.Guillory, Neutral Zone Infraction, 5 yards, enforced at LARC 28 - No Play."
2026,PRESEASON WEEK 3,Thursday,August 27th,LAR,LAC,4th Quarter,1,Los Angeles Rams,1,5,0,8 Yard Run,1st & 5 at LAC 23,01:32 3rd,— D.Connors right guard to LARC 15 for 8 yards (E.Johnson; T.Webb).
2026,PRESEASON WEEK 3,Thursday,August 27th,LAR,LAC,4th Quarter,1,Los Angeles Rams,1,6,0,-5 Yard Penalty,1st & 10 at LAC 15,00:57 3rd,"— PENALTY on LAR-D.Villari, False Start, 5 yards, enforced at LARC 15 - No Play."
2026,PRESEASON WEEK 3,Thursday,August 27th,LAR,LAC,4th Quarter,1,Los Angeles Rams,1,7,0,6 Yard Run,1st & 15 at LAC 20,00:35 3rd,— D.Connors left tackle to LARC 14 for 6 yards (G.Randolph; N.Avinger).
2026,PRESEASON WEEK 3,Thursday,August 27th,LAR,LAC,4th Quarter,1,Los Angeles Rams,1,8,0,Pass Incomplete,2nd & 9 at LAC 14,15:00 4th Shotgun,— M.Caldwell pass incomplete short left to T.Scott.
2026,PRESEASON WEEK 3,Thursday,August 27th,LAR,LAC,4th Quarter,1,Los Angeles Rams,1,9,0,6 Yard Pass,3rd & 9 at LAC 14,14:55 4th Shotgun,— M.Caldwell pass short right to T.Edwards to LARC 8 for 6 yards (E.Johnson).
2026,PRESEASON WEEK 3,Thursday,August 27th,LAR,LAC,4th Quarter,1,Los Angeles Rams,1,10,1,Touchdown,4th & 3 at LAC 8,14:18 4th Shotgun,"— M.Caldwell pass short middle to D.Connors for 8 yards, TOUCHDOWN. PENALTY on LARC-N.Barrett, Roughing the Passer, 8 yards, enforced between downs."
2026,PRESEASON WEEK 3,Thursday,August 27th,LAR,LAC,4th Quarter,1,Los Angeles Rams,1,11,1,Extra Point,,14:14 4th,"— H.Mevis extra point is GOOD, Center-J.Cardona, Holder-E.Evans."
2026,PRESEASON WEEK 3,Thursday,August 27th,LAR,LAC,4th Quarter,2,Los Angeles Chargers,1,1,0,Kickoff from LAR 35,,Kickoff,"— H.Mevis kicks 65 yards from LAR 35 to end zone, Touchback to the LARC 35."
2026,PRESEASON WEEK 3,Thursday,August 27th,LAR,LAC,4th Quarter,2,Los Angeles Chargers,1,2,0,23 Yard Pass,1st & 10 at LAC 35,14:14 4th,— D.Uiagalelei pass short middle to G.Jennings to LAR 42 for 23 yards (A.Cook).
2026,PRESEASON WEEK 3,Thursday,August 27th,LAR,LAC,4th Quarter,2,Los Angeles Chargers,1,3,0,8 Yard Pass,1st & 10 at LAR 42,13:33 4th,— D.Uiagalelei pass short right to G.Jennings pushed ob at LAR 34 for 8 yards (A.Hamilton).
2026,PRESEASON WEEK 3,Thursday,August 27th,LAR,LAC,4th Quarter,2,Los Angeles Chargers,1,4,1,Touchdown,2nd & 2 at LAR 34,13:00 4th,"— G.Desrosiers right tackle for 34 yards, TOUCHDOWN."
2026,PRESEASON WEEK 3,Thursday,August 27th,LAR,LAC,4th Quarter,2,Los Angeles Chargers,1,5,0,2 Point Conversion,,12:52 4th,— TWO-POINT CONVERSION ATTEMPT. D.Uiagalelei pass to E.Svoboda is complete. ATTEMPT SUCCEEDS.
2026,PRESEASON WEEK 3,Thursday,August 27th,LAR,LAC,4th Quarter,3,Los Angeles Rams,0,1,0,Kickoff from LAC 35,,Kickoff,— J.Scott kicks 62 yards from LARC 35 to LAR 3. T.Scott to LAR 30 for 27 yards (N.Tucker).
2026,PRESEASON WEEK 3,Thursday,August 27th,LAR,LAC,4th Quarter,3,Los Angeles Rams,0,2,0,3 Yard Run,1st & 10 at LAR 30,12:45 4th,— J.Waters right guard to LAR 33 for 3 yards (T.Edwards; N.Avinger).
2026,PRESEASON WEEK 3,Thursday,August 27th,LAR,LAC,4th Quarter,3,Los Angeles Rams,0,3,0,17 Yard Penalty,2nd & 7 at LAR 33,12:12 4th Shotgun,"— M.Caldwell pass deep left intended for T.Scott INTERCEPTED by A.Smith at LARC 49. A.Smith pushed ob at LAR 30 for 21 yards (M.Caldwell). PENALTY on LARC-A.Smith, Defensive Pass Interference, 17 yards, enforced at LAR 33 - No Play."
2026,PRESEASON WEEK 3,Thursday,August 27th,LAR,LAC,4th Quarter,3,Los Angeles Rams,0,4,0,3 Yard Run,1st & 10 at 50,12:05 4th,— M.Caldwell scrambles right end ran ob at LARC 47 for 3 yards (G.Randolph).
2026,PRESEASON WEEK 3,Thursday,August 27th,LAR,LAC,4th Quarter,3,Los Angeles Rams,0,5,0,Pass Incomplete,2nd & 7 at LAC 47,11:39 4th Shotgun,— M.Caldwell pass incomplete short left.
2026,PRESEASON WEEK 3,Thursday,August 27th,LAR,LAC,4th Quarter,3,Los Angeles Rams,0,6,0,Pass Incomplete,3rd & 7 at LAC 47,11:32 4th Shotgun,— M.Caldwell pass incomplete short middle to B.Presley (N.Avinger).
2026,PRESEASON WEEK 3,Thursday,August 27th,LAR,LAC,4th Quarter,3,Los Angeles Rams,0,7,0,Punt,4th & 7 at LAC 47,11:28 4th,"— E.Evans punts 40 yards to LARC 7, Center-J.Cardona, fair catch by D.Ross. PENALTY on LARC-N.Tucker, Offensive Holding, 3 yards, enforced at LARC 7."
2026,PRESEASON WEEK 3,Thursday,August 27th,LAR,LAC,4th Quarter,4,Los Angeles Chargers,0,1,0,33 Yard Run,1st & 10 at LAC 4,11:20 4th,— G.Desrosiers up the middle pushed ob at LARC 37 for 33 yards (N.Fourqurean).
2026,PRESEASON WEEK 3,Thursday,August 27th,LAR,LAC,4th Quarter,4,Los Angeles Chargers,0,2,0,Pass Incomplete,1st & 10 at LAC 37,10:38 4th,— D.Uiagalelei pass incomplete short left to G.Desrosiers.
2026,PRESEASON WEEK 3,Thursday,August 27th,LAR,LAC,4th Quarter,4,Los Angeles Chargers,0,3,0,-5 Yard Penalty,2nd & 10 at LAC 37,10:33 4th Shotgun,"— PENALTY on LARC-J.Kaltenberger, False Start, 5 yards, enforced at LARC 37 - No Play."
2026,PRESEASON WEEK 3,Thursday,August 27th,LAR,LAC,4th Quarter,4,Los Angeles Chargers,0,4,0,Pass Incomplete,2nd & 15 at LAC 32,10:33 4th Shotgun,— D.Uiagalelei pass incomplete short right to A.Johnson.
2026,PRESEASON WEEK 3,Thursday,August 27th,LAR,LAC,4th Quarter,4,Los Angeles Chargers,0,5,0,-5 Yard Penalty,3rd & 15 at LAC 32,10:28 4th Shotgun,"— PENALTY on LARC-L.Vakalahi, False Start, 5 yards, enforced at LARC 32 - No Play."
2026,PRESEASON WEEK 3,Thursday,August 27th,LAR,LAC,4th Quarter,4,Los Angeles Chargers,0,6,0,9 Yard Run,3rd & 20 at LAC 27,10:28 4th Shotgun,— G.Desrosiers right end to LARC 36 for 9 yards (D.Peterson).
2026,PRESEASON WEEK 3,Thursday,August 27th,LAR,LAC,4th Quarter,4,Los Angeles Chargers,0,7,0,Punt,4th & 11 at LAC 36,09:49 4th,"— J.Scott punts 48 yards to LAR 16, Center-P.Bowden. A.Bachman to LAR 16 for no gain (G.Randolph). Penalty on LARC-A.Smith, Player Out of Bounds on Kick, declined. PENALTY on LAR-N.Fourqurean, Offensive Holding, 8 yards, enforced at LAR 16."
2026,PRESEASON WEEK 3,Thursday,August 27th,LAR,LAC,4th Quarter,5,Los Angeles Rams,0,1,0,3 Yard Run,1st & 10 at LAR 8,09:36 4th,— D.Connors up the middle to LAR 11 for 3 yards (D.Grant).
2026,PRESEASON WEEK 3,Thursday,August 27th,LAR,LAC,4th Quarter,5,Los Angeles Rams,0,2,0,6 Yard Pass,2nd & 7 at LAR 11,09:16 4th Shotgun,— M.Caldwell pass short middle to D.Connors to LAR 17 for 6 yards (L.Barton).
2026,PRESEASON WEEK 3,Thursday,August 27th,LAR,LAC,4th Quarter,5,Los Angeles Rams,0,3,0,2 Yard Run,3rd & 1 at LAR 17,08:36 4th,— D.Connors up the middle to LAR 19 for 2 yards (A.Smith).
2026,PRESEASON WEEK 3,Thursday,August 27th,LAR,LAC,4th Quarter,5,Los Angeles Rams,0,4,0,15 Yard Penalty,1st & 10 at LAR 19,07:59 4th,"— J.Waters up the middle to LAR 17 for -2 yards (R.Shelley, J.Carter). PENALTY on LARC-R.Shelley, Unnecessary Roughness, 15 yards, enforced at LAR 19 - No Play."
2026,PRESEASON WEEK 3,Thursday,August 27th,LAR,LAC,4th Quarter,5,Los Angeles Rams,0,5,0,4 Yard Run,1st & 10 at LAR 34,07:42 4th,— J.Waters left end pushed ob at LAR 38 for 4 yards (I.Waxter).
2026,PRESEASON WEEK 3,Thursday,August 27th,LAR,LAC,4th Quarter,5,Los Angeles Rams,0,6,0,5 Yard Run,2nd & 6 at LAR 38,07:09 4th Shotgun,— M.Caldwell scrambles left end pushed ob at LAR 43 for 5 yards (T.Edwards).
2026,PRESEASON WEEK 3,Thursday,August 27th,LAR,LAC,4th Quarter,5,Los Angeles Rams,0,7,0,4 Yard Run,3rd & 1 at LAR 43,06:30 4th,— D.Connors up the middle to LAR 47 for 4 yards (E.Johnson).
2026,PRESEASON WEEK 3,Thursday,August 27th,LAR,LAC,4th Quarter,5,Los Angeles Rams,0,8,0,4 Yard Run,1st & 10 at LAR 47,05:54 4th Shotgun,— D.Connors up the middle to LARC 49 for 4 yards (T.Edwards; G.Randolph).
2026,PRESEASON WEEK 3,Thursday,August 27th,LAR,LAC,4th Quarter,5,Los Angeles Rams,0,9,0,3 Yard Run,2nd & 6 at LAC 49,05:09 4th Shotgun,— D.Connors up the middle to LARC 46 for 3 yards (N.Barrett).
2026,PRESEASON WEEK 3,Thursday,August 27th,LAR,LAC,4th Quarter,5,Los Angeles Rams,0,10,0,3 Yard Run,3rd & 3 at LAC 46,04:29 4th Shotgun,— D.Connors right guard to LARC 43 for 3 yards (A.Smith; D.Grant). The first down was assisted by replay.
2026,PRESEASON WEEK 3,Thursday,August 27th,LAR,LAC,4th Quarter,5,Los Angeles Rams,0,11,0,-5 Yard Penalty,1st & 10 at LAC 43,03:51 4th,"— PENALTY on LAR-R.Jones, False Start, 5 yards, enforced at LARC 43 - No Play."
2026,PRESEASON WEEK 3,Thursday,August 27th,LAR,LAC,4th Quarter,5,Los Angeles Rams,0,12,0,-1 Yard Run,1st & 15 at LAC 48,03:51 4th,— J.Waters right guard to LARC 49 for -1 yards (E.Johnson).
2026,PRESEASON WEEK 3,Thursday,August 27th,LAR,LAC,4th Quarter,5,Los Angeles Rams,0,13,0,Timeout,,03:47 4th,— Timeout #1 by LARC at 03:47.
2026,PRESEASON WEEK 3,Thursday,August 27th,LAR,LAC,4th Quarter,5,Los Angeles Rams,0,14,0,1 Yard Run,2nd & 16 at LAC 49,03:47 4th Shotgun,— D.Connors right guard to LARC 48 for 1 yard (T.Webb; A.Smith).
2026,PRESEASON WEEK 3,Thursday,August 27th,LAR,LAC,4th Quarter,5,Los Angeles Rams,0,15,0,Timeout,,03:42 4th,— Timeout #2 by LARC at 03:42.
2026,PRESEASON WEEK 3,Thursday,August 27th,LAR,LAC,4th Quarter,5,Los Angeles Rams,0,16,0,0 Yard Run,3rd & 15 at LAC 48,03:42 4th,— D.Connors up the middle to LARC 48 for no gain (E.Johnson; A.Smith).
2026,PRESEASON WEEK 3,Thursday,August 27th,LAR,LAC,4th Quarter,5,Los Angeles Rams,0,17,0,Timeout,,03:37 4th,— Timeout #3 by LARC at 03:37.
2026,PRESEASON WEEK 3,Thursday,August 27th,LAR,LAC,4th Quarter,5,Los Angeles Rams,0,18,0,Punt,4th & 15 at LAC 48,03:37 4th,"— E.Evans punts 47 yards to LARC 1, Center-J.Cardona, downed by LAR-T.Ingle."
2026,PRESEASON WEEK 3,Thursday,August 27th,LAR,LAC,4th Quarter,6,Los Angeles Chargers,0,1,0,3 Yard Run,1st & 10 at LAC 1,03:24 4th,— G.Desrosiers up the middle to LARC 4 for 3 yards (J.Moi).
2026,PRESEASON WEEK 3,Thursday,August 27th,LAR,LAC,4th Quarter,6,Los Angeles Chargers,0,2,0,13 Yard Pass,2nd & 7 at LAC 4,02:48 4th Shotgun,— D.Uiagalelei pass short left to G.Jennings to LARC 17 for 13 yards (A.Cook).
2026,PRESEASON WEEK 3,Thursday,August 27th,LAR,LAC,4th Quarter,6,Los Angeles Chargers,0,3,0,24 Yard Pass,1st & 10 at LAC 17,"02:23 4th No Huddle, Shotgun",— D.Uiagalelei pass deep right to L.Clifford to LARC 41 for 24 yards (N.Hill-Green).
2026,PRESEASON WEEK 3,Thursday,August 27th,LAR,LAC,4th Quarter,6,Los Angeles Chargers,0,4,0,8 Yard Run,1st & 10 at LAC 41,02:00 4th Shotgun,— G.Desrosiers right tackle to LARC 49 for 8 yards (L.Murchison).
2026,PRESEASON WEEK 3,Thursday,August 27th,LAR,LAC,4th Quarter,6,Los Angeles Chargers,0,5,0,6 Yard Pass,2nd & 2 at LAC 49,"01:39 4th No Huddle, Shotgun",— D.Uiagalelei pass short middle to J.Bradley to LAR 45 for 6 yards (T.Ingle).
2026,PRESEASON WEEK 3,Thursday,August 27th,LAR,LAC,4th Quarter,6,Los Angeles Chargers,0,6,0,5 Yard Penalty,1st & 10 at LAR 45,01:17 4th,"— D.Uiagalelei sacked at LARC 49 for -6 yards (D.Peterson). PENALTY on LAR-T.Fox, Defensive Offside, 5 yards, enforced at LAR 45 - No Play."
2026,PRESEASON WEEK 3,Thursday,August 27th,LAR,LAC,4th Quarter,6,Los Angeles Chargers,0,7,0,-6 Yard Sack,1st & 5 at LAR 40,01:14 4th Shotgun,— D.Uiagalelei sacked at LAR 46 for -6 yards (L.Murchison).
2026,PRESEASON WEEK 3,Thursday,August 27th,LAR,LAC,4th Quarter,6,Los Angeles Chargers,0,8,0,Fumble,2nd & 11 at LAR 46,"00:49 4th No Huddle, Shotgun","— D.Uiagalelei sacked at LARC 46 for -8 yards (D.Peterson). FUMBLES (D.Peterson) [D.Peterson], RECOVERED by LAR-P.Zdroik at LARC 47."
2026,PRESEASON WEEK 3,Thursday,August 27th,LAR,LAC,4th Quarter,7,Los Angeles Rams,0,1,0,-1 Yard Run,1st & 10 at LAC 47,00:42 4th,— T.Simpson kneels to LARC 48 for -1 yards.
2026,PRESEASON WEEK 3,Friday,August 28th,WAS,BAL,1st Quarter,1,Baltimore Ravens,1,1,0,Kickoff from WAS 35,,Kickoff,— D.Stevens kicks 64 yards from WAS 35 to BAL 1. J.Ward to BAL 31 for 30 yards (L.McCaffrey).
2026,PRESEASON WEEK 3,Friday,August 28th,WAS,BAL,1st Quarter,1,Baltimore Ravens,1,2,0,7 Yard Pass,1st & 10 at BAL 31,14:53 1st,— T.Huntley pass short right to J.Cuevas pushed ob at BAL 38 for 7 yards (T.Owens).
2026,PRESEASON WEEK 3,Friday,August 28th,WAS,BAL,1st Quarter,1,Baltimore Ravens,1,3,0,-5 Yard Penalty,2nd & 3 at BAL 38,14:22 1st,"— PENALTY on BAL-M.Hibner, False Start, 5 yards, enforced at BAL 38 - No Play."
2026,PRESEASON WEEK 3,Friday,August 28th,WAS,BAL,1st Quarter,1,Baltimore Ravens,1,4,0,-2 Yard Run,2nd & 8 at BAL 33,14:09 1st,— R.Ali left end to BAL 31 for -2 yards (B.Cowart).
2026,PRESEASON WEEK 3,Friday,August 28th,WAS,BAL,1st Quarter,1,Baltimore Ravens,1,5,0,10 Yard Pass,3rd & 10 at BAL 31,13:29 1st Shotgun,— T.Huntley pass short left to C.Moore to BAL 41 for 10 yards (D.Rush).
2026,PRESEASON WEEK 3,Friday,August 28th,WAS,BAL,1st Quarter,1,Baltimore Ravens,1,6,0,14 Yard Run,1st & 10 at BAL 41,12:53 1st,— T.Huntley scrambles right end to WAS 45 for 14 yards (P.Butler).
2026,PRESEASON WEEK 3,Friday,August 28th,WAS,BAL,1st Quarter,1,Baltimore Ravens,1,7,0,3 Yard Run,1st & 10 at WAS 45,12:13 1st,— R.Ali left tackle to WAS 42 for 3 yards (B.Cowart; A.Hamilton).
2026,PRESEASON WEEK 3,Friday,August 28th,WAS,BAL,1st Quarter,1,Baltimore Ravens,1,8,0,19 Yard Pass,2nd & 7 at WAS 42,11:32 1st,— T.Huntley pass deep right to C.Moore to WAS 23 for 19 yards (C.Vigers).
2026,PRESEASON WEEK 3,Friday,August 28th,WAS,BAL,1st Quarter,1,Baltimore Ravens,1,9,0,-2 Yard Run,1st & 10 at WAS 23,10:58 1st,"— T.Huntley FUMBLES (Aborted) at WAS 24, and recovers at WAS 25."
2026,PRESEASON WEEK 3,Friday,August 28th,WAS,BAL,1st Quarter,1,Baltimore Ravens,1,10,1,Touchdown,2nd & 12 at WAS 25,10:21 1st Shotgun,"— T.Huntley pass incomplete deep right to C.Moore. Baltimore challenged the incomplete pass ruling, and the play was REVERSED. (Shotgun) T.Huntley pass deep right to C.Moore for 25 yards, TOUCHDOWN."
2026,PRESEASON WEEK 3,Friday,August 28th,WAS,BAL,1st Quarter,1,Baltimore Ravens,1,11,1,Extra Point,,10:16 1st,"— T.Loop extra point is GOOD, Center-N.Moore, Holder-R.Eckley."
2026,PRESEASON WEEK 3,Friday,August 28th,WAS,BAL,1st Quarter,2,Washington Commanders,0,1,0,Kickoff from BAL 35,,Kickoff,— T.Loop kicks 58 yards from BAL 35 to WAS 7. C.Reynolds to WAS 28 for 21 yards (A.Isaac).
2026,PRESEASON WEEK 3,Friday,August 28th,WAS,BAL,1st Quarter,2,Washington Commanders,0,2,0,Fumble,1st & 10 at WAS 28,10:11 1st,"— K.Allen left tackle to WAS 30 for 2 yards (E.Burke; B.Okoye). FUMBLES (E.Burke), RECOVERED by BAL-B.Okoye at WAS 30. The fumble was assisted by replay."
2026,PRESEASON WEEK 3,Friday,August 28th,WAS,BAL,1st Quarter,3,Baltimore Ravens,1,1,0,7 Yard Pass,1st & 10 at WAS 30,10:02 1st,— J.Fagnano pass short right to M.Hibner pushed ob at WAS 23 for 7 yards (A.Kaho).
2026,PRESEASON WEEK 3,Friday,August 28th,WAS,BAL,1st Quarter,3,Baltimore Ravens,1,2,0,2 Yard Run,2nd & 3 at WAS 23,09:39 1st,— R.Ali right guard to WAS 21 for 2 yards (K.Medrano; J.Josephs).
2026,PRESEASON WEEK 3,Friday,August 28th,WAS,BAL,1st Quarter,3,Baltimore Ravens,1,3,0,4 Yard Run,3rd & 1 at WAS 21,08:55 1st,— R.Ali left end to WAS 17 for 4 yards (A.Kaho; R.Barber).
2026,PRESEASON WEEK 3,Friday,August 28th,WAS,BAL,1st Quarter,3,Baltimore Ravens,1,4,0,3 Yard Run,1st & 10 at WAS 17,08:12 1st,— R.Ali left guard to WAS 14 for 3 yards (K.Medrano; S.Tuttle).
2026,PRESEASON WEEK 3,Friday,August 28th,WAS,BAL,1st Quarter,3,Baltimore Ravens,1,5,0,11 Yard Pass,2nd & 7 at WAS 14,07:30 1st Shotgun,— J.Fagnano pass short left to L.Wester to WAS 3 for 11 yards (K.Medrano; T.Owens).
2026,PRESEASON WEEK 3,Friday,August 28th,WAS,BAL,1st Quarter,3,Baltimore Ravens,1,6,0,2 Yard Run,1st & 3 at WAS 3,06:42 1st Shotgun,— A.Randall right tackle to WAS 1 for 2 yards (R.Barber; T.Owens).
2026,PRESEASON WEEK 3,Friday,August 28th,WAS,BAL,1st Quarter,3,Baltimore Ravens,1,7,1,Touchdown,2nd & 1 at WAS 1,05:59 1st,"— J.Fagnano left guard for 1 yard, TOUCHDOWN."
2026,PRESEASON WEEK 3,Friday,August 28th,WAS,BAL,1st Quarter,3,Baltimore Ravens,1,8,1,Extra Point,,05:56 1st,"— T.Loop extra point is GOOD, Center-N.Moore, Holder-R.Eckley."
2026,PRESEASON WEEK 3,Friday,August 28th,WAS,BAL,1st Quarter,4,Washington Commanders,0,1,0,Kickoff from BAL 35,,Kickoff,"— T.Loop kicks 64 yards from BAL 35 to WAS 1. K.Allen MUFFS catch, and recovers at WAS 7. K.Allen to WAS 27 for 20 yards (R.Longerbeam). PENALTY on WAS-C.Reynolds, Illegal Double-Team Block, 8 yards, enforced at WAS 16."
2026,PRESEASON WEEK 3,Friday,August 28th,WAS,BAL,1st Quarter,4,Washington Commanders,0,2,0,2 Yard Run,1st & 10 at WAS 8,05:49 1st,— K.Allen left tackle to WAS 10 for 2 yards (J.Higgins).
2026,PRESEASON WEEK 3,Friday,August 28th,WAS,BAL,1st Quarter,4,Washington Commanders,0,3,0,Pass Incomplete,2nd & 8 at WAS 10,05:17 1st,— A.Kaliakmanis pass incomplete short right to V.Jefferson.
2026,PRESEASON WEEK 3,Friday,August 28th,WAS,BAL,1st Quarter,4,Washington Commanders,0,4,0,Pass Incomplete,3rd & 8 at WAS 10,05:12 1st Shotgun,— A.Kaliakmanis pass incomplete short middle to L.McCaffrey (K.Martin) [A.Peebles].
2026,PRESEASON WEEK 3,Friday,August 28th,WAS,BAL,1st Quarter,4,Washington Commanders,0,5,0,Punt,4th & 8 at WAS 10,05:08 1st,"— T.Way punts 50 yards to BAL 40, Center-T.Ott. L.Wester to WAS 41 for 19 yards (A.Kaho)."
2026,PRESEASON WEEK 3,Friday,August 28th,WAS,BAL,1st Quarter,5,Baltimore Ravens,0,1,0,2 Yard Run,1st & 10 at WAS 41,04:57 1st,— R.Ali right tackle to WAS 39 for 2 yards (S.Tuttle).
2026,PRESEASON WEEK 3,Friday,August 28th,WAS,BAL,1st Quarter,5,Baltimore Ravens,0,2,0,-5 Yard Penalty,2nd & 8 at WAS 39,04:21 1st,"— PENALTY on BAL-C.Vinson, False Start, 5 yards, enforced at WAS 39 - No Play."
2026,PRESEASON WEEK 3,Friday,August 28th,WAS,BAL,1st Quarter,5,Baltimore Ravens,0,3,0,4 Yard Pass,2nd & 13 at WAS 44,04:11 1st,— J.Fagnano pass short right to R.Ali to WAS 40 for 4 yards (T.Owens).
2026,PRESEASON WEEK 3,Friday,August 28th,WAS,BAL,1st Quarter,5,Baltimore Ravens,0,4,0,Pass Incomplete,3rd & 9 at WAS 40,03:25 1st Shotgun,— J.Fagnano pass incomplete short left to E.Sarratt.
2026,PRESEASON WEEK 3,Friday,August 28th,WAS,BAL,1st Quarter,5,Baltimore Ravens,0,5,0,Field Goal No Good,4th & 9 at WAS 40,03:20 1st,"— T.Loop 58 yard field goal is No Good, Wide Left, Center-N.Moore, Holder-R.Eckley."
2026,PRESEASON WEEK 3,Friday,August 28th,WAS,BAL,1st Quarter,6,Washington Commanders,0,1,0,-5 Yard Penalty,1st & 10 at WAS 48,03:15 1st,"— PENALTY on WAS-J.Bradley, False Start, 5 yards, enforced at WAS 48 - No Play."
2026,PRESEASON WEEK 3,Friday,August 28th,WAS,BAL,1st Quarter,6,Washington Commanders,0,2,0,-10 Yard Penalty,1st & 15 at WAS 43,03:15 1st,"— K.Allen left end to BAL 49 for 8 yards (K.Martin). PENALTY on WAS-T.Scott, Offensive Holding, 10 yards, enforced at WAS 43 - No Play."
2026,PRESEASON WEEK 3,Friday,August 28th,WAS,BAL,1st Quarter,6,Washington Commanders,0,3,0,6 Yard Pass,1st & 25 at WAS 33,02:52 1st Shotgun,— A.Kaliakmanis pass short right to C.Yankoff to WAS 39 for 6 yards (K.Martin).
2026,PRESEASON WEEK 3,Friday,August 28th,WAS,BAL,1st Quarter,6,Washington Commanders,0,4,0,17 Yard Pass,2nd & 19 at WAS 39,02:15 1st Shotgun,— A.Kaliakmanis pass deep middle to V.Jefferson to BAL 44 for 17 yards (K.Wallace).
2026,PRESEASON WEEK 3,Friday,August 28th,WAS,BAL,1st Quarter,6,Washington Commanders,0,5,0,0 Yard Run,3rd & 2 at BAL 44,01:32 1st,— K.Allen left tackle to BAL 44 for no gain (R.Benny).
2026,PRESEASON WEEK 3,Friday,August 28th,WAS,BAL,1st Quarter,6,Washington Commanders,0,6,0,Field Goal No Good,4th & 2 at BAL 44,00:44 1st,"— D.Stevens 62 yard field goal is No Good, Short, Center-T.Ott, Holder-T.Way."
2026,PRESEASON WEEK 3,Friday,August 28th,WAS,BAL,2nd Quarter,1,Baltimore Ravens,1,1,0,Pass Incomplete,1st & 10 at WAS 48,00:38 1st,— J.Fagnano pass incomplete short left to A.Randall.
2026,PRESEASON WEEK 3,Friday,August 28th,WAS,BAL,2nd Quarter,1,Baltimore Ravens,1,2,0,4 Yard Run,2nd & 10 at WAS 48,00:32 1st,— A.Randall right guard to WAS 44 for 4 yards (M.Hurst).
2026,PRESEASON WEEK 3,Friday,August 28th,WAS,BAL,2nd Quarter,1,Baltimore Ravens,1,3,0,3 Yard Run,3rd & 6 at WAS 44,15:00 2nd Shotgun,— A.Randall right guard to WAS 41 for 3 yards (R.Barber).
2026,PRESEASON WEEK 3,Friday,August 28th,WAS,BAL,2nd Quarter,1,Baltimore Ravens,1,4,0,7 Yard Pass,4th & 3 at WAS 41,14:19 2nd Shotgun,— J.Fagnano pass short middle to L.Scott to WAS 34 for 7 yards (T.Maguranyanga).
2026,PRESEASON WEEK 3,Friday,August 28th,WAS,BAL,2nd Quarter,1,Baltimore Ravens,1,5,0,2 Yard Run,1st & 10 at WAS 34,13:37 2nd,— R.Ali left tackle to WAS 32 for 2 yards (M.Hurst; T.Owens).
2026,PRESEASON WEEK 3,Friday,August 28th,WAS,BAL,2nd Quarter,1,Baltimore Ravens,1,6,0,-2 Yard Pass,2nd & 8 at WAS 32,12:59 2nd,"— J.Fagnano pass short left to R.Ali pushed ob at WAS 12 for 20 yards (D.Rush). PENALTY on BAL-E.Pocic, Offensive Holding, 10 yards, enforced at WAS 24."
2026,PRESEASON WEEK 3,Friday,August 28th,WAS,BAL,2nd Quarter,1,Baltimore Ravens,1,7,0,-15 Yard Penalty,2nd & 10 at WAS 34,12:36 2nd,"— J.Fagnano pass short left to A.Randall pushed ob at WAS 30 for 4 yards (T.Owens). PENALTY on BAL-C.Bullock, Unnecessary Roughness, 15 yards, enforced at WAS 34 - No Play."
2026,PRESEASON WEEK 3,Friday,August 28th,WAS,BAL,2nd Quarter,1,Baltimore Ravens,1,8,0,5 Yard Pass,2nd & 25 at WAS 49,12:12 2nd,— J.Fagnano pass short right to A.Randall to WAS 44 for 5 yards (F.Davis).
2026,PRESEASON WEEK 3,Friday,August 28th,WAS,BAL,2nd Quarter,1,Baltimore Ravens,1,9,0,11 Yard Pass,3rd & 20 at WAS 44,11:26 2nd Shotgun,— J.Fagnano pass short middle to D.Walker to WAS 33 for 11 yards (K.Medrano) [D.Johnson].
2026,PRESEASON WEEK 3,Friday,August 28th,WAS,BAL,2nd Quarter,1,Baltimore Ravens,1,10,1,Field Goal,4th & 9 at WAS 33,10:40 2nd,"— T.Loop 51 yard field goal is GOOD, Center-N.Moore, Holder-R.Eckley."
2026,PRESEASON WEEK 3,Friday,August 28th,WAS,BAL,2nd Quarter,2,Washington Commanders,0,1,0,Kickoff from BAL 35,,Kickoff,— T.Loop kicks 62 yards from BAL 35 to WAS 3. C.Reynolds to WAS 30 for 27 yards (L.Scott).
2026,PRESEASON WEEK 3,Friday,August 28th,WAS,BAL,2nd Quarter,2,Washington Commanders,0,2,0,17 Yard Pass,1st & 10 at WAS 30,10:30 2nd,— A.Kaliakmanis pass deep right to L.McCaffrey to WAS 47 for 17 yards (K.Jackson) [B.Okoye].
2026,PRESEASON WEEK 3,Friday,August 28th,WAS,BAL,2nd Quarter,2,Washington Commanders,0,3,0,2 Yard Run,1st & 10 at WAS 47,09:45 2nd,— R.Henry right end to WAS 49 for 2 yards (A.Isaac; C.Rivers).
2026,PRESEASON WEEK 3,Friday,August 28th,WAS,BAL,2nd Quarter,2,Washington Commanders,0,4,0,1 Yard Pass,2nd & 8 at WAS 49,09:09 2nd Shotgun,— A.Kaliakmanis pass short right to R.Henry pushed ob at 50 for 1 yard (D.DeLuca).
2026,PRESEASON WEEK 3,Friday,August 28th,WAS,BAL,2nd Quarter,2,Washington Commanders,0,5,0,Pass Incomplete,3rd & 7 at 50,08:34 2nd Shotgun,— A.Kaliakmanis pass incomplete deep left to N.Nash.
2026,PRESEASON WEEK 3,Friday,August 28th,WAS,BAL,2nd Quarter,2,Washington Commanders,0,6,0,Punt,4th & 7 at 50,08:28 2nd,"— T.Way punts 41 yards to BAL 9, Center-T.Ott, fair catch by E.Sarratt."
2026,PRESEASON WEEK 3,Friday,August 28th,WAS,BAL,2nd Quarter,3,Baltimore Ravens,1,1,0,11 Yard Run,1st & 10 at BAL 9,08:28 2nd Shotgun,— A.Randall left guard to BAL 20 for 11 yards (Q.Johnson; Q.Knight).
2026,PRESEASON WEEK 3,Friday,August 28th,WAS,BAL,2nd Quarter,3,Baltimore Ravens,1,2,0,39 Yard Pass,1st & 10 at BAL 20,07:47 2nd,"— J.Fagnano pass short right to A.Randall pushed ob at BAL 44 for 24 yards (Q.Johnson). PENALTY on WAS-K.Medrano, Low Block, 15 yards, enforced at BAL 44."
2026,PRESEASON WEEK 3,Friday,August 28th,WAS,BAL,2nd Quarter,3,Baltimore Ravens,1,3,0,5 Yard Run,1st & 10 at WAS 41,07:14 2nd,— A.Randall left tackle to WAS 36 for 5 yards (B.Cowart).
2026,PRESEASON WEEK 3,Friday,August 28th,WAS,BAL,2nd Quarter,3,Baltimore Ravens,1,4,0,4 Yard Pass,2nd & 5 at WAS 36,06:38 2nd,— J.Fagnano pass short middle to M.Hibner to WAS 32 for 4 yards (K.Barnes).
2026,PRESEASON WEEK 3,Friday,August 28th,WAS,BAL,2nd Quarter,3,Baltimore Ravens,1,5,0,8 Yard Pass,3rd & 1 at WAS 32,05:54 2nd Shotgun,— J.Fagnano pass short right to J.Cuevas pushed ob at WAS 24 for 8 yards (D.Rush).
2026,PRESEASON WEEK 3,Friday,August 28th,WAS,BAL,2nd Quarter,3,Baltimore Ravens,1,6,0,12 Yard Run,1st & 10 at WAS 24,05:20 2nd,— R.Ali right end ran ob at WAS 12 for 12 yards (D.Rush).
2026,PRESEASON WEEK 3,Friday,August 28th,WAS,BAL,2nd Quarter,3,Baltimore Ravens,1,7,0,2 Yard Run,1st & 10 at WAS 12,04:42 2nd,— R.Ali left tackle to WAS 10 for 2 yards (C.Jacobs).
2026,PRESEASON WEEK 3,Friday,August 28th,WAS,BAL,2nd Quarter,3,Baltimore Ravens,1,8,0,Pass Incomplete,2nd & 8 at WAS 10,03:57 2nd,— J.Fagnano pass incomplete short right to M.Hibner (Q.Knight).
2026,PRESEASON WEEK 3,Friday,August 28th,WAS,BAL,2nd Quarter,3,Baltimore Ravens,1,9,0,Timeout,,03:52 2nd,— Timeout #1 by BAL at 03:52.
2026,PRESEASON WEEK 3,Friday,August 28th,WAS,BAL,2nd Quarter,3,Baltimore Ravens,1,10,1,Touchdown,3rd & 8 at WAS 10,03:52 2nd Shotgun,"— J.Fagnano pass short middle to L.Wester for 10 yards, TOUCHDOWN."
2026,PRESEASON WEEK 3,Friday,August 28th,WAS,BAL,2nd Quarter,3,Baltimore Ravens,1,11,1,Extra Point,,03:46 2nd,"— T.Loop extra point is GOOD, Center-N.Moore, Holder-R.Eckley."
2026,PRESEASON WEEK 3,Friday,August 28th,WAS,BAL,2nd Quarter,4,Washington Commanders,0,1,0,Kickoff from BAL 35,,Kickoff,"— T.Loop kicks 64 yards from BAL 35 to WAS 1. J.Bradley to WAS 26 for 25 yards (L.Webb). FUMBLES (L.Webb), recovered by WAS-C.Reynolds at WAS 30."
2026,PRESEASON WEEK 3,Friday,August 28th,WAS,BAL,2nd Quarter,4,Washington Commanders,0,2,0,1 Yard Pass,1st & 10 at WAS 30,03:40 2nd Shotgun,— A.Kaliakmanis pass short left to J.Jones to WAS 31 for 1 yard (S.Walters).
2026,PRESEASON WEEK 3,Friday,August 28th,WAS,BAL,2nd Quarter,4,Washington Commanders,0,3,0,Pass Incomplete,2nd & 9 at WAS 31,03:02 2nd,— A.Kaliakmanis pass incomplete short left to R.Henry [D.Wilson].
2026,PRESEASON WEEK 3,Friday,August 28th,WAS,BAL,2nd Quarter,4,Washington Commanders,0,4,0,3 Yard Pass,3rd & 9 at WAS 31,02:57 2nd Shotgun,— A.Kaliakmanis pass short right to L.Cager to WAS 34 for 3 yards (C.Rivers).
2026,PRESEASON WEEK 3,Friday,August 28th,WAS,BAL,2nd Quarter,4,Washington Commanders,0,5,0,Punt,4th & 6 at WAS 34,02:21 2nd,"— T.Way punts 40 yards to BAL 26, Center-T.Ott, downed by WAS-T.Ott."
2026,PRESEASON WEEK 3,Friday,August 28th,WAS,BAL,2nd Quarter,5,Baltimore Ravens,0,1,0,4 Yard Pass,1st & 10 at BAL 26,02:09 2nd Shotgun,— J.Fagnano pass short left to D.Walker to BAL 30 for 4 yards (Q.Johnson; K.Medrano).
2026,PRESEASON WEEK 3,Friday,August 28th,WAS,BAL,2nd Quarter,5,Baltimore Ravens,0,2,0,6 Yard Pass,2nd & 6 at BAL 30,02:00 2nd Shotgun,— J.Fagnano pass short right to R.Ali to BAL 36 for 6 yards (A.Hamilton; K.Barnes).
2026,PRESEASON WEEK 3,Friday,August 28th,WAS,BAL,2nd Quarter,5,Baltimore Ravens,0,3,0,Pass Incomplete,1st & 10 at BAL 36,"01:39 2nd No Huddle, Shotgun",— J.Fagnano pass incomplete short right to R.Ali.
2026,PRESEASON WEEK 3,Friday,August 28th,WAS,BAL,2nd Quarter,5,Baltimore Ravens,0,4,0,6 Yard Pass,2nd & 10 at BAL 36,01:35 2nd Shotgun,— J.Fagnano pass short left to T.Pezza pushed ob at BAL 42 for 6 yards (C.Vigers).
2026,PRESEASON WEEK 3,Friday,August 28th,WAS,BAL,2nd Quarter,5,Baltimore Ravens,0,5,0,Pass Incomplete,3rd & 4 at BAL 42,01:29 2nd Shotgun,— J.Fagnano pass incomplete short right to D.Walker.
2026,PRESEASON WEEK 3,Friday,August 28th,WAS,BAL,2nd Quarter,5,Baltimore Ravens,0,6,0,Punt,4th & 4 at BAL 42,01:26 2nd,"— R.Eckley punts 44 yards to WAS 14, Center-N.Moore, downed by BAL-A.Isaac."
2026,PRESEASON WEEK 3,Friday,August 28th,WAS,BAL,2nd Quarter,6,Washington Commanders,0,1,0,0 Yard Pass,1st & 10 at WAS 14,01:16 2nd Shotgun,— A.Kaliakmanis pass short right to L.Cager to WAS 14 for no gain (R.Longerbeam).
2026,PRESEASON WEEK 3,Friday,August 28th,WAS,BAL,2nd Quarter,6,Washington Commanders,0,2,0,Timeout,,01:08 2nd,— Timeout #2 by BAL at 01:08.
2026,PRESEASON WEEK 3,Friday,August 28th,WAS,BAL,2nd Quarter,6,Washington Commanders,0,3,0,Pass Incomplete,2nd & 10 at WAS 14,01:08 2nd Shotgun,— A.Kaliakmanis pass incomplete short middle to L.McCaffrey.
2026,PRESEASON WEEK 3,Friday,August 28th,WAS,BAL,2nd Quarter,6,Washington Commanders,0,4,0,Pass Incomplete,3rd & 10 at WAS 14,01:03 2nd Shotgun,— A.Kaliakmanis pass incomplete deep left to J.Bradley.
2026,PRESEASON WEEK 3,Friday,August 28th,WAS,BAL,2nd Quarter,6,Washington Commanders,0,5,0,Punt,4th & 10 at WAS 14,00:59 2nd,"— T.Way punts 49 yards to BAL 37, Center-T.Ott, fair catch by E.Sarratt."
2026,PRESEASON WEEK 3,Friday,August 28th,WAS,BAL,2nd Quarter,7,Baltimore Ravens,0,1,0,Pass Incomplete,1st & 10 at BAL 37,00:53 2nd Shotgun,— J.Fagnano pass incomplete deep right to D.Walker.
2026,PRESEASON WEEK 3,Friday,August 28th,WAS,BAL,2nd Quarter,7,Baltimore Ravens,0,2,0,16 Yard Pass,2nd & 10 at BAL 37,00:47 2nd Shotgun,— J.Fagnano pass short middle to A.Randall to WAS 47 for 16 yards (K.Barnes).
2026,PRESEASON WEEK 3,Friday,August 28th,WAS,BAL,2nd Quarter,7,Baltimore Ravens,0,3,0,7 Yard Pass,1st & 10 at WAS 47,"00:23 2nd No Huddle, Shotgun",— J.Fagnano pass short left to T.Pezza ran ob at WAS 40 for 7 yards (C.Vigers).
2026,PRESEASON WEEK 3,Friday,August 28th,WAS,BAL,2nd Quarter,7,Baltimore Ravens,0,4,0,7 Yard Pass,2nd & 3 at WAS 40,00:18 2nd Shotgun,— J.Fagnano pass short middle to D.Walker to WAS 33 for 7 yards (C.Jacobs; K.Barnes).
2026,PRESEASON WEEK 3,Friday,August 28th,WAS,BAL,2nd Quarter,7,Baltimore Ravens,0,5,0,Timeout,,00:12 2nd,— Timeout #3 by BAL at 00:12.
2026,PRESEASON WEEK 3,Friday,August 28th,WAS,BAL,2nd Quarter,7,Baltimore Ravens,0,6,0,Pass Incomplete,1st & 10 at WAS 33,00:12 2nd Shotgun,— J.Fagnano pass incomplete deep left to X.Guillory.
2026,PRESEASON WEEK 3,Friday,August 28th,WAS,BAL,2nd Quarter,7,Baltimore Ravens,0,7,0,Field Goal No Good,2nd & 10 at WAS 33,00:07 2nd,"— T.Loop 51 yard field goal is No Good, Wide Left, Center-N.Moore, Holder-R.Eckley."
2026,PRESEASON WEEK 3,Friday,August 28th,WAS,BAL,2nd Quarter,8,Washington Commanders,0,1,0,9 Yard Run,1st & 10 at WAS 41,00:02 2nd,— R.Henry left tackle to 50 for 9 yards (M.Robinson).
2026,PRESEASON WEEK 3,Friday,August 28th,WAS,BAL,3rd Quarter,1,Washington Commanders,0,1,0,Kickoff from BAL 35,,Kickoff,— T.Loop kicks 62 yards from BAL 35 to WAS 3. J.Bradley to WAS 34 for 31 yards (L.Webb).
2026,PRESEASON WEEK 3,Friday,August 28th,WAS,BAL,3rd Quarter,1,Washington Commanders,0,2,0,10 Yard Run,1st & 10 at WAS 34,14:53 3rd Shotgun,"— R.Henry right tackle to WAS 39 for 5 yards (A.Graves). PENALTY on BAL-D.Olajiga, Defensive Holding, 5 yards, enforced at WAS 39."
2026,PRESEASON WEEK 3,Friday,August 28th,WAS,BAL,3rd Quarter,1,Washington Commanders,0,3,0,0 Yard Run,1st & 10 at WAS 44,14:30 3rd Shotgun,— R.Henry left guard to WAS 44 for no gain (K.Rucker; D.Olajiga).
2026,PRESEASON WEEK 3,Friday,August 28th,WAS,BAL,3rd Quarter,1,Washington Commanders,0,4,0,Sack,2nd & 10 at WAS 44,13:53 3rd Shotgun,"— S.Hartman sacked at WAS 44 for 0 yards (D.Olajiga). Penalty on WAS-D.Humphries, Offensive Holding, declined."
2026,PRESEASON WEEK 3,Friday,August 28th,WAS,BAL,3rd Quarter,1,Washington Commanders,0,5,0,7 Yard Pass,3rd & 10 at WAS 44,13:26 3rd Shotgun,— S.Hartman pass short left to L.Cager to BAL 49 for 7 yards.
2026,PRESEASON WEEK 3,Friday,August 28th,WAS,BAL,3rd Quarter,1,Washington Commanders,0,6,0,Pass Incomplete,4th & 3 at BAL 49,12:54 3rd Shotgun,— S.Hartman pass incomplete short middle to J.Jones (L.Webb).
2026,PRESEASON WEEK 3,Friday,August 28th,WAS,BAL,3rd Quarter,2,Baltimore Ravens,1,1,0,-5 Yard Penalty,1st & 10 at BAL 49,12:51 3rd,"— PENALTY on BAL-D.Pounds, False Start, 5 yards, enforced at BAL 49 - No Play."
2026,PRESEASON WEEK 3,Friday,August 28th,WAS,BAL,3rd Quarter,2,Baltimore Ravens,1,2,0,Pass Incomplete,1st & 15 at BAL 44,12:51 3rd,— J.Fagnano pass incomplete deep middle to X.Guillory.
2026,PRESEASON WEEK 3,Friday,August 28th,WAS,BAL,3rd Quarter,2,Baltimore Ravens,1,3,0,22 Yard Pass,2nd & 15 at BAL 44,12:44 3rd,"— J.Fagnano pass short left to T.Pezza to WAS 49 for 7 yards (A.Kaho) [T.Maguranyanga]. PENALTY on WAS-F.Davis, Unnecessary Roughness, 15 yards, enforced at WAS 49."
2026,PRESEASON WEEK 3,Friday,August 28th,WAS,BAL,3rd Quarter,2,Baltimore Ravens,1,4,0,9 Yard Run,1st & 10 at WAS 34,12:23 3rd,— J.Ward left tackle to WAS 25 for 9 yards (Q.Knight). The ball spot was assisted by replay.
2026,PRESEASON WEEK 3,Friday,August 28th,WAS,BAL,3rd Quarter,2,Baltimore Ravens,1,5,0,10 Yard Run,2nd & 1 at WAS 25,11:47 3rd,— J.Ward left tackle to WAS 15 for 10 yards (Q.Knight).
2026,PRESEASON WEEK 3,Friday,August 28th,WAS,BAL,3rd Quarter,2,Baltimore Ravens,1,6,0,3 Yard Run,1st & 10 at WAS 15,11:10 3rd,— J.Ward left tackle to WAS 12 for 3 yards (C.Basham).
2026,PRESEASON WEEK 3,Friday,August 28th,WAS,BAL,3rd Quarter,2,Baltimore Ravens,1,7,0,10 Yard Pass,2nd & 7 at WAS 12,10:28 3rd,— J.Fagnano pass short right to T.Pezza to WAS 2 for 10 yards (A.Kaho).
2026,PRESEASON WEEK 3,Friday,August 28th,WAS,BAL,3rd Quarter,2,Baltimore Ravens,1,8,1,Touchdown,1st & 2 at WAS 2,09:44 3rd,"— J.Ward right tackle for 2 yards, TOUCHDOWN."
2026,PRESEASON WEEK 3,Friday,August 28th,WAS,BAL,3rd Quarter,2,Baltimore Ravens,1,9,1,Extra Point,,09:41 3rd,"— T.Loop extra point is GOOD, Center-N.Moore, Holder-R.Eckley."
2026,PRESEASON WEEK 3,Friday,August 28th,WAS,BAL,3rd Quarter,3,Washington Commanders,0,1,0,Kickoff from BAL 35,,Kickoff,— T.Loop kicks 62 yards from BAL 35 to WAS 3. J.Bradley to WAS 24 for 21 yards (C.Johnson).
2026,PRESEASON WEEK 3,Friday,August 28th,WAS,BAL,3rd Quarter,3,Washington Commanders,0,2,0,4 Yard Run,1st & 10 at WAS 24,09:37 3rd,— C.Reynolds left tackle to WAS 28 for 4 yards (K.Rucker).
2026,PRESEASON WEEK 3,Friday,August 28th,WAS,BAL,3rd Quarter,3,Washington Commanders,0,3,0,-8 Yard Run,2nd & 6 at WAS 28,09:00 3rd,"— C.Reynolds right tackle to WAS 37 for 9 yards (S.Walters). PENALTY on WAS-T.McKitty, Offensive Holding, 10 yards, enforced at WAS 30."
2026,PRESEASON WEEK 3,Friday,August 28th,WAS,BAL,3rd Quarter,3,Washington Commanders,0,4,0,6 Yard Pass,2nd & 14 at WAS 20,08:40 3rd Shotgun,— S.Hartman pass short right to J.Bradley to WAS 26 for 6 yards (M.Barrett).
2026,PRESEASON WEEK 3,Friday,August 28th,WAS,BAL,3rd Quarter,3,Washington Commanders,0,5,0,Pass Incomplete,3rd & 8 at WAS 26,08:07 3rd Shotgun,— S.Hartman pass incomplete deep right to J.Bradley.
2026,PRESEASON WEEK 3,Friday,August 28th,WAS,BAL,3rd Quarter,3,Washington Commanders,0,6,0,Punt,4th & 8 at WAS 26,08:01 3rd,"— T.Way punts 57 yards to BAL 17, Center-T.Ott, downed by WAS-D.Rush. PENALTY on WAS-D.Rush, Illegal Touch Kick, 5 yards, enforced at BAL 17."
2026,PRESEASON WEEK 3,Friday,August 28th,WAS,BAL,3rd Quarter,4,Baltimore Ravens,0,1,0,3 Yard Run,1st & 10 at BAL 22,07:48 3rd,— J.Ward left guard to BAL 25 for 3 yards (J.M'ba; A.Kaho).
2026,PRESEASON WEEK 3,Friday,August 28th,WAS,BAL,3rd Quarter,4,Baltimore Ravens,0,2,0,Pass Incomplete,2nd & 7 at BAL 25,07:11 3rd,"— A.Reed pass short right intended for T.Pezza INTERCEPTED by J.Bledsoe (T.Maguranyanga) at BAL 39. J.Bledsoe to BAL 39 for no gain (T.Pezza). The Replay Official reviewed the interception ruling, and the play was REVERSED. A.Reed pass incomplete short right to O.Smith (T.Maguranyanga)."
2026,PRESEASON WEEK 3,Friday,August 28th,WAS,BAL,3rd Quarter,4,Baltimore Ravens,0,3,0,Interception,3rd & 7 at BAL 25,07:07 3rd Shotgun,— A.Reed pass deep middle intended for O.Smith INTERCEPTED by Q.Johnson at BAL 47. Q.Johnson pushed ob at BAL 24 for 23 yards (C.Johnson).
2026,PRESEASON WEEK 3,Friday,August 28th,WAS,BAL,3rd Quarter,5,Washington Commanders,1,1,0,Pass Incomplete,1st & 10 at BAL 24,06:57 3rd,— S.Hartman pass incomplete short right.
2026,PRESEASON WEEK 3,Friday,August 28th,WAS,BAL,3rd Quarter,5,Washington Commanders,1,2,0,3 Yard Pass,2nd & 10 at BAL 24,06:50 3rd Shotgun,— S.Hartman pass short middle to J.Jones to BAL 21 for 3 yards (D.DeLuca).
2026,PRESEASON WEEK 3,Friday,August 28th,WAS,BAL,3rd Quarter,5,Washington Commanders,1,3,0,Pass Incomplete,3rd & 7 at BAL 21,06:11 3rd Shotgun,— S.Hartman pass incomplete deep right to N.Nash.
2026,PRESEASON WEEK 3,Friday,August 28th,WAS,BAL,3rd Quarter,5,Washington Commanders,1,4,1,Field Goal,4th & 7 at BAL 21,06:04 3rd,"— D.Stevens 39 yard field goal is GOOD, Center-T.Ott, Holder-T.Way."
2026,PRESEASON WEEK 3,Friday,August 28th,WAS,BAL,3rd Quarter,6,Baltimore Ravens,1,1,0,Kickoff from WAS 35,,Kickoff,"— D.Stevens kicks 65 yards from WAS 35 to end zone, Touchback to the BAL 35."
2026,PRESEASON WEEK 3,Friday,August 28th,WAS,BAL,3rd Quarter,6,Baltimore Ravens,1,2,0,39 Yard Run,1st & 10 at BAL 35,05:59 3rd,"— J.Ward right end pushed ob at WAS 41 for 24 yards (C.Vigers). PENALTY on WAS-C.Vigers, Horse Collar Tackle, 15 yards, enforced at WAS 41."
2026,PRESEASON WEEK 3,Friday,August 28th,WAS,BAL,3rd Quarter,6,Baltimore Ravens,1,3,0,17 Yard Pass,1st & 10 at WAS 26,05:28 3rd Shotgun,— A.Reed pass short middle to T.Pezza to WAS 9 for 17 yards (C.Jacobs; Q.Johnson).
2026,PRESEASON WEEK 3,Friday,August 28th,WAS,BAL,3rd Quarter,6,Baltimore Ravens,1,4,0,2 Yard Run,1st & 9 at WAS 9,04:51 3rd,— J.Ward right tackle to WAS 7 for 2 yards (C.Basham; D.Johnson).
2026,PRESEASON WEEK 3,Friday,August 28th,WAS,BAL,3rd Quarter,6,Baltimore Ravens,1,5,0,1 Yard Pass,2nd & 7 at WAS 7,04:08 3rd Shotgun,— A.Reed pass short left to E.Sarratt to WAS 6 for 1 yard (D.Johnson).
2026,PRESEASON WEEK 3,Friday,August 28th,WAS,BAL,3rd Quarter,6,Baltimore Ravens,1,6,0,Pass Incomplete,3rd & 6 at WAS 6,03:28 3rd Shotgun,— A.Reed pass incomplete short middle to X.Guillory.
2026,PRESEASON WEEK 3,Friday,August 28th,WAS,BAL,3rd Quarter,6,Baltimore Ravens,1,7,1,Field Goal,4th & 6 at WAS 6,03:22 3rd,"— T.Loop 24 yard field goal is GOOD, Center-N.Moore, Holder-R.Eckley."
2026,PRESEASON WEEK 3,Friday,August 28th,WAS,BAL,4th Quarter,1,Washington Commanders,0,1,0,Kickoff from BAL 35,,Kickoff,"— T.Loop kicks 65 yards from BAL 35 to end zone, Touchback to the WAS 35."
2026,PRESEASON WEEK 3,Friday,August 28th,WAS,BAL,4th Quarter,1,Washington Commanders,0,2,0,8 Yard Run,1st & 10 at WAS 35,03:20 3rd,— C.Reynolds left guard to WAS 43 for 8 yards (R.Benny).
2026,PRESEASON WEEK 3,Friday,August 28th,WAS,BAL,4th Quarter,1,Washington Commanders,0,3,0,15 Yard Run,2nd & 2 at WAS 43,02:44 3rd,— C.Reynolds right guard to BAL 42 for 15 yards (S.Walters).
2026,PRESEASON WEEK 3,Friday,August 28th,WAS,BAL,4th Quarter,1,Washington Commanders,0,4,0,-10 Yard Penalty,1st & 10 at BAL 42,02:10 3rd,"— C.Reynolds right end pushed ob at BAL 36 for 6 yards (M.Robinson). PENALTY on WAS-T.McKitty, Offensive Holding, 10 yards, enforced at BAL 42 - No Play. Penalty on WAS-N.Petit-Frere, Offensive Holding, declined."
2026,PRESEASON WEEK 3,Friday,August 28th,WAS,BAL,4th Quarter,1,Washington Commanders,0,5,0,-1 Yard Run,1st & 20 at WAS 48,01:48 3rd Shotgun,— R.Henry right tackle to WAS 47 for -1 yards (K.Rucker).
2026,PRESEASON WEEK 3,Friday,August 28th,WAS,BAL,4th Quarter,1,Washington Commanders,0,6,0,-6 Yard Sack,2nd & 21 at WAS 47,01:10 3rd Shotgun,— S.Hartman sacked at WAS 41 for -6 yards (K.Rucker).
2026,PRESEASON WEEK 3,Friday,August 28th,WAS,BAL,4th Quarter,1,Washington Commanders,0,7,0,4 Yard Pass,3rd & 27 at WAS 41,00:27 3rd Shotgun,— S.Hartman pass short right to C.Reynolds to WAS 45 for 4 yards (M.Robinson).
2026,PRESEASON WEEK 3,Friday,August 28th,WAS,BAL,4th Quarter,1,Washington Commanders,0,8,0,Punt,4th & 23 at WAS 45,15:00 4th,"— T.Way punts 37 yards to BAL 18, Center-T.Ott, downed by WAS-Q.Knight."
2026,PRESEASON WEEK 3,Friday,August 28th,WAS,BAL,4th Quarter,2,Baltimore Ravens,1,1,0,63 Yard Run,1st & 10 at BAL 18,14:48 4th,— D.McMillan right guard to WAS 19 for 63 yards (C.Vigers).
2026,PRESEASON WEEK 3,Friday,August 28th,WAS,BAL,4th Quarter,2,Baltimore Ravens,1,2,0,-1 Yard Run,1st & 10 at WAS 19,13:43 4th Shotgun,"— A.Reed Aborted. C.Bullock FUMBLES at WAS 19, recovered by BAL-L.Scott at WAS 20."
2026,PRESEASON WEEK 3,Friday,August 28th,WAS,BAL,4th Quarter,2,Baltimore Ravens,1,3,1,Touchdown,2nd & 11 at WAS 20,13:05 4th Shotgun,"— A.Reed pass deep left to C.Johnson for 20 yards, TOUCHDOWN."
2026,PRESEASON WEEK 3,Friday,August 28th,WAS,BAL,4th Quarter,2,Baltimore Ravens,1,4,1,Extra Point,,12:55 4th,"— T.Loop extra point is GOOD, Center-N.Moore, Holder-R.Eckley."
2026,PRESEASON WEEK 3,Friday,August 28th,WAS,BAL,4th Quarter,3,Washington Commanders,0,1,0,Kickoff from BAL 35,,Kickoff,"— T.Loop kicks 65 yards from BAL 35 to end zone, Touchback to the WAS 35."
2026,PRESEASON WEEK 3,Friday,August 28th,WAS,BAL,4th Quarter,3,Washington Commanders,0,2,0,1 Yard Run,1st & 10 at WAS 35,12:55 4th,— C.Reynolds left end to WAS 36 for 1 yard (D.DeLuca; A.Isaac).
2026,PRESEASON WEEK 3,Friday,August 28th,WAS,BAL,4th Quarter,3,Washington Commanders,0,3,0,7 Yard Pass,2nd & 9 at WAS 36,12:17 4th,— S.Hartman pass short left to L.Cager pushed ob at WAS 43 for 7 yards (M.Robinson).
2026,PRESEASON WEEK 3,Friday,August 28th,WAS,BAL,4th Quarter,3,Washington Commanders,0,4,0,Pass Incomplete,3rd & 2 at WAS 43,11:42 4th Shotgun,— S.Hartman pass incomplete deep left to N.Nash.
2026,PRESEASON WEEK 3,Friday,August 28th,WAS,BAL,4th Quarter,3,Washington Commanders,0,5,0,Punt,4th & 2 at WAS 43,11:37 4th,"— T.Way punts 52 yards to BAL 5, Center-T.Ott. D.Wade to BAL 10 for 5 yards (C.Basham; J.Jones)."
2026,PRESEASON WEEK 3,Friday,August 28th,WAS,BAL,4th Quarter,4,Baltimore Ravens,0,1,0,5 Yard Run,1st & 10 at BAL 10,11:26 4th,— E.Tau-Tolliver up the middle to BAL 15 for 5 yards (B.Cowart; J.M'ba).
2026,PRESEASON WEEK 3,Friday,August 28th,WAS,BAL,4th Quarter,4,Baltimore Ravens,0,2,0,-1 Yard Run,2nd & 5 at BAL 15,10:45 4th,"— E.Tau-Tolliver left end to BAL 14 for -1 yards (K.Barnes, C.Vigers)."
2026,PRESEASON WEEK 3,Friday,August 28th,WAS,BAL,4th Quarter,4,Baltimore Ravens,0,3,0,Pass Incomplete,3rd & 6 at BAL 14,10:03 4th Shotgun,— A.Reed pass incomplete short left to E.Tau-Tolliver [M.Hurst].
2026,PRESEASON WEEK 3,Friday,August 28th,WAS,BAL,4th Quarter,4,Baltimore Ravens,0,4,0,Punt,4th & 6 at BAL 14,09:59 4th,"— R.Eckley punts 53 yards to WAS 33, Center-N.Moore, fair catch by R.Henry."
2026,PRESEASON WEEK 3,Friday,August 28th,WAS,BAL,4th Quarter,5,Washington Commanders,0,1,0,8 Yard Pass,1st & 10 at WAS 33,09:51 4th Shotgun,— S.Hartman pass short right to J.Jones to WAS 41 for 8 yards (D.DeLuca; R.Longerbeam).
2026,PRESEASON WEEK 3,Friday,August 28th,WAS,BAL,4th Quarter,5,Washington Commanders,0,2,0,10 Yard Run,2nd & 2 at WAS 41,09:20 4th,— R.Henry right guard to BAL 49 for 10 yards (R.Longerbeam).
2026,PRESEASON WEEK 3,Friday,August 28th,WAS,BAL,4th Quarter,5,Washington Commanders,0,3,0,4 Yard Run,1st & 10 at BAL 49,08:39 4th,— R.Henry left tackle to BAL 45 for 4 yards (R.Longerbeam).
2026,PRESEASON WEEK 3,Friday,August 28th,WAS,BAL,4th Quarter,5,Washington Commanders,0,4,0,2 Yard Run,2nd & 6 at BAL 45,08:03 4th,— R.Henry right guard to BAL 43 for 2 yards (A.Isaac; D.Wilson).
2026,PRESEASON WEEK 3,Friday,August 28th,WAS,BAL,4th Quarter,5,Washington Commanders,0,5,0,2 Yard Run,3rd & 4 at BAL 43,07:28 4th,— R.Henry right guard to BAL 41 for 2 yards (D.Wilson; A.Isaac).
2026,PRESEASON WEEK 3,Friday,August 28th,WAS,BAL,4th Quarter,5,Washington Commanders,0,6,0,Turnover on Downs,4th & 2 at BAL 41,06:47 4th Shotgun,— S.Hartman sacked at BAL 42 for -1 yards (A.Isaac).
2026,PRESEASON WEEK 3,Friday,August 28th,WAS,BAL,4th Quarter,6,Baltimore Ravens,0,1,0,5 Yard Run,1st & 10 at BAL 42,06:38 4th,— D.McMillan left end to BAL 47 for 5 yards (J.M'ba; R.Barber).
2026,PRESEASON WEEK 3,Friday,August 28th,WAS,BAL,4th Quarter,6,Baltimore Ravens,0,2,0,2 Yard Run,2nd & 5 at BAL 47,05:57 4th,— D.McMillan left guard to BAL 49 for 2 yards (A.Kaho; C.Basham).
2026,PRESEASON WEEK 3,Friday,August 28th,WAS,BAL,4th Quarter,6,Baltimore Ravens,0,3,0,Pass Incomplete,3rd & 3 at BAL 49,05:14 4th Shotgun,— A.Reed pass incomplete deep right to O.Smith.
2026,PRESEASON WEEK 3,Friday,August 28th,WAS,BAL,4th Quarter,6,Baltimore Ravens,0,4,0,Punt,4th & 3 at BAL 49,05:08 4th,"— R.Eckley punts 41 yards to WAS 10, Center-N.Moore, fair catch by R.Henry."
2026,PRESEASON WEEK 3,Friday,August 28th,WAS,BAL,4th Quarter,7,Washington Commanders,0,1,0,0 Yard Run,1st & 10 at WAS 10,05:01 4th,— R.Henry right end to WAS 10 for no gain (R.Benny).
2026,PRESEASON WEEK 3,Friday,August 28th,WAS,BAL,4th Quarter,7,Washington Commanders,0,2,0,8 Yard Pass,2nd & 10 at WAS 10,04:22 4th Shotgun,— S.Hartman pass short middle to L.Cager to WAS 18 for 8 yards (D.DeLuca).
2026,PRESEASON WEEK 3,Friday,August 28th,WAS,BAL,4th Quarter,7,Washington Commanders,0,3,0,2 Yard Run,3rd & 2 at WAS 18,03:45 4th,— C.Reynolds left tackle to WAS 20 for 2 yards (D.DeLuca).
2026,PRESEASON WEEK 3,Friday,August 28th,WAS,BAL,4th Quarter,7,Washington Commanders,0,4,0,12 Yard Pass,1st & 10 at WAS 20,03:08 4th Shotgun,— S.Hartman pass short left to J.Bradley to WAS 32 for 12 yards (D.DeLuca).
2026,PRESEASON WEEK 3,Friday,August 28th,WAS,BAL,4th Quarter,7,Washington Commanders,0,5,0,9 Yard Pass,1st & 10 at WAS 32,02:39 4th Shotgun,— S.Hartman pass short left to L.Cager to WAS 41 for 9 yards (A.Oruwariye; D.DeLuca).
2026,PRESEASON WEEK 3,Friday,August 28th,WAS,BAL,4th Quarter,7,Washington Commanders,0,6,0,2 Yard Run,2nd & 1 at WAS 41,02:00 4th,— C.Reynolds right tackle to WAS 43 for 2 yards (K.Rucker).
2026,PRESEASON WEEK 3,Friday,August 28th,WAS,BAL,4th Quarter,7,Washington Commanders,0,7,0,3 Yard Run,1st & 10 at WAS 43,01:25 4th,— C.Reynolds left guard to WAS 46 for 3 yards (D.Wilson).
2026,PRESEASON WEEK 3,Friday,August 28th,WAS,BAL,4th Quarter,7,Washington Commanders,0,8,0,1 Yard Run,2nd & 7 at WAS 46,00:42 4th,— C.Reynolds left end to WAS 47 for 1 yard (K.Rucker).
2026,PRESEASON WEEK 3,Friday,August 28th,HOU,CAR,1st Quarter,1,Houston Texans,0,1,0,Kickoff from CAR 35,,Kickoff,"— R.Fitzgerald kicks 41 yards from CAR 35 to HOU 24, short of landing zone. PENALTY on CAR-R.Fitzgerald, Kickoff Short of Landing Zone, placed at HOU 40."
2026,PRESEASON WEEK 3,Friday,August 28th,HOU,CAR,1st Quarter,1,Houston Texans,0,2,0,6 Yard Run,1st & 10 at HOU 40,15:00 1st,— O.Wright right guard to HOU 46 for 6 yards (A.Hall).
2026,PRESEASON WEEK 3,Friday,August 28th,HOU,CAR,1st Quarter,1,Houston Texans,0,3,0,5 Yard Run,2nd & 4 at HOU 46,14:24 1st,— O.Wright left guard to CAR 49 for 5 yards (C.Jackson).
2026,PRESEASON WEEK 3,Friday,August 28th,HOU,CAR,1st Quarter,1,Houston Texans,0,4,0,-7 Yard Sack,1st & 10 at CAR 49,13:45 1st,— D.Mills sacked at HOU 44 for -7 yards (T.Gipson).
2026,PRESEASON WEEK 3,Friday,August 28th,HOU,CAR,1st Quarter,1,Houston Texans,0,5,0,-7 Yard Sack,2nd & 17 at HOU 44,13:04 1st Shotgun,— D.Mills sacked at HOU 37 for -7 yards (T.Wallace).
2026,PRESEASON WEEK 3,Friday,August 28th,HOU,CAR,1st Quarter,1,Houston Texans,0,6,0,5 Yard Pass,3rd & 24 at HOU 37,12:27 1st Shotgun,— D.Mills pass short right to J.Wayne to HOU 42 for 5 yards (T.Wallace).
2026,PRESEASON WEEK 3,Friday,August 28th,HOU,CAR,1st Quarter,1,Houston Texans,0,7,0,Punt,4th & 19 at HOU 42,11:54 1st,"— K.Kroeger punts 36 yards to CAR 22, Center-A.Brinkman, out of bounds."
2026,PRESEASON WEEK 3,Friday,August 28th,HOU,CAR,1st Quarter,2,Carolina Panthers,0,1,0,2 Yard Run,1st & 10 at CAR 22,11:49 1st,— T.Etienne right end to CAR 24 for 2 yards (A.Fisher; J.Smith).
2026,PRESEASON WEEK 3,Friday,August 28th,HOU,CAR,1st Quarter,2,Carolina Panthers,0,2,0,-6 Yard Sack,2nd & 8 at CAR 24,11:12 1st Shotgun,— K.Pickett sacked at CAR 18 for -6 yards (S.Harsh).
2026,PRESEASON WEEK 3,Friday,August 28th,HOU,CAR,1st Quarter,2,Carolina Panthers,0,3,0,5 Yard Pass,3rd & 14 at CAR 18,10:35 1st Shotgun,— K.Pickett pass short left to J.Metchie to CAR 23 for 5 yards (S.Byrd).
2026,PRESEASON WEEK 3,Friday,August 28th,HOU,CAR,1st Quarter,2,Carolina Panthers,0,4,0,Punt,4th & 9 at CAR 23,10:00 1st,"— S.Martin punts 40 yards to HOU 37, Center-J.Jansen. T.Smith ran ob at HOU 41 for 4 yards (C.Miller)."
2026,PRESEASON WEEK 3,Friday,August 28th,HOU,CAR,1st Quarter,3,Houston Texans,0,1,0,4 Yard Run,1st & 10 at HOU 41,09:52 1st Shotgun,— D.Vaughn up the middle to HOU 45 for 4 yards (C.Cherelus).
2026,PRESEASON WEEK 3,Friday,August 28th,HOU,CAR,1st Quarter,3,Houston Texans,0,2,0,3 Yard Run,2nd & 6 at HOU 45,09:17 1st,— D.Vaughn right tackle to HOU 48 for 3 yards (J.Harrison-Hunte).
2026,PRESEASON WEEK 3,Friday,August 28th,HOU,CAR,1st Quarter,3,Houston Texans,0,3,0,11 Yard Pass,3rd & 3 at HOU 48,08:40 1st Shotgun,— D.Mills pass short right to J.Wayne to CAR 41 for 11 yards (C.Thornton).
2026,PRESEASON WEEK 3,Friday,August 28th,HOU,CAR,1st Quarter,3,Houston Texans,0,4,0,5 Yard Run,1st & 10 at CAR 41,08:04 1st,— D.Vaughn left tackle to CAR 36 for 5 yards (L.Ransom; C.Jackson).
2026,PRESEASON WEEK 3,Friday,August 28th,HOU,CAR,1st Quarter,3,Houston Texans,0,5,0,-1 Yard Run,2nd & 5 at CAR 36,07:26 1st,— D.Vaughn right guard to CAR 37 for -1 yards (T.Incoom).
2026,PRESEASON WEEK 3,Friday,August 28th,HOU,CAR,1st Quarter,3,Houston Texans,0,6,0,Interception,3rd & 6 at CAR 37,06:44 1st Shotgun,— D.Mills pass short right intended for L.Bond INTERCEPTED by L.Ransom [T.Gipson] at CAR 33. L.Ransom to CAR 36 for 3 yards (L.Bond).
2026,PRESEASON WEEK 3,Friday,August 28th,HOU,CAR,1st Quarter,4,Carolina Panthers,0,1,0,7 Yard Pass,1st & 10 at CAR 36,06:38 1st Shotgun,— K.Pickett pass short right to A.Dillon to CAR 43 for 7 yards (K.Merriweather).
2026,PRESEASON WEEK 3,Friday,August 28th,HOU,CAR,1st Quarter,4,Carolina Panthers,0,2,0,-5 Yard Penalty,2nd & 3 at CAR 43,06:03 1st,"— PENALTY on CAR-J.Mitchell, False Start, 5 yards, enforced at CAR 43 - No Play."
2026,PRESEASON WEEK 3,Friday,August 28th,HOU,CAR,1st Quarter,4,Carolina Panthers,0,3,0,9 Yard Pass,2nd & 8 at CAR 38,05:39 1st Shotgun,— K.Pickett pass short left to D.Moore to CAR 47 for 9 yards (A.Huzzie).
2026,PRESEASON WEEK 3,Friday,August 28th,HOU,CAR,1st Quarter,4,Carolina Panthers,0,4,0,1 Yard Run,1st & 10 at CAR 47,05:06 1st,— A.Dillon right tackle to CAR 48 for 1 yard (K.Hamilton).
2026,PRESEASON WEEK 3,Friday,August 28th,HOU,CAR,1st Quarter,4,Carolina Panthers,0,5,0,3 Yard Run,2nd & 9 at CAR 48,04:32 1st Shotgun,— A.Dillon right guard to HOU 49 for 3 yards (D.Bailey).
2026,PRESEASON WEEK 3,Friday,August 28th,HOU,CAR,1st Quarter,4,Carolina Panthers,0,6,0,5 Yard Penalty,3rd & 6 at HOU 49,03:57 1st Shotgun,"— K.Pickett pass incomplete short left to J.Metchie. PENALTY on HOU-S.Byrd, Illegal Use of Hands, 5 yards, enforced at HOU 49 - No Play."
2026,PRESEASON WEEK 3,Friday,August 28th,HOU,CAR,1st Quarter,4,Carolina Panthers,0,7,0,6 Yard Run,1st & 10 at HOU 44,03:53 1st,— Ji.Horn right end pushed ob at HOU 38 for 6 yards (J.Smith).
2026,PRESEASON WEEK 3,Friday,August 28th,HOU,CAR,1st Quarter,4,Carolina Panthers,0,8,0,0 Yard Run,2nd & 4 at HOU 38,03:23 1st,— A.Dillon left tackle to HOU 38 for no gain (N.Jones; D.Parish).
2026,PRESEASON WEEK 3,Friday,August 28th,HOU,CAR,1st Quarter,4,Carolina Panthers,0,9,0,Pass Incomplete,3rd & 4 at HOU 38,02:44 1st Shotgun,— K.Pickett pass incomplete short left to B.Tremayne (S.Harsh) [S.Harsh].
2026,PRESEASON WEEK 3,Friday,August 28th,HOU,CAR,1st Quarter,4,Carolina Panthers,0,10,0,Timeout,,02:37 1st,— Timeout #1 by CAR at 02:37.
2026,PRESEASON WEEK 3,Friday,August 28th,HOU,CAR,1st Quarter,4,Carolina Panthers,0,11,0,Pass Incomplete,4th & 4 at HOU 38,02:37 1st Shotgun,— K.Pickett pass incomplete short right to A.Dillon [J.Hill].
2026,PRESEASON WEEK 3,Friday,August 28th,HOU,CAR,1st Quarter,5,Houston Texans,0,1,0,3 Yard Run,1st & 10 at HOU 38,02:30 1st Shotgun,— O.Wright up the middle to HOU 41 for 3 yards (D.Smith).
2026,PRESEASON WEEK 3,Friday,August 28th,HOU,CAR,1st Quarter,5,Houston Texans,0,2,0,Pass Incomplete,2nd & 7 at HOU 41,01:51 1st Shotgun,— D.Mills pass incomplete short right to L.Pryor (D.Smith).
2026,PRESEASON WEEK 3,Friday,August 28th,HOU,CAR,1st Quarter,5,Houston Texans,0,3,0,Pass Incomplete,3rd & 7 at HOU 41,01:47 1st Shotgun,— D.Mills pass incomplete short right to L.Bond (D.Smith) [J.Harrison-Hunte].
2026,PRESEASON WEEK 3,Friday,August 28th,HOU,CAR,1st Quarter,5,Houston Texans,0,4,0,Punt,4th & 7 at HOU 41,01:42 1st,"— K.Kroeger punts 42 yards to CAR 17, Center-A.Brinkman. Ji.Horn to CAR 19 for 2 yards (B.Hall; G.Odum)."
2026,PRESEASON WEEK 3,Friday,August 28th,HOU,CAR,2nd Quarter,1,Carolina Panthers,0,1,0,7 Yard Run,1st & 10 at CAR 19,01:32 1st,— A.Dillon right guard to CAR 26 for 7 yards (J.Smith; C.Johnson).
2026,PRESEASON WEEK 3,Friday,August 28th,HOU,CAR,2nd Quarter,1,Carolina Panthers,0,2,0,17 Yard Pass,2nd & 3 at CAR 26,00:58 1st,— K.Pickett pass short left to J.Reed to CAR 43 for 17 yards (G.Odum).
2026,PRESEASON WEEK 3,Friday,August 28th,HOU,CAR,2nd Quarter,1,Carolina Panthers,0,3,0,1 Yard Run,1st & 10 at CAR 43,00:22 1st Shotgun,— A.Dillon up the middle to CAR 44 for 1 yard (N.Jones; C.Johnson).
2026,PRESEASON WEEK 3,Friday,August 28th,HOU,CAR,2nd Quarter,1,Carolina Panthers,0,4,0,-5 Yard Penalty,2nd & 9 at CAR 44,15:00 2nd Shotgun,"— PENALTY on CAR-J.Metchie, False Start, 5 yards, enforced at CAR 44 - No Play."
2026,PRESEASON WEEK 3,Friday,August 28th,HOU,CAR,2nd Quarter,1,Carolina Panthers,0,5,0,10 Yard Pass,2nd & 14 at CAR 39,15:00 2nd Shotgun,— K.Pickett pass short left to A.Dillon to CAR 49 for 10 yards (K.Hamilton).
2026,PRESEASON WEEK 3,Friday,August 28th,HOU,CAR,2nd Quarter,1,Carolina Panthers,0,6,0,Pass Incomplete,3rd & 4 at CAR 49,14:21 2nd Shotgun,— K.Pickett pass incomplete deep right to J.Metchie.
2026,PRESEASON WEEK 3,Friday,August 28th,HOU,CAR,2nd Quarter,1,Carolina Panthers,0,7,0,Punt,4th & 4 at CAR 49,14:16 2nd,"— S.Martin punts 41 yards to HOU 10, Center-J.Jansen, downed by CAR-R.Rochell."
2026,PRESEASON WEEK 3,Friday,August 28th,HOU,CAR,2nd Quarter,2,Houston Texans,0,1,0,3 Yard Run,1st & 10 at HOU 10,14:05 2nd,"— D.Mills to HOU 10 for no gain. FUMBLES, and recovers at HOU 8. D.Mills to HOU 8 for no gain. Handoff to D.Vaughn to HOU 13 for 5 yards (M.Njongmeta)."
2026,PRESEASON WEEK 3,Friday,August 28th,HOU,CAR,2nd Quarter,2,Houston Texans,0,2,0,Pass Incomplete,2nd & 7 at HOU 13,13:21 2nd Shotgun,— D.Mills pass incomplete short middle to J.Watson (R.Rochell).
2026,PRESEASON WEEK 3,Friday,August 28th,HOU,CAR,2nd Quarter,2,Houston Texans,0,3,0,2 Yard Pass,3rd & 7 at HOU 13,13:17 2nd Shotgun,— D.Mills pass short right to D.Vaughn to HOU 15 for 2 yards (M.Njongmeta).
2026,PRESEASON WEEK 3,Friday,August 28th,HOU,CAR,2nd Quarter,2,Houston Texans,0,4,0,Punt,4th & 5 at HOU 15,12:36 2nd,"— K.Kroeger punts 58 yards to CAR 27, Center-A.Brinkman. Ji.Horn to CAR 38 for 11 yards (G.Odum; A.Fisher). PENALTY on CAR-C.Miller, Offensive Holding, 10 yards, enforced at CAR 27. Penalty on CAR-M.Davis, Offensive Holding, declined."
2026,PRESEASON WEEK 3,Friday,August 28th,HOU,CAR,2nd Quarter,3,Carolina Panthers,0,1,0,0 Yard Run,1st & 10 at CAR 17,12:25 2nd,"— K.Trask to CAR 15 for -2 yards. FUMBLES, and recovers at CAR 15. K.Trask to CAR 15 for no gain. Handoff to A.Dillon to CAR 17 for 2 yards (S.Byrd)."
2026,PRESEASON WEEK 3,Friday,August 28th,HOU,CAR,2nd Quarter,3,Carolina Panthers,0,2,0,3 Yard Pass,2nd & 10 at CAR 17,11:49 2nd Shotgun,— K.Trask pass short right to A.Dillon to CAR 20 for 3 yards (J.Hill).
2026,PRESEASON WEEK 3,Friday,August 28th,HOU,CAR,2nd Quarter,3,Carolina Panthers,0,3,0,-5 Yard Penalty,3rd & 7 at CAR 20,11:10 2nd Shotgun,"— PENALTY on CAR-A.Reese, False Start, 5 yards, enforced at CAR 20 - No Play."
2026,PRESEASON WEEK 3,Friday,August 28th,HOU,CAR,2nd Quarter,3,Carolina Panthers,0,4,0,Interception,3rd & 12 at CAR 15,10:51 2nd Shotgun,— K.Trask pass deep middle intended for J.Metchie INTERCEPTED by G.Odum at CAR 44. G.Odum to CAR 28 for 16 yards (D.Moore).
2026,PRESEASON WEEK 3,Friday,August 28th,HOU,CAR,2nd Quarter,4,Houston Texans,1,1,0,0 Yard Pass,1st & 10 at CAR 28,10:39 2nd,— B.Rypien pass short left to S.Shepard to CAR 28 for no gain (R.Rochell).
2026,PRESEASON WEEK 3,Friday,August 28th,HOU,CAR,2nd Quarter,4,Houston Texans,1,2,0,Pass Incomplete,2nd & 10 at CAR 28,09:59 2nd Shotgun,— B.Rypien pass incomplete short left to Z.Jones (R.Rochell).
2026,PRESEASON WEEK 3,Friday,August 28th,HOU,CAR,2nd Quarter,4,Houston Texans,1,3,0,8 Yard Pass,3rd & 10 at CAR 28,09:56 2nd Shotgun,— B.Rypien pass short left to O.Wright to CAR 20 for 8 yards (J.Kuwatch; R.Rochell).
2026,PRESEASON WEEK 3,Friday,August 28th,HOU,CAR,2nd Quarter,4,Houston Texans,1,4,1,Field Goal,4th & 2 at CAR 20,09:06 2nd,"— K.Fairbairn 38 yard field goal is GOOD, Center-A.Brinkman, Holder-K.Kroeger."
2026,PRESEASON WEEK 3,Friday,August 28th,HOU,CAR,2nd Quarter,5,Carolina Panthers,0,1,0,Kickoff from HOU 35,,Kickoff,— K.Fairbairn kicks 65 yards from HOU 35 to CAR 0. J.Metchie to CAR 24 for 24 yards (B.Codrington).
2026,PRESEASON WEEK 3,Friday,August 28th,HOU,CAR,2nd Quarter,5,Carolina Panthers,0,2,0,6 Yard Run,1st & 10 at CAR 24,08:57 2nd Shotgun,— A.Tyus left guard to CAR 30 for 6 yards (D.Bailey; S.Harsh).
2026,PRESEASON WEEK 3,Friday,August 28th,HOU,CAR,2nd Quarter,5,Carolina Panthers,0,3,0,1 Yard Pass,2nd & 4 at CAR 30,08:17 2nd Shotgun,"— K.Trask pass short left to A.Tyus to CAR 31 for 1 yard (G.Odum, J.Hill)."
2026,PRESEASON WEEK 3,Friday,August 28th,HOU,CAR,2nd Quarter,5,Carolina Panthers,0,4,0,4 Yard Pass,3rd & 3 at CAR 31,07:36 2nd Shotgun,— K.Trask pass short left to J.Mitchell to CAR 35 for 4 yards (K.Merriweather).
2026,PRESEASON WEEK 3,Friday,August 28th,HOU,CAR,2nd Quarter,5,Carolina Panthers,0,5,0,Pass Incomplete,1st & 10 at CAR 35,06:56 2nd,— K.Trask pass incomplete deep left to J.Reed.
2026,PRESEASON WEEK 3,Friday,August 28th,HOU,CAR,2nd Quarter,5,Carolina Panthers,0,6,0,7 Yard Run,2nd & 10 at CAR 35,06:50 2nd Shotgun,— A.Tyus up the middle to CAR 42 for 7 yards (A.Fisher).
2026,PRESEASON WEEK 3,Friday,August 28th,HOU,CAR,2nd Quarter,5,Carolina Panthers,0,7,0,Pass Incomplete,3rd & 3 at CAR 42,06:15 2nd Shotgun,— K.Trask pass incomplete short right to D.Moore [K.Hamilton].
2026,PRESEASON WEEK 3,Friday,August 28th,HOU,CAR,2nd Quarter,5,Carolina Panthers,0,8,0,Punt,4th & 3 at CAR 42,06:09 2nd,"— S.Martin punts 41 yards to HOU 17, Center-J.Jansen, out of bounds."
2026,PRESEASON WEEK 3,Friday,August 28th,HOU,CAR,2nd Quarter,6,Houston Texans,0,1,0,4 Yard Pass,1st & 10 at HOU 17,06:02 2nd,— B.Rypien pass short middle to L.Hansen to HOU 21 for 4 yards (M.Njongmeta).
2026,PRESEASON WEEK 3,Friday,August 28th,HOU,CAR,2nd Quarter,6,Houston Texans,0,2,0,9 Yard Pass,2nd & 6 at HOU 21,05:22 2nd Shotgun,— B.Rypien pass short middle to J.Kelly to HOU 30 for 9 yards (M.Njongmeta).
2026,PRESEASON WEEK 3,Friday,August 28th,HOU,CAR,2nd Quarter,6,Houston Texans,0,3,0,7 Yard Run,1st & 10 at HOU 30,04:44 2nd,— D.Vaughn right guard to HOU 37 for 7 yards (J.Harrison-Hunte).
2026,PRESEASON WEEK 3,Friday,August 28th,HOU,CAR,2nd Quarter,6,Houston Texans,0,4,0,Fumble,2nd & 3 at HOU 37,04:06 2nd,"— B.Rypien FUMBLES (Aborted) at HOU 34, RECOVERED by CAR-C.Gill at HOU 34."
2026,PRESEASON WEEK 3,Friday,August 28th,HOU,CAR,2nd Quarter,7,Carolina Panthers,1,1,0,0 Yard Run,1st & 10 at HOU 34,04:01 2nd Shotgun,— A.Tyus left tackle to HOU 34 for no gain (G.Odum).
2026,PRESEASON WEEK 3,Friday,August 28th,HOU,CAR,2nd Quarter,7,Carolina Panthers,1,2,0,6 Yard Run,2nd & 10 at HOU 34,03:28 2nd Shotgun,— K.Trask scrambles left tackle to HOU 28 for 6 yards (N.Jones; K.McDonald).
2026,PRESEASON WEEK 3,Friday,August 28th,HOU,CAR,2nd Quarter,7,Carolina Panthers,1,3,0,11 Yard Pass,3rd & 4 at HOU 28,02:46 2nd Shotgun,— K.Trask pass short right to D.Moore to HOU 17 for 11 yards (G.Odum).
2026,PRESEASON WEEK 3,Friday,August 28th,HOU,CAR,2nd Quarter,7,Carolina Panthers,1,4,0,6 Yard Run,1st & 10 at HOU 17,02:00 2nd,— A.Tyus up the middle to HOU 11 for 6 yards (J.Hill).
2026,PRESEASON WEEK 3,Friday,August 28th,HOU,CAR,2nd Quarter,7,Carolina Panthers,1,5,0,Timeout,,01:54 2nd,— Timeout #1 by HOU at 01:54.
2026,PRESEASON WEEK 3,Friday,August 28th,HOU,CAR,2nd Quarter,7,Carolina Panthers,1,6,0,1 Yard Run,2nd & 4 at HOU 11,01:54 2nd Shotgun,— A.Tyus right tackle to HOU 10 for 1 yard (S.Byrd; K.McDonald).
2026,PRESEASON WEEK 3,Friday,August 28th,HOU,CAR,2nd Quarter,7,Carolina Panthers,1,7,0,Timeout,,01:50 2nd,— Timeout #2 by HOU at 01:50.
2026,PRESEASON WEEK 3,Friday,August 28th,HOU,CAR,2nd Quarter,7,Carolina Panthers,1,8,0,-2 Yard Run,3rd & 3 at HOU 10,01:50 2nd Shotgun,— A.Tyus left tackle to HOU 12 for -2 yards (N.Jones).
2026,PRESEASON WEEK 3,Friday,August 28th,HOU,CAR,2nd Quarter,7,Carolina Panthers,1,9,0,Timeout,,01:46 2nd,— Timeout #3 by HOU at 01:46.
2026,PRESEASON WEEK 3,Friday,August 28th,HOU,CAR,2nd Quarter,7,Carolina Panthers,1,10,1,Field Goal,4th & 5 at HOU 12,01:46 2nd,"— R.Fitzgerald 30 yard field goal is GOOD, Center-J.Jansen, Holder-S.Martin."
2026,PRESEASON WEEK 3,Friday,August 28th,HOU,CAR,2nd Quarter,8,Houston Texans,0,1,0,Kickoff from CAR 35,,Kickoff,— R.Fitzgerald kicks 64 yards from CAR 35 to HOU 1. T.Saunders to HOU 26 for 25 yards (M.Njongmeta).
2026,PRESEASON WEEK 3,Friday,August 28th,HOU,CAR,2nd Quarter,8,Houston Texans,0,2,0,5 Yard Run,1st & 10 at HOU 26,01:36 2nd Shotgun,— O.Wright right guard to HOU 31 for 5 yards (J.Harrison-Hunte).
2026,PRESEASON WEEK 3,Friday,August 28th,HOU,CAR,2nd Quarter,8,Houston Texans,0,3,0,21 Yard Pass,2nd & 5 at HOU 31,"01:17 2nd No Huddle, Shotgun",— B.Rypien pass deep middle to J.Kelly to CAR 48 for 21 yards (I.Simmons).
2026,PRESEASON WEEK 3,Friday,August 28th,HOU,CAR,2nd Quarter,8,Houston Texans,0,4,0,Pass Incomplete,1st & 10 at CAR 48,01:00 2nd No Huddle,— B.Rypien spiked the ball to stop the clock.
2026,PRESEASON WEEK 3,Friday,August 28th,HOU,CAR,2nd Quarter,8,Houston Texans,0,5,0,Interception,2nd & 10 at CAR 48,00:59 2nd Shotgun,— B.Rypien pass deep middle intended for L.Pryor INTERCEPTED by C.Miller at CAR 31. C.Miller to HOU 48 for 21 yards (L.Pryor).
2026,PRESEASON WEEK 3,Friday,August 28th,HOU,CAR,2nd Quarter,9,Carolina Panthers,1,1,0,Pass Incomplete,1st & 10 at HOU 48,00:51 2nd Shotgun,— K.Trask pass incomplete short right to J.Reed.
2026,PRESEASON WEEK 3,Friday,August 28th,HOU,CAR,2nd Quarter,9,Carolina Panthers,1,2,0,11 Yard Pass,2nd & 10 at HOU 48,00:47 2nd Shotgun,— K.Trask pass short right to F.Franks pushed ob at HOU 37 for 11 yards (A.Fisher).
2026,PRESEASON WEEK 3,Friday,August 28th,HOU,CAR,2nd Quarter,9,Carolina Panthers,1,3,0,14 Yard Pass,1st & 10 at HOU 37,00:38 2nd Shotgun,— K.Trask pass short right to D.Moore to HOU 23 for 14 yards (B.Hall).
2026,PRESEASON WEEK 3,Friday,August 28th,HOU,CAR,2nd Quarter,9,Carolina Panthers,1,4,0,Timeout,,00:32 2nd,— Timeout #2 by CAR at 00:32.
2026,PRESEASON WEEK 3,Friday,August 28th,HOU,CAR,2nd Quarter,9,Carolina Panthers,1,5,0,Pass Incomplete,1st & 10 at HOU 23,00:32 2nd Shotgun,— K.Trask pass incomplete short right to J.Reed (B.Hall).
2026,PRESEASON WEEK 3,Friday,August 28th,HOU,CAR,2nd Quarter,9,Carolina Panthers,1,6,0,4 Yard Pass,2nd & 10 at HOU 23,00:29 2nd Shotgun,— K.Trask pass short middle to A.Tyus to HOU 19 for 4 yards (A.Fisher) [K.Hamilton].
2026,PRESEASON WEEK 3,Friday,August 28th,HOU,CAR,2nd Quarter,9,Carolina Panthers,1,7,0,Timeout,,00:23 2nd,— Timeout #3 by CAR at 00:23.
2026,PRESEASON WEEK 3,Friday,August 28th,HOU,CAR,2nd Quarter,9,Carolina Panthers,1,8,0,Pass Incomplete,3rd & 6 at HOU 19,00:23 2nd Shotgun,— K.Trask pass incomplete deep middle to J.Mitchell.
2026,PRESEASON WEEK 3,Friday,August 28th,HOU,CAR,2nd Quarter,9,Carolina Panthers,1,9,1,Field Goal,4th & 6 at HOU 19,00:19 2nd,"— R.Fitzgerald 37 yard field goal is GOOD, Center-J.Jansen, Holder-S.Martin."
2026,PRESEASON WEEK 3,Friday,August 28th,HOU,CAR,2nd Quarter,10,Houston Texans,0,1,0,Kickoff from CAR 35,,Kickoff,"— R.Fitzgerald kicks 65 yards from CAR 35 to end zone, Touchback to the HOU 35."
2026,PRESEASON WEEK 3,Friday,August 28th,HOU,CAR,2nd Quarter,10,Houston Texans,0,2,0,6 Yard Run,1st & 10 at HOU 35,00:15 2nd Shotgun,— O.Wright up the middle to HOU 41 for 6 yards (A.Hall).
2026,PRESEASON WEEK 3,Friday,August 28th,HOU,CAR,3rd Quarter,1,Carolina Panthers,1,1,0,Kickoff from HOU 35,,Kickoff,"— K.Fairbairn kicks 65 yards from HOU 35 to CAR 0. J.Metchie pushed ob at CAR 27 for 27 yards (A.Huzzie). PENALTY on CAR-M.Njongmeta, Offensive Holding, 10 yards, enforced at CAR 23."
2026,PRESEASON WEEK 3,Friday,August 28th,HOU,CAR,3rd Quarter,1,Carolina Panthers,1,2,0,20 Yard Pass,1st & 10 at CAR 13,14:54 3rd Shotgun,— K.Trask pass deep left to J.Reed to CAR 33 for 20 yards (G.Odum).
2026,PRESEASON WEEK 3,Friday,August 28th,HOU,CAR,3rd Quarter,1,Carolina Panthers,1,3,0,7 Yard Pass,1st & 10 at CAR 33,14:15 3rd Shotgun,— K.Trask pass short right to F.Franks to CAR 40 for 7 yards (C.Johnson).
2026,PRESEASON WEEK 3,Friday,August 28th,HOU,CAR,3rd Quarter,1,Carolina Panthers,1,4,0,5 Yard Run,2nd & 3 at CAR 40,13:40 3rd Shotgun,— A.Tyus up the middle to CAR 45 for 5 yards (A.Fisher; G.Odum). HOU-S.Byrd was injured during the play.
2026,PRESEASON WEEK 3,Friday,August 28th,HOU,CAR,3rd Quarter,1,Carolina Panthers,1,5,0,2 Yard Run,1st & 10 at CAR 45,13:19 3rd,— A.Tyus left tackle to CAR 47 for 2 yards (B.Codrington).
2026,PRESEASON WEEK 3,Friday,August 28th,HOU,CAR,3rd Quarter,1,Carolina Panthers,1,6,0,0 Yard Run,2nd & 8 at CAR 47,12:50 3rd Shotgun,— A.Tyus left tackle to CAR 47 for no gain (S.Harsh).
2026,PRESEASON WEEK 3,Friday,August 28th,HOU,CAR,3rd Quarter,1,Carolina Panthers,1,7,0,5 Yard Pass,3rd & 8 at CAR 47,12:05 3rd Shotgun,— K.Trask pass short right to Ji.Horn to HOU 48 for 5 yards (B.Codrington).
2026,PRESEASON WEEK 3,Friday,August 28th,HOU,CAR,3rd Quarter,1,Carolina Panthers,1,8,0,16 Yard Run,1st & 10 at HOU 44,11:17 3rd,— A.Tyus left tackle to HOU 28 for 16 yards (G.Odum).
2026,PRESEASON WEEK 3,Friday,August 28th,HOU,CAR,3rd Quarter,1,Carolina Panthers,1,9,0,-9 Yard Penalty,1st & 10 at HOU 28,10:36 3rd,"— K.Trask pass short left to Ji.Horn to HOU 17 for 11 yards (S.Hall) [B.Codrington]. PENALTY on CAR-A.Tyus, Offensive Pass Interference, 9 yards, enforced at HOU 28 - No Play."
2026,PRESEASON WEEK 3,Friday,August 28th,HOU,CAR,3rd Quarter,1,Carolina Panthers,1,10,0,8 Yard Pass,1st & 19 at HOU 37,10:01 3rd Shotgun,— K.Trask pass short left to A.Tyus pushed ob at HOU 29 for 8 yards (C.Johnson). ** Injury Update: HOU-S.Byrd has returned to the game.
2026,PRESEASON WEEK 3,Friday,August 28th,HOU,CAR,3rd Quarter,1,Carolina Panthers,1,11,0,10 Yard Pass,2nd & 11 at HOU 29,09:23 3rd Shotgun,— K.Trask pass short right to C.Washington to HOU 19 for 10 yards (S.Hall; B.Codrington).
2026,PRESEASON WEEK 3,Friday,August 28th,HOU,CAR,3rd Quarter,1,Carolina Panthers,1,12,0,7 Yard Pass,3rd & 1 at HOU 19,08:42 3rd,— K.Trask pass short left to F.Franks ran ob at HOU 12 for 7 yards (K.Merriweather).
2026,PRESEASON WEEK 3,Friday,August 28th,HOU,CAR,3rd Quarter,1,Carolina Panthers,1,13,0,Pass Incomplete,1st & 10 at HOU 12,08:04 3rd,— K.Trask pass incomplete short left to J.Mitchell (J.Hill).
2026,PRESEASON WEEK 3,Friday,August 28th,HOU,CAR,3rd Quarter,1,Carolina Panthers,1,14,0,Timeout,,07:54 3rd,— Timeout #1 by CAR at 07:54.
2026,PRESEASON WEEK 3,Friday,August 28th,HOU,CAR,3rd Quarter,1,Carolina Panthers,1,15,0,2 Yard Pass,2nd & 10 at HOU 12,07:54 3rd Shotgun,— K.Trask pass short left to C.Prieskorn to HOU 10 for 2 yards (G.Odum).
2026,PRESEASON WEEK 3,Friday,August 28th,HOU,CAR,3rd Quarter,1,Carolina Panthers,1,16,0,Pass Incomplete,3rd & 8 at HOU 10,07:19 3rd Shotgun,— K.Trask pass incomplete short right to J.Reed (S.Byrd).
2026,PRESEASON WEEK 3,Friday,August 28th,HOU,CAR,3rd Quarter,1,Carolina Panthers,1,17,1,Field Goal,4th & 8 at HOU 10,07:15 3rd,"— R.Fitzgerald 28 yard field goal is GOOD, Center-J.Jansen, Holder-S.Martin."
2026,PRESEASON WEEK 3,Friday,August 28th,HOU,CAR,3rd Quarter,2,Houston Texans,1,1,0,Kickoff from CAR 35,,Kickoff,"— S.Martin kicks 65 yards from CAR 35 to end zone, Touchback to the HOU 35."
2026,PRESEASON WEEK 3,Friday,August 28th,HOU,CAR,3rd Quarter,2,Houston Texans,1,2,0,1 Yard Run,1st & 10 at HOU 35,07:12 3rd,— D.Vaughn right guard to HOU 36 for 1 yard (J.Harrison-Hunte; T.Malone).
2026,PRESEASON WEEK 3,Friday,August 28th,HOU,CAR,3rd Quarter,2,Houston Texans,1,3,0,10 Yard Pass,2nd & 9 at HOU 36,06:32 3rd,— B.Rypien pass short right to L.Pryor pushed ob at HOU 46 for 10 yards (D.Smith).
2026,PRESEASON WEEK 3,Friday,August 28th,HOU,CAR,3rd Quarter,2,Houston Texans,1,4,0,5 Yard Run,1st & 10 at HOU 46,06:00 3rd,— D.Vaughn left end pushed ob at CAR 49 for 5 yards (M.Njongmeta).
2026,PRESEASON WEEK 3,Friday,August 28th,HOU,CAR,3rd Quarter,2,Houston Texans,1,5,0,1 Yard Run,2nd & 5 at CAR 49,05:20 3rd,— D.Vaughn right end to CAR 48 for 1 yard (J.Kuwatch).
2026,PRESEASON WEEK 3,Friday,August 28th,HOU,CAR,3rd Quarter,2,Houston Texans,1,6,0,3 Yard Run,3rd & 4 at CAR 48,04:35 3rd Shotgun,— D.Vaughn right tackle to CAR 45 for 3 yards (I.Simmons; D.Richardson). (Virtual Measurement).
2026,PRESEASON WEEK 3,Friday,August 28th,HOU,CAR,3rd Quarter,2,Houston Texans,1,7,0,3 Yard Run,4th & 1 at CAR 45,03:59 3rd,— B.Rypien up the middle to CAR 42 for 3 yards (J.Harrison-Hunte).
2026,PRESEASON WEEK 3,Friday,August 28th,HOU,CAR,3rd Quarter,2,Houston Texans,1,8,0,4 Yard Run,1st & 10 at CAR 42,03:25 3rd Shotgun,— B.Rypien left guard to CAR 38 for 4 yards (D.Nicholson).
2026,PRESEASON WEEK 3,Friday,August 28th,HOU,CAR,3rd Quarter,2,Houston Texans,1,9,0,6 Yard Pass,2nd & 6 at CAR 38,02:46 3rd,— B.Rypien pass short right to J.Kelly pushed ob at CAR 32 for 6 yards (I.Simmons).
2026,PRESEASON WEEK 3,Friday,August 28th,HOU,CAR,3rd Quarter,2,Houston Texans,1,10,0,3 Yard Run,1st & 10 at CAR 32,02:12 3rd,— D.Vaughn right guard to CAR 29 for 3 yards (C.Gill; J.Kuwatch).
2026,PRESEASON WEEK 3,Friday,August 28th,HOU,CAR,3rd Quarter,2,Houston Texans,1,11,0,Pass Incomplete,2nd & 7 at CAR 29,01:30 3rd,— B.Rypien pass incomplete short left to L.Pryor.
2026,PRESEASON WEEK 3,Friday,August 28th,HOU,CAR,3rd Quarter,2,Houston Texans,1,12,0,Pass Incomplete,3rd & 7 at CAR 29,01:27 3rd Shotgun,— B.Rypien pass incomplete short left to Z.Jones.
2026,PRESEASON WEEK 3,Friday,August 28th,HOU,CAR,3rd Quarter,2,Houston Texans,1,13,1,Field Goal,4th & 7 at CAR 29,01:23 3rd,"— K.Fairbairn 47 yard field goal is GOOD, Center-A.Brinkman, Holder-K.Kroeger."
2026,PRESEASON WEEK 3,Friday,August 28th,HOU,CAR,4th Quarter,1,Carolina Panthers,1,1,0,Kickoff from HOU 35,,Kickoff,"— K.Fairbairn kicks 65 yards from HOU 35 to end zone, Touchback to the CAR 35."
2026,PRESEASON WEEK 3,Friday,August 28th,HOU,CAR,4th Quarter,1,Carolina Panthers,1,2,0,4 Yard Run,1st & 10 at CAR 35,01:18 3rd,— M.Davis right tackle to CAR 39 for 4 yards (S.Hall; S.Byrd).
2026,PRESEASON WEEK 3,Friday,August 28th,HOU,CAR,4th Quarter,1,Carolina Panthers,1,3,0,3 Yard Run,2nd & 6 at CAR 39,00:35 3rd Shotgun,— M.Davis left tackle to CAR 42 for 3 yards (J.Hill).
2026,PRESEASON WEEK 3,Friday,August 28th,HOU,CAR,4th Quarter,1,Carolina Panthers,1,4,0,8 Yard Pass,3rd & 3 at CAR 42,15:00 4th Shotgun,— K.Trask pass short right to R.Taylor to 50 for 8 yards (B.Hall).
2026,PRESEASON WEEK 3,Friday,August 28th,HOU,CAR,4th Quarter,1,Carolina Panthers,1,5,0,11 Yard Pass,1st & 10 at 50,14:20 4th,— K.Trask pass short middle to J.Mitchell to HOU 39 for 11 yards (K.Merriweather; A.Fisher). HOU-S.Byrd was injured during the play.
2026,PRESEASON WEEK 3,Friday,August 28th,HOU,CAR,4th Quarter,1,Carolina Panthers,1,6,0,2 Yard Run,1st & 10 at HOU 39,13:55 4th,— M.Davis right tackle to HOU 37 for 2 yards (D.Bailey).
2026,PRESEASON WEEK 3,Friday,August 28th,HOU,CAR,4th Quarter,1,Carolina Panthers,1,7,0,4 Yard Run,2nd & 8 at HOU 37,13:16 4th Shotgun,— M.Davis up the middle to HOU 33 for 4 yards (A.Fisher; K.Hamilton).
2026,PRESEASON WEEK 3,Friday,August 28th,HOU,CAR,4th Quarter,1,Carolina Panthers,1,8,0,13 Yard Pass,3rd & 4 at HOU 33,12:33 4th Shotgun,— K.Trask pass short right to C.Prieskorn pushed ob at HOU 20 for 13 yards (K.Merriweather).
2026,PRESEASON WEEK 3,Friday,August 28th,HOU,CAR,4th Quarter,1,Carolina Panthers,1,9,0,3 Yard Run,1st & 10 at HOU 20,12:09 4th Shotgun,— M.Davis up the middle to HOU 17 for 3 yards (K.Hamilton).
2026,PRESEASON WEEK 3,Friday,August 28th,HOU,CAR,4th Quarter,1,Carolina Panthers,1,10,0,5 Yard Pass,2nd & 7 at HOU 17,11:31 4th Shotgun,— K.Trask pass short right to E.Cooks to HOU 12 for 5 yards (A.Fisher; G.Odum).
2026,PRESEASON WEEK 3,Friday,August 28th,HOU,CAR,4th Quarter,1,Carolina Panthers,1,11,0,Pass Incomplete,3rd & 2 at HOU 12,10:47 4th Shotgun,— K.Trask pass incomplete short left to R.Taylor.
2026,PRESEASON WEEK 3,Friday,August 28th,HOU,CAR,4th Quarter,1,Carolina Panthers,1,12,0,2 Yard Run,4th & 2 at HOU 12,10:41 4th,— M.Davis up the middle to HOU 10 for 2 yards (D.Bailey).
2026,PRESEASON WEEK 3,Friday,August 28th,HOU,CAR,4th Quarter,1,Carolina Panthers,1,13,0,9 Yard Run,1st & 10 at HOU 10,10:02 4th Shotgun,"— M.Davis left tackle for 10 yards, TOUCHDOWN. The Replay Official reviewed the runner broke the plane ruling, and the play was REVERSED. (Shotgun) M.Davis left tackle to HOU 1 for 9 yards (A.Fisher; K.Merriweather)."
2026,PRESEASON WEEK 3,Friday,August 28th,HOU,CAR,4th Quarter,1,Carolina Panthers,1,14,0,0 Yard Run,2nd & 1 at HOU 1,09:22 4th,— M.Davis right tackle to HOU 1 for no gain (A.Fisher; B.Hall).
2026,PRESEASON WEEK 3,Friday,August 28th,HOU,CAR,4th Quarter,1,Carolina Panthers,1,15,1,Touchdown,3rd & 1 at HOU 1,08:45 4th,"— M.Davis left tackle for 1 yard, TOUCHDOWN."
2026,PRESEASON WEEK 3,Friday,August 28th,HOU,CAR,4th Quarter,1,Carolina Panthers,1,16,1,Extra Point,,08:41 4th,"— R.Fitzgerald extra point is GOOD, Center-J.Jansen, Holder-S.Martin."
2026,PRESEASON WEEK 3,Friday,August 28th,HOU,CAR,4th Quarter,2,Houston Texans,1,1,0,Kickoff from CAR 35,,Kickoff,"— R.Fitzgerald kicks 65 yards from CAR 35 to end zone, Touchback to the HOU 35."
2026,PRESEASON WEEK 3,Friday,August 28th,HOU,CAR,4th Quarter,2,Houston Texans,1,2,0,5 Yard Penalty,1st & 10 at HOU 35,08:41 4th,"— O.Wright up the middle to HOU 40 for 5 yards (M.Njongmeta). PENALTY on CAR-J.Moon, Defensive Offside, 5 yards, enforced at HOU 35 - No Play."
2026,PRESEASON WEEK 3,Friday,August 28th,HOU,CAR,4th Quarter,2,Houston Texans,1,3,0,5 Yard Run,1st & 5 at HOU 40,08:17 4th,— O.Wright right guard to HOU 45 for 5 yards (K.Barrs).
2026,PRESEASON WEEK 3,Friday,August 28th,HOU,CAR,4th Quarter,2,Houston Texans,1,4,0,Pass Incomplete,1st & 10 at HOU 45,07:34 4th Shotgun,— B.Rypien pass incomplete short middle to D.Sobkowicz (D.Nicholson) [E.Garcia].
2026,PRESEASON WEEK 3,Friday,August 28th,HOU,CAR,4th Quarter,2,Houston Texans,1,5,0,2 Yard Run,2nd & 10 at HOU 45,07:30 4th Shotgun,— O.Wright up the middle to HOU 47 for 2 yards (E.Garcia).
2026,PRESEASON WEEK 3,Friday,August 28th,HOU,CAR,4th Quarter,2,Houston Texans,1,6,0,13 Yard Penalty,3rd & 8 at HOU 47,06:53 4th Shotgun,"— B.Rypien pass incomplete short left to S.Shepard. PENALTY on CAR-D.Nicholson, Defensive Pass Interference, 13 yards, enforced at HOU 47 - No Play."
2026,PRESEASON WEEK 3,Friday,August 28th,HOU,CAR,4th Quarter,2,Houston Texans,1,7,0,Pass Incomplete,1st & 10 at CAR 40,06:47 4th,— B.Rypien pass incomplete deep right to D.Sobkowicz.
2026,PRESEASON WEEK 3,Friday,August 28th,HOU,CAR,4th Quarter,2,Houston Texans,1,8,0,2 Yard Run,2nd & 10 at CAR 40,06:41 4th,"— O.Wright right end to CAR 38 for 2 yards (T.Funderburk). Penalty on HOU-S.Shepard, Illegal Shift, declined."
2026,PRESEASON WEEK 3,Friday,August 28th,HOU,CAR,4th Quarter,2,Houston Texans,1,9,0,7 Yard Pass,3rd & 8 at CAR 38,06:19 4th Shotgun,— B.Rypien pass short left to S.Shepard to CAR 31 for 7 yards (D.Nicholson; M.Njongmeta).
2026,PRESEASON WEEK 3,Friday,August 28th,HOU,CAR,4th Quarter,2,Houston Texans,1,10,0,9 Yard Pass,4th & 1 at CAR 31,05:33 4th Shotgun,— B.Rypien pass short right to L.Pryor to CAR 22 for 9 yards (D.Smith; M.Njongmeta).
2026,PRESEASON WEEK 3,Friday,August 28th,HOU,CAR,4th Quarter,2,Houston Texans,1,11,0,12 Yard Pass,1st & 10 at CAR 22,04:50 4th Shotgun,— B.Rypien pass short middle to D.Sobkowicz to CAR 10 for 12 yards (T.Funderburk).
2026,PRESEASON WEEK 3,Friday,August 28th,HOU,CAR,4th Quarter,2,Houston Texans,1,12,0,Pass Incomplete,1st & 10 at CAR 10,"04:17 4th No Huddle, Shotgun",— B.Rypien pass incomplete short right to D.Sobkowicz (K.Barrs).
2026,PRESEASON WEEK 3,Friday,August 28th,HOU,CAR,4th Quarter,2,Houston Texans,1,13,0,4 Yard Run,2nd & 10 at CAR 10,04:14 4th Shotgun,— B.Rypien scrambles up the middle to CAR 6 for 4 yards (E.Garcia).
2026,PRESEASON WEEK 3,Friday,August 28th,HOU,CAR,4th Quarter,2,Houston Texans,1,14,1,Touchdown,3rd & 6 at CAR 6,03:30 4th Shotgun,"— B.Rypien pass short middle to Z.Jones for 6 yards, TOUCHDOWN [J.Moon]. PENALTY on CAR-I.Simmons, Unnecessary Roughness, 8 yards, enforced between downs."
2026,PRESEASON WEEK 3,Friday,August 28th,HOU,CAR,4th Quarter,2,Houston Texans,1,15,1,Extra Point,,03:25 4th,"— K.Fairbairn extra point is GOOD, Center-A.Brinkman, Holder-K.Kroeger. PENALTY on CAR-P.Petersen, Unnecessary Roughness, 15 yards, enforced between downs."
2026,PRESEASON WEEK 3,Friday,August 28th,HOU,CAR,4th Quarter,3,Carolina Panthers,0,1,0,Kickoff from 50,,Kickoff,"— K.Fairbairn kicks 50 yards from 50 to end zone, Touchback to the CAR 20."
2026,PRESEASON WEEK 3,Friday,August 28th,HOU,CAR,4th Quarter,3,Carolina Panthers,0,2,0,4 Yard Run,1st & 10 at CAR 20,03:25 4th,— M.Davis up the middle to CAR 24 for 4 yards (A.Fisher; K.Hamilton).
2026,PRESEASON WEEK 3,Friday,August 28th,HOU,CAR,4th Quarter,3,Carolina Panthers,0,3,0,2 Yard Run,2nd & 6 at CAR 24,02:42 4th,— M.Davis up the middle to CAR 26 for 2 yards (D.Bailey). HOU-K.Hamilton was injured during the play.
2026,PRESEASON WEEK 3,Friday,August 28th,HOU,CAR,4th Quarter,3,Carolina Panthers,0,4,0,Timeout,,02:38 4th,— Timeout #1 by HOU at 02:38.
2026,PRESEASON WEEK 3,Friday,August 28th,HOU,CAR,4th Quarter,3,Carolina Panthers,0,5,0,3 Yard Pass,3rd & 4 at CAR 26,02:38 4th Shotgun,— K.Trask pass short right to R.Taylor to CAR 29 for 3 yards (B.Codrington).
2026,PRESEASON WEEK 3,Friday,August 28th,HOU,CAR,4th Quarter,3,Carolina Panthers,0,6,0,Timeout,,02:32 4th,— Timeout #2 by HOU at 02:32.
2026,PRESEASON WEEK 3,Friday,August 28th,HOU,CAR,4th Quarter,3,Carolina Panthers,0,7,0,Punt,4th & 1 at CAR 29,02:32 4th,"— S.Martin punts 49 yards to HOU 22, Center-J.Jansen, fair catch by A.Huzzie."
2026,PRESEASON WEEK 3,Friday,August 28th,HOU,CAR,4th Quarter,4,Houston Texans,0,1,0,-8 Yard Run,1st & 10 at HOU 22,02:24 4th Shotgun,"— D.Vaughn left tackle to HOU 28 for 6 yards (C.Gill; D.Nicholson). PENALTY on HOU-L.Pryor, Offensive Holding, 10 yards, enforced at HOU 24."
2026,PRESEASON WEEK 3,Friday,August 28th,HOU,CAR,4th Quarter,4,Houston Texans,0,2,0,5 Yard Pass,1st & 18 at HOU 14,02:18 4th Shotgun,— B.Rypien pass short left to D.Sobkowicz to HOU 19 for 5 yards (D.Nicholson).
2026,PRESEASON WEEK 3,Friday,August 28th,HOU,CAR,4th Quarter,4,Houston Texans,0,3,0,4 Yard Pass,2nd & 13 at HOU 19,02:00 4th Shotgun,— B.Rypien pass short left to D.Vaughn pushed ob at HOU 23 for 4 yards (M.Mwansa).
2026,PRESEASON WEEK 3,Friday,August 28th,HOU,CAR,4th Quarter,4,Houston Texans,0,4,0,Pass Incomplete,3rd & 9 at HOU 23,"01:30 4th No Huddle, Shotgun",— B.Rypien pass incomplete deep right to T.Saunders (T.Funderburk).
2026,PRESEASON WEEK 3,Friday,August 28th,HOU,CAR,4th Quarter,4,Houston Texans,0,5,0,18 Yard Penalty,4th & 9 at HOU 23,01:25 4th Shotgun,"— B.Rypien pass deep left intended for Z.Jones INTERCEPTED by D.Richardson at CAR 39. D.Richardson to HOU 46 for 15 yards (J.Kelly). PENALTY on CAR-D.Nicholson, Defensive Pass Interference, 18 yards, enforced at HOU 23 - No Play."
2026,PRESEASON WEEK 3,Friday,August 28th,HOU,CAR,4th Quarter,4,Houston Texans,0,6,0,Pass Incomplete,1st & 10 at HOU 41,01:13 4th Shotgun,— B.Rypien pass incomplete short left to D.Sobkowicz.
2026,PRESEASON WEEK 3,Friday,August 28th,HOU,CAR,4th Quarter,4,Houston Texans,0,7,0,-7 Yard Sack,2nd & 10 at HOU 41,01:06 4th Shotgun,— B.Rypien sacked at HOU 34 for -7 yards (E.Garcia).
2026,PRESEASON WEEK 3,Friday,August 28th,HOU,CAR,4th Quarter,4,Houston Texans,0,8,0,Timeout,,01:01 4th,— Timeout #3 by HOU at 01:01.
2026,PRESEASON WEEK 3,Friday,August 28th,HOU,CAR,4th Quarter,4,Houston Texans,0,9,0,Fumble,3rd & 17 at HOU 34,01:01 4th Shotgun,"— B.Rypien sacked at HOU 25 for -9 yards (J.Moon). FUMBLES (J.Moon) [J.Moon], RECOVERED by CAR-C.Gill at HOU 28."
2026,PRESEASON WEEK 3,Friday,August 28th,HOU,CAR,4th Quarter,5,Carolina Panthers,0,1,0,-1 Yard Run,1st & 10 at HOU 28,00:54 4th,— K.Trask kneels to HOU 29 for -1 yards.
2026,PRESEASON WEEK 3,Friday,August 28th,HOU,CAR,4th Quarter,5,Carolina Panthers,0,2,0,-1 Yard Run,2nd & 11 at HOU 29,00:34 4th,— K.Trask kneels to HOU 30 for -1 yards.
2026,PRESEASON WEEK 3,Friday,August 28th,ATL,MIA,1st Quarter,1,Miami Dolphins,0,1,0,Kickoff from ATL 35,,Kickoff,"— N.Folk kicks 60 yards from ATL 35 to MIA 5. J.Reagor to MIA 31 for 26 yards (N.Muse). PENALTY on MIA-W.Gay, Illegal Formation, 5 yards, enforced at MIA 31."
2026,PRESEASON WEEK 3,Friday,August 28th,ATL,MIA,1st Quarter,1,Miami Dolphins,0,2,0,4 Yard Pass,1st & 10 at MIA 26,14:55 1st Shotgun,— C.Miller pass short left to C.Bell to MIA 30 for 4 yards (A.Terrell).
2026,PRESEASON WEEK 3,Friday,August 28th,ATL,MIA,1st Quarter,1,Miami Dolphins,0,3,0,-2 Yard Run,2nd & 6 at MIA 30,14:20 1st,— C.Washington right tackle to MIA 28 for -2 yards (M.Smith).
2026,PRESEASON WEEK 3,Friday,August 28th,ATL,MIA,1st Quarter,1,Miami Dolphins,0,4,0,-10 Yard Penalty,3rd & 8 at MIA 28,13:41 1st Shotgun,"— C.Miller scrambles right end pushed ob at MIA 37 for 9 yards (D.Hellams). PENALTY on MIA-J.Priebe, Offensive Holding, 10 yards, enforced at MIA 28 - No Play."
2026,PRESEASON WEEK 3,Friday,August 28th,ATL,MIA,1st Quarter,1,Miami Dolphins,0,5,0,Pass Incomplete,3rd & 18 at MIA 18,13:14 1st Shotgun,— C.Miller pass incomplete short right.
2026,PRESEASON WEEK 3,Friday,August 28th,ATL,MIA,1st Quarter,1,Miami Dolphins,0,6,0,Punt,4th & 18 at MIA 18,13:06 1st,"— B.Pinion punts 60 yards to ATL 22, Center-T.Addington. Z.Branch to ATL 40 for 18 yards (C.Goode; T.Addington)."
2026,PRESEASON WEEK 3,Friday,August 28th,ATL,MIA,1st Quarter,2,Atlanta Falcons,1,1,0,11 Yard Pass,1st & 10 at ATL 40,12:53 1st Shotgun,— T.Tagovailoa pass short right to J.Dotson to MIA 49 for 11 yards (J.Brents).
2026,PRESEASON WEEK 3,Friday,August 28th,ATL,MIA,1st Quarter,2,Atlanta Falcons,1,2,0,-2 Yard Run,1st & 10 at MIA 49,12:17 1st,— Br.Robinson left end to ATL 49 for -2 yards (R.Beal).
2026,PRESEASON WEEK 3,Friday,August 28th,ATL,MIA,1st Quarter,2,Atlanta Falcons,1,3,0,-5 Yard Penalty,2nd & 12 at ATL 49,11:34 1st Shotgun,"— PENALTY on ATL-J.Taylor, False Start, 5 yards, enforced at ATL 49 - No Play."
2026,PRESEASON WEEK 3,Friday,August 28th,ATL,MIA,1st Quarter,2,Atlanta Falcons,1,4,0,6 Yard Pass,2nd & 17 at ATL 44,11:15 1st Shotgun,— T.Tagovailoa pass short middle to K.Pitts to 50 for 6 yards (A.Green).
2026,PRESEASON WEEK 3,Friday,August 28th,ATL,MIA,1st Quarter,2,Atlanta Falcons,1,5,0,37 Yard Pass,3rd & 11 at 50,10:29 1st Shotgun,— T.Tagovailoa pass short right to K.Pitts pushed ob at MIA 13 for 37 yards (E.Bonner).
2026,PRESEASON WEEK 3,Friday,August 28th,ATL,MIA,1st Quarter,2,Atlanta Falcons,1,6,0,7 Yard Run,1st & 10 at MIA 13,09:50 1st,— Br.Robinson up the middle to MIA 6 for 7 yards (T.Dodson).
2026,PRESEASON WEEK 3,Friday,August 28th,ATL,MIA,1st Quarter,2,Atlanta Falcons,1,7,0,3 Yard Run,2nd & 3 at MIA 6,09:18 1st,— Br.Robinson up the middle to MIA 3 for 3 yards (K.Cooper; J.Woodard). (Virtual Measurement).
2026,PRESEASON WEEK 3,Friday,August 28th,ATL,MIA,1st Quarter,2,Atlanta Falcons,1,8,0,Pass Incomplete,1st & 3 at MIA 3,08:55 1st,— T.Tagovailoa pass incomplete short left.
2026,PRESEASON WEEK 3,Friday,August 28th,ATL,MIA,1st Quarter,2,Atlanta Falcons,1,9,1,Touchdown,2nd & 3 at MIA 3,08:49 1st Shotgun,"— Br.Robinson up the middle for 3 yards, TOUCHDOWN."
2026,PRESEASON WEEK 3,Friday,August 28th,ATL,MIA,1st Quarter,2,Atlanta Falcons,1,10,1,Extra Point,,08:43 1st,"— N.Folk extra point is GOOD, Center-L.McCullough, Holder-J.Bailey."
2026,PRESEASON WEEK 3,Friday,August 28th,ATL,MIA,1st Quarter,3,Miami Dolphins,1,1,0,Kickoff from ATL 35,,Kickoff,— N.Folk kicks 56 yards from ATL 35 to MIA 9. J.Reagor pushed ob at MIA 33 for 24 yards (K.Daniels).
2026,PRESEASON WEEK 3,Friday,August 28th,ATL,MIA,1st Quarter,3,Miami Dolphins,1,2,0,19 Yard Pass,1st & 10 at MIA 33,08:38 1st,— C.Miller pass deep left to J.Tolbert to ATL 48 for 19 yards (C.Henderson).
2026,PRESEASON WEEK 3,Friday,August 28th,ATL,MIA,1st Quarter,3,Miami Dolphins,1,3,0,-3 Yard Sack,1st & 10 at ATL 48,07:58 1st,— C.Miller sacked at MIA 49 for -3 yards (C.Thomas).
2026,PRESEASON WEEK 3,Friday,August 28th,ATL,MIA,1st Quarter,3,Miami Dolphins,1,4,0,2 Yard Run,2nd & 13 at MIA 49,07:16 1st Shotgun,— C.Miller scrambles up the middle to ATL 49 for 2 yards (H.Perkins).
2026,PRESEASON WEEK 3,Friday,August 28th,ATL,MIA,1st Quarter,3,Miami Dolphins,1,5,0,18 Yard Pass,3rd & 11 at ATL 49,06:36 1st Shotgun,— C.Miller pass short middle to C.Bell to ATL 31 for 18 yards (X.Watts).
2026,PRESEASON WEEK 3,Friday,August 28th,ATL,MIA,1st Quarter,3,Miami Dolphins,1,6,0,3 Yard Run,1st & 10 at ATL 31,05:56 1st,— C.Washington left guard to ATL 28 for 3 yards (A.Ojulari; Z.Harrison).
2026,PRESEASON WEEK 3,Friday,August 28th,ATL,MIA,1st Quarter,3,Miami Dolphins,1,7,0,Pass Incomplete,2nd & 7 at ATL 28,05:18 1st,— C.Miller pass incomplete short middle to J.Reagor (D.Hellams).
2026,PRESEASON WEEK 3,Friday,August 28th,ATL,MIA,1st Quarter,3,Miami Dolphins,1,8,0,Pass Incomplete,3rd & 7 at ATL 28,05:11 1st Shotgun,— C.Miller pass incomplete short middle to C.Bell (M.Hughes).
2026,PRESEASON WEEK 3,Friday,August 28th,ATL,MIA,1st Quarter,3,Miami Dolphins,1,9,1,Field Goal,4th & 7 at ATL 28,05:06 1st,"— R.Patterson 46 yard field goal is GOOD, Center-T.Addington, Holder-B.Pinion."
2026,PRESEASON WEEK 3,Friday,August 28th,ATL,MIA,1st Quarter,4,Atlanta Falcons,0,1,0,Kickoff from MIA 35,,Kickoff,"— R.Patterson kicks 38 yards from MIA 35 to ATL 27, out of bounds. PENALTY on MIA-R.Patterson, Kickoff Out of Bounds, placed at ATL 40."
2026,PRESEASON WEEK 3,Friday,August 28th,ATL,MIA,1st Quarter,4,Atlanta Falcons,0,2,0,Fumble,1st & 10 at ATL 40,05:03 1st,"— T.Tagovailoa FUMBLES (Aborted) at ATL 40, touched at ATL 40, RECOVERED by MIA-W.Gay at ATL 42."
2026,PRESEASON WEEK 3,Friday,August 28th,ATL,MIA,1st Quarter,5,Miami Dolphins,0,1,0,Pass Incomplete,1st & 10 at ATL 42,04:57 1st Shotgun,— C.Miller pass incomplete deep left to C.Bell (C.Henderson).
2026,PRESEASON WEEK 3,Friday,August 28th,ATL,MIA,1st Quarter,5,Miami Dolphins,0,2,0,4 Yard Pass,2nd & 10 at ATL 42,04:51 1st Shotgun,— C.Miller pass short left to J.Tolbert to ATL 38 for 4 yards (C.Henderson).
2026,PRESEASON WEEK 3,Friday,August 28th,ATL,MIA,1st Quarter,5,Miami Dolphins,0,3,0,Timeout,,04:14 1st,— Timeout #1 by MIA at 04:14.
2026,PRESEASON WEEK 3,Friday,August 28th,ATL,MIA,1st Quarter,5,Miami Dolphins,0,4,0,Pass Incomplete,3rd & 6 at ATL 38,04:14 1st Shotgun,— C.Miller pass incomplete short left to C.Bell [K.Daniels].
2026,PRESEASON WEEK 3,Friday,August 28th,ATL,MIA,1st Quarter,5,Miami Dolphins,0,5,0,Field Goal No Good,4th & 6 at ATL 38,04:09 1st,"— R.Patterson 56 yard field goal is BLOCKED (C.Williams), Center-T.Addington, Holder-B.Pinion."
2026,PRESEASON WEEK 3,Friday,August 28th,ATL,MIA,1st Quarter,6,Atlanta Falcons,0,1,0,9 Yard Pass,1st & 10 at ATL 46,04:00 1st,— T.Tagovailoa pass short middle to Br.Robinson to MIA 45 for 9 yards (D.Ojabo; J.Woodard).
2026,PRESEASON WEEK 3,Friday,August 28th,ATL,MIA,1st Quarter,6,Atlanta Falcons,0,2,0,16 Yard Pass,2nd & 1 at MIA 45,03:23 1st,— T.Tagovailoa pass short middle to K.Pitts pushed ob at MIA 29 for 16 yards (J.Brents).
2026,PRESEASON WEEK 3,Friday,August 28th,ATL,MIA,1st Quarter,6,Atlanta Falcons,0,3,0,8 Yard Pass,1st & 10 at MIA 29,02:43 1st Shotgun,"— T.Tagovailoa pass short right to J.Dotson ran ob at MIA 21 for 8 yards (J.Brents). Penalty on MIA-D.Ojabo, Defensive Offside, declined."
2026,PRESEASON WEEK 3,Friday,August 28th,ATL,MIA,1st Quarter,6,Atlanta Falcons,0,4,0,-5 Yard Penalty,2nd & 2 at MIA 21,02:12 1st Shotgun,"— PENALTY on ATL-J.Taylor, False Start, 5 yards, enforced at MIA 21 - No Play."
2026,PRESEASON WEEK 3,Friday,August 28th,ATL,MIA,1st Quarter,6,Atlanta Falcons,0,5,0,8 Yard Pass,2nd & 7 at MIA 26,01:47 1st,— T.Tagovailoa pass short left to J.Dotson to MIA 18 for 8 yards (E.Bonner).
2026,PRESEASON WEEK 3,Friday,August 28th,ATL,MIA,1st Quarter,6,Atlanta Falcons,0,6,0,Fumble,1st & 10 at MIA 18,01:10 1st Shotgun,"— Br.Robinson right end to MIA 15 for 3 yards (T.Dodson). FUMBLES (T.Dodson), RECOVERED by MIA-J.Woodard at MIA 13."
2026,PRESEASON WEEK 3,Friday,August 28th,ATL,MIA,2nd Quarter,1,Miami Dolphins,0,1,0,Pass Incomplete,1st & 10 at MIA 13,01:03 1st,— C.Miller pass incomplete deep right to J.Reagor.
2026,PRESEASON WEEK 3,Friday,August 28th,ATL,MIA,2nd Quarter,1,Miami Dolphins,0,2,0,6 Yard Run,2nd & 10 at MIA 13,00:56 1st Shotgun,— C.Washington left guard to MIA 19 for 6 yards (N.Brooks).
2026,PRESEASON WEEK 3,Friday,August 28th,ATL,MIA,2nd Quarter,1,Miami Dolphins,0,3,0,3 Yard Run,3rd & 4 at MIA 19,00:17 1st Shotgun,"— C.Miller scrambles left end to MIA 22 for 3 yards (H.Perkins, B.Trice)."
2026,PRESEASON WEEK 3,Friday,August 28th,ATL,MIA,2nd Quarter,1,Miami Dolphins,0,4,0,Punt,4th & 1 at MIA 22,15:00 2nd,"— B.Pinion punts 53 yards to ATL 25, Center-T.Addington. D.Drummond to ATL 29 for 4 yards (R.Miller)."
2026,PRESEASON WEEK 3,Friday,August 28th,ATL,MIA,2nd Quarter,2,Atlanta Falcons,0,1,0,5 Yard Pass,1st & 10 at ATL 29,14:49 2nd Shotgun,— C.Rush pass short right to V.Anthony to ATL 34 for 5 yards (W.Gay; T.Dodson).
2026,PRESEASON WEEK 3,Friday,August 28th,ATL,MIA,2nd Quarter,2,Atlanta Falcons,0,2,0,2 Yard Run,2nd & 5 at ATL 34,14:13 2nd,— T.Goodson right guard to ATL 36 for 2 yards (T.Dodson; J.Woodard).
2026,PRESEASON WEEK 3,Friday,August 28th,ATL,MIA,2nd Quarter,2,Atlanta Falcons,0,3,0,1 Yard Run,3rd & 3 at ATL 36,13:26 2nd Shotgun,— T.Goodson up the middle to ATL 37 for 1 yard (E.Bonner).
2026,PRESEASON WEEK 3,Friday,August 28th,ATL,MIA,2nd Quarter,2,Atlanta Falcons,0,4,0,Punt,4th & 2 at ATL 37,12:42 2nd,"— J.Bailey punts 63 yards to end zone, Center-L.McCullough, Touchback."
2026,PRESEASON WEEK 3,Friday,August 28th,ATL,MIA,2nd Quarter,3,Miami Dolphins,0,1,0,-5 Yard Penalty,1st & 10 at MIA 20,12:32 2nd,"— PENALTY on MIA-D.Campbell, False Start, 5 yards, enforced at MIA 20 - No Play."
2026,PRESEASON WEEK 3,Friday,August 28th,ATL,MIA,2nd Quarter,3,Miami Dolphins,0,2,0,3 Yard Run,1st & 15 at MIA 15,12:32 2nd Shotgun,— C.Miller left end to MIA 18 for 3 yards (J.Robinson).
2026,PRESEASON WEEK 3,Friday,August 28th,ATL,MIA,2nd Quarter,3,Miami Dolphins,0,3,0,4 Yard Run,2nd & 12 at MIA 18,11:50 2nd,— C.Washington right end to MIA 22 for 4 yards (N.Brooks).
2026,PRESEASON WEEK 3,Friday,August 28th,ATL,MIA,2nd Quarter,3,Miami Dolphins,0,4,0,-5 Yard Sack,3rd & 8 at MIA 22,11:08 2nd Shotgun,"— C.Miller sacked at MIA 17 for -5 yards (H.Perkins). FUMBLES (H.Perkins) [H.Perkins], ball out of bounds at MIA 17."
2026,PRESEASON WEEK 3,Friday,August 28th,ATL,MIA,2nd Quarter,3,Miami Dolphins,0,5,0,Punt,4th & 13 at MIA 17,10:30 2nd,"— B.Pinion punts 51 yards to ATL 32, Center-T.Addington. D.Drummond to ATL 46 for 14 yards (L.Moore; S.Coleman)."
2026,PRESEASON WEEK 3,Friday,August 28th,ATL,MIA,2nd Quarter,4,Atlanta Falcons,1,1,0,11 Yard Pass,1st & 10 at ATL 46,10:16 2nd,— C.Rush pass short middle to J.Velling to MIA 43 for 11 yards (K.Louis; W.Gay).
2026,PRESEASON WEEK 3,Friday,August 28th,ATL,MIA,2nd Quarter,4,Atlanta Falcons,1,2,0,0 Yard Run,1st & 10 at MIA 43,09:28 2nd,— T.Goodson right end to MIA 43 for no gain (T.Dodson; D.Ojabo).
2026,PRESEASON WEEK 3,Friday,August 28th,ATL,MIA,2nd Quarter,4,Atlanta Falcons,1,3,0,8 Yard Pass,2nd & 10 at MIA 43,08:50 2nd Shotgun,— C.Rush pass short middle to N.Muse to MIA 35 for 8 yards (W.Gay; J.Woodard).
2026,PRESEASON WEEK 3,Friday,August 28th,ATL,MIA,2nd Quarter,4,Atlanta Falcons,1,4,0,-1 Yard Run,3rd & 2 at MIA 35,08:11 2nd,— T.Goodson right guard to MIA 36 for -1 yards (D.Trader).
2026,PRESEASON WEEK 3,Friday,August 28th,ATL,MIA,2nd Quarter,4,Atlanta Falcons,1,5,0,5 Yard Pass,4th & 3 at MIA 36,07:33 2nd Shotgun,— C.Rush pass short right to C.Blair to MIA 31 for 5 yards (E.Bonner).
2026,PRESEASON WEEK 3,Friday,August 28th,ATL,MIA,2nd Quarter,4,Atlanta Falcons,1,6,0,0 Yard Pass,1st & 10 at MIA 31,06:56 2nd Shotgun,— C.Rush pass short right to N.Carter to MIA 31 for no gain (C.Rice; J.Woodard).
2026,PRESEASON WEEK 3,Friday,August 28th,ATL,MIA,2nd Quarter,4,Atlanta Falcons,1,7,0,11 Yard Pass,2nd & 10 at MIA 31,06:12 2nd Shotgun,— C.Rush pass short left to C.Blair to MIA 20 for 11 yards (M.Wilson) [S.Coleman].
2026,PRESEASON WEEK 3,Friday,August 28th,ATL,MIA,2nd Quarter,4,Atlanta Falcons,1,8,0,5 Yard Pass,1st & 10 at MIA 20,05:31 2nd Shotgun,— C.Rush pass short middle to T.Goodson to MIA 15 for 5 yards (L.Johnson).
2026,PRESEASON WEEK 3,Friday,August 28th,ATL,MIA,2nd Quarter,4,Atlanta Falcons,1,9,0,Timeout,,04:45 2nd,— Timeout #1 by ATL at 04:45.
2026,PRESEASON WEEK 3,Friday,August 28th,ATL,MIA,2nd Quarter,4,Atlanta Falcons,1,10,0,9 Yard Pass,2nd & 5 at MIA 15,04:45 2nd,— C.Rush pass short right to V.Anthony ran ob at MIA 6 for 9 yards (L.Johnson).
2026,PRESEASON WEEK 3,Friday,August 28th,ATL,MIA,2nd Quarter,4,Atlanta Falcons,1,11,0,3 Yard Run,1st & 6 at MIA 6,04:10 2nd,— T.Goodson up the middle to MIA 3 for 3 yards (W.Gay; M.Llewellyn).
2026,PRESEASON WEEK 3,Friday,August 28th,ATL,MIA,2nd Quarter,4,Atlanta Falcons,1,12,0,Pass Incomplete,2nd & 3 at MIA 3,03:34 2nd Shotgun,— C.Rush pass incomplete short left to D.Drummond.
2026,PRESEASON WEEK 3,Friday,August 28th,ATL,MIA,2nd Quarter,4,Atlanta Falcons,1,13,1,Touchdown,3rd & 3 at MIA 3,03:31 2nd Shotgun,"— C.Rush pass short middle to J.Velling for 3 yards, TOUCHDOWN."
2026,PRESEASON WEEK 3,Friday,August 28th,ATL,MIA,2nd Quarter,4,Atlanta Falcons,1,14,1,Extra Point,,03:28 2nd,"— N.Folk extra point is GOOD, Center-L.McCullough, Holder-J.Bailey."
2026,PRESEASON WEEK 3,Friday,August 28th,ATL,MIA,2nd Quarter,5,Miami Dolphins,1,1,0,Kickoff from ATL 35,,Kickoff,— N.Folk kicks 60 yards from ATL 35 to MIA 5. J.Reagor to ATL 49 for 46 yards (N.Muse).
2026,PRESEASON WEEK 3,Friday,August 28th,ATL,MIA,2nd Quarter,5,Miami Dolphins,1,2,0,16 Yard Pass,1st & 10 at ATL 49,03:19 2nd Shotgun,— C.Miller pass short middle to T.Marshall to ATL 33 for 16 yards (C.Henderson).
2026,PRESEASON WEEK 3,Friday,August 28th,ATL,MIA,2nd Quarter,5,Miami Dolphins,1,3,0,2 Yard Run,1st & 10 at ATL 33,02:39 2nd Shotgun,— C.Washington left end to ATL 31 for 2 yards (S.Brown).
2026,PRESEASON WEEK 3,Friday,August 28th,ATL,MIA,2nd Quarter,5,Miami Dolphins,1,4,0,4 Yard Pass,2nd & 8 at ATL 31,02:00 2nd Shotgun,— C.Miller pass short right to J.Tolbert ran ob at ATL 27 for 4 yards (N.Brooks).
2026,PRESEASON WEEK 3,Friday,August 28th,ATL,MIA,2nd Quarter,5,Miami Dolphins,1,5,0,Pass Incomplete,3rd & 4 at ATL 27,01:56 2nd Shotgun,— C.Miller pass incomplete short right to S.Traore (C.Henderson).
2026,PRESEASON WEEK 3,Friday,August 28th,ATL,MIA,2nd Quarter,5,Miami Dolphins,1,6,1,Field Goal,4th & 4 at ATL 27,01:52 2nd,"— R.Patterson 45 yard field goal is GOOD, Center-T.Addington, Holder-B.Pinion."
2026,PRESEASON WEEK 3,Friday,August 28th,ATL,MIA,2nd Quarter,6,Atlanta Falcons,0,1,0,Kickoff from MIA 35,,Kickoff,"— R.Patterson kicks 63 yards from MIA 35 to ATL 2. T.Goodson to ATL 32 for 30 yards (D.Trader; R.Miller). PENALTY on ATL-H.Perkins, Offensive Holding, 10 yards, enforced at ATL 28."
2026,PRESEASON WEEK 3,Friday,August 28th,ATL,MIA,2nd Quarter,6,Atlanta Falcons,0,2,0,5 Yard Pass,1st & 10 at ATL 18,01:39 2nd Shotgun,— C.Rush pass short middle to D.Drummond to ATL 23 for 5 yards (J.Woodard).
2026,PRESEASON WEEK 3,Friday,August 28th,ATL,MIA,2nd Quarter,6,Atlanta Falcons,0,3,0,Pass Incomplete,2nd & 5 at ATL 23,"01:22 2nd No Huddle, Shotgun",— C.Rush pass incomplete short right to J.Velling.
2026,PRESEASON WEEK 3,Friday,August 28th,ATL,MIA,2nd Quarter,6,Atlanta Falcons,0,4,0,Pass Incomplete,3rd & 5 at ATL 23,01:14 2nd Shotgun,— C.Rush pass incomplete short middle to C.Blair.
2026,PRESEASON WEEK 3,Friday,August 28th,ATL,MIA,2nd Quarter,6,Atlanta Falcons,0,5,0,Punt,4th & 5 at ATL 23,01:11 2nd,"— J.Bailey punts 61 yards to MIA 16, Center-L.McCullough. J.Reagor to MIA 26 for 10 yards (C.Harris)."
2026,PRESEASON WEEK 3,Friday,August 28th,ATL,MIA,2nd Quarter,7,Miami Dolphins,0,1,0,Pass Incomplete,1st & 10 at MIA 26,01:01 2nd Shotgun,— C.Miller pass incomplete short right [C.Harris].
2026,PRESEASON WEEK 3,Friday,August 28th,ATL,MIA,2nd Quarter,7,Miami Dolphins,0,2,0,Pass Incomplete,2nd & 10 at MIA 26,00:54 2nd Shotgun,— C.Miller pass incomplete short left to C.Washington (D.Holmes) [C.Williams].
2026,PRESEASON WEEK 3,Friday,August 28th,ATL,MIA,2nd Quarter,7,Miami Dolphins,0,3,0,6 Yard Pass,3rd & 10 at MIA 26,00:48 2nd Shotgun,— C.Miller pass short right to T.Wease to MIA 32 for 6 yards (C.Henderson).
2026,PRESEASON WEEK 3,Friday,August 28th,ATL,MIA,2nd Quarter,7,Miami Dolphins,0,4,0,Timeout,,00:46 2nd,— Timeout #2 by ATL at 00:46.
2026,PRESEASON WEEK 3,Friday,August 28th,ATL,MIA,2nd Quarter,7,Miami Dolphins,0,5,0,Punt,4th & 4 at MIA 32,00:46 2nd,"— B.Pinion punts 33 yards to ATL 35, Center-T.Addington, out of bounds."
2026,PRESEASON WEEK 3,Friday,August 28th,ATL,MIA,2nd Quarter,8,Atlanta Falcons,1,1,0,Pass Incomplete,1st & 10 at ATL 35,00:41 2nd Shotgun,— C.Rush pass incomplete short middle to V.Anthony.
2026,PRESEASON WEEK 3,Friday,August 28th,ATL,MIA,2nd Quarter,8,Atlanta Falcons,1,2,0,7 Yard Pass,2nd & 10 at ATL 35,00:35 2nd Shotgun,— C.Rush pass short middle to J.Velling to ATL 42 for 7 yards (T.Dodson).
2026,PRESEASON WEEK 3,Friday,August 28th,ATL,MIA,2nd Quarter,8,Atlanta Falcons,1,3,0,Timeout,,00:28 2nd,— Timeout #3 by ATL at 00:28.
2026,PRESEASON WEEK 3,Friday,August 28th,ATL,MIA,2nd Quarter,8,Atlanta Falcons,1,4,0,11 Yard Pass,3rd & 3 at ATL 42,00:28 2nd Shotgun,"— C.Rush pass short left to C.Blair to ATL 48 for 6 yards (W.Gay; M.Wilson). PENALTY on MIA-D.Ojabo, Defensive Delay of Game, 5 yards, enforced at ATL 48."
2026,PRESEASON WEEK 3,Friday,August 28th,ATL,MIA,2nd Quarter,8,Atlanta Falcons,1,5,0,31 Yard Pass,1st & 10 at MIA 47,00:19 2nd Shotgun,— C.Rush pass deep left to T.Goodson to MIA 16 for 31 yards (W.Gay).
2026,PRESEASON WEEK 3,Friday,August 28th,ATL,MIA,2nd Quarter,8,Atlanta Falcons,1,6,0,Pass Incomplete,1st & 10 at MIA 16,00:03 2nd No Huddle,— C.Rush spiked the ball to stop the clock.
2026,PRESEASON WEEK 3,Friday,August 28th,ATL,MIA,2nd Quarter,8,Atlanta Falcons,1,7,1,Field Goal,2nd & 10 at MIA 16,00:02 2nd,"— N.Folk 34 yard field goal is GOOD, Center-L.McCullough, Holder-J.Bailey."
2026,PRESEASON WEEK 3,Friday,August 28th,ATL,MIA,3rd Quarter,1,Atlanta Falcons,0,1,0,Kickoff from MIA 35,,Kickoff,"— R.Patterson kicks 60 yards from MIA 35 to ATL 5. N.Brooks MUFFS catch, and recovers at ATL 5. N.Brooks to ATL 23 for 18 yards (D.McCulley)."
2026,PRESEASON WEEK 3,Friday,August 28th,ATL,MIA,3rd Quarter,1,Atlanta Falcons,0,2,0,-5 Yard Penalty,1st & 10 at ATL 23,14:54 3rd,"— N.Carter right end to ATL 32 for 9 yards (L.Moore). PENALTY on ATL, Illegal Formation, 5 yards, enforced at ATL 23 - No Play."
2026,PRESEASON WEEK 3,Friday,August 28th,ATL,MIA,3rd Quarter,1,Atlanta Falcons,0,3,0,9 Yard Pass,1st & 15 at ATL 18,14:31 3rd Shotgun,— J.Strand pass short left to K.Marion to ATL 27 for 9 yards (M.Wilson).
2026,PRESEASON WEEK 3,Friday,August 28th,ATL,MIA,3rd Quarter,1,Atlanta Falcons,0,4,0,2 Yard Pass,2nd & 6 at ATL 27,13:54 3rd Shotgun,— J.Strand pass short left to N.Muse pushed ob at ATL 29 for 2 yards (J.Thomas).
2026,PRESEASON WEEK 3,Friday,August 28th,ATL,MIA,3rd Quarter,1,Atlanta Falcons,0,5,0,-6 Yard Sack,3rd & 4 at ATL 29,13:26 3rd Shotgun,— J.Strand sacked at ATL 23 for -6 yards (sack split by S.Coleman and M.Butler).
2026,PRESEASON WEEK 3,Friday,August 28th,ATL,MIA,3rd Quarter,1,Atlanta Falcons,0,6,0,Punt,4th & 10 at ATL 23,12:45 3rd,"— J.Bailey punts 51 yards to MIA 26, Center-L.McCullough, out of bounds."
2026,PRESEASON WEEK 3,Friday,August 28th,ATL,MIA,3rd Quarter,2,Miami Dolphins,1,1,0,-1 Yard Run,1st & 10 at MIA 26,12:37 3rd,— C.Washington left tackle to MIA 25 for -1 yards (C.Allen).
2026,PRESEASON WEEK 3,Friday,August 28th,ATL,MIA,3rd Quarter,2,Miami Dolphins,1,2,0,Pass Incomplete,2nd & 11 at MIA 25,11:58 3rd,— M.Gronowski pass incomplete short right.
2026,PRESEASON WEEK 3,Friday,August 28th,ATL,MIA,3rd Quarter,2,Miami Dolphins,1,3,0,33 Yard Pass,3rd & 11 at MIA 25,11:51 3rd Shotgun,— M.Gronowski pass deep left to T.Marshall to ATL 42 for 33 yards (C.Bryant) [Z.Harrison].
2026,PRESEASON WEEK 3,Friday,August 28th,ATL,MIA,3rd Quarter,2,Miami Dolphins,1,4,0,19 Yard Penalty,1st & 10 at ATL 42,11:06 3rd Shotgun,"— M.Gronowski pass deep right to J.Tolbert to ATL 24 for 18 yards (C.Phillips). PENALTY on ATL-C.Phillips, Defensive Pass Interference, 19 yards, enforced at ATL 42 - No Play."
2026,PRESEASON WEEK 3,Friday,August 28th,ATL,MIA,3rd Quarter,2,Miami Dolphins,1,5,0,6 Yard Run,1st & 10 at ATL 23,10:54 3rd Shotgun,— C.Washington left guard to ATL 17 for 6 yards (D.Holmes).
2026,PRESEASON WEEK 3,Friday,August 28th,ATL,MIA,3rd Quarter,2,Miami Dolphins,1,6,0,3 Yard Run,2nd & 4 at ATL 17,10:08 3rd,— C.Washington up the middle to ATL 14 for 3 yards (J.Robinson).
2026,PRESEASON WEEK 3,Friday,August 28th,ATL,MIA,3rd Quarter,2,Miami Dolphins,1,7,0,0 Yard Run,3rd & 1 at ATL 14,09:25 3rd,— C.Washington right tackle to ATL 14 for no gain (M.Tuipulotu).
2026,PRESEASON WEEK 3,Friday,August 28th,ATL,MIA,3rd Quarter,2,Miami Dolphins,1,8,0,11 Yard Run,4th & 1 at ATL 14,08:43 3rd,— C.Washington up the middle to ATL 3 for 11 yards (C.Phillips).
2026,PRESEASON WEEK 3,Friday,August 28th,ATL,MIA,3rd Quarter,2,Miami Dolphins,1,9,0,2 Yard Run,1st & 3 at ATL 3,07:56 3rd,— C.Washington left tackle to ATL 1 for 2 yards (J.Pearce; J.Robinson).
2026,PRESEASON WEEK 3,Friday,August 28th,ATL,MIA,3rd Quarter,2,Miami Dolphins,1,10,0,-2 Yard Run,2nd & 1 at ATL 1,07:14 3rd,"— C.Washington right guard to ATL 3 for -2 yards (J.Woods, C.Allen)."
2026,PRESEASON WEEK 3,Friday,August 28th,ATL,MIA,3rd Quarter,2,Miami Dolphins,1,11,0,Pass Incomplete,3rd & 3 at ATL 3,06:30 3rd,— M.Gronowski pass incomplete short right to T.Wease.
2026,PRESEASON WEEK 3,Friday,August 28th,ATL,MIA,3rd Quarter,2,Miami Dolphins,1,12,0,-5 Yard Penalty,4th & 3 at ATL 3,06:24 3rd Pass formation,"— PENALTY on MIA-J.Priebe, False Start, 5 yards, enforced at ATL 3 - No Play."
2026,PRESEASON WEEK 3,Friday,August 28th,ATL,MIA,3rd Quarter,2,Miami Dolphins,1,13,1,Field Goal,4th & 8 at ATL 8,06:24 3rd,"— R.Patterson 26 yard field goal is GOOD, Center-T.Addington, Holder-B.Pinion."
2026,PRESEASON WEEK 3,Friday,August 28th,ATL,MIA,3rd Quarter,3,Atlanta Falcons,0,1,0,Kickoff from MIA 35,,Kickoff,"— R.Patterson kicks 61 yards from MIA 35 to ATL 4. M.Ford to ATL 30 for 26 yards (T.Marshall; M.Battle). PENALTY on ATL-C.Phillips, Illegal Block Above the Waist, 10 yards, enforced at ATL 28."
2026,PRESEASON WEEK 3,Friday,August 28th,ATL,MIA,3rd Quarter,3,Atlanta Falcons,0,2,0,2 Yard Run,1st & 10 at ATL 18,06:13 3rd,— N.Carter left guard to ATL 20 for 2 yards (J.Thomas; C.Riley).
2026,PRESEASON WEEK 3,Friday,August 28th,ATL,MIA,3rd Quarter,3,Atlanta Falcons,0,3,0,7 Yard Run,2nd & 8 at ATL 20,05:34 3rd Shotgun,— N.Carter right guard to ATL 27 for 7 yards (A.Green).
2026,PRESEASON WEEK 3,Friday,August 28th,ATL,MIA,3rd Quarter,3,Atlanta Falcons,0,4,0,0 Yard Run,3rd & 1 at ATL 27,05:00 3rd,— J.Strand up the middle to ATL 27 for no gain (J.Thomas; S.Dix).
2026,PRESEASON WEEK 3,Friday,August 28th,ATL,MIA,3rd Quarter,3,Atlanta Falcons,0,5,0,Punt,4th & 6 at ATL 22,04:00 3rd,"— J.Bailey punts 50 yards to MIA 28, Center-L.McCullough, out of bounds."
2026,PRESEASON WEEK 3,Friday,August 28th,ATL,MIA,4th Quarter,1,Miami Dolphins,0,1,0,17 Yard Pass,1st & 10 at MIA 28,03:54 3rd Shotgun,— M.Gronowski pass deep right to J.Reagor to MIA 45 for 17 yards (C.Bryant).
2026,PRESEASON WEEK 3,Friday,August 28th,ATL,MIA,4th Quarter,1,Miami Dolphins,0,2,0,2 Yard Run,1st & 10 at MIA 45,03:13 3rd,— C.Bennett right tackle to MIA 47 for 2 yards (Z.Harrison).
2026,PRESEASON WEEK 3,Friday,August 28th,ATL,MIA,4th Quarter,1,Miami Dolphins,0,3,0,11 Yard Run,2nd & 8 at MIA 47,02:39 3rd Shotgun,— M.Gronowski scrambles left end to ATL 42 for 11 yards (J.Robinson).
2026,PRESEASON WEEK 3,Friday,August 28th,ATL,MIA,4th Quarter,1,Miami Dolphins,0,4,0,Pass Incomplete,1st & 10 at ATL 42,01:54 3rd,— M.Gronowski pass incomplete short left to D.Herman.
2026,PRESEASON WEEK 3,Friday,August 28th,ATL,MIA,4th Quarter,1,Miami Dolphins,0,5,0,3 Yard Run,2nd & 10 at ATL 42,01:47 3rd,— C.Bennett right guard to ATL 39 for 3 yards (N.Brooks; J.Woods).
2026,PRESEASON WEEK 3,Friday,August 28th,ATL,MIA,4th Quarter,1,Miami Dolphins,0,6,0,13 Yard Run,3rd & 7 at ATL 39,01:06 3rd Shotgun,— M.Gronowski up the middle to ATL 26 for 13 yards (C.Tindall).
2026,PRESEASON WEEK 3,Friday,August 28th,ATL,MIA,4th Quarter,1,Miami Dolphins,0,7,0,0 Yard Run,1st & 10 at ATL 26,00:22 3rd,— C.Bennett left guard to ATL 26 for no gain (N.Brooks; M.Tuipulotu).
2026,PRESEASON WEEK 3,Friday,August 28th,ATL,MIA,4th Quarter,1,Miami Dolphins,0,8,0,16 Yard Pass,2nd & 10 at ATL 26,15:00 4th,— M.Gronowski pass deep middle to T.Wease to ATL 10 for 16 yards (J.Robinson; C.Bryant).
2026,PRESEASON WEEK 3,Friday,August 28th,ATL,MIA,4th Quarter,1,Miami Dolphins,0,9,0,4 Yard Run,1st & 10 at ATL 10,14:16 4th Shotgun,— M.Gronowski right end to ATL 6 for 4 yards (J.Robinson; C.Tindall).
2026,PRESEASON WEEK 3,Friday,August 28th,ATL,MIA,4th Quarter,1,Miami Dolphins,0,10,0,Fumble,2nd & 6 at ATL 6,13:31 4th Shotgun,"— M.Gronowski FUMBLES (Aborted) at ATL 11, touched at ATL 18, RECOVERED by ATL-J.Woods at ATL 22."
2026,PRESEASON WEEK 3,Friday,August 28th,ATL,MIA,4th Quarter,2,Atlanta Falcons,0,1,0,2 Yard Run,1st & 10 at ATL 22,13:25 4th,— C.Jones left tackle to ATL 24 for 2 yards (R.McGraw).
2026,PRESEASON WEEK 3,Friday,August 28th,ATL,MIA,4th Quarter,2,Atlanta Falcons,0,2,0,7 Yard Pass,2nd & 8 at ATL 24,12:46 4th Shotgun,— J.Strand pass short left to C.Jones to ATL 31 for 7 yards (J.Thomas).
2026,PRESEASON WEEK 3,Friday,August 28th,ATL,MIA,4th Quarter,2,Atlanta Falcons,0,3,0,0 Yard Run,3rd & 1 at ATL 31,12:14 4th,— N.Carter up the middle to ATL 31 for no gain (S.Coleman).
2026,PRESEASON WEEK 3,Friday,August 28th,ATL,MIA,4th Quarter,2,Atlanta Falcons,0,4,0,Punt,4th & 1 at ATL 31,11:35 4th,"— J.Bailey punts 56 yards to MIA 13, Center-L.McCullough. A.Henning to MIA 16 for 3 yards (C.Jones; C.Phillips)."
2026,PRESEASON WEEK 3,Friday,August 28th,ATL,MIA,4th Quarter,3,Miami Dolphins,0,1,0,5 Yard Penalty,1st & 10 at MIA 16,11:20 4th,"— C.Bennett right end to MIA 14 for -2 yards (D.Maxwell). PENALTY on ATL-E.Johnson, Defensive Holding, 5 yards, enforced at MIA 16 - No Play."
2026,PRESEASON WEEK 3,Friday,August 28th,ATL,MIA,4th Quarter,3,Miami Dolphins,0,2,0,0 Yard Run,1st & 10 at MIA 21,11:05 4th,— C.Bennett up the middle to MIA 21 for no gain (D.Rayner; C.Sample).
2026,PRESEASON WEEK 3,Friday,August 28th,ATL,MIA,4th Quarter,3,Miami Dolphins,0,3,0,-5 Yard Penalty,2nd & 10 at MIA 21,10:22 4th Shotgun,"— M.Gronowski pass short middle to J.Franklin to MIA 27 for 6 yards (C.Sample). PENALTY on MIA, Illegal Formation, 5 yards, enforced at MIA 21 - No Play."
2026,PRESEASON WEEK 3,Friday,August 28th,ATL,MIA,4th Quarter,3,Miami Dolphins,0,4,0,31 Yard Pass,2nd & 15 at MIA 16,09:52 4th Shotgun,— M.Gronowski pass short right to A.Henning pushed ob at MIA 47 for 31 yards (M.DeWalt).
2026,PRESEASON WEEK 3,Friday,August 28th,ATL,MIA,4th Quarter,3,Miami Dolphins,0,5,0,Pass Incomplete,1st & 10 at MIA 47,09:14 4th Shotgun,— M.Gronowski pass incomplete deep middle to J.Reagor.
2026,PRESEASON WEEK 3,Friday,August 28th,ATL,MIA,4th Quarter,3,Miami Dolphins,0,6,0,3 Yard Run,2nd & 10 at MIA 47,09:06 4th,— C.Bennett left end ran ob at 50 for 3 yards (M.DeWalt).
2026,PRESEASON WEEK 3,Friday,August 28th,ATL,MIA,4th Quarter,3,Miami Dolphins,0,7,0,-1 Yard Sack,3rd & 7 at 50,08:33 4th Shotgun,— M.Gronowski sacked ob at MIA 49 for -1 yards (E.Johnson).
2026,PRESEASON WEEK 3,Friday,August 28th,ATL,MIA,4th Quarter,3,Miami Dolphins,0,8,0,Punt,4th & 8 at MIA 49,08:00 4th,"— B.Pinion punts 36 yards to ATL 15, Center-T.Addington, fair catch by K.Marion."
2026,PRESEASON WEEK 3,Friday,August 28th,ATL,MIA,4th Quarter,4,Atlanta Falcons,0,1,0,4 Yard Run,1st & 10 at ATL 15,07:52 4th Shotgun,— N.Carter right end to ATL 19 for 4 yards (S.Dix).
2026,PRESEASON WEEK 3,Friday,August 28th,ATL,MIA,4th Quarter,4,Atlanta Falcons,0,2,0,-9 Yard Penalty,2nd & 6 at ATL 19,07:14 4th,"— J.Strand pass short left to A.Wells ran ob at ATL 28 for 9 yards (A.Austin). PENALTY on ATL-W.Morris, Offensive Holding, 9 yards, enforced at ATL 19 - No Play."
2026,PRESEASON WEEK 3,Friday,August 28th,ATL,MIA,4th Quarter,4,Atlanta Falcons,0,3,0,7 Yard Pass,2nd & 15 at ATL 10,06:50 4th,— J.Strand pass short middle to V.Anthony to ATL 17 for 7 yards (S.Dix).
2026,PRESEASON WEEK 3,Friday,August 28th,ATL,MIA,4th Quarter,4,Atlanta Falcons,0,4,0,Interception,3rd & 8 at ATL 17,06:06 4th Shotgun,— J.Strand pass short left intended for N.Carter INTERCEPTED by M.Battle (C.Riley) at ATL 19. M.Battle to ATL 19 for no gain (N.Carter).
2026,PRESEASON WEEK 3,Friday,August 28th,ATL,MIA,4th Quarter,5,Miami Dolphins,1,1,0,Sack,1st & 10 at ATL 19,05:58 4th Shotgun,— M.Gronowski sacked at ATL 19 for 0 yards (J.Pearce).
2026,PRESEASON WEEK 3,Friday,August 28th,ATL,MIA,4th Quarter,5,Miami Dolphins,1,2,0,2 Yard Run,2nd & 10 at ATL 19,05:16 4th,— C.Washington up the middle to ATL 17 for 2 yards (C.Allen; D.Maxwell).
2026,PRESEASON WEEK 3,Friday,August 28th,ATL,MIA,4th Quarter,5,Miami Dolphins,1,3,0,-1 Yard Sack,3rd & 8 at ATL 17,04:34 4th Shotgun,— M.Gronowski sacked at ATL 18 for -1 yards (J.Pearce).
2026,PRESEASON WEEK 3,Friday,August 28th,ATL,MIA,4th Quarter,5,Miami Dolphins,1,4,1,Field Goal,4th & 9 at ATL 18,03:56 4th,"— R.Patterson 37 yard field goal is GOOD, Center-T.Addington, Holder-B.Pinion."
2026,PRESEASON WEEK 3,Friday,August 28th,ATL,MIA,4th Quarter,6,Atlanta Falcons,0,1,0,Kickoff from MIA 35,,Kickoff,— R.Patterson kicks 63 yards from MIA 35 to ATL 2. V.Anthony to MIA 46 for 52 yards (M.Battle).
2026,PRESEASON WEEK 3,Friday,August 28th,ATL,MIA,4th Quarter,6,Atlanta Falcons,0,2,0,5 Yard Run,1st & 10 at MIA 46,03:44 4th Shotgun,— C.Jones left tackle to MIA 41 for 5 yards (F.Mulbah).
2026,PRESEASON WEEK 3,Friday,August 28th,ATL,MIA,4th Quarter,6,Atlanta Falcons,0,3,0,-5 Yard Penalty,2nd & 5 at MIA 41,03:02 4th,"— PENALTY on ATL-J.Roberts, False Start, 5 yards, enforced at MIA 41 - No Play."
2026,PRESEASON WEEK 3,Friday,August 28th,ATL,MIA,4th Quarter,6,Atlanta Falcons,0,4,0,1 Yard Run,2nd & 10 at MIA 46,03:02 4th Shotgun,— J.Strand scrambles left tackle to MIA 45 for 1 yard (S.Dix).
2026,PRESEASON WEEK 3,Friday,August 28th,ATL,MIA,4th Quarter,6,Atlanta Falcons,0,5,0,10 Yard Pass,3rd & 9 at MIA 45,02:20 4th Shotgun,"— J.Strand pass short left to A.Wells to MIA 35 for 10 yards (M.Burns, L.Moore)."
2026,PRESEASON WEEK 3,Friday,August 28th,ATL,MIA,4th Quarter,6,Atlanta Falcons,0,6,0,-3 Yard Run,1st & 10 at MIA 35,02:00 4th Shotgun,— C.Jones up the middle to MIA 38 for -3 yards (M.Burns).
2026,PRESEASON WEEK 3,Friday,August 28th,ATL,MIA,4th Quarter,6,Atlanta Falcons,0,7,0,Timeout,,01:57 4th,— Timeout #1 by MIA at 01:57.
2026,PRESEASON WEEK 3,Friday,August 28th,ATL,MIA,4th Quarter,6,Atlanta Falcons,0,8,0,9 Yard Pass,2nd & 13 at MIA 38,01:57 4th,— J.Strand pass short right to J.Velling to MIA 29 for 9 yards (M.Battle).
2026,PRESEASON WEEK 3,Friday,August 28th,ATL,MIA,4th Quarter,6,Atlanta Falcons,0,9,0,Timeout,,01:50 4th,— Timeout #2 by MIA at 01:50.
2026,PRESEASON WEEK 3,Friday,August 28th,ATL,MIA,4th Quarter,6,Atlanta Falcons,0,10,0,6 Yard Run,3rd & 4 at MIA 29,01:50 4th Shotgun,— J.Strand right end to MIA 23 for 6 yards (S.Coleman).
2026,PRESEASON WEEK 3,Friday,August 28th,ATL,MIA,4th Quarter,6,Atlanta Falcons,0,11,0,Timeout,,01:40 4th,— Timeout #3 by MIA at 01:40.
2026,PRESEASON WEEK 3,Friday,August 28th,ATL,MIA,4th Quarter,6,Atlanta Falcons,0,12,0,-1 Yard Run,1st & 10 at MIA 23,01:40 4th,— J.Strand kneels to MIA 24 for -1 yards.
2026,PRESEASON WEEK 3,Friday,August 28th,ATL,MIA,4th Quarter,6,Atlanta Falcons,0,13,0,-1 Yard Run,2nd & 11 at MIA 24,01:04 4th,— J.Strand kneels to MIA 25 for -1 yards.
2026,PRESEASON WEEK 3,Friday,August 28th,ATL,MIA,4th Quarter,6,Atlanta Falcons,0,14,0,-1 Yard Run,3rd & 12 at MIA 25,00:35 4th,— J.Strand kneels to MIA 26 for -1 yards.
2026,PRESEASON WEEK 3,Friday,August 28th,TB,JAX,1st Quarter,1,Tampa Bay Buccaneers,0,1,0,Kickoff from JAX 35,,Kickoff,"— C.Little kicks 65 yards from JAX 35 to end zone, Touchback to the TB 35."
2026,PRESEASON WEEK 3,Friday,August 28th,TB,JAX,1st Quarter,1,Tampa Bay Buccaneers,0,2,0,8 Yard Run,1st & 10 at TB 35,15:00 1st,— S.Tucker up the middle to TB 43 for 8 yards (J.Mcleod; A.Burney).
2026,PRESEASON WEEK 3,Friday,August 28th,TB,JAX,1st Quarter,1,Tampa Bay Buccaneers,0,3,0,2 Yard Run,2nd & 2 at TB 43,14:21 1st,— S.Tucker up the middle to TB 45 for 2 yards (J.Tavai; J.Mcleod).
2026,PRESEASON WEEK 3,Friday,August 28th,TB,JAX,1st Quarter,1,Tampa Bay Buccaneers,0,4,0,2 Yard Run,1st & 10 at TB 45,13:44 1st,— J.Daniels scrambles left end pushed ob at TB 47 for 2 yards (J.Tavai).
2026,PRESEASON WEEK 3,Friday,August 28th,TB,JAX,1st Quarter,1,Tampa Bay Buccaneers,0,5,0,3 Yard Run,2nd & 8 at TB 47,13:04 1st Shotgun,— S.Tucker left tackle to 50 for 3 yards (J.Muhammad; R.Lane).
2026,PRESEASON WEEK 3,Friday,August 28th,TB,JAX,1st Quarter,1,Tampa Bay Buccaneers,0,6,0,Pass Incomplete,3rd & 5 at 50,12:24 1st Shotgun,— J.Daniels pass incomplete short right to D.Patterson.
2026,PRESEASON WEEK 3,Friday,August 28th,TB,JAX,1st Quarter,1,Tampa Bay Buccaneers,0,7,0,Punt,4th & 5 at 50,12:20 1st,"— R.Dixon punts 39 yards to JAX 11, Center-E.Deckers, fair catch by T.Pena."
2026,PRESEASON WEEK 3,Friday,August 28th,TB,JAX,1st Quarter,2,Jacksonville Jaguars,0,1,0,34 Yard Pass,1st & 10 at JAX 11,12:13 1st,— N.Mullens pass short right to H.Long pushed ob at JAX 45 for 34 yards (X.Williams).
2026,PRESEASON WEEK 3,Friday,August 28th,TB,JAX,1st Quarter,2,Jacksonville Jaguars,0,2,0,3 Yard Run,1st & 10 at JAX 45,11:36 1st,— T.Pena left end to JAX 48 for 3 yards (C.Fordham).
2026,PRESEASON WEEK 3,Friday,August 28th,TB,JAX,1st Quarter,2,Jacksonville Jaguars,0,3,0,0 Yard Pass,2nd & 7 at JAX 48,10:57 1st Shotgun,— N.Mullens pass short right to A.Trammell to JAX 48 for no gain (A.Garnes).
2026,PRESEASON WEEK 3,Friday,August 28th,TB,JAX,1st Quarter,2,Jacksonville Jaguars,0,4,0,4 Yard Run,3rd & 7 at JAX 48,10:15 1st Shotgun,— D.Dallas up the middle to TB 48 for 4 yards (E.Roberts; N.Jackson).
2026,PRESEASON WEEK 3,Friday,August 28th,TB,JAX,1st Quarter,2,Jacksonville Jaguars,0,5,0,13 Yard Pass,4th & 3 at TB 48,09:34 1st,— N.Mullens pass short right to A.Trammell to TB 35 for 13 yards (A.Garnes).
2026,PRESEASON WEEK 3,Friday,August 28th,TB,JAX,1st Quarter,2,Jacksonville Jaguars,0,6,0,1 Yard Run,1st & 10 at TB 35,09:02 1st,— D.Dallas right tackle to TB 34 for 1 yard (D.Capehart; N.Jackson).
2026,PRESEASON WEEK 3,Friday,August 28th,TB,JAX,1st Quarter,2,Jacksonville Jaguars,0,7,0,Pass Incomplete,2nd & 9 at TB 34,"08:37 1st No Huddle, Shotgun",— N.Mullens pass incomplete short right to T.Pena (A.Garnes).
2026,PRESEASON WEEK 3,Friday,August 28th,TB,JAX,1st Quarter,2,Jacksonville Jaguars,0,8,0,-6 Yard Sack,3rd & 9 at TB 34,08:33 1st Shotgun,— N.Mullens sacked at TB 40 for -6 yards (A.Nelson).
2026,PRESEASON WEEK 3,Friday,August 28th,TB,JAX,1st Quarter,2,Jacksonville Jaguars,0,9,0,Punt,4th & 15 at TB 40,07:41 1st,"— L.Cooke punts 36 yards to TB 4, Center-R.Matiscik, downed by JAX-J.Huskey."
2026,PRESEASON WEEK 3,Friday,August 28th,TB,JAX,1st Quarter,3,Tampa Bay Buccaneers,0,1,0,12 Yard Pass,1st & 10 at TB 4,07:32 1st,— J.Daniels pass short right to K.Johnson ran ob at TB 16 for 12 yards (J.Huskey).
2026,PRESEASON WEEK 3,Friday,August 28th,TB,JAX,1st Quarter,3,Tampa Bay Buccaneers,0,2,0,-1 Yard Pass,1st & 10 at TB 16,07:04 1st,— J.Daniels pass short left to S.Tucker to TB 15 for -1 yards (J.Mcleod).
2026,PRESEASON WEEK 3,Friday,August 28th,TB,JAX,1st Quarter,3,Tampa Bay Buccaneers,0,3,0,5 Yard Run,2nd & 11 at TB 15,06:24 1st Shotgun,— J.Daniels left end pushed ob at TB 20 for 5 yards (B.Spector).
2026,PRESEASON WEEK 3,Friday,August 28th,TB,JAX,1st Quarter,3,Tampa Bay Buccaneers,0,4,0,9 Yard Pass,3rd & 6 at TB 20,05:47 1st Shotgun,— J.Daniels pass short right to T.Johnson to TB 29 for 9 yards (B.Spector).
2026,PRESEASON WEEK 3,Friday,August 28th,TB,JAX,1st Quarter,3,Tampa Bay Buccaneers,0,5,0,2 Yard Run,1st & 10 at TB 29,05:06 1st,— S.Tucker left guard to TB 31 for 2 yards (R.Orhorhoro; J.Mcleod).
2026,PRESEASON WEEK 3,Friday,August 28th,TB,JAX,1st Quarter,3,Tampa Bay Buccaneers,0,6,0,13 Yard Pass,2nd & 8 at TB 31,04:22 1st Shotgun,— J.Daniels pass short middle to E.Rivers to TB 44 for 13 yards (R.Lane).
2026,PRESEASON WEEK 3,Friday,August 28th,TB,JAX,1st Quarter,3,Tampa Bay Buccaneers,0,7,0,0 Yard Run,1st & 10 at TB 44,03:39 1st,— J.Williams up the middle to TB 44 for no gain (B.Spector).
2026,PRESEASON WEEK 3,Friday,August 28th,TB,JAX,1st Quarter,3,Tampa Bay Buccaneers,0,8,0,3 Yard Run,2nd & 10 at TB 44,03:00 1st Shotgun,— J.Williams left tackle to TB 47 for 3 yards (W.Williams).
2026,PRESEASON WEEK 3,Friday,August 28th,TB,JAX,1st Quarter,3,Tampa Bay Buccaneers,0,9,0,Pass Incomplete,3rd & 7 at TB 47,02:17 1st Shotgun,— J.Daniels pass incomplete short right to K.Johnson.
2026,PRESEASON WEEK 3,Friday,August 28th,TB,JAX,1st Quarter,3,Tampa Bay Buccaneers,0,10,0,Punt,4th & 7 at TB 47,02:11 1st,"— R.Dixon punts 41 yards to JAX 12, Center-S.Daly, fair catch by T.Pena."
2026,PRESEASON WEEK 3,Friday,August 28th,TB,JAX,2nd Quarter,1,Jacksonville Jaguars,0,1,0,0 Yard Run,1st & 10 at JAX 12,02:04 1st,— J.Taylor up the middle to JAX 12 for no gain (E.Roberts; D.Walker).
2026,PRESEASON WEEK 3,Friday,August 28th,TB,JAX,2nd Quarter,1,Jacksonville Jaguars,0,2,0,13 Yard Pass,2nd & 10 at JAX 12,01:27 1st,— N.Mullens pass short middle to H.Long to JAX 25 for 13 yards (M.Killebrew). JAX-H.Long was injured during the play.
2026,PRESEASON WEEK 3,Friday,August 28th,TB,JAX,2nd Quarter,1,Jacksonville Jaguars,0,3,0,Pass Incomplete,1st & 10 at JAX 25,01:08 1st,— N.Mullens pass incomplete short right to T.Pena [E.Roberts].
2026,PRESEASON WEEK 3,Friday,August 28th,TB,JAX,2nd Quarter,1,Jacksonville Jaguars,0,4,0,3 Yard Run,2nd & 10 at JAX 25,01:04 1st Shotgun,— J.Taylor right guard to JAX 28 for 3 yards (D.Walker).
2026,PRESEASON WEEK 3,Friday,August 28th,TB,JAX,2nd Quarter,1,Jacksonville Jaguars,0,5,0,2 Yard Pass,3rd & 7 at JAX 28,00:22 1st Shotgun,— N.Mullens pass short middle to Q.Morris to JAX 30 for 2 yards (M.Killebrew).
2026,PRESEASON WEEK 3,Friday,August 28th,TB,JAX,2nd Quarter,1,Jacksonville Jaguars,0,6,0,Punt,4th & 5 at JAX 30,15:00 2nd,"— L.Cooke punts 48 yards to TB 22, Center-R.Matiscik, fair catch by K.Johnson."
2026,PRESEASON WEEK 3,Friday,August 28th,TB,JAX,2nd Quarter,2,Tampa Bay Buccaneers,0,1,0,Sack,1st & 10 at TB 22,14:54 2nd,— J.Daniels sacked at TB 22 for 0 yards (T.Bollers).
2026,PRESEASON WEEK 3,Friday,August 28th,TB,JAX,2nd Quarter,2,Tampa Bay Buccaneers,0,2,0,1 Yard Run,2nd & 10 at TB 22,14:18 2nd,— J.Williams left end to TB 23 for 1 yard (Bry.Thomas).
2026,PRESEASON WEEK 3,Friday,August 28th,TB,JAX,2nd Quarter,2,Tampa Bay Buccaneers,0,3,0,Pass Incomplete,3rd & 9 at TB 23,13:34 2nd Shotgun,— J.Daniels pass incomplete deep right to T.Johnson (C.Braswell).
2026,PRESEASON WEEK 3,Friday,August 28th,TB,JAX,2nd Quarter,2,Tampa Bay Buccaneers,0,4,0,Punt,4th & 9 at TB 23,13:28 2nd,"— R.Dixon punts 50 yards to JAX 27, Center-E.Deckers. T.Pena to JAX 42 for 15 yards (C.Fordham)."
2026,PRESEASON WEEK 3,Friday,August 28th,TB,JAX,2nd Quarter,3,Jacksonville Jaguars,1,1,0,5 Yard Run,1st & 10 at JAX 42,13:17 2nd,— D.Dallas right end to JAX 47 for 5 yards (M.Kamara).
2026,PRESEASON WEEK 3,Friday,August 28th,TB,JAX,2nd Quarter,3,Jacksonville Jaguars,1,2,0,5 Yard Run,2nd & 5 at JAX 47,12:39 2nd,— D.Dallas left end to TB 48 for 5 yards (B.Morrison). (Virtual Measurement).
2026,PRESEASON WEEK 3,Friday,August 28th,TB,JAX,2nd Quarter,3,Jacksonville Jaguars,1,3,0,Pass Incomplete,1st & 10 at TB 48,12:01 2nd,— C.Bradley pass incomplete deep right to B.Boyd.
2026,PRESEASON WEEK 3,Friday,August 28th,TB,JAX,2nd Quarter,3,Jacksonville Jaguars,1,4,0,3 Yard Run,2nd & 10 at TB 48,11:54 2nd,— D.Dallas up the middle to TB 45 for 3 yards (M.Killebrew).
2026,PRESEASON WEEK 3,Friday,August 28th,TB,JAX,2nd Quarter,3,Jacksonville Jaguars,1,5,0,2 Yard Run,3rd & 7 at TB 45,11:13 2nd Shotgun,— D.Dallas left end to TB 43 for 2 yards (M.Killebrew).
2026,PRESEASON WEEK 3,Friday,August 28th,TB,JAX,2nd Quarter,3,Jacksonville Jaguars,1,6,1,Field Goal,4th & 5 at TB 43,10:26 2nd,"— C.Little 61 yard field goal is GOOD, Center-R.Matiscik, Holder-L.Cooke. ** Injury Update: JAX-H.Long has returned to the game."
2026,PRESEASON WEEK 3,Friday,August 28th,TB,JAX,2nd Quarter,4,Tampa Bay Buccaneers,0,1,0,Kickoff from JAX 35,,Kickoff,"— C.Little kicks 65 yards from JAX 35 to end zone, Touchback to the TB 35."
2026,PRESEASON WEEK 3,Friday,August 28th,TB,JAX,2nd Quarter,4,Tampa Bay Buccaneers,0,2,0,0 Yard Run,1st & 10 at TB 35,10:21 2nd,— S.Tucker right end to TB 35 for no gain (J.Mcleod; J.Tavai).
2026,PRESEASON WEEK 3,Friday,August 28th,TB,JAX,2nd Quarter,4,Tampa Bay Buccaneers,0,3,0,Pass Incomplete,2nd & 10 at TB 35,09:40 2nd Shotgun,— J.Daniels pass incomplete short left to T.Johnson.
2026,PRESEASON WEEK 3,Friday,August 28th,TB,JAX,2nd Quarter,4,Tampa Bay Buccaneers,0,4,0,Pass Incomplete,3rd & 10 at TB 35,09:36 2nd Shotgun,— J.Daniels pass incomplete short middle to K.Johnson (Bry.Thomas) [Bry.Thomas]. The incomplete pass was assisted by replay.
2026,PRESEASON WEEK 3,Friday,August 28th,TB,JAX,2nd Quarter,4,Tampa Bay Buccaneers,0,5,0,Punt,4th & 10 at TB 35,09:32 2nd,"— R.Dixon punts 51 yards to JAX 14, Center-S.Daly. T.Pena to JAX 25 for 11 yards (S.Daly; R.Wisdom)."
2026,PRESEASON WEEK 3,Friday,August 28th,TB,JAX,2nd Quarter,5,Jacksonville Jaguars,0,1,0,-6 Yard Sack,1st & 10 at JAX 25,09:18 2nd,— C.Bradley sacked at JAX 19 for -6 yards (J.Green).
2026,PRESEASON WEEK 3,Friday,August 28th,TB,JAX,2nd Quarter,5,Jacksonville Jaguars,0,2,0,5 Yard Penalty,2nd & 16 at JAX 19,08:36 2nd Shotgun,"— PENALTY on TB-Y.Holmes, Neutral Zone Infraction, 5 yards, enforced at JAX 19 - No Play."
2026,PRESEASON WEEK 3,Friday,August 28th,TB,JAX,2nd Quarter,5,Jacksonville Jaguars,0,3,0,12 Yard Run,2nd & 11 at JAX 24,08:15 2nd Shotgun,— J.Taylor left guard to JAX 36 for 12 yards (R.Wisdom).
2026,PRESEASON WEEK 3,Friday,August 28th,TB,JAX,2nd Quarter,5,Jacksonville Jaguars,0,4,0,-5 Yard Penalty,1st & 10 at JAX 36,07:34 2nd,"— PENALTY on JAX-P.Herbert, False Start, 5 yards, enforced at JAX 36 - No Play."
2026,PRESEASON WEEK 3,Friday,August 28th,TB,JAX,2nd Quarter,5,Jacksonville Jaguars,0,5,0,Pass Incomplete,1st & 15 at JAX 31,07:15 2nd Shotgun,— C.Bradley pass incomplete deep right to B.Boyd.
2026,PRESEASON WEEK 3,Friday,August 28th,TB,JAX,2nd Quarter,5,Jacksonville Jaguars,0,6,0,5 Yard Run,2nd & 15 at JAX 31,07:10 2nd Shotgun,— J.Taylor up the middle to JAX 36 for 5 yards (R.Wisdom).
2026,PRESEASON WEEK 3,Friday,August 28th,TB,JAX,2nd Quarter,5,Jacksonville Jaguars,0,7,0,5 Yard Run,3rd & 10 at JAX 36,06:31 2nd Shotgun,— C.Bradley scrambles left tackle to JAX 41 for 5 yards (Y.Holmes).
2026,PRESEASON WEEK 3,Friday,August 28th,TB,JAX,2nd Quarter,5,Jacksonville Jaguars,0,8,0,Punt,4th & 5 at JAX 41,05:31 2nd,"— L.Cooke punts 47 yards to TB 12, Center-R.Matiscik. K.Johnson to TB 18 for 6 yards (J.Muhammad)."
2026,PRESEASON WEEK 3,Friday,August 28th,TB,JAX,2nd Quarter,6,Tampa Bay Buccaneers,0,1,0,Fumble,1st & 10 at TB 18,05:20 2nd,"— J.Daniels FUMBLES (Aborted) at TB 17, touched at TB 17, RECOVERED by JAX-W.Williams at TB 15."
2026,PRESEASON WEEK 3,Friday,August 28th,TB,JAX,2nd Quarter,7,Jacksonville Jaguars,0,1,0,-1 Yard Run,1st & 10 at TB 15,05:14 2nd,"— D.Dallas right end to TB 16 for -1 yards (I.Melifonwu, J.Bullock)."
2026,PRESEASON WEEK 3,Friday,August 28th,TB,JAX,2nd Quarter,7,Jacksonville Jaguars,0,2,0,5 Yard Pass,2nd & 11 at TB 16,04:37 2nd Shotgun,— C.Bradley pass short right to C.Brayboy to TB 11 for 5 yards (A.Garnes).
2026,PRESEASON WEEK 3,Friday,August 28th,TB,JAX,2nd Quarter,7,Jacksonville Jaguars,0,3,0,Pass Incomplete,3rd & 6 at TB 11,03:57 2nd Shotgun,— C.Bradley pass incomplete short left to A.Trammell.
2026,PRESEASON WEEK 3,Friday,August 28th,TB,JAX,2nd Quarter,7,Jacksonville Jaguars,0,4,0,Pass Incomplete,4th & 6 at TB 11,03:53 2nd Shotgun,— C.Bradley pass incomplete short left to A.Trammell (B.Morrison).
2026,PRESEASON WEEK 3,Friday,August 28th,TB,JAX,2nd Quarter,8,Tampa Bay Buccaneers,0,1,0,-1 Yard Pass,1st & 10 at TB 12,03:48 2nd,— J.Daniels pass short right to E.Rivers to TB 11 for -1 yards (P.Hodge) [J.Mcleod].
2026,PRESEASON WEEK 3,Friday,August 28th,TB,JAX,2nd Quarter,8,Tampa Bay Buccaneers,0,2,0,Pass Incomplete,2nd & 11 at TB 11,03:08 2nd Shotgun,— J.Daniels pass incomplete short middle to G.Greene.
2026,PRESEASON WEEK 3,Friday,August 28th,TB,JAX,2nd Quarter,8,Tampa Bay Buccaneers,0,3,0,18 Yard Pass,3rd & 11 at TB 11,03:02 2nd Shotgun,— J.Daniels pass deep middle to G.Greene to TB 29 for 18 yards (J.Huskey; C.Braswell).
2026,PRESEASON WEEK 3,Friday,August 28th,TB,JAX,2nd Quarter,8,Tampa Bay Buccaneers,0,4,0,9 Yard Run,1st & 10 at TB 29,02:21 2nd,— J.Williams up the middle to TB 38 for 9 yards (P.Hodge; J.Mcleod).
2026,PRESEASON WEEK 3,Friday,August 28th,TB,JAX,2nd Quarter,8,Tampa Bay Buccaneers,0,5,0,4 Yard Run,2nd & 1 at TB 38,02:00 2nd,— J.Williams up the middle to TB 42 for 4 yards (J.Mcleod; T.Akingbesote).
2026,PRESEASON WEEK 3,Friday,August 28th,TB,JAX,2nd Quarter,8,Tampa Bay Buccaneers,0,6,0,4 Yard Pass,1st & 10 at TB 42,01:21 2nd Shotgun,— J.Daniels pass short right to E.Rivers ran ob at TB 46 for 4 yards (C.Braswell).
2026,PRESEASON WEEK 3,Friday,August 28th,TB,JAX,2nd Quarter,8,Tampa Bay Buccaneers,0,7,0,-5 Yard Penalty,2nd & 6 at TB 46,01:15 2nd Shotgun,"— PENALTY on TB-P.Rubelt, False Start, 5 yards, enforced at TB 46 - No Play."
2026,PRESEASON WEEK 3,Friday,August 28th,TB,JAX,2nd Quarter,8,Tampa Bay Buccaneers,0,8,0,Pass Incomplete,2nd & 11 at TB 41,01:15 2nd Shotgun,— J.Daniels pass incomplete short middle to G.Greene.
2026,PRESEASON WEEK 3,Friday,August 28th,TB,JAX,2nd Quarter,8,Tampa Bay Buccaneers,0,9,0,-12 Yard Sack,3rd & 11 at TB 41,01:11 2nd Shotgun,— J.Daniels sacked at TB 29 for -12 yards (Bry.Thomas).
2026,PRESEASON WEEK 3,Friday,August 28th,TB,JAX,2nd Quarter,8,Tampa Bay Buccaneers,0,10,0,Timeout,,01:00 2nd,— Timeout #1 by JAX at 01:00.
2026,PRESEASON WEEK 3,Friday,August 28th,TB,JAX,2nd Quarter,8,Tampa Bay Buccaneers,0,11,0,Punt,4th & 23 at TB 29,01:00 2nd,"— R.Dixon punts 54 yards to JAX 17, Center-E.Deckers. T.Pena to JAX 20 for 3 yards (J.Wright; R.Wisdom)."
2026,PRESEASON WEEK 3,Friday,August 28th,TB,JAX,2nd Quarter,9,Jacksonville Jaguars,0,1,0,23 Yard Pass,1st & 10 at JAX 20,00:48 2nd Shotgun,— C.Bradley pass deep left to A.Trammell to JAX 43 for 23 yards (R.Wisdom).
2026,PRESEASON WEEK 3,Friday,August 28th,TB,JAX,2nd Quarter,9,Jacksonville Jaguars,0,2,0,-10 Yard Penalty,1st & 10 at JAX 43,"00:29 2nd No Huddle, Shotgun","— C.Bradley pass deep right to A.Trammell pushed ob at TB 41 for 16 yards (A.Garnes). PENALTY on JAX-K.Zierer, Offensive Holding, 10 yards, enforced at JAX 43 - No Play."
2026,PRESEASON WEEK 3,Friday,August 28th,TB,JAX,2nd Quarter,9,Jacksonville Jaguars,0,3,0,-3 Yard Run,1st & 20 at JAX 33,00:22 2nd Shotgun,"— D.Dallas up the middle to JAX 30 for -3 yards (D.Williams, E.Simmons)."
2026,PRESEASON WEEK 3,Friday,August 28th,TB,JAX,3rd Quarter,1,Jacksonville Jaguars,0,1,0,Kickoff from TB 35,,Kickoff,— B.Potter kicks 55 yards from TB 35 to JAX 10. C.Brayboy to JAX 34 for 24 yards (C.Fordham).
2026,PRESEASON WEEK 3,Friday,August 28th,TB,JAX,3rd Quarter,1,Jacksonville Jaguars,0,2,0,2 Yard Pass,1st & 10 at JAX 34,14:55 3rd,— C.Bradley pass short left to P.Herbert to JAX 36 for 2 yards (D.Williams).
2026,PRESEASON WEEK 3,Friday,August 28th,TB,JAX,3rd Quarter,1,Jacksonville Jaguars,0,3,0,2 Yard Run,2nd & 8 at JAX 36,14:15 3rd Shotgun,— J.Taylor up the middle to JAX 38 for 2 yards (Y.Holmes; E.Simmons).
2026,PRESEASON WEEK 3,Friday,August 28th,TB,JAX,3rd Quarter,1,Jacksonville Jaguars,0,4,0,Pass Incomplete,3rd & 6 at JAX 38,13:35 3rd Shotgun,— C.Bradley pass incomplete short left to J.Taylor.
2026,PRESEASON WEEK 3,Friday,August 28th,TB,JAX,3rd Quarter,1,Jacksonville Jaguars,0,5,0,Punt,4th & 6 at JAX 38,13:30 3rd,"— L.Cooke punts 60 yards to TB 2, Center-R.Matiscik. K.Johnson to TB 14 for 12 yards (Bry.Thomas; D.Neal)."
2026,PRESEASON WEEK 3,Friday,August 28th,TB,JAX,3rd Quarter,2,Tampa Bay Buccaneers,0,1,0,2 Yard Run,1st & 10 at TB 14,13:14 3rd,— J.Daniels scrambles left guard to TB 16 for 2 yards (C.Silmon-Craig).
2026,PRESEASON WEEK 3,Friday,August 28th,TB,JAX,3rd Quarter,2,Tampa Bay Buccaneers,0,2,0,-10 Yard Sack,2nd & 8 at TB 16,12:23 3rd Shotgun,— J.Daniels sacked at TB 6 for -10 yards (Bry.Thomas).
2026,PRESEASON WEEK 3,Friday,August 28th,TB,JAX,3rd Quarter,2,Tampa Bay Buccaneers,0,3,0,3 Yard Pass,3rd & 18 at TB 6,11:40 3rd Shotgun,— J.Daniels pass short right to E.Rivers to TB 9 for 3 yards (P.Hodge; C.Ballentine).
2026,PRESEASON WEEK 3,Friday,August 28th,TB,JAX,3rd Quarter,2,Tampa Bay Buccaneers,0,4,0,Punt,4th & 15 at TB 9,10:56 3rd,"— R.Dixon punts 56 yards to JAX 35, Center-S.Daly. M.Wortham to JAX 41 for 6 yards (D.Williams). PENALTY on JAX-B.Spector, Illegal Blindside Block, 15 yards, enforced at JAX 41."
2026,PRESEASON WEEK 3,Friday,August 28th,TB,JAX,3rd Quarter,3,Jacksonville Jaguars,1,1,0,4 Yard Run,1st & 10 at JAX 26,10:44 3rd,— D.Dallas up the middle to JAX 30 for 4 yards (R.Wisdom).
2026,PRESEASON WEEK 3,Friday,August 28th,TB,JAX,3rd Quarter,3,Jacksonville Jaguars,1,2,0,Pass Incomplete,2nd & 6 at JAX 30,10:04 3rd,— C.Bradley pass incomplete short middle [Y.Holmes].
2026,PRESEASON WEEK 3,Friday,August 28th,TB,JAX,3rd Quarter,3,Jacksonville Jaguars,1,3,0,19 Yard Pass,3rd & 6 at JAX 30,10:01 3rd Shotgun,— C.Bradley pass short left to M.Wortham to JAX 49 for 19 yards (D.Williams).
2026,PRESEASON WEEK 3,Friday,August 28th,TB,JAX,3rd Quarter,3,Jacksonville Jaguars,1,4,0,-2 Yard Run,1st & 10 at JAX 49,09:22 3rd,— D.Dallas left guard to JAX 47 for -2 yards (Y.Holmes).
2026,PRESEASON WEEK 3,Friday,August 28th,TB,JAX,3rd Quarter,3,Jacksonville Jaguars,1,5,0,11 Yard Pass,2nd & 12 at JAX 47,08:44 3rd Shotgun,— C.Bradley pass short left to T.Pena to TB 42 for 11 yards (R.Parodie). TB-M.Kamara was injured during the play.
2026,PRESEASON WEEK 3,Friday,August 28th,TB,JAX,3rd Quarter,3,Jacksonville Jaguars,1,6,0,5 Yard Run,3rd & 1 at TB 42,08:26 3rd Shotgun,— D.Dallas right guard to TB 37 for 5 yards (R.McDaniel).
2026,PRESEASON WEEK 3,Friday,August 28th,TB,JAX,3rd Quarter,3,Jacksonville Jaguars,1,7,0,4 Yard Pass,1st & 10 at TB 37,07:51 3rd Shotgun,— C.Bradley pass short middle to D.Dallas to TB 33 for 4 yards (N.Jackson).
2026,PRESEASON WEEK 3,Friday,August 28th,TB,JAX,3rd Quarter,3,Jacksonville Jaguars,1,8,0,Pass Incomplete,2nd & 6 at TB 33,07:08 3rd Shotgun,— C.Bradley pass incomplete deep left to T.Pena.
2026,PRESEASON WEEK 3,Friday,August 28th,TB,JAX,3rd Quarter,3,Jacksonville Jaguars,1,9,0,5 Yard Penalty,3rd & 6 at TB 33,07:02 3rd Shotgun,"— D.Dallas up the middle to TB 30 for 3 yards (N.Jackson; C.Fordham). PENALTY on TB-E.Simmons, Defensive Offside, 5 yards, enforced at TB 33 - No Play."
2026,PRESEASON WEEK 3,Friday,August 28th,TB,JAX,3rd Quarter,3,Jacksonville Jaguars,1,10,0,0 Yard Run,3rd & 1 at TB 28,06:43 3rd,— D.Dallas up the middle to TB 28 for no gain (D.Williams; J.Green).
2026,PRESEASON WEEK 3,Friday,August 28th,TB,JAX,3rd Quarter,3,Jacksonville Jaguars,1,11,0,12 Yard Pass,4th & 1 at TB 28,05:58 3rd,— C.Bradley pass short middle to C.Brayboy to TB 16 for 12 yards (D.Williams).
2026,PRESEASON WEEK 3,Friday,August 28th,TB,JAX,3rd Quarter,3,Jacksonville Jaguars,1,12,0,14 Yard Run,1st & 10 at TB 16,05:16 3rd,— D.Dallas right end pushed ob at TB 2 for 14 yards (R.Wisdom).
2026,PRESEASON WEEK 3,Friday,August 28th,TB,JAX,3rd Quarter,3,Jacksonville Jaguars,1,13,0,1 Yard Run,1st & 2 at TB 2,04:38 3rd,"— D.Dallas up the middle for 2 yards, TOUCHDOWN. The Replay Official reviewed the runner broke the plane ruling, and the play was REVERSED. D.Dallas up the middle to TB 1 for 1 yard (J.Bullock; R.McDaniel)."
2026,PRESEASON WEEK 3,Friday,August 28th,TB,JAX,3rd Quarter,3,Jacksonville Jaguars,1,14,0,0 Yard Run,2nd & 1 at TB 1,04:34 3rd,— C.Bradley up the middle to TB 1 for no gain (T.Shaw).
2026,PRESEASON WEEK 3,Friday,August 28th,TB,JAX,3rd Quarter,3,Jacksonville Jaguars,1,15,1,Touchdown,3rd & 1 at TB 1,03:50 3rd,"— C.Bradley pass short right to D.Dallas for 1 yard, TOUCHDOWN."
2026,PRESEASON WEEK 3,Friday,August 28th,TB,JAX,3rd Quarter,3,Jacksonville Jaguars,1,16,0,2 Point Conversion,,03:45 3rd,— TWO-POINT CONVERSION ATTEMPT. C.Bradley rushes right end. ATTEMPT SUCCEEDS.
2026,PRESEASON WEEK 3,Friday,August 28th,TB,JAX,3rd Quarter,4,Tampa Bay Buccaneers,0,1,0,Kickoff from JAX 35,,Kickoff,"— C.Little kicks 65 yards from JAX 35 to end zone, Touchback to the TB 35."
2026,PRESEASON WEEK 3,Friday,August 28th,TB,JAX,3rd Quarter,4,Tampa Bay Buccaneers,0,2,0,Pass Incomplete,1st & 10 at TB 35,03:45 3rd,— J.Browning pass incomplete short left to G.Greene (A.Burney).
2026,PRESEASON WEEK 3,Friday,August 28th,TB,JAX,3rd Quarter,4,Tampa Bay Buccaneers,0,3,0,-6 Yard Sack,2nd & 10 at TB 35,03:40 3rd Shotgun,— J.Browning sacked at TB 29 for -6 yards (A.Burney).
2026,PRESEASON WEEK 3,Friday,August 28th,TB,JAX,3rd Quarter,4,Tampa Bay Buccaneers,0,4,0,0 Yard Pass,3rd & 16 at TB 29,03:02 3rd Shotgun,— J.Browning pass short right to E.Rivers to TB 29 for no gain (C.Silmon-Craig).
2026,PRESEASON WEEK 3,Friday,August 28th,TB,JAX,3rd Quarter,4,Tampa Bay Buccaneers,0,5,0,Punt,4th & 16 at TB 29,02:26 3rd,"— R.Dixon punts 42 yards to JAX 29, Center-E.Deckers. M.Wortham pushed ob at JAX 40 for 11 yards (C.Fordham)."
2026,PRESEASON WEEK 3,Friday,August 28th,TB,JAX,4th Quarter,1,Jacksonville Jaguars,0,1,0,1 Yard Run,1st & 10 at JAX 40,02:13 3rd Shotgun,— J.Taylor left end pushed ob at JAX 41 for 1 yard (R.Parodie).
2026,PRESEASON WEEK 3,Friday,August 28th,TB,JAX,4th Quarter,1,Jacksonville Jaguars,0,2,0,8 Yard Run,2nd & 9 at JAX 41,01:42 3rd Shotgun,— J.Taylor up the middle to JAX 49 for 8 yards (J.Bullock; J.Wright).
2026,PRESEASON WEEK 3,Friday,August 28th,TB,JAX,4th Quarter,1,Jacksonville Jaguars,0,3,0,21 Yard Pass,3rd & 1 at JAX 49,01:04 3rd Shotgun,— J.Aguilar pass short right to M.Wortham pushed ob at TB 30 for 21 yards (I.Melifonwu).
2026,PRESEASON WEEK 3,Friday,August 28th,TB,JAX,4th Quarter,1,Jacksonville Jaguars,0,4,0,7 Yard Pass,1st & 10 at TB 30,00:26 3rd Shotgun,— J.Aguilar pass short right to J.Taylor to TB 23 for 7 yards (J.Bullock).
2026,PRESEASON WEEK 3,Friday,August 28th,TB,JAX,4th Quarter,1,Jacksonville Jaguars,0,5,0,10 Yard Pass,2nd & 3 at TB 23,15:00 4th Shotgun,— J.Aguilar pass short right to P.Herbert to TB 13 for 10 yards (R.McDaniel).
2026,PRESEASON WEEK 3,Friday,August 28th,TB,JAX,4th Quarter,1,Jacksonville Jaguars,0,6,0,7 Yard Pass,1st & 10 at TB 13,14:29 4th Shotgun,— J.Aguilar pass short left to M.Wortham to TB 6 for 7 yards (J.Wright).
2026,PRESEASON WEEK 3,Friday,August 28th,TB,JAX,4th Quarter,1,Jacksonville Jaguars,0,7,0,-9 Yard Sack,2nd & 3 at TB 6,13:51 4th Shotgun,— J.Aguilar sacked at TB 15 for -9 yards (J.Pyburn).
2026,PRESEASON WEEK 3,Friday,August 28th,TB,JAX,4th Quarter,1,Jacksonville Jaguars,0,8,0,4 Yard Pass,3rd & 12 at TB 15,13:10 4th Shotgun,— J.Aguilar pass short right to B.Boyd to TB 11 for 4 yards (A.Garnes).
2026,PRESEASON WEEK 3,Friday,August 28th,TB,JAX,4th Quarter,1,Jacksonville Jaguars,0,9,0,Pass Incomplete,4th & 8 at TB 11,12:30 4th Shotgun,— J.Aguilar pass incomplete short left to M.Wortham.
2026,PRESEASON WEEK 3,Friday,August 28th,TB,JAX,4th Quarter,2,Tampa Bay Buccaneers,0,1,0,1 Yard Run,1st & 10 at TB 11,12:24 4th,— J.Williams left guard to TB 12 for 1 yard (J.Hunt).
2026,PRESEASON WEEK 3,Friday,August 28th,TB,JAX,4th Quarter,2,Tampa Bay Buccaneers,0,2,0,-6 Yard Penalty,2nd & 9 at TB 12,11:45 4th,"— J.Browning pass short right to J.Williams to TB 26 for 14 yards (T.Akingbesote). PENALTY on TB-E.Rivers, Offensive Holding, 6 yards, enforced at TB 12 - No Play. Penalty on TB-B.Scott, Ineligible Downfield Pass, declined."
2026,PRESEASON WEEK 3,Friday,August 28th,TB,JAX,4th Quarter,2,Tampa Bay Buccaneers,0,3,0,2 Yard Run,2nd & 15 at TB 6,11:31 4th Shotgun,— J.Williams up the middle to TB 8 for 2 yards (J.Hunt).
2026,PRESEASON WEEK 3,Friday,August 28th,TB,JAX,4th Quarter,2,Tampa Bay Buccaneers,0,4,0,Pass Incomplete,3rd & 13 at TB 8,10:51 4th Shotgun,— J.Browning pass incomplete short left to E.Rivers.
2026,PRESEASON WEEK 3,Friday,August 28th,TB,JAX,4th Quarter,2,Tampa Bay Buccaneers,0,5,0,Punt,4th & 13 at TB 8,10:46 4th,"— R.Dixon punts 49 yards to JAX 43, Center-S.Daly. M.Wortham to TB 28 for 29 yards (R.Dixon)."
2026,PRESEASON WEEK 3,Friday,August 28th,TB,JAX,4th Quarter,3,Jacksonville Jaguars,0,1,0,-4 Yard Run,1st & 10 at TB 28,10:30 4th Shotgun,— D.Dallas left end to TB 32 for -4 yards (J.Pyburn).
2026,PRESEASON WEEK 3,Friday,August 28th,TB,JAX,4th Quarter,3,Jacksonville Jaguars,0,2,0,-9 Yard Pass,2nd & 14 at TB 32,09:51 4th Shotgun,"— J.Aguilar pass short right to T.Pena to TB 24 for 8 yards (J.Green). PENALTY on JAX-P.Herbert, Illegal Block Above the Waist, 10 yards, enforced at TB 31."
2026,PRESEASON WEEK 3,Friday,August 28th,TB,JAX,4th Quarter,3,Jacksonville Jaguars,0,3,0,-2 Yard Run,2nd & 23 at TB 41,09:37 4th,"— J.Aguilar FUMBLES (Aborted) at TB 43, and recovers at TB 43."
2026,PRESEASON WEEK 3,Friday,August 28th,TB,JAX,4th Quarter,3,Jacksonville Jaguars,0,4,0,-12 Yard Sack,3rd & 25 at TB 43,09:00 4th Shotgun,— J.Aguilar sacked at JAX 45 for -12 yards (J.Pyburn). The player down by contact was assisted by replay.
2026,PRESEASON WEEK 3,Friday,August 28th,TB,JAX,4th Quarter,3,Jacksonville Jaguars,0,5,0,Punt,4th & 37 at JAX 45,08:36 4th,"— L.Cooke punts 55 yards to end zone, Center-R.Matiscik, Touchback."
2026,PRESEASON WEEK 3,Friday,August 28th,TB,JAX,4th Quarter,4,Jacksonville Jaguars,1,1,0,1 Yard Run,1st & 10 at TB 20,08:24 4th,— J.Williams right guard to TB 21 for 1 yard (J.Tavai; W.Williams).
2026,PRESEASON WEEK 3,Friday,August 28th,TB,JAX,4th Quarter,4,Jacksonville Jaguars,1,2,0,-10 Yard Penalty,2nd & 9 at TB 21,07:43 4th Shotgun,"— J.Browning pass short left to D.Patterson to TB 26 for 5 yards (D.Neal). PENALTY on TB-G.Greene, Offensive Pass Interference, 10 yards, enforced at TB 21 - No Play."
2026,PRESEASON WEEK 3,Friday,August 28th,TB,JAX,4th Quarter,4,Jacksonville Jaguars,1,3,0,2 Yard Pass,2nd & 19 at TB 11,07:21 4th,— J.Browning pass short left to D.Patterson to TB 13 for 2 yards (J.Hunt).
2026,PRESEASON WEEK 3,Friday,August 28th,TB,JAX,4th Quarter,4,Jacksonville Jaguars,1,4,0,-5 Yard Sack,3rd & 17 at TB 13,"06:54 4th No Huddle, Shotgun",— J.Browning sacked at TB 8 for -5 yards (sack split by Bry.Thomas and T.Bollers).
2026,PRESEASON WEEK 3,Friday,August 28th,TB,JAX,4th Quarter,4,Jacksonville Jaguars,1,5,1,Touchdown,4th & 22 at TB 8,06:09 4th,"— R.Dixon punts 55 yards to JAX 37, Center-E.Deckers. M.Wortham for 63 yards, TOUCHDOWN."
2026,PRESEASON WEEK 3,Friday,August 28th,TB,JAX,4th Quarter,5,Tampa Bay Buccaneers,0,1,0,Kickoff from JAX 35,,Kickoff,"— C.Little kicks 65 yards from JAX 35 to end zone, Touchback to the TB 35."
2026,PRESEASON WEEK 3,Friday,August 28th,TB,JAX,4th Quarter,5,Tampa Bay Buccaneers,0,2,0,2 Yard Run,1st & 10 at TB 35,05:48 4th,— B.Kpeenu right end to TB 37 for 2 yards (Q.Dunnigan; T.Bollers).
2026,PRESEASON WEEK 3,Friday,August 28th,TB,JAX,4th Quarter,5,Tampa Bay Buccaneers,0,3,0,0 Yard Pass,2nd & 8 at TB 37,05:17 4th,— C.Bazelak pass short right to D.Patterson pushed ob at TB 37 for no gain (B.Spector).
2026,PRESEASON WEEK 3,Friday,August 28th,TB,JAX,4th Quarter,5,Tampa Bay Buccaneers,0,4,0,5 Yard Pass,3rd & 8 at TB 37,04:44 4th Shotgun,— C.Bazelak pass short right to E.Rivers to TB 42 for 5 yards (J.Muhammad).
2026,PRESEASON WEEK 3,Friday,August 28th,TB,JAX,4th Quarter,5,Tampa Bay Buccaneers,0,5,0,Punt,4th & 3 at TB 42,04:03 4th,"— R.Dixon punts 50 yards to JAX 8, Center-S.Daly. M.Wortham to JAX 22 for 14 yards (R.Wisdom)."
2026,PRESEASON WEEK 3,Friday,August 28th,TB,JAX,4th Quarter,6,Jacksonville Jaguars,0,1,0,4 Yard Run,1st & 10 at JAX 22,03:49 4th,— J.Taylor left guard to JAX 26 for 4 yards (R.Parodie; J.Pyburn).
2026,PRESEASON WEEK 3,Friday,August 28th,TB,JAX,4th Quarter,6,Jacksonville Jaguars,0,2,0,3 Yard Run,2nd & 6 at JAX 26,03:07 4th,— J.Taylor right end to JAX 29 for 3 yards (R.Wisdom; N.Jackson).
2026,PRESEASON WEEK 3,Friday,August 28th,TB,JAX,4th Quarter,6,Jacksonville Jaguars,0,3,0,7 Yard Pass,3rd & 3 at JAX 29,02:21 4th Shotgun,— J.Aguilar pass short left to T.Pena pushed ob at JAX 36 for 7 yards (R.Parodie).
2026,PRESEASON WEEK 3,Friday,August 28th,TB,JAX,4th Quarter,6,Jacksonville Jaguars,0,4,0,7 Yard Run,1st & 10 at JAX 36,02:16 4th Shotgun,— J.Taylor left tackle to JAX 43 for 7 yards (N.Jackson).
2026,PRESEASON WEEK 3,Friday,August 28th,TB,JAX,4th Quarter,6,Jacksonville Jaguars,0,5,0,-4 Yard Run,2nd & 3 at JAX 43,02:00 4th Shotgun,— J.Taylor up the middle to JAX 39 for -4 yards (J.Jones).
2026,PRESEASON WEEK 3,Friday,August 28th,TB,JAX,4th Quarter,6,Jacksonville Jaguars,0,6,0,3 Yard Run,3rd & 7 at JAX 39,01:20 4th Shotgun,— J.Taylor up the middle to JAX 42 for 3 yards (Y.Holmes).
2026,PRESEASON WEEK 3,Friday,August 28th,TB,JAX,4th Quarter,6,Jacksonville Jaguars,0,7,0,Pass Incomplete,4th & 4 at JAX 42,00:37 4th Shotgun,— J.Aguilar pass incomplete short left to C.Brayboy (J.Pyburn) [J.Green].
2026,PRESEASON WEEK 3,Friday,August 28th,TB,JAX,4th Quarter,7,Tampa Bay Buccaneers,0,1,0,9 Yard Run,1st & 10 at JAX 42,00:33 4th,— B.Kpeenu up the middle to JAX 33 for 9 yards (D.Neal; T.Thomas).
2026,PRESEASON WEEK 3,Friday,August 28th,NYG,NYJ,1st Quarter,1,New York Giants,0,1,0,Kickoff from NYJ 35,,Kickoff,— J.Sanders kicks 65 yards from NYJ 35 to NYG 0. X.Gipson to NYG 39 for 39 yards (T.Brown).
2026,PRESEASON WEEK 3,Friday,August 28th,NYG,NYJ,1st Quarter,1,New York Giants,0,2,0,-4 Yard Run,1st & 10 at NYG 39,14:55 1st,— X.Gipson right end to NYG 35 for -4 yards (B.McGregor).
2026,PRESEASON WEEK 3,Friday,August 28th,NYG,NYJ,1st Quarter,1,New York Giants,0,3,0,Pass Incomplete,2nd & 14 at NYG 35,14:18 1st,— J.Winston pass incomplete short left to O.Beckham (J.Ossai) [J.Ossai].
2026,PRESEASON WEEK 3,Friday,August 28th,NYG,NYJ,1st Quarter,1,New York Giants,0,4,0,Interception,3rd & 14 at NYG 35,14:13 1st Shotgun,— J.Winston pass deep right intended for O.Beckham INTERCEPTED by M.McCrary-Ball (Q.Stiggers) at NYJ 45. M.McCrary-Ball to NYG 36 for 19 yards (T.Fidone).
2026,PRESEASON WEEK 3,Friday,August 28th,NYG,NYJ,1st Quarter,2,New York Jets,1,1,0,7 Yard Run,1st & 10 at NYG 36,14:02 1st Shotgun,— C.Trayanum right tackle to NYG 29 for 7 yards (M.McFadden; J.Kelly).
2026,PRESEASON WEEK 3,Friday,August 28th,NYG,NYJ,1st Quarter,2,New York Jets,1,2,0,3 Yard Run,2nd & 3 at NYG 29,13:26 1st,— C.Trayanum right guard to NYG 26 for 3 yards (M.McFadden; A.Washington).
2026,PRESEASON WEEK 3,Friday,August 28th,NYG,NYJ,1st Quarter,2,New York Jets,1,3,0,7 Yard Run,1st & 10 at NYG 26,12:42 1st,— C.Trayanum left tackle to NYG 19 for 7 yards (A.Washington).
2026,PRESEASON WEEK 3,Friday,August 28th,NYG,NYJ,1st Quarter,2,New York Jets,1,4,0,2 Yard Run,2nd & 3 at NYG 19,12:05 1st,— C.Trayanum right guard to NYG 17 for 2 yards (C.Golston; M.McFadden).
2026,PRESEASON WEEK 3,Friday,August 28th,NYG,NYJ,1st Quarter,2,New York Jets,1,5,0,2 Yard Run,3rd & 1 at NYG 17,11:29 1st Shotgun,— C.Trayanum up the middle to NYG 15 for 2 yards (A.Washington). (Virtual Measurement).
2026,PRESEASON WEEK 3,Friday,August 28th,NYG,NYJ,1st Quarter,2,New York Jets,1,6,0,2 Yard Run,1st & 10 at NYG 15,10:57 1st,— C.Trayanum up the middle to NYG 13 for 2 yards (M.McFadden; C.Golston).
2026,PRESEASON WEEK 3,Friday,August 28th,NYG,NYJ,1st Quarter,2,New York Jets,1,7,0,6 Yard Run,2nd & 8 at NYG 13,10:15 1st Shotgun,"— C.Klubnik to NYG 18 for -5 yards. FUMBLES, and recovers at NYG 18. C.Klubnik ran ob at NYG 7 for 11 yards (M.McFadden; D.Banks)."
2026,PRESEASON WEEK 3,Friday,August 28th,NYG,NYJ,1st Quarter,2,New York Jets,1,8,0,5 Yard Run,3rd & 2 at NYG 7,09:42 1st Shotgun,— C.Trayanum left guard to NYG 2 for 5 yards (M.McFadden).
2026,PRESEASON WEEK 3,Friday,August 28th,NYG,NYJ,1st Quarter,2,New York Jets,1,9,0,1 Yard Run,1st & 2 at NYG 2,09:07 1st Shotgun,— C.Trayanum right tackle to NYG 1 for 1 yard (J.Kelly).
2026,PRESEASON WEEK 3,Friday,August 28th,NYG,NYJ,1st Quarter,2,New York Jets,1,10,1,Touchdown,2nd & 1 at NYG 1,08:23 1st,"— C.Trayanum right guard for 1 yard, TOUCHDOWN."
2026,PRESEASON WEEK 3,Friday,August 28th,NYG,NYJ,1st Quarter,2,New York Jets,1,11,0,Extra Point No Good,,08:18 1st,"— J.Sanders extra point is No Good, Wide Left, Center-T.Hennessy, Holder-A.McNamara."
2026,PRESEASON WEEK 3,Friday,August 28th,NYG,NYJ,1st Quarter,3,New York Giants,0,1,0,Kickoff from NYJ 35,,Kickoff,"— J.Sanders kicks 65 yards from NYJ 35 to end zone, Touchback to the NYG 35."
2026,PRESEASON WEEK 3,Friday,August 28th,NYG,NYJ,1st Quarter,3,New York Giants,0,2,0,4 Yard Run,1st & 10 at NYG 35,08:18 1st,— N.Harris left guard to NYG 39 for 4 yards (J.Ossai; M.Moore).
2026,PRESEASON WEEK 3,Friday,August 28th,NYG,NYJ,1st Quarter,3,New York Giants,0,3,0,9 Yard Run,2nd & 6 at NYG 39,07:46 1st,— N.Harris right end to NYG 48 for 9 yards (F.Mauigoa; J.Ossai).
2026,PRESEASON WEEK 3,Friday,August 28th,NYG,NYJ,1st Quarter,3,New York Giants,0,4,0,Pass Incomplete,1st & 10 at NYG 48,07:07 1st,— J.Winston pass incomplete short right to T.Fidone.
2026,PRESEASON WEEK 3,Friday,August 28th,NYG,NYJ,1st Quarter,3,New York Giants,0,5,0,0 Yard Run,2nd & 10 at NYG 48,07:04 1st,— N.Harris left guard to NYG 48 for no gain (T.Sweat; J.Monroe).
2026,PRESEASON WEEK 3,Friday,August 28th,NYG,NYJ,1st Quarter,3,New York Giants,0,6,0,13 Yard Pass,3rd & 10 at NYG 48,06:20 1st Shotgun,— J.Winston pass short left to O.Beckham to NYJ 39 for 13 yards (J.Monroe).
2026,PRESEASON WEEK 3,Friday,August 28th,NYG,NYJ,1st Quarter,3,New York Giants,0,7,0,9 Yard Run,1st & 10 at NYJ 39,05:41 1st,— N.Harris left guard to NYJ 30 for 9 yards (M.McCrary-Ball; J.Monroe).
2026,PRESEASON WEEK 3,Friday,August 28th,NYG,NYJ,1st Quarter,3,New York Giants,0,8,0,7 Yard Run,2nd & 1 at NYJ 30,05:02 1st,— T.Tracy right tackle to NYJ 23 for 7 yards (F.Mauigoa; Q.Stiggers).
2026,PRESEASON WEEK 3,Friday,August 28th,NYG,NYJ,1st Quarter,3,New York Giants,0,9,0,Pass Incomplete,1st & 10 at NYJ 23,04:23 1st Shotgun,— J.Winston pass incomplete deep middle to B.Berrios (J.Monroe).
2026,PRESEASON WEEK 3,Friday,August 28th,NYG,NYJ,1st Quarter,3,New York Giants,0,10,0,4 Yard Run,2nd & 10 at NYJ 23,04:16 1st,— N.Harris up the middle to NYJ 19 for 4 yards (J.Heflin).
2026,PRESEASON WEEK 3,Friday,August 28th,NYG,NYJ,1st Quarter,3,New York Giants,0,11,0,Fumble,3rd & 6 at NYJ 19,03:37 1st Shotgun,"— J.Winston pass short middle to B.Berrios to NYJ 4 for 15 yards (M.McCrary-Ball; J.Monroe). FUMBLES (M.McCrary-Ball), touched at NYJ 2, RECOVERED by NYJ-Q.Stiggers at NYJ -8. Touchback."
2026,PRESEASON WEEK 3,Friday,August 28th,NYG,NYJ,1st Quarter,4,New York Jets,0,1,0,Pass Incomplete,1st & 10 at NYJ 20,03:27 1st Shotgun,— C.Klubnik pass incomplete short right to J.Bergen.
2026,PRESEASON WEEK 3,Friday,August 28th,NYG,NYJ,1st Quarter,4,New York Jets,0,2,0,Pass Incomplete,2nd & 10 at NYJ 20,03:24 1st Shotgun,— C.Klubnik pass incomplete short left to M.McClain.
2026,PRESEASON WEEK 3,Friday,August 28th,NYG,NYJ,1st Quarter,4,New York Jets,0,3,0,5 Yard Pass,3rd & 10 at NYJ 20,03:21 1st Shotgun,— C.Klubnik pass short left to J.Woods to NYJ 25 for 5 yards (K.Black).
2026,PRESEASON WEEK 3,Friday,August 28th,NYG,NYJ,1st Quarter,4,New York Jets,0,4,0,Punt,4th & 5 at NYJ 25,02:45 1st,"— A.McNamara punts 38 yards to NYG 37, Center-T.Hennessy, fair catch by B.Berrios. PENALTY on NYJ-Q.Stiggers, Fair Catch Interference, 15 yards, enforced at NYG 37."
2026,PRESEASON WEEK 3,Friday,August 28th,NYG,NYJ,1st Quarter,5,New York Giants,1,1,0,3 Yard Pass,1st & 10 at NYJ 48,02:34 1st,— J.Winston pass short right to G.Finley to NYJ 45 for 3 yards (M.McCrary-Ball; J.Heflin).
2026,PRESEASON WEEK 3,Friday,August 28th,NYG,NYJ,1st Quarter,5,New York Giants,1,2,0,16 Yard Run,2nd & 7 at NYJ 45,01:54 1st,— T.Tracy left guard to NYJ 29 for 16 yards (M.McCrary-Ball).
2026,PRESEASON WEEK 3,Friday,August 28th,NYG,NYJ,1st Quarter,5,New York Giants,1,3,0,23 Yard Pass,1st & 10 at NYJ 29,01:13 1st,— J.Winston pass deep right to O.Beckham to NYJ 6 for 23 yards (Q.Stiggers).
2026,PRESEASON WEEK 3,Friday,August 28th,NYG,NYJ,1st Quarter,5,New York Giants,1,4,1,Touchdown,1st & 6 at NYJ 6,00:32 1st,"— T.Tracy up the middle for 6 yards, TOUCHDOWN."
2026,PRESEASON WEEK 3,Friday,August 28th,NYG,NYJ,1st Quarter,5,New York Giants,1,5,1,Extra Point,,00:28 1st,"— D.Zvada extra point is GOOD, Center-B.Mann, Holder-J.Stout."
2026,PRESEASON WEEK 3,Friday,August 28th,NYG,NYJ,2nd Quarter,1,New York Jets,0,1,0,Kickoff from NYG 35,,Kickoff,— D.Zvada kicks 59 yards from NYG 35 to NYJ 6. T.Brown to NYJ 33 for 27 yards (D.Muasau; B.Brade).
2026,PRESEASON WEEK 3,Friday,August 28th,NYG,NYJ,2nd Quarter,1,New York Jets,0,2,0,3 Yard Pass,1st & 10 at NYJ 33,00:22 1st,— C.Klubnik pass short right to J.Woods to NYJ 36 for 3 yards (B.Brade).
2026,PRESEASON WEEK 3,Friday,August 28th,NYG,NYJ,2nd Quarter,1,New York Jets,0,3,0,3 Yard Pass,2nd & 7 at NYJ 36,15:00 2nd Shotgun,— C.Klubnik pass short right to C.Trayanum to NYJ 39 for 3 yards (T.Ford).
2026,PRESEASON WEEK 3,Friday,August 28th,NYG,NYJ,2nd Quarter,1,New York Jets,0,4,0,22 Yard Pass,3rd & 4 at NYJ 39,14:22 2nd Shotgun,— C.Klubnik pass short right to C.Trayanum pushed ob at NYG 39 for 22 yards (R.Layne).
2026,PRESEASON WEEK 3,Friday,August 28th,NYG,NYJ,2nd Quarter,1,New York Jets,0,5,0,Interception,1st & 10 at NYG 39,13:43 2nd,— C.Klubnik pass short right intended for J.Woods INTERCEPTED by Z.Barnes at NYG 27. Z.Barnes to NYG 27 for no gain (J.Woods).
2026,PRESEASON WEEK 3,Friday,August 28th,NYG,NYJ,2nd Quarter,2,New York Giants,0,1,0,Pass Incomplete,1st & 10 at NYG 27,13:37 2nd,— J.Winston pass incomplete deep right to O.Beckham.
2026,PRESEASON WEEK 3,Friday,August 28th,NYG,NYJ,2nd Quarter,2,New York Giants,0,2,0,3 Yard Run,2nd & 10 at NYG 27,13:30 2nd,— N.Harris up the middle to NYG 30 for 3 yards (P.Page; D.Jackson).
2026,PRESEASON WEEK 3,Friday,August 28th,NYG,NYJ,2nd Quarter,2,New York Giants,0,3,0,-6 Yard Sack,3rd & 7 at NYG 30,12:46 2nd Shotgun,— J.Winston sacked at NYG 24 for -6 yards (N.Lynn).
2026,PRESEASON WEEK 3,Friday,August 28th,NYG,NYJ,2nd Quarter,2,New York Giants,0,4,0,Punt,4th & 18 at NYG 19,11:55 2nd,"— J.Stout punts 81 yards to end zone, Center-B.Mann, Touchback."
2026,PRESEASON WEEK 3,Friday,August 28th,NYG,NYJ,2nd Quarter,3,New York Jets,0,1,0,9 Yard Run,1st & 10 at NYJ 20,11:41 2nd,— D.Richardson up the middle to NYJ 29 for 9 yards (R.Layne; K.Kareem).
2026,PRESEASON WEEK 3,Friday,August 28th,NYG,NYJ,2nd Quarter,3,New York Jets,0,2,0,3 Yard Run,2nd & 1 at NYJ 29,11:05 2nd Shotgun,— D.Richardson left guard to NYJ 32 for 3 yards (B.Jamison-Travis; K.Kareem).
2026,PRESEASON WEEK 3,Friday,August 28th,NYG,NYJ,2nd Quarter,3,New York Jets,0,3,0,1 Yard Run,1st & 10 at NYJ 32,10:28 2nd,— D.Richardson left guard to NYJ 33 for 1 yard (K.Kareem).
2026,PRESEASON WEEK 3,Friday,August 28th,NYG,NYJ,2nd Quarter,3,New York Jets,0,4,0,Pass Incomplete,2nd & 9 at NYJ 33,09:51 2nd Shotgun,— C.Klubnik pass incomplete short right.
2026,PRESEASON WEEK 3,Friday,August 28th,NYG,NYJ,2nd Quarter,3,New York Jets,0,5,0,-5 Yard Penalty,3rd & 9 at NYJ 33,09:45 2nd Shotgun,"— PENALTY on NYJ, Delay of Game, 5 yards, enforced at NYJ 33 - No Play."
2026,PRESEASON WEEK 3,Friday,August 28th,NYG,NYJ,2nd Quarter,3,New York Jets,0,6,0,Pass Incomplete,3rd & 14 at NYJ 28,09:45 2nd Shotgun,— C.Klubnik pass incomplete short right to D.Richardson (J.Kelly) [T.Ford]. NYJ-A.Cooper was injured during the play.
2026,PRESEASON WEEK 3,Friday,August 28th,NYG,NYJ,2nd Quarter,3,New York Jets,0,7,0,Punt,4th & 14 at NYJ 28,09:37 2nd,"— A.McNamara punts 56 yards to NYG 16, Center-T.Hennessy. B.Berrios to NYG 26 for 10 yards (T.Hennessy; J.Clark)."
2026,PRESEASON WEEK 3,Friday,August 28th,NYG,NYJ,2nd Quarter,4,New York Giants,1,1,0,3 Yard Run,1st & 10 at NYG 26,09:26 2nd,— N.Harris right guard to NYG 29 for 3 yards (D.Jackson).
2026,PRESEASON WEEK 3,Friday,August 28th,NYG,NYJ,2nd Quarter,4,New York Giants,1,2,0,2 Yard Run,2nd & 7 at NYG 29,08:50 2nd,— N.Harris left tackle to NYG 31 for 2 yards (N.Lynn; M.McCrary-Ball).
2026,PRESEASON WEEK 3,Friday,August 28th,NYG,NYJ,2nd Quarter,4,New York Giants,1,3,0,5 Yard Penalty,3rd & 5 at NYG 31,08:08 2nd Shotgun,"— B.Allen pass short right to N.Harris to NYG 23 for -8 yards (T.Brown, S.Womack). PENALTY on NYJ-F.Mauigoa, Illegal Contact, 5 yards, enforced at NYG 31 - No Play."
2026,PRESEASON WEEK 3,Friday,August 28th,NYG,NYJ,2nd Quarter,4,New York Giants,1,4,0,8 Yard Run,1st & 10 at NYG 36,07:37 2nd,— T.Tracy left tackle to NYG 44 for 8 yards (J.Monroe; S.Womack). NYG-T.Tracy was injured during the play.
2026,PRESEASON WEEK 3,Friday,August 28th,NYG,NYJ,2nd Quarter,4,New York Giants,1,5,0,3 Yard Run,2nd & 2 at NYG 44,07:05 2nd,— N.Harris left guard to NYG 47 for 3 yards (D.Jackson; M.McCrary-Ball).
2026,PRESEASON WEEK 3,Friday,August 28th,NYG,NYJ,2nd Quarter,4,New York Giants,1,6,0,5 Yard Pass,1st & 10 at NYG 47,06:31 2nd Shotgun,— B.Allen pass short right to T.Fidone pushed ob at NYJ 48 for 5 yards (M.McCrary-Ball).
2026,PRESEASON WEEK 3,Friday,August 28th,NYG,NYJ,2nd Quarter,4,New York Giants,1,7,0,17 Yard Pass,2nd & 5 at NYJ 48,05:58 2nd Shotgun,— B.Allen pass deep left to O.Beckham to NYJ 31 for 17 yards (M.Moore).
2026,PRESEASON WEEK 3,Friday,August 28th,NYG,NYJ,2nd Quarter,4,New York Giants,1,8,0,3 Yard Run,1st & 10 at NYJ 31,05:15 2nd,— N.Harris left guard to NYJ 28 for 3 yards (J.Heflin; M.Smith).
2026,PRESEASON WEEK 3,Friday,August 28th,NYG,NYJ,2nd Quarter,4,New York Giants,1,9,0,20 Yard Pass,2nd & 7 at NYJ 28,04:33 2nd Shotgun,— B.Allen pass short left to N.Harris to NYJ 8 for 20 yards (M.McCrary-Ball; M.Moore).
2026,PRESEASON WEEK 3,Friday,August 28th,NYG,NYJ,2nd Quarter,4,New York Giants,1,10,0,-1 Yard Run,1st & 8 at NYJ 8,03:45 2nd,— N.Harris right tackle to NYJ 9 for -1 yards (J.Heflin).
2026,PRESEASON WEEK 3,Friday,August 28th,NYG,NYJ,2nd Quarter,4,New York Giants,1,11,0,4 Yard Penalty,2nd & 9 at NYJ 9,03:02 2nd Shotgun,"— B.Allen pass incomplete short right to O.Beckham. PENALTY on NYJ-T.Brown, Defensive Pass Interference, 4 yards, enforced at NYJ 9 - No Play."
2026,PRESEASON WEEK 3,Friday,August 28th,NYG,NYJ,2nd Quarter,4,New York Giants,1,12,0,0 Yard Run,1st & 5 at NYJ 5,02:59 2nd,— E.Gray up the middle to NYJ 5 for no gain (M.McCrary-Ball).
2026,PRESEASON WEEK 3,Friday,August 28th,NYG,NYJ,2nd Quarter,4,New York Giants,1,13,0,Pass Incomplete,2nd & 5 at NYJ 5,02:18 2nd Shotgun,— B.Allen pass incomplete short middle to B.Berrios.
2026,PRESEASON WEEK 3,Friday,August 28th,NYG,NYJ,2nd Quarter,4,New York Giants,1,14,0,Pass Incomplete,3rd & 5 at NYJ 5,02:14 2nd Shotgun,— B.Allen pass incomplete short left to B.Berrios.
2026,PRESEASON WEEK 3,Friday,August 28th,NYG,NYJ,2nd Quarter,4,New York Giants,1,15,1,Field Goal,4th & 5 at NYJ 5,02:10 2nd,"— D.Zvada 23 yard field goal is GOOD, Center-B.Mann, Holder-J.Stout."
2026,PRESEASON WEEK 3,Friday,August 28th,NYG,NYJ,2nd Quarter,5,New York Jets,0,1,0,Kickoff from NYG 35,,Kickoff,— D.Zvada kicks 66 yards from NYG 35 to NYJ -1. T.Brown to NYJ 20 for 21 yards (A.Orji). NYJ-T.Brown was injured during the play.
2026,PRESEASON WEEK 3,Friday,August 28th,NYG,NYJ,2nd Quarter,5,New York Jets,0,2,0,14 Yard Pass,1st & 10 at NYJ 20,02:03 2nd Shotgun,— C.Klubnik pass short middle to C.Camper to NYJ 34 for 14 yards (R.Layne).
2026,PRESEASON WEEK 3,Friday,August 28th,NYG,NYJ,2nd Quarter,5,New York Jets,0,3,0,Pass Incomplete,1st & 10 at NYJ 34,01:57 2nd Shotgun,— C.Klubnik pass incomplete short right to Q.Skinner (K.Black).
2026,PRESEASON WEEK 3,Friday,August 28th,NYG,NYJ,2nd Quarter,5,New York Jets,0,4,0,16 Yard Penalty,2nd & 10 at NYJ 34,01:52 2nd Shotgun,"— C.Klubnik pass incomplete deep right to Q.Skinner. PENALTY on NYG-K.Black, Defensive Pass Interference, 16 yards, enforced at NYJ 34 - No Play."
2026,PRESEASON WEEK 3,Friday,August 28th,NYG,NYJ,2nd Quarter,5,New York Jets,0,5,0,8 Yard Run,1st & 10 at 50,01:48 2nd Shotgun,— C.Trayanum up the middle to NYG 42 for 8 yards (Z.Barnes; B.Brade).
2026,PRESEASON WEEK 3,Friday,August 28th,NYG,NYJ,2nd Quarter,5,New York Jets,0,6,0,3 Yard Run,2nd & 2 at NYG 42,"01:24 2nd No Huddle, Shotgun",— C.Trayanum up the middle to NYG 39 for 3 yards (Z.Barnes).
2026,PRESEASON WEEK 3,Friday,August 28th,NYG,NYJ,2nd Quarter,5,New York Jets,0,7,0,Pass Incomplete,1st & 10 at NYG 39,"01:14 2nd No Huddle, Shotgun",— C.Klubnik pass incomplete short right to Q.Skinner (K.Black).
2026,PRESEASON WEEK 3,Friday,August 28th,NYG,NYJ,2nd Quarter,5,New York Jets,0,8,0,-5 Yard Penalty,2nd & 10 at NYG 39,01:08 2nd Shotgun,"— C.Klubnik pass deep right to M.McClain to NYG 14 for 25 yards (R.Layne; B.Brade). PENALTY on NYJ-X.Newman-Johnson, Ineligible Downfield Pass, 5 yards, enforced at NYG 39 - No Play."
2026,PRESEASON WEEK 3,Friday,August 28th,NYG,NYJ,2nd Quarter,5,New York Jets,0,9,0,12 Yard Pass,2nd & 15 at NYG 44,00:57 2nd Shotgun,— C.Klubnik pass short right to C.Camper pushed ob at NYG 32 for 12 yards (N.Jones).
2026,PRESEASON WEEK 3,Friday,August 28th,NYG,NYJ,2nd Quarter,5,New York Jets,0,10,0,-10 Yard Penalty,3rd & 3 at NYG 32,00:53 2nd Shotgun,"— C.Klubnik pass incomplete deep left to C.Camper. PENALTY on NYJ-C.Camper, Offensive Pass Interference, 10 yards, enforced at NYG 32 - No Play."
2026,PRESEASON WEEK 3,Friday,August 28th,NYG,NYJ,2nd Quarter,5,New York Jets,0,11,0,-9 Yard Sack,3rd & 13 at NYG 42,00:48 2nd Shotgun,— C.Klubnik sacked at NYJ 49 for -9 yards (T.Ford).
2026,PRESEASON WEEK 3,Friday,August 28th,NYG,NYJ,2nd Quarter,5,New York Jets,0,12,0,Timeout,,00:43 2nd,— Timeout #1 by NYG at 00:43.
2026,PRESEASON WEEK 3,Friday,August 28th,NYG,NYJ,2nd Quarter,5,New York Jets,0,13,0,Punt,4th & 22 at NYJ 49,00:43 2nd,"— A.McNamara punts 41 yards to NYG 10, Center-T.Hennessy, fair catch by B.Berrios."
2026,PRESEASON WEEK 3,Friday,August 28th,NYG,NYJ,2nd Quarter,6,New York Giants,0,1,0,2 Yard Pass,1st & 10 at NYG 10,00:35 2nd Shotgun,— B.Allen pass short right to T.Conner to NYG 12 for 2 yards (S.Womack).
2026,PRESEASON WEEK 3,Friday,August 28th,NYG,NYJ,2nd Quarter,6,New York Giants,0,2,0,Timeout,,00:29 2nd,— Timeout #2 by NYG at 00:29.
2026,PRESEASON WEEK 3,Friday,August 28th,NYG,NYJ,2nd Quarter,6,New York Giants,0,3,0,5 Yard Run,2nd & 8 at NYG 12,00:29 2nd Shotgun,— E.Gray up the middle to NYG 17 for 5 yards (F.Mauigoa; B.McGregor).
2026,PRESEASON WEEK 3,Friday,August 28th,NYG,NYJ,2nd Quarter,6,New York Giants,0,4,0,Timeout,,00:25 2nd,— Timeout #1 by NYJ at 00:25.
2026,PRESEASON WEEK 3,Friday,August 28th,NYG,NYJ,2nd Quarter,6,New York Giants,0,5,0,-1 Yard Run,3rd & 3 at NYG 17,00:25 2nd Shotgun,— E.Gray left tackle to NYG 16 for -1 yards (F.Mauigoa).
2026,PRESEASON WEEK 3,Friday,August 28th,NYG,NYJ,2nd Quarter,6,New York Giants,0,6,0,Timeout,,00:20 2nd,— Timeout #2 by NYJ at 00:20.
2026,PRESEASON WEEK 3,Friday,August 28th,NYG,NYJ,2nd Quarter,6,New York Giants,0,7,0,Punt,4th & 4 at NYG 16,00:20 2nd,"— J.Stout punts 58 yards to NYJ 26, Center-B.Mann. J.Bergen pushed ob at NYJ 44 for 18 yards (J.Kelly). PENALTY on NYJ-J.Clark, Offensive Holding, 10 yards, enforced at NYJ 26. Penalty on NYJ-N.Lynn, Offensive Holding, declined."
2026,PRESEASON WEEK 3,Friday,August 28th,NYG,NYJ,2nd Quarter,7,New York Jets,0,1,0,-3 Yard Run,1st & 10 at NYJ 16,00:10 2nd Shotgun,— C.Trayanum up the middle to NYJ 13 for -3 yards (T.Ford). NYJ-C.Trayanum was injured during the play.
2026,PRESEASON WEEK 3,Friday,August 28th,NYG,NYJ,3rd Quarter,1,New York Jets,0,1,0,Kickoff from NYG 35,,Kickoff,"— D.Zvada kicks 65 yards from NYG 35 to end zone, Touchback to the NYJ 35."
2026,PRESEASON WEEK 3,Friday,August 28th,NYG,NYJ,3rd Quarter,1,New York Jets,0,2,0,-3 Yard Run,1st & 10 at NYJ 35,15:00 3rd,— D.Richardson left end to NYJ 32 for -3 yards (T.Ford).
2026,PRESEASON WEEK 3,Friday,August 28th,NYG,NYJ,3rd Quarter,1,New York Jets,0,3,0,Pass Incomplete,2nd & 13 at NYJ 32,14:23 3rd Shotgun,— B.Zappe pass incomplete deep left to C.Camper.
2026,PRESEASON WEEK 3,Friday,August 28th,NYG,NYJ,3rd Quarter,1,New York Jets,0,4,0,7 Yard Pass,3rd & 13 at NYJ 32,14:18 3rd Shotgun,— B.Zappe pass short right to C.Hulstein to NYJ 39 for 7 yards (B.Brade).
2026,PRESEASON WEEK 3,Friday,August 28th,NYG,NYJ,3rd Quarter,1,New York Jets,0,5,0,Punt,4th & 6 at NYJ 39,13:40 3rd,"— A.McNamara punts 47 yards to NYG 14, Center-T.Hennessy, fair catch by X.Gipson."
2026,PRESEASON WEEK 3,Friday,August 28th,NYG,NYJ,3rd Quarter,2,New York Giants,1,1,0,8 Yard Run,1st & 10 at NYG 14,13:32 3rd,— E.Gray left guard to NYG 22 for 8 yards (T.Wall).
2026,PRESEASON WEEK 3,Friday,August 28th,NYG,NYJ,3rd Quarter,2,New York Giants,1,2,0,4 Yard Run,2nd & 2 at NYG 22,12:57 3rd,— E.Gray up the middle to NYG 26 for 4 yards (J.Heflin; C.Wilson).
2026,PRESEASON WEEK 3,Friday,August 28th,NYG,NYJ,3rd Quarter,2,New York Giants,1,3,0,4 Yard Run,1st & 10 at NYG 26,12:20 3rd,— E.Gray right tackle to NYG 30 for 4 yards (J.Heflin; P.Ekeji).
2026,PRESEASON WEEK 3,Friday,August 28th,NYG,NYJ,3rd Quarter,2,New York Giants,1,4,0,9 Yard Pass,2nd & 6 at NYG 30,11:41 3rd,— B.Allen pass short left to D.Cambre to NYG 39 for 9 yards (D.Clark).
2026,PRESEASON WEEK 3,Friday,August 28th,NYG,NYJ,3rd Quarter,2,New York Giants,1,5,0,3 Yard Run,1st & 10 at NYG 39,11:05 3rd,— E.Gray up the middle to NYG 42 for 3 yards (J.Heflin).
2026,PRESEASON WEEK 3,Friday,August 28th,NYG,NYJ,3rd Quarter,2,New York Giants,1,6,0,6 Yard Pass,2nd & 7 at NYG 42,10:24 3rd Shotgun,— B.Allen pass short left to I.Hodgins pushed ob at NYG 48 for 6 yards (S.Womack).
2026,PRESEASON WEEK 3,Friday,August 28th,NYG,NYJ,3rd Quarter,2,New York Giants,1,7,0,2 Yard Run,3rd & 1 at NYG 48,09:55 3rd,— B.Allen up the middle to 50 for 2 yards (C.Wilson).
2026,PRESEASON WEEK 3,Friday,August 28th,NYG,NYJ,3rd Quarter,2,New York Giants,1,8,0,Pass Incomplete,1st & 10 at 50,09:19 3rd,— B.Allen pass incomplete short right to I.Hodgins (C.Wilson).
2026,PRESEASON WEEK 3,Friday,August 28th,NYG,NYJ,3rd Quarter,2,New York Giants,1,9,0,10 Yard Pass,2nd & 10 at 50,09:14 3rd Shotgun,— B.Allen pass short left to I.Hodgins to NYJ 40 for 10 yards (S.Womack).
2026,PRESEASON WEEK 3,Friday,August 28th,NYG,NYJ,3rd Quarter,2,New York Giants,1,10,0,6 Yard Run,1st & 10 at NYJ 40,08:34 3rd,— E.Gray left tackle to NYJ 34 for 6 yards (C.Wilson; D.Clark).
2026,PRESEASON WEEK 3,Friday,August 28th,NYG,NYJ,3rd Quarter,2,New York Giants,1,11,0,-10 Yard Penalty,2nd & 4 at NYJ 34,07:54 3rd,"— E.Gray left guard to NYJ 28 for 6 yards (P.Ekeji). PENALTY on NYG-B.Hudson, Offensive Holding, 10 yards, enforced at NYJ 34 - No Play."
2026,PRESEASON WEEK 3,Friday,August 28th,NYG,NYJ,3rd Quarter,2,New York Giants,1,12,0,Pass Incomplete,2nd & 14 at NYJ 44,07:28 3rd Shotgun,— B.Allen pass incomplete deep left to I.Hodgins (S.Womack).
2026,PRESEASON WEEK 3,Friday,August 28th,NYG,NYJ,3rd Quarter,2,New York Giants,1,13,0,9 Yard Pass,3rd & 14 at NYJ 44,07:22 3rd Shotgun,— B.Allen pass short right to T.Conner to NYJ 35 for 9 yards (J.Keller).
2026,PRESEASON WEEK 3,Friday,August 28th,NYG,NYJ,3rd Quarter,2,New York Giants,1,14,1,Field Goal,4th & 5 at NYJ 35,06:39 3rd,"— D.Zvada 53 yard field goal is GOOD, Center-B.Mann, Holder-J.Stout."
2026,PRESEASON WEEK 3,Friday,August 28th,NYG,NYJ,3rd Quarter,3,New York Jets,0,1,0,Kickoff from NYG 35,,Kickoff,— D.Zvada kicks 58 yards from NYG 35 to NYJ 7. Q.Skinner to NYJ 23 for 16 yards (T.Conner; D.Muasau).
2026,PRESEASON WEEK 3,Friday,August 28th,NYG,NYJ,3rd Quarter,3,New York Jets,0,2,0,-8 Yard Sack,1st & 10 at NYJ 23,06:29 3rd,— B.Zappe sacked at NYJ 15 for -8 yards (K.Kareem).
2026,PRESEASON WEEK 3,Friday,August 28th,NYG,NYJ,3rd Quarter,3,New York Jets,0,3,0,Pass Incomplete,2nd & 18 at NYJ 15,05:51 3rd Shotgun,— B.Zappe pass incomplete short left to J.Bergen (J.Woods).
2026,PRESEASON WEEK 3,Friday,August 28th,NYG,NYJ,3rd Quarter,3,New York Jets,0,4,0,Pass Incomplete,3rd & 18 at NYJ 15,05:47 3rd Shotgun,— B.Zappe pass incomplete short left to D.Richardson (T.Ford).
2026,PRESEASON WEEK 3,Friday,August 28th,NYG,NYJ,3rd Quarter,3,New York Jets,0,5,0,Punt,4th & 18 at NYJ 15,05:42 3rd,"— A.McNamara punts 57 yards to NYG 28, Center-T.Hennessy. X.Gipson to NYG 40 for 12 yards (T.Wall). PENALTY on NYG-U.Amadi, Offensive Holding, 10 yards, enforced at NYG 28."
2026,PRESEASON WEEK 3,Friday,August 28th,NYG,NYJ,4th Quarter,1,New York Giants,1,1,0,9 Yard Run,1st & 10 at NYG 18,05:31 3rd,— D.Bankston right end to NYG 27 for 9 yards (J.Keller; J.Heflin).
2026,PRESEASON WEEK 3,Friday,August 28th,NYG,NYJ,4th Quarter,1,New York Giants,1,2,0,4 Yard Run,2nd & 1 at NYG 27,04:56 3rd,— D.Bankston left guard to NYG 31 for 4 yards (C.Wilson).
2026,PRESEASON WEEK 3,Friday,August 28th,NYG,NYJ,4th Quarter,1,New York Giants,1,3,0,20 Yard Pass,1st & 10 at NYG 31,04:10 3rd,— J.Haener pass deep right to D.Cambre pushed ob at NYJ 49 for 20 yards (J.Monroe).
2026,PRESEASON WEEK 3,Friday,August 28th,NYG,NYJ,4th Quarter,1,New York Giants,1,4,0,5 Yard Run,1st & 10 at NYJ 49,03:35 3rd,— D.Bankston right tackle to NYJ 44 for 5 yards (C.Wilson; K.Garber).
2026,PRESEASON WEEK 3,Friday,August 28th,NYG,NYJ,4th Quarter,1,New York Giants,1,5,0,15 Yard Run,2nd & 5 at NYJ 44,02:55 3rd,— D.Bankston right tackle to NYJ 29 for 15 yards (A.Dunn).
2026,PRESEASON WEEK 3,Friday,August 28th,NYG,NYJ,4th Quarter,1,New York Giants,1,6,0,-9 Yard Run,1st & 10 at NYJ 29,02:15 3rd,"— D.Bankston left guard to NYJ 24 for 5 yards (D.Clark). PENALTY on NYG-J.Davis, Offensive Holding, 10 yards, enforced at NYJ 28."
2026,PRESEASON WEEK 3,Friday,August 28th,NYG,NYJ,4th Quarter,1,New York Giants,1,7,0,4 Yard Run,1st & 19 at NYJ 38,01:46 3rd Shotgun,— J.Haener scrambles right end to NYJ 34 for 4 yards (J.Keller).
2026,PRESEASON WEEK 3,Friday,August 28th,NYG,NYJ,4th Quarter,1,New York Giants,1,8,0,5 Yard Pass,2nd & 15 at NYJ 34,01:11 3rd Shotgun,— J.Haener pass short right to T.Conner to NYJ 29 for 5 yards (K.Garber).
2026,PRESEASON WEEK 3,Friday,August 28th,NYG,NYJ,4th Quarter,1,New York Giants,1,9,0,1 Yard Run,3rd & 10 at NYJ 29,00:31 3rd Shotgun,— E.Gray right guard to NYJ 28 for 1 yard (B.McGregor; N.Lynn).
2026,PRESEASON WEEK 3,Friday,August 28th,NYG,NYJ,4th Quarter,1,New York Giants,1,10,1,Field Goal,4th & 9 at NYJ 28,15:00 4th,"— D.Zvada 46 yard field goal is GOOD, Center-B.Mann, Holder-J.Stout."
2026,PRESEASON WEEK 3,Friday,August 28th,NYG,NYJ,4th Quarter,2,New York Jets,0,1,0,Kickoff from NYG 35,,Kickoff,— D.Zvada kicks 63 yards from NYG 35 to NYJ 2. Q.Skinner to NYJ 22 for 20 yards (A.Orji).
2026,PRESEASON WEEK 3,Friday,August 28th,NYG,NYJ,4th Quarter,2,New York Jets,0,2,0,3 Yard Run,1st & 10 at NYJ 22,14:50 4th Shotgun,— B.Zappe scrambles up the middle to NYJ 25 for 3 yards (U.Amadi).
2026,PRESEASON WEEK 3,Friday,August 28th,NYG,NYJ,4th Quarter,2,New York Jets,0,3,0,-12 Yard Sack,2nd & 7 at NYJ 25,14:16 4th Shotgun,— B.Zappe sacked at NYJ 13 for -12 yards (B.Jamison-Travis).
2026,PRESEASON WEEK 3,Friday,August 28th,NYG,NYJ,4th Quarter,2,New York Jets,0,4,0,5 Yard Pass,3rd & 19 at NYJ 13,13:33 4th Shotgun,— B.Zappe pass short middle to A.Smith to NYJ 18 for 5 yards (T.Ford; C.Martin).
2026,PRESEASON WEEK 3,Friday,August 28th,NYG,NYJ,4th Quarter,2,New York Jets,0,5,0,Punt,4th & 14 at NYJ 18,12:46 4th,"— A.McNamara punts 52 yards to NYG 30, Center-T.Hennessy. X.Gipson to NYG 39 for 9 yards (J.Monroe; T.Wall)."
2026,PRESEASON WEEK 3,Friday,August 28th,NYG,NYJ,4th Quarter,3,New York Giants,1,1,0,18 Yard Pass,1st & 10 at NYG 39,12:34 4th,— J.Haener pass short left to T.Conner to NYJ 43 for 18 yards (D.Clark).
2026,PRESEASON WEEK 3,Friday,August 28th,NYG,NYJ,4th Quarter,3,New York Giants,1,2,0,6 Yard Run,1st & 10 at NYJ 43,11:56 4th,— E.Gray left guard to NYJ 37 for 6 yards (J.Keller).
2026,PRESEASON WEEK 3,Friday,August 28th,NYG,NYJ,4th Quarter,3,New York Giants,1,3,0,0 Yard Run,2nd & 4 at NYJ 37,11:21 4th,— E.Gray left tackle to NYJ 37 for no gain (J.Tafuna; A.Dunn).
2026,PRESEASON WEEK 3,Friday,August 28th,NYG,NYJ,4th Quarter,3,New York Giants,1,4,1,Touchdown,3rd & 4 at NYJ 37,10:38 4th Shotgun,"— J.Haener pass deep right to X.Gipson for 37 yards, TOUCHDOWN. Penalty on NYJ-P.Ekeji, Illegal Use of Hands, declined."
2026,PRESEASON WEEK 3,Friday,August 28th,NYG,NYJ,4th Quarter,3,New York Giants,1,5,1,Extra Point,,10:30 4th,"— D.Zvada extra point is GOOD, Center-B.Mann, Holder-J.Stout."
2026,PRESEASON WEEK 3,Friday,August 28th,NYG,NYJ,4th Quarter,4,New York Jets,0,1,0,Kickoff from NYG 35,,Kickoff,— D.Zvada kicks 62 yards from NYG 35 to NYJ 3. Q.Skinner to NYJ 24 for 21 yards (D.Muasau; D.Cambre).
2026,PRESEASON WEEK 3,Friday,August 28th,NYG,NYJ,4th Quarter,4,New York Jets,0,2,0,5 Yard Pass,1st & 10 at NYJ 24,10:25 4th Shotgun,— B.Cook pass short right to C.Hulstein pushed ob at NYJ 29 for 5 yards (J.Woods; C.Martin).
2026,PRESEASON WEEK 3,Friday,August 28th,NYG,NYJ,4th Quarter,4,New York Jets,0,3,0,11 Yard Run,2nd & 5 at NYJ 29,09:58 4th Shotgun,— B.Cook right end ran ob at NYJ 40 for 11 yards (A.Orji).
2026,PRESEASON WEEK 3,Friday,August 28th,NYG,NYJ,4th Quarter,4,New York Jets,0,4,0,9 Yard Pass,1st & 10 at NYJ 40,09:29 4th Shotgun,— B.Cook pass short middle to C.Hulstein to NYJ 49 for 9 yards (A.Orji; B.Brade).
2026,PRESEASON WEEK 3,Friday,August 28th,NYG,NYJ,4th Quarter,4,New York Jets,0,5,0,3 Yard Run,2nd & 1 at NYJ 49,08:59 4th Shotgun,— D.Richardson left guard to NYG 48 for 3 yards (N.Jones).
2026,PRESEASON WEEK 3,Friday,August 28th,NYG,NYJ,4th Quarter,4,New York Jets,0,6,0,12 Yard Pass,1st & 10 at NYG 48,08:21 4th Shotgun,— B.Cook pass short right to D.Richardson to NYG 36 for 12 yards (U.Amadi; B.Brade). NYJ-D.Richardson was injured during the play.
2026,PRESEASON WEEK 3,Friday,August 28th,NYG,NYJ,4th Quarter,4,New York Jets,0,7,0,Pass Incomplete,1st & 10 at NYG 36,07:54 4th Shotgun,— B.Cook pass incomplete deep right to M.McClain (J.Woods).
2026,PRESEASON WEEK 3,Friday,August 28th,NYG,NYJ,4th Quarter,4,New York Jets,0,8,0,Pass Incomplete,2nd & 10 at NYG 36,07:48 4th Shotgun,— B.Cook pass incomplete short middle to C.Hulstein (T.Ford).
2026,PRESEASON WEEK 3,Friday,August 28th,NYG,NYJ,4th Quarter,4,New York Jets,0,9,0,Pass Incomplete,3rd & 10 at NYG 36,07:44 4th Shotgun,— B.Cook pass incomplete short left to J.Bergen.
2026,PRESEASON WEEK 3,Friday,August 28th,NYG,NYJ,4th Quarter,4,New York Jets,0,10,0,Field Goal No Good,4th & 10 at NYG 36,07:40 4th,"— J.Sanders 54 yard field goal is No Good, Short, Center-T.Hennessy, Holder-A.McNamara."
2026,PRESEASON WEEK 3,Friday,August 28th,NYG,NYJ,4th Quarter,5,New York Giants,0,1,0,Pass Incomplete,1st & 10 at NYG 44,07:35 4th,— J.Haener pass incomplete short left to G.Finley.
2026,PRESEASON WEEK 3,Friday,August 28th,NYG,NYJ,4th Quarter,5,New York Giants,0,2,0,5 Yard Run,2nd & 10 at NYG 44,07:31 4th Shotgun,— D.Bankston right guard to NYG 49 for 5 yards (J.Clark; C.Wilson).
2026,PRESEASON WEEK 3,Friday,August 28th,NYG,NYJ,4th Quarter,5,New York Giants,0,3,0,4 Yard Pass,3rd & 5 at NYG 49,06:53 4th Shotgun,— J.Haener pass short left to D.Cambre to NYJ 47 for 4 yards (J.Clark).
2026,PRESEASON WEEK 3,Friday,August 28th,NYG,NYJ,4th Quarter,5,New York Giants,0,4,0,3 Yard Run,4th & 1 at NYJ 47,06:13 4th,— D.Bankston left tackle to NYJ 44 for 3 yards (J.Tafuna).
2026,PRESEASON WEEK 3,Friday,August 28th,NYG,NYJ,4th Quarter,5,New York Giants,0,5,0,2 Yard Run,1st & 10 at NYJ 44,05:36 4th,— D.Bankston right tackle to NYJ 42 for 2 yards (M.Smith).
2026,PRESEASON WEEK 3,Friday,August 28th,NYG,NYJ,4th Quarter,5,New York Giants,0,6,0,13 Yard Run,2nd & 8 at NYJ 42,04:55 4th Shotgun,— D.Bankston right end ran ob at NYJ 29 for 13 yards (T.Wall).
2026,PRESEASON WEEK 3,Friday,August 28th,NYG,NYJ,4th Quarter,5,New York Giants,0,7,0,4 Yard Run,1st & 10 at NYJ 29,04:50 4th,— D.Bankston left end to NYJ 25 for 4 yards (N.Lynn).
2026,PRESEASON WEEK 3,Friday,August 28th,NYG,NYJ,4th Quarter,5,New York Giants,0,8,0,1 Yard Run,2nd & 6 at NYJ 25,04:11 4th Shotgun,— D.Bankston left guard to NYJ 24 for 1 yard (J.Heflin; A.Dunn).
2026,PRESEASON WEEK 3,Friday,August 28th,NYG,NYJ,4th Quarter,5,New York Giants,0,9,0,17 Yard Pass,3rd & 5 at NYJ 24,03:28 4th Shotgun,— J.Haener pass short left to X.Gipson to NYJ 7 for 17 yards (K.Garber; D.Clark).
2026,PRESEASON WEEK 3,Friday,August 28th,NYG,NYJ,4th Quarter,5,New York Giants,0,10,0,1 Yard Run,1st & 7 at NYJ 7,02:44 4th,— E.Gray right guard to NYJ 6 for 1 yard (P.Ekeji; T.Wall).
2026,PRESEASON WEEK 3,Friday,August 28th,NYG,NYJ,4th Quarter,5,New York Giants,0,11,0,5 Yard Penalty,2nd & 6 at NYJ 6,02:01 4th Shotgun,"— J.Haener pass incomplete short left to I.Hodgins [D.Clark]. PENALTY on NYJ-J.Clark, Defensive Pass Interference, 5 yards, enforced at NYJ 6 - No Play."
2026,PRESEASON WEEK 3,Friday,August 28th,NYG,NYJ,4th Quarter,5,New York Giants,0,12,0,-1 Yard Run,1st & 1 at NYJ 1,01:56 4th,— J.Haener kneels to NYJ 2 for -1 yards.
2026,PRESEASON WEEK 3,Friday,August 28th,NYG,NYJ,4th Quarter,5,New York Giants,0,13,0,-1 Yard Run,2nd & 2 at NYJ 2,01:10 4th,— J.Haener kneels to NYJ 3 for -1 yards.
2026,PRESEASON WEEK 3,Friday,August 28th,NYG,NYJ,4th Quarter,5,New York Giants,0,14,0,-1 Yard Run,3rd & 3 at NYJ 3,00:37 4th,— J.Haener kneels to NYJ 4 for -1 yards.
2026,PRESEASON WEEK 3,Friday,August 28th,NO,DAL,1st Quarter,1,New Orleans Saints,1,1,0,Kickoff from DAL 35,,Kickoff,— B.Aubrey kicks 60 yards from DAL 35 to NO 5. J.Moreno-Cropper to NO 33 for 28 yards (A.Speed).
2026,PRESEASON WEEK 3,Friday,August 28th,NO,DAL,1st Quarter,1,New Orleans Saints,1,2,0,12 Yard Run,1st & 10 at NO 33,14:53 1st,— B.Brown left end pushed ob at NO 45 for 12 yards (A.Clark).
2026,PRESEASON WEEK 3,Friday,August 28th,NO,DAL,1st Quarter,1,New Orleans Saints,1,3,0,15 Yard Pass,1st & 10 at NO 45,14:29 1st,— S.Rattler pass short left to K.Miller ran ob at DAL 40 for 15 yards (D.Kendrick; M.Bell).
2026,PRESEASON WEEK 3,Friday,August 28th,NO,DAL,1st Quarter,1,New Orleans Saints,1,4,0,15 Yard Pass,1st & 10 at DAL 40,13:53 1st Shotgun,— S.Rattler pass deep right to B.Lance to DAL 25 for 15 yards (C.Carson).
2026,PRESEASON WEEK 3,Friday,August 28th,NO,DAL,1st Quarter,1,New Orleans Saints,1,5,0,8 Yard Run,1st & 10 at DAL 25,13:15 1st Shotgun,— K.Miller right tackle to DAL 17 for 8 yards (S.James).
2026,PRESEASON WEEK 3,Friday,August 28th,NO,DAL,1st Quarter,1,New Orleans Saints,1,6,0,1 Yard Run,2nd & 2 at DAL 17,12:39 1st No Huddle,— K.Miller left end to DAL 16 for 1 yard (J.Houston; D.Kendrick).
2026,PRESEASON WEEK 3,Friday,August 28th,NO,DAL,1st Quarter,1,New Orleans Saints,1,7,0,-4 Yard Penalty,3rd & 1 at DAL 16,12:16 1st No Huddle,"— S.Rattler up the middle to DAL 10 for 6 yards (C.Carson). PENALTY on NO, Illegal Formation, 4 yards, enforced at DAL 16 - No Play."
2026,PRESEASON WEEK 3,Friday,August 28th,NO,DAL,1st Quarter,1,New Orleans Saints,1,8,0,Pass Incomplete,3rd & 5 at DAL 20,11:57 1st Shotgun,"— S.Rattler pass incomplete short left to B.Lance [S.James]. Penalty on NO-A.Richards, Offensive Holding, declined."
2026,PRESEASON WEEK 3,Friday,August 28th,NO,DAL,1st Quarter,1,New Orleans Saints,1,9,1,Field Goal,4th & 5 at DAL 20,11:52 1st,"— D.Carlson 38 yard field goal is GOOD, Center-Z.Wood, Holder-Ry.Wright."
2026,PRESEASON WEEK 3,Friday,August 28th,NO,DAL,1st Quarter,2,Dallas Cowboys,1,1,0,Kickoff from NO 35,,Kickoff,"— C.Smyth kicks 65 yards from NO 35 to end zone, Touchback to the DAL 35."
2026,PRESEASON WEEK 3,Friday,August 28th,NO,DAL,1st Quarter,2,Dallas Cowboys,1,2,0,19 Yard Pass,1st & 10 at DAL 35,11:47 1st,"— J.Milton pass short right to T.Johnson to DAL 39 for 4 yards (J.Ford). PENALTY on NO-D.Stutsman, Unnecessary Roughness, 15 yards, enforced at DAL 39."
2026,PRESEASON WEEK 3,Friday,August 28th,NO,DAL,1st Quarter,2,Dallas Cowboys,1,3,0,4 Yard Run,1st & 10 at NO 46,11:28 1st,— P.Mafah right guard to NO 42 for 4 yards (D.Stutsman).
2026,PRESEASON WEEK 3,Friday,August 28th,NO,DAL,1st Quarter,2,Dallas Cowboys,1,4,0,5 Yard Run,2nd & 6 at NO 42,10:49 1st,— P.Mafah right tackle to NO 37 for 5 yards (J.Suggs; M.Cole).
2026,PRESEASON WEEK 3,Friday,August 28th,NO,DAL,1st Quarter,2,Dallas Cowboys,1,5,0,2 Yard Run,3rd & 1 at NO 37,10:09 1st,— C.Glaser reported in as eligible. P.Mafah up the middle to NO 35 for 2 yards (K.Boyd).
2026,PRESEASON WEEK 3,Friday,August 28th,NO,DAL,1st Quarter,2,Dallas Cowboys,1,6,0,8 Yard Pass,1st & 10 at NO 35,09:33 1st Shotgun,— J.Milton pass short left to A.Smith to NO 27 for 8 yards (J.Price).
2026,PRESEASON WEEK 3,Friday,August 28th,NO,DAL,1st Quarter,2,Dallas Cowboys,1,7,0,1 Yard Run,2nd & 2 at NO 27,08:59 1st,— P.Mafah left tackle to NO 26 for 1 yard (M.Cole; D.Stutsman).
2026,PRESEASON WEEK 3,Friday,August 28th,NO,DAL,1st Quarter,2,Dallas Cowboys,1,8,0,-5 Yard Penalty,3rd & 1 at NO 26,08:23 1st,"— J.Milton right end ran ob at NO 16 for 10 yards (D.Stutsman). PENALTY on DAL-A.Smith, Illegal Shift, 5 yards, enforced at NO 26 - No Play."
2026,PRESEASON WEEK 3,Friday,August 28th,NO,DAL,1st Quarter,2,Dallas Cowboys,1,9,0,Pass Incomplete,3rd & 6 at NO 31,08:02 1st Shotgun,— J.Milton pass incomplete short left to M.Trigg (T.Burgess).
2026,PRESEASON WEEK 3,Friday,August 28th,NO,DAL,1st Quarter,2,Dallas Cowboys,1,10,1,Field Goal,4th & 6 at NO 31,07:58 1st,"— B.Aubrey 49 yard field goal is GOOD, Center-T.Sieg, Holder-B.Anger."
2026,PRESEASON WEEK 3,Friday,August 28th,NO,DAL,1st Quarter,3,New Orleans Saints,1,1,0,Kickoff from DAL 35,,Kickoff,— B.Aubrey kicks 61 yards from DAL 35 to NO 4. J.Price to NO 29 for 25 yards (T.Bridges).
2026,PRESEASON WEEK 3,Friday,August 28th,NO,DAL,1st Quarter,3,New Orleans Saints,1,2,0,5 Yard Penalty,1st & 10 at NO 29,07:47 1st Shotgun,"— S.Rattler pass incomplete short left to T.Welch (A.Odeleye). PENALTY on DAL-T.Wheat, Illegal Use of Hands, 5 yards, enforced at NO 29 - No Play."
2026,PRESEASON WEEK 3,Friday,August 28th,NO,DAL,1st Quarter,3,New Orleans Saints,1,3,0,6 Yard Run,1st & 10 at NO 34,07:43 1st,— K.Miller left tackle to NO 40 for 6 yards (D.Withers; J.Barham).
2026,PRESEASON WEEK 3,Friday,August 28th,NO,DAL,1st Quarter,3,New Orleans Saints,1,4,0,4 Yard Run,2nd & 4 at NO 40,07:08 1st Shotgun,— K.Miller up the middle to NO 44 for 4 yards (A.Clark; T.Dunn). (Virtual Measurement).
2026,PRESEASON WEEK 3,Friday,August 28th,NO,DAL,1st Quarter,3,New Orleans Saints,1,5,0,6 Yard Pass,1st & 10 at NO 44,06:37 1st Shotgun,— S.Rattler pass short right to A.Estime to 50 for 6 yards (S.Williams).
2026,PRESEASON WEEK 3,Friday,August 28th,NO,DAL,1st Quarter,3,New Orleans Saints,1,6,0,6 Yard Run,2nd & 4 at 50,05:56 1st Shotgun,— A.Estime up the middle to DAL 44 for 6 yards (J.Wood).
2026,PRESEASON WEEK 3,Friday,August 28th,NO,DAL,1st Quarter,3,New Orleans Saints,1,7,0,13 Yard Pass,1st & 10 at DAL 44,05:35 1st No Huddle,— S.Rattler pass short left to B.Lance to DAL 31 for 13 yards (D.Moore).
2026,PRESEASON WEEK 3,Friday,August 28th,NO,DAL,1st Quarter,3,New Orleans Saints,1,8,0,4 Yard Run,1st & 10 at DAL 31,05:01 1st,— A.Estime right end to DAL 27 for 4 yards (J.Wood; M.Bell).
2026,PRESEASON WEEK 3,Friday,August 28th,NO,DAL,1st Quarter,3,New Orleans Saints,1,9,0,13 Yard Run,2nd & 6 at DAL 27,04:19 1st,— K.Miller left tackle to DAL 14 for 13 yards (J.Wood; C.Carson).
2026,PRESEASON WEEK 3,Friday,August 28th,NO,DAL,1st Quarter,3,New Orleans Saints,1,10,0,2 Yard Run,1st & 10 at DAL 14,03:56 1st No Huddle,— K.Miller right guard to DAL 12 for 2 yards (M.Liufau; J.Barham). DAL-M.Liufau was injured during the play.
2026,PRESEASON WEEK 3,Friday,August 28th,NO,DAL,1st Quarter,3,New Orleans Saints,1,11,0,Pass Incomplete,2nd & 8 at DAL 12,03:27 1st Shotgun,— S.Rattler pass incomplete short right to B.Lance.
2026,PRESEASON WEEK 3,Friday,August 28th,NO,DAL,1st Quarter,3,New Orleans Saints,1,12,0,5 Yard Penalty,3rd & 8 at DAL 12,03:20 1st Shotgun,"— S.Rattler pass short left to T.Welch to DAL 7 for 5 yards (M.Bell). PENALTY on DAL-C.Carson, Illegal Contact, 5 yards, enforced at DAL 12 - No Play."
2026,PRESEASON WEEK 3,Friday,August 28th,NO,DAL,1st Quarter,3,New Orleans Saints,1,13,1,Touchdown,1st & 7 at DAL 7,03:12 1st,"— B.Brown right end for 7 yards, TOUCHDOWN."
2026,PRESEASON WEEK 3,Friday,August 28th,NO,DAL,1st Quarter,3,New Orleans Saints,1,14,1,Extra Point,,03:06 1st,"— T.Brown extra point is GOOD, Center-Z.Wood, Holder-Ry.Wright."
2026,PRESEASON WEEK 3,Friday,August 28th,NO,DAL,2nd Quarter,1,Dallas Cowboys,1,1,0,Kickoff from NO 35,,Kickoff,— T.Brown kicks 64 yards from NO 35 to DAL 1. J.Corbin to DAL 29 for 28 yards (F.Diggs; C.Donaldson).
2026,PRESEASON WEEK 3,Friday,August 28th,NO,DAL,2nd Quarter,1,Dallas Cowboys,1,2,0,Pass Incomplete,1st & 10 at DAL 29,02:58 1st Shotgun,— J.Milton pass incomplete deep left to A.Smith.
2026,PRESEASON WEEK 3,Friday,August 28th,NO,DAL,2nd Quarter,1,Dallas Cowboys,1,3,0,Pass Incomplete,2nd & 10 at DAL 29,02:52 1st Shotgun,— J.Milton pass incomplete deep right to M.Valdes-Scantling (J.Suggs).
2026,PRESEASON WEEK 3,Friday,August 28th,NO,DAL,2nd Quarter,1,Dallas Cowboys,1,4,0,27 Yard Pass,3rd & 10 at DAL 29,02:47 1st Shotgun,— J.Milton pass deep left to C.Brown to NO 44 for 27 yards (I.Yiadom).
2026,PRESEASON WEEK 3,Friday,August 28th,NO,DAL,2nd Quarter,1,Dallas Cowboys,1,5,0,3 Yard Run,1st & 10 at NO 44,02:13 1st,— P.Mafah up the middle to NO 41 for 3 yards (T.Burgess; J.Suggs).
2026,PRESEASON WEEK 3,Friday,August 28th,NO,DAL,2nd Quarter,1,Dallas Cowboys,1,6,0,5 Yard Run,2nd & 7 at NO 41,01:35 1st,— P.Mafah right tackle to NO 36 for 5 yards (K.Saunders; J.Ford).
2026,PRESEASON WEEK 3,Friday,August 28th,NO,DAL,2nd Quarter,1,Dallas Cowboys,1,7,0,10 Yard Run,3rd & 2 at NO 36,00:55 1st Shotgun,— P.Mafah right guard to NO 26 for 10 yards (J.Price).
2026,PRESEASON WEEK 3,Friday,August 28th,NO,DAL,2nd Quarter,1,Dallas Cowboys,1,8,0,-12 Yard Run,1st & 10 at NO 26,00:20 1st,"— J.Milton FUMBLES (Aborted) at NO 33, recovered by DAL-I.Abanikanda at NO 38."
2026,PRESEASON WEEK 3,Friday,August 28th,NO,DAL,2nd Quarter,1,Dallas Cowboys,1,9,0,Penalty,2nd & 22 at NO 38,15:00 2nd Shotgun,"— J.Milton pass incomplete deep right to M.Trigg. Penalty on DAL-N.Thomas, Offensive Holding, offsetting, enforced at NO 38 - No Play. Penalty on NO-J.Ford, Illegal Contact, offsetting."
2026,PRESEASON WEEK 3,Friday,August 28th,NO,DAL,2nd Quarter,1,Dallas Cowboys,1,10,0,Pass Incomplete,2nd & 22 at NO 38,14:51 2nd Shotgun,— J.Milton pass incomplete short right to C.Brown.
2026,PRESEASON WEEK 3,Friday,August 28th,NO,DAL,2nd Quarter,1,Dallas Cowboys,1,11,0,5 Yard Pass,3rd & 22 at NO 38,14:47 2nd Shotgun,— J.Milton pass short left to I.Abanikanda to NO 33 for 5 yards (K.Boyd).
2026,PRESEASON WEEK 3,Friday,August 28th,NO,DAL,2nd Quarter,1,Dallas Cowboys,1,12,1,Field Goal,4th & 17 at NO 33,14:05 2nd,"— B.Aubrey 51 yard field goal is GOOD, Center-T.Sieg, Holder-B.Anger."
2026,PRESEASON WEEK 3,Friday,August 28th,NO,DAL,2nd Quarter,2,New Orleans Saints,0,1,0,Kickoff from DAL 35,,Kickoff,— B.Aubrey kicks 63 yards from DAL 35 to NO 2. Z.White to NO 29 for 27 yards (Z.Childress).
2026,PRESEASON WEEK 3,Friday,August 28th,NO,DAL,2nd Quarter,2,New Orleans Saints,0,2,0,3 Yard Pass,1st & 10 at NO 29,13:53 2nd,— S.Rattler pass short right to K.Austin to NO 32 for 3 yards (R.Steward).
2026,PRESEASON WEEK 3,Friday,August 28th,NO,DAL,2nd Quarter,2,New Orleans Saints,0,3,0,3 Yard Pass,2nd & 7 at NO 32,13:17 2nd,— S.Rattler pass short left to A.Estime to NO 35 for 3 yards (C.Robinson; T.Dunn).
2026,PRESEASON WEEK 3,Friday,August 28th,NO,DAL,2nd Quarter,2,New Orleans Saints,0,4,0,13 Yard Pass,3rd & 4 at NO 35,12:36 2nd Shotgun,— S.Rattler pass short right to A.Estime to NO 48 for 13 yards (S.Williams).
2026,PRESEASON WEEK 3,Friday,August 28th,NO,DAL,2nd Quarter,2,New Orleans Saints,0,5,0,3 Yard Run,1st & 10 at NO 48,11:57 2nd,— A.Estime left guard to DAL 49 for 3 yards (J.Barron; T.Wheat).
2026,PRESEASON WEEK 3,Friday,August 28th,NO,DAL,2nd Quarter,2,New Orleans Saints,0,6,0,-2 Yard Run,2nd & 7 at DAL 49,11:20 2nd Shotgun,— K.Miller right guard to NO 49 for -2 yards (T.Dunn).
2026,PRESEASON WEEK 3,Friday,August 28th,NO,DAL,2nd Quarter,2,New Orleans Saints,0,7,0,1 Yard Run,3rd & 9 at NO 49,10:42 2nd Shotgun,— S.Rattler scrambles right end ran ob at 50 for 1 yard (A.Odeleye). The penalty was assisted by replay.
2026,PRESEASON WEEK 3,Friday,August 28th,NO,DAL,2nd Quarter,2,New Orleans Saints,0,8,0,Punt,4th & 8 at 50,10:24 2nd,"— Ry.Wright punts 36 yards to DAL 14, Center-Z.Wood, out of bounds."
2026,PRESEASON WEEK 3,Friday,August 28th,NO,DAL,2nd Quarter,3,Dallas Cowboys,0,1,0,5 Yard Run,1st & 10 at DAL 14,10:15 2nd,— P.Mafah left guard to DAL 19 for 5 yards (K.Boyd; C.Miller).
2026,PRESEASON WEEK 3,Friday,August 28th,NO,DAL,2nd Quarter,3,Dallas Cowboys,0,2,0,4 Yard Run,2nd & 5 at DAL 19,09:36 2nd Shotgun,— P.Mafah up the middle to DAL 23 for 4 yards (C.Miller; K.Boyd).
2026,PRESEASON WEEK 3,Friday,August 28th,NO,DAL,2nd Quarter,3,Dallas Cowboys,0,3,0,0 Yard Run,3rd & 1 at DAL 23,08:55 2nd,— P.Mafah left guard to DAL 23 for no gain (M.Emerson; J.Sirmon).
2026,PRESEASON WEEK 3,Friday,August 28th,NO,DAL,2nd Quarter,3,Dallas Cowboys,0,4,0,2 Yard Run,4th & 1 at DAL 23,08:20 2nd,— J.Milton up the middle to DAL 25 for 2 yards (K.Boyd).
2026,PRESEASON WEEK 3,Friday,August 28th,NO,DAL,2nd Quarter,3,Dallas Cowboys,0,5,0,Pass Incomplete,1st & 10 at DAL 25,07:44 2nd Shotgun,— J.Milton pass incomplete deep middle to M.Van Vooren.
2026,PRESEASON WEEK 3,Friday,August 28th,NO,DAL,2nd Quarter,3,Dallas Cowboys,0,6,0,20 Yard Pass,2nd & 10 at DAL 25,07:40 2nd Shotgun,— J.Milton pass short left to M.Valdes-Scantling pushed ob at DAL 45 for 20 yards (M.Emerson).
2026,PRESEASON WEEK 3,Friday,August 28th,NO,DAL,2nd Quarter,3,Dallas Cowboys,0,7,0,11 Yard Run,1st & 10 at DAL 45,07:16 2nd,— T.Johnson left end to NO 44 for 11 yards (M.Emerson).
2026,PRESEASON WEEK 3,Friday,August 28th,NO,DAL,2nd Quarter,3,Dallas Cowboys,0,8,0,4 Yard Run,1st & 10 at NO 44,06:36 2nd,— I.Abanikanda left guard to NO 40 for 4 yards (I.Stalbird; C.Miller).
2026,PRESEASON WEEK 3,Friday,August 28th,NO,DAL,2nd Quarter,3,Dallas Cowboys,0,9,0,1 Yard Run,2nd & 6 at NO 40,06:01 2nd,— I.Abanikanda up the middle to NO 39 for 1 yard (J.Sirmon).
2026,PRESEASON WEEK 3,Friday,August 28th,NO,DAL,2nd Quarter,3,Dallas Cowboys,0,10,0,Pass Incomplete,3rd & 5 at NO 39,05:25 2nd Shotgun,— J.Milton pass incomplete short left to M.Trigg (T.Wilson).
2026,PRESEASON WEEK 3,Friday,August 28th,NO,DAL,2nd Quarter,3,Dallas Cowboys,0,11,0,Field Goal No Good,4th & 5 at NO 39,05:16 2nd,"— B.Aubrey 57 yard field goal is No Good, Wide Right, Center-T.Sieg, Holder-B.Anger."
2026,PRESEASON WEEK 3,Friday,August 28th,NO,DAL,2nd Quarter,4,New Orleans Saints,1,1,0,-8 Yard Sack,1st & 10 at NO 47,05:11 2nd,— S.Rattler sacked at NO 39 for -8 yards (T.Wheat).
2026,PRESEASON WEEK 3,Friday,August 28th,NO,DAL,2nd Quarter,4,New Orleans Saints,1,2,0,6 Yard Run,2nd & 18 at NO 39,04:34 2nd Shotgun,— K.Miller left guard to NO 45 for 6 yards (A.Odeleye).
2026,PRESEASON WEEK 3,Friday,August 28th,NO,DAL,2nd Quarter,4,New Orleans Saints,1,3,0,11 Yard Pass,3rd & 12 at NO 45,03:54 2nd Shotgun,— S.Rattler pass short left to T.Welch pushed ob at DAL 44 for 11 yards (T.Bridges).
2026,PRESEASON WEEK 3,Friday,August 28th,NO,DAL,2nd Quarter,4,New Orleans Saints,1,4,0,3 Yard Run,4th & 1 at DAL 44,03:16 2nd,— C.Donaldson up the middle to DAL 41 for 3 yards (T.Dunn; S.Williams).
2026,PRESEASON WEEK 3,Friday,August 28th,NO,DAL,2nd Quarter,4,New Orleans Saints,1,5,0,33 Yard Run,1st & 10 at DAL 41,02:47 2nd,— A.Estime left tackle pushed ob at DAL 8 for 33 yards (A.Speed).
2026,PRESEASON WEEK 3,Friday,August 28th,NO,DAL,2nd Quarter,4,New Orleans Saints,1,6,1,Touchdown,1st & 8 at DAL 8,02:07 2nd Shotgun,"— S.Rattler right end for 8 yards, TOUCHDOWN. The Replay Official reviewed the runner broke the plane ruling, and the play was Upheld. The ruling on the field stands."
2026,PRESEASON WEEK 3,Friday,August 28th,NO,DAL,2nd Quarter,4,New Orleans Saints,1,7,1,Extra Point,,02:01 2nd,"— C.Smyth extra point is GOOD, Center-Z.Wood, Holder-Ry.Wright."
2026,PRESEASON WEEK 3,Friday,August 28th,NO,DAL,2nd Quarter,5,Dallas Cowboys,1,1,0,Kickoff from NO 35,,Kickoff,"— C.Smyth kicks 65 yards from NO 35 to end zone, Touchback to the DAL 35."
2026,PRESEASON WEEK 3,Friday,August 28th,NO,DAL,2nd Quarter,5,Dallas Cowboys,1,2,0,10 Yard Pass,1st & 10 at DAL 35,02:01 2nd,— C.Glaser reported in as eligible. J.Milton pass short left to J.Hudson to DAL 45 for 10 yards (I.Stalbird).
2026,PRESEASON WEEK 3,Friday,August 28th,NO,DAL,2nd Quarter,5,Dallas Cowboys,1,3,0,7 Yard Pass,1st & 10 at DAL 45,01:51 2nd Shotgun,— J.Milton pass short right to T.Johnson to NO 48 for 7 yards (J.Price).
2026,PRESEASON WEEK 3,Friday,August 28th,NO,DAL,2nd Quarter,5,Dallas Cowboys,1,4,0,5 Yard Penalty,2nd & 3 at NO 48,"01:29 2nd No Huddle, Shotgun","— J.Milton pass incomplete deep left. PENALTY on NO-J.Sirmon, Defensive Holding, 5 yards, enforced at NO 48 - No Play."
2026,PRESEASON WEEK 3,Friday,August 28th,NO,DAL,2nd Quarter,5,Dallas Cowboys,1,5,0,2 Yard Run,1st & 10 at NO 43,01:21 2nd Shotgun,— P.Mafah up the middle to NO 41 for 2 yards (T.Wilson).
2026,PRESEASON WEEK 3,Friday,August 28th,NO,DAL,2nd Quarter,5,Dallas Cowboys,1,6,0,-10 Yard Penalty,2nd & 8 at NO 41,"01:00 2nd No Huddle, Shotgun","— J.Milton pass incomplete short right to M.Trigg. PENALTY on DAL-D.Shelton, Offensive Holding, 10 yards, enforced at NO 41 - No Play."
2026,PRESEASON WEEK 3,Friday,August 28th,NO,DAL,2nd Quarter,5,Dallas Cowboys,1,7,0,11 Yard Pass,2nd & 18 at DAL 49,00:53 2nd Shotgun,— J.Milton pass short left to M.Valdes-Scantling to NO 40 for 11 yards (T.Hall).
2026,PRESEASON WEEK 3,Friday,August 28th,NO,DAL,2nd Quarter,5,Dallas Cowboys,1,8,0,Pass Incomplete,3rd & 7 at NO 40,"00:35 2nd No Huddle, Shotgun",— J.Milton pass incomplete short right to M.Trigg.
2026,PRESEASON WEEK 3,Friday,August 28th,NO,DAL,2nd Quarter,5,Dallas Cowboys,1,9,1,Field Goal,4th & 7 at NO 40,00:28 2nd,"— B.Aubrey 58 yard field goal is GOOD, Center-T.Sieg, Holder-B.Anger."
2026,PRESEASON WEEK 3,Friday,August 28th,NO,DAL,2nd Quarter,6,New Orleans Saints,0,1,0,Kickoff from DAL 35,,Kickoff,— B.Aubrey kicks 59 yards from DAL 35 to NO 6. J.Moreno-Cropper to NO 27 for 21 yards (T.Wheat).
2026,PRESEASON WEEK 3,Friday,August 28th,NO,DAL,2nd Quarter,6,New Orleans Saints,0,2,0,4 Yard Run,1st & 10 at NO 27,00:16 2nd Shotgun,— K.Miller left end to NO 31 for 4 yards (T.Bridges; J.Wood).
2026,PRESEASON WEEK 3,Friday,August 28th,NO,DAL,3rd Quarter,1,Dallas Cowboys,0,1,0,Kickoff from NO 35,,Kickoff,— T.Brown kicks 65 yards from NO 35 to DAL 0. I.Abanikanda to DAL 28 for 28 yards (C.Donaldson).
2026,PRESEASON WEEK 3,Friday,August 28th,NO,DAL,3rd Quarter,1,Dallas Cowboys,0,2,0,5 Yard Run,1st & 10 at DAL 28,14:53 3rd Shotgun,— P.Mafah up the middle to DAL 33 for 5 yards (K.Boyd).
2026,PRESEASON WEEK 3,Friday,August 28th,NO,DAL,3rd Quarter,1,Dallas Cowboys,0,3,0,Pass Incomplete,2nd & 5 at DAL 33,14:17 3rd Shotgun,— S.Howell pass incomplete short right to Z.Kuntz (J.Sirmon).
2026,PRESEASON WEEK 3,Friday,August 28th,NO,DAL,3rd Quarter,1,Dallas Cowboys,0,4,0,-10 Yard Sack,3rd & 5 at DAL 33,14:13 3rd Shotgun,— S.Howell sacked at DAL 23 for -10 yards (I.Stalbird).
2026,PRESEASON WEEK 3,Friday,August 28th,NO,DAL,3rd Quarter,1,Dallas Cowboys,0,5,0,Punt,4th & 15 at DAL 23,13:36 3rd,"— B.Anger punts 45 yards to NO 32, Center-T.Sieg. B.Brown to NO 36 for 4 yards (J.Corbin; I.Abanikanda)."
2026,PRESEASON WEEK 3,Friday,August 28th,NO,DAL,3rd Quarter,2,New Orleans Saints,1,1,0,2 Yard Run,1st & 10 at NO 36,13:26 3rd Shotgun,— C.Donaldson left end to NO 38 for 2 yards (L.Patterson; T.Wheat).
2026,PRESEASON WEEK 3,Friday,August 28th,NO,DAL,3rd Quarter,2,New Orleans Saints,1,2,0,23 Yard Pass,2nd & 8 at NO 38,12:50 3rd Shotgun,— Z.Wilson pass short left to R.Bell to DAL 39 for 23 yards (L.Patterson).
2026,PRESEASON WEEK 3,Friday,August 28th,NO,DAL,3rd Quarter,2,New Orleans Saints,1,3,0,4 Yard Run,1st & 10 at DAL 39,12:18 3rd,— C.Donaldson left tackle to DAL 35 for 4 yards (J.Toia; J.Barron).
2026,PRESEASON WEEK 3,Friday,August 28th,NO,DAL,3rd Quarter,2,New Orleans Saints,1,4,0,5 Yard Run,2nd & 6 at DAL 35,11:40 3rd Shotgun,— C.Donaldson left guard to DAL 30 for 5 yards (J.Wood; I.Land).
2026,PRESEASON WEEK 3,Friday,August 28th,NO,DAL,3rd Quarter,2,New Orleans Saints,1,5,0,6 Yard Run,3rd & 1 at DAL 30,10:57 3rd,— Z.White right end to DAL 24 for 6 yards (R.Steward).
2026,PRESEASON WEEK 3,Friday,August 28th,NO,DAL,3rd Quarter,2,New Orleans Saints,1,6,0,Pass Incomplete,1st & 10 at DAL 24,10:18 3rd Shotgun,— Z.Wilson pass incomplete short middle to J.Moreno-Cropper.
2026,PRESEASON WEEK 3,Friday,August 28th,NO,DAL,3rd Quarter,2,New Orleans Saints,1,7,0,13 Yard Pass,2nd & 10 at DAL 24,10:14 3rd Shotgun,— Z.Wilson pass short right to C.Donaldson to DAL 11 for 13 yards (R.Steward). NO-C.Donaldson was injured during the play.
2026,PRESEASON WEEK 3,Friday,August 28th,NO,DAL,3rd Quarter,2,New Orleans Saints,1,8,1,Touchdown,1st & 10 at DAL 11,09:46 3rd,"— Z.White left guard for 11 yards, TOUCHDOWN."
2026,PRESEASON WEEK 3,Friday,August 28th,NO,DAL,3rd Quarter,2,New Orleans Saints,1,9,1,Extra Point,,09:41 3rd,"— D.Carlson extra point is GOOD, Center-Z.Wood, Holder-Ry.Wright."
2026,PRESEASON WEEK 3,Friday,August 28th,NO,DAL,3rd Quarter,3,Dallas Cowboys,0,1,0,Kickoff from NO 35,,Kickoff,"— C.Smyth kicks 62 yards from NO 35 to DAL 3. J.Corbin to DAL 27 for 24 yards (E.Davison; M.Heldman). ** Injury Update: NO-C.Donaldson has returned to the game. PENALTY on DAL-L.Patterson, Offensive Holding, 10 yards, enforced at DAL 26."
2026,PRESEASON WEEK 3,Friday,August 28th,NO,DAL,3rd Quarter,3,Dallas Cowboys,0,2,0,6 Yard Run,1st & 10 at DAL 16,09:35 3rd,— I.Abanikanda right end to DAL 22 for 6 yards (T.Hall).
2026,PRESEASON WEEK 3,Friday,August 28th,NO,DAL,3rd Quarter,3,Dallas Cowboys,0,3,0,5 Yard Pass,2nd & 4 at DAL 22,08:56 3rd Shotgun,— S.Howell pass short left to T.Johnson to DAL 27 for 5 yards (J.Price).
2026,PRESEASON WEEK 3,Friday,August 28th,NO,DAL,3rd Quarter,3,Dallas Cowboys,0,4,0,-1 Yard Run,1st & 10 at DAL 27,08:27 3rd,— I.Abanikanda right tackle to DAL 26 for -1 yards (J.Suggs).
2026,PRESEASON WEEK 3,Friday,August 28th,NO,DAL,3rd Quarter,3,Dallas Cowboys,0,5,0,2 Yard Pass,2nd & 11 at DAL 26,07:48 3rd Shotgun,— S.Howell pass short left to I.Abanikanda to DAL 28 for 2 yards (D.Long).
2026,PRESEASON WEEK 3,Friday,August 28th,NO,DAL,3rd Quarter,3,Dallas Cowboys,0,6,0,-10 Yard Penalty,3rd & 9 at DAL 28,07:06 3rd Shotgun,"— S.Howell pass short right to J.Hudson to DAL 38 for 10 yards (T.Hall). PENALTY on DAL-S.Gutierrez, Offensive Holding, 10 yards, enforced at DAL 28 - No Play."
2026,PRESEASON WEEK 3,Friday,August 28th,NO,DAL,3rd Quarter,3,Dallas Cowboys,0,7,0,9 Yard Pass,3rd & 19 at DAL 18,06:42 3rd Shotgun,— S.Howell pass short right to Z.Kuntz to DAL 27 for 9 yards (J.Sirmon).
2026,PRESEASON WEEK 3,Friday,August 28th,NO,DAL,3rd Quarter,3,Dallas Cowboys,0,8,0,Punt,4th & 10 at DAL 27,06:04 3rd,"— B.Anger punts 59 yards to NO 14, Center-T.Sieg, fair catch by B.Brown."
2026,PRESEASON WEEK 3,Friday,August 28th,NO,DAL,3rd Quarter,4,New Orleans Saints,0,1,0,4 Yard Run,1st & 10 at NO 14,05:57 3rd,— C.Donaldson left tackle to NO 18 for 4 yards (S.Williams; I.Land).
2026,PRESEASON WEEK 3,Friday,August 28th,NO,DAL,3rd Quarter,4,New Orleans Saints,0,2,0,10 Yard Run,2nd & 6 at NO 18,05:17 3rd Shotgun,— C.Donaldson up the middle to NO 28 for 10 yards (A.Speed).
2026,PRESEASON WEEK 3,Friday,August 28th,NO,DAL,3rd Quarter,4,New Orleans Saints,0,3,0,Pass Incomplete,1st & 10 at NO 28,04:44 3rd,— Z.Wilson pass incomplete deep left to J.Moreno-Cropper.
2026,PRESEASON WEEK 3,Friday,August 28th,NO,DAL,3rd Quarter,4,New Orleans Saints,0,4,0,0 Yard Run,2nd & 10 at NO 28,04:38 3rd,— C.Donaldson up the middle to NO 28 for no gain (L.Patterson).
2026,PRESEASON WEEK 3,Friday,August 28th,NO,DAL,3rd Quarter,4,New Orleans Saints,0,5,0,12 Yard Pass,3rd & 10 at NO 28,04:00 3rd Shotgun,— Z.Wilson pass short left to R.Bell to NO 40 for 12 yards (L.Patterson; D.Kendrick).
2026,PRESEASON WEEK 3,Friday,August 28th,NO,DAL,3rd Quarter,4,New Orleans Saints,0,6,0,-2 Yard Run,1st & 10 at NO 40,03:23 3rd,— J.Moreno-Cropper right end to NO 38 for -2 yards (D.Kendrick).
2026,PRESEASON WEEK 3,Friday,August 28th,NO,DAL,3rd Quarter,4,New Orleans Saints,0,7,0,4 Yard Pass,2nd & 12 at NO 38,02:45 3rd Shotgun,— Z.Wilson pass short right to R.Bell to NO 42 for 4 yards (J.Butler) [S.Williams].
2026,PRESEASON WEEK 3,Friday,August 28th,NO,DAL,3rd Quarter,4,New Orleans Saints,0,8,0,3 Yard Pass,3rd & 8 at NO 42,02:05 3rd Shotgun,— Z.Wilson pass short right to T.Welch to NO 45 for 3 yards (A.Speed).
2026,PRESEASON WEEK 3,Friday,August 28th,NO,DAL,3rd Quarter,4,New Orleans Saints,0,9,0,Punt,4th & 5 at NO 45,01:25 3rd,"— Ry.Wright punts 55 yards to end zone, Center-Z.Wood, Touchback."
2026,PRESEASON WEEK 3,Friday,August 28th,NO,DAL,4th Quarter,1,Dallas Cowboys,1,1,0,52 Yard Pass,1st & 10 at DAL 20,01:15 3rd,— C.Glaser reported in as eligible. S.Howell pass deep left to J.Hudson to NO 28 for 52 yards (D.Long).
2026,PRESEASON WEEK 3,Friday,August 28th,NO,DAL,4th Quarter,1,Dallas Cowboys,1,2,0,2 Yard Run,1st & 10 at NO 28,00:36 3rd,— I.Abanikanda left guard to NO 26 for 2 yards (K.Boyd; M.Cole).
2026,PRESEASON WEEK 3,Friday,August 28th,NO,DAL,4th Quarter,1,Dallas Cowboys,1,3,1,Touchdown,2nd & 8 at NO 26,15:00 4th Shotgun,"— S.Howell pass deep right to J.Hudson for 26 yards, TOUCHDOWN."
2026,PRESEASON WEEK 3,Friday,August 28th,NO,DAL,4th Quarter,1,Dallas Cowboys,1,4,1,Extra Point,,14:53 4th,"— B.Aubrey extra point is GOOD, Center-T.Sieg, Holder-B.Anger."
2026,PRESEASON WEEK 3,Friday,August 28th,NO,DAL,4th Quarter,2,New Orleans Saints,0,1,0,Kickoff from DAL 35,,Kickoff,— B.Aubrey kicks 60 yards from DAL 35 to NO 5. Z.White to NO 32 for 27 yards (J.Hudson).
2026,PRESEASON WEEK 3,Friday,August 28th,NO,DAL,4th Quarter,2,New Orleans Saints,0,2,0,5 Yard Run,1st & 10 at NO 32,14:48 4th,— Z.White right guard to NO 37 for 5 yards (J.Toia).
2026,PRESEASON WEEK 3,Friday,August 28th,NO,DAL,4th Quarter,2,New Orleans Saints,0,3,0,Pass Incomplete,2nd & 5 at NO 37,14:08 4th Shotgun,— Z.Wilson pass incomplete deep left to R.Bell.
2026,PRESEASON WEEK 3,Friday,August 28th,NO,DAL,4th Quarter,2,New Orleans Saints,0,4,0,-7 Yard Sack,3rd & 5 at NO 37,14:02 4th Shotgun,— Z.Wilson sacked at NO 30 for -7 yards (S.Williams).
2026,PRESEASON WEEK 3,Friday,August 28th,NO,DAL,4th Quarter,2,New Orleans Saints,0,5,0,Punt,4th & 12 at NO 30,13:23 4th,"— Ry.Wright punts 37 yards to DAL 33, Center-Z.Wood, out of bounds."
2026,PRESEASON WEEK 3,Friday,August 28th,NO,DAL,4th Quarter,3,Dallas Cowboys,1,1,0,6 Yard Pass,1st & 10 at DAL 33,13:15 4th,— S.Howell pass short right to M.Van Vooren to DAL 39 for 6 yards (D.Long).
2026,PRESEASON WEEK 3,Friday,August 28th,NO,DAL,4th Quarter,3,Dallas Cowboys,1,2,0,4 Yard Run,2nd & 4 at DAL 39,12:38 4th Shotgun,— I.Abanikanda up the middle to DAL 43 for 4 yards (C.Miller).
2026,PRESEASON WEEK 3,Friday,August 28th,NO,DAL,4th Quarter,3,Dallas Cowboys,1,3,0,9 Yard Pass,1st & 10 at DAL 43,12:00 4th Shotgun,— S.Howell pass short right to I.Abanikanda pushed ob at NO 48 for 9 yards (I.Stalbird; J.Sirmon).
2026,PRESEASON WEEK 3,Friday,August 28th,NO,DAL,4th Quarter,3,Dallas Cowboys,1,4,0,Sack,2nd & 1 at NO 48,11:22 4th,— C.Glaser reported in as eligible. S.Howell sacked at NO 48 for 0 yards (G.Nelson).
2026,PRESEASON WEEK 3,Friday,August 28th,NO,DAL,4th Quarter,3,Dallas Cowboys,1,5,0,2 Yard Run,3rd & 1 at NO 48,10:41 4th,— S.Howell up the middle to NO 46 for 2 yards (M.Cole).
2026,PRESEASON WEEK 3,Friday,August 28th,NO,DAL,4th Quarter,3,Dallas Cowboys,1,6,0,0 Yard Run,1st & 10 at NO 46,09:53 4th,— I.Abanikanda left tackle to NO 46 for no gain (J.Suggs; M.Cole).
2026,PRESEASON WEEK 3,Friday,August 28th,NO,DAL,4th Quarter,3,Dallas Cowboys,1,7,0,10 Yard Pass,2nd & 10 at NO 46,09:17 4th Shotgun,— S.Howell pass short left to A.Smith to NO 36 for 10 yards (I.Stalbird).
2026,PRESEASON WEEK 3,Friday,August 28th,NO,DAL,4th Quarter,3,Dallas Cowboys,1,8,0,7 Yard Run,1st & 10 at NO 36,08:38 4th,— J.Corbin up the middle to NO 29 for 7 yards (M.Reid; J.Price).
2026,PRESEASON WEEK 3,Friday,August 28th,NO,DAL,4th Quarter,3,Dallas Cowboys,1,9,0,1 Yard Pass,2nd & 3 at NO 29,08:01 4th Shotgun,— S.Howell pass short right to A.Smith to NO 28 for 1 yard (D.Long).
2026,PRESEASON WEEK 3,Friday,August 28th,NO,DAL,4th Quarter,3,Dallas Cowboys,1,10,0,4 Yard Run,3rd & 2 at NO 28,"07:36 4th No Huddle, Shotgun",— J.Corbin up the middle to NO 24 for 4 yards (I.Stalbird).
2026,PRESEASON WEEK 3,Friday,August 28th,NO,DAL,4th Quarter,3,Dallas Cowboys,1,11,0,3 Yard Run,1st & 10 at NO 24,06:57 4th Shotgun,— J.Corbin right guard to NO 21 for 3 yards (I.Stalbird; F.Diggs).
2026,PRESEASON WEEK 3,Friday,August 28th,NO,DAL,4th Quarter,3,Dallas Cowboys,1,12,1,Touchdown,2nd & 7 at NO 21,06:17 4th Shotgun,"— S.Howell pass deep middle to M.Van Vooren for 21 yards, TOUCHDOWN."
2026,PRESEASON WEEK 3,Friday,August 28th,NO,DAL,4th Quarter,3,Dallas Cowboys,1,13,0,2 Point Conversion,,06:11 4th,"— TWO-POINT CONVERSION ATTEMPT. S.Howell rushes right guard. ATTEMPT SUCCEEDS. PENALTY on NO-I.Yiadom, Unnecessary Roughness, 15 yards, enforced between downs."
2026,PRESEASON WEEK 3,Friday,August 28th,NO,DAL,4th Quarter,4,New Orleans Saints,1,1,0,Kickoff from 50,,Kickoff,"— B.Aubrey kicks 50 yards from 50 to end zone, Touchback to the NO 20."
2026,PRESEASON WEEK 3,Friday,August 28th,NO,DAL,4th Quarter,4,New Orleans Saints,1,2,0,12 Yard Pass,1st & 10 at NO 20,06:11 4th,— Z.Wilson pass short middle to C.Donaldson to NO 32 for 12 yards (T.Bridges) [L.Patterson].
2026,PRESEASON WEEK 3,Friday,August 28th,NO,DAL,4th Quarter,4,New Orleans Saints,1,3,0,4 Yard Run,1st & 10 at NO 32,05:32 4th Shotgun,— C.Donaldson right guard to NO 36 for 4 yards (C.Robinson; J.Wood).
2026,PRESEASON WEEK 3,Friday,August 28th,NO,DAL,4th Quarter,4,New Orleans Saints,1,4,0,6 Yard Pass,2nd & 6 at NO 36,04:52 4th Shotgun,— Z.Wilson pass short right to R.Bell to NO 42 for 6 yards (T.Bridges).
2026,PRESEASON WEEK 3,Friday,August 28th,NO,DAL,4th Quarter,4,New Orleans Saints,1,5,0,13 Yard Pass,1st & 10 at NO 42,04:20 4th,— Z.Wilson pass short right to R.Bell to DAL 45 for 13 yards (T.Bridges).
2026,PRESEASON WEEK 3,Friday,August 28th,NO,DAL,4th Quarter,4,New Orleans Saints,1,6,0,1 Yard Run,1st & 10 at DAL 45,03:49 4th,— C.Donaldson up the middle to DAL 44 for 1 yard (S.Williams; R.Steward).
2026,PRESEASON WEEK 3,Friday,August 28th,NO,DAL,4th Quarter,4,New Orleans Saints,1,7,0,7 Yard Pass,2nd & 9 at DAL 44,03:08 4th Shotgun,— Z.Wilson pass short left to R.Bell to DAL 37 for 7 yards (J.Butler; Z.Childress).
2026,PRESEASON WEEK 3,Friday,August 28th,NO,DAL,4th Quarter,4,New Orleans Saints,1,8,0,1 Yard Run,3rd & 2 at DAL 37,"02:31 4th No Huddle, Shotgun",— Z.White left tackle to DAL 36 for 1 yard (T.Bridges).
2026,PRESEASON WEEK 3,Friday,August 28th,NO,DAL,4th Quarter,4,New Orleans Saints,1,9,1,Field Goal,4th & 1 at DAL 36,02:00 4th,"— D.Carlson 53 yard field goal is GOOD, Center-Z.Wood, Holder-Ry.Wright."
2026,PRESEASON WEEK 3,Friday,August 28th,NO,DAL,4th Quarter,5,Dallas Cowboys,0,1,0,Kickoff from NO 35,,Kickoff,— T.Brown kicks 66 yards from NO 35 to DAL -1. I.Abanikanda to DAL 25 for 26 yards (F.Diggs).
2026,PRESEASON WEEK 3,Friday,August 28th,NO,DAL,4th Quarter,5,Dallas Cowboys,0,2,0,Pass Incomplete,1st & 10 at DAL 25,01:48 4th Shotgun,— S.Howell pass incomplete short right to J.Smith (M.Cole).
2026,PRESEASON WEEK 3,Friday,August 28th,NO,DAL,4th Quarter,5,Dallas Cowboys,0,3,0,5 Yard Pass,2nd & 10 at DAL 25,01:45 4th Shotgun,— S.Howell pass short right to J.Smith to DAL 30 for 5 yards (I.Stalbird; T.Hall).
2026,PRESEASON WEEK 3,Friday,August 28th,NO,DAL,4th Quarter,5,Dallas Cowboys,0,4,0,9 Yard Pass,3rd & 5 at DAL 30,"01:21 4th No Huddle, Shotgun",— S.Howell pass short left to J.Hudson to DAL 39 for 9 yards (I.Yiadom; J.Price).
2026,PRESEASON WEEK 3,Friday,August 28th,NO,DAL,4th Quarter,5,Dallas Cowboys,0,5,0,Pass Incomplete,1st & 10 at DAL 39,"01:01 4th No Huddle, Shotgun",— S.Howell pass incomplete short right to J.Smith.
2026,PRESEASON WEEK 3,Friday,August 28th,NO,DAL,4th Quarter,5,Dallas Cowboys,0,6,0,Pass Incomplete,2nd & 10 at DAL 39,00:57 4th Shotgun,— S.Howell pass incomplete short middle to J.Corbin.
2026,PRESEASON WEEK 3,Friday,August 28th,NO,DAL,4th Quarter,5,Dallas Cowboys,0,7,0,Pass Incomplete,3rd & 10 at DAL 39,00:52 4th Shotgun,— S.Howell pass incomplete deep left to J.Hudson [K.Boyd].
2026,PRESEASON WEEK 3,Friday,August 28th,NO,DAL,4th Quarter,5,Dallas Cowboys,0,8,0,Timeout,,00:45 4th,— Timeout #1 by DAL at 00:45.
2026,PRESEASON WEEK 3,Friday,August 28th,NO,DAL,4th Quarter,5,Dallas Cowboys,0,9,0,Pass Incomplete,4th & 10 at DAL 39,00:45 4th Shotgun,— S.Howell pass incomplete short right to J.Smith (I.Yiadom).
2026,PRESEASON WEEK 3,Friday,August 28th,NO,DAL,4th Quarter,6,New Orleans Saints,0,1,0,-1 Yard Run,1st & 10 at DAL 39,00:38 4th,— Z.Wilson kneels to DAL 40 for -1 yards.
2026,PRESEASON WEEK 3,Friday,August 28th,SEA,KC,1st Quarter,1,Kansas City Chiefs,0,1,0,Kickoff from SEA 35,,Kickoff,— J.Myers kicks 66 yards from SEA 35 to KC -1. N.Remigio to KC 30 for 31 yards (J.Sheriff).
2026,PRESEASON WEEK 3,Friday,August 28th,SEA,KC,1st Quarter,1,Kansas City Chiefs,0,2,0,5 Yard Run,1st & 10 at KC 30,14:54 1st Shotgun,— E.Johnson up the middle to KC 35 for 5 yards (T.Diggs).
2026,PRESEASON WEEK 3,Friday,August 28th,SEA,KC,1st Quarter,1,Kansas City Chiefs,0,3,0,4 Yard Run,2nd & 5 at KC 35,14:25 1st Shotgun,— E.Johnson left guard to KC 39 for 4 yards (J.Ivey). (Virtual Measurement).
2026,PRESEASON WEEK 3,Friday,August 28th,SEA,KC,1st Quarter,1,Kansas City Chiefs,0,4,0,3 Yard Run,3rd & 1 at KC 39,14:04 1st,— E.Johnson up the middle to KC 42 for 3 yards (W.Thomas; J.Ivey).
2026,PRESEASON WEEK 3,Friday,August 28th,SEA,KC,1st Quarter,1,Kansas City Chiefs,0,5,0,8 Yard Pass,1st & 10 at KC 42,13:29 1st Shotgun,— G.Nussmeier pass short right to T.Kelce to 50 for 8 yards (P.O'Connell).
2026,PRESEASON WEEK 3,Friday,August 28th,SEA,KC,1st Quarter,1,Kansas City Chiefs,0,6,0,Pass Incomplete,2nd & 2 at 50,12:45 1st Shotgun,— G.Nussmeier pass incomplete deep middle to N.Gray (R.Thomas).
2026,PRESEASON WEEK 3,Friday,August 28th,SEA,KC,1st Quarter,1,Kansas City Chiefs,0,7,0,Pass Incomplete,3rd & 2 at 50,12:40 1st Shotgun,— G.Nussmeier pass incomplete deep middle to T.Thornton.
2026,PRESEASON WEEK 3,Friday,August 28th,SEA,KC,1st Quarter,1,Kansas City Chiefs,0,8,0,Punt,4th & 2 at 50,12:36 1st,"— M.Araiza punts 37 yards to SEA 13, Center-J.Winchester, fair catch by C.White."
2026,PRESEASON WEEK 3,Friday,August 28th,SEA,KC,1st Quarter,2,Seattle Seahawks,0,1,0,-4 Yard Run,1st & 10 at SEA 13,12:29 1st Shotgun,— J.Wright left end to SEA 9 for -4 yards (M.Delane).
2026,PRESEASON WEEK 3,Friday,August 28th,SEA,KC,1st Quarter,2,Seattle Seahawks,0,2,0,-4 Yard Penalty,2nd & 14 at SEA 9,11:42 1st Shotgun,"— PENALTY on SEA, Delay of Game, 4 yards, enforced at SEA 9 - No Play."
2026,PRESEASON WEEK 3,Friday,August 28th,SEA,KC,1st Quarter,2,Seattle Seahawks,0,3,0,1 Yard Pass,2nd & 18 at SEA 5,11:25 1st Shotgun,— J.Milroe pass short left to E.Saubert to SEA 6 for 1 yard (C.Roland-Wallace).
2026,PRESEASON WEEK 3,Friday,August 28th,SEA,KC,1st Quarter,2,Seattle Seahawks,0,4,0,10 Yard Pass,3rd & 17 at SEA 6,10:42 1st Shotgun,— J.Milroe pass short right to C.White to SEA 16 for 10 yards (N.Williams).
2026,PRESEASON WEEK 3,Friday,August 28th,SEA,KC,1st Quarter,2,Seattle Seahawks,0,5,0,Punt,4th & 7 at SEA 16,10:05 1st,"— M.Dickson punts 54 yards to KC 30, Center-C.Stoll, out of bounds."
2026,PRESEASON WEEK 3,Friday,August 28th,SEA,KC,1st Quarter,3,Kansas City Chiefs,0,1,0,12 Yard Run,1st & 10 at KC 30,09:58 1st,— E.Johnson left end pushed ob at KC 42 for 12 yards (N.Igbinoghene).
2026,PRESEASON WEEK 3,Friday,August 28th,SEA,KC,1st Quarter,3,Kansas City Chiefs,0,2,0,14 Yard Pass,1st & 10 at KC 42,09:32 1st Shotgun,— G.Nussmeier pass short right to E.Johnson to SEA 44 for 14 yards (R.Thomas).
2026,PRESEASON WEEK 3,Friday,August 28th,SEA,KC,1st Quarter,3,Kansas City Chiefs,0,3,0,3 Yard Run,1st & 10 at SEA 44,08:57 1st Shotgun,— E.Demercado up the middle to SEA 41 for 3 yards (C.O'Toole).
2026,PRESEASON WEEK 3,Friday,August 28th,SEA,KC,1st Quarter,3,Kansas City Chiefs,0,4,0,11 Yard Pass,2nd & 7 at SEA 41,08:20 1st Shotgun,— G.Nussmeier pass short left to T.Thornton to SEA 30 for 11 yards (N.Pritchett).
2026,PRESEASON WEEK 3,Friday,August 28th,SEA,KC,1st Quarter,3,Kansas City Chiefs,0,5,0,Interception,1st & 10 at SEA 30,07:46 1st Shotgun,"— G.Nussmeier pass deep left intended for X.Worthy INTERCEPTED by T.Diggs at SEA 14. T.Diggs pushed ob at SEA 16 for 2 yards (X.Worthy). PENALTY on SEA, Unsportsmanlike Conduct, 8 yards, enforced at SEA 16."
2026,PRESEASON WEEK 3,Friday,August 28th,SEA,KC,1st Quarter,4,Seattle Seahawks,1,1,0,-4 Yard Penalty,1st & 10 at SEA 8,07:39 1st,"— J.Wright right end to SEA 15 for 7 yards (C.McDonald). PENALTY on SEA-B.Stephens, Offensive Holding, 4 yards, enforced at SEA 8 - No Play."
2026,PRESEASON WEEK 3,Friday,August 28th,SEA,KC,1st Quarter,4,Seattle Seahawks,1,2,0,40 Yard Pass,1st & 14 at SEA 4,07:21 1st Shotgun,— J.Milroe pass deep left to C.White to SEA 44 for 40 yards (M.Smith). KC-M.Smith was injured during the play.
2026,PRESEASON WEEK 3,Friday,August 28th,SEA,KC,1st Quarter,4,Seattle Seahawks,1,3,0,0 Yard Run,1st & 10 at SEA 44,06:52 1st Shotgun,— J.Wright right end to SEA 44 for no gain (P.Woods; J.Hicks).
2026,PRESEASON WEEK 3,Friday,August 28th,SEA,KC,1st Quarter,4,Seattle Seahawks,1,4,0,24 Yard Pass,2nd & 10 at SEA 44,06:13 1st,— J.Milroe pass short middle to E.Arroyo to KC 32 for 24 yards (K.Elam; J.Bassa).
2026,PRESEASON WEEK 3,Friday,August 28th,SEA,KC,1st Quarter,4,Seattle Seahawks,1,5,0,4 Yard Run,1st & 10 at KC 32,05:36 1st Shotgun,— J.Wright left tackle to KC 28 for 4 yards (C.Christiansen).
2026,PRESEASON WEEK 3,Friday,August 28th,SEA,KC,1st Quarter,4,Seattle Seahawks,1,6,0,Pass Incomplete,2nd & 6 at KC 28,04:56 1st Shotgun,— J.Milroe pass incomplete deep right to C.White (K.Fulton).
2026,PRESEASON WEEK 3,Friday,August 28th,SEA,KC,1st Quarter,4,Seattle Seahawks,1,7,0,Pass Incomplete,3rd & 6 at KC 28,04:51 1st Shotgun,— J.Milroe pass incomplete short right to R.White (E.Ogbah).
2026,PRESEASON WEEK 3,Friday,August 28th,SEA,KC,1st Quarter,4,Seattle Seahawks,1,8,1,Field Goal,4th & 6 at KC 28,04:46 1st,"— J.Myers 46 yard field goal is GOOD, Center-C.Stoll, Holder-M.Dickson."
2026,PRESEASON WEEK 3,Friday,August 28th,SEA,KC,1st Quarter,5,Kansas City Chiefs,1,1,0,Kickoff from SEA 35,,Kickoff,— J.Myers kicks 68 yards from SEA 35 to KC -3. B.Smith pushed ob at SEA 46 for 57 yards (A.Fuller).
2026,PRESEASON WEEK 3,Friday,August 28th,SEA,KC,1st Quarter,5,Kansas City Chiefs,1,2,0,20 Yard Pass,1st & 10 at SEA 46,04:34 1st,— G.Nussmeier pass short middle to A.Armstrong to SEA 26 for 20 yards (A.Finley) [P.O'Connell].
2026,PRESEASON WEEK 3,Friday,August 28th,SEA,KC,1st Quarter,5,Kansas City Chiefs,1,3,0,2 Yard Run,1st & 10 at SEA 26,03:58 1st,— E.Johnson up the middle to SEA 24 for 2 yards (U.Seumalo; A.Hubbard).
2026,PRESEASON WEEK 3,Friday,August 28th,SEA,KC,1st Quarter,5,Kansas City Chiefs,1,4,0,11 Yard Run,2nd & 8 at SEA 24,03:26 1st,— E.Johnson right guard to SEA 13 for 11 yards (A.Finley).
2026,PRESEASON WEEK 3,Friday,August 28th,SEA,KC,1st Quarter,5,Kansas City Chiefs,1,5,0,2 Yard Run,1st & 10 at SEA 13,02:54 1st Shotgun,— E.Johnson up the middle to SEA 11 for 2 yards (P.Echols).
2026,PRESEASON WEEK 3,Friday,August 28th,SEA,KC,1st Quarter,5,Kansas City Chiefs,1,6,0,Pass Incomplete,2nd & 8 at SEA 11,02:14 1st Shotgun,— G.Nussmeier pass incomplete short right to A.Armstrong.
2026,PRESEASON WEEK 3,Friday,August 28th,SEA,KC,1st Quarter,5,Kansas City Chiefs,1,7,0,-9 Yard Pass,3rd & 8 at SEA 11,02:10 1st Shotgun,"— G.Nussmeier pass short left to E.Johnson to SEA 1 for 10 yards (D.Bell). PENALTY on KC-P.Nygra, Offensive Holding, 10 yards, enforced at SEA 10."
2026,PRESEASON WEEK 3,Friday,August 28th,SEA,KC,1st Quarter,5,Kansas City Chiefs,1,8,0,10 Yard Pass,3rd & 17 at SEA 20,01:51 1st Shotgun,— G.Nussmeier pass short left to J.Wiley to SEA 10 for 10 yards (P.O'Connell; A.Finley).
2026,PRESEASON WEEK 3,Friday,August 28th,SEA,KC,1st Quarter,5,Kansas City Chiefs,1,9,1,Field Goal,4th & 7 at SEA 10,01:07 1st,"— H.Butker 28 yard field goal is GOOD, Center-J.Winchester, Holder-M.Araiza."
2026,PRESEASON WEEK 3,Friday,August 28th,SEA,KC,2nd Quarter,1,Seattle Seahawks,0,1,0,Kickoff from KC 35,,Kickoff,"— H.Butker kicks 63 yards from KC 35 to SEA 2, out of bounds. PENALTY on KC-H.Butker, Kickoff Out of Bounds, placed at SEA 40."
2026,PRESEASON WEEK 3,Friday,August 28th,SEA,KC,2nd Quarter,1,Seattle Seahawks,0,2,0,1 Yard Run,1st & 10 at SEA 40,01:03 1st Shotgun,— J.Wright right end to SEA 41 for 1 yard (F.Anudike-Uzomah).
2026,PRESEASON WEEK 3,Friday,August 28th,SEA,KC,2nd Quarter,1,Seattle Seahawks,0,3,0,Pass Incomplete,2nd & 9 at SEA 41,00:21 1st,— J.Milroe pass incomplete deep left to M.Foster.
2026,PRESEASON WEEK 3,Friday,August 28th,SEA,KC,2nd Quarter,1,Seattle Seahawks,0,4,0,19 Yard Pass,3rd & 9 at SEA 41,00:15 1st Shotgun,— J.Milroe pass short middle to C.White to KC 40 for 19 yards (X.Nwankpa).
2026,PRESEASON WEEK 3,Friday,August 28th,SEA,KC,2nd Quarter,1,Seattle Seahawks,0,5,0,3 Yard Run,1st & 10 at KC 40,15:00 2nd,— J.Milroe scrambles right end pushed ob at KC 37 for 3 yards (C.Christiansen).
2026,PRESEASON WEEK 3,Friday,August 28th,SEA,KC,2nd Quarter,1,Seattle Seahawks,0,6,0,3 Yard Run,2nd & 7 at KC 37,14:29 2nd,— J.Wright left end to KC 34 for 3 yards (J.Bassa).
2026,PRESEASON WEEK 3,Friday,August 28th,SEA,KC,2nd Quarter,1,Seattle Seahawks,0,7,0,13 Yard Pass,3rd & 4 at KC 34,13:46 2nd Shotgun,— J.Milroe pass short middle to M.Foster to KC 21 for 13 yards (J.Bassa).
2026,PRESEASON WEEK 3,Friday,August 28th,SEA,KC,2nd Quarter,1,Seattle Seahawks,0,8,0,-8 Yard Run,1st & 10 at KC 21,13:08 2nd,"— J.Milroe scrambles right end to KC 16 for 5 yards (K.Fulton). PENALTY on SEA-E.Arroyo, Offensive Holding, 10 yards, enforced at KC 19."
2026,PRESEASON WEEK 3,Friday,August 28th,SEA,KC,2nd Quarter,1,Seattle Seahawks,0,9,0,Fumble,1st & 18 at KC 29,12:50 2nd Shotgun,"— J.Milroe FUMBLES (Aborted) at KC 36, RECOVERED by KC-C.Christiansen at KC 35."
2026,PRESEASON WEEK 3,Friday,August 28th,SEA,KC,2nd Quarter,2,Kansas City Chiefs,1,1,0,8 Yard Run,1st & 10 at KC 35,12:46 2nd,— B.Smith left end to KC 43 for 8 yards (N.Pritchett).
2026,PRESEASON WEEK 3,Friday,August 28th,SEA,KC,2nd Quarter,2,Kansas City Chiefs,1,2,0,8 Yard Run,2nd & 2 at KC 43,12:13 2nd,— B.Smith left guard to SEA 49 for 8 yards (P.O'Connell; D.Bell).
2026,PRESEASON WEEK 3,Friday,August 28th,SEA,KC,2nd Quarter,2,Kansas City Chiefs,1,3,0,5 Yard Pass,1st & 10 at SEA 49,11:38 2nd,— G.Nussmeier pass short left to T.Watson to SEA 44 for 5 yards (P.Echols).
2026,PRESEASON WEEK 3,Friday,August 28th,SEA,KC,2nd Quarter,2,Kansas City Chiefs,1,4,0,3 Yard Run,2nd & 5 at SEA 44,10:59 2nd Shotgun,— B.Smith up the middle to SEA 41 for 3 yards (D.Eastern; C.O'Toole).
2026,PRESEASON WEEK 3,Friday,August 28th,SEA,KC,2nd Quarter,2,Kansas City Chiefs,1,5,0,3 Yard Run,3rd & 2 at SEA 41,10:23 2nd Shotgun,— E.Demercado up the middle to SEA 38 for 3 yards (P.Echols; C.O'Toole).
2026,PRESEASON WEEK 3,Friday,August 28th,SEA,KC,2nd Quarter,2,Kansas City Chiefs,1,6,0,17 Yard Pass,1st & 10 at SEA 38,09:43 2nd Shotgun,— G.Nussmeier pass short left to J.Wiley to SEA 21 for 17 yards (P.Echols; J.Singleton).
2026,PRESEASON WEEK 3,Friday,August 28th,SEA,KC,2nd Quarter,2,Kansas City Chiefs,1,7,0,7 Yard Pass,1st & 10 at SEA 21,08:55 2nd Shotgun,— G.Nussmeier pass short right to A.Armstrong to SEA 14 for 7 yards (N.Pritchett).
2026,PRESEASON WEEK 3,Friday,August 28th,SEA,KC,2nd Quarter,2,Kansas City Chiefs,1,8,0,2 Yard Run,2nd & 3 at SEA 14,08:20 2nd Shotgun,— B.Smith right guard to SEA 12 for 2 yards (P.Echols; J.Gaines).
2026,PRESEASON WEEK 3,Friday,August 28th,SEA,KC,2nd Quarter,2,Kansas City Chiefs,1,9,0,3 Yard Pass,3rd & 1 at SEA 12,07:39 2nd Shotgun,— G.Nussmeier pass short left to A.Armstrong to SEA 9 for 3 yards (N.Igbinoghene).
2026,PRESEASON WEEK 3,Friday,August 28th,SEA,KC,2nd Quarter,2,Kansas City Chiefs,1,10,0,3 Yard Run,1st & 9 at SEA 9,07:03 2nd Shotgun,— B.Smith up the middle to SEA 6 for 3 yards (P.O'Connell; W.Thomas).
2026,PRESEASON WEEK 3,Friday,August 28th,SEA,KC,2nd Quarter,2,Kansas City Chiefs,1,11,0,Pass Incomplete,2nd & 6 at SEA 6,06:23 2nd Shotgun,— G.Nussmeier pass incomplete short right to J.Brownlee [J.Singleton].
2026,PRESEASON WEEK 3,Friday,August 28th,SEA,KC,2nd Quarter,2,Kansas City Chiefs,1,12,0,Timeout,,06:18 2nd,— Timeout #1 by KC at 06:18.
2026,PRESEASON WEEK 3,Friday,August 28th,SEA,KC,2nd Quarter,2,Kansas City Chiefs,1,13,0,Pass Incomplete,3rd & 6 at SEA 6,06:18 2nd Shotgun,— G.Nussmeier pass incomplete short right to A.Armstrong (N.Pritchett).
2026,PRESEASON WEEK 3,Friday,August 28th,SEA,KC,2nd Quarter,2,Kansas City Chiefs,1,14,1,Field Goal,4th & 6 at SEA 6,06:15 2nd,"— H.Butker 24 yard field goal is GOOD, Center-J.Winchester, Holder-M.Araiza."
2026,PRESEASON WEEK 3,Friday,August 28th,SEA,KC,2nd Quarter,3,Seattle Seahawks,0,1,0,Kickoff from KC 35,,Kickoff,— H.Butker kicks 56 yards from KC 35 to SEA 9. M.Foster to SEA 31 for 22 yards (J.Briningstool).
2026,PRESEASON WEEK 3,Friday,August 28th,SEA,KC,2nd Quarter,3,Seattle Seahawks,0,2,0,11 Yard Pass,1st & 10 at SEA 31,06:07 2nd Shotgun,— J.Milroe pass short middle to N.Kallerup to SEA 42 for 11 yards (C.Christiansen).
2026,PRESEASON WEEK 3,Friday,August 28th,SEA,KC,2nd Quarter,3,Seattle Seahawks,0,3,0,2 Yard Run,1st & 10 at SEA 42,05:30 2nd,— J.Wright left guard to SEA 44 for 2 yards (K.Elam; R.Thomas).
2026,PRESEASON WEEK 3,Friday,August 28th,SEA,KC,2nd Quarter,3,Seattle Seahawks,0,4,0,13 Yard Penalty,2nd & 8 at SEA 44,04:49 2nd Shotgun,"— J.Milroe pass incomplete deep middle to M.Foster. PENALTY on KC-C.Roland-Wallace, Defensive Pass Interference, 13 yards, enforced at SEA 44 - No Play."
2026,PRESEASON WEEK 3,Friday,August 28th,SEA,KC,2nd Quarter,3,Seattle Seahawks,0,5,0,-11 Yard Sack,1st & 10 at KC 43,04:45 2nd,"— J.Milroe sacked at SEA 48 for -9 yards (R.Thomas). FUMBLES (R.Thomas) [R.Thomas], recovered by SEA-L.Brown at SEA 46. Penalty on SEA-B.Cabeldue, Illegal Use of Hands, declined. Penalty on SEA-F.Maranges, Offensive Holding, declined."
2026,PRESEASON WEEK 3,Friday,August 28th,SEA,KC,2nd Quarter,3,Seattle Seahawks,0,6,0,4 Yard Run,2nd & 21 at SEA 46,04:24 2nd Shotgun,— J.Wright up the middle to 50 for 4 yards (C.Christiansen).
2026,PRESEASON WEEK 3,Friday,August 28th,SEA,KC,2nd Quarter,3,Seattle Seahawks,0,7,0,7 Yard Run,3rd & 17 at 50,03:43 2nd Shotgun,— J.Milroe scrambles left end ran ob at KC 43 for 7 yards (J.Canady).
2026,PRESEASON WEEK 3,Friday,August 28th,SEA,KC,2nd Quarter,3,Seattle Seahawks,0,8,0,Punt,4th & 10 at KC 43,03:07 2nd,"— M.Dickson punts 38 yards to KC 5, Center-C.Stoll, out of bounds. ** Injury Update: KC-M.Smith has returned to the game."
2026,PRESEASON WEEK 3,Friday,August 28th,SEA,KC,2nd Quarter,4,Kansas City Chiefs,0,1,0,1 Yard Run,1st & 10 at KC 5,02:59 2nd,— E.Demercado up the middle to KC 6 for 1 yard (P.O'Connell; W.Thomas).
2026,PRESEASON WEEK 3,Friday,August 28th,SEA,KC,2nd Quarter,4,Kansas City Chiefs,0,2,0,8 Yard Run,2nd & 9 at KC 6,02:23 2nd Shotgun,— E.Demercado up the middle to KC 14 for 8 yards (P.O'Connell; A.Fuller).
2026,PRESEASON WEEK 3,Friday,August 28th,SEA,KC,2nd Quarter,4,Kansas City Chiefs,0,3,0,2 Yard Run,3rd & 1 at KC 14,02:00 2nd Shotgun,— E.Demercado up the middle to KC 16 for 2 yards (J.Sheriff; P.O'Connell).
2026,PRESEASON WEEK 3,Friday,August 28th,SEA,KC,2nd Quarter,4,Kansas City Chiefs,0,4,0,-5 Yard Penalty,1st & 10 at KC 16,01:26 2nd,"— PENALTY on KC-C.Godrick, False Start, 5 yards, enforced at KC 16 - No Play. 10-second runoff declined."
2026,PRESEASON WEEK 3,Friday,August 28th,SEA,KC,2nd Quarter,4,Kansas City Chiefs,0,5,0,6 Yard Run,1st & 15 at KC 11,01:26 2nd Shotgun,— E.Demercado up the middle to KC 17 for 6 yards (P.Echols; A.Hubbard).
2026,PRESEASON WEEK 3,Friday,August 28th,SEA,KC,2nd Quarter,4,Kansas City Chiefs,0,6,0,Timeout,,01:22 2nd,— Timeout #1 by SEA at 01:22.
2026,PRESEASON WEEK 3,Friday,August 28th,SEA,KC,2nd Quarter,4,Kansas City Chiefs,0,7,0,Pass Incomplete,2nd & 9 at KC 17,01:22 2nd Shotgun,— G.Nussmeier pass incomplete short right to A.Armstrong [J.Ivey].
2026,PRESEASON WEEK 3,Friday,August 28th,SEA,KC,2nd Quarter,4,Kansas City Chiefs,0,8,0,9 Yard Run,3rd & 9 at KC 17,01:18 2nd Shotgun,"— E.Demercado up the middle to KC 26 for 9 yards (D.Bell). The Replay Official reviewed the first down ruling, and the play was Upheld. The ruling on the field stands."
2026,PRESEASON WEEK 3,Friday,August 28th,SEA,KC,2nd Quarter,4,Kansas City Chiefs,0,9,0,-10 Yard Penalty,1st & 10 at KC 26,00:43 2nd Shotgun,"— G.Nussmeier pass short left to J.Briningstool to KC 36 for 10 yards (N.Igbinoghene). PENALTY on KC-J.Briningstool, Offensive Pass Interference, 10 yards, enforced at KC 26 - No Play."
2026,PRESEASON WEEK 3,Friday,August 28th,SEA,KC,2nd Quarter,4,Kansas City Chiefs,0,10,0,5 Yard Run,1st & 20 at KC 16,00:37 2nd Shotgun,— E.Demercado up the middle to KC 21 for 5 yards (J.Sheriff; P.O'Connell).
2026,PRESEASON WEEK 3,Friday,August 28th,SEA,KC,2nd Quarter,4,Kansas City Chiefs,0,11,0,Timeout,,00:32 2nd,— Timeout #2 by SEA at 00:32.
2026,PRESEASON WEEK 3,Friday,August 28th,SEA,KC,2nd Quarter,4,Kansas City Chiefs,0,12,0,1 Yard Run,2nd & 15 at KC 21,00:32 2nd Shotgun,— G.Nussmeier scrambles left end ran ob at KC 22 for 1 yard (A.Hubbard).
2026,PRESEASON WEEK 3,Friday,August 28th,SEA,KC,2nd Quarter,4,Kansas City Chiefs,0,13,0,15 Yard Pass,3rd & 14 at KC 22,00:25 2nd Shotgun,— G.Nussmeier pass short left to E.Demercado to KC 37 for 15 yards (A.Hubbard).
2026,PRESEASON WEEK 3,Friday,August 28th,SEA,KC,2nd Quarter,4,Kansas City Chiefs,0,14,0,Timeout,,00:14 2nd,— Timeout #2 by KC at 00:14.
2026,PRESEASON WEEK 3,Friday,August 28th,SEA,KC,2nd Quarter,4,Kansas City Chiefs,0,15,0,15 Yard Pass,1st & 10 at KC 37,00:14 2nd Shotgun,— G.Nussmeier pass short right to A.Armstrong ran ob at SEA 48 for 15 yards.
2026,PRESEASON WEEK 3,Friday,August 28th,SEA,KC,2nd Quarter,4,Kansas City Chiefs,0,16,0,Timeout,,00:06 2nd,— Timeout #3 by SEA at 00:06.
2026,PRESEASON WEEK 3,Friday,August 28th,SEA,KC,2nd Quarter,4,Kansas City Chiefs,0,17,0,Pass Incomplete,1st & 10 at SEA 48,00:06 2nd Shotgun,"— G.Nussmeier pass incomplete short left. PENALTY on KC-G.Nussmeier, Intentional Grounding, 10 yards, enforced at SEA 48. 10-second runoff."
2026,PRESEASON WEEK 3,Friday,August 28th,SEA,KC,3rd Quarter,1,Seattle Seahawks,0,1,0,Kickoff from KC 35,,Kickoff,"— H.Butker kicks 56 yards from KC 35 to SEA 9. E.Henderson to SEA 32 for 23 yards (V.Anthony). PENALTY on SEA-N.Kallerup, Offensive Holding, 10 yards, enforced at SEA 28."
2026,PRESEASON WEEK 3,Friday,August 28th,SEA,KC,3rd Quarter,1,Seattle Seahawks,0,2,0,3 Yard Run,1st & 10 at SEA 18,14:56 3rd Shotgun,— J.Milroe scrambles up the middle to SEA 21 for 3 yards (E.Ogbah).
2026,PRESEASON WEEK 3,Friday,August 28th,SEA,KC,3rd Quarter,1,Seattle Seahawks,0,3,0,-3 Yard Run,2nd & 7 at SEA 21,14:16 3rd,— J.Wright left end to SEA 18 for -3 yards (M.Harris).
2026,PRESEASON WEEK 3,Friday,August 28th,SEA,KC,3rd Quarter,1,Seattle Seahawks,0,4,0,Pass Incomplete,3rd & 10 at SEA 18,13:35 3rd Shotgun,— J.Milroe pass incomplete short left to J.Wright.
2026,PRESEASON WEEK 3,Friday,August 28th,SEA,KC,3rd Quarter,1,Seattle Seahawks,0,5,0,Punt,4th & 10 at SEA 18,13:30 3rd,"— M.Dickson punts 60 yards to KC 22, Center-C.Stoll. N.Remigio to KC 34 for 12 yards (J.Sheriff; M.Dansby)."
2026,PRESEASON WEEK 3,Friday,August 28th,SEA,KC,3rd Quarter,2,Kansas City Chiefs,0,1,0,12 Yard Run,1st & 10 at KC 34,13:17 3rd,— B.Smith right guard to KC 46 for 12 yards (T.Johnson; J.Ivey).
2026,PRESEASON WEEK 3,Friday,August 28th,SEA,KC,3rd Quarter,2,Kansas City Chiefs,0,2,0,6 Yard Run,1st & 10 at KC 46,12:39 3rd Shotgun,— B.Smith right end pushed ob at SEA 48 for 6 yards (J.Sheriff).
2026,PRESEASON WEEK 3,Friday,August 28th,SEA,KC,3rd Quarter,2,Kansas City Chiefs,0,3,0,Pass Incomplete,2nd & 4 at SEA 48,12:12 3rd Shotgun,— G.Nussmeier pass incomplete short left to C.Allen.
2026,PRESEASON WEEK 3,Friday,August 28th,SEA,KC,3rd Quarter,2,Kansas City Chiefs,0,4,0,-5 Yard Penalty,3rd & 4 at SEA 48,12:08 3rd Shotgun,"— PENALTY on KC-E.Pole, False Start, 5 yards, enforced at SEA 48 - No Play."
2026,PRESEASON WEEK 3,Friday,August 28th,SEA,KC,3rd Quarter,2,Kansas City Chiefs,0,5,0,12 Yard Pass,3rd & 9 at KC 47,12:08 3rd Shotgun,— G.Nussmeier pass short right to C.Allen ran ob at SEA 41 for 12 yards (T.Johnson).
2026,PRESEASON WEEK 3,Friday,August 28th,SEA,KC,3rd Quarter,2,Kansas City Chiefs,0,6,0,2 Yard Run,1st & 10 at SEA 41,11:43 3rd,— B.Smith right tackle to SEA 39 for 2 yards (J.Gaines).
2026,PRESEASON WEEK 3,Friday,August 28th,SEA,KC,3rd Quarter,2,Kansas City Chiefs,0,7,0,-1 Yard Run,2nd & 8 at SEA 39,11:13 3rd,— B.Smith up the middle to SEA 40 for -1 yards (W.Thomas).
2026,PRESEASON WEEK 3,Friday,August 28th,SEA,KC,3rd Quarter,2,Kansas City Chiefs,0,8,0,Timeout,,10:35 3rd,— Timeout #1 by SEA at 10:35.
2026,PRESEASON WEEK 3,Friday,August 28th,SEA,KC,3rd Quarter,2,Kansas City Chiefs,0,9,0,Pass Incomplete,3rd & 9 at SEA 40,10:35 3rd Shotgun,— G.Nussmeier pass incomplete short right.
2026,PRESEASON WEEK 3,Friday,August 28th,SEA,KC,3rd Quarter,2,Kansas City Chiefs,0,10,0,Field Goal No Good,4th & 9 at SEA 40,10:27 3rd,"— H.Butker 58 yard field goal is No Good, Wide Right, Center-J.Winchester, Holder-M.Araiza."
2026,PRESEASON WEEK 3,Friday,August 28th,SEA,KC,3rd Quarter,3,Seattle Seahawks,1,1,0,9 Yard Pass,1st & 10 at SEA 48,10:22 3rd,— J.Milroe pass short left to R.White to KC 43 for 9 yards (K.Elam).
2026,PRESEASON WEEK 3,Friday,August 28th,SEA,KC,3rd Quarter,3,Seattle Seahawks,1,2,0,11 Yard Pass,2nd & 1 at KC 43,09:42 3rd,— J.Milroe pass short right to J.Wright to KC 32 for 11 yards (A.McNeill).
2026,PRESEASON WEEK 3,Friday,August 28th,SEA,KC,3rd Quarter,3,Seattle Seahawks,1,3,0,-8 Yard Pass,1st & 10 at KC 32,09:01 3rd Shotgun,"— J.Milroe pass short middle to E.Henderson pushed ob at KC 26 for 6 yards (T.McCalister). PENALTY on SEA-B.Lampe, Offensive Holding, 10 yards, enforced at KC 30."
2026,PRESEASON WEEK 3,Friday,August 28th,SEA,KC,3rd Quarter,3,Seattle Seahawks,1,4,0,11 Yard Pass,1st & 18 at KC 40,08:41 3rd Shotgun,— J.Milroe pass short left to R.White to KC 29 for 11 yards (Ca.Jones).
2026,PRESEASON WEEK 3,Friday,August 28th,SEA,KC,3rd Quarter,3,Seattle Seahawks,1,5,0,6 Yard Run,2nd & 7 at KC 29,08:00 3rd,— J.Wright left end to KC 23 for 6 yards (Ca.Jones; M.Harris).
2026,PRESEASON WEEK 3,Friday,August 28th,SEA,KC,3rd Quarter,3,Seattle Seahawks,1,6,0,-5 Yard Penalty,3rd & 1 at KC 23,07:17 3rd,"— PENALTY on SEA-J.Milroe, False Start, 5 yards, enforced at KC 23 - No Play."
2026,PRESEASON WEEK 3,Friday,August 28th,SEA,KC,3rd Quarter,3,Seattle Seahawks,1,7,0,26 Yard Pass,3rd & 6 at KC 28,06:59 3rd Shotgun,"— J.Milroe pass short middle to E.Henderson to KC 2 for 26 yards (K.Kohou). Penalty on KC-K.Kohou, Defensive Pass Interference, declined."
2026,PRESEASON WEEK 3,Friday,August 28th,SEA,KC,3rd Quarter,3,Seattle Seahawks,1,8,0,-9 Yard Run,1st & 2 at KC 2,06:32 3rd Shotgun,"— J.Milroe left end for 2 yards, TOUCHDOWN NULLIFIED by Penalty. PENALTY on SEA-N.Vannett, Offensive Holding, 10 yards, enforced at KC 1."
2026,PRESEASON WEEK 3,Friday,August 28th,SEA,KC,3rd Quarter,3,Seattle Seahawks,1,9,0,7 Yard Pass,1st & 11 at KC 11,06:29 3rd Shotgun,— J.Milroe pass short right to R.White to KC 4 for 7 yards (D.Perkins-McAllister).
2026,PRESEASON WEEK 3,Friday,August 28th,SEA,KC,3rd Quarter,3,Seattle Seahawks,1,10,0,Pass Incomplete,2nd & 4 at KC 4,05:46 3rd Shotgun,— J.Milroe pass incomplete short right.
2026,PRESEASON WEEK 3,Friday,August 28th,SEA,KC,3rd Quarter,3,Seattle Seahawks,1,11,1,Touchdown,3rd & 4 at KC 4,05:39 3rd Shotgun,"— J.Milroe pass short left to N.Vannett for 4 yards, TOUCHDOWN."
2026,PRESEASON WEEK 3,Friday,August 28th,SEA,KC,3rd Quarter,3,Seattle Seahawks,1,12,0,Extra Point No Good,,05:35 3rd,"— J.Myers extra point is No Good, Wide Left, Center-C.Stoll, Holder-M.Dickson."
2026,PRESEASON WEEK 3,Friday,August 28th,SEA,KC,3rd Quarter,4,Kansas City Chiefs,0,1,0,Kickoff from SEA 35,,Kickoff,"— J.Myers kicks 65 yards from SEA 35 to end zone, Touchback to the KC 35."
2026,PRESEASON WEEK 3,Friday,August 28th,SEA,KC,3rd Quarter,4,Kansas City Chiefs,0,2,0,1 Yard Run,1st & 10 at KC 35,05:35 3rd,— B.Smith right end to KC 36 for 1 yard (M.Jones).
2026,PRESEASON WEEK 3,Friday,August 28th,SEA,KC,3rd Quarter,4,Kansas City Chiefs,0,3,0,13 Yard Run,2nd & 9 at KC 36,05:02 3rd Shotgun,— B.Smith up the middle to KC 49 for 13 yards (T.Johnson).
2026,PRESEASON WEEK 3,Friday,August 28th,SEA,KC,3rd Quarter,4,Kansas City Chiefs,0,4,0,7 Yard Pass,1st & 10 at KC 49,04:24 3rd Shotgun,— G.Nussmeier pass short left to J.Briningstool to SEA 44 for 7 yards (J.Washington).
2026,PRESEASON WEEK 3,Friday,August 28th,SEA,KC,3rd Quarter,4,Kansas City Chiefs,0,5,0,0 Yard Run,2nd & 3 at SEA 44,03:47 3rd,— E.Demercado right end to SEA 44 for no gain (A.Smith; A.Fuller). KC-E.Demercado was injured during the play.
2026,PRESEASON WEEK 3,Friday,August 28th,SEA,KC,3rd Quarter,4,Kansas City Chiefs,0,6,0,-5 Yard Pass,3rd & 3 at SEA 44,03:25 3rd Shotgun,— G.Nussmeier pass short right to B.Smith to SEA 49 for -5 yards (W.Thomas) [J.Gaines].
2026,PRESEASON WEEK 3,Friday,August 28th,SEA,KC,3rd Quarter,4,Kansas City Chiefs,0,7,0,Punt,4th & 8 at SEA 49,02:45 3rd,"— M.Araiza punts 34 yards to SEA 15, Center-J.Winchester, fair catch by M.Foster. ** Injury Update: KC-E.Demercado has returned to the game."
2026,PRESEASON WEEK 3,Friday,August 28th,SEA,KC,3rd Quarter,5,Seattle Seahawks,0,1,0,Pass Incomplete,1st & 10 at SEA 15,02:38 3rd,— J.Milroe pass incomplete short middle to J.Hicks [D.Perkins-McAllister].
2026,PRESEASON WEEK 3,Friday,August 28th,SEA,KC,3rd Quarter,5,Seattle Seahawks,0,2,0,Pass Incomplete,2nd & 10 at SEA 15,02:32 3rd Shotgun,— J.Milroe pass incomplete short middle to J.Wright.
2026,PRESEASON WEEK 3,Friday,August 28th,SEA,KC,3rd Quarter,5,Seattle Seahawks,0,3,0,Pass Incomplete,3rd & 10 at SEA 15,02:28 3rd Shotgun,— J.Milroe pass incomplete short right to E.Henderson.
2026,PRESEASON WEEK 3,Friday,August 28th,SEA,KC,3rd Quarter,5,Seattle Seahawks,0,4,0,Punt,4th & 10 at SEA 15,02:24 3rd,"— M.Dickson punts 55 yards to KC 30, Center-C.Stoll. J.De Jesus to 50 for 20 yards (A.Fuller)."
2026,PRESEASON WEEK 3,Friday,August 28th,SEA,KC,4th Quarter,1,Kansas City Chiefs,1,1,0,7 Yard Run,1st & 10 at 50,02:11 3rd,— B.Smith right guard to SEA 43 for 7 yards (M.Dansby).
2026,PRESEASON WEEK 3,Friday,August 28th,SEA,KC,4th Quarter,1,Kansas City Chiefs,1,2,0,5 Yard Run,2nd & 3 at SEA 43,01:37 3rd Shotgun,— B.Smith up the middle to SEA 38 for 5 yards (U.Seumalo).
2026,PRESEASON WEEK 3,Friday,August 28th,SEA,KC,4th Quarter,1,Kansas City Chiefs,1,3,0,4 Yard Pass,1st & 10 at SEA 38,00:55 3rd Shotgun,— G.Nussmeier pass short right to E.Smith to SEA 34 for 4 yards (A.Smith).
2026,PRESEASON WEEK 3,Friday,August 28th,SEA,KC,4th Quarter,1,Kansas City Chiefs,1,4,0,5 Yard Run,2nd & 6 at SEA 34,00:20 3rd Shotgun,— E.Smith up the middle to SEA 29 for 5 yards (D.Bell; T.Johnson).
2026,PRESEASON WEEK 3,Friday,August 28th,SEA,KC,4th Quarter,1,Kansas City Chiefs,1,5,0,12 Yard Pass,3rd & 1 at SEA 29,15:00 4th Shotgun,— G.Nussmeier pass short left to J.Briningstool to SEA 17 for 12 yards (J.Washington).
2026,PRESEASON WEEK 3,Friday,August 28th,SEA,KC,4th Quarter,1,Kansas City Chiefs,1,6,0,13 Yard Pass,1st & 10 at SEA 17,14:27 4th,"— G.Nussmeier pass short right to A.Armstrong to SEA 8 for 9 yards (D.Bell; A.Smith). PENALTY on SEA-D.Bell, Unnecessary Roughness, 4 yards, enforced at SEA 8."
2026,PRESEASON WEEK 3,Friday,August 28th,SEA,KC,4th Quarter,1,Kansas City Chiefs,1,7,0,2 Yard Run,1st & 4 at SEA 4,14:07 4th Shotgun,— B.Smith up the middle to SEA 2 for 2 yards (A.Smith; P.Echols).
2026,PRESEASON WEEK 3,Friday,August 28th,SEA,KC,4th Quarter,1,Kansas City Chiefs,1,8,0,Timeout,,13:24 4th,— Timeout #1 by KC at 13:24.
2026,PRESEASON WEEK 3,Friday,August 28th,SEA,KC,4th Quarter,1,Kansas City Chiefs,1,9,0,1 Yard Run,2nd & 2 at SEA 2,13:24 4th Shotgun,— B.Smith right guard to SEA 1 for 1 yard (A.Smith; W.Thomas).
2026,PRESEASON WEEK 3,Friday,August 28th,SEA,KC,4th Quarter,1,Kansas City Chiefs,1,10,0,Timeout,,12:39 4th,— Timeout #2 by KC at 12:39.
2026,PRESEASON WEEK 3,Friday,August 28th,SEA,KC,4th Quarter,1,Kansas City Chiefs,1,11,0,0 Yard Run,3rd & 1 at SEA 1,12:39 4th,— B.Smith up the middle to SEA 1 for no gain (J.Gaines).
2026,PRESEASON WEEK 3,Friday,August 28th,SEA,KC,4th Quarter,1,Kansas City Chiefs,1,12,1,Field Goal,4th & 1 at SEA 1,12:03 4th,"— H.Butker 19 yard field goal is GOOD, Center-J.Winchester, Holder-M.Araiza."
2026,PRESEASON WEEK 3,Friday,August 28th,SEA,KC,4th Quarter,2,Seattle Seahawks,0,1,0,Kickoff from KC 35,,Kickoff,— H.Butker kicks 58 yards from KC 35 to SEA 7. E.Henderson to SEA 29 for 22 yards (Ca.Jones; Z.Vedder).
2026,PRESEASON WEEK 3,Friday,August 28th,SEA,KC,4th Quarter,2,Seattle Seahawks,0,2,0,9 Yard Run,1st & 10 at SEA 29,11:56 4th,"— J.Wright right end to SEA 33 for 4 yards (Ca.Jones). PENALTY on KC-C.McDonald, Defensive Holding, 5 yards, enforced at SEA 33."
2026,PRESEASON WEEK 3,Friday,August 28th,SEA,KC,4th Quarter,2,Seattle Seahawks,0,3,0,2 Yard Run,1st & 10 at SEA 38,11:16 4th,— J.Wright right guard to SEA 40 for 2 yards (M.Harris; D.Payne).
2026,PRESEASON WEEK 3,Friday,August 28th,SEA,KC,4th Quarter,2,Seattle Seahawks,0,4,0,-5 Yard Penalty,2nd & 8 at SEA 40,10:44 4th,"— J.Milroe pass short left to E.Henderson pushed ob at KC 49 for 11 yards (X.Nwankpa). PENALTY on SEA, Illegal Shift, 5 yards, enforced at SEA 40 - No Play."
2026,PRESEASON WEEK 3,Friday,August 28th,SEA,KC,4th Quarter,2,Seattle Seahawks,0,5,0,5 Yard Pass,2nd & 13 at SEA 35,10:25 4th Shotgun,— J.Milroe pass short right to R.Rochelle to SEA 40 for 5 yards (K.Arnold; A.McNeill).
2026,PRESEASON WEEK 3,Friday,August 28th,SEA,KC,4th Quarter,2,Seattle Seahawks,0,6,0,-5 Yard Penalty,3rd & 8 at SEA 40,09:58 4th Shotgun,"— PENALTY on SEA-J.Wright, False Start, 5 yards, enforced at SEA 40 - No Play."
2026,PRESEASON WEEK 3,Friday,August 28th,SEA,KC,4th Quarter,2,Seattle Seahawks,0,7,0,Pass Incomplete,3rd & 13 at SEA 35,09:58 4th Shotgun,— J.Milroe pass incomplete short right to J.Hicks (D.Perkins-McAllister).
2026,PRESEASON WEEK 3,Friday,August 28th,SEA,KC,4th Quarter,2,Seattle Seahawks,0,8,0,Punt,4th & 13 at SEA 35,09:52 4th,"— M.Dickson punts 46 yards to KC 19, Center-C.Stoll. J.De Jesus to KC 17 for -2 yards (T.Johnson)."
2026,PRESEASON WEEK 3,Friday,August 28th,SEA,KC,4th Quarter,3,Kansas City Chiefs,0,1,0,-8 Yard Penalty,1st & 10 at KC 17,09:43 4th Shotgun,"— G.Nussmeier pass short right to J.De Jesus ran ob at KC 31 for 14 yards (A.Fuller). PENALTY on KC-E.Smith, Low Block, 8 yards, enforced at KC 17 - No Play."
2026,PRESEASON WEEK 3,Friday,August 28th,SEA,KC,4th Quarter,3,Kansas City Chiefs,0,2,0,Pass Incomplete,1st & 18 at KC 9,09:24 4th Shotgun,— G.Nussmeier pass incomplete short left to E.Smith (J.Ivey).
2026,PRESEASON WEEK 3,Friday,August 28th,SEA,KC,4th Quarter,3,Kansas City Chiefs,0,3,0,3 Yard Run,2nd & 18 at KC 9,09:20 4th Shotgun,— E.Smith up the middle to KC 12 for 3 yards (W.Thomas; A.Smith).
2026,PRESEASON WEEK 3,Friday,August 28th,SEA,KC,4th Quarter,3,Kansas City Chiefs,0,4,0,4 Yard Pass,3rd & 15 at KC 12,08:37 4th Shotgun,— G.Nussmeier pass short middle to J.De Jesus to KC 16 for 4 yards (A.Smith).
2026,PRESEASON WEEK 3,Friday,August 28th,SEA,KC,4th Quarter,3,Kansas City Chiefs,0,5,0,Punt,4th & 11 at KC 16,07:59 4th,"— M.Araiza punts 52 yards to SEA 32, Center-J.Winchester, fair catch by M.Foster."
2026,PRESEASON WEEK 3,Friday,August 28th,SEA,KC,4th Quarter,4,Seattle Seahawks,0,1,0,4 Yard Run,1st & 10 at SEA 32,07:52 4th,— J.Wright left tackle to SEA 36 for 4 yards (K.Arnold; C.McDonald).
2026,PRESEASON WEEK 3,Friday,August 28th,SEA,KC,4th Quarter,4,Seattle Seahawks,0,2,0,-10 Yard Penalty,2nd & 6 at SEA 36,07:12 4th,"— J.Wright right guard to SEA 40 for 4 yards (D.Perkins-McAllister). PENALTY on SEA-F.Maranges, Offensive Holding, 10 yards, enforced at SEA 36 - No Play."
2026,PRESEASON WEEK 3,Friday,August 28th,SEA,KC,4th Quarter,4,Seattle Seahawks,0,3,0,4 Yard Run,2nd & 16 at SEA 26,06:45 4th,— J.Milroe scrambles left end pushed ob at SEA 30 for 4 yards (E.Hurkett).
2026,PRESEASON WEEK 3,Friday,August 28th,SEA,KC,4th Quarter,4,Seattle Seahawks,0,4,0,Pass Incomplete,3rd & 12 at SEA 30,06:06 4th Shotgun,— J.Milroe pass incomplete short left to R.White.
2026,PRESEASON WEEK 3,Friday,August 28th,SEA,KC,4th Quarter,4,Seattle Seahawks,0,5,0,Punt,4th & 12 at SEA 30,06:01 4th,"— M.Dickson punts 54 yards to KC 16, Center-C.Stoll. J.De Jesus to KC 25 for 9 yards (R.White). PENALTY on SEA-R.White, Player Out of Bounds on Kick, 5 yards, enforced at KC 25."
2026,PRESEASON WEEK 3,Friday,August 28th,SEA,KC,4th Quarter,5,Kansas City Chiefs,0,1,0,2 Yard Run,1st & 10 at KC 30,05:50 4th,— E.Smith left guard to KC 32 for 2 yards (A.Hubbard).
2026,PRESEASON WEEK 3,Friday,August 28th,SEA,KC,4th Quarter,5,Kansas City Chiefs,0,2,0,-4 Yard Run,2nd & 8 at KC 32,05:20 4th,— E.Smith left end to KC 28 for -4 yards (J.Ivey).
2026,PRESEASON WEEK 3,Friday,August 28th,SEA,KC,4th Quarter,5,Kansas City Chiefs,0,3,0,16 Yard Pass,3rd & 12 at KC 28,04:38 4th Shotgun,— G.Nussmeier pass short right to J.De Jesus to KC 44 for 16 yards (D.Bell) [J.Ivey].
2026,PRESEASON WEEK 3,Friday,August 28th,SEA,KC,4th Quarter,5,Kansas City Chiefs,0,4,0,-10 Yard Penalty,1st & 10 at KC 44,04:01 4th Shotgun,"— G.Nussmeier pass short right to O.Evans pushed ob at SEA 46 for 10 yards (A.Fuller). PENALTY on KC-X.Loyd, Offensive Pass Interference, 10 yards, enforced at KC 44 - No Play."
2026,PRESEASON WEEK 3,Friday,August 28th,SEA,KC,4th Quarter,5,Kansas City Chiefs,0,5,0,Pass Incomplete,1st & 20 at KC 34,03:55 4th Shotgun,— G.Nussmeier pass incomplete short right to T.Watson (A.Hubbard).
2026,PRESEASON WEEK 3,Friday,August 28th,SEA,KC,4th Quarter,5,Kansas City Chiefs,0,6,0,-4 Yard Pass,2nd & 20 at KC 34,03:52 4th Shotgun,"— G.Nussmeier pass short left to E.Smith to KC 30 for -4 yards (P.Echols). Penalty on KC-H.Nourzad, Offensive Holding, declined."
2026,PRESEASON WEEK 3,Friday,August 28th,SEA,KC,4th Quarter,5,Kansas City Chiefs,0,7,0,17 Yard Pass,3rd & 24 at KC 30,03:47 4th Shotgun,— G.Nussmeier pass deep right to X.Loyd ran ob at KC 47 for 17 yards.
2026,PRESEASON WEEK 3,Friday,August 28th,SEA,KC,4th Quarter,5,Kansas City Chiefs,0,8,0,Punt,4th & 7 at KC 47,03:40 4th,"— M.Araiza punts 53 yards to end zone, Center-J.Winchester, Touchback."
2026,PRESEASON WEEK 3,Friday,August 28th,SEA,KC,4th Quarter,6,Seattle Seahawks,0,1,0,4 Yard Run,1st & 10 at SEA 20,03:33 4th,— J.Wright right end to SEA 24 for 4 yards (K.Arnold).
2026,PRESEASON WEEK 3,Friday,August 28th,SEA,KC,4th Quarter,6,Seattle Seahawks,0,2,0,5 Yard Penalty,2nd & 6 at SEA 24,02:51 4th,"— J.Milroe sacked ob at SEA 24 for 0 yards (C.McDonald). PENALTY on KC-M.Harris, Defensive Holding, 5 yards, enforced at SEA 24 - No Play."
2026,PRESEASON WEEK 3,Friday,August 28th,SEA,KC,4th Quarter,6,Seattle Seahawks,0,3,0,0 Yard Run,1st & 10 at SEA 29,02:45 4th,— J.Wright right end to SEA 29 for no gain (V.Anthony).
2026,PRESEASON WEEK 3,Friday,August 28th,SEA,KC,4th Quarter,6,Seattle Seahawks,0,4,0,30 Yard Pass,2nd & 10 at SEA 29,02:06 4th,— J.Milroe pass deep left to E.Henderson to KC 41 for 30 yards (D.Singleton).
2026,PRESEASON WEEK 3,Friday,August 28th,SEA,KC,4th Quarter,6,Seattle Seahawks,0,5,0,6 Yard Run,1st & 10 at KC 41,02:00 4th,— J.Wright left guard to KC 35 for 6 yards (M.Harris; K.Arnold).
2026,PRESEASON WEEK 3,Friday,August 28th,SEA,KC,4th Quarter,6,Seattle Seahawks,0,6,0,Timeout,,01:55 4th,— Timeout #3 by KC at 01:55.
2026,PRESEASON WEEK 3,Friday,August 28th,SEA,KC,4th Quarter,6,Seattle Seahawks,0,7,0,5 Yard Run,2nd & 4 at KC 35,01:55 4th Shotgun,— J.Jones right end to KC 30 for 5 yards (Ca.Jones; D.Perkins-McAllister).
2026,PRESEASON WEEK 3,Friday,August 28th,SEA,KC,4th Quarter,6,Seattle Seahawks,0,8,0,Timeout,,01:14 4th,— Timeout #2 by SEA at 01:14.
2026,PRESEASON WEEK 3,Friday,August 28th,SEA,KC,4th Quarter,6,Seattle Seahawks,0,9,0,-3 Yard Run,1st & 10 at KC 30,01:14 4th,— J.Jones up the middle to KC 33 for -3 yards (M.Harris).
2026,PRESEASON WEEK 3,Friday,August 28th,SEA,KC,4th Quarter,6,Seattle Seahawks,0,10,0,-1 Yard Run,2nd & 13 at KC 33,00:32 4th,— J.Jones up the middle to KC 34 for -1 yards (M.Harris).
2026,PRESEASON WEEK 3,Friday,August 28th,SEA,KC,4th Quarter,6,Seattle Seahawks,0,11,0,Timeout,,00:03 4th,— Timeout #3 by SEA at 00:03.
2026,PRESEASON WEEK 3,Friday,August 28th,SEA,KC,4th Quarter,6,Seattle Seahawks,0,12,0,Field Goal No Good,3rd & 14 at KC 34,00:03 4th,"— J.Myers 52 yard field goal is No Good, Wide Right, Center-C.Stoll, Holder-M.Dickson."
2026,PRESEASON WEEK 3,Friday,August 28th,CIN,PHI,1st Quarter,1,Philadelphia Eagles,0,1,0,Kickoff from CIN 35,,Kickoff,— E.McPherson kicks 63 yards from CIN 35 to PHI 2. E.Ezukanma to PHI 24 for 22 yards (J.Endries).
2026,PRESEASON WEEK 3,Friday,August 28th,CIN,PHI,1st Quarter,1,Philadelphia Eagles,0,2,0,3 Yard Pass,1st & 10 at PHI 24,14:52 1st,— T.McKee pass short right to M.Lemon to PHI 27 for 3 yards (T.Davis; B.Lux).
2026,PRESEASON WEEK 3,Friday,August 28th,CIN,PHI,1st Quarter,1,Philadelphia Eagles,0,3,0,8 Yard Run,2nd & 7 at PHI 27,14:14 1st,— D.Pierce left guard to PHI 35 for 8 yards (P.Jules; S.Bozeman).
2026,PRESEASON WEEK 3,Friday,August 28th,CIN,PHI,1st Quarter,1,Philadelphia Eagles,0,4,0,Pass Incomplete,1st & 10 at PHI 35,13:37 1st,— T.McKee pass incomplete deep right to M.Lemon (T.Davis) [L.Robinson].
2026,PRESEASON WEEK 3,Friday,August 28th,CIN,PHI,1st Quarter,1,Philadelphia Eagles,0,5,0,-9 Yard Sack,2nd & 10 at PHI 35,13:32 1st Shotgun,— T.McKee sacked at PHI 26 for -9 yards (sack split by A.Powell-Ryland and I.Foskey).
2026,PRESEASON WEEK 3,Friday,August 28th,CIN,PHI,1st Quarter,1,Philadelphia Eagles,0,6,0,Pass Incomplete,3rd & 19 at PHI 26,12:50 1st Shotgun,— T.McKee pass incomplete short right to D.Pierce.
2026,PRESEASON WEEK 3,Friday,August 28th,CIN,PHI,1st Quarter,1,Philadelphia Eagles,0,7,0,Punt,4th & 19 at PHI 26,12:44 1st,"— B.Mann punts 53 yards to CIN 21, Center-R.Underwood. Cha.Jones to CIN 29 for 8 yards (M.McWilliams)."
2026,PRESEASON WEEK 3,Friday,August 28th,CIN,PHI,1st Quarter,2,Cincinnati Bengals,1,1,0,7 Yard Run,1st & 10 at CIN 29,12:33 1st,— T.Brooks right guard to CIN 36 for 7 yards (M.McWilliams).
2026,PRESEASON WEEK 3,Friday,August 28th,CIN,PHI,1st Quarter,2,Cincinnati Bengals,1,2,0,1 Yard Run,2nd & 3 at CIN 36,11:57 1st,— T.Brooks right tackle to CIN 37 for 1 yard (M.Carter; C.Campbell).
2026,PRESEASON WEEK 3,Friday,August 28th,CIN,PHI,1st Quarter,2,Cincinnati Bengals,1,3,0,-5 Yard Penalty,3rd & 2 at CIN 37,11:11 1st Shotgun,"— PENALTY on CIN-C.Lew, False Start, 5 yards, enforced at CIN 37 - No Play."
2026,PRESEASON WEEK 3,Friday,August 28th,CIN,PHI,1st Quarter,2,Cincinnati Bengals,1,4,0,9 Yard Pass,3rd & 7 at CIN 32,10:57 1st Shotgun,— J.Johnson pass short left to D.Meyers to CIN 41 for 9 yards (K.Gushiken).
2026,PRESEASON WEEK 3,Friday,August 28th,CIN,PHI,1st Quarter,2,Cincinnati Bengals,1,5,0,Pass Incomplete,1st & 10 at CIN 41,10:14 1st,— J.Johnson pass incomplete short left to C.Young (K.Ringo).
2026,PRESEASON WEEK 3,Friday,August 28th,CIN,PHI,1st Quarter,2,Cincinnati Bengals,1,6,0,17 Yard Pass,2nd & 10 at CIN 41,10:09 1st Shotgun,— J.Johnson pass short left to D.Meyers to PHI 42 for 17 yards (K.Gushiken).
2026,PRESEASON WEEK 3,Friday,August 28th,CIN,PHI,1st Quarter,2,Cincinnati Bengals,1,7,0,25 Yard Pass,1st & 10 at PHI 42,09:28 1st,— J.Johnson pass deep left to D.Meyers pushed ob at PHI 17 for 25 yards (M.McWilliams).
2026,PRESEASON WEEK 3,Friday,August 28th,CIN,PHI,1st Quarter,2,Cincinnati Bengals,1,8,0,-2 Yard Run,1st & 10 at PHI 17,08:54 1st,"— T.Brooks right end to PHI 19 for -2 yards (Z.Wilson, A.Epenesa)."
2026,PRESEASON WEEK 3,Friday,August 28th,CIN,PHI,1st Quarter,2,Cincinnati Bengals,1,9,0,8 Yard Pass,2nd & 12 at PHI 19,08:14 1st Shotgun,— J.Johnson pass short left to J.Endries to PHI 11 for 8 yards (C.Campbell).
2026,PRESEASON WEEK 3,Friday,August 28th,CIN,PHI,1st Quarter,2,Cincinnati Bengals,1,10,0,Pass Incomplete,3rd & 4 at PHI 11,07:35 1st Shotgun,— J.Johnson pass incomplete short left to J.Endries.
2026,PRESEASON WEEK 3,Friday,August 28th,CIN,PHI,1st Quarter,2,Cincinnati Bengals,1,11,1,Field Goal,4th & 4 at PHI 11,07:30 1st,"— E.McPherson 29 yard field goal is GOOD, Center-W.Wagner, Holder-R.Rehkow."
2026,PRESEASON WEEK 3,Friday,August 28th,CIN,PHI,1st Quarter,3,Philadelphia Eagles,0,1,0,Kickoff from CIN 35,,Kickoff,"— E.McPherson kicks 65 yards from CIN 35 to end zone, Touchback to the PHI 35."
2026,PRESEASON WEEK 3,Friday,August 28th,CIN,PHI,1st Quarter,3,Philadelphia Eagles,0,2,0,Pass Incomplete,1st & 10 at PHI 35,07:27 1st Shotgun,— T.McKee pass incomplete short right to E.Jenkins.
2026,PRESEASON WEEK 3,Friday,August 28th,CIN,PHI,1st Quarter,3,Philadelphia Eagles,0,3,0,-1 Yard Pass,2nd & 10 at PHI 35,07:24 1st,"— T.McKee pass short left to M.Lemon to PHI 34 for -1 yards (S.Bozeman, S.Heyward)."
2026,PRESEASON WEEK 3,Friday,August 28th,CIN,PHI,1st Quarter,3,Philadelphia Eagles,0,4,0,Pass Incomplete,3rd & 11 at PHI 34,06:47 1st Shotgun,— T.McKee pass incomplete deep left to D.Gray (J.Newton).
2026,PRESEASON WEEK 3,Friday,August 28th,CIN,PHI,1st Quarter,3,Philadelphia Eagles,0,5,0,Punt,4th & 11 at PHI 34,06:42 1st,"— B.Mann punts 60 yards to CIN 6, Center-R.Underwood. Cha.Jones to CIN 14 for 8 yards (K.Gushiken). PENALTY on CIN-P.Jules, Offensive Holding, 3 yards, enforced at CIN 6."
2026,PRESEASON WEEK 3,Friday,August 28th,CIN,PHI,1st Quarter,4,Cincinnati Bengals,1,1,0,2 Yard Run,1st & 10 at CIN 3,06:29 1st,— T.Brooks right guard to CIN 5 for 2 yards (T.Jackson).
2026,PRESEASON WEEK 3,Friday,August 28th,CIN,PHI,1st Quarter,4,Cincinnati Bengals,1,2,0,9 Yard Pass,2nd & 8 at CIN 5,05:52 1st Shotgun,— J.Johnson pass short right to C.Young ran ob at CIN 14 for 9 yards (M.McWilliams).
2026,PRESEASON WEEK 3,Friday,August 28th,CIN,PHI,1st Quarter,4,Cincinnati Bengals,1,3,0,-6 Yard Run,1st & 10 at CIN 14,05:25 1st,"— T.Brooks right guard to CIN 21 for 7 yards (D.Blay). PENALTY on CIN-J.Kattus, Offensive Holding, 10 yards, enforced at CIN 18."
2026,PRESEASON WEEK 3,Friday,August 28th,CIN,PHI,1st Quarter,4,Cincinnati Bengals,1,4,0,10 Yard Run,1st & 16 at CIN 8,05:04 1st,— T.Brooks right end to CIN 18 for 10 yards (A.Sam; M.McWilliams).
2026,PRESEASON WEEK 3,Friday,August 28th,CIN,PHI,1st Quarter,4,Cincinnati Bengals,1,5,0,6 Yard Pass,2nd & 6 at CIN 18,04:25 1st,— J.Johnson pass short right to K.Williams pushed ob at CIN 24 for 6 yards (M.McWilliams). (Virtual Measurement).
2026,PRESEASON WEEK 3,Friday,August 28th,CIN,PHI,1st Quarter,4,Cincinnati Bengals,1,6,0,3 Yard Pass,1st & 10 at CIN 24,03:53 1st,— J.Johnson pass short right to J.Endries to CIN 27 for 3 yards (S.Wade).
2026,PRESEASON WEEK 3,Friday,August 28th,CIN,PHI,1st Quarter,4,Cincinnati Bengals,1,7,0,31 Yard Pass,2nd & 7 at CIN 27,03:09 1st Shotgun,"— J.Johnson pass deep right to M.Tinsley to PHI 42 for 31 yards (S.Wade). FUMBLES (S.Wade), ball out of bounds at PHI 42. Philadelphia challenged the pass completion ruling, and the play was Upheld. The ruling on the field stands. (Timeout #1.)"
2026,PRESEASON WEEK 3,Friday,August 28th,CIN,PHI,1st Quarter,4,Cincinnati Bengals,1,8,0,8 Yard Run,1st & 10 at PHI 42,02:48 1st,"— K.Milton left tackle to PHI 39 for 3 yards (T.Robinson; K.James-Newby). PENALTY on PHI-J.Weru, Illegal Use of Hands, 5 yards, enforced at PHI 39."
2026,PRESEASON WEEK 3,Friday,August 28th,CIN,PHI,1st Quarter,4,Cincinnati Bengals,1,9,0,Pass Incomplete,1st & 10 at PHI 34,02:18 1st Shotgun,— J.Johnson pass incomplete deep right to C.Grandy (A.Sam).
2026,PRESEASON WEEK 3,Friday,August 28th,CIN,PHI,1st Quarter,4,Cincinnati Bengals,1,10,0,-6 Yard Pass,2nd & 10 at PHI 34,02:12 1st Shotgun,— J.Johnson pass short right to T.Brooks to PHI 40 for -6 yards (S.Mondon).
2026,PRESEASON WEEK 3,Friday,August 28th,CIN,PHI,1st Quarter,4,Cincinnati Bengals,1,11,0,Pass Incomplete,3rd & 16 at PHI 40,01:29 1st Shotgun,— J.Johnson pass incomplete deep right to C.Young.
2026,PRESEASON WEEK 3,Friday,August 28th,CIN,PHI,1st Quarter,4,Cincinnati Bengals,1,12,1,Field Goal,4th & 16 at PHI 40,01:23 1st,"— E.McPherson 58 yard field goal is GOOD, Center-W.Wagner, Holder-R.Rehkow."
2026,PRESEASON WEEK 3,Friday,August 28th,CIN,PHI,2nd Quarter,1,Philadelphia Eagles,0,1,0,Kickoff from CIN 35,,Kickoff,— E.McPherson kicks 60 yards from CIN 35 to PHI 5. E.Ezukanma to PHI 26 for 21 yards (B.Lux; G.Brightwell).
2026,PRESEASON WEEK 3,Friday,August 28th,CIN,PHI,2nd Quarter,1,Philadelphia Eagles,0,2,0,16 Yard Run,1st & 10 at PHI 26,01:10 1st,— D.Pierce right guard to PHI 42 for 16 yards (T.Davis; D.Anthony).
2026,PRESEASON WEEK 3,Friday,August 28th,CIN,PHI,2nd Quarter,1,Philadelphia Eagles,0,3,0,Pass Incomplete,1st & 10 at PHI 42,00:26 1st Shotgun,— T.McKee pass incomplete short left to D.Pierce.
2026,PRESEASON WEEK 3,Friday,August 28th,CIN,PHI,2nd Quarter,1,Philadelphia Eagles,0,4,0,8 Yard Run,2nd & 10 at PHI 42,00:21 1st Shotgun,— D.Pierce right guard to 50 for 8 yards (I.Foskey; D.Anthony).
2026,PRESEASON WEEK 3,Friday,August 28th,CIN,PHI,2nd Quarter,1,Philadelphia Eagles,0,5,0,12 Yard Run,3rd & 2 at 50,15:00 2nd Shotgun,— D.Pierce left guard to CIN 38 for 12 yards (P.Jules).
2026,PRESEASON WEEK 3,Friday,August 28th,CIN,PHI,2nd Quarter,1,Philadelphia Eagles,0,6,0,2 Yard Run,1st & 10 at CIN 38,14:17 2nd,— C.Steele left guard to CIN 36 for 2 yards (M.Jackson; S.Bozeman).
2026,PRESEASON WEEK 3,Friday,August 28th,CIN,PHI,2nd Quarter,1,Philadelphia Eagles,0,7,0,7 Yard Pass,2nd & 8 at CIN 36,13:34 2nd Shotgun,— T.McKee pass short left to C.Steele pushed ob at CIN 29 for 7 yards (T.Davis).
2026,PRESEASON WEEK 3,Friday,August 28th,CIN,PHI,2nd Quarter,1,Philadelphia Eagles,0,8,0,1 Yard Run,3rd & 1 at CIN 29,13:04 2nd Shotgun,— C.Steele up the middle to CIN 28 for 1 yard (L.Robinson; B.Lux).
2026,PRESEASON WEEK 3,Friday,August 28th,CIN,PHI,2nd Quarter,1,Philadelphia Eagles,0,9,0,-2 Yard Pass,1st & 10 at CIN 28,12:25 2nd Shotgun,— T.McKee pass short left to C.Steele to CIN 30 for -2 yards (T.Davis).
2026,PRESEASON WEEK 3,Friday,August 28th,CIN,PHI,2nd Quarter,1,Philadelphia Eagles,0,10,0,5 Yard Pass,2nd & 12 at CIN 30,11:49 2nd Shotgun,— T.McKee pass short middle to E.Moore to CIN 25 for 5 yards (S.Bozeman; P.Jules).
2026,PRESEASON WEEK 3,Friday,August 28th,CIN,PHI,2nd Quarter,1,Philadelphia Eagles,0,11,0,Interception,3rd & 7 at CIN 25,11:10 2nd Shotgun,— T.McKee pass short left intended for M.Lemon INTERCEPTED by T.Davis at CIN 21. T.Davis to CIN 36 for 15 yards (T.McKee).
2026,PRESEASON WEEK 3,Friday,August 28th,CIN,PHI,2nd Quarter,2,Cincinnati Bengals,1,1,0,5 Yard Run,1st & 10 at CIN 36,11:03 2nd,— G.Brightwell right guard to CIN 41 for 5 yards (C.Campbell).
2026,PRESEASON WEEK 3,Friday,August 28th,CIN,PHI,2nd Quarter,2,Cincinnati Bengals,1,2,0,18 Yard Pass,2nd & 5 at CIN 41,10:23 2nd,— J.Johnson pass short left to N.Thomas to PHI 41 for 18 yards (S.Wade; M.Pulley).
2026,PRESEASON WEEK 3,Friday,August 28th,CIN,PHI,2nd Quarter,2,Cincinnati Bengals,1,3,0,14 Yard Pass,1st & 10 at PHI 41,09:42 2nd,— J.Johnson pass short right to N.Thomas to PHI 27 for 14 yards (M.McWilliams).
2026,PRESEASON WEEK 3,Friday,August 28th,CIN,PHI,2nd Quarter,2,Cincinnati Bengals,1,4,0,6 Yard Run,1st & 10 at PHI 27,09:06 2nd,— G.Brightwell right guard to PHI 21 for 6 yards (D.Lawson).
2026,PRESEASON WEEK 3,Friday,August 28th,CIN,PHI,2nd Quarter,2,Cincinnati Bengals,1,5,0,2 Yard Run,2nd & 4 at PHI 21,08:24 2nd,— G.Brightwell right tackle to PHI 19 for 2 yards (T.Jackson).
2026,PRESEASON WEEK 3,Friday,August 28th,CIN,PHI,2nd Quarter,2,Cincinnati Bengals,1,6,0,3 Yard Run,3rd & 2 at PHI 19,07:42 2nd Shotgun,— K.Milton right guard to PHI 16 for 3 yards (J.Weru).
2026,PRESEASON WEEK 3,Friday,August 28th,CIN,PHI,2nd Quarter,2,Cincinnati Bengals,1,7,0,Sack,1st & 10 at PHI 16,07:01 2nd,— J.Johnson sacked at PHI 16 for 0 yards (K.James-Newby).
2026,PRESEASON WEEK 3,Friday,August 28th,CIN,PHI,2nd Quarter,2,Cincinnati Bengals,1,8,0,Pass Incomplete,2nd & 10 at PHI 16,06:22 2nd Shotgun,— J.Johnson pass incomplete deep left.
2026,PRESEASON WEEK 3,Friday,August 28th,CIN,PHI,2nd Quarter,2,Cincinnati Bengals,1,9,0,Pass Incomplete,3rd & 10 at PHI 16,06:16 2nd Shotgun,— J.Johnson pass incomplete short right to N.Thomas.
2026,PRESEASON WEEK 3,Friday,August 28th,CIN,PHI,2nd Quarter,2,Cincinnati Bengals,1,10,1,Field Goal,4th & 10 at PHI 16,06:12 2nd,"— E.McPherson 34 yard field goal is GOOD, Center-W.Wagner, Holder-R.Rehkow."
2026,PRESEASON WEEK 3,Friday,August 28th,CIN,PHI,2nd Quarter,3,Philadelphia Eagles,0,1,0,Kickoff from CIN 35,,Kickoff,— E.McPherson kicks 60 yards from CIN 35 to PHI 5. E.Ezukanma to PHI 36 for 31 yards (S.Heyward).
2026,PRESEASON WEEK 3,Friday,August 28th,CIN,PHI,2nd Quarter,3,Philadelphia Eagles,0,2,0,1 Yard Run,1st & 10 at PHI 36,06:03 2nd,— C.Steele left tackle to PHI 37 for 1 yard (H.Cross; L.Robinson).
2026,PRESEASON WEEK 3,Friday,August 28th,CIN,PHI,2nd Quarter,3,Philadelphia Eagles,0,3,0,1 Yard Pass,2nd & 9 at PHI 37,05:27 2nd,— T.McKee pass short middle to M.Lemon to PHI 38 for 1 yard (B.Lux).
2026,PRESEASON WEEK 3,Friday,August 28th,CIN,PHI,2nd Quarter,3,Philadelphia Eagles,0,4,0,5 Yard Pass,3rd & 8 at PHI 38,04:52 2nd Shotgun,— T.McKee pass short left to E.Moore to PHI 43 for 5 yards (J.Kimber).
2026,PRESEASON WEEK 3,Friday,August 28th,CIN,PHI,2nd Quarter,3,Philadelphia Eagles,0,5,0,Punt,4th & 3 at PHI 43,04:18 2nd,"— B.Mann punts 47 yards to CIN 10, Center-R.Underwood. Cha.Jones to CIN 41 for 31 yards (E.Ezukanma)."
2026,PRESEASON WEEK 3,Friday,August 28th,CIN,PHI,2nd Quarter,4,Cincinnati Bengals,0,1,0,2 Yard Run,1st & 10 at CIN 41,04:04 2nd,— G.Brightwell left guard to CIN 43 for 2 yards (D.Lawson; Z.Wilson).
2026,PRESEASON WEEK 3,Friday,August 28th,CIN,PHI,2nd Quarter,4,Cincinnati Bengals,0,2,0,Pass Incomplete,2nd & 8 at CIN 43,03:26 2nd Shotgun,"— J.Johnson pass short left to M.Tinsley to CIN 47 for 4 yards (S.Wade). Philadelphia challenged the pass completion ruling, and the play was REVERSED. (Shotgun) J.Johnson pass incomplete short left to M.Tinsley (S.Wade)."
2026,PRESEASON WEEK 3,Friday,August 28th,CIN,PHI,2nd Quarter,4,Cincinnati Bengals,0,3,0,-6 Yard Penalty,3rd & 8 at CIN 43,03:21 2nd Shotgun,"— PENALTY on CIN-J.Bayer, False Start, 6 yards, enforced at CIN 43 - No Play."
2026,PRESEASON WEEK 3,Friday,August 28th,CIN,PHI,2nd Quarter,4,Cincinnati Bengals,0,4,0,22 Yard Pass,3rd & 14 at CIN 37,03:21 2nd Shotgun,— J.Johnson pass deep right to K.Williams to PHI 41 for 22 yards (K.Gushiken).
2026,PRESEASON WEEK 3,Friday,August 28th,CIN,PHI,2nd Quarter,4,Cincinnati Bengals,0,5,0,Fumble,1st & 10 at PHI 41,02:43 2nd Shotgun,"— G.Brightwell up the middle to PHI 39 for 2 yards (D.Lawson). FUMBLES (D.Lawson), RECOVERED by PHI-A.Sam at PHI 39. A.Sam to PHI 38 for -1 yards."
2026,PRESEASON WEEK 3,Friday,August 28th,CIN,PHI,2nd Quarter,5,Philadelphia Eagles,1,1,0,8 Yard Pass,1st & 10 at PHI 38,02:25 2nd,— T.McKee pass short right to C.Steele to PHI 46 for 8 yards (S.Heyward).
2026,PRESEASON WEEK 3,Friday,August 28th,CIN,PHI,2nd Quarter,5,Philadelphia Eagles,1,2,0,17 Yard Pass,2nd & 2 at PHI 46,02:00 2nd Shotgun,— T.McKee pass short middle to C.Steele to CIN 37 for 17 yards (R.Yeast; D.Anthony).
2026,PRESEASON WEEK 3,Friday,August 28th,CIN,PHI,2nd Quarter,5,Philadelphia Eagles,1,3,0,Pass Incomplete,1st & 10 at CIN 37,"01:39 2nd No Huddle, Shotgun","— T.McKee sacked at CIN 37 for 0 yards (A.Powell-Ryland). FUMBLES (A.Powell-Ryland), touched at CIN 32, and recovers at CIN 37. T.McKee to CIN 40 for -3 yards. The Replay Official reviewed the fumble ruling, and the play was REVERSED. (No Huddle, Shotgun) T.McKee pass incomplete short middle to Q.Watkins (A.Powell-Ryland)."
2026,PRESEASON WEEK 3,Friday,August 28th,CIN,PHI,2nd Quarter,5,Philadelphia Eagles,1,4,0,0 Yard Pass,2nd & 10 at CIN 37,01:37 2nd Shotgun,— T.McKee pass short right to D.Gray to CIN 37 for no gain (B.Lux).
2026,PRESEASON WEEK 3,Friday,August 28th,CIN,PHI,2nd Quarter,5,Philadelphia Eagles,1,5,0,Timeout,,01:26 2nd,— Timeout #1 by CIN at 01:26.
2026,PRESEASON WEEK 3,Friday,August 28th,CIN,PHI,2nd Quarter,5,Philadelphia Eagles,1,6,0,10 Yard Pass,3rd & 10 at CIN 37,01:26 2nd Shotgun,— T.McKee pass short right to C.Latu pushed ob at CIN 27 for 10 yards (S.Heyward).
2026,PRESEASON WEEK 3,Friday,August 28th,CIN,PHI,2nd Quarter,5,Philadelphia Eagles,1,7,0,Pass Incomplete,1st & 10 at CIN 27,01:20 2nd Shotgun,— T.McKee pass incomplete short right to C.Latu.
2026,PRESEASON WEEK 3,Friday,August 28th,CIN,PHI,2nd Quarter,5,Philadelphia Eagles,1,8,0,Pass Incomplete,2nd & 10 at CIN 27,01:16 2nd Shotgun,— T.McKee pass incomplete deep right to B.Covey.
2026,PRESEASON WEEK 3,Friday,August 28th,CIN,PHI,2nd Quarter,5,Philadelphia Eagles,1,9,0,5 Yard Penalty,3rd & 10 at CIN 27,01:11 2nd Shotgun,"— T.McKee pass short right to E.Jenkins pushed ob at CIN 19 for 8 yards (S.Heyward). PENALTY on CIN-T.Davis, Defensive Holding, 5 yards, enforced at CIN 27 - No Play."
2026,PRESEASON WEEK 3,Friday,August 28th,CIN,PHI,2nd Quarter,5,Philadelphia Eagles,1,10,0,2 Yard Pass,1st & 10 at CIN 22,01:03 2nd Shotgun,— T.McKee pass short right to C.Steele to CIN 20 for 2 yards (S.Heyward).
2026,PRESEASON WEEK 3,Friday,August 28th,CIN,PHI,2nd Quarter,5,Philadelphia Eagles,1,11,0,Pass Incomplete,2nd & 8 at CIN 20,"00:45 2nd No Huddle, Shotgun",— T.McKee pass incomplete deep left.
2026,PRESEASON WEEK 3,Friday,August 28th,CIN,PHI,2nd Quarter,5,Philadelphia Eagles,1,12,0,-7 Yard Sack,3rd & 8 at CIN 20,00:36 2nd Shotgun,— T.McKee sacked at CIN 27 for -7 yards (I.Foskey).
2026,PRESEASON WEEK 3,Friday,August 28th,CIN,PHI,2nd Quarter,5,Philadelphia Eagles,1,13,0,Timeout,,00:02 2nd,— Timeout #2 by PHI at 00:02.
2026,PRESEASON WEEK 3,Friday,August 28th,CIN,PHI,2nd Quarter,5,Philadelphia Eagles,1,14,1,Field Goal,4th & 15 at CIN 27,00:02 2nd,"— J.Elliott 45 yard field goal is GOOD, Center-R.Underwood, Holder-B.Mann."
2026,PRESEASON WEEK 3,Friday,August 28th,CIN,PHI,3rd Quarter,1,Cincinnati Bengals,0,1,0,Fumble,,Kickoff,"— J.Elliott kicks 62 yards from PHI 35 to CIN 3. T.Brooks to CIN 40 for 37 yards (J.Mims). FUMBLES (J.Mims), RECOVERED by PHI-A.Sam at CIN 43."
2026,PRESEASON WEEK 3,Friday,August 28th,CIN,PHI,3rd Quarter,2,Philadelphia Eagles,1,1,0,5 Yard Run,1st & 10 at CIN 43,14:50 3rd,— C.Steele left guard to CIN 38 for 5 yards (M.Jackson; J.Jefferson).
2026,PRESEASON WEEK 3,Friday,August 28th,CIN,PHI,3rd Quarter,2,Philadelphia Eagles,1,2,0,Pass Incomplete,2nd & 5 at CIN 38,14:09 3rd Shotgun,— A.Dalton pass incomplete short left to C.Steele.
2026,PRESEASON WEEK 3,Friday,August 28th,CIN,PHI,3rd Quarter,2,Philadelphia Eagles,1,3,0,Pass Incomplete,3rd & 5 at CIN 38,14:01 3rd Shotgun,— A.Dalton pass incomplete short left to B.Covey.
2026,PRESEASON WEEK 3,Friday,August 28th,CIN,PHI,3rd Quarter,2,Philadelphia Eagles,1,4,1,Field Goal,4th & 5 at CIN 38,13:57 3rd,"— J.Elliott 56 yard field goal is GOOD, Center-R.Underwood, Holder-B.Mann."
2026,PRESEASON WEEK 3,Friday,August 28th,CIN,PHI,3rd Quarter,3,Cincinnati Bengals,1,1,0,Kickoff from PHI 35,,Kickoff,— J.Elliott kicks 62 yards from PHI 35 to CIN 3. G.Brightwell to CIN 30 for 27 yards (D.Lawson).
2026,PRESEASON WEEK 3,Friday,August 28th,CIN,PHI,3rd Quarter,3,Cincinnati Bengals,1,2,0,1 Yard Run,1st & 10 at CIN 30,13:46 3rd,— K.Bullock left guard to CIN 31 for 1 yard (D.Lawson).
2026,PRESEASON WEEK 3,Friday,August 28th,CIN,PHI,3rd Quarter,3,Cincinnati Bengals,1,3,0,Pass Incomplete,2nd & 9 at CIN 31,13:10 3rd Shotgun,— S.Clifford pass incomplete short right to Cha.Jones (S.Wade).
2026,PRESEASON WEEK 3,Friday,August 28th,CIN,PHI,3rd Quarter,3,Cincinnati Bengals,1,4,0,17 Yard Pass,3rd & 9 at CIN 31,13:05 3rd Shotgun,— S.Clifford pass deep left to Cha.Jones to CIN 48 for 17 yards (A.Thomas).
2026,PRESEASON WEEK 3,Friday,August 28th,CIN,PHI,3rd Quarter,3,Cincinnati Bengals,1,5,0,0 Yard Pass,1st & 10 at CIN 48,12:28 3rd,— S.Clifford pass short left to K.Williams pushed ob at CIN 48 for no gain (S.Wade).
2026,PRESEASON WEEK 3,Friday,August 28th,CIN,PHI,3rd Quarter,3,Cincinnati Bengals,1,6,0,7 Yard Run,2nd & 10 at CIN 48,11:59 3rd Shotgun,— K.Bullock left guard to PHI 45 for 7 yards (K.Gushiken).
2026,PRESEASON WEEK 3,Friday,August 28th,CIN,PHI,3rd Quarter,3,Cincinnati Bengals,1,7,0,8 Yard Run,3rd & 3 at PHI 45,11:23 3rd Shotgun,— K.Bullock left guard to PHI 37 for 8 yards (K.Gushiken).
2026,PRESEASON WEEK 3,Friday,August 28th,CIN,PHI,3rd Quarter,3,Cincinnati Bengals,1,8,0,19 Yard Pass,1st & 10 at PHI 37,10:47 3rd,— S.Clifford pass deep left to Cha.Jones ran ob at PHI 18 for 19 yards.
2026,PRESEASON WEEK 3,Friday,August 28th,CIN,PHI,3rd Quarter,3,Cincinnati Bengals,1,9,0,6 Yard Run,1st & 10 at PHI 18,10:13 3rd Shotgun,— K.Bullock up the middle to PHI 12 for 6 yards (D.Blay).
2026,PRESEASON WEEK 3,Friday,August 28th,CIN,PHI,3rd Quarter,3,Cincinnati Bengals,1,10,0,2 Yard Run,2nd & 4 at PHI 12,09:29 3rd Shotgun,"— K.Bullock up the middle to PHI 10 for 2 yards (A.Sam). FUMBLES (A.Sam), touched at PHI 10, recovered by CIN-B.Parker at PHI 11. CIN-J.Endries was injured during the play."
2026,PRESEASON WEEK 3,Friday,August 28th,CIN,PHI,3rd Quarter,3,Cincinnati Bengals,1,11,1,Touchdown,3rd & 3 at PHI 11,08:47 3rd Shotgun,"— S.Clifford pass short left to K.Williams for 11 yards, TOUCHDOWN."
2026,PRESEASON WEEK 3,Friday,August 28th,CIN,PHI,3rd Quarter,3,Cincinnati Bengals,1,12,1,Extra Point,,08:40 3rd,"— E.McPherson extra point is GOOD, Center-W.Wagner, Holder-R.Rehkow."
2026,PRESEASON WEEK 3,Friday,August 28th,CIN,PHI,3rd Quarter,4,Philadelphia Eagles,1,1,0,Kickoff from CIN 35,,Kickoff,— E.McPherson kicks 63 yards from CIN 35 to PHI 2. T.Washington to PHI 24 for 22 yards (I.Foskey; M.Tinsley).
2026,PRESEASON WEEK 3,Friday,August 28th,CIN,PHI,3rd Quarter,4,Philadelphia Eagles,1,2,0,4 Yard Pass,1st & 10 at PHI 24,08:31 3rd,— A.Dalton pass short left to C.Steele to PHI 28 for 4 yards (J.Kimber; L.Anderson).
2026,PRESEASON WEEK 3,Friday,August 28th,CIN,PHI,3rd Quarter,4,Philadelphia Eagles,1,3,0,3 Yard Run,2nd & 6 at PHI 28,07:55 3rd,— C.Steele left tackle to PHI 31 for 3 yards (H.Cross; L.Robinson).
2026,PRESEASON WEEK 3,Friday,August 28th,CIN,PHI,3rd Quarter,4,Philadelphia Eagles,1,4,0,5 Yard Pass,3rd & 3 at PHI 31,07:16 3rd Shotgun,— A.Dalton pass short right to Q.Watkins to PHI 36 for 5 yards (B.Lux; M.McDoom).
2026,PRESEASON WEEK 3,Friday,August 28th,CIN,PHI,3rd Quarter,4,Philadelphia Eagles,1,5,0,Pass Incomplete,1st & 10 at PHI 36,06:34 3rd,— A.Dalton pass incomplete short left to C.Latu.
2026,PRESEASON WEEK 3,Friday,August 28th,CIN,PHI,3rd Quarter,4,Philadelphia Eagles,1,6,0,9 Yard Pass,2nd & 10 at PHI 36,06:28 3rd Shotgun,— A.Dalton pass short middle to S.Toure to PHI 45 for 9 yards (J.Kimber).
2026,PRESEASON WEEK 3,Friday,August 28th,CIN,PHI,3rd Quarter,4,Philadelphia Eagles,1,7,0,9 Yard Run,3rd & 1 at PHI 45,05:57 3rd Shotgun,— C.Steele right guard to CIN 46 for 9 yards (B.Lux; D.Anthony).
2026,PRESEASON WEEK 3,Friday,August 28th,CIN,PHI,3rd Quarter,4,Philadelphia Eagles,1,8,0,26 Yard Pass,1st & 10 at CIN 46,05:22 3rd,— A.Dalton pass short middle to D.Gray to CIN 20 for 26 yards (R.Yeast).
2026,PRESEASON WEEK 3,Friday,August 28th,CIN,PHI,3rd Quarter,4,Philadelphia Eagles,1,9,0,2 Yard Run,1st & 10 at CIN 20,04:44 3rd,— J.Mims up the middle to CIN 18 for 2 yards (J.Dingle; L.Anderson).
2026,PRESEASON WEEK 3,Friday,August 28th,CIN,PHI,3rd Quarter,4,Philadelphia Eagles,1,10,0,11 Yard Pass,2nd & 8 at CIN 18,04:06 3rd Shotgun,— A.Dalton pass short middle to B.Covey to CIN 7 for 11 yards (J.Dingle).
2026,PRESEASON WEEK 3,Friday,August 28th,CIN,PHI,3rd Quarter,4,Philadelphia Eagles,1,11,0,2 Yard Run,1st & 7 at CIN 7,03:28 3rd Shotgun,— C.Steele right guard to CIN 5 for 2 yards (J.Jefferson; M.Jackson).
2026,PRESEASON WEEK 3,Friday,August 28th,CIN,PHI,3rd Quarter,4,Philadelphia Eagles,1,12,1,Touchdown,2nd & 5 at CIN 5,02:48 3rd,"— A.Dalton pass short left to C.Steele for 5 yards, TOUCHDOWN."
2026,PRESEASON WEEK 3,Friday,August 28th,CIN,PHI,3rd Quarter,4,Philadelphia Eagles,1,13,1,Extra Point,,02:42 3rd,"— J.Elliott extra point is GOOD, Center-R.Underwood, Holder-B.Mann."
2026,PRESEASON WEEK 3,Friday,August 28th,CIN,PHI,3rd Quarter,5,Cincinnati Bengals,0,1,0,Kickoff from PHI 35,,Kickoff,"— J.Elliott kicks 65 yards from PHI 35 to landing zone to end zone, Touchback to the CIN 20. ** Injury Update: CIN-J.Endries has returned to the game."
2026,PRESEASON WEEK 3,Friday,August 28th,CIN,PHI,3rd Quarter,5,Cincinnati Bengals,0,2,0,6 Yard Run,1st & 10 at CIN 20,02:42 3rd,— K.Bullock up the middle to CIN 26 for 6 yards (A.Sam; Z.Wilson). PHI-A.Sam was injured during the play.
2026,PRESEASON WEEK 3,Friday,August 28th,CIN,PHI,3rd Quarter,5,Cincinnati Bengals,0,3,0,-5 Yard Penalty,2nd & 4 at CIN 26,02:03 3rd,"— PENALTY on CIN-A.Coker, False Start, 5 yards, enforced at CIN 26 - No Play."
2026,PRESEASON WEEK 3,Friday,August 28th,CIN,PHI,3rd Quarter,5,Cincinnati Bengals,0,4,0,Pass Incomplete,2nd & 9 at CIN 21,01:42 3rd Shotgun,— S.Clifford pass incomplete deep right to N.Thomas (A.Thomas) [G.Hall].
2026,PRESEASON WEEK 3,Friday,August 28th,CIN,PHI,3rd Quarter,5,Cincinnati Bengals,0,5,0,Pass Incomplete,3rd & 9 at CIN 21,01:34 3rd Shotgun,— S.Clifford pass incomplete short left to K.Williams.
2026,PRESEASON WEEK 3,Friday,August 28th,CIN,PHI,3rd Quarter,5,Cincinnati Bengals,0,6,0,Punt,4th & 9 at CIN 21,01:29 3rd,"— R.Rehkow punts 52 yards to PHI 27, Center-W.Wagner. M.Lemon MUFFS catch, and recovers at PHI 24. M.Lemon to PHI 24 for no gain (B.Lux)."
2026,PRESEASON WEEK 3,Friday,August 28th,CIN,PHI,4th Quarter,1,Philadelphia Eagles,0,1,0,1 Yard Run,1st & 10 at PHI 24,01:17 3rd,— C.Steele right tackle to PHI 25 for 1 yard (J.Jefferson; L.Anderson).
2026,PRESEASON WEEK 3,Friday,August 28th,CIN,PHI,4th Quarter,1,Philadelphia Eagles,0,2,0,6 Yard Pass,2nd & 9 at PHI 25,00:38 3rd Shotgun,— A.Dalton pass short right to S.Smartt to PHI 31 for 6 yards (L.Anderson).
2026,PRESEASON WEEK 3,Friday,August 28th,CIN,PHI,4th Quarter,1,Philadelphia Eagles,0,3,0,12 Yard Pass,3rd & 3 at PHI 31,15:00 4th Shotgun,— A.Dalton pass short right to D.Gray to PHI 43 for 12 yards (J.Kimber).
2026,PRESEASON WEEK 3,Friday,August 28th,CIN,PHI,4th Quarter,1,Philadelphia Eagles,0,4,0,-5 Yard Penalty,1st & 10 at PHI 43,14:30 4th No Huddle,"— PENALTY on PHI-Z.Correll, False Start, 5 yards, enforced at PHI 43 - No Play."
2026,PRESEASON WEEK 3,Friday,August 28th,CIN,PHI,4th Quarter,1,Philadelphia Eagles,0,5,0,4 Yard Pass,1st & 15 at PHI 38,14:29 4th Shotgun,— A.Dalton pass short right to S.Smartt pushed ob at PHI 42 for 4 yards (D.Anthony).
2026,PRESEASON WEEK 3,Friday,August 28th,CIN,PHI,4th Quarter,1,Philadelphia Eagles,0,6,0,2 Yard Pass,2nd & 11 at PHI 42,14:03 4th Shotgun,— A.Dalton pass short middle to Q.Watkins to PHI 44 for 2 yards (B.Lux).
2026,PRESEASON WEEK 3,Friday,August 28th,CIN,PHI,4th Quarter,1,Philadelphia Eagles,0,7,0,Pass Incomplete,3rd & 9 at PHI 44,13:25 4th Shotgun,— A.Dalton pass incomplete short right to Q.Watkins.
2026,PRESEASON WEEK 3,Friday,August 28th,CIN,PHI,4th Quarter,1,Philadelphia Eagles,0,8,0,Punt,4th & 9 at PHI 44,13:17 4th,"— B.Mann punts 40 yards to CIN 16, Center-R.Underwood. K.Williams to CIN 23 for 7 yards (M.Pulley)."
2026,PRESEASON WEEK 3,Friday,August 28th,CIN,PHI,4th Quarter,2,Cincinnati Bengals,1,1,0,7 Yard Run,1st & 10 at CIN 23,13:06 4th,— J.Haynes left tackle to CIN 30 for 7 yards (D.Blay).
2026,PRESEASON WEEK 3,Friday,August 28th,CIN,PHI,4th Quarter,2,Cincinnati Bengals,1,2,0,-10 Yard Penalty,2nd & 3 at CIN 30,12:27 4th Shotgun,"— J.Haynes left end to CIN 42 for 12 yards (B.George; M.Pulley). PENALTY on CIN-J.Kattus, Offensive Holding, 10 yards, enforced at CIN 30 - No Play."
2026,PRESEASON WEEK 3,Friday,August 28th,CIN,PHI,4th Quarter,2,Cincinnati Bengals,1,3,0,15 Yard Run,2nd & 13 at CIN 20,12:02 4th Shotgun,— J.Haynes up the middle to CIN 35 for 15 yards (M.Pulley).
2026,PRESEASON WEEK 3,Friday,August 28th,CIN,PHI,4th Quarter,2,Cincinnati Bengals,1,4,0,-5 Yard Penalty,1st & 10 at CIN 35,11:24 4th,"— PENALTY on CIN-B.Parker, False Start, 5 yards, enforced at CIN 35 - No Play."
2026,PRESEASON WEEK 3,Friday,August 28th,CIN,PHI,4th Quarter,2,Cincinnati Bengals,1,5,0,9 Yard Run,1st & 15 at CIN 30,11:24 4th Shotgun,— J.Haynes right guard to CIN 39 for 9 yards (A.Thomas; B.George).
2026,PRESEASON WEEK 3,Friday,August 28th,CIN,PHI,4th Quarter,2,Cincinnati Bengals,1,6,0,2 Yard Run,2nd & 6 at CIN 39,10:42 4th Shotgun,— J.Haynes right tackle to CIN 41 for 2 yards (Z.Wilson).
2026,PRESEASON WEEK 3,Friday,August 28th,CIN,PHI,4th Quarter,2,Cincinnati Bengals,1,7,0,6 Yard Pass,3rd & 4 at CIN 41,10:00 4th Shotgun,— S.Clifford pass short right to K.Pryor to CIN 47 for 6 yards (A.Thomas).
2026,PRESEASON WEEK 3,Friday,August 28th,CIN,PHI,4th Quarter,2,Cincinnati Bengals,1,8,0,5 Yard Penalty,1st & 10 at CIN 47,09:20 4th,"— S.Clifford pass short left to J.Endries to PHI 47 for 6 yards (D.Lawson). FUMBLES (D.Lawson), RECOVERED by PHI-B.George at PHI 47. PENALTY on PHI-A.Thomas, Defensive Holding, 5 yards, enforced at CIN 47 - No Play."
2026,PRESEASON WEEK 3,Friday,August 28th,CIN,PHI,4th Quarter,2,Cincinnati Bengals,1,9,0,25 Yard Run,1st & 10 at PHI 48,09:05 4th,— K.Bullock left guard ran ob at PHI 23 for 25 yards (M.Pulley).
2026,PRESEASON WEEK 3,Friday,August 28th,CIN,PHI,4th Quarter,2,Cincinnati Bengals,1,10,0,Timeout,,08:22 4th,— Timeout #1 by CIN at 08:22.
2026,PRESEASON WEEK 3,Friday,August 28th,CIN,PHI,4th Quarter,2,Cincinnati Bengals,1,11,0,5 Yard Run,1st & 10 at PHI 23,08:22 4th,— K.Bullock left guard to PHI 18 for 5 yards (D.Blay; B.George).
2026,PRESEASON WEEK 3,Friday,August 28th,CIN,PHI,4th Quarter,2,Cincinnati Bengals,1,12,0,3 Yard Run,2nd & 5 at PHI 18,07:43 4th,— K.Bullock left guard to PHI 15 for 3 yards (I.Bolden).
2026,PRESEASON WEEK 3,Friday,August 28th,CIN,PHI,4th Quarter,2,Cincinnati Bengals,1,13,0,Pass Incomplete,3rd & 2 at PHI 15,06:58 4th,— S.Clifford pass incomplete short left to K.Pryor [Z.Wilson].
2026,PRESEASON WEEK 3,Friday,August 28th,CIN,PHI,4th Quarter,2,Cincinnati Bengals,1,14,0,5 Yard Penalty,4th & 2 at PHI 15,06:51 4th Shotgun,"— S.Clifford pass incomplete short right to K.Pryor (A.Thomas). PENALTY on PHI-A.Thomas, Defensive Pass Interference, 5 yards, enforced at PHI 15 - No Play."
2026,PRESEASON WEEK 3,Friday,August 28th,CIN,PHI,4th Quarter,2,Cincinnati Bengals,1,15,0,4 Yard Run,1st & 10 at PHI 10,06:47 4th,— K.Bullock left guard to PHI 6 for 4 yards (M.Pulley).
2026,PRESEASON WEEK 3,Friday,August 28th,CIN,PHI,4th Quarter,2,Cincinnati Bengals,1,16,1,Touchdown,2nd & 6 at PHI 6,06:06 4th,"— K.Bullock right end for 6 yards, TOUCHDOWN."
2026,PRESEASON WEEK 3,Friday,August 28th,CIN,PHI,4th Quarter,2,Cincinnati Bengals,1,17,1,Extra Point,,05:59 4th,"— E.McPherson extra point is GOOD, Center-W.Wagner, Holder-R.Rehkow."
2026,PRESEASON WEEK 3,Friday,August 28th,CIN,PHI,4th Quarter,3,Philadelphia Eagles,0,1,0,Kickoff from CIN 35,,Kickoff,— E.McPherson kicks 67 yards from CIN 35 to PHI -2. T.Washington to PHI 20 for 22 yards (C.Grandy; E.Gentry).
2026,PRESEASON WEEK 3,Friday,August 28th,CIN,PHI,4th Quarter,3,Philadelphia Eagles,0,2,0,11 Yard Pass,1st & 10 at PHI 20,05:51 4th,— A.Dalton pass short right to C.Steele to PHI 31 for 11 yards (L.Anderson).
2026,PRESEASON WEEK 3,Friday,August 28th,CIN,PHI,4th Quarter,3,Philadelphia Eagles,0,3,0,Pass Incomplete,1st & 10 at PHI 31,"05:28 4th No Huddle, Shotgun",— A.Dalton pass incomplete short middle to Q.Watkins.
2026,PRESEASON WEEK 3,Friday,August 28th,CIN,PHI,4th Quarter,3,Philadelphia Eagles,0,4,0,9 Yard Pass,2nd & 10 at PHI 31,05:22 4th Shotgun,— A.Dalton pass short right to B.Covey to PHI 40 for 9 yards (J.Kimber).
2026,PRESEASON WEEK 3,Friday,August 28th,CIN,PHI,4th Quarter,3,Philadelphia Eagles,0,5,0,Pass Incomplete,3rd & 1 at PHI 40,"04:58 4th No Huddle, Shotgun",— A.Dalton pass incomplete short right.
2026,PRESEASON WEEK 3,Friday,August 28th,CIN,PHI,4th Quarter,3,Philadelphia Eagles,0,6,0,Pass Incomplete,4th & 1 at PHI 40,04:51 4th Shotgun,"— A.Dalton pass incomplete short middle to S.Toure (H.Cross). Penalty on PHI, Illegal Shift, declined."
2026,PRESEASON WEEK 3,Friday,August 28th,CIN,PHI,4th Quarter,4,Cincinnati Bengals,1,1,1,Touchdown,1st & 10 at PHI 39,04:46 4th,"— J.Haynes left guard for 39 yards, TOUCHDOWN. PHI-I.Bolden was injured during the play."
2026,PRESEASON WEEK 3,Friday,August 28th,CIN,PHI,4th Quarter,4,Cincinnati Bengals,1,2,1,Extra Point,,04:31 4th,"— E.McPherson extra point is GOOD, Center-W.Wagner, Holder-R.Rehkow."
2026,PRESEASON WEEK 3,Friday,August 28th,CIN,PHI,4th Quarter,5,Philadelphia Eagles,0,1,0,Kickoff from CIN 35,,Kickoff,— E.McPherson kicks 63 yards from CIN 35 to PHI 2. T.Washington to PHI 31 for 29 yards (E.Gentry; I.Foskey).
2026,PRESEASON WEEK 3,Friday,August 28th,CIN,PHI,4th Quarter,5,Philadelphia Eagles,0,2,0,Pass Incomplete,1st & 10 at PHI 31,04:25 4th Shotgun,— C.Payton pass incomplete short middle to S.Smartt.
2026,PRESEASON WEEK 3,Friday,August 28th,CIN,PHI,4th Quarter,5,Philadelphia Eagles,0,3,0,Pass Incomplete,2nd & 10 at PHI 31,04:20 4th Shotgun,— C.Payton pass incomplete short left [I.Foskey]. CIN-I.Foskey was injured during the play.
2026,PRESEASON WEEK 3,Friday,August 28th,CIN,PHI,4th Quarter,5,Philadelphia Eagles,0,4,0,-3 Yard Sack,3rd & 10 at PHI 31,04:12 4th Shotgun,— C.Payton sacked at PHI 28 for -3 yards (sack split by A.Powell-Ryland and L.Robinson).
2026,PRESEASON WEEK 3,Friday,August 28th,CIN,PHI,4th Quarter,5,Philadelphia Eagles,0,5,0,Punt,4th & 13 at PHI 28,03:28 4th,"— B.Mann punts 49 yards to CIN 23, Center-R.Underwood, fair catch by K.Williams."
2026,PRESEASON WEEK 3,Friday,August 28th,CIN,PHI,4th Quarter,6,Cincinnati Bengals,0,1,0,3 Yard Run,1st & 10 at CIN 23,03:20 4th,— K.Bullock left guard to CIN 26 for 3 yards (B.George).
2026,PRESEASON WEEK 3,Friday,August 28th,CIN,PHI,4th Quarter,6,Cincinnati Bengals,0,2,0,5 Yard Penalty,2nd & 7 at CIN 26,02:35 4th,"— PENALTY on PHI-Z.Wilson, Encroachment, 5 yards, enforced at CIN 26 - No Play."
2026,PRESEASON WEEK 3,Friday,August 28th,CIN,PHI,4th Quarter,6,Cincinnati Bengals,0,3,0,11 Yard Run,2nd & 2 at CIN 31,02:33 4th,"— K.Bullock up the middle to CIN 37 for 6 yards (M.Pulley). PENALTY on PHI-T.Jackson, Illegal Use of Hands, 5 yards, enforced at CIN 37."
2026,PRESEASON WEEK 3,Friday,August 28th,CIN,PHI,4th Quarter,6,Cincinnati Bengals,0,4,0,3 Yard Run,1st & 10 at CIN 42,02:27 4th,— K.Bullock left tackle to CIN 45 for 3 yards (J.Ramirez).
2026,PRESEASON WEEK 3,Friday,August 28th,CIN,PHI,4th Quarter,6,Cincinnati Bengals,0,5,0,3 Yard Run,2nd & 7 at CIN 45,02:00 4th,— J.Haynes right tackle to CIN 48 for 3 yards (M.Pulley; A.Thomas).
2026,PRESEASON WEEK 3,Friday,August 28th,CIN,PHI,4th Quarter,6,Cincinnati Bengals,0,6,0,3 Yard Run,3rd & 4 at CIN 48,01:13 4th,— J.Haynes right guard to PHI 49 for 3 yards (J.Ramirez).
2026,PRESEASON WEEK 3,Friday,August 28th,CIN,PHI,4th Quarter,6,Cincinnati Bengals,0,7,0,3 Yard Run,4th & 1 at PHI 49,00:28 4th,— S.Clifford up the middle to PHI 46 for 3 yards (B.George).
2026,PRESEASON WEEK 3,Friday,August 28th,AZ,GB,1st Quarter,1,Green Bay Packers,0,1,0,Kickoff from AZ 35,,Kickoff,"— C.Ryland kicks 65 yards from AZ 35 to end zone, Touchback to the GB 35."
2026,PRESEASON WEEK 3,Friday,August 28th,AZ,GB,1st Quarter,1,Green Bay Packers,0,2,0,1 Yard Run,1st & 10 at GB 35,15:00 1st,— P.Strong right guard to GB 36 for 1 yard (Jo.Williams).
2026,PRESEASON WEEK 3,Friday,August 28th,AZ,GB,1st Quarter,1,Green Bay Packers,0,3,0,Pass Incomplete,2nd & 9 at GB 36,14:29 1st,— K.McCord pass incomplete deep left to B.Melton [E.Leota].
2026,PRESEASON WEEK 3,Friday,August 28th,AZ,GB,1st Quarter,1,Green Bay Packers,0,4,0,Pass Incomplete,3rd & 9 at GB 36,14:24 1st Shotgun,— K.McCord pass incomplete deep right to B.Melton.
2026,PRESEASON WEEK 3,Friday,August 28th,AZ,GB,1st Quarter,1,Green Bay Packers,0,5,0,Punt,4th & 9 at GB 36,14:18 1st,"— D.Whelan punts 55 yards to AZ 9, Center-C.Adomitis. I.Smith-Marsette to AZ 12 for 3 yards (T.Quinn). FUMBLES (T.Quinn), ball out of bounds at AZ 14."
2026,PRESEASON WEEK 3,Friday,August 28th,AZ,GB,1st Quarter,2,Arizona Cardinals,1,1,0,2 Yard Run,1st & 10 at AZ 12,14:09 1st,— C.Kiner right tackle to AZ 14 for 2 yards (C.McClellan; K.Oladapo).
2026,PRESEASON WEEK 3,Friday,August 28th,AZ,GB,1st Quarter,2,Arizona Cardinals,1,2,0,13 Yard Pass,2nd & 8 at AZ 14,13:33 1st Shotgun,— G.Minshew pass short right to J.Brooks pushed ob at AZ 27 for 13 yards (N.Niemann).
2026,PRESEASON WEEK 3,Friday,August 28th,AZ,GB,1st Quarter,2,Arizona Cardinals,1,3,0,14 Yard Pass,1st & 10 at AZ 27,13:03 1st,— G.Minshew pass short right to J.Brooks ran ob at AZ 41 for 14 yards.
2026,PRESEASON WEEK 3,Friday,August 28th,AZ,GB,1st Quarter,2,Arizona Cardinals,1,4,0,5 Yard Run,1st & 10 at AZ 41,12:35 1st Shotgun,— C.Kiner left end to AZ 46 for 5 yards (T.Hopper; N.Niemann).
2026,PRESEASON WEEK 3,Friday,August 28th,AZ,GB,1st Quarter,2,Arizona Cardinals,1,5,0,10 Yard Pass,2nd & 5 at AZ 46,12:01 1st,— G.Minshew pass short right to J.Brooks to GB 44 for 10 yards (K.Oladapo).
2026,PRESEASON WEEK 3,Friday,August 28th,AZ,GB,1st Quarter,2,Arizona Cardinals,1,6,0,9 Yard Pass,1st & 10 at GB 44,11:30 1st Shotgun,— G.Minshew pass short right to E.Higgins to GB 35 for 9 yards (D.Jackson; N.Niemann).
2026,PRESEASON WEEK 3,Friday,August 28th,AZ,GB,1st Quarter,2,Arizona Cardinals,1,7,0,16 Yard Run,2nd & 1 at GB 35,10:43 1st,— C.Kiner left guard to GB 19 for 16 yards (M.Kenion).
2026,PRESEASON WEEK 3,Friday,August 28th,AZ,GB,1st Quarter,2,Arizona Cardinals,1,8,0,Pass Incomplete,1st & 10 at GB 19,10:05 1st,— G.Minshew pass incomplete short right to E.Higgins.
2026,PRESEASON WEEK 3,Friday,August 28th,AZ,GB,1st Quarter,2,Arizona Cardinals,1,9,0,-10 Yard Sack,2nd & 10 at GB 19,10:00 1st Shotgun,— G.Minshew sacked at GB 29 for -10 yards (D.Dennis-Sutton).
2026,PRESEASON WEEK 3,Friday,August 28th,AZ,GB,1st Quarter,2,Arizona Cardinals,1,10,0,5 Yard Penalty,3rd & 20 at GB 29,09:15 1st Shotgun,"— C.Kiner up the middle to GB 19 for 10 yards (M.Perry; N.Niemann). PENALTY on GB-D.Dennis-Sutton, Defensive Offside, 5 yards, enforced at GB 29 - No Play."
2026,PRESEASON WEEK 3,Friday,August 28th,AZ,GB,1st Quarter,2,Arizona Cardinals,1,11,0,7 Yard Run,3rd & 15 at GB 24,08:43 1st Shotgun,— C.Kiner right guard to GB 17 for 7 yards (T.Hopper; N.Kelly).
2026,PRESEASON WEEK 3,Friday,August 28th,AZ,GB,1st Quarter,2,Arizona Cardinals,1,12,1,Field Goal,4th & 8 at GB 17,08:03 1st,"— C.Ryland 35 yard field goal is GOOD, Center-C.Kreiter, Holder-B.Gillikin."
2026,PRESEASON WEEK 3,Friday,August 28th,AZ,GB,1st Quarter,3,Green Bay Packers,1,1,0,Kickoff from AZ 35,,Kickoff,"— C.Ryland kicks 65 yards from AZ 35 to end zone, Touchback to the GB 35."
2026,PRESEASON WEEK 3,Friday,August 28th,AZ,GB,1st Quarter,3,Green Bay Packers,1,2,0,9 Yard Run,1st & 10 at GB 35,08:00 1st,"— P.Strong left guard to GB 39 for 4 yards (K.Sharar; C.Robertson). PENALTY on AZ-Jo.Williams, Defensive Holding, 5 yards, enforced at GB 39."
2026,PRESEASON WEEK 3,Friday,August 28th,AZ,GB,1st Quarter,3,Green Bay Packers,1,3,0,Pass Incomplete,1st & 10 at GB 44,07:38 1st,— K.McCord pass incomplete deep right to J.Sturdivant.
2026,PRESEASON WEEK 3,Friday,August 28th,AZ,GB,1st Quarter,3,Green Bay Packers,1,4,0,4 Yard Pass,2nd & 10 at GB 44,07:34 1st Shotgun,— K.McCord pass short right to D.Dabney to GB 48 for 4 yards (I.Oliver).
2026,PRESEASON WEEK 3,Friday,August 28th,AZ,GB,1st Quarter,3,Green Bay Packers,1,5,0,12 Yard Pass,3rd & 6 at GB 48,06:59 1st Shotgun,— K.McCord pass short middle to W.Sheppard to AZ 40 for 12 yards (K.Sharar).
2026,PRESEASON WEEK 3,Friday,August 28th,AZ,GB,1st Quarter,3,Green Bay Packers,1,6,0,1 Yard Run,1st & 10 at AZ 40,06:18 1st,— P.Strong left tackle to AZ 39 for 1 yard (O.Pappoe).
2026,PRESEASON WEEK 3,Friday,August 28th,AZ,GB,1st Quarter,3,Green Bay Packers,1,7,0,6 Yard Run,2nd & 9 at AZ 39,05:43 1st,— P.Strong right tackle to AZ 33 for 6 yards (K.Sharar).
2026,PRESEASON WEEK 3,Friday,August 28th,AZ,GB,1st Quarter,3,Green Bay Packers,1,8,0,9 Yard Pass,3rd & 3 at AZ 33,05:07 1st Shotgun,— K.McCord pass short right to I.Neyor to AZ 24 for 9 yards (E.Jones).
2026,PRESEASON WEEK 3,Friday,August 28th,AZ,GB,1st Quarter,3,Green Bay Packers,1,9,0,-4 Yard Pass,1st & 10 at AZ 24,04:31 1st,— K.McCord pass short right to P.Strong to AZ 28 for -4 yards (K.Sharar).
2026,PRESEASON WEEK 3,Friday,August 28th,AZ,GB,1st Quarter,3,Green Bay Packers,1,10,0,2 Yard Pass,2nd & 14 at AZ 28,03:46 1st Shotgun,— K.McCord pass short left to W.Sheppard to AZ 26 for 2 yards (O.Pappoe).
2026,PRESEASON WEEK 3,Friday,August 28th,AZ,GB,1st Quarter,3,Green Bay Packers,1,11,0,8 Yard Run,3rd & 12 at AZ 26,03:07 1st Shotgun,— J.Nixon left tackle to AZ 18 for 8 yards (K.Clark).
2026,PRESEASON WEEK 3,Friday,August 28th,AZ,GB,1st Quarter,3,Green Bay Packers,1,12,1,Field Goal,4th & 4 at AZ 18,02:19 1st,"— T.Smack 36 yard field goal is GOOD, Center-C.Adomitis, Holder-D.Whelan."
2026,PRESEASON WEEK 3,Friday,August 28th,AZ,GB,2nd Quarter,1,Arizona Cardinals,1,1,0,Kickoff from GB 35,,Kickoff,"— T.Smack kicks 62 yards from GB 35 to AZ 3. I.Smith-Marsette to AZ 25 for 22 yards (K.Hadden). PENALTY on AZ-E.Leota, Offensive Holding, 10 yards, enforced at AZ 25."
2026,PRESEASON WEEK 3,Friday,August 28th,AZ,GB,2nd Quarter,1,Arizona Cardinals,1,2,0,20 Yard Pass,1st & 10 at AZ 15,02:11 1st Shotgun,— G.Minshew pass short middle to J.Brooks to AZ 35 for 20 yards (M.Perry).
2026,PRESEASON WEEK 3,Friday,August 28th,AZ,GB,2nd Quarter,1,Arizona Cardinals,1,3,0,Pass Incomplete,1st & 10 at AZ 35,01:32 1st Shotgun,— G.Minshew pass incomplete deep left to S.Fehoko.
2026,PRESEASON WEEK 3,Friday,August 28th,AZ,GB,2nd Quarter,1,Arizona Cardinals,1,4,0,5 Yard Run,2nd & 10 at AZ 35,01:28 1st,— C.Kiner left tackle to AZ 40 for 5 yards (M.Kenion).
2026,PRESEASON WEEK 3,Friday,August 28th,AZ,GB,2nd Quarter,1,Arizona Cardinals,1,5,0,19 Yard Pass,3rd & 5 at AZ 40,00:43 1st Shotgun,— G.Minshew pass short middle to I.Smith-Marsette to GB 41 for 19 yards (K.Welch).
2026,PRESEASON WEEK 3,Friday,August 28th,AZ,GB,2nd Quarter,1,Arizona Cardinals,1,6,1,Touchdown,1st & 10 at GB 41,15:00 2nd,"— G.Minshew pass deep right to S.Fehoko for 41 yards, TOUCHDOWN."
2026,PRESEASON WEEK 3,Friday,August 28th,AZ,GB,2nd Quarter,1,Arizona Cardinals,1,7,1,Extra Point,,14:54 2nd,"— C.Ryland extra point is GOOD, Center-C.Kreiter, Holder-B.Gillikin."
2026,PRESEASON WEEK 3,Friday,August 28th,AZ,GB,2nd Quarter,2,Green Bay Packers,1,1,0,Kickoff from AZ 35,,Kickoff,"— C.Ryland kicks 65 yards from AZ 35 to end zone, Touchback to the GB 35."
2026,PRESEASON WEEK 3,Friday,August 28th,AZ,GB,2nd Quarter,2,Green Bay Packers,1,2,0,36 Yard Pass,1st & 10 at GB 35,14:54 2nd,— K.McCord pass deep middle to J.Sturdivant to AZ 29 for 36 yards (I.Oliver; E.Jones).
2026,PRESEASON WEEK 3,Friday,August 28th,AZ,GB,2nd Quarter,2,Green Bay Packers,1,3,1,Touchdown,1st & 10 at AZ 29,14:11 2nd Shotgun,"— K.McCord pass deep left to J.Sturdivant for 29 yards, TOUCHDOWN."
2026,PRESEASON WEEK 3,Friday,August 28th,AZ,GB,2nd Quarter,2,Green Bay Packers,1,4,1,Extra Point,,14:06 2nd,"— T.Smack extra point is GOOD, Center-C.Adomitis, Holder-D.Whelan."
2026,PRESEASON WEEK 3,Friday,August 28th,AZ,GB,2nd Quarter,3,Arizona Cardinals,1,1,0,Kickoff from GB 35,,Kickoff,— T.Smack kicks 60 yards from GB 35 to AZ 5. H.Wallace to AZ 24 for 19 yards (D.Dennis-Sutton).
2026,PRESEASON WEEK 3,Friday,August 28th,AZ,GB,2nd Quarter,3,Arizona Cardinals,1,2,0,9 Yard Run,1st & 10 at AZ 24,14:02 2nd Shotgun,— K.Slovis scrambles right end to AZ 33 for 9 yards (N.Stackhouse).
2026,PRESEASON WEEK 3,Friday,August 28th,AZ,GB,2nd Quarter,3,Arizona Cardinals,1,3,0,8 Yard Run,2nd & 1 at AZ 33,13:22 2nd,— E.Hull up the middle to AZ 41 for 8 yards (N.Kelly).
2026,PRESEASON WEEK 3,Friday,August 28th,AZ,GB,2nd Quarter,3,Arizona Cardinals,1,4,0,3 Yard Run,1st & 10 at AZ 41,12:44 2nd,— E.Hull right guard to AZ 44 for 3 yards (N.Niemann).
2026,PRESEASON WEEK 3,Friday,August 28th,AZ,GB,2nd Quarter,3,Arizona Cardinals,1,5,0,6 Yard Pass,2nd & 7 at AZ 44,12:11 2nd,— K.Slovis pass short right to E.Higgins pushed ob at 50 for 6 yards (J.Simpson).
2026,PRESEASON WEEK 3,Friday,August 28th,AZ,GB,2nd Quarter,3,Arizona Cardinals,1,6,0,3 Yard Run,3rd & 1 at 50,11:42 2nd,— K.Slovis up the middle to GB 47 for 3 yards (J.Crumedy).
2026,PRESEASON WEEK 3,Friday,August 28th,AZ,GB,2nd Quarter,3,Arizona Cardinals,1,7,0,Pass Incomplete,1st & 10 at GB 47,11:01 2nd,— K.Slovis pass incomplete short left to I.Smith-Marsette.
2026,PRESEASON WEEK 3,Friday,August 28th,AZ,GB,2nd Quarter,3,Arizona Cardinals,1,8,1,Touchdown,2nd & 10 at GB 47,10:56 2nd Shotgun,"— E.Hull right guard for 47 yards, TOUCHDOWN."
2026,PRESEASON WEEK 3,Friday,August 28th,AZ,GB,2nd Quarter,3,Arizona Cardinals,1,9,1,Extra Point,,10:48 2nd,"— C.Ryland extra point is GOOD, Center-C.Kreiter, Holder-B.Gillikin."
2026,PRESEASON WEEK 3,Friday,August 28th,AZ,GB,2nd Quarter,4,Green Bay Packers,0,1,0,Kickoff from AZ 35,,Kickoff,"— C.Ryland kicks 65 yards from AZ 35 to end zone, Touchback to the GB 35."
2026,PRESEASON WEEK 3,Friday,August 28th,AZ,GB,2nd Quarter,4,Green Bay Packers,0,2,0,Pass Incomplete,1st & 10 at GB 35,10:48 2nd,— K.McCord pass incomplete short right to M.Swinson.
2026,PRESEASON WEEK 3,Friday,August 28th,AZ,GB,2nd Quarter,4,Green Bay Packers,0,3,0,4 Yard Run,2nd & 10 at GB 35,10:44 2nd,— J.Nixon up the middle to GB 39 for 4 yards (B.Ojulari; K.Sharar).
2026,PRESEASON WEEK 3,Friday,August 28th,AZ,GB,2nd Quarter,4,Green Bay Packers,0,4,0,-7 Yard Sack,3rd & 6 at GB 39,10:09 2nd Shotgun,— K.McCord sacked at GB 32 for -7 yards (sack split by E.Leota and B.Ojulari).
2026,PRESEASON WEEK 3,Friday,August 28th,AZ,GB,2nd Quarter,4,Green Bay Packers,0,5,0,Punt,4th & 13 at GB 32,09:29 2nd,"— D.Whelan punts 55 yards to AZ 13, Center-C.Adomitis. I.Smith-Marsette to AZ 16 for 3 yards (D.Dabney; K.Welch)."
2026,PRESEASON WEEK 3,Friday,August 28th,AZ,GB,2nd Quarter,5,Arizona Cardinals,0,1,0,5 Yard Penalty,1st & 10 at AZ 16,09:17 2nd,"— K.Slovis pass incomplete short right. PENALTY on GB-N.Stackhouse, Defensive Offside, 5 yards, enforced at AZ 16 - No Play."
2026,PRESEASON WEEK 3,Friday,August 28th,AZ,GB,2nd Quarter,5,Arizona Cardinals,0,2,0,-1 Yard Run,1st & 5 at AZ 21,09:11 2nd Shotgun,— E.Hull left end to AZ 20 for -1 yards (T.Quinn).
2026,PRESEASON WEEK 3,Friday,August 28th,AZ,GB,2nd Quarter,5,Arizona Cardinals,0,3,0,Interception,2nd & 6 at AZ 20,08:30 2nd Shotgun,— K.Slovis pass short left intended for R.Fairweather INTERCEPTED by N.Kelly (J.Crumedy) [J.Crumedy] at AZ 28. N.Kelly to AZ 27 for 1 yard (R.Fairweather).
2026,PRESEASON WEEK 3,Friday,August 28th,AZ,GB,2nd Quarter,6,Green Bay Packers,1,1,0,15 Yard Run,1st & 10 at AZ 27,08:25 2nd,— D.Martinez left tackle to AZ 12 for 15 yards (O.Pappoe).
2026,PRESEASON WEEK 3,Friday,August 28th,AZ,GB,2nd Quarter,6,Green Bay Packers,1,2,1,Touchdown,1st & 10 at AZ 12,07:50 2nd,"— K.McCord pass short right to W.Sheppard for 12 yards, TOUCHDOWN."
2026,PRESEASON WEEK 3,Friday,August 28th,AZ,GB,2nd Quarter,6,Green Bay Packers,1,3,1,Extra Point,,07:44 2nd,"— T.Smack extra point is GOOD, Center-C.Adomitis, Holder-D.Whelan."
2026,PRESEASON WEEK 3,Friday,August 28th,AZ,GB,2nd Quarter,7,Green Bay Packers,1,1,0,Kickoff from GB 35,,Kickoff,— T.Smack kicks 62 yards from GB 35 to AZ 3. I.Smith-Marsette to AZ 25 for 22 yards (C.Hilton).
2026,PRESEASON WEEK 3,Friday,August 28th,AZ,GB,2nd Quarter,7,Green Bay Packers,1,2,0,Penalty,1st & 10 at AZ 25,07:39 2nd,"— T.Stewart right guard to AZ 27 for 2 yards (A.Mosby). Penalty on AZ-R.Fairweather, Offensive Holding, offsetting, enforced at AZ 25 - No Play. Penalty on GB-A.Walker, Face Mask, offsetting."
2026,PRESEASON WEEK 3,Friday,August 28th,AZ,GB,2nd Quarter,7,Green Bay Packers,1,3,0,Pass Incomplete,1st & 10 at AZ 25,07:08 2nd,— K.Slovis pass incomplete deep left to I.Smith-Marsette.
2026,PRESEASON WEEK 3,Friday,August 28th,AZ,GB,2nd Quarter,7,Green Bay Packers,1,4,0,7 Yard Run,2nd & 10 at AZ 25,07:04 2nd Shotgun,— T.Stewart up the middle to AZ 32 for 7 yards (C.McClellan; K.Welch).
2026,PRESEASON WEEK 3,Friday,August 28th,AZ,GB,2nd Quarter,7,Green Bay Packers,1,5,0,5 Yard Pass,3rd & 3 at AZ 32,06:24 2nd Shotgun,— K.Slovis pass short right to R.Virgil to AZ 37 for 5 yards (J.Simpson).
2026,PRESEASON WEEK 3,Friday,August 28th,AZ,GB,2nd Quarter,7,Green Bay Packers,1,6,0,Pass Incomplete,1st & 10 at AZ 37,05:41 2nd,— K.Slovis pass incomplete short middle to R.Fairweather (N.Stackhouse).
2026,PRESEASON WEEK 3,Friday,August 28th,AZ,GB,2nd Quarter,7,Green Bay Packers,1,7,0,-10 Yard Penalty,2nd & 10 at AZ 37,05:36 2nd,"— T.Stewart left end pushed ob at AZ 42 for 5 yards (D.Jackson). PENALTY on AZ-R.Fairweather, Offensive Holding, 10 yards, enforced at AZ 37 - No Play."
2026,PRESEASON WEEK 3,Friday,August 28th,AZ,GB,2nd Quarter,7,Green Bay Packers,1,8,0,Pass Incomplete,2nd & 20 at AZ 27,05:08 2nd Shotgun,— K.Slovis pass incomplete short left to S.Fehoko.
2026,PRESEASON WEEK 3,Friday,August 28th,AZ,GB,2nd Quarter,7,Green Bay Packers,1,9,0,4 Yard Run,3rd & 20 at AZ 27,05:04 2nd Shotgun,— E.Hull right tackle to AZ 31 for 4 yards (J.Simpson; K.Welch).
2026,PRESEASON WEEK 3,Friday,August 28th,AZ,GB,2nd Quarter,7,Green Bay Packers,1,10,1,Touchdown,4th & 16 at AZ 31,04:22 2nd,"— J.Browning punts 50 yards to GB 19, Center-C.Kreiter. W.Sheppard for 81 yards, TOUCHDOWN."
2026,PRESEASON WEEK 3,Friday,August 28th,AZ,GB,2nd Quarter,8,Arizona Cardinals,0,1,0,Kickoff from GB 35,,Kickoff,"— T.Smack kicks 65 yards from GB 35 to end zone, Touchback to the AZ 35."
2026,PRESEASON WEEK 3,Friday,August 28th,AZ,GB,2nd Quarter,8,Arizona Cardinals,0,2,0,11 Yard Pass,1st & 10 at AZ 35,04:06 2nd,— K.Slovis pass short left to E.Hull to AZ 46 for 11 yards (T.Quinn).
2026,PRESEASON WEEK 3,Friday,August 28th,AZ,GB,2nd Quarter,8,Arizona Cardinals,0,3,0,3 Yard Pass,1st & 10 at AZ 46,03:26 2nd Shotgun,— K.Slovis pass short left to R.Fairweather to AZ 49 for 3 yards (M.Perry).
2026,PRESEASON WEEK 3,Friday,August 28th,AZ,GB,2nd Quarter,8,Arizona Cardinals,0,4,0,8 Yard Run,2nd & 7 at AZ 49,02:47 2nd,— E.Hull up the middle to GB 43 for 8 yards (M.Perry).
2026,PRESEASON WEEK 3,Friday,August 28th,AZ,GB,2nd Quarter,8,Arizona Cardinals,0,5,0,0 Yard Run,1st & 10 at GB 43,02:07 2nd Shotgun,— E.Hull right end to GB 43 for no gain (J.Ford; A.Mosby).
2026,PRESEASON WEEK 3,Friday,August 28th,AZ,GB,2nd Quarter,8,Arizona Cardinals,0,6,0,3 Yard Pass,2nd & 10 at GB 43,02:00 2nd Shotgun,— K.Slovis pass short right to H.Wallace to GB 40 for 3 yards (N.Niemann).
2026,PRESEASON WEEK 3,Friday,August 28th,AZ,GB,2nd Quarter,8,Arizona Cardinals,0,7,0,Pass Incomplete,3rd & 7 at GB 40,01:26 2nd Shotgun,"— K.Slovis pass incomplete deep right to R.Virgil (J.Simpson). Penalty on AZ-V.Senn, Offensive Holding, declined."
2026,PRESEASON WEEK 3,Friday,August 28th,AZ,GB,2nd Quarter,8,Arizona Cardinals,0,8,0,Punt,4th & 12 at GB 45,01:20 2nd,"— J.Browning punts 36 yards to GB 9, Center-C.Kreiter, fair catch by W.Sheppard."
2026,PRESEASON WEEK 3,Friday,August 28th,AZ,GB,2nd Quarter,9,Green Bay Packers,0,1,0,Pass Incomplete,1st & 10 at GB 9,01:13 2nd Shotgun,— K.McCord pass incomplete short left to D.Dabney (S.Thomas).
2026,PRESEASON WEEK 3,Friday,August 28th,AZ,GB,2nd Quarter,9,Green Bay Packers,0,2,0,Pass Incomplete,2nd & 10 at GB 9,01:08 2nd Shotgun,— K.McCord pass incomplete short right to W.Sheppard (E.Brown).
2026,PRESEASON WEEK 3,Friday,August 28th,AZ,GB,2nd Quarter,9,Green Bay Packers,0,3,0,3 Yard Pass,3rd & 10 at GB 9,01:05 2nd,— K.McCord pass short left to J.Nixon to GB 12 for 3 yards (E.Asante) [C.Robertson].
2026,PRESEASON WEEK 3,Friday,August 28th,AZ,GB,2nd Quarter,9,Green Bay Packers,0,4,0,Timeout,,00:59 2nd,— Timeout #1 by AZ at 00:59.
2026,PRESEASON WEEK 3,Friday,August 28th,AZ,GB,2nd Quarter,9,Green Bay Packers,0,5,0,Punt,4th & 7 at GB 12,00:59 2nd,"— D.Whelan punts 54 yards to AZ 34, Center-C.Adomitis. I.Smith-Marsette to AZ 37 for 3 yards (C.Adomitis)."
2026,PRESEASON WEEK 3,Friday,August 28th,AZ,GB,2nd Quarter,10,Arizona Cardinals,1,1,0,-7 Yard Sack,1st & 10 at AZ 37,00:49 2nd Shotgun,— K.Slovis sacked at AZ 30 for -7 yards (A.Campbell).
2026,PRESEASON WEEK 3,Friday,August 28th,AZ,GB,2nd Quarter,10,Arizona Cardinals,1,2,0,Timeout,,00:45 2nd,— Timeout #1 by GB at 00:45.
2026,PRESEASON WEEK 3,Friday,August 28th,AZ,GB,2nd Quarter,10,Arizona Cardinals,1,3,0,8 Yard Pass,2nd & 17 at AZ 30,00:45 2nd Shotgun,— K.Slovis pass short right to H.Wallace to AZ 38 for 8 yards (J.Simpson).
2026,PRESEASON WEEK 3,Friday,August 28th,AZ,GB,2nd Quarter,10,Arizona Cardinals,1,4,0,22 Yard Pass,3rd & 9 at AZ 38,"00:25 2nd No Huddle, Shotgun",— K.Slovis pass deep right to I.Smith-Marsette pushed ob at GB 40 for 22 yards (J.Simpson).
2026,PRESEASON WEEK 3,Friday,August 28th,AZ,GB,2nd Quarter,10,Arizona Cardinals,1,5,0,Pass Incomplete,1st & 10 at GB 40,00:19 2nd Shotgun,— K.Slovis pass incomplete short right to R.Fairweather [C.McClellan].
2026,PRESEASON WEEK 3,Friday,August 28th,AZ,GB,2nd Quarter,10,Arizona Cardinals,1,6,0,13 Yard Pass,2nd & 10 at GB 40,00:13 2nd Shotgun,— K.Slovis pass short right to R.Virgil ran ob at GB 27 for 13 yards.
2026,PRESEASON WEEK 3,Friday,August 28th,AZ,GB,2nd Quarter,10,Arizona Cardinals,1,7,0,20 Yard Pass,1st & 10 at GB 27,00:09 2nd Shotgun,— K.Slovis pass deep middle to R.Fairweather to GB 7 for 20 yards (M.Kenion).
2026,PRESEASON WEEK 3,Friday,August 28th,AZ,GB,2nd Quarter,10,Arizona Cardinals,1,8,0,Timeout,,00:03 2nd,— Timeout #2 by AZ at 00:03.
2026,PRESEASON WEEK 3,Friday,August 28th,AZ,GB,2nd Quarter,10,Arizona Cardinals,1,9,1,Field Goal,1st & 7 at GB 7,00:03 2nd,"— C.Ryland 25 yard field goal is GOOD, Center-C.Kreiter, Holder-B.Gillikin."
2026,PRESEASON WEEK 3,Friday,August 28th,AZ,GB,3rd Quarter,1,Arizona Cardinals,1,1,0,Kickoff from GB 35,,Kickoff,"— T.Smack kicks 65 yards from GB 35 to end zone, Touchback to the AZ 35."
2026,PRESEASON WEEK 3,Friday,August 28th,AZ,GB,3rd Quarter,1,Arizona Cardinals,1,2,0,8 Yard Pass,1st & 10 at AZ 35,15:00 3rd,— K.Slovis pass short left to T.Stewart to AZ 43 for 8 yards (T.Quinn; J.Simpson).
2026,PRESEASON WEEK 3,Friday,August 28th,AZ,GB,3rd Quarter,1,Arizona Cardinals,1,3,0,-3 Yard Run,2nd & 2 at AZ 43,14:22 3rd,— T.Stewart right guard to AZ 40 for -3 yards (N.Kelly).
2026,PRESEASON WEEK 3,Friday,August 28th,AZ,GB,3rd Quarter,1,Arizona Cardinals,1,4,0,33 Yard Pass,3rd & 5 at AZ 40,13:42 3rd Shotgun,— K.Slovis pass short left to R.Fairweather to GB 27 for 33 yards (M.Devonshire; K.Oladapo).
2026,PRESEASON WEEK 3,Friday,August 28th,AZ,GB,3rd Quarter,1,Arizona Cardinals,1,5,0,2 Yard Pass,1st & 10 at GB 27,"13:07 3rd No Huddle, Shotgun",— K.Slovis pass short right to R.Fairweather to GB 25 for 2 yards (K.Welch).
2026,PRESEASON WEEK 3,Friday,August 28th,AZ,GB,3rd Quarter,1,Arizona Cardinals,1,6,0,6 Yard Run,2nd & 8 at GB 25,12:27 3rd,— T.Stewart right end to GB 19 for 6 yards (M.Devonshire; K.Oladapo).
2026,PRESEASON WEEK 3,Friday,August 28th,AZ,GB,3rd Quarter,1,Arizona Cardinals,1,7,0,Pass Incomplete,3rd & 2 at GB 19,11:45 3rd Shotgun,— K.Slovis pass incomplete deep left to R.Virgil (J.Simpson) [D.Dennis-Sutton].
2026,PRESEASON WEEK 3,Friday,August 28th,AZ,GB,3rd Quarter,1,Arizona Cardinals,1,8,0,5 Yard Pass,4th & 2 at GB 19,11:40 3rd Shotgun,— K.Slovis pass short right to R.Virgil to GB 14 for 5 yards (K.Oladapo).
2026,PRESEASON WEEK 3,Friday,August 28th,AZ,GB,3rd Quarter,1,Arizona Cardinals,1,9,0,3 Yard Run,1st & 10 at GB 14,11:03 3rd,— T.Stewart right end to GB 11 for 3 yards (M.Devonshire; N.Stackhouse).
2026,PRESEASON WEEK 3,Friday,August 28th,AZ,GB,3rd Quarter,1,Arizona Cardinals,1,10,0,2 Yard Run,2nd & 7 at GB 11,10:23 3rd,— T.Stewart up the middle to GB 9 for 2 yards (A.Mosby; A.Walker).
2026,PRESEASON WEEK 3,Friday,August 28th,AZ,GB,3rd Quarter,1,Arizona Cardinals,1,11,0,Pass Incomplete,3rd & 5 at GB 9,09:37 3rd Shotgun,— K.Slovis pass incomplete short left.
2026,PRESEASON WEEK 3,Friday,August 28th,AZ,GB,3rd Quarter,1,Arizona Cardinals,1,12,1,Field Goal,4th & 5 at GB 9,09:33 3rd,"— C.Ryland 27 yard field goal is GOOD, Center-C.Kreiter, Holder-B.Gillikin."
2026,PRESEASON WEEK 3,Friday,August 28th,AZ,GB,3rd Quarter,2,Green Bay Packers,0,1,0,Kickoff from AZ 35,,Kickoff,"— C.Ryland kicks 65 yards from AZ 35 to end zone, Touchback to the GB 35."
2026,PRESEASON WEEK 3,Friday,August 28th,AZ,GB,3rd Quarter,2,Green Bay Packers,0,2,0,-8 Yard Run,1st & 10 at GB 35,09:30 3rd,"— J.Nixon right tackle to GB 41 for 6 yards (J.Minkins). PENALTY on GB-D.Kinnard, Offensive Holding, 10 yards, enforced at GB 37."
2026,PRESEASON WEEK 3,Friday,August 28th,AZ,GB,3rd Quarter,2,Green Bay Packers,0,3,0,2 Yard Pass,1st & 18 at GB 27,09:12 3rd Shotgun,— K.McCord pass short middle to I.Neyor to GB 29 for 2 yards (E.Asante).
2026,PRESEASON WEEK 3,Friday,August 28th,AZ,GB,3rd Quarter,2,Green Bay Packers,0,4,0,17 Yard Pass,2nd & 16 at GB 29,08:31 3rd Shotgun,— K.McCord pass short middle to J.Sturdivant to GB 46 for 17 yards (E.Jones). (Virtual Measurement).
2026,PRESEASON WEEK 3,Friday,August 28th,AZ,GB,3rd Quarter,2,Green Bay Packers,0,5,0,-13 Yard Sack,1st & 10 at GB 46,07:54 3rd,— K.McCord sacked at GB 33 for -13 yards (B.Ojulari).
2026,PRESEASON WEEK 3,Friday,August 28th,AZ,GB,3rd Quarter,2,Green Bay Packers,0,6,0,2 Yard Run,2nd & 23 at GB 33,07:15 3rd Shotgun,— J.Nixon right end to GB 35 for 2 yards (B.Ojulari).
2026,PRESEASON WEEK 3,Friday,August 28th,AZ,GB,3rd Quarter,2,Green Bay Packers,0,7,0,Pass Incomplete,3rd & 21 at GB 35,06:40 3rd Shotgun,— K.McCord pass incomplete deep right to I.Neyor.
2026,PRESEASON WEEK 3,Friday,August 28th,AZ,GB,3rd Quarter,2,Green Bay Packers,0,8,0,Punt,4th & 21 at GB 35,06:33 3rd,"— D.Whelan punts 40 yards to AZ 25, Center-C.Adomitis. H.Wallace to AZ 33 for 8 yards (S.Bartholomew)."
2026,PRESEASON WEEK 3,Friday,August 28th,AZ,GB,3rd Quarter,3,Arizona Cardinals,0,1,0,0 Yard Run,1st & 10 at AZ 33,06:26 3rd Shotgun,— E.Hull right end to AZ 33 for no gain (J.Ford).
2026,PRESEASON WEEK 3,Friday,August 28th,AZ,GB,3rd Quarter,3,Arizona Cardinals,0,2,0,-6 Yard Sack,2nd & 10 at AZ 33,05:51 3rd Shotgun,— K.Slovis sacked at AZ 27 for -6 yards (N.Kelly).
2026,PRESEASON WEEK 3,Friday,August 28th,AZ,GB,3rd Quarter,3,Arizona Cardinals,0,3,0,Pass Incomplete,3rd & 16 at AZ 27,05:07 3rd Shotgun,— K.Slovis pass incomplete short left to R.Fairweather (J.Crumedy).
2026,PRESEASON WEEK 3,Friday,August 28th,AZ,GB,3rd Quarter,3,Arizona Cardinals,0,4,0,Punt,4th & 16 at AZ 27,05:03 3rd,"— J.Browning punts 52 yards to GB 21, Center-C.Kreiter. J.Nixon to GB 30 for 9 yards (I.Oliver). PENALTY on GB-D.Jackson, Offensive Holding, 10 yards, enforced at GB 21."
2026,PRESEASON WEEK 3,Friday,August 28th,AZ,GB,3rd Quarter,4,Green Bay Packers,0,1,0,Pass Incomplete,1st & 10 at GB 11,04:52 3rd Shotgun,— K.McCord pass incomplete short right to W.Sheppard.
2026,PRESEASON WEEK 3,Friday,August 28th,AZ,GB,3rd Quarter,4,Green Bay Packers,0,2,0,6 Yard Run,2nd & 10 at GB 11,04:50 3rd,— D.Martinez left guard to GB 17 for 6 yards (C.Robertson).
2026,PRESEASON WEEK 3,Friday,August 28th,AZ,GB,3rd Quarter,4,Green Bay Packers,0,3,0,4 Yard Pass,3rd & 4 at GB 17,04:17 3rd Shotgun,— K.McCord pass short right to J.Sturdivant to GB 21 for 4 yards (S.Thomas). (Virtual Measurement).
2026,PRESEASON WEEK 3,Friday,August 28th,AZ,GB,3rd Quarter,4,Green Bay Packers,0,4,0,Fumble,1st & 10 at GB 21,03:42 3rd,"— D.Martinez right guard to GB 23 for 2 yards (K.Spears). FUMBLES (K.Spears), RECOVERED by AZ-S.Thomas at GB 27."
2026,PRESEASON WEEK 3,Friday,August 28th,AZ,GB,3rd Quarter,5,Arizona Cardinals,1,1,0,8 Yard Run,1st & 10 at GB 27,03:34 3rd Shotgun,— E.Hull left tackle to GB 19 for 8 yards (T.Dean). AZ-I.Smith-Marsette was injured during the play.
2026,PRESEASON WEEK 3,Friday,August 28th,AZ,GB,3rd Quarter,5,Arizona Cardinals,1,2,0,14 Yard Run,2nd & 2 at GB 19,03:02 3rd,— E.Hull left tackle pushed ob at GB 5 for 14 yards (T.Dean).
2026,PRESEASON WEEK 3,Friday,August 28th,AZ,GB,3rd Quarter,5,Arizona Cardinals,1,3,0,4 Yard Run,1st & 5 at GB 5,02:32 3rd Shotgun,"— E.Hull up the middle to GB 1 for 4 yards (T.Fluellen, T.Dean)."
2026,PRESEASON WEEK 3,Friday,August 28th,AZ,GB,3rd Quarter,5,Arizona Cardinals,1,4,1,Touchdown,2nd & 1 at GB 1,01:51 3rd,"— E.Hull up the middle for 1 yard, TOUCHDOWN. GB-J.Ford was injured during the play."
2026,PRESEASON WEEK 3,Friday,August 28th,AZ,GB,3rd Quarter,5,Arizona Cardinals,1,5,0,2 Point Conversion,,01:47 3rd,— TWO-POINT CONVERSION ATTEMPT. E.Hull rushes up the middle. ATTEMPT SUCCEEDS.
2026,PRESEASON WEEK 3,Friday,August 28th,AZ,GB,4th Quarter,1,Green Bay Packers,1,1,0,Kickoff from AZ 35,,Kickoff,"— C.Ryland kicks 65 yards from AZ 35 to end zone, Touchback to the GB 35."
2026,PRESEASON WEEK 3,Friday,August 28th,AZ,GB,4th Quarter,1,Green Bay Packers,1,2,0,21 Yard Pass,1st & 10 at GB 35,01:47 3rd,— K.McCord pass short middle to J.Sturdivant to AZ 44 for 21 yards (E.Asante).
2026,PRESEASON WEEK 3,Friday,August 28th,AZ,GB,4th Quarter,1,Green Bay Packers,1,3,0,3 Yard Run,1st & 10 at AZ 44,01:13 3rd Shotgun,— J.Nixon right guard to AZ 41 for 3 yards (D.Bobby).
2026,PRESEASON WEEK 3,Friday,August 28th,AZ,GB,4th Quarter,1,Green Bay Packers,1,4,0,5 Yard Pass,2nd & 7 at AZ 41,00:39 3rd Shotgun,— K.McCord pass short right to J.Sturdivant to AZ 36 for 5 yards (E.Jones).
2026,PRESEASON WEEK 3,Friday,August 28th,AZ,GB,4th Quarter,1,Green Bay Packers,1,5,0,7 Yard Run,3rd & 2 at AZ 36,15:00 4th Shotgun,— J.Nixon right end pushed ob at AZ 29 for 7 yards (E.Culp).
2026,PRESEASON WEEK 3,Friday,August 28th,AZ,GB,4th Quarter,1,Green Bay Packers,1,6,0,8 Yard Pass,1st & 10 at AZ 29,14:32 4th Shotgun,— K.McCord pass short right to I.Neyor to AZ 21 for 8 yards (E.Culp).
2026,PRESEASON WEEK 3,Friday,August 28th,AZ,GB,4th Quarter,1,Green Bay Packers,1,7,0,1 Yard Run,2nd & 2 at AZ 21,13:58 4th,— J.Nixon left guard to AZ 20 for 1 yard (J.Minkins; C.Horsley).
2026,PRESEASON WEEK 3,Friday,August 28th,AZ,GB,4th Quarter,1,Green Bay Packers,1,8,0,4 Yard Run,3rd & 1 at AZ 20,13:22 4th,— K.McCord scrambles right end to AZ 16 for 4 yards (C.Robertson).
2026,PRESEASON WEEK 3,Friday,August 28th,AZ,GB,4th Quarter,1,Green Bay Packers,1,9,0,-3 Yard Pass,1st & 10 at AZ 16,12:43 4th Shotgun,"— K.McCord pass short right to J.Nixon to AZ 19 for -3 yards (K.Spears, O.Pappoe)."
2026,PRESEASON WEEK 3,Friday,August 28th,AZ,GB,4th Quarter,1,Green Bay Packers,1,10,0,Pass Incomplete,2nd & 13 at AZ 19,12:01 4th Shotgun,— K.McCord pass incomplete short right to I.Neyor.
2026,PRESEASON WEEK 3,Friday,August 28th,AZ,GB,4th Quarter,1,Green Bay Packers,1,11,0,Pass Incomplete,3rd & 13 at AZ 19,11:58 4th Shotgun,— K.McCord pass incomplete deep left to W.Sheppard.
2026,PRESEASON WEEK 3,Friday,August 28th,AZ,GB,4th Quarter,1,Green Bay Packers,1,12,1,Field Goal,4th & 13 at AZ 19,11:53 4th,"— T.Smack 37 yard field goal is GOOD, Center-C.Adomitis, Holder-D.Whelan."
2026,PRESEASON WEEK 3,Friday,August 28th,AZ,GB,4th Quarter,2,Arizona Cardinals,1,1,0,Kickoff from GB 35,,Kickoff,— T.Smack kicks 66 yards from GB 35 to AZ -1. H.Wallace to AZ 32 for 33 yards (C.Hilton).
2026,PRESEASON WEEK 3,Friday,August 28th,AZ,GB,4th Quarter,2,Arizona Cardinals,1,2,0,8 Yard Pass,1st & 10 at AZ 32,11:44 4th,— K.Slovis pass short middle to R.Fairweather to AZ 40 for 8 yards (K.Welch).
2026,PRESEASON WEEK 3,Friday,August 28th,AZ,GB,4th Quarter,2,Arizona Cardinals,1,3,0,6 Yard Pass,2nd & 2 at AZ 40,11:06 4th Shotgun,— K.Slovis pass short middle to R.Fairweather to AZ 46 for 6 yards (T.Quinn; K.Welch).
2026,PRESEASON WEEK 3,Friday,August 28th,AZ,GB,4th Quarter,2,Arizona Cardinals,1,4,0,3 Yard Run,1st & 10 at AZ 46,10:33 4th Shotgun,— T.Stewart right tackle to AZ 49 for 3 yards (T.Fluellen).
2026,PRESEASON WEEK 3,Friday,August 28th,AZ,GB,4th Quarter,2,Arizona Cardinals,1,5,0,-6 Yard Run,2nd & 7 at AZ 49,09:51 4th,— T.Stewart left tackle to AZ 43 for -6 yards (N.Kelly).
2026,PRESEASON WEEK 3,Friday,August 28th,AZ,GB,4th Quarter,2,Arizona Cardinals,1,6,0,18 Yard Pass,3rd & 13 at AZ 43,09:11 4th Shotgun,— K.Slovis pass short right to S.Fehoko to GB 39 for 18 yards (M.Devonshire) [N.Kelly].
2026,PRESEASON WEEK 3,Friday,August 28th,AZ,GB,4th Quarter,2,Arizona Cardinals,1,7,0,2 Yard Run,1st & 10 at GB 39,08:34 4th,— E.Hull right guard to GB 37 for 2 yards (A.Mosby).
2026,PRESEASON WEEK 3,Friday,August 28th,AZ,GB,4th Quarter,2,Arizona Cardinals,1,8,0,2 Yard Run,2nd & 8 at GB 37,08:01 4th Shotgun,— E.Hull up the middle to GB 35 for 2 yards (T.Quinn).
2026,PRESEASON WEEK 3,Friday,August 28th,AZ,GB,4th Quarter,2,Arizona Cardinals,1,9,0,11 Yard Pass,3rd & 6 at GB 35,07:23 4th Shotgun,— K.Slovis pass short left to S.Fehoko ran ob at GB 24 for 11 yards.
2026,PRESEASON WEEK 3,Friday,August 28th,AZ,GB,4th Quarter,2,Arizona Cardinals,1,10,0,-2 Yard Run,1st & 10 at GB 24,06:56 4th,"— T.Stewart left guard to GB 26 for -2 yards (T.Quinn, A.Walker)."
2026,PRESEASON WEEK 3,Friday,August 28th,AZ,GB,4th Quarter,2,Arizona Cardinals,1,11,0,15 Yard Pass,2nd & 12 at GB 26,06:21 4th Shotgun,— K.Slovis pass short middle to S.Fehoko to GB 11 for 15 yards (S.Bartholomew).
2026,PRESEASON WEEK 3,Friday,August 28th,AZ,GB,4th Quarter,2,Arizona Cardinals,1,12,0,2 Yard Run,1st & 10 at GB 11,05:42 4th,— T.Stewart up the middle to GB 9 for 2 yards (T.Quinn).
2026,PRESEASON WEEK 3,Friday,August 28th,AZ,GB,4th Quarter,2,Arizona Cardinals,1,13,0,Pass Incomplete,2nd & 8 at GB 9,05:02 4th,— K.Slovis pass incomplete short right to S.Fehoko.
2026,PRESEASON WEEK 3,Friday,August 28th,AZ,GB,4th Quarter,2,Arizona Cardinals,1,14,1,Touchdown,3rd & 8 at GB 9,04:59 4th Shotgun,"— K.Slovis pass short middle to S.Fehoko for 9 yards, TOUCHDOWN."
2026,PRESEASON WEEK 3,Friday,August 28th,AZ,GB,4th Quarter,2,Arizona Cardinals,1,15,1,Extra Point,,04:55 4th,"— C.Ryland extra point is GOOD, Center-C.Kreiter, Holder-B.Gillikin."
2026,PRESEASON WEEK 3,Friday,August 28th,AZ,GB,4th Quarter,3,Green Bay Packers,1,1,0,Kickoff from AZ 35,,Kickoff,"— C.Ryland kicks 65 yards from AZ 35 to end zone, Touchback to the GB 35."
2026,PRESEASON WEEK 3,Friday,August 28th,AZ,GB,4th Quarter,3,Green Bay Packers,1,2,0,13 Yard Penalty,1st & 10 at GB 35,04:55 4th,"— K.McCord pass incomplete short right to K.Johnson [C.Robertson]. PENALTY on AZ-E.Culp, Defensive Pass Interference, 13 yards, enforced at GB 35 - No Play."
2026,PRESEASON WEEK 3,Friday,August 28th,AZ,GB,4th Quarter,3,Green Bay Packers,1,3,0,7 Yard Pass,1st & 10 at GB 48,04:50 4th Shotgun,— K.McCord pass short right to K.Prather to AZ 45 for 7 yards (E.Culp).
2026,PRESEASON WEEK 3,Friday,August 28th,AZ,GB,4th Quarter,3,Green Bay Packers,1,4,0,7 Yard Pass,2nd & 3 at AZ 45,"04:25 4th No Huddle, Shotgun",— K.McCord pass short left to K.Johnson to AZ 38 for 7 yards (S.Thomas).
2026,PRESEASON WEEK 3,Friday,August 28th,AZ,GB,4th Quarter,3,Green Bay Packers,1,5,0,-7 Yard Sack,1st & 10 at AZ 38,"04:08 4th No Huddle, Shotgun",— K.McCord sacked at AZ 45 for -7 yards (E.Brown).
2026,PRESEASON WEEK 3,Friday,August 28th,AZ,GB,4th Quarter,3,Green Bay Packers,1,6,0,Pass Incomplete,2nd & 17 at AZ 45,03:40 4th Shotgun,— K.McCord pass incomplete deep right to K.Prather.
2026,PRESEASON WEEK 3,Friday,August 28th,AZ,GB,4th Quarter,3,Green Bay Packers,1,7,0,Pass Incomplete,3rd & 17 at AZ 45,03:35 4th Shotgun,— K.McCord pass incomplete deep middle to C.Hilton (O.Pappoe).
2026,PRESEASON WEEK 3,Friday,August 28th,AZ,GB,4th Quarter,3,Green Bay Packers,1,8,0,17 Yard Penalty,4th & 17 at AZ 45,03:29 4th Shotgun,"— K.McCord pass incomplete deep left to I.Neyor. PENALTY on AZ-S.Thomas, Defensive Pass Interference, 17 yards, enforced at AZ 45 - No Play."
2026,PRESEASON WEEK 3,Friday,August 28th,AZ,GB,4th Quarter,3,Green Bay Packers,1,9,1,Touchdown,1st & 10 at AZ 28,03:24 4th Shotgun,"— K.McCord pass deep right to K.Johnson for 28 yards, TOUCHDOWN."
2026,PRESEASON WEEK 3,Friday,August 28th,AZ,GB,4th Quarter,3,Green Bay Packers,1,10,0,2 Point Conversion,,03:19 4th,— TWO-POINT CONVERSION ATTEMPT. D.Martinez rushes up the middle. ATTEMPT SUCCEEDS.
2026,PRESEASON WEEK 3,Friday,August 28th,AZ,GB,4th Quarter,4,Arizona Cardinals,0,1,0,Kickoff from GB 35,,Kickoff,— T.Smack kicks 63 yards from GB 35 to AZ 2. H.Wallace to AZ 31 for 29 yards (S.Bartholomew).
2026,PRESEASON WEEK 3,Friday,August 28th,AZ,GB,4th Quarter,4,Arizona Cardinals,0,2,0,4 Yard Run,1st & 10 at AZ 31,03:14 4th,— E.Hull right guard to AZ 35 for 4 yards (K.Welch; J.Crumedy).
2026,PRESEASON WEEK 3,Friday,August 28th,AZ,GB,4th Quarter,4,Arizona Cardinals,0,3,0,5 Yard Penalty,2nd & 6 at AZ 35,02:33 4th,"— K.Slovis pass incomplete short right to E.Hull. PENALTY on GB-M.Kenion, Defensive Holding, 5 yards, enforced at AZ 35 - No Play."
2026,PRESEASON WEEK 3,Friday,August 28th,AZ,GB,4th Quarter,4,Arizona Cardinals,0,4,0,3 Yard Run,1st & 10 at AZ 40,02:28 4th,— E.Hull left tackle to AZ 43 for 3 yards (N.Kelly).
2026,PRESEASON WEEK 3,Friday,August 28th,AZ,GB,4th Quarter,4,Arizona Cardinals,0,5,0,Interception,2nd & 7 at AZ 43,02:00 4th,— K.Slovis pass short right intended for T.Stewart INTERCEPTED by A.Mosby [N.Stackhouse] at AZ 46. A.Mosby to AZ 44 for 2 yards (T.Stewart).
2026,PRESEASON WEEK 3,Friday,August 28th,AZ,GB,4th Quarter,5,Green Bay Packers,1,1,0,Penalty,1st & 10 at AZ 44,01:54 4th Shotgun,"— K.McCord pass incomplete short left to K.Prather. Penalty on GB-D.Cooper, Offensive Holding, offsetting, enforced at AZ 44 - No Play. Penalty on AZ-E.Culp, Illegal Use of Hands, offsetting."
2026,PRESEASON WEEK 3,Friday,August 28th,AZ,GB,4th Quarter,5,Green Bay Packers,1,2,0,12 Yard Run,1st & 10 at AZ 44,01:51 4th Shotgun,— J.Nixon left tackle to AZ 32 for 12 yards (E.Asante).
2026,PRESEASON WEEK 3,Friday,August 28th,AZ,GB,4th Quarter,5,Green Bay Packers,1,3,0,10 Yard Pass,1st & 10 at AZ 32,"01:23 4th No Huddle, Shotgun",— K.McCord pass short middle to K.Prather to AZ 22 for 10 yards (H.Clark).
2026,PRESEASON WEEK 3,Friday,August 28th,AZ,GB,4th Quarter,5,Green Bay Packers,1,4,0,7 Yard Pass,1st & 10 at AZ 22,"01:00 4th No Huddle, Shotgun",— K.McCord pass short right to K.Johnson to AZ 15 for 7 yards (E.Jones).
2026,PRESEASON WEEK 3,Friday,August 28th,AZ,GB,4th Quarter,5,Green Bay Packers,1,5,0,Timeout,,00:49 4th,— Timeout #1 by GB at 00:49.
2026,PRESEASON WEEK 3,Friday,August 28th,AZ,GB,4th Quarter,5,Green Bay Packers,1,6,0,5 Yard Run,2nd & 3 at AZ 15,00:49 4th Shotgun,— J.Nixon right tackle to AZ 10 for 5 yards (E.Leota).
2026,PRESEASON WEEK 3,Friday,August 28th,AZ,GB,4th Quarter,5,Green Bay Packers,1,7,0,Pass Incomplete,1st & 10 at AZ 10,00:29 4th,— K.McCord pass incomplete short right.
2026,PRESEASON WEEK 3,Friday,August 28th,AZ,GB,4th Quarter,5,Green Bay Packers,1,8,1,Touchdown,2nd & 10 at AZ 10,00:26 4th Shotgun,"— K.McCord pass short left to K.Johnson for 10 yards, TOUCHDOWN."
2026,PRESEASON WEEK 3,Friday,August 28th,AZ,GB,4th Quarter,5,Green Bay Packers,1,9,1,Extra Point,,00:20 4th,"— T.Smack extra point is GOOD, Center-C.Adomitis, Holder-D.Whelan."
2026,PRESEASON WEEK 3,Friday,August 28th,AZ,GB,4th Quarter,6,Arizona Cardinals,0,1,0,Kickoff from GB 35,,Kickoff,"— T.Smack kicks 65 yards from GB 35 to end zone, Touchback to the AZ 35."
2026,PRESEASON WEEK 3,Friday,August 28th,AZ,GB,4th Quarter,6,Arizona Cardinals,0,2,0,Pass Incomplete,1st & 10 at AZ 35,00:20 4th Shotgun,— K.Slovis pass incomplete short right to R.Virgil (A.Mosby).
2026,PRESEASON WEEK 3,Friday,August 28th,AZ,GB,4th Quarter,6,Arizona Cardinals,0,3,0,7 Yard Pass,2nd & 10 at AZ 35,00:14 4th Shotgun,— K.Slovis pass short middle to R.Fairweather to AZ 42 for 7 yards (T.Quinn; T.Fluellen) [A.Campbell].
2026,PRESEASON WEEK 3,Friday,August 28th,AZ,GB,4th Quarter,6,Arizona Cardinals,0,4,0,Timeout,,00:07 4th,— Timeout #1 by AZ at 00:07.
2026,PRESEASON WEEK 3,Friday,August 28th,AZ,GB,4th Quarter,6,Arizona Cardinals,0,5,0,10 Yard Pass,3rd & 3 at AZ 42,00:07 4th Shotgun,— K.Slovis pass short middle to R.Fairweather to GB 48 for 10 yards (T.Quinn).
2026,PRESEASON WEEK 3,Friday,August 28th,AZ,GB,4th Quarter,6,Arizona Cardinals,0,6,0,Timeout,,00:04 4th,— Timeout #2 by AZ at 00:04.
2026,PRESEASON WEEK 3,Friday,August 28th,AZ,GB,4th Quarter,6,Arizona Cardinals,0,7,0,Pass Incomplete,1st & 10 at GB 48,00:04 4th Shotgun,— K.Slovis pass incomplete deep right (M.Kenion) [A.Mosby].
2026,PRESEASON WEEK 3,Friday,August 28th,MIN,DEN,1st Quarter,1,Denver Broncos,1,1,0,Kickoff from MIN 35,,Kickoff,"— W.Reichard kicks 65 yards from MIN 35 to end zone, Touchback to the DEN 35."
2026,PRESEASON WEEK 3,Friday,August 28th,MIN,DEN,1st Quarter,1,Denver Broncos,1,2,0,3 Yard Run,1st & 10 at DEN 35,15:00 1st,— T.Badie up the middle to DEN 38 for 3 yards (T.Batty).
2026,PRESEASON WEEK 3,Friday,August 28th,MIN,DEN,1st Quarter,1,Denver Broncos,1,3,0,6 Yard Pass,2nd & 7 at DEN 38,14:25 1st Shotgun,— J.Stidham pass short middle to T.Badie to DEN 44 for 6 yards (J.Golday) [E.Williams].
2026,PRESEASON WEEK 3,Friday,August 28th,MIN,DEN,1st Quarter,1,Denver Broncos,1,4,0,2 Yard Run,3rd & 1 at DEN 44,13:47 1st,— A.Prentice up the middle to DEN 46 for 2 yards (D.Orange; E.Williams).
2026,PRESEASON WEEK 3,Friday,August 28th,MIN,DEN,1st Quarter,1,Denver Broncos,1,5,0,26 Yard Pass,1st & 10 at DEN 46,13:05 1st,— J.Stidham pass short left to N.Adkins to MIN 28 for 26 yards (Jac.Thomas).
2026,PRESEASON WEEK 3,Friday,August 28th,MIN,DEN,1st Quarter,1,Denver Broncos,1,6,0,Pass Incomplete,1st & 10 at MIN 28,12:25 1st Shotgun,— J.Stidham pass incomplete deep left to T.Franklin (C.Demmings).
2026,PRESEASON WEEK 3,Friday,August 28th,MIN,DEN,1st Quarter,1,Denver Broncos,1,7,0,3 Yard Run,2nd & 10 at MIN 28,12:19 1st Shotgun,— J.McLaughlin left guard to MIN 25 for 3 yards (B.Richter).
2026,PRESEASON WEEK 3,Friday,August 28th,MIN,DEN,1st Quarter,1,Denver Broncos,1,8,0,Pass Incomplete,3rd & 7 at MIN 25,11:43 1st Shotgun,— J.Stidham pass incomplete deep right. DEN-M.Mims was injured during the play. MIN-Jac.Thomas was injured during the play.
2026,PRESEASON WEEK 3,Friday,August 28th,MIN,DEN,1st Quarter,1,Denver Broncos,1,9,1,Field Goal,4th & 7 at MIN 25,11:37 1st,"— W.Lutz 43 yard field goal is GOOD, Center-L.Basso, Holder-J.Crawshaw."
2026,PRESEASON WEEK 3,Friday,August 28th,MIN,DEN,1st Quarter,2,Minnesota Vikings,0,1,0,Kickoff from DEN 35,,Kickoff,— W.Lutz kicks 63 yards from DEN 35 to MIN 2. D.Claiborne to MIN 30 for 28 yards (R.Murdock).
2026,PRESEASON WEEK 3,Friday,August 28th,MIN,DEN,1st Quarter,2,Minnesota Vikings,0,2,0,0 Yard Run,1st & 10 at MIN 30,11:28 1st,— D.Claiborne right end to MIN 30 for no gain (J.Turner).
2026,PRESEASON WEEK 3,Friday,August 28th,MIN,DEN,1st Quarter,2,Minnesota Vikings,0,3,0,4 Yard Run,2nd & 10 at MIN 30,10:43 1st,— D.Claiborne right guard to MIN 34 for 4 yards (J.Cooper).
2026,PRESEASON WEEK 3,Friday,August 28th,MIN,DEN,1st Quarter,2,Minnesota Vikings,0,4,0,Pass Incomplete,3rd & 6 at MIN 34,10:06 1st Shotgun,— C.Wentz pass incomplete short left to D.Bell.
2026,PRESEASON WEEK 3,Friday,August 28th,MIN,DEN,1st Quarter,2,Minnesota Vikings,0,5,0,Punt,4th & 6 at MIN 34,10:00 1st,"— B.Thorson punts 54 yards to DEN 12, Center-A.DePaola, out of bounds."
2026,PRESEASON WEEK 3,Friday,August 28th,MIN,DEN,1st Quarter,3,Denver Broncos,1,1,0,0 Yard Run,1st & 10 at DEN 12,09:53 1st,— T.Badie up the middle to DEN 12 for no gain (E.Williams).
2026,PRESEASON WEEK 3,Friday,August 28th,MIN,DEN,1st Quarter,3,Denver Broncos,1,2,0,10 Yard Run,2nd & 10 at DEN 12,09:13 1st,— T.Badie left end pushed ob at DEN 22 for 10 yards (K.Hailassie; Jak.Thomas).
2026,PRESEASON WEEK 3,Friday,August 28th,MIN,DEN,1st Quarter,3,Denver Broncos,1,3,0,8 Yard Run,1st & 10 at DEN 22,08:41 1st,— T.Badie left tackle to DEN 30 for 8 yards (K.Hailassie; Jak.Thomas).
2026,PRESEASON WEEK 3,Friday,August 28th,MIN,DEN,1st Quarter,3,Denver Broncos,1,4,0,18 Yard Pass,2nd & 2 at DEN 30,08:03 1st,— J.Stidham pass short left to C.Schrader to DEN 48 for 18 yards (Jak.Thomas).
2026,PRESEASON WEEK 3,Friday,August 28th,MIN,DEN,1st Quarter,3,Denver Broncos,1,5,0,Pass Incomplete,1st & 10 at DEN 48,07:18 1st,— J.Stidham pass incomplete deep right to L.Humphrey.
2026,PRESEASON WEEK 3,Friday,August 28th,MIN,DEN,1st Quarter,3,Denver Broncos,1,6,0,13 Yard Pass,2nd & 10 at DEN 48,07:08 1st,— J.Stidham pass short left to C.Schrader to MIN 39 for 13 yards (K.Hailassie).
2026,PRESEASON WEEK 3,Friday,August 28th,MIN,DEN,1st Quarter,3,Denver Broncos,1,7,0,5 Yard Penalty,1st & 10 at MIN 39,06:30 1st Shotgun,"— PENALTY on MIN, Defensive Too Many Men on Field, 5 yards, enforced at MIN 39 - No Play."
2026,PRESEASON WEEK 3,Friday,August 28th,MIN,DEN,1st Quarter,3,Denver Broncos,1,8,0,9 Yard Run,1st & 5 at MIN 34,06:13 1st Shotgun,— C.Schrader left end to MIN 25 for 9 yards (J.Roberts).
2026,PRESEASON WEEK 3,Friday,August 28th,MIN,DEN,1st Quarter,3,Denver Broncos,1,9,0,9 Yard Run,1st & 10 at MIN 25,05:36 1st Shotgun,— J.Stidham left end pushed ob at MIN 16 for 9 yards (Z.Vaughn).
2026,PRESEASON WEEK 3,Friday,August 28th,MIN,DEN,1st Quarter,3,Denver Broncos,1,10,0,0 Yard Run,2nd & 1 at MIN 16,05:08 1st,— J.McLaughlin right guard to MIN 16 for no gain (J.Ritzie; I.Loudermilk). (Virtual Measurement).
2026,PRESEASON WEEK 3,Friday,August 28th,MIN,DEN,1st Quarter,3,Denver Broncos,1,11,0,10 Yard Pass,3rd & 1 at MIN 16,04:44 1st,— J.Stidham pass short left to N.Adkins to MIN 6 for 10 yards (T.Thomas).
2026,PRESEASON WEEK 3,Friday,August 28th,MIN,DEN,1st Quarter,3,Denver Broncos,1,12,0,5 Yard Pass,1st & 6 at MIN 6,04:01 1st Shotgun,— J.Stidham pass short right to M.Bandy pushed ob at MIN 1 for 5 yards (J.Golday).
2026,PRESEASON WEEK 3,Friday,August 28th,MIN,DEN,1st Quarter,3,Denver Broncos,1,13,1,Touchdown,2nd & 1 at MIN 1,03:29 1st,"— A.Prentice right guard for 1 yard, TOUCHDOWN."
2026,PRESEASON WEEK 3,Friday,August 28th,MIN,DEN,1st Quarter,3,Denver Broncos,1,14,1,Extra Point,,03:28 1st,"— W.Lutz extra point is GOOD, Center-L.Basso, Holder-J.Crawshaw."
2026,PRESEASON WEEK 3,Friday,August 28th,MIN,DEN,2nd Quarter,1,Minnesota Vikings,0,1,0,Kickoff from DEN 35,,Kickoff,— W.Lutz kicks 61 yards from DEN 35 to MIN 4. D.Claiborne to MIN 31 for 27 yards (T.York).
2026,PRESEASON WEEK 3,Friday,August 28th,MIN,DEN,2nd Quarter,1,Minnesota Vikings,0,2,0,3 Yard Run,1st & 10 at MIN 31,03:22 1st Shotgun,— D.Claiborne left tackle to MIN 34 for 3 yards (J.Elliss).
2026,PRESEASON WEEK 3,Friday,August 28th,MIN,DEN,2nd Quarter,1,Minnesota Vikings,0,3,0,5 Yard Penalty,2nd & 7 at MIN 34,02:43 1st,"— PENALTY on DEN-J.Miller, Neutral Zone Infraction, 5 yards, enforced at MIN 34 - No Play."
2026,PRESEASON WEEK 3,Friday,August 28th,MIN,DEN,2nd Quarter,1,Minnesota Vikings,0,4,0,4 Yard Pass,2nd & 2 at MIN 39,02:29 1st,— C.Wentz pass short left to C.Chambliss pushed ob at MIN 43 for 4 yards (J.Cooper).
2026,PRESEASON WEEK 3,Friday,August 28th,MIN,DEN,2nd Quarter,1,Minnesota Vikings,0,5,0,-4 Yard Run,1st & 10 at MIN 43,01:52 1st,"— C.Wentz FUMBLES (Aborted) at MIN 43, and recovers at MIN 43. C.Wentz to MIN 39 for -4 yards."
2026,PRESEASON WEEK 3,Friday,August 28th,MIN,DEN,2nd Quarter,1,Minnesota Vikings,0,6,0,6 Yard Pass,2nd & 14 at MIN 39,01:11 1st Shotgun,— C.Wentz pass short left to G.Bartholomew pushed ob at MIN 45 for 6 yards (J.Skinner).
2026,PRESEASON WEEK 3,Friday,August 28th,MIN,DEN,2nd Quarter,1,Minnesota Vikings,0,7,0,5 Yard Pass,3rd & 8 at MIN 45,00:35 1st Shotgun,— C.Wentz pass short right to G.Bartholomew to 50 for 5 yards (J.Barron).
2026,PRESEASON WEEK 3,Friday,August 28th,MIN,DEN,2nd Quarter,1,Minnesota Vikings,0,8,0,Punt,4th & 3 at 50,15:00 2nd,"— J.Hekker punts 45 yards to DEN 5, Center-A.DePaola. S.Fresch to DEN 15 for 10 yards (B.Kamara). PENALTY on MIN-J.Ross, Unnecessary Roughness, 15 yards, enforced at DEN 15."
2026,PRESEASON WEEK 3,Friday,August 28th,MIN,DEN,2nd Quarter,2,Denver Broncos,0,1,0,1 Yard Run,1st & 10 at DEN 30,14:51 2nd,— T.Badie right guard to DEN 31 for 1 yard (J.Roberts; C.Demmings).
2026,PRESEASON WEEK 3,Friday,August 28th,MIN,DEN,2nd Quarter,2,Denver Broncos,0,2,0,2 Yard Run,2nd & 9 at DEN 31,14:14 2nd Shotgun,— T.Badie right end to DEN 33 for 2 yards (J.Ross; I.Loudermilk).
2026,PRESEASON WEEK 3,Friday,August 28th,MIN,DEN,2nd Quarter,2,Denver Broncos,0,3,0,Interception,3rd & 7 at DEN 33,13:33 2nd Shotgun,— S.Ehlinger pass short left intended for Da.Key INTERCEPTED by K.Hailassie at DEN 47. K.Hailassie ran ob at DEN 46 for 1 yard.
2026,PRESEASON WEEK 3,Friday,August 28th,MIN,DEN,2nd Quarter,3,Minnesota Vikings,1,1,0,9 Yard Pass,1st & 10 at DEN 46,13:28 2nd,— M.Brosmer pass short right to M.Lang to DEN 37 for 9 yards (K.Reid).
2026,PRESEASON WEEK 3,Friday,August 28th,MIN,DEN,2nd Quarter,3,Minnesota Vikings,1,2,0,2 Yard Run,2nd & 1 at DEN 37,12:49 2nd Shotgun,— D.Claiborne right tackle to DEN 35 for 2 yards (K.Reid).
2026,PRESEASON WEEK 3,Friday,August 28th,MIN,DEN,2nd Quarter,3,Minnesota Vikings,1,3,0,3 Yard Run,1st & 10 at DEN 35,12:14 2nd,— D.Claiborne right guard to DEN 32 for 3 yards (K.Reid).
2026,PRESEASON WEEK 3,Friday,August 28th,MIN,DEN,2nd Quarter,3,Minnesota Vikings,1,4,0,1 Yard Pass,2nd & 7 at DEN 32,11:35 2nd Shotgun,— M.Brosmer pass short right to G.Bartholomew pushed ob at DEN 31 for 1 yard (D.Key).
2026,PRESEASON WEEK 3,Friday,August 28th,MIN,DEN,2nd Quarter,3,Minnesota Vikings,1,5,0,-5 Yard Penalty,3rd & 6 at DEN 31,10:55 2nd Shotgun,"— M.Brosmer pass short left to T.Davis pushed ob at DEN 12 for 19 yards (D.Tillman). PENALTY on MIN, Illegal Formation, 5 yards, enforced at DEN 31 - No Play."
2026,PRESEASON WEEK 3,Friday,August 28th,MIN,DEN,2nd Quarter,3,Minnesota Vikings,1,6,0,8 Yard Pass,3rd & 11 at DEN 36,10:37 2nd Shotgun,— M.Brosmer pass short left to D.Bell pushed ob at DEN 28 for 8 yards (J.Skinner).
2026,PRESEASON WEEK 3,Friday,August 28th,MIN,DEN,2nd Quarter,3,Minnesota Vikings,1,7,1,Field Goal,4th & 3 at DEN 28,09:54 2nd,"— W.Reichard 46 yard field goal is GOOD, Center-A.DePaola, Holder-B.Thorson."
2026,PRESEASON WEEK 3,Friday,August 28th,MIN,DEN,2nd Quarter,4,Denver Broncos,1,1,0,Kickoff from MIN 35,,Kickoff,— W.Reichard kicks 60 yards from MIN 35 to DEN 5. K.Katsis pushed ob at MIN 47 for 48 yards (W.Reichard).
2026,PRESEASON WEEK 3,Friday,August 28th,MIN,DEN,2nd Quarter,4,Denver Broncos,1,2,0,12 Yard Run,1st & 10 at MIN 47,09:43 2nd,— C.Schrader up the middle to MIN 35 for 12 yards (Z.Vaughn).
2026,PRESEASON WEEK 3,Friday,August 28th,MIN,DEN,2nd Quarter,4,Denver Broncos,1,3,0,2 Yard Run,1st & 10 at MIN 35,09:14 2nd,— C.Schrader left tackle to MIN 33 for 2 yards (J.Ritzie).
2026,PRESEASON WEEK 3,Friday,August 28th,MIN,DEN,2nd Quarter,4,Denver Broncos,1,4,0,6 Yard Pass,2nd & 8 at MIN 33,08:36 2nd,— S.Ehlinger pass short middle to C.Ross to MIN 27 for 6 yards (J.Roberts).
2026,PRESEASON WEEK 3,Friday,August 28th,MIN,DEN,2nd Quarter,4,Denver Broncos,1,5,0,15 Yard Pass,3rd & 2 at MIN 27,07:59 2nd,— S.Ehlinger pass short right to C.Schrader pushed ob at MIN 12 for 15 yards (J.Ross).
2026,PRESEASON WEEK 3,Friday,August 28th,MIN,DEN,2nd Quarter,4,Denver Broncos,1,6,0,-7 Yard Run,1st & 10 at MIN 12,07:22 2nd,— C.Ross left end to MIN 19 for -7 yards (K.Hailassie).
2026,PRESEASON WEEK 3,Friday,August 28th,MIN,DEN,2nd Quarter,4,Denver Broncos,1,7,0,-3 Yard Pass,2nd & 17 at MIN 19,06:41 2nd Shotgun,"— S.Ehlinger pass short left to J.McLaughlin pushed ob at MIN 7 for 12 yards (T.Thomas) [K.Dyson]. PENALTY on DEN-Da.Key, Offensive Holding, 10 yards, enforced at MIN 12."
2026,PRESEASON WEEK 3,Friday,August 28th,MIN,DEN,2nd Quarter,4,Denver Broncos,1,8,0,4 Yard Pass,2nd & 20 at MIN 22,06:23 2nd Shotgun,— S.Ehlinger pass short right to J.McLaughlin to MIN 18 for 4 yards (K.Dyson).
2026,PRESEASON WEEK 3,Friday,August 28th,MIN,DEN,2nd Quarter,4,Denver Broncos,1,9,0,Pass Incomplete,3rd & 16 at MIN 18,05:39 2nd Shotgun,— S.Ehlinger pass incomplete short right [B.Richter].
2026,PRESEASON WEEK 3,Friday,August 28th,MIN,DEN,2nd Quarter,4,Denver Broncos,1,10,1,Field Goal,4th & 16 at MIN 18,05:34 2nd,"— W.Lutz 37 yard field goal is GOOD, Center-L.Basso, Holder-J.Crawshaw."
2026,PRESEASON WEEK 3,Friday,August 28th,MIN,DEN,2nd Quarter,5,Minnesota Vikings,1,1,0,Kickoff from DEN 35,,Kickoff,"— W.Lutz kicks 65 yards from DEN 35 to end zone, Touchback to the MIN 35."
2026,PRESEASON WEEK 3,Friday,August 28th,MIN,DEN,2nd Quarter,5,Minnesota Vikings,1,2,0,9 Yard Pass,1st & 10 at MIN 35,05:30 2nd Shotgun,— M.Brosmer pass short right to D.Fleming pushed ob at MIN 44 for 9 yards (J.Skinner).
2026,PRESEASON WEEK 3,Friday,August 28th,MIN,DEN,2nd Quarter,5,Minnesota Vikings,1,3,0,2 Yard Run,2nd & 1 at MIN 44,05:01 2nd,— D.Claiborne left guard to MIN 46 for 2 yards (J.Skinner; J.Miller).
2026,PRESEASON WEEK 3,Friday,August 28th,MIN,DEN,2nd Quarter,5,Minnesota Vikings,1,4,0,5 Yard Run,1st & 10 at MIN 46,04:21 2nd,— D.Claiborne right tackle to DEN 49 for 5 yards (J.Jackson; R.Taylor). DEN-R.Taylor was injured during the play.
2026,PRESEASON WEEK 3,Friday,August 28th,MIN,DEN,2nd Quarter,5,Minnesota Vikings,1,5,0,12 Yard Pass,2nd & 5 at DEN 49,03:55 2nd,— M.Brosmer pass short right to G.Bartholomew to DEN 37 for 12 yards (K.Reid).
2026,PRESEASON WEEK 3,Friday,August 28th,MIN,DEN,2nd Quarter,5,Minnesota Vikings,1,6,0,11 Yard Pass,1st & 10 at DEN 37,"03:26 2nd No Huddle, Shotgun",— M.Brosmer pass short right to D.Fleming to DEN 26 for 11 yards (K.Abrams-Draine).
2026,PRESEASON WEEK 3,Friday,August 28th,MIN,DEN,2nd Quarter,5,Minnesota Vikings,1,7,0,Pass Incomplete,1st & 10 at DEN 26,"02:55 2nd No Huddle, Shotgun",— M.Brosmer pass incomplete short right to D.Bell (K.Abrams-Draine).
2026,PRESEASON WEEK 3,Friday,August 28th,MIN,DEN,2nd Quarter,5,Minnesota Vikings,1,8,0,9 Yard Pass,2nd & 10 at DEN 26,02:50 2nd Shotgun,— M.Brosmer pass short right to M.Lang to DEN 17 for 9 yards (K.Reid).
2026,PRESEASON WEEK 3,Friday,August 28th,MIN,DEN,2nd Quarter,5,Minnesota Vikings,1,9,0,1 Yard Run,3rd & 1 at DEN 17,02:19 2nd No Huddle,— M.Brosmer up the middle to DEN 16 for 1 yard (D.Tillman).
2026,PRESEASON WEEK 3,Friday,August 28th,MIN,DEN,2nd Quarter,5,Minnesota Vikings,1,10,0,2 Yard Run,1st & 10 at DEN 16,02:00 2nd,— D.Claiborne left tackle to DEN 14 for 2 yards (Q.Robinson).
2026,PRESEASON WEEK 3,Friday,August 28th,MIN,DEN,2nd Quarter,5,Minnesota Vikings,1,11,0,Timeout,,01:56 2nd,— Timeout #1 by DEN at 01:56.
2026,PRESEASON WEEK 3,Friday,August 28th,MIN,DEN,2nd Quarter,5,Minnesota Vikings,1,12,0,9 Yard Pass,2nd & 8 at DEN 14,01:56 2nd,— M.Brosmer pass short right to D.Fleming pushed ob at DEN 5 for 9 yards (J.Turner).
2026,PRESEASON WEEK 3,Friday,August 28th,MIN,DEN,2nd Quarter,5,Minnesota Vikings,1,13,0,Pass Incomplete,1st & 5 at DEN 5,01:49 2nd Shotgun,— M.Brosmer pass incomplete short right to D.Bell [J.Turner].
2026,PRESEASON WEEK 3,Friday,August 28th,MIN,DEN,2nd Quarter,5,Minnesota Vikings,1,14,0,-5 Yard Penalty,2nd & 5 at DEN 5,01:44 2nd,"— PENALTY on MIN, Delay of Game, 5 yards, enforced at DEN 5 - No Play."
2026,PRESEASON WEEK 3,Friday,August 28th,MIN,DEN,2nd Quarter,5,Minnesota Vikings,1,15,0,Pass Incomplete,2nd & 10 at DEN 10,01:44 2nd Shotgun,— M.Brosmer pass incomplete short left.
2026,PRESEASON WEEK 3,Friday,August 28th,MIN,DEN,2nd Quarter,5,Minnesota Vikings,1,16,0,Pass Incomplete,3rd & 10 at DEN 10,01:40 2nd Shotgun,— M.Brosmer pass incomplete short right.
2026,PRESEASON WEEK 3,Friday,August 28th,MIN,DEN,2nd Quarter,5,Minnesota Vikings,1,17,1,Field Goal,4th & 10 at DEN 10,01:33 2nd,"— W.Reichard 28 yard field goal is GOOD, Center-A.DePaola, Holder-J.Hekker."
2026,PRESEASON WEEK 3,Friday,August 28th,MIN,DEN,2nd Quarter,6,Denver Broncos,1,1,0,Kickoff from MIN 35,,Kickoff,"— W.Reichard kicks 65 yards from MIN 35 to end zone, Touchback to the DEN 35."
2026,PRESEASON WEEK 3,Friday,August 28th,MIN,DEN,2nd Quarter,6,Denver Broncos,1,2,0,13 Yard Pass,1st & 10 at DEN 35,01:30 2nd Shotgun,— S.Ehlinger pass short right to M.Bandy to DEN 48 for 13 yards (B.Kamara; M.Allen).
2026,PRESEASON WEEK 3,Friday,August 28th,MIN,DEN,2nd Quarter,6,Denver Broncos,1,3,0,7 Yard Pass,1st & 10 at DEN 48,"01:11 2nd No Huddle, Shotgun",— S.Ehlinger pass short right to J.Joly to MIN 45 for 7 yards (J.Ross).
2026,PRESEASON WEEK 3,Friday,August 28th,MIN,DEN,2nd Quarter,6,Denver Broncos,1,4,0,25 Yard Pass,2nd & 3 at MIN 45,"00:41 2nd No Huddle, Shotgun",— S.Ehlinger pass deep right to Da.Key to MIN 20 for 25 yards (Jak.Thomas).
2026,PRESEASON WEEK 3,Friday,August 28th,MIN,DEN,2nd Quarter,6,Denver Broncos,1,5,0,Timeout,,00:32 2nd,— Timeout #2 by DEN at 00:32.
2026,PRESEASON WEEK 3,Friday,August 28th,MIN,DEN,2nd Quarter,6,Denver Broncos,1,6,0,Pass Incomplete,1st & 10 at MIN 20,00:32 2nd Shotgun,— S.Ehlinger pass incomplete short left to M.Bandy (B.Richter).
2026,PRESEASON WEEK 3,Friday,August 28th,MIN,DEN,2nd Quarter,6,Denver Broncos,1,7,1,Touchdown,2nd & 10 at MIN 20,00:29 2nd Shotgun,"— S.Ehlinger pass short middle to J.McLaughlin for 20 yards, TOUCHDOWN."
2026,PRESEASON WEEK 3,Friday,August 28th,MIN,DEN,2nd Quarter,6,Denver Broncos,1,8,1,Extra Point,,00:22 2nd,"— W.Lutz extra point is GOOD, Center-L.Basso, Holder-J.Crawshaw."
2026,PRESEASON WEEK 3,Friday,August 28th,MIN,DEN,2nd Quarter,7,Minnesota Vikings,0,1,0,Kickoff from DEN 35,,Kickoff,"— W.Lutz kicks 65 yards from DEN 35 to end zone, Touchback to the MIN 35."
2026,PRESEASON WEEK 3,Friday,August 28th,MIN,DEN,2nd Quarter,7,Minnesota Vikings,0,2,0,Pass Incomplete,1st & 10 at MIN 35,00:22 2nd Shotgun,— M.Brosmer pass incomplete deep right to D.Fleming.
2026,PRESEASON WEEK 3,Friday,August 28th,MIN,DEN,2nd Quarter,7,Minnesota Vikings,0,3,0,2 Yard Pass,2nd & 10 at MIN 35,00:19 2nd Shotgun,— M.Brosmer pass short left to G.Bartholomew pushed ob at MIN 37 for 2 yards (J.Turner).
2026,PRESEASON WEEK 3,Friday,August 28th,MIN,DEN,2nd Quarter,7,Minnesota Vikings,0,4,0,Pass Incomplete,3rd & 8 at MIN 37,00:12 2nd Shotgun,— M.Brosmer pass incomplete short left to D.Bell [T.Onyedim].
2026,PRESEASON WEEK 3,Friday,August 28th,MIN,DEN,2nd Quarter,7,Minnesota Vikings,0,5,0,Punt,4th & 8 at MIN 37,00:08 2nd,"— J.Hekker punts 57 yards to DEN 6, Center-A.DePaola. C.Ross MUFFS catch, and recovers at DEN 16."
2026,PRESEASON WEEK 3,Friday,August 28th,MIN,DEN,3rd Quarter,1,Minnesota Vikings,0,1,0,Kickoff from DEN 35,,Kickoff,— W.Lutz kicks 59 yards from DEN 35 to MIN 6. T.Rudolph to MIN 28 for 22 yards (D.McCullough).
2026,PRESEASON WEEK 3,Friday,August 28th,MIN,DEN,3rd Quarter,1,Minnesota Vikings,0,2,0,7 Yard Pass,1st & 10 at MIN 28,14:55 3rd Shotgun,— M.Brosmer pass short right to Z.Scott pushed ob at MIN 35 for 7 yards (R.Murdock).
2026,PRESEASON WEEK 3,Friday,August 28th,MIN,DEN,3rd Quarter,1,Minnesota Vikings,0,3,0,0 Yard Run,2nd & 3 at MIN 35,14:18 3rd,— Z.Scott right end to MIN 35 for no gain (S.Jones; P.Robertson).
2026,PRESEASON WEEK 3,Friday,August 28th,MIN,DEN,3rd Quarter,1,Minnesota Vikings,0,4,0,-10 Yard Penalty,3rd & 3 at MIN 35,13:37 3rd Shotgun,"— M.Brosmer pass short left to D.Fleming to MIN 41 for 6 yards (S.Fresch). PENALTY on MIN-D.Bell, Offensive Pass Interference, 10 yards, enforced at MIN 35 - No Play."
2026,PRESEASON WEEK 3,Friday,August 28th,MIN,DEN,3rd Quarter,1,Minnesota Vikings,0,5,0,Pass Incomplete,3rd & 13 at MIN 25,13:20 3rd Shotgun,— M.Brosmer pass incomplete short right to D.Fleming.
2026,PRESEASON WEEK 3,Friday,August 28th,MIN,DEN,3rd Quarter,1,Minnesota Vikings,0,6,0,Punt,4th & 13 at MIN 25,13:15 3rd,"— B.Thorson punts 58 yards to DEN 17, Center-A.DePaola. K.Katsis pushed ob at DEN 35 for 18 yards (Je.Jefferson). Penalty on DEN-J.McLaughlin, Illegal Block Above the Waist, offsetting, enforced at DEN 30. Penalty on MIN-Je.Jefferson, Face Mask, offsetting."
2026,PRESEASON WEEK 3,Friday,August 28th,MIN,DEN,3rd Quarter,2,Denver Broncos,0,1,0,1 Yard Run,1st & 10 at DEN 30,12:57 3rd,— J.McLaughlin right end to DEN 31 for 1 yard (B.Kamara; J.Harris). MIN-J.Roberts was injured during the play.
2026,PRESEASON WEEK 3,Friday,August 28th,MIN,DEN,3rd Quarter,2,Denver Broncos,0,2,0,8 Yard Run,2nd & 9 at DEN 31,12:36 3rd,— J.McLaughlin left guard to DEN 39 for 8 yards (J.Ross; K.Hailassie).
2026,PRESEASON WEEK 3,Friday,August 28th,MIN,DEN,3rd Quarter,2,Denver Broncos,0,3,0,-4 Yard Penalty,3rd & 1 at DEN 39,11:51 3rd,"— A.Prentice up the middle to DEN 42 for 3 yards (J.Ross; B.Richter). PENALTY on DEN, Illegal Formation, 4 yards, enforced at DEN 39 - No Play."
2026,PRESEASON WEEK 3,Friday,August 28th,MIN,DEN,3rd Quarter,2,Denver Broncos,0,4,0,1 Yard Pass,3rd & 5 at DEN 35,11:27 3rd Shotgun,— S.Ehlinger pass short left to J.McLaughlin to DEN 36 for 1 yard (Jak.Thomas).
2026,PRESEASON WEEK 3,Friday,August 28th,MIN,DEN,3rd Quarter,2,Denver Broncos,0,5,0,Punt,4th & 4 at DEN 36,10:46 3rd,"— J.Crawshaw punts 47 yards to MIN 17, Center-L.Basso, fair catch by D.Fleming."
2026,PRESEASON WEEK 3,Friday,August 28th,MIN,DEN,3rd Quarter,3,Minnesota Vikings,0,1,0,4 Yard Run,1st & 10 at MIN 17,10:38 3rd,— Z.Scott right tackle to MIN 21 for 4 yards (J.Jackson; K.Williams).
2026,PRESEASON WEEK 3,Friday,August 28th,MIN,DEN,3rd Quarter,3,Minnesota Vikings,0,2,0,3 Yard Pass,2nd & 6 at MIN 21,09:56 3rd,— M.Brosmer pass short left to Z.Scott to MIN 24 for 3 yards (J.Jackson).
2026,PRESEASON WEEK 3,Friday,August 28th,MIN,DEN,3rd Quarter,3,Minnesota Vikings,0,3,0,26 Yard Pass,3rd & 3 at MIN 24,09:10 3rd Shotgun,"— M.Brosmer pass deep right to D.Fleming ran ob at 50 for 26 yards. Denver challenged the pass completion ruling, and the play was Upheld. The ruling on the field stands. (Timeout #1.)"
2026,PRESEASON WEEK 3,Friday,August 28th,MIN,DEN,3rd Quarter,3,Minnesota Vikings,0,4,0,-10 Yard Penalty,1st & 10 at 50,08:55 3rd Shotgun,"— M.Brosmer pass incomplete short left to D.Fleming. PENALTY on MIN-T.Davis, Offensive Pass Interference, 10 yards, enforced at 50 - No Play."
2026,PRESEASON WEEK 3,Friday,August 28th,MIN,DEN,3rd Quarter,3,Minnesota Vikings,0,5,0,Pass Incomplete,1st & 20 at MIN 40,08:50 3rd Shotgun,— M.Brosmer pass incomplete short right to D.Bell [K.Williams]. MIN-T.Davis was injured during the play.
2026,PRESEASON WEEK 3,Friday,August 28th,MIN,DEN,3rd Quarter,3,Minnesota Vikings,0,6,0,11 Yard Pass,2nd & 20 at MIN 40,08:46 3rd Shotgun,— M.Brosmer pass short middle to M.Lang to DEN 49 for 11 yards (S.Fresch; T.York).
2026,PRESEASON WEEK 3,Friday,August 28th,MIN,DEN,3rd Quarter,3,Minnesota Vikings,0,7,0,Pass Incomplete,3rd & 9 at DEN 49,"08:17 3rd No Huddle, Shotgun",— M.Brosmer pass incomplete short right to M.Lang (K.Williams).
2026,PRESEASON WEEK 3,Friday,August 28th,MIN,DEN,3rd Quarter,3,Minnesota Vikings,0,8,0,Punt,4th & 9 at DEN 49,08:11 3rd,"— B.Thorson punts 44 yards to DEN 5, Center-A.DePaola. C.Ross pushed ob at DEN 15 for 10 yards (J.Ross; Z.Scott)."
2026,PRESEASON WEEK 3,Friday,August 28th,MIN,DEN,4th Quarter,1,Denver Broncos,1,1,0,5 Yard Run,1st & 10 at DEN 15,08:02 3rd,— C.Schrader up the middle to DEN 20 for 5 yards (C.Chambliss; J.Harris).
2026,PRESEASON WEEK 3,Friday,August 28th,MIN,DEN,4th Quarter,1,Denver Broncos,1,2,0,2 Yard Run,2nd & 5 at DEN 20,07:16 3rd,— C.Schrader left guard to DEN 22 for 2 yards (J.Harris; B.Kamara).
2026,PRESEASON WEEK 3,Friday,August 28th,MIN,DEN,4th Quarter,1,Denver Broncos,1,3,0,6 Yard Run,3rd & 3 at DEN 22,06:36 3rd Shotgun,— C.Schrader right tackle to DEN 28 for 6 yards (T.Hawkins; B.Kamara).
2026,PRESEASON WEEK 3,Friday,August 28th,MIN,DEN,4th Quarter,1,Denver Broncos,1,4,0,5 Yard Run,1st & 10 at DEN 28,05:53 3rd,— C.Schrader left tackle to DEN 33 for 5 yards (J.Ross).
2026,PRESEASON WEEK 3,Friday,August 28th,MIN,DEN,4th Quarter,1,Denver Broncos,1,5,0,22 Yard Pass,2nd & 5 at DEN 33,05:16 3rd Shotgun,— S.Ehlinger pass short left to C.Schrader to MIN 45 for 22 yards (B.Richter).
2026,PRESEASON WEEK 3,Friday,August 28th,MIN,DEN,4th Quarter,1,Denver Broncos,1,6,0,Pass Incomplete,1st & 10 at MIN 45,04:25 3rd Shotgun,— S.Ehlinger pass incomplete short right [S.Vilbert].
2026,PRESEASON WEEK 3,Friday,August 28th,MIN,DEN,4th Quarter,1,Denver Broncos,1,7,0,9 Yard Run,2nd & 10 at MIN 45,04:19 3rd Shotgun,— J.McLaughlin right guard to MIN 36 for 9 yards (B.Richter).
2026,PRESEASON WEEK 3,Friday,August 28th,MIN,DEN,4th Quarter,1,Denver Broncos,1,8,0,2 Yard Run,3rd & 1 at MIN 36,03:43 3rd,— A.Prentice left guard to MIN 34 for 2 yards (J.Ross; B.Kamara).
2026,PRESEASON WEEK 3,Friday,August 28th,MIN,DEN,4th Quarter,1,Denver Broncos,1,9,0,-2 Yard Run,1st & 10 at MIN 34,03:07 3rd,— J.McLaughlin left end to MIN 36 for -2 yards (J.Ritzie).
2026,PRESEASON WEEK 3,Friday,August 28th,MIN,DEN,4th Quarter,1,Denver Broncos,1,10,0,-1 Yard Run,2nd & 12 at MIN 36,02:23 3rd,— C.Schrader right tackle to MIN 37 for -1 yards (J.Ritzie).
2026,PRESEASON WEEK 3,Friday,August 28th,MIN,DEN,4th Quarter,1,Denver Broncos,1,11,0,5 Yard Penalty,3rd & 13 at MIN 37,01:44 3rd Shotgun,"— S.Ehlinger pass short middle to C.Schrader to MIN 34 for 3 yards (B.Kamara). PENALTY on MIN-J.Ross, Illegal Use of Hands, 5 yards, enforced at MIN 37 - No Play."
2026,PRESEASON WEEK 3,Friday,August 28th,MIN,DEN,4th Quarter,1,Denver Broncos,1,12,0,5 Yard Run,1st & 10 at MIN 32,01:29 3rd,— C.Schrader left end to MIN 27 for 5 yards (K.Hailassie; B.Kamara).
2026,PRESEASON WEEK 3,Friday,August 28th,MIN,DEN,4th Quarter,1,Denver Broncos,1,13,0,4 Yard Run,2nd & 5 at MIN 27,00:48 3rd Shotgun,— J.McLaughlin left guard to MIN 23 for 4 yards (T.Hawkins; I.Loudermilk).
2026,PRESEASON WEEK 3,Friday,August 28th,MIN,DEN,4th Quarter,1,Denver Broncos,1,14,0,1 Yard Pass,3rd & 1 at MIN 23,00:12 3rd,— S.Ehlinger pass short right to J.McLaughlin pushed ob at MIN 22 for 1 yard (B.Kamara).
2026,PRESEASON WEEK 3,Friday,August 28th,MIN,DEN,4th Quarter,1,Denver Broncos,1,15,0,2 Yard Pass,1st & 10 at MIN 22,15:00 4th Shotgun,— S.Ehlinger pass short left to J.McLaughlin pushed ob at MIN 20 for 2 yards (J.Washington; B.Phillips).
2026,PRESEASON WEEK 3,Friday,August 28th,MIN,DEN,4th Quarter,1,Denver Broncos,1,16,0,6 Yard Run,2nd & 8 at MIN 20,14:32 4th Shotgun,— S.Ehlinger up the middle to MIN 14 for 6 yards (J.Ross).
2026,PRESEASON WEEK 3,Friday,August 28th,MIN,DEN,4th Quarter,1,Denver Broncos,1,17,0,0 Yard Run,3rd & 2 at MIN 14,13:52 4th Shotgun,— C.Schrader left guard to MIN 14 for no gain (J.Ross; C.Stewart).
2026,PRESEASON WEEK 3,Friday,August 28th,MIN,DEN,4th Quarter,1,Denver Broncos,1,18,1,Touchdown,4th & 2 at MIN 14,13:14 4th Shotgun,"— S.Ehlinger pass short right to C.Schrader for 14 yards, TOUCHDOWN."
2026,PRESEASON WEEK 3,Friday,August 28th,MIN,DEN,4th Quarter,1,Denver Broncos,1,19,1,Extra Point,,13:04 4th,"— W.Lutz extra point is GOOD, Center-L.Basso, Holder-J.Crawshaw."
2026,PRESEASON WEEK 3,Friday,August 28th,MIN,DEN,4th Quarter,2,Minnesota Vikings,0,1,0,Kickoff from DEN 35,,Kickoff,"— W.Lutz kicks 65 yards from DEN 35 to end zone, Touchback to the MIN 35."
2026,PRESEASON WEEK 3,Friday,August 28th,MIN,DEN,4th Quarter,2,Minnesota Vikings,0,2,0,4 Yard Run,1st & 10 at MIN 35,13:04 4th,— Je.Jefferson up the middle to MIN 39 for 4 yards (K.Williams; J.Walker). ** Injury Update: MIN-T.Davis has returned to the game.
2026,PRESEASON WEEK 3,Friday,August 28th,MIN,DEN,4th Quarter,2,Minnesota Vikings,0,3,0,28 Yard Run,2nd & 6 at MIN 39,12:26 4th,— Je.Jefferson left guard pushed ob at DEN 33 for 28 yards (M.Scott).
2026,PRESEASON WEEK 3,Friday,August 28th,MIN,DEN,4th Quarter,2,Minnesota Vikings,0,4,0,Pass Incomplete,1st & 10 at DEN 33,11:49 4th Shotgun,— M.Brosmer pass incomplete deep right to M.Sanders.
2026,PRESEASON WEEK 3,Friday,August 28th,MIN,DEN,4th Quarter,2,Minnesota Vikings,0,5,0,12 Yard Pass,2nd & 10 at DEN 33,11:44 4th Shotgun,— M.Brosmer pass short right to T.Davis to DEN 21 for 12 yards (P.Robertson).
2026,PRESEASON WEEK 3,Friday,August 28th,MIN,DEN,4th Quarter,2,Minnesota Vikings,0,6,0,11 Yard Pass,1st & 10 at DEN 21,11:08 4th,"— M.Brosmer pass short right to M.Briscoe ran ob at DEN 10 for 11 yards. Penalty on DEN-R.Stone, Defensive Holding, declined."
2026,PRESEASON WEEK 3,Friday,August 28th,MIN,DEN,4th Quarter,2,Minnesota Vikings,0,7,0,4 Yard Pass,1st & 10 at DEN 10,10:44 4th,— M.Brosmer pass short left to T.Davis to DEN 6 for 4 yards (B.Austin).
2026,PRESEASON WEEK 3,Friday,August 28th,MIN,DEN,4th Quarter,2,Minnesota Vikings,0,8,0,Pass Incomplete,2nd & 6 at DEN 6,10:02 4th Shotgun,— M.Brosmer pass incomplete short right to M.Briscoe.
2026,PRESEASON WEEK 3,Friday,August 28th,MIN,DEN,4th Quarter,2,Minnesota Vikings,0,9,0,Pass Incomplete,3rd & 6 at DEN 6,09:56 4th Shotgun,— M.Brosmer pass incomplete short middle to M.Briscoe.
2026,PRESEASON WEEK 3,Friday,August 28th,MIN,DEN,4th Quarter,2,Minnesota Vikings,0,10,0,Turnover on Downs,4th & 6 at DEN 6,09:52 4th Shotgun,— M.Brosmer pass short left to Je.Jefferson to DEN 7 for -1 yards (P.Robertson).
2026,PRESEASON WEEK 3,Friday,August 28th,MIN,DEN,4th Quarter,3,Denver Broncos,1,1,0,-3 Yard Run,1st & 10 at DEN 7,09:47 4th,"— C.Schrader left tackle to DEN 4 for -3 yards (S.Vilbert, B.Kamara)."
2026,PRESEASON WEEK 3,Friday,August 28th,MIN,DEN,4th Quarter,3,Denver Broncos,1,2,0,8 Yard Pass,2nd & 13 at DEN 4,09:06 4th Shotgun,— S.Ehlinger pass short middle to C.Schrader to DEN 12 for 8 yards (B.Kamara; J.Washington) [J.Harris].
2026,PRESEASON WEEK 3,Friday,August 28th,MIN,DEN,4th Quarter,3,Denver Broncos,1,3,1,Touchdown,3rd & 5 at DEN 12,08:22 4th Shotgun,"— S.Ehlinger pass deep middle to J.Joly for 88 yards, TOUCHDOWN."
2026,PRESEASON WEEK 3,Friday,August 28th,MIN,DEN,4th Quarter,3,Denver Broncos,1,4,1,Extra Point,,08:08 4th,"— W.Lutz extra point is GOOD, Center-L.Basso, Holder-J.Crawshaw."
2026,PRESEASON WEEK 3,Friday,August 28th,MIN,DEN,4th Quarter,4,Minnesota Vikings,0,1,0,Kickoff from DEN 35,,Kickoff,"— W.Lutz kicks 65 yards from DEN 35 to end zone, Touchback to the MIN 35."
2026,PRESEASON WEEK 3,Friday,August 28th,MIN,DEN,4th Quarter,4,Minnesota Vikings,0,2,0,4 Yard Run,1st & 10 at MIN 35,08:08 4th Shotgun,— Z.Scott right tackle to MIN 39 for 4 yards (T.York; K.Williams).
2026,PRESEASON WEEK 3,Friday,August 28th,MIN,DEN,4th Quarter,4,Minnesota Vikings,0,3,0,Pass Incomplete,2nd & 6 at MIN 39,07:33 4th,— M.Brosmer pass incomplete short right to T.Davis [J.Walker].
2026,PRESEASON WEEK 3,Friday,August 28th,MIN,DEN,4th Quarter,4,Minnesota Vikings,0,4,0,Pass Incomplete,3rd & 6 at MIN 39,07:28 4th Shotgun,— M.Brosmer pass incomplete deep right to M.Sanders.
2026,PRESEASON WEEK 3,Friday,August 28th,MIN,DEN,4th Quarter,4,Minnesota Vikings,0,5,0,Punt,4th & 6 at MIN 39,07:23 4th,"— J.Hekker punts 54 yards to DEN 7, Center-A.DePaola. K.Katsis pushed ob at DEN 25 for 18 yards (Z.Scott)."
2026,PRESEASON WEEK 3,Friday,August 28th,MIN,DEN,4th Quarter,5,Denver Broncos,0,1,0,0 Yard Run,1st & 10 at DEN 25,07:12 4th,— C.Schrader right guard to DEN 25 for no gain (K.Hailassie; I.Loudermilk).
2026,PRESEASON WEEK 3,Friday,August 28th,MIN,DEN,4th Quarter,5,Denver Broncos,0,2,0,0 Yard Run,2nd & 10 at DEN 25,06:36 4th Shotgun,— C.Schrader right end to DEN 25 for no gain (C.Stewart; I.Loudermilk).
2026,PRESEASON WEEK 3,Friday,August 28th,MIN,DEN,4th Quarter,5,Denver Broncos,0,3,0,Pass Incomplete,3rd & 10 at DEN 25,05:58 4th Shotgun,— S.Ehlinger pass incomplete deep right to J.Manjack.
2026,PRESEASON WEEK 3,Friday,August 28th,MIN,DEN,4th Quarter,5,Denver Broncos,0,4,0,Punt,4th & 10 at DEN 25,05:51 4th,"— J.Crawshaw punts 58 yards to MIN 17, Center-L.Basso. T.Rudolph pushed ob at MIN 26 for 9 yards (Da.Key)."
2026,PRESEASON WEEK 3,Friday,August 28th,MIN,DEN,4th Quarter,6,Minnesota Vikings,0,1,0,3 Yard Run,1st & 10 at MIN 26,05:41 4th Shotgun,— Je.Jefferson right tackle to MIN 29 for 3 yards (T.York).
2026,PRESEASON WEEK 3,Friday,August 28th,MIN,DEN,4th Quarter,6,Minnesota Vikings,0,2,0,-1 Yard Run,2nd & 7 at MIN 29,05:05 4th,"— Je.Jefferson right end to MIN 28 for -1 yards (J.Walker, R.Hallman)."
2026,PRESEASON WEEK 3,Friday,August 28th,MIN,DEN,4th Quarter,6,Minnesota Vikings,0,3,0,9 Yard Pass,3rd & 8 at MIN 28,04:28 4th Shotgun,— M.Brosmer pass short middle to M.Lang to MIN 37 for 9 yards (R.Murdock).
2026,PRESEASON WEEK 3,Friday,August 28th,MIN,DEN,4th Quarter,6,Minnesota Vikings,0,4,0,13 Yard Run,1st & 10 at MIN 37,03:52 4th Shotgun,— Je.Jefferson up the middle to 50 for 13 yards (S.Fresch; M.Scott).
2026,PRESEASON WEEK 3,Friday,August 28th,MIN,DEN,4th Quarter,6,Minnesota Vikings,0,5,0,12 Yard Run,1st & 10 at 50,03:09 4th,— Je.Jefferson up the middle to DEN 38 for 12 yards (R.Hallman; P.Robertson).
2026,PRESEASON WEEK 3,Friday,August 28th,MIN,DEN,4th Quarter,6,Minnesota Vikings,0,6,0,1 Yard Pass,1st & 10 at DEN 38,02:33 4th,— M.Brosmer pass short right to M.Lauter to DEN 37 for 1 yard (M.Scott).
2026,PRESEASON WEEK 3,Friday,August 28th,MIN,DEN,4th Quarter,6,Minnesota Vikings,0,7,0,Pass Incomplete,2nd & 9 at DEN 37,02:01 4th Shotgun,— M.Brosmer pass incomplete deep right to M.Sanders.
2026,PRESEASON WEEK 3,Friday,August 28th,MIN,DEN,4th Quarter,6,Minnesota Vikings,0,8,0,Fumble,3rd & 9 at DEN 37,01:57 4th Shotgun,"— M.Brosmer pass short left to M.Lang to DEN 24 for 13 yards (M.Scott; R.Murdock). FUMBLES (M.Scott), RECOVERED by DEN-P.Robertson at DEN 25. MIN-M.Lang was injured during the play."
2026,PRESEASON WEEK 3,Friday,August 28th,MIN,DEN,4th Quarter,7,Denver Broncos,0,1,0,0 Yard Run,1st & 10 at DEN 25,01:46 4th,— S.Ehlinger kneels to DEN 25 for no gain.
2026,PRESEASON WEEK 3,Friday,August 28th,MIN,DEN,4th Quarter,7,Denver Broncos,0,2,0,0 Yard Run,2nd & 10 at DEN 25,01:07 4th,— S.Ehlinger kneels to DEN 25 for no gain.
2026,PRESEASON WEEK 3,Friday,August 28th,MIN,DEN,4th Quarter,7,Denver Broncos,0,3,0,-1 Yard Run,3rd & 10 at DEN 25,00:38 4th,— S.Ehlinger kneels to DEN 24 for -1 yards.
2026,PRESEASON WEEK 3,Saturday,August 29th,DET,IND,1st Quarter,1,Indianapolis Colts,1,1,0,Kickoff from DET 35,,Kickoff,— J.Bates kicks 62 yards from DET 35 to IND 3. A.Dulin to IND 27 for 24 yards (A.Brown; J.Meeks).
2026,PRESEASON WEEK 3,Saturday,August 29th,DET,IND,1st Quarter,1,Indianapolis Colts,1,2,0,4 Yard Run,1st & 10 at IND 27,14:53 1st,— S.McGowan left tackle to IND 31 for 4 yards (L.Onwuzurike).
2026,PRESEASON WEEK 3,Saturday,August 29th,DET,IND,1st Quarter,1,Indianapolis Colts,1,3,0,24 Yard Pass,2nd & 6 at IND 31,14:17 1st,— A.Richardson pass deep left to K.Allen to DET 45 for 24 yards (R.McCreary).
2026,PRESEASON WEEK 3,Saturday,August 29th,DET,IND,1st Quarter,1,Indianapolis Colts,1,4,0,12 Yard Pass,1st & 10 at DET 45,13:35 1st,— A.Richardson pass short left to C.Owen ran ob at DET 33 for 12 yards (E.Rakestraw; A.Brown). IND-C.Owen was injured during the play.
2026,PRESEASON WEEK 3,Saturday,August 29th,DET,IND,1st Quarter,1,Indianapolis Colts,1,5,0,0 Yard Run,1st & 10 at DET 33,13:19 1st Shotgun,— A.Richardson left tackle to DET 33 for no gain (E.Rakestraw; A.Ogbongbemiga).
2026,PRESEASON WEEK 3,Saturday,August 29th,DET,IND,1st Quarter,1,Indianapolis Colts,1,6,0,5 Yard Pass,2nd & 10 at DET 33,12:42 1st Shotgun,— A.Richardson pass short right to S.McGowan pushed ob at DET 28 for 5 yards (N.Whiteside).
2026,PRESEASON WEEK 3,Saturday,August 29th,DET,IND,1st Quarter,1,Indianapolis Colts,1,7,0,Pass Incomplete,3rd & 5 at DET 28,12:06 1st Shotgun,— A.Richardson pass incomplete short right to L.Treadwell.
2026,PRESEASON WEEK 3,Saturday,August 29th,DET,IND,1st Quarter,1,Indianapolis Colts,1,8,1,Field Goal,4th & 5 at DET 28,12:02 1st,"— B.Grupe 46 yard field goal is GOOD, Center-L.Rhodes, Holder-R.Sanchez."
2026,PRESEASON WEEK 3,Saturday,August 29th,DET,IND,1st Quarter,2,Detroit Lions,0,1,0,Kickoff from IND 35,,Kickoff,— B.Grupe kicks 61 yards from IND 35 to DET 4. Tr.Williams to DET 28 for 24 yards (J.Tuimoloau).
2026,PRESEASON WEEK 3,Saturday,August 29th,DET,IND,1st Quarter,2,Detroit Lions,0,2,0,5 Yard Run,1st & 10 at DET 28,11:53 1st,— J.Saylors left guard to DET 33 for 5 yards (G.Stewart).
2026,PRESEASON WEEK 3,Saturday,August 29th,DET,IND,1st Quarter,2,Detroit Lions,0,3,0,6 Yard Pass,2nd & 5 at DET 33,11:22 1st,— L.Altmyer pass short right to J.Saylors to DET 39 for 6 yards (A.Key).
2026,PRESEASON WEEK 3,Saturday,August 29th,DET,IND,1st Quarter,2,Detroit Lions,0,4,0,2 Yard Pass,1st & 10 at DET 39,10:48 1st,— L.Altmyer pass short right to J.Meeks to DET 41 for 2 yards (J.Carlies).
2026,PRESEASON WEEK 3,Saturday,August 29th,DET,IND,1st Quarter,2,Detroit Lions,0,5,0,Interception,2nd & 8 at DET 41,10:09 1st,— L.Altmyer pass short right intended for T.Gordon INTERCEPTED by A.Gardner at DET 49. A.Gardner to DET 41 for 8 yards (B.Bartch).
2026,PRESEASON WEEK 3,Saturday,August 29th,DET,IND,1st Quarter,3,Indianapolis Colts,1,1,0,9 Yard Pass,1st & 10 at DET 41,10:02 1st Shotgun,— A.Richardson pass short left to A.Gould pushed ob at DET 32 for 9 yards (K.Abney).
2026,PRESEASON WEEK 3,Saturday,August 29th,DET,IND,1st Quarter,3,Indianapolis Colts,1,2,0,4 Yard Run,2nd & 1 at DET 32,09:34 1st Shotgun,— S.McGowan up the middle to DET 28 for 4 yards (R.McCreary; E.Rakestraw).
2026,PRESEASON WEEK 3,Saturday,August 29th,DET,IND,1st Quarter,3,Indianapolis Colts,1,3,0,10 Yard Run,1st & 10 at DET 28,08:58 1st,— S.McGowan left end to DET 18 for 10 yards (A.Brown; E.Rakestraw).
2026,PRESEASON WEEK 3,Saturday,August 29th,DET,IND,1st Quarter,3,Indianapolis Colts,1,4,0,2 Yard Run,1st & 10 at DET 18,08:19 1st,— S.McGowan right end to DET 16 for 2 yards (J.Bachie).
2026,PRESEASON WEEK 3,Saturday,August 29th,DET,IND,1st Quarter,3,Indianapolis Colts,1,5,0,Pass Incomplete,2nd & 8 at DET 16,07:40 1st Shotgun,— A.Richardson pass incomplete deep left to N.Westbrook-Ikhine.
2026,PRESEASON WEEK 3,Saturday,August 29th,DET,IND,1st Quarter,3,Indianapolis Colts,1,6,0,-10 Yard Penalty,3rd & 8 at DET 16,07:35 1st Shotgun,"— A.Richardson pass short right to D.Burks pushed ob at DET 5 for 11 yards (A.Ogbongbemiga). PENALTY on IND-P.Brown, Offensive Pass Interference, 10 yards, enforced at DET 16 - No Play."
2026,PRESEASON WEEK 3,Saturday,August 29th,DET,IND,1st Quarter,3,Indianapolis Colts,1,7,0,8 Yard Pass,3rd & 18 at DET 26,07:06 1st Shotgun,— A.Richardson pass short left to A.Gould ran ob at DET 18 for 8 yards (R.McCreary).
2026,PRESEASON WEEK 3,Saturday,August 29th,DET,IND,1st Quarter,3,Indianapolis Colts,1,8,1,Field Goal,4th & 10 at DET 18,06:37 1st,"— B.Grupe 36 yard field goal is GOOD, Center-L.Rhodes, Holder-R.Sanchez."
2026,PRESEASON WEEK 3,Saturday,August 29th,DET,IND,1st Quarter,4,Detroit Lions,1,1,0,Kickoff from IND 35,,Kickoff,— B.Grupe kicks 64 yards from IND 35 to DET 1. J.Small to DET 25 for 24 yards (J.Tuimoloau).
2026,PRESEASON WEEK 3,Saturday,August 29th,DET,IND,1st Quarter,4,Detroit Lions,1,2,0,27 Yard Run,1st & 10 at DET 25,06:28 1st,"— J.Saylors right tackle to DET 47 for 22 yards (J.Owens). PENALTY on IND-G.Gumbs, Illegal Use of Hands, 5 yards, enforced at DET 47."
2026,PRESEASON WEEK 3,Saturday,August 29th,DET,IND,1st Quarter,4,Detroit Lions,1,3,0,2 Yard Run,1st & 10 at IND 48,06:06 1st,— J.Saylors left tackle to IND 46 for 2 yards (T.Smith; A.Ajiake).
2026,PRESEASON WEEK 3,Saturday,August 29th,DET,IND,1st Quarter,4,Detroit Lions,1,4,0,1 Yard Run,2nd & 8 at IND 46,05:32 1st,— J.Saylors up the middle to IND 45 for 1 yard (C.Taylor-Britt).
2026,PRESEASON WEEK 3,Saturday,August 29th,DET,IND,1st Quarter,4,Detroit Lions,1,5,0,15 Yard Pass,3rd & 7 at IND 45,04:56 1st Shotgun,— L.Altmyer pass short middle to G.Dortch to IND 30 for 15 yards (J.Owens).
2026,PRESEASON WEEK 3,Saturday,August 29th,DET,IND,1st Quarter,4,Detroit Lions,1,6,0,Pass Incomplete,1st & 10 at IND 30,04:20 1st Shotgun,— L.Altmyer pass incomplete short middle to T.Martin [A.Adebawore].
2026,PRESEASON WEEK 3,Saturday,August 29th,DET,IND,1st Quarter,4,Detroit Lions,1,7,0,1 Yard Run,2nd & 10 at IND 30,04:17 1st Shotgun,— J.Saylors up the middle to IND 29 for 1 yard (H.Wohler).
2026,PRESEASON WEEK 3,Saturday,August 29th,DET,IND,1st Quarter,4,Detroit Lions,1,8,0,19 Yard Pass,3rd & 9 at IND 29,03:42 1st Shotgun,— L.Altmyer pass short left to L.Jackson to IND 10 for 19 yards (H.Wohler).
2026,PRESEASON WEEK 3,Saturday,August 29th,DET,IND,1st Quarter,4,Detroit Lions,1,9,0,3 Yard Run,1st & 10 at IND 10,03:01 1st,— J.Saylors right guard to IND 7 for 3 yards (A.Adebawore).
2026,PRESEASON WEEK 3,Saturday,August 29th,DET,IND,1st Quarter,4,Detroit Lions,1,10,0,6 Yard Pass,2nd & 7 at IND 7,02:25 1st Shotgun,"— L.Altmyer pass short left to T.Martin to IND 1 for 6 yards (R.Carter, J.Owens)."
2026,PRESEASON WEEK 3,Saturday,August 29th,DET,IND,1st Quarter,4,Detroit Lions,1,11,1,Touchdown,3rd & 1 at IND 1,01:47 1st Shotgun,"— Tr.Williams up the middle for 1 yard, TOUCHDOWN."
2026,PRESEASON WEEK 3,Saturday,August 29th,DET,IND,1st Quarter,4,Detroit Lions,1,12,0,Extra Point No Good,,01:44 1st,"— J.Bates extra point is No Good, Wide Right, Center-H.Hatten, Holder-J.Fox."
2026,PRESEASON WEEK 3,Saturday,August 29th,DET,IND,2nd Quarter,1,Indianapolis Colts,0,1,0,Kickoff from DET 35,,Kickoff,— J.Bates kicks 63 yards from DET 35 to IND 2. S.McGowan to IND 25 for 23 yards (E.O'Neill; E.Hunter).
2026,PRESEASON WEEK 3,Saturday,August 29th,DET,IND,2nd Quarter,1,Indianapolis Colts,0,2,0,17 Yard Pass,1st & 10 at IND 25,01:39 1st Shotgun,— A.Richardson pass deep left to N.Westbrook-Ikhine ran ob at IND 42 for 17 yards.
2026,PRESEASON WEEK 3,Saturday,August 29th,DET,IND,2nd Quarter,1,Indianapolis Colts,0,3,0,Pass Incomplete,1st & 10 at IND 42,01:11 1st,— A.Richardson pass incomplete deep middle to D.Burks.
2026,PRESEASON WEEK 3,Saturday,August 29th,DET,IND,2nd Quarter,1,Indianapolis Colts,0,4,0,5 Yard Pass,2nd & 10 at IND 42,01:06 1st Shotgun,— A.Richardson pass short left to D.Burks to IND 47 for 5 yards (A.Ogbongbemiga).
2026,PRESEASON WEEK 3,Saturday,August 29th,DET,IND,2nd Quarter,1,Indianapolis Colts,0,5,0,-5 Yard Sack,3rd & 5 at IND 47,00:29 1st Shotgun,— A.Richardson sacked at IND 42 for -5 yards (S.Gill-Howard).
2026,PRESEASON WEEK 3,Saturday,August 29th,DET,IND,2nd Quarter,1,Indianapolis Colts,0,6,0,Punt,4th & 10 at IND 42,15:00 2nd,"— R.Sanchez punts 45 yards to DET 13, Center-L.Rhodes, fair catch by T.Kennedy."
2026,PRESEASON WEEK 3,Saturday,August 29th,DET,IND,2nd Quarter,2,Detroit Lions,1,1,0,2 Yard Pass,1st & 10 at DET 13,14:53 2nd Shotgun,— J.Dobbs pass short left to T.Martin to DET 15 for 2 yards (C.Taylor-Britt).
2026,PRESEASON WEEK 3,Saturday,August 29th,DET,IND,2nd Quarter,2,Detroit Lions,1,2,0,0 Yard Run,2nd & 8 at DET 15,14:19 2nd,"— J.Dobbs FUMBLES (Aborted) at DET 14, recovered by DET-B.Bartch at DET 15."
2026,PRESEASON WEEK 3,Saturday,August 29th,DET,IND,2nd Quarter,2,Detroit Lions,1,3,0,21 Yard Pass,3rd & 8 at DET 15,13:42 2nd Shotgun,— J.Dobbs pass deep right to L.Jackson to DET 36 for 21 yards (R.Carter).
2026,PRESEASON WEEK 3,Saturday,August 29th,DET,IND,2nd Quarter,2,Detroit Lions,1,4,0,16 Yard Run,1st & 10 at DET 36,13:01 2nd,— Tr.Williams right tackle to IND 48 for 16 yards (H.Wohler).
2026,PRESEASON WEEK 3,Saturday,August 29th,DET,IND,2nd Quarter,2,Detroit Lions,1,5,0,3 Yard Run,1st & 10 at IND 48,12:24 2nd,— Tr.Williams right guard to IND 45 for 3 yards (J.Tuimoloau; C.Taylor-Britt).
2026,PRESEASON WEEK 3,Saturday,August 29th,DET,IND,2nd Quarter,2,Detroit Lions,1,6,0,Pass Incomplete,2nd & 7 at IND 45,11:54 2nd,"— J.Dobbs pass incomplete short left to J.Saylors [H.Wohler]. Penalty on DET-M.Miller, Ineligible Downfield Pass, declined."
2026,PRESEASON WEEK 3,Saturday,August 29th,DET,IND,2nd Quarter,2,Detroit Lions,1,7,0,6 Yard Pass,3rd & 7 at IND 45,11:48 2nd Shotgun,— J.Dobbs pass short right to T.Martin pushed ob at IND 39 for 6 yards (R.Carter).
2026,PRESEASON WEEK 3,Saturday,August 29th,DET,IND,2nd Quarter,2,Detroit Lions,1,8,0,5 Yard Pass,4th & 1 at IND 39,11:24 2nd,— J.Dobbs pass short left to Z.Horton to IND 34 for 5 yards (J.Owens; C.Taylor-Britt).
2026,PRESEASON WEEK 3,Saturday,August 29th,DET,IND,2nd Quarter,2,Detroit Lions,1,9,0,1 Yard Pass,1st & 10 at IND 34,10:53 2nd,— J.Dobbs pass short left to Z.Horton ran ob at IND 33 for 1 yard [C.Curry].
2026,PRESEASON WEEK 3,Saturday,August 29th,DET,IND,2nd Quarter,2,Detroit Lions,1,10,0,16 Yard Run,2nd & 9 at IND 33,10:22 2nd,— J.Saylors right tackle to IND 17 for 16 yards (J.Owens).
2026,PRESEASON WEEK 3,Saturday,August 29th,DET,IND,2nd Quarter,2,Detroit Lions,1,11,0,3 Yard Run,1st & 10 at IND 17,09:38 2nd,— J.Saylors up the middle to IND 14 for 3 yards (A.Adebawore; T.Smith).
2026,PRESEASON WEEK 3,Saturday,August 29th,DET,IND,2nd Quarter,2,Detroit Lions,1,12,0,1 Yard Run,2nd & 7 at IND 14,08:56 2nd,— Tr.Williams left end to IND 13 for 1 yard (C.Taylor-Britt).
2026,PRESEASON WEEK 3,Saturday,August 29th,DET,IND,2nd Quarter,2,Detroit Lions,1,13,0,6 Yard Pass,3rd & 6 at IND 13,08:17 2nd Shotgun,— J.Dobbs pass short left to L.Jackson to IND 7 for 6 yards (M.Rodgers; H.Wohler).
2026,PRESEASON WEEK 3,Saturday,August 29th,DET,IND,2nd Quarter,2,Detroit Lions,1,14,0,Pass Incomplete,1st & 7 at IND 7,07:37 2nd,— J.Dobbs pass incomplete short right to J.Saylors.
2026,PRESEASON WEEK 3,Saturday,August 29th,DET,IND,2nd Quarter,2,Detroit Lions,1,15,0,1 Yard Run,2nd & 7 at IND 7,07:33 2nd Shotgun,— J.Saylors right guard to IND 6 for 1 yard (G.Gumbs; C.Wooden).
2026,PRESEASON WEEK 3,Saturday,August 29th,DET,IND,2nd Quarter,2,Detroit Lions,1,16,1,Touchdown,3rd & 6 at IND 6,06:54 2nd Shotgun,"— J.Dobbs pass short left to J.Meeks for 6 yards, TOUCHDOWN."
2026,PRESEASON WEEK 3,Saturday,August 29th,DET,IND,2nd Quarter,2,Detroit Lions,1,17,1,Extra Point,,06:49 2nd,"— J.Bates extra point is GOOD, Center-H.Hatten, Holder-J.Fox."
2026,PRESEASON WEEK 3,Saturday,August 29th,DET,IND,2nd Quarter,3,Indianapolis Colts,1,1,0,Kickoff from DET 35,,Kickoff,"— J.Bates kicks 35 yards from DET 35 to IND 30, short of landing zone. PENALTY on DET-J.Bates, Kickoff Short of Landing Zone, placed at IND 40."
2026,PRESEASON WEEK 3,Saturday,August 29th,DET,IND,2nd Quarter,3,Indianapolis Colts,1,2,0,2 Yard Run,1st & 10 at IND 40,06:49 2nd,— R.Leonard scrambles right end to IND 42 for 2 yards (J.Bachie).
2026,PRESEASON WEEK 3,Saturday,August 29th,DET,IND,2nd Quarter,3,Indianapolis Colts,1,3,0,9 Yard Pass,2nd & 8 at IND 42,06:07 2nd Shotgun,— R.Leonard pass short middle to A.Gould to DET 49 for 9 yards (S.Gill-Howard).
2026,PRESEASON WEEK 3,Saturday,August 29th,DET,IND,2nd Quarter,3,Indianapolis Colts,1,4,0,2 Yard Run,1st & 10 at DET 49,05:31 2nd,— D.Giddens right end to DET 47 for 2 yards (A.Ogbongbemiga; T.Reeder).
2026,PRESEASON WEEK 3,Saturday,August 29th,DET,IND,2nd Quarter,3,Indianapolis Colts,1,5,0,2 Yard Run,2nd & 8 at DET 47,04:46 2nd Shotgun,— R.Leonard scrambles right end pushed ob at DET 45 for 2 yards (J.Bachie).
2026,PRESEASON WEEK 3,Saturday,August 29th,DET,IND,2nd Quarter,3,Indianapolis Colts,1,6,0,Pass Incomplete,3rd & 6 at DET 45,04:09 2nd Shotgun,— R.Leonard pass incomplete short left to A.Gould.
2026,PRESEASON WEEK 3,Saturday,August 29th,DET,IND,2nd Quarter,3,Indianapolis Colts,1,7,0,25 Yard Pass,4th & 6 at DET 45,04:06 2nd Shotgun,— R.Leonard pass deep left to A.Gould to DET 20 for 25 yards (E.Rakestraw) [S.Gill-Howard].
2026,PRESEASON WEEK 3,Saturday,August 29th,DET,IND,2nd Quarter,3,Indianapolis Colts,1,8,0,14 Yard Pass,1st & 10 at DET 20,"03:35 2nd No Huddle, Shotgun",— R.Leonard pass short left to D.Burks pushed ob at DET 6 for 14 yards (E.Rakestraw).
2026,PRESEASON WEEK 3,Saturday,August 29th,DET,IND,2nd Quarter,3,Indianapolis Colts,1,9,1,Touchdown,1st & 6 at DET 6,02:56 2nd,"— D.Giddens right guard for 6 yards, TOUCHDOWN."
2026,PRESEASON WEEK 3,Saturday,August 29th,DET,IND,2nd Quarter,3,Indianapolis Colts,1,10,0,-5 Yard Penalty,,02:53 2nd,"— (Kick formation) PENALTY on IND, Delay of Game, 5 yards, enforced at DET 15 - No Play."
2026,PRESEASON WEEK 3,Saturday,August 29th,DET,IND,2nd Quarter,3,Indianapolis Colts,1,11,1,Extra Point,,02:53 2nd,"— B.Grupe extra point is GOOD, Center-L.Rhodes, Holder-R.Sanchez."
2026,PRESEASON WEEK 3,Saturday,August 29th,DET,IND,2nd Quarter,4,Detroit Lions,0,1,0,Fumble,,Kickoff,"— B.Grupe kicks 65 yards from IND 35 to DET 0. Tr.Williams to DET 25 for 25 yards (B.Boettcher). FUMBLES (B.Boettcher), RECOVERED by IND-C.Curry at DET 26."
2026,PRESEASON WEEK 3,Saturday,August 29th,DET,IND,2nd Quarter,5,Indianapolis Colts,0,1,0,Pass Incomplete,1st & 10 at DET 26,02:47 2nd,— R.Leonard pass incomplete deep left to D.Burks [A.Ogbongbemiga].
2026,PRESEASON WEEK 3,Saturday,August 29th,DET,IND,2nd Quarter,5,Indianapolis Colts,0,2,0,Pass Incomplete,2nd & 10 at DET 26,02:42 2nd Shotgun,— R.Leonard pass incomplete short left to A.Gould.
2026,PRESEASON WEEK 3,Saturday,August 29th,DET,IND,2nd Quarter,5,Indianapolis Colts,0,3,0,Interception,3rd & 10 at DET 26,02:39 2nd Shotgun,— R.Leonard pass short left intended for A.Gould INTERCEPTED by E.Rakestraw [A.Hassanein] at DET 22. E.Rakestraw to DET 24 for 2 yards (A.Gould).
2026,PRESEASON WEEK 3,Saturday,August 29th,DET,IND,2nd Quarter,6,Detroit Lions,1,1,0,2 Yard Run,1st & 10 at DET 24,02:32 2nd,— J.Saylors left guard to DET 26 for 2 yards (J.Tuimoloau; C.Curry).
2026,PRESEASON WEEK 3,Saturday,August 29th,DET,IND,2nd Quarter,6,Detroit Lions,1,2,0,3 Yard Run,2nd & 8 at DET 26,02:00 2nd,— J.Saylors left guard to DET 29 for 3 yards (A.Ajiake).
2026,PRESEASON WEEK 3,Saturday,August 29th,DET,IND,2nd Quarter,6,Detroit Lions,1,3,0,7 Yard Pass,3rd & 5 at DET 29,01:24 2nd Shotgun,— J.Dobbs pass short right to G.Dortch to DET 36 for 7 yards (C.Taylor-Britt).
2026,PRESEASON WEEK 3,Saturday,August 29th,DET,IND,2nd Quarter,6,Detroit Lions,1,4,0,8 Yard Run,1st & 10 at DET 36,"00:55 2nd No Huddle, Shotgun",— J.Saylors left guard to DET 44 for 8 yards (J.Owens).
2026,PRESEASON WEEK 3,Saturday,August 29th,DET,IND,2nd Quarter,6,Detroit Lions,1,5,0,Timeout,,00:49 2nd,— Timeout #1 by DET at 00:49.
2026,PRESEASON WEEK 3,Saturday,August 29th,DET,IND,2nd Quarter,6,Detroit Lions,1,6,0,13 Yard Pass,2nd & 2 at DET 44,00:49 2nd Shotgun,— J.Dobbs pass short left to L.Jackson to IND 43 for 13 yards (M.Rodgers).
2026,PRESEASON WEEK 3,Saturday,August 29th,DET,IND,2nd Quarter,6,Detroit Lions,1,7,0,6 Yard Pass,1st & 10 at IND 43,"00:29 2nd No Huddle, Shotgun",— J.Dobbs pass short middle to J.Saylors to IND 37 for 6 yards (A.Ajiake; J.Carlies).
2026,PRESEASON WEEK 3,Saturday,August 29th,DET,IND,2nd Quarter,6,Detroit Lions,1,8,0,Timeout,,00:24 2nd,— Timeout #2 by DET at 00:24.
2026,PRESEASON WEEK 3,Saturday,August 29th,DET,IND,2nd Quarter,6,Detroit Lions,1,9,0,35 Yard Pass,2nd & 4 at IND 37,00:24 2nd Shotgun,— J.Dobbs pass deep right to L.Jackson to IND 2 for 35 yards (R.Carter).
2026,PRESEASON WEEK 3,Saturday,August 29th,DET,IND,2nd Quarter,6,Detroit Lions,1,10,0,Timeout,,00:12 2nd,— Timeout #3 by DET at 00:12.
2026,PRESEASON WEEK 3,Saturday,August 29th,DET,IND,2nd Quarter,6,Detroit Lions,1,11,1,Touchdown,1st & 2 at IND 2,00:12 2nd Shotgun,"— J.Dobbs pass short right to T.Martin for 2 yards, TOUCHDOWN."
2026,PRESEASON WEEK 3,Saturday,August 29th,DET,IND,2nd Quarter,6,Detroit Lions,1,12,0,2PT Conversion Fails,,00:08 2nd,— TWO-POINT CONVERSION ATTEMPT. J.Dobbs pass to L.Jackson is incomplete. ATTEMPT FAILS.
2026,PRESEASON WEEK 3,Saturday,August 29th,DET,IND,2nd Quarter,7,Indianapolis Colts,0,1,0,Kickoff from DET 35,,Kickoff,"— J.Bates kicks 65 yards from DET 35 to landing zone to end zone, Touchback to the IND 20."
2026,PRESEASON WEEK 3,Saturday,August 29th,DET,IND,2nd Quarter,7,Indianapolis Colts,0,2,0,-1 Yard Run,1st & 10 at IND 20,00:08 2nd,— R.Leonard kneels to IND 19 for -1 yards.
2026,PRESEASON WEEK 3,Saturday,August 29th,DET,IND,3rd Quarter,1,Detroit Lions,0,1,0,Kickoff from IND 35,,Kickoff,"— S.Shrader kicks 65 yards from IND 35 to end zone, Touchback to the DET 35."
2026,PRESEASON WEEK 3,Saturday,August 29th,DET,IND,3rd Quarter,1,Detroit Lions,0,2,0,-2 Yard Run,1st & 10 at DET 35,15:00 3rd,"— L.Altmyer FUMBLES (Aborted) at DET 34, and recovers at DET 34. L.Altmyer to DET 33 for -1 yards (A.Ajiake)."
2026,PRESEASON WEEK 3,Saturday,August 29th,DET,IND,3rd Quarter,1,Detroit Lions,0,3,0,2 Yard Run,2nd & 12 at DET 33,14:26 3rd Shotgun,— L.Altmyer left end to DET 35 for 2 yards (H.Wohler).
2026,PRESEASON WEEK 3,Saturday,August 29th,DET,IND,3rd Quarter,1,Detroit Lions,0,4,0,Fumble,3rd & 10 at DET 35,13:49 3rd Shotgun,"— L.Altmyer sacked at DET 28 for -7 yards (G.Gumbs). FUMBLES (G.Gumbs) [G.Gumbs], RECOVERED by IND-G.Gumbs at DET 30. The Replay Official reviewed the fumble ruling, and the play was Upheld. The ruling on the field stands."
2026,PRESEASON WEEK 3,Saturday,August 29th,DET,IND,3rd Quarter,2,Indianapolis Colts,0,1,0,-10 Yard Penalty,1st & 10 at DET 30,13:40 3rd,"— D.Giddens left end to DET 31 for -1 yards (E.Hunter). PENALTY on IND-J.Sills, Offensive Holding, 10 yards, enforced at DET 30 - No Play."
2026,PRESEASON WEEK 3,Saturday,August 29th,DET,IND,3rd Quarter,2,Indianapolis Colts,0,2,0,8 Yard Pass,1st & 20 at DET 40,13:09 3rd Shotgun,— E.Stick pass short right to D.Burks to DET 32 for 8 yards (D.Jackson).
2026,PRESEASON WEEK 3,Saturday,August 29th,DET,IND,3rd Quarter,2,Indianapolis Colts,0,3,0,Pass Incomplete,2nd & 12 at DET 32,12:33 3rd Shotgun,— E.Stick pass incomplete short middle to A.Gould (A.Brown).
2026,PRESEASON WEEK 3,Saturday,August 29th,DET,IND,3rd Quarter,2,Indianapolis Colts,0,4,0,8 Yard Pass,3rd & 12 at DET 32,12:29 3rd Shotgun,— E.Stick pass short middle to D.Giddens to DET 24 for 8 yards (E.Hunter) [E.O'Neill].
2026,PRESEASON WEEK 3,Saturday,August 29th,DET,IND,3rd Quarter,2,Indianapolis Colts,0,5,0,Pass Incomplete,4th & 4 at DET 24,11:41 3rd Shotgun,— E.Stick pass incomplete short right to E.Pancol (R.Cooper) [A.Lucas].
2026,PRESEASON WEEK 3,Saturday,August 29th,DET,IND,3rd Quarter,3,Detroit Lions,0,1,0,2 Yard Run,1st & 10 at DET 25,11:37 3rd,— J.Saylors left end to DET 27 for 2 yards (T.Smith).
2026,PRESEASON WEEK 3,Saturday,August 29th,DET,IND,3rd Quarter,3,Detroit Lions,0,2,0,5 Yard Run,2nd & 8 at DET 27,10:58 3rd,— J.Saylors left tackle to DET 32 for 5 yards (C.Wooden).
2026,PRESEASON WEEK 3,Saturday,August 29th,DET,IND,3rd Quarter,3,Detroit Lions,0,3,0,4 Yard Run,3rd & 3 at DET 32,10:24 3rd Shotgun,— J.Saylors up the middle to DET 36 for 4 yards (C.Curry).
2026,PRESEASON WEEK 3,Saturday,August 29th,DET,IND,3rd Quarter,3,Detroit Lions,0,4,0,0 Yard Pass,1st & 10 at DET 36,09:51 3rd,— L.Altmyer pass short left to Z.Horton to DET 36 for no gain (M.Rodgers).
2026,PRESEASON WEEK 3,Saturday,August 29th,DET,IND,3rd Quarter,3,Detroit Lions,0,5,0,-8 Yard Sack,2nd & 10 at DET 36,09:09 3rd Shotgun,— L.Altmyer sacked at DET 28 for -8 yards (R.Carter).
2026,PRESEASON WEEK 3,Saturday,August 29th,DET,IND,3rd Quarter,3,Detroit Lions,0,6,0,Pass Incomplete,3rd & 18 at DET 28,08:32 3rd Shotgun,— L.Altmyer pass incomplete short middle to T.Gordon (H.Wohler).
2026,PRESEASON WEEK 3,Saturday,August 29th,DET,IND,3rd Quarter,3,Detroit Lions,0,7,0,Punt,4th & 18 at DET 28,08:28 3rd,"— J.Fox punts 52 yards to IND 20, Center-H.Hatten, fair catch by A.Gould."
2026,PRESEASON WEEK 3,Saturday,August 29th,DET,IND,3rd Quarter,4,Indianapolis Colts,1,1,0,12 Yard Pass,1st & 10 at IND 20,08:21 3rd Shotgun,— E.Stick pass short right to U.Bentley to IND 32 for 12 yards (J.Taylor).
2026,PRESEASON WEEK 3,Saturday,August 29th,DET,IND,3rd Quarter,4,Indianapolis Colts,1,2,0,Pass Incomplete,1st & 10 at IND 32,07:41 3rd Shotgun,— E.Stick pass incomplete short left to R.Sharpe (A.Brown).
2026,PRESEASON WEEK 3,Saturday,August 29th,DET,IND,3rd Quarter,4,Indianapolis Colts,1,3,0,1 Yard Run,2nd & 10 at IND 32,07:38 3rd Shotgun,— U.Bentley right guard to IND 33 for 1 yard (E.Hunter).
2026,PRESEASON WEEK 3,Saturday,August 29th,DET,IND,3rd Quarter,4,Indianapolis Colts,1,4,0,22 Yard Pass,3rd & 9 at IND 33,06:58 3rd Shotgun,— E.Stick pass short middle to E.Pancol to DET 45 for 22 yards (K.Abney).
2026,PRESEASON WEEK 3,Saturday,August 29th,DET,IND,3rd Quarter,4,Indianapolis Colts,1,5,0,Pass Incomplete,1st & 10 at DET 45,06:13 3rd Shotgun,— E.Stick pass incomplete short middle to U.Bentley [E.O'Neill].
2026,PRESEASON WEEK 3,Saturday,August 29th,DET,IND,3rd Quarter,4,Indianapolis Colts,1,6,0,-6 Yard Sack,2nd & 10 at DET 45,06:08 3rd Shotgun,— E.Stick sacked at IND 49 for -6 yards (M.Adams).
2026,PRESEASON WEEK 3,Saturday,August 29th,DET,IND,3rd Quarter,4,Indianapolis Colts,1,7,0,9 Yard Pass,3rd & 16 at IND 49,05:26 3rd Shotgun,— E.Stick pass short left to T.Moore pushed ob at DET 42 for 9 yards (K.Abney). DET-E.Boye-Doe was injured during the play.
2026,PRESEASON WEEK 3,Saturday,August 29th,DET,IND,3rd Quarter,4,Indianapolis Colts,1,8,1,Field Goal,4th & 7 at DET 42,04:53 3rd,"— S.Shrader 60 yard field goal is GOOD, Center-L.Rhodes, Holder-R.Sanchez."
2026,PRESEASON WEEK 3,Saturday,August 29th,DET,IND,3rd Quarter,5,Detroit Lions,0,1,0,Kickoff from IND 35,,Kickoff,— S.Shrader kicks 60 yards from IND 35 to DET 5. D.Lovett to DET 27 for 22 yards (D.Burks).
2026,PRESEASON WEEK 3,Saturday,August 29th,DET,IND,3rd Quarter,5,Detroit Lions,0,2,0,19 Yard Run,1st & 10 at DET 27,04:41 3rd,— J.Saylors right guard to DET 46 for 19 yards (B.Boettcher).
2026,PRESEASON WEEK 3,Saturday,August 29th,DET,IND,3rd Quarter,5,Detroit Lions,0,3,0,3 Yard Run,1st & 10 at DET 46,04:06 3rd,— J.Saylors up the middle to DET 49 for 3 yards (T.Smith; B.Boettcher).
2026,PRESEASON WEEK 3,Saturday,August 29th,DET,IND,3rd Quarter,5,Detroit Lions,0,4,0,Pass Incomplete,2nd & 7 at DET 49,03:30 3rd,— L.Altmyer pass incomplete deep middle to T.Black (K.Harris).
2026,PRESEASON WEEK 3,Saturday,August 29th,DET,IND,3rd Quarter,5,Detroit Lions,0,5,0,7 Yard Pass,3rd & 7 at DET 49,03:24 3rd Shotgun,— L.Altmyer pass short right to T.Gordon to IND 44 for 7 yards (R.Carter).
2026,PRESEASON WEEK 3,Saturday,August 29th,DET,IND,3rd Quarter,5,Detroit Lions,0,6,0,6 Yard Run,1st & 10 at IND 44,02:41 3rd,— R.Williams left end to IND 38 for 6 yards (T.Smith).
2026,PRESEASON WEEK 3,Saturday,August 29th,DET,IND,3rd Quarter,5,Detroit Lions,0,7,0,2 Yard Run,2nd & 4 at IND 38,02:01 3rd,— R.Williams left end to IND 36 for 2 yards (D.Nnadi; M.Melton).
2026,PRESEASON WEEK 3,Saturday,August 29th,DET,IND,3rd Quarter,5,Detroit Lions,0,8,0,Fumble,3rd & 2 at IND 36,01:21 3rd Shotgun,"— R.Williams up the middle to IND 33 for 3 yards (C.Allen; T.Washington). FUMBLES (C.Allen), RECOVERED by IND-M.Melton at IND 32."
2026,PRESEASON WEEK 3,Saturday,August 29th,DET,IND,3rd Quarter,6,Indianapolis Colts,0,1,0,Pass Incomplete,1st & 10 at IND 32,01:14 3rd Shotgun,— E.Stick pass incomplete deep middle to E.Pancol [M.Adams].
2026,PRESEASON WEEK 3,Saturday,August 29th,DET,IND,3rd Quarter,6,Indianapolis Colts,0,2,0,0 Yard Run,2nd & 10 at IND 32,01:09 3rd Shotgun,— A.Castle up the middle to IND 32 for no gain (A.Brown; T.Reeder).
2026,PRESEASON WEEK 3,Saturday,August 29th,DET,IND,3rd Quarter,6,Indianapolis Colts,0,3,0,Pass Incomplete,3rd & 10 at IND 32,00:24 3rd Shotgun,— E.Stick pass incomplete short left to S.Hagans (E.Scott).
2026,PRESEASON WEEK 3,Saturday,August 29th,DET,IND,3rd Quarter,6,Indianapolis Colts,0,4,0,Punt,4th & 10 at IND 32,00:20 3rd,"— R.Sanchez punts 50 yards to DET 18, Center-L.Rhodes. G.Dortch to DET 38 for 20 yards (D.Veresuk)."
2026,PRESEASON WEEK 3,Saturday,August 29th,DET,IND,4th Quarter,1,Detroit Lions,1,1,0,Pass Incomplete,1st & 10 at DET 38,00:07 3rd,— J.Dobbs pass incomplete short left to M.Cunningham (K.Harris) [T.Smith].
2026,PRESEASON WEEK 3,Saturday,August 29th,DET,IND,4th Quarter,1,Detroit Lions,1,2,0,9 Yard Run,2nd & 10 at DET 38,15:00 4th,— Tr.Williams right end to DET 47 for 9 yards (D.Scott).
2026,PRESEASON WEEK 3,Saturday,August 29th,DET,IND,4th Quarter,1,Detroit Lions,1,3,0,2 Yard Run,3rd & 1 at DET 47,14:25 4th,— J.Dobbs up the middle to DET 49 for 2 yards (T.Smith).
2026,PRESEASON WEEK 3,Saturday,August 29th,DET,IND,4th Quarter,1,Detroit Lions,1,4,0,5 Yard Run,1st & 10 at DET 49,13:44 4th,— D.Lovett right end to IND 46 for 5 yards (B.Boettcher).
2026,PRESEASON WEEK 3,Saturday,August 29th,DET,IND,4th Quarter,1,Detroit Lions,1,5,0,2 Yard Pass,2nd & 5 at IND 46,13:06 4th Shotgun,— J.Dobbs pass short right to Tr.Williams pushed ob at IND 44 for 2 yards (D.Nchami; K.Harris).
2026,PRESEASON WEEK 3,Saturday,August 29th,DET,IND,4th Quarter,1,Detroit Lions,1,6,0,6 Yard Pass,3rd & 3 at IND 44,12:35 4th Shotgun,— J.Dobbs pass short middle to M.Cunningham to IND 38 for 6 yards (B.Boettcher; C.Allen).
2026,PRESEASON WEEK 3,Saturday,August 29th,DET,IND,4th Quarter,1,Detroit Lions,1,7,0,2 Yard Run,1st & 10 at IND 38,11:49 4th,— Tr.Williams left tackle to IND 36 for 2 yards (B.Boettcher).
2026,PRESEASON WEEK 3,Saturday,August 29th,DET,IND,4th Quarter,1,Detroit Lions,1,8,0,7 Yard Run,2nd & 8 at IND 36,11:03 4th,— Tr.Williams right tackle to IND 29 for 7 yards (C.Ball; G.Gumbs).
2026,PRESEASON WEEK 3,Saturday,August 29th,DET,IND,4th Quarter,1,Detroit Lions,1,9,0,17 Yard Run,3rd & 1 at IND 29,10:24 4th,— Tr.Williams up the middle to IND 12 for 17 yards (T.Washington).
2026,PRESEASON WEEK 3,Saturday,August 29th,DET,IND,4th Quarter,1,Detroit Lions,1,10,0,1 Yard Run,1st & 10 at IND 12,09:37 4th,— R.Williams right tackle to IND 11 for 1 yard (T.Chambers).
2026,PRESEASON WEEK 3,Saturday,August 29th,DET,IND,4th Quarter,1,Detroit Lions,1,11,0,10 Yard Pass,2nd & 9 at IND 11,08:55 4th Shotgun,— J.Dobbs pass short right to M.Cunningham to IND 1 for 10 yards (K.Harris).
2026,PRESEASON WEEK 3,Saturday,August 29th,DET,IND,4th Quarter,1,Detroit Lions,1,12,0,0 Yard Run,1st & 1 at IND 1,08:10 4th,— R.Williams up the middle to IND 1 for no gain (J.Thomas; T.Washington).
2026,PRESEASON WEEK 3,Saturday,August 29th,DET,IND,4th Quarter,1,Detroit Lions,1,13,0,Pass Incomplete,2nd & 1 at IND 1,07:31 4th Shotgun,— J.Dobbs pass incomplete short right to M.Cunningham.
2026,PRESEASON WEEK 3,Saturday,August 29th,DET,IND,4th Quarter,1,Detroit Lions,1,14,1,Touchdown,3rd & 1 at IND 1,07:28 4th Shotgun,"— Tr.Williams up the middle for 1 yard, TOUCHDOWN."
2026,PRESEASON WEEK 3,Saturday,August 29th,DET,IND,4th Quarter,1,Detroit Lions,1,15,0,Extra Point No Good,,07:25 4th,"— J.Bates extra point is No Good, Wide Right, Center-H.Hatten, Holder-J.Fox."
2026,PRESEASON WEEK 3,Saturday,August 29th,DET,IND,4th Quarter,2,Indianapolis Colts,0,1,0,Kickoff from DET 35,,Kickoff,— J.Bates kicks 62 yards from DET 35 to IND 3. D.Giddens to IND 33 for 30 yards (J.Bachie).
2026,PRESEASON WEEK 3,Saturday,August 29th,DET,IND,4th Quarter,2,Indianapolis Colts,0,2,0,5 Yard Pass,1st & 10 at IND 33,07:18 4th Shotgun,— E.Stick pass short right to R.Sharpe to IND 38 for 5 yards (R.Cooper).
2026,PRESEASON WEEK 3,Saturday,August 29th,DET,IND,4th Quarter,2,Indianapolis Colts,0,3,0,7 Yard Pass,2nd & 5 at IND 38,06:39 4th,— E.Stick pass short right to R.Sharpe to IND 45 for 7 yards (A.Brown). DET-A.Brown was injured during the play.
2026,PRESEASON WEEK 3,Saturday,August 29th,DET,IND,4th Quarter,2,Indianapolis Colts,0,4,0,0 Yard Run,1st & 10 at IND 45,06:17 4th Shotgun,— U.Bentley right guard to IND 45 for no gain (T.Lacy).
2026,PRESEASON WEEK 3,Saturday,August 29th,DET,IND,4th Quarter,2,Indianapolis Colts,0,5,0,7 Yard Pass,2nd & 10 at IND 45,05:45 4th Shotgun,— E.Stick pass short right to U.Bentley to DET 48 for 7 yards (J.Taylor).
2026,PRESEASON WEEK 3,Saturday,August 29th,DET,IND,4th Quarter,2,Indianapolis Colts,0,6,0,2 Yard Run,3rd & 3 at DET 48,05:05 4th Shotgun,— E.Stick scrambles right end to DET 46 for 2 yards (K.Abney).
2026,PRESEASON WEEK 3,Saturday,August 29th,DET,IND,4th Quarter,2,Indianapolis Colts,0,7,0,-5 Yard Penalty,4th & 1 at DET 46,04:26 4th Shotgun,"— PENALTY on IND-J.Kreutz, False Start, 5 yards, enforced at DET 46 - No Play."
2026,PRESEASON WEEK 3,Saturday,August 29th,DET,IND,4th Quarter,2,Indianapolis Colts,0,8,0,Pass Incomplete,4th & 6 at IND 49,04:26 4th Shotgun,— E.Stick pass incomplete short middle to R.Sharpe (K.Abney).
2026,PRESEASON WEEK 3,Saturday,August 29th,DET,IND,4th Quarter,3,Detroit Lions,0,1,0,4 Yard Run,1st & 10 at IND 49,04:23 4th,— R.Williams right tackle to IND 45 for 4 yards (C.Ball; T.Smith).
2026,PRESEASON WEEK 3,Saturday,August 29th,DET,IND,4th Quarter,3,Detroit Lions,0,2,0,4 Yard Run,2nd & 6 at IND 45,03:41 4th,— R.Williams left guard to IND 41 for 4 yards (T.Chambers; D.Nnadi).
2026,PRESEASON WEEK 3,Saturday,August 29th,DET,IND,4th Quarter,3,Detroit Lions,0,3,0,1 Yard Run,3rd & 2 at IND 41,03:00 4th,"— R.Williams right tackle to IND 40 for 1 yard (W.Weeks, A.Brown)."
2026,PRESEASON WEEK 3,Saturday,August 29th,DET,IND,4th Quarter,3,Detroit Lions,0,4,0,2 Yard Run,4th & 1 at IND 40,02:19 4th,— R.Williams left guard to IND 38 for 2 yards (D.Nnadi). (Virtual Measurement).
2026,PRESEASON WEEK 3,Saturday,August 29th,DET,IND,4th Quarter,3,Detroit Lions,0,5,0,-1 Yard Run,1st & 10 at IND 38,02:00 4th,— J.Dobbs kneels to IND 39 for -1 yards.
2026,PRESEASON WEEK 3,Saturday,August 29th,DET,IND,4th Quarter,3,Detroit Lions,0,6,0,-1 Yard Run,2nd & 11 at IND 39,01:17 4th,— J.Dobbs kneels to IND 40 for -1 yards.
2026,PRESEASON WEEK 3,Saturday,August 29th,DET,IND,4th Quarter,3,Detroit Lions,0,7,0,-1 Yard Run,3rd & 12 at IND 40,00:39 4th,— J.Dobbs kneels to IND 41 for -1 yards.
2026,PRESEASON WEEK 3,Saturday,August 29th,CHI,TEN,1st Quarter,1,Tennessee Titans,0,1,0,Kickoff from CHI 35,,Kickoff,— C.Santos kicks 63 yards from CHI 35 to TEN 2. M.Carter pushed ob at TEN 45 for 43 yards (A.Grier).
2026,PRESEASON WEEK 3,Saturday,August 29th,CHI,TEN,1st Quarter,1,Tennessee Titans,0,2,0,1 Yard Pass,1st & 10 at TEN 45,14:51 1st,— W.Levis pass short right to D.Martin-Robinson to TEN 46 for 1 yard (T.Edwards).
2026,PRESEASON WEEK 3,Saturday,August 29th,CHI,TEN,1st Quarter,1,Tennessee Titans,0,3,0,6 Yard Pass,2nd & 9 at TEN 46,14:13 1st,— W.Levis pass short left to N.Singleton to CHI 48 for 6 yards (W.Matthews).
2026,PRESEASON WEEK 3,Saturday,August 29th,CHI,TEN,1st Quarter,1,Tennessee Titans,0,4,0,Pass Incomplete,3rd & 3 at CHI 48,13:31 1st,— W.Levis pass incomplete deep left to C.Tate.
2026,PRESEASON WEEK 3,Saturday,August 29th,CHI,TEN,1st Quarter,1,Tennessee Titans,0,5,0,Punt,4th & 3 at CHI 48,13:24 1st,"— T.Townsend punts 45 yards to CHI 3, Center-M.Cox, downed by TEN-J.McMurray."
2026,PRESEASON WEEK 3,Saturday,August 29th,CHI,TEN,1st Quarter,2,Chicago Bears,1,1,1,Touchdown,1st & 10 at CHI 3,13:13 1st Shotgun,"— T.Bagent pass deep right to Z.Thomas for 97 yards, TOUCHDOWN."
2026,PRESEASON WEEK 3,Saturday,August 29th,CHI,TEN,1st Quarter,2,Chicago Bears,1,2,1,Extra Point,,13:02 1st,"— C.Santos extra point is GOOD, Center-B.Gardner, Holder-T.Taylor."
2026,PRESEASON WEEK 3,Saturday,August 29th,CHI,TEN,1st Quarter,3,Tennessee Titans,1,1,0,Kickoff from CHI 35,,Kickoff,— C.Santos kicks 64 yards from CHI 35 to TEN 1. D.Johnson to TEN 21 for 20 yards (M.Sewell).
2026,PRESEASON WEEK 3,Saturday,August 29th,CHI,TEN,1st Quarter,3,Tennessee Titans,1,2,0,9 Yard Run,1st & 10 at TEN 21,12:56 1st,"— N.Singleton left guard to TEN 30 for 9 yards (T.Edwards, X.Woods). (Virtual Measurement)."
2026,PRESEASON WEEK 3,Saturday,August 29th,CHI,TEN,1st Quarter,3,Tennessee Titans,1,3,0,4 Yard Run,2nd & 1 at TEN 30,12:25 1st,— N.Singleton up the middle to TEN 34 for 4 yards (T.Edwards).
2026,PRESEASON WEEK 3,Saturday,August 29th,CHI,TEN,1st Quarter,3,Tennessee Titans,1,4,0,5 Yard Run,1st & 10 at TEN 34,11:45 1st Shotgun,— N.Singleton left guard to TEN 39 for 5 yards (T.Edwards).
2026,PRESEASON WEEK 3,Saturday,August 29th,CHI,TEN,1st Quarter,3,Tennessee Titans,1,5,0,Pass Incomplete,2nd & 5 at TEN 39,11:09 1st Shotgun,— W.Levis pass incomplete short right to C.Dike.
2026,PRESEASON WEEK 3,Saturday,August 29th,CHI,TEN,1st Quarter,3,Tennessee Titans,1,6,0,10 Yard Pass,3rd & 5 at TEN 39,11:05 1st Shotgun,— W.Levis pass short middle to E.Ayomanor to TEN 49 for 10 yards (M.Muhammad).
2026,PRESEASON WEEK 3,Saturday,August 29th,CHI,TEN,1st Quarter,3,Tennessee Titans,1,7,0,4 Yard Run,1st & 10 at TEN 49,10:31 1st Shotgun,— N.Singleton left guard to CHI 47 for 4 yards (J.Martin).
2026,PRESEASON WEEK 3,Saturday,August 29th,CHI,TEN,1st Quarter,3,Tennessee Titans,1,8,0,-5 Yard Run,2nd & 6 at CHI 47,09:56 1st,"— W.Levis FUMBLES (Aborted) at 50, and recovers at TEN 48."
2026,PRESEASON WEEK 3,Saturday,August 29th,CHI,TEN,1st Quarter,3,Tennessee Titans,1,9,0,9 Yard Pass,3rd & 11 at TEN 48,09:17 1st Shotgun,— W.Levis pass short middle to C.Dike to CHI 43 for 9 yards (T.Edwards; X.Woods).
2026,PRESEASON WEEK 3,Saturday,August 29th,CHI,TEN,1st Quarter,3,Tennessee Titans,1,10,0,28 Yard Pass,4th & 2 at CHI 43,08:36 1st Shotgun,— W.Levis pass short right to K.Granson to CHI 15 for 28 yards (X.Woods).
2026,PRESEASON WEEK 3,Saturday,August 29th,CHI,TEN,1st Quarter,3,Tennessee Titans,1,11,0,Pass Incomplete,1st & 10 at CHI 15,08:02 1st Shotgun,— W.Levis pass incomplete short left to X.Restrepo.
2026,PRESEASON WEEK 3,Saturday,August 29th,CHI,TEN,1st Quarter,3,Tennessee Titans,1,12,0,5 Yard Run,2nd & 10 at CHI 15,07:59 1st,— N.Singleton right end to CHI 10 for 5 yards (J.Martin; W.Matthews).
2026,PRESEASON WEEK 3,Saturday,August 29th,CHI,TEN,1st Quarter,3,Tennessee Titans,1,13,0,Pass Incomplete,3rd & 5 at CHI 10,07:17 1st Shotgun,— W.Levis pass incomplete short right to K.Osborn (T.Smith).
2026,PRESEASON WEEK 3,Saturday,August 29th,CHI,TEN,1st Quarter,3,Tennessee Titans,1,14,1,Field Goal,4th & 5 at CHI 10,07:14 1st,"— J.Slye 28 yard field goal is GOOD, Center-M.Cox, Holder-T.Townsend."
2026,PRESEASON WEEK 3,Saturday,August 29th,CHI,TEN,1st Quarter,4,Chicago Bears,0,1,0,Kickoff from TEN 35,,Kickoff,"— J.Slye kicks 50 yards from TEN 35 to CHI 15. K.Davis to CHI 22 for 7 yards (M.Kinsey; J.Chestnut). PENALTY on CHI-B.Brown, Offensive Holding, 10 yards, enforced at CHI 22."
2026,PRESEASON WEEK 3,Saturday,August 29th,CHI,TEN,1st Quarter,4,Chicago Bears,0,2,0,-2 Yard Pass,1st & 10 at CHI 12,07:04 1st Shotgun,— T.Bagent pass short right to M.Alexander to CHI 10 for -2 yards (M.Robinson).
2026,PRESEASON WEEK 3,Saturday,August 29th,CHI,TEN,1st Quarter,4,Chicago Bears,0,3,0,8 Yard Pass,2nd & 12 at CHI 10,06:31 1st Shotgun,— T.Bagent pass short middle to Z.Thomas to CHI 18 for 8 yards (A.Hill).
2026,PRESEASON WEEK 3,Saturday,August 29th,CHI,TEN,1st Quarter,4,Chicago Bears,0,4,0,-9 Yard Penalty,3rd & 4 at CHI 18,05:52 1st Shotgun,"— T.Bagent pass short middle to J.Walker to CHI 36 for 18 yards (T.Adams). PENALTY on CHI-L.Newman, Offensive Holding, 9 yards, enforced at CHI 18 - No Play."
2026,PRESEASON WEEK 3,Saturday,August 29th,CHI,TEN,1st Quarter,4,Chicago Bears,0,5,0,12 Yard Pass,3rd & 13 at CHI 9,05:27 1st Shotgun,— T.Bagent pass short left to J.Walker pushed ob at CHI 21 for 12 yards (J.Reed).
2026,PRESEASON WEEK 3,Saturday,August 29th,CHI,TEN,1st Quarter,4,Chicago Bears,0,6,0,Timeout,,04:52 1st,— Timeout #1 by CHI at 04:52.
2026,PRESEASON WEEK 3,Saturday,August 29th,CHI,TEN,1st Quarter,4,Chicago Bears,0,7,0,19 Yard Pass,4th & 1 at CHI 21,04:52 1st,— T.Bagent pass short right to S.Roush pushed ob at CHI 40 for 19 yards (A.Hill).
2026,PRESEASON WEEK 3,Saturday,August 29th,CHI,TEN,1st Quarter,4,Chicago Bears,0,8,0,4 Yard Run,1st & 10 at CHI 40,04:23 1st,— R.Johnson up the middle to CHI 44 for 4 yards (T.Jones).
2026,PRESEASON WEEK 3,Saturday,August 29th,CHI,TEN,1st Quarter,4,Chicago Bears,0,9,0,-10 Yard Penalty,2nd & 6 at CHI 44,03:48 1st,"— T.Bagent pass short right to R.Johnson to TEN 43 for 13 yards (J.Reed). PENALTY on CHI-L.Newman, Offensive Holding, 10 yards, enforced at CHI 44 - No Play."
2026,PRESEASON WEEK 3,Saturday,August 29th,CHI,TEN,1st Quarter,4,Chicago Bears,0,10,0,5 Yard Penalty,2nd & 16 at CHI 34,03:23 1st Shotgun,"— T.Bagent pass incomplete deep left to S.Carlson (K.Calligan). PENALTY on TEN-J.Holmes, Defensive Offside, 5 yards, enforced at CHI 34 - No Play. Penalty on TEN-T.Horne, Defensive Offside, declined."
2026,PRESEASON WEEK 3,Saturday,August 29th,CHI,TEN,1st Quarter,4,Chicago Bears,0,11,0,7 Yard Pass,2nd & 11 at CHI 39,03:17 1st Shotgun,— T.Bagent pass short middle to M.Alexander to CHI 46 for 7 yards (A.Hill).
2026,PRESEASON WEEK 3,Saturday,August 29th,CHI,TEN,1st Quarter,4,Chicago Bears,0,12,0,14 Yard Pass,3rd & 4 at CHI 46,02:36 1st Shotgun,— T.Bagent pass short right to M.Alexander to TEN 40 for 14 yards (A.Hill).
2026,PRESEASON WEEK 3,Saturday,August 29th,CHI,TEN,1st Quarter,4,Chicago Bears,0,13,0,2 Yard Run,1st & 10 at TEN 40,02:00 1st,— B.Brown right guard to TEN 38 for 2 yards (C.Gray).
2026,PRESEASON WEEK 3,Saturday,August 29th,CHI,TEN,1st Quarter,4,Chicago Bears,0,14,0,Fumble,2nd & 8 at TEN 38,01:25 1st,"— T.Bagent FUMBLES (Aborted) at TEN 41, touched at TEN 45, RECOVERED by TEN-J.Martin at TEN 48."
2026,PRESEASON WEEK 3,Saturday,August 29th,CHI,TEN,2nd Quarter,1,Tennessee Titans,1,1,0,12 Yard Pass,1st & 10 at TEN 48,01:20 1st,— W.Levis pass short right to N.Singleton to CHI 40 for 12 yards (J.Rhattigan; W.Matthews).
2026,PRESEASON WEEK 3,Saturday,August 29th,CHI,TEN,2nd Quarter,1,Tennessee Titans,1,2,0,1 Yard Run,1st & 10 at CHI 40,00:40 1st Shotgun,— N.Singleton up the middle to CHI 39 for 1 yard (S.Thomas).
2026,PRESEASON WEEK 3,Saturday,August 29th,CHI,TEN,2nd Quarter,1,Tennessee Titans,1,3,0,1 Yard Run,2nd & 9 at CHI 39,15:00 2nd Shotgun,— W.Levis right end to CHI 38 for 1 yard (J.Kromah).
2026,PRESEASON WEEK 3,Saturday,August 29th,CHI,TEN,2nd Quarter,1,Tennessee Titans,1,4,0,Pass Incomplete,3rd & 8 at CHI 38,14:19 2nd Shotgun,— W.Levis pass incomplete short right to K.Osborn (T.Smith).
2026,PRESEASON WEEK 3,Saturday,August 29th,CHI,TEN,2nd Quarter,1,Tennessee Titans,1,5,1,Field Goal,4th & 8 at CHI 38,14:13 2nd,"— J.Slye 56 yard field goal is GOOD, Center-M.Cox, Holder-T.Townsend."
2026,PRESEASON WEEK 3,Saturday,August 29th,CHI,TEN,2nd Quarter,2,Chicago Bears,1,1,0,Kickoff from TEN 35,,Kickoff,— J.Slye kicks 56 yards from TEN 35 to CHI 9. Z.Thomas pushed ob at CHI 31 for 22 yards (J.McMurray).
2026,PRESEASON WEEK 3,Saturday,August 29th,CHI,TEN,2nd Quarter,2,Chicago Bears,1,2,0,-2 Yard Run,1st & 10 at CHI 31,14:00 2nd Shotgun,"— R.Johnson right end to CHI 29 for -2 yards (Ja.Williams, J.Holmes)."
2026,PRESEASON WEEK 3,Saturday,August 29th,CHI,TEN,2nd Quarter,2,Chicago Bears,1,3,0,5 Yard Pass,2nd & 12 at CHI 29,13:23 2nd Shotgun,— T.Bagent pass short left to K.Davis to CHI 34 for 5 yards (K.Calligan).
2026,PRESEASON WEEK 3,Saturday,August 29th,CHI,TEN,2nd Quarter,2,Chicago Bears,1,4,0,6 Yard Pass,3rd & 7 at CHI 34,12:42 2nd Shotgun,"— T.Bagent pass short right to M.Alexander to CHI 39 for 5 yards (E.Hallett, Ja.Williams). FUMBLES (Ja.Williams), and recovers at CHI 40."
2026,PRESEASON WEEK 3,Saturday,August 29th,CHI,TEN,2nd Quarter,2,Chicago Bears,1,5,0,Timeout,,11:56 2nd,— Timeout #2 by CHI at 11:56.
2026,PRESEASON WEEK 3,Saturday,August 29th,CHI,TEN,2nd Quarter,2,Chicago Bears,1,6,0,3 Yard Run,4th & 1 at CHI 40,11:56 2nd,— R.Johnson up the middle to CHI 43 for 3 yards (J.Holmes; J.Reed).
2026,PRESEASON WEEK 3,Saturday,August 29th,CHI,TEN,2nd Quarter,2,Chicago Bears,1,7,0,Pass Incomplete,1st & 10 at CHI 43,"11:29 2nd No Huddle, Shotgun",— T.Bagent pass incomplete short middle to S.Roush (J.Reed).
2026,PRESEASON WEEK 3,Saturday,August 29th,CHI,TEN,2nd Quarter,2,Chicago Bears,1,8,0,4 Yard Run,2nd & 10 at CHI 43,11:25 2nd Shotgun,— R.Johnson up the middle to CHI 47 for 4 yards (M.Robinson; J.Reed).
2026,PRESEASON WEEK 3,Saturday,August 29th,CHI,TEN,2nd Quarter,2,Chicago Bears,1,9,0,7 Yard Pass,3rd & 6 at CHI 47,10:42 2nd Shotgun,— T.Bagent pass short left to S.Carlson to TEN 46 for 7 yards (A.Hill; K.Brooks) [E.Hallett].
2026,PRESEASON WEEK 3,Saturday,August 29th,CHI,TEN,2nd Quarter,2,Chicago Bears,1,10,0,4 Yard Run,1st & 10 at TEN 46,10:13 2nd,— B.Brown left guard to TEN 42 for 4 yards (J.Marshall; T.Horne).
2026,PRESEASON WEEK 3,Saturday,August 29th,CHI,TEN,2nd Quarter,2,Chicago Bears,1,11,0,5 Yard Run,2nd & 6 at TEN 42,09:38 2nd,— B.Brown right tackle to TEN 37 for 5 yards (T.Kpassagnon; E.Brown).
2026,PRESEASON WEEK 3,Saturday,August 29th,CHI,TEN,2nd Quarter,2,Chicago Bears,1,12,0,-1 Yard Run,3rd & 1 at TEN 37,08:59 2nd Shotgun,"— B.Brown up the middle to TEN 38 for -1 yards (K.Saunders, J.Reed)."
2026,PRESEASON WEEK 3,Saturday,August 29th,CHI,TEN,2nd Quarter,2,Chicago Bears,1,13,0,11 Yard Pass,4th & 2 at TEN 38,08:20 2nd Shotgun,— T.Bagent pass short middle to M.Alexander to TEN 27 for 11 yards (K.Brooks).
2026,PRESEASON WEEK 3,Saturday,August 29th,CHI,TEN,2nd Quarter,2,Chicago Bears,1,14,0,21 Yard Run,1st & 10 at TEN 27,07:40 2nd,— T.Bagent scrambles left end to TEN 6 for 21 yards (K.Calligan; T.Jones).
2026,PRESEASON WEEK 3,Saturday,August 29th,CHI,TEN,2nd Quarter,2,Chicago Bears,1,15,0,0 Yard Run,1st & 6 at TEN 6,06:51 2nd,— B.Brown left tackle to TEN 6 for no gain (Ja.Williams; M.Herring).
2026,PRESEASON WEEK 3,Saturday,August 29th,CHI,TEN,2nd Quarter,2,Chicago Bears,1,16,0,4 Yard Pass,2nd & 6 at TEN 6,06:11 2nd Shotgun,— T.Bagent pass short left to R.Johnson pushed ob at TEN 2 for 4 yards (K.Calligan).
2026,PRESEASON WEEK 3,Saturday,August 29th,CHI,TEN,2nd Quarter,2,Chicago Bears,1,17,0,0 Yard Run,3rd & 2 at TEN 2,05:38 2nd,— R.Johnson up the middle to TEN 2 for no gain (M.Herring; O.Oladejo).
2026,PRESEASON WEEK 3,Saturday,August 29th,CHI,TEN,2nd Quarter,2,Chicago Bears,1,18,1,Touchdown,4th & 2 at TEN 2,05:01 2nd,"— T.Bagent pass short left to M.Alexander for 2 yards, TOUCHDOWN."
2026,PRESEASON WEEK 3,Saturday,August 29th,CHI,TEN,2nd Quarter,2,Chicago Bears,1,19,1,Extra Point,,04:54 2nd,"— C.Santos extra point is GOOD, Center-B.Gardner, Holder-T.Taylor. PENALTY on TEN-M.Herring, Illegal Formation, 5 yards, enforced between downs."
2026,PRESEASON WEEK 3,Saturday,August 29th,CHI,TEN,2nd Quarter,3,Tennessee Titans,0,1,0,Kickoff from CHI 40,,Kickoff,"— C.Santos kicks 56 yards from CHI 40 to TEN 4. H.Beatty to TEN 19 for 15 yards (J.Richardson). PENALTY on TEN-B.Oliver, Offensive Holding, 9 yards, enforced at TEN 19."
2026,PRESEASON WEEK 3,Saturday,August 29th,CHI,TEN,2nd Quarter,3,Tennessee Titans,0,2,0,3 Yard Pass,1st & 10 at TEN 10,04:50 2nd,— W.Levis pass short left to D.Martin-Robinson to TEN 13 for 3 yards (J.Rhattigan).
2026,PRESEASON WEEK 3,Saturday,August 29th,CHI,TEN,2nd Quarter,3,Tennessee Titans,0,3,0,-2 Yard Run,2nd & 7 at TEN 13,04:13 2nd,— N.Singleton left tackle to TEN 11 for -2 yards (J.Loving).
2026,PRESEASON WEEK 3,Saturday,August 29th,CHI,TEN,2nd Quarter,3,Tennessee Titans,0,4,0,Pass Incomplete,3rd & 9 at TEN 11,03:31 2nd Shotgun,— W.Levis pass incomplete deep middle to X.Restrepo (C.Lewis) [J.Lynch].
2026,PRESEASON WEEK 3,Saturday,August 29th,CHI,TEN,2nd Quarter,3,Tennessee Titans,0,5,0,Punt,4th & 9 at TEN 11,03:26 2nd,"— T.Townsend punts 59 yards to CHI 30, Center-M.Cox. Z.Thomas to TEN 31 for 39 yards (D.Canteen)."
2026,PRESEASON WEEK 3,Saturday,August 29th,CHI,TEN,2nd Quarter,4,Chicago Bears,0,1,0,-10 Yard Penalty,1st & 10 at TEN 31,03:11 2nd,"— T.Bagent pass short middle to M.Alexander to TEN 26 for 5 yards (A.Hill). PENALTY on CHI-T.Benedet, Offensive Holding, 10 yards, enforced at TEN 31 - No Play."
2026,PRESEASON WEEK 3,Saturday,August 29th,CHI,TEN,2nd Quarter,4,Chicago Bears,0,2,0,-2 Yard Pass,1st & 20 at TEN 41,02:55 2nd Shotgun,"— T.Bagent pass short left to S.Miller to TEN 43 for -2 yards (B.Fitzgerald, M.Herring)."
2026,PRESEASON WEEK 3,Saturday,August 29th,CHI,TEN,2nd Quarter,4,Chicago Bears,0,3,0,11 Yard Pass,2nd & 22 at TEN 43,02:17 2nd Shotgun,— T.Bagent pass short right to Z.Thomas ran ob at TEN 32 for 11 yards.
2026,PRESEASON WEEK 3,Saturday,August 29th,CHI,TEN,2nd Quarter,4,Chicago Bears,0,4,0,9 Yard Pass,3rd & 11 at TEN 32,02:00 2nd Shotgun,— T.Bagent pass short left to S.Carlson to TEN 23 for 9 yards (A.Hill).
2026,PRESEASON WEEK 3,Saturday,August 29th,CHI,TEN,2nd Quarter,4,Chicago Bears,0,5,0,Turnover on Downs,4th & 2 at TEN 23,01:24 2nd,— B.Brown up the middle to TEN 22 for 1 yard (O.Oladejo).
2026,PRESEASON WEEK 3,Saturday,August 29th,CHI,TEN,2nd Quarter,5,Tennessee Titans,1,1,0,5 Yard Pass,1st & 10 at TEN 22,01:21 2nd Shotgun,— W.Levis pass short left to T.Montgomery to TEN 27 for 5 yards (J.Blackwell).
2026,PRESEASON WEEK 3,Saturday,August 29th,CHI,TEN,2nd Quarter,5,Tennessee Titans,1,2,0,8 Yard Pass,2nd & 5 at TEN 27,"01:03 2nd No Huddle, Shotgun",— W.Levis pass short right to K.Granson to TEN 35 for 8 yards (J.Sanborn).
2026,PRESEASON WEEK 3,Saturday,August 29th,CHI,TEN,2nd Quarter,5,Tennessee Titans,1,3,0,3 Yard Pass,1st & 10 at TEN 35,"00:49 2nd No Huddle, Shotgun",— W.Levis pass short right to K.Granson to TEN 38 for 3 yards (W.Matthews).
2026,PRESEASON WEEK 3,Saturday,August 29th,CHI,TEN,2nd Quarter,5,Tennessee Titans,1,4,0,Timeout,,00:44 2nd,— Timeout #1 by TEN at 00:44.
2026,PRESEASON WEEK 3,Saturday,August 29th,CHI,TEN,2nd Quarter,5,Tennessee Titans,1,5,0,21 Yard Pass,2nd & 7 at TEN 38,00:44 2nd Shotgun,— W.Levis pass short left to X.Restrepo pushed ob at CHI 41 for 21 yards (C.Lewis).
2026,PRESEASON WEEK 3,Saturday,August 29th,CHI,TEN,2nd Quarter,5,Tennessee Titans,1,6,0,Pass Incomplete,1st & 10 at CHI 41,00:38 2nd Shotgun,— W.Levis pass incomplete deep left to T.Montgomery (J.Blackwell).
2026,PRESEASON WEEK 3,Saturday,August 29th,CHI,TEN,2nd Quarter,5,Tennessee Titans,1,7,0,21 Yard Pass,2nd & 10 at CHI 41,00:32 2nd Shotgun,— W.Levis pass deep right to X.Restrepo ran ob at CHI 20 for 21 yards (C.Lewis).
2026,PRESEASON WEEK 3,Saturday,August 29th,CHI,TEN,2nd Quarter,5,Tennessee Titans,1,8,0,1 Yard Pass,1st & 10 at CHI 20,00:26 2nd Shotgun,— W.Levis pass short right to M.Carter to CHI 19 for 1 yard (W.Matthews).
2026,PRESEASON WEEK 3,Saturday,August 29th,CHI,TEN,2nd Quarter,5,Tennessee Titans,1,9,0,Timeout,,00:21 2nd,— Timeout #2 by TEN at 00:21.
2026,PRESEASON WEEK 3,Saturday,August 29th,CHI,TEN,2nd Quarter,5,Tennessee Titans,1,10,0,-10 Yard Penalty,2nd & 9 at CHI 19,00:21 2nd Shotgun,"— W.Levis pass incomplete short right. PENALTY on TEN-A.Deculus, Offensive Holding, 10 yards, enforced at CHI 19 - No Play. Penalty on TEN-T.Montgomery, Offensive Offside, declined."
2026,PRESEASON WEEK 3,Saturday,August 29th,CHI,TEN,2nd Quarter,5,Tennessee Titans,1,11,0,15 Yard Pass,2nd & 19 at CHI 29,00:16 2nd Shotgun,— W.Levis pass short left to X.Restrepo to CHI 14 for 15 yards (C.Lewis).
2026,PRESEASON WEEK 3,Saturday,August 29th,CHI,TEN,2nd Quarter,5,Tennessee Titans,1,12,0,Timeout,,00:09 2nd,— Timeout #3 by TEN at 00:09.
2026,PRESEASON WEEK 3,Saturday,August 29th,CHI,TEN,2nd Quarter,5,Tennessee Titans,1,13,0,7 Yard Penalty,3rd & 4 at CHI 14,00:09 2nd Shotgun,"— W.Levis pass incomplete short left to T.Montgomery. PENALTY on CHI-J.Blackwell, Face Mask, 7 yards, enforced at CHI 14 - No Play."
2026,PRESEASON WEEK 3,Saturday,August 29th,CHI,TEN,2nd Quarter,5,Tennessee Titans,1,14,0,Pass Incomplete,1st & 7 at CHI 7,00:05 2nd Shotgun,— W.Levis pass incomplete short left to T.Montgomery.
2026,PRESEASON WEEK 3,Saturday,August 29th,CHI,TEN,2nd Quarter,5,Tennessee Titans,1,15,1,Field Goal,2nd & 7 at CHI 7,00:01 2nd,"— J.Slye 25 yard field goal is GOOD, Center-M.Cox, Holder-T.Townsend."
2026,PRESEASON WEEK 3,Saturday,August 29th,CHI,TEN,3rd Quarter,1,Chicago Bears,0,1,0,Kickoff from TEN 35,,Kickoff,— J.Slye kicks 51 yards from TEN 35 to CHI 14. K.Davis to CHI 34 for 20 yards (R.Carrico; Dy.Johnson).
2026,PRESEASON WEEK 3,Saturday,August 29th,CHI,TEN,3rd Quarter,1,Chicago Bears,0,2,0,Pass Incomplete,1st & 10 at CHI 34,14:54 3rd,— C.Keenum pass incomplete short right to Q.Ismail.
2026,PRESEASON WEEK 3,Saturday,August 29th,CHI,TEN,3rd Quarter,1,Chicago Bears,0,3,0,-5 Yard Penalty,2nd & 10 at CHI 34,14:51 3rd Shotgun,"— PENALTY on CHI-M.Murphy, False Start, 5 yards, enforced at CHI 34 - No Play."
2026,PRESEASON WEEK 3,Saturday,August 29th,CHI,TEN,3rd Quarter,1,Chicago Bears,0,4,0,5 Yard Pass,2nd & 15 at CHI 29,14:51 3rd Shotgun,— C.Keenum pass short middle to J.Richardson to CHI 34 for 5 yards (B.Fitzgerald).
2026,PRESEASON WEEK 3,Saturday,August 29th,CHI,TEN,3rd Quarter,1,Chicago Bears,0,5,0,11 Yard Pass,3rd & 10 at CHI 34,14:11 3rd Shotgun,— C.Keenum pass short right to Z.Thomas pushed ob at CHI 45 for 11 yards (J.McMurray).
2026,PRESEASON WEEK 3,Saturday,August 29th,CHI,TEN,3rd Quarter,1,Chicago Bears,0,6,0,2 Yard Run,1st & 10 at CHI 45,13:42 3rd,— R.Johnson right guard to CHI 47 for 2 yards (T.Jones).
2026,PRESEASON WEEK 3,Saturday,August 29th,CHI,TEN,3rd Quarter,1,Chicago Bears,0,7,0,Pass Incomplete,2nd & 8 at CHI 47,13:06 3rd Shotgun,— C.Keenum pass incomplete short right to R.Johnson.
2026,PRESEASON WEEK 3,Saturday,August 29th,CHI,TEN,3rd Quarter,1,Chicago Bears,0,8,0,-2 Yard Sack,3rd & 8 at CHI 47,13:02 3rd Shotgun,— C.Keenum sacked at CHI 45 for -2 yards (T.Jones).
2026,PRESEASON WEEK 3,Saturday,August 29th,CHI,TEN,3rd Quarter,1,Chicago Bears,0,9,0,Punt,4th & 10 at CHI 45,12:24 3rd,"— T.Taylor punts 50 yards to TEN 5, Center-B.Gardner, fair catch by H.Beatty. PENALTY on TEN-Dy.Johnson, Offensive Holding, 2 yards, enforced at TEN 5."
2026,PRESEASON WEEK 3,Saturday,August 29th,CHI,TEN,3rd Quarter,2,Tennessee Titans,0,1,0,Pass Incomplete,1st & 10 at TEN 3,12:16 3rd,— H.Hooker pass incomplete short left to L.McCutcheon (J.Loving) [S.Thomas].
2026,PRESEASON WEEK 3,Saturday,August 29th,CHI,TEN,3rd Quarter,2,Tennessee Titans,0,2,0,Pass Incomplete,2nd & 10 at TEN 3,12:14 3rd Shotgun,— H.Hooker pass incomplete deep left to T.Montgomery.
2026,PRESEASON WEEK 3,Saturday,August 29th,CHI,TEN,3rd Quarter,2,Tennessee Titans,0,3,0,7 Yard Pass,3rd & 10 at TEN 3,12:08 3rd Shotgun,— H.Hooker pass short left to M.Carter to TEN 10 for 7 yards (J.Blackwell).
2026,PRESEASON WEEK 3,Saturday,August 29th,CHI,TEN,3rd Quarter,2,Tennessee Titans,0,4,0,Punt,4th & 3 at TEN 10,11:27 3rd,"— T.Townsend punts 45 yards to CHI 45, Center-M.Cox. R.McCloud to TEN 38 for 17 yards (N.Singleton)."
2026,PRESEASON WEEK 3,Saturday,August 29th,CHI,TEN,3rd Quarter,3,Chicago Bears,1,1,0,Pass Incomplete,1st & 10 at TEN 38,11:14 3rd,— C.Keenum pass incomplete deep middle to S.Miller.
2026,PRESEASON WEEK 3,Saturday,August 29th,CHI,TEN,3rd Quarter,3,Chicago Bears,1,2,0,8 Yard Run,2nd & 10 at TEN 38,11:08 3rd,— R.Johnson left tackle to TEN 30 for 8 yards (D.Canteen; K.Saunders).
2026,PRESEASON WEEK 3,Saturday,August 29th,CHI,TEN,3rd Quarter,3,Chicago Bears,1,3,0,13 Yard Pass,3rd & 2 at TEN 30,10:29 3rd Shotgun,— C.Keenum pass short middle to Z.Thomas to TEN 17 for 13 yards (C.Mayfield).
2026,PRESEASON WEEK 3,Saturday,August 29th,CHI,TEN,3rd Quarter,3,Chicago Bears,1,4,0,6 Yard Pass,1st & 10 at TEN 17,09:48 3rd,— C.Keenum pass short left to S.Carlson to TEN 11 for 6 yards (M.Diabate).
2026,PRESEASON WEEK 3,Saturday,August 29th,CHI,TEN,3rd Quarter,3,Chicago Bears,1,5,0,7 Yard Pass,2nd & 4 at TEN 11,09:05 3rd Shotgun,— C.Keenum pass short left to R.Johnson to TEN 4 for 7 yards (M.Goodrich).
2026,PRESEASON WEEK 3,Saturday,August 29th,CHI,TEN,3rd Quarter,3,Chicago Bears,1,6,0,1 Yard Run,1st & 4 at TEN 4,08:24 3rd,— R.Johnson right guard to TEN 3 for 1 yard (E.Brown; C.Mayfield).
2026,PRESEASON WEEK 3,Saturday,August 29th,CHI,TEN,3rd Quarter,3,Chicago Bears,1,7,1,Touchdown,2nd & 3 at TEN 3,07:40 3rd,"— R.Johnson right guard for 3 yards, TOUCHDOWN."
2026,PRESEASON WEEK 3,Saturday,August 29th,CHI,TEN,3rd Quarter,3,Chicago Bears,1,8,1,Extra Point,,07:36 3rd,"— C.Santos extra point is GOOD, Center-B.Gardner, Holder-T.Taylor."
2026,PRESEASON WEEK 3,Saturday,August 29th,CHI,TEN,3rd Quarter,4,Tennessee Titans,0,1,0,Kickoff from CHI 35,,Kickoff,— C.Santos kicks 67 yards from CHI 35 to TEN -2. C.Jackson to TEN 30 for 32 yards (A.Grier).
2026,PRESEASON WEEK 3,Saturday,August 29th,CHI,TEN,3rd Quarter,4,Tennessee Titans,0,2,0,0 Yard Run,1st & 10 at TEN 30,07:28 3rd,— J.Chestnut up the middle to TEN 30 for no gain (W.Matthews).
2026,PRESEASON WEEK 3,Saturday,August 29th,CHI,TEN,3rd Quarter,4,Tennessee Titans,0,3,0,-2 Yard Pass,2nd & 10 at TEN 30,06:50 3rd,"— H.Hooker pass short left to J.Wilson to TEN 35 for 5 yards (D.Prince, J.Rhattigan). FUMBLES (J.Rhattigan), ball out of bounds at TEN 28."
2026,PRESEASON WEEK 3,Saturday,August 29th,CHI,TEN,3rd Quarter,4,Tennessee Titans,0,4,0,Pass Incomplete,3rd & 12 at TEN 28,06:09 3rd Shotgun,— H.Hooker pass incomplete deep right to L.McCutcheon [J.Martin].
2026,PRESEASON WEEK 3,Saturday,August 29th,CHI,TEN,3rd Quarter,4,Tennessee Titans,0,5,0,Punt,4th & 12 at TEN 28,06:03 3rd,"— T.Townsend punts 60 yards to CHI 12, Center-M.Cox. S.Miller pushed ob at CHI 25 for 13 yards (M.Carter)."
2026,PRESEASON WEEK 3,Saturday,August 29th,CHI,TEN,3rd Quarter,5,Chicago Bears,1,1,0,-5 Yard Penalty,1st & 10 at CHI 25,05:52 3rd,"— C.Keenum pass short right to J.Richardson to CHI 35 for 10 yards (J.McMurray). PENALTY on CHI-M.Murphy, Ineligible Downfield Pass, 5 yards, enforced at CHI 25 - No Play."
2026,PRESEASON WEEK 3,Saturday,August 29th,CHI,TEN,3rd Quarter,5,Chicago Bears,1,2,0,Pass Incomplete,1st & 15 at CHI 20,05:28 3rd Shotgun,— C.Keenum pass incomplete deep middle to R.McCloud.
2026,PRESEASON WEEK 3,Saturday,August 29th,CHI,TEN,3rd Quarter,5,Chicago Bears,1,3,0,35 Yard Pass,2nd & 15 at CHI 20,05:20 3rd Shotgun,"— C.Keenum pass short left to R.McCloud pushed ob at 50 for 30 yards (B.Fitzgerald). PENALTY on TEN-M.Diabate, Illegal Use of Hands, 5 yards, enforced at 50."
2026,PRESEASON WEEK 3,Saturday,August 29th,CHI,TEN,3rd Quarter,5,Chicago Bears,1,4,0,7 Yard Run,1st & 10 at TEN 45,04:59 3rd,— M.Alexander up the middle to TEN 38 for 7 yards (J.McMurray).
2026,PRESEASON WEEK 3,Saturday,August 29th,CHI,TEN,3rd Quarter,5,Chicago Bears,1,5,0,12 Yard Pass,2nd & 3 at TEN 38,04:20 3rd Shotgun,— C.Keenum pass short left to S.Miller pushed ob at TEN 26 for 12 yards (C.Mayfield).
2026,PRESEASON WEEK 3,Saturday,August 29th,CHI,TEN,3rd Quarter,5,Chicago Bears,1,6,0,7 Yard Run,1st & 10 at TEN 26,03:51 3rd,— M.Alexander up the middle to TEN 19 for 7 yards (T.Horne; M.Diabate).
2026,PRESEASON WEEK 3,Saturday,August 29th,CHI,TEN,3rd Quarter,5,Chicago Bears,1,7,0,-5 Yard Penalty,2nd & 3 at TEN 19,03:05 3rd Shotgun,"— PENALTY on CHI-W.French, False Start, 5 yards, enforced at TEN 19 - No Play."
2026,PRESEASON WEEK 3,Saturday,August 29th,CHI,TEN,3rd Quarter,5,Chicago Bears,1,8,0,10 Yard Run,2nd & 8 at TEN 24,02:49 3rd,— R.Johnson left tackle to TEN 14 for 10 yards (B.Fitzgerald).
2026,PRESEASON WEEK 3,Saturday,August 29th,CHI,TEN,3rd Quarter,5,Chicago Bears,1,9,0,-5 Yard Sack,1st & 10 at TEN 14,02:09 3rd,— C.Keenum sacked at TEN 19 for -5 yards (O.Oladejo).
2026,PRESEASON WEEK 3,Saturday,August 29th,CHI,TEN,3rd Quarter,5,Chicago Bears,1,10,0,Pass Incomplete,2nd & 15 at TEN 19,01:27 3rd Shotgun,— C.Keenum pass incomplete short left to R.Johnson (M.Diabate).
2026,PRESEASON WEEK 3,Saturday,August 29th,CHI,TEN,3rd Quarter,5,Chicago Bears,1,11,0,Pass Incomplete,3rd & 15 at TEN 19,01:21 3rd Shotgun,— C.Keenum pass incomplete short left to O.Kelly [T.Jones].
2026,PRESEASON WEEK 3,Saturday,August 29th,CHI,TEN,3rd Quarter,5,Chicago Bears,1,12,1,Field Goal,4th & 15 at TEN 19,01:16 3rd,"— C.Santos 37 yard field goal is GOOD, Center-B.Gardner, Holder-T.Taylor."
2026,PRESEASON WEEK 3,Saturday,August 29th,CHI,TEN,4th Quarter,1,Tennessee Titans,0,1,0,Kickoff from CHI 35,,Kickoff,— C.Santos kicks 59 yards from CHI 35 to TEN 6. H.Beatty to TEN 36 for 30 yards (A.Grier; S.Thomas).
2026,PRESEASON WEEK 3,Saturday,August 29th,CHI,TEN,4th Quarter,1,Tennessee Titans,0,2,0,-1 Yard Sack,1st & 10 at TEN 36,01:00 3rd,— H.Hooker sacked at TEN 35 for -1 yards (J.Kromah).
2026,PRESEASON WEEK 3,Saturday,August 29th,CHI,TEN,4th Quarter,1,Tennessee Titans,0,3,0,-5 Yard Sack,2nd & 11 at TEN 35,00:15 3rd Shotgun,"— H.Hooker sacked at TEN 28 for -7 yards (J.Loving). FUMBLES (J.Loving), and recovers at TEN 30."
2026,PRESEASON WEEK 3,Saturday,August 29th,CHI,TEN,4th Quarter,1,Tennessee Titans,0,4,0,6 Yard Pass,3rd & 16 at TEN 30,15:00 4th Shotgun,— H.Hooker pass short left to D.Johnson to TEN 36 for 6 yards (A.Grier) [N.Gallimore].
2026,PRESEASON WEEK 3,Saturday,August 29th,CHI,TEN,4th Quarter,1,Tennessee Titans,0,5,0,Punt,4th & 10 at TEN 36,14:14 4th,"— T.Townsend punts 54 yards to CHI 10, Center-M.Cox. S.Miller to CHI 11 for 1 yard (E.Hallett)."
2026,PRESEASON WEEK 3,Saturday,August 29th,CHI,TEN,4th Quarter,2,Chicago Bears,0,1,0,-3 Yard Run,1st & 10 at CHI 11,14:03 4th,— M.Alexander left end pushed ob at CHI 8 for -3 yards (M.Goodrich).
2026,PRESEASON WEEK 3,Saturday,August 29th,CHI,TEN,4th Quarter,2,Chicago Bears,0,2,0,12 Yard Pass,2nd & 13 at CHI 8,13:31 4th Shotgun,— M.Moss pass short left to M.Alexander to CHI 20 for 12 yards (M.Herring; B.Fitzgerald).
2026,PRESEASON WEEK 3,Saturday,August 29th,CHI,TEN,4th Quarter,2,Chicago Bears,0,3,0,4 Yard Run,3rd & 1 at CHI 20,12:47 4th,— R.Johnson right guard to CHI 24 for 4 yards (M.Diabate; K.Saunders).
2026,PRESEASON WEEK 3,Saturday,August 29th,CHI,TEN,4th Quarter,2,Chicago Bears,0,4,0,Pass Incomplete,1st & 10 at CHI 24,12:06 4th,— M.Moss pass incomplete deep right to K.Davis.
2026,PRESEASON WEEK 3,Saturday,August 29th,CHI,TEN,4th Quarter,2,Chicago Bears,0,5,0,-6 Yard Sack,2nd & 10 at CHI 24,12:02 4th Shotgun,— M.Moss sacked at CHI 18 for -6 yards (sack split by J.McMurray and E.Brown).
2026,PRESEASON WEEK 3,Saturday,August 29th,CHI,TEN,4th Quarter,2,Chicago Bears,0,6,0,-5 Yard Penalty,3rd & 16 at CHI 18,11:15 4th Shotgun,"— PENALTY on CHI-M.Murphy, False Start, 5 yards, enforced at CHI 18 - No Play."
2026,PRESEASON WEEK 3,Saturday,August 29th,CHI,TEN,4th Quarter,2,Chicago Bears,0,7,0,-5 Yard Penalty,3rd & 21 at CHI 13,11:13 4th Shotgun,"— PENALTY on CHI-M.Murphy, False Start, 5 yards, enforced at CHI 13 - No Play."
2026,PRESEASON WEEK 3,Saturday,August 29th,CHI,TEN,4th Quarter,2,Chicago Bears,0,8,0,4 Yard Run,3rd & 26 at CHI 8,11:13 4th,— R.Johnson up the middle to CHI 12 for 4 yards (O.Oladejo; J.McMurray).
2026,PRESEASON WEEK 3,Saturday,August 29th,CHI,TEN,4th Quarter,2,Chicago Bears,0,9,0,Punt,4th & 22 at CHI 12,10:29 4th,"— T.Taylor punts 62 yards to TEN 26, Center-B.Gardner, downed by CHI-K.Davis."
2026,PRESEASON WEEK 3,Saturday,August 29th,CHI,TEN,4th Quarter,3,Tennessee Titans,1,1,0,-10 Yard Penalty,1st & 10 at TEN 26,10:16 4th,"— D.Johnson up the middle to TEN 28 for 2 yards (J.Rhattigan). PENALTY on TEN-C.Volson, Offensive Holding, 10 yards, enforced at TEN 26 - No Play."
2026,PRESEASON WEEK 3,Saturday,August 29th,CHI,TEN,4th Quarter,3,Tennessee Titans,1,2,0,7 Yard Run,1st & 20 at TEN 16,09:52 4th,— D.Johnson right end to TEN 23 for 7 yards (J.Kromah).
2026,PRESEASON WEEK 3,Saturday,August 29th,CHI,TEN,4th Quarter,3,Tennessee Titans,1,3,0,6 Yard Run,2nd & 13 at TEN 23,09:13 4th,— D.Johnson left end pushed ob at TEN 29 for 6 yards (A.Johnson).
2026,PRESEASON WEEK 3,Saturday,August 29th,CHI,TEN,4th Quarter,3,Tennessee Titans,1,4,0,12 Yard Run,3rd & 7 at TEN 29,08:40 4th Shotgun,— H.Hooker scrambles up the middle to TEN 41 for 12 yards (A.Grier; D.Prince).
2026,PRESEASON WEEK 3,Saturday,August 29th,CHI,TEN,4th Quarter,3,Tennessee Titans,1,5,0,2 Yard Run,1st & 10 at TEN 41,07:53 4th Shotgun,— D.Johnson left end pushed ob at TEN 43 for 2 yards (A.Grier).
2026,PRESEASON WEEK 3,Saturday,August 29th,CHI,TEN,4th Quarter,3,Tennessee Titans,1,6,0,2 Yard Run,2nd & 8 at TEN 43,07:19 4th,— D.Johnson left end to TEN 45 for 2 yards (M.Sewell).
2026,PRESEASON WEEK 3,Saturday,August 29th,CHI,TEN,4th Quarter,3,Tennessee Titans,1,7,0,17 Yard Run,3rd & 6 at TEN 45,06:39 4th Shotgun,— H.Hooker up the middle to CHI 38 for 17 yards (A.Johnson).
2026,PRESEASON WEEK 3,Saturday,August 29th,CHI,TEN,4th Quarter,3,Tennessee Titans,1,8,0,12 Yard Pass,1st & 10 at CHI 38,05:55 4th,— H.Hooker pass short middle to M.Carter to CHI 26 for 12 yards (A.Johnson; J.Lynch).
2026,PRESEASON WEEK 3,Saturday,August 29th,CHI,TEN,4th Quarter,3,Tennessee Titans,1,9,0,14 Yard Pass,1st & 10 at CHI 26,05:11 4th Shotgun,— H.Hooker pass short right to X.Restrepo pushed ob at CHI 12 for 14 yards (M.Sewell).
2026,PRESEASON WEEK 3,Saturday,August 29th,CHI,TEN,4th Quarter,3,Tennessee Titans,1,10,0,3 Yard Run,1st & 10 at CHI 12,04:36 4th,— D.Johnson right tackle to CHI 9 for 3 yards (A.Johnson).
2026,PRESEASON WEEK 3,Saturday,August 29th,CHI,TEN,4th Quarter,3,Tennessee Titans,1,11,1,Touchdown,2nd & 7 at CHI 9,03:56 4th,"— D.Johnson up the middle for 9 yards, TOUCHDOWN."
2026,PRESEASON WEEK 3,Saturday,August 29th,CHI,TEN,4th Quarter,3,Tennessee Titans,1,12,0,2PT Conversion Fails,,03:50 4th,— TWO-POINT CONVERSION ATTEMPT. H.Hooker rushes right end. ATTEMPT FAILS.
2026,PRESEASON WEEK 3,Saturday,August 29th,CHI,TEN,4th Quarter,4,Chicago Bears,0,1,0,Kickoff from TEN 35,,Kickoff,— J.Slye kicks 63 yards from TEN 35 to CHI 2. K.Davis to CHI 22 for 20 yards (E.Hallett; R.Carrico).
2026,PRESEASON WEEK 3,Saturday,August 29th,CHI,TEN,4th Quarter,4,Chicago Bears,0,2,0,1 Yard Run,1st & 10 at CHI 22,03:45 4th,— R.Johnson up the middle to CHI 23 for 1 yard (L.Tasi; T.Horne).
2026,PRESEASON WEEK 3,Saturday,August 29th,CHI,TEN,4th Quarter,4,Chicago Bears,0,3,0,Timeout,,03:37 4th,— Timeout #1 by TEN at 03:37.
2026,PRESEASON WEEK 3,Saturday,August 29th,CHI,TEN,4th Quarter,4,Chicago Bears,0,4,0,0 Yard Run,2nd & 9 at CHI 23,03:37 4th,— R.Johnson right tackle to CHI 23 for no gain (Dy.Johnson).
2026,PRESEASON WEEK 3,Saturday,August 29th,CHI,TEN,4th Quarter,4,Chicago Bears,0,5,0,Timeout,,03:30 4th,— Timeout #2 by TEN at 03:30.
2026,PRESEASON WEEK 3,Saturday,August 29th,CHI,TEN,4th Quarter,4,Chicago Bears,0,6,0,15 Yard Run,3rd & 9 at CHI 23,03:30 4th Shotgun,— M.Moss scrambles left end to CHI 38 for 15 yards (B.Fitzgerald).
2026,PRESEASON WEEK 3,Saturday,August 29th,CHI,TEN,4th Quarter,4,Chicago Bears,0,7,0,10 Yard Run,1st & 10 at CHI 38,02:46 4th,— R.Johnson up the middle to CHI 48 for 10 yards (J.Reed).
2026,PRESEASON WEEK 3,Saturday,August 29th,CHI,TEN,4th Quarter,4,Chicago Bears,0,8,0,-1 Yard Run,1st & 10 at CHI 48,02:00 4th,— M.Moss kneels to CHI 47 for -1 yards.
2026,PRESEASON WEEK 3,Saturday,August 29th,CHI,TEN,4th Quarter,4,Chicago Bears,0,9,0,-1 Yard Run,2nd & 11 at CHI 47,01:17 4th,— M.Moss kneels to CHI 46 for -1 yards.
2026,PRESEASON WEEK 3,Saturday,August 29th,CHI,TEN,4th Quarter,4,Chicago Bears,0,10,0,-1 Yard Run,3rd & 12 at CHI 46,00:38 4th,— M.Moss kneels to CHI 45 for -1 yards.
