Season,Week,GameSlot,Date,AwayTeam,HomeTeam,Quarter,DriveNumber,TeamWithPossession,IsScoringDrive,PlayNumberInDrive,IsScoringPlay,PlayOutcome,PlayStart,PlayTimeFormation,PlayDescription
2026,WEEK 2,Thursday Night Football,September 17th,DET,BUF,1st Quarter,1,Buffalo Bills,1,1,0,Kickoff from DET 35,,Kickoff,"— J.Bates kicks 66 yards from DET 35 to BUF -1. G.Dortch to BUF 26 for 27 yards (E.O'Neill). PENALTY on BUF-S.Franklin, Offensive Holding, 10 yards, enforced at BUF 25."
2026,WEEK 2,Thursday Night Football,September 17th,DET,BUF,1st Quarter,1,Buffalo Bills,1,2,0,9 Yard Pass,1st & 10 at BUF 15,14:51 1st,— J.Allen pass short left to K.Shakir pushed ob at BUF 24 for 9 yards (D.White).
2026,WEEK 2,Thursday Night Football,September 17th,DET,BUF,1st Quarter,1,Buffalo Bills,1,3,0,12 Yard Run,2nd & 1 at BUF 24,14:25 1st,— J.Cook up the middle to BUF 36 for 12 yards (C.Clark; A.Maddox).
2026,WEEK 2,Thursday Night Football,September 17th,DET,BUF,1st Quarter,1,Buffalo Bills,1,4,0,-5 Yard Sack,1st & 10 at BUF 36,13:48 1st,"— J.Allen sacked at BUF 32 for -4 yards (A.Hutchinson). FUMBLES (A.Hutchinson) [A.Hutchinson], recovered by BUF-S.Brown at BUF 31."
2026,WEEK 2,Thursday Night Football,September 17th,DET,BUF,1st Quarter,1,Buffalo Bills,1,5,0,18 Yard Run,2nd & 15 at BUF 31,12:54 1st Shotgun,"— J.Allen scrambles right end ran ob at BUF 44 for 13 yards (D.White). PENALTY on DET-D.Reed, Defensive Holding, 5 yards, enforced at BUF 44."
2026,WEEK 2,Thursday Night Football,September 17th,DET,BUF,1st Quarter,1,Buffalo Bills,1,6,0,1 Yard Run,1st & 10 at BUF 49,12:26 1st,— J.Cook right guard to 50 for 1 yard (J.Campbell; T.Williams).
2026,WEEK 2,Thursday Night Football,September 17th,DET,BUF,1st Quarter,1,Buffalo Bills,1,7,0,12 Yard Run,2nd & 9 at 50,11:48 1st Shotgun,— J.Allen scrambles right tackle ran ob at DET 38 for 12 yards (D.Barnes).
2026,WEEK 2,Thursday Night Football,September 17th,DET,BUF,1st Quarter,1,Buffalo Bills,1,8,0,13 Yard Pass,1st & 10 at DET 38,11:08 1st,— J.Allen pass short middle to K.Shakir to DET 25 for 13 yards (J.Campbell).
2026,WEEK 2,Thursday Night Football,September 17th,DET,BUF,1st Quarter,1,Buffalo Bills,1,9,0,10 Yard Run,1st & 10 at DET 25,10:28 1st,— J.Cook right guard to DET 15 for 10 yards (A.Maddox).
2026,WEEK 2,Thursday Night Football,September 17th,DET,BUF,1st Quarter,1,Buffalo Bills,1,10,0,14 Yard Run,1st & 10 at DET 15,09:42 1st,— J.Allen scrambles left tackle to DET 1 for 14 yards (R.Ya-Sin; D.Reed).
2026,WEEK 2,Thursday Night Football,September 17th,DET,BUF,1st Quarter,1,Buffalo Bills,1,11,1,Touchdown,1st & 1 at DET 1,09:13 1st No Huddle,"— J.Allen left guard for 1 yard, TOUCHDOWN."
2026,WEEK 2,Thursday Night Football,September 17th,DET,BUF,1st Quarter,1,Buffalo Bills,1,12,1,Extra Point,,09:09 1st,"— T.Bass extra point is GOOD, Center-R.Ferguson, Holder-T.Doman."
2026,WEEK 2,Thursday Night Football,September 17th,DET,BUF,1st Quarter,2,Detroit Lions,0,1,0,Kickoff from BUF 35,,Kickoff,"— T.Bass kicks 65 yards from BUF 35 to end zone, Touchback to the DET 35."
2026,WEEK 2,Thursday Night Football,September 17th,DET,BUF,1st Quarter,2,Detroit Lions,0,2,0,2 Yard Pass,1st & 10 at DET 35,09:09 1st,— J.Goff pass short left to S.LaPorta to DET 37 for 2 yards (D.Williams).
2026,WEEK 2,Thursday Night Football,September 17th,DET,BUF,1st Quarter,2,Detroit Lions,0,3,0,0 Yard Run,2nd & 8 at DET 37,08:36 1st,— J.Gibbs right tackle to DET 37 for no gain (G.Rousseau).
2026,WEEK 2,Thursday Night Football,September 17th,DET,BUF,1st Quarter,2,Detroit Lions,0,4,0,-7 Yard Sack,3rd & 8 at DET 37,07:54 1st Shotgun,— J.Goff sacked at DET 30 for -7 yards (G.Rousseau).
2026,WEEK 2,Thursday Night Football,September 17th,DET,BUF,1st Quarter,2,Detroit Lions,0,5,0,Punt,4th & 15 at DET 30,07:16 1st,"— J.Fox punts 49 yards to BUF 21, Center-H.Hatten, fair catch by G.Dortch."
2026,WEEK 2,Thursday Night Football,September 17th,DET,BUF,1st Quarter,3,Buffalo Bills,1,1,0,Pass Incomplete,1st & 10 at BUF 21,07:09 1st,— J.Allen pass incomplete deep middle to K.Shakir.
2026,WEEK 2,Thursday Night Football,September 17th,DET,BUF,1st Quarter,3,Buffalo Bills,1,2,0,4 Yard Run,2nd & 10 at BUF 21,07:02 1st Shotgun,— J.Cook left guard to BUF 25 for 4 yards (S.Gill-Howard; D.Barnes).
2026,WEEK 2,Thursday Night Football,September 17th,DET,BUF,1st Quarter,3,Buffalo Bills,1,3,0,7 Yard Pass,3rd & 6 at BUF 25,06:27 1st Shotgun,— J.Allen pass short left to K.Coleman pushed ob at BUF 32 for 7 yards (R.Ya-Sin).
2026,WEEK 2,Thursday Night Football,September 17th,DET,BUF,1st Quarter,3,Buffalo Bills,1,4,0,1 Yard Run,1st & 10 at BUF 32,05:53 1st,— J.Cook up the middle to BUF 33 for 1 yard (C.Izien; C.Clark).
2026,WEEK 2,Thursday Night Football,September 17th,DET,BUF,1st Quarter,3,Buffalo Bills,1,5,0,25 Yard Pass,2nd & 9 at BUF 33,05:14 1st Shotgun,— J.Allen pass deep middle to D.Kincaid to DET 42 for 25 yards (A.Maddox; D.Reed).
2026,WEEK 2,Thursday Night Football,September 17th,DET,BUF,1st Quarter,3,Buffalo Bills,1,6,0,-1 Yard Run,1st & 10 at DET 42,04:33 1st,— D.Moore left end to DET 43 for -1 yards (D.Barnes).
2026,WEEK 2,Thursday Night Football,September 17th,DET,BUF,1st Quarter,3,Buffalo Bills,1,7,0,Pass Incomplete,2nd & 11 at DET 43,03:55 1st Shotgun,— J.Allen pass incomplete short right [J.Campbell].
2026,WEEK 2,Thursday Night Football,September 17th,DET,BUF,1st Quarter,3,Buffalo Bills,1,8,1,Touchdown,3rd & 11 at DET 43,03:49 1st Shotgun,"— J.Allen pass deep middle to J.Palmer for 43 yards, TOUCHDOWN [S.Gill-Howard]."
2026,WEEK 2,Thursday Night Football,September 17th,DET,BUF,1st Quarter,3,Buffalo Bills,1,9,1,Extra Point,,03:42 1st,"— T.Bass extra point is GOOD, Center-R.Ferguson, Holder-T.Doman."
2026,WEEK 2,Thursday Night Football,September 17th,DET,BUF,1st Quarter,4,Detroit Lions,0,1,0,Kickoff from BUF 35,,Kickoff,— T.Bass kicks 59 yards from BUF 35 to DET 6. J.Saylors to DET 34 for 28 yards (D.Hamlin).
2026,WEEK 2,Thursday Night Football,September 17th,DET,BUF,1st Quarter,4,Detroit Lions,0,2,0,16 Yard Run,1st & 10 at DET 34,03:34 1st,— J.Gibbs right tackle to 50 for 16 yards (C.Bishop).
2026,WEEK 2,Thursday Night Football,September 17th,DET,BUF,1st Quarter,4,Detroit Lions,0,3,0,9 Yard Run,1st & 10 at 50,02:56 1st,— J.Gibbs right end pushed ob at BUF 41 for 9 yards (C.Benford).
2026,WEEK 2,Thursday Night Football,September 17th,DET,BUF,1st Quarter,4,Detroit Lions,0,4,0,-10 Yard Sack,2nd & 1 at BUF 41,02:25 1st,"— J.Goff sacked at 50 for -9 yards (G.Rousseau). FUMBLES (G.Rousseau) [G.Rousseau], recovered by DET-B.Wright at DET 49."
2026,WEEK 2,Thursday Night Football,September 17th,DET,BUF,1st Quarter,4,Detroit Lions,0,5,0,-11 Yard Run,3rd & 11 at DET 49,01:44 1st Shotgun,"— J.Goff FUMBLES (Aborted) at DET 44, and recovers at DET 38."
2026,WEEK 2,Thursday Night Football,September 17th,DET,BUF,1st Quarter,4,Detroit Lions,0,6,0,Punt,4th & 22 at DET 38,01:09 1st,"— J.Fox punts 44 yards to BUF 18, Center-H.Hatten. G.Dortch pushed ob at BUF 43 for 25 yards (D.Barnes)."
2026,WEEK 2,Thursday Night Football,September 17th,DET,BUF,2nd Quarter,1,Buffalo Bills,1,1,0,9 Yard Run,1st & 10 at BUF 43,00:57 1st,— J.Cook right end to DET 48 for 9 yards (C.Clark; T.Lacy).
2026,WEEK 2,Thursday Night Football,September 17th,DET,BUF,2nd Quarter,1,Buffalo Bills,1,2,0,Pass Incomplete,2nd & 1 at DET 48,00:19 1st,— J.Allen pass incomplete deep right to D.Kincaid [A.McNeill].
2026,WEEK 2,Thursday Night Football,September 17th,DET,BUF,2nd Quarter,1,Buffalo Bills,1,3,0,1 Yard Run,3rd & 1 at DET 48,00:13 1st,— J.Cook left guard to DET 47 for 1 yard (T.Williams).
2026,WEEK 2,Thursday Night Football,September 17th,DET,BUF,2nd Quarter,1,Buffalo Bills,1,4,0,12 Yard Pass,1st & 10 at DET 47,15:00 2nd,— J.Allen pass short right to D.Kincaid pushed ob at DET 35 for 12 yards (D.Barnes).
2026,WEEK 2,Thursday Night Football,September 17th,DET,BUF,2nd Quarter,1,Buffalo Bills,1,5,0,22 Yard Pass,1st & 10 at DET 35,14:27 2nd,— J.Allen pass short right to K.Coleman to DET 13 for 22 yards (C.Clark).
2026,WEEK 2,Thursday Night Football,September 17th,DET,BUF,2nd Quarter,1,Buffalo Bills,1,6,0,4 Yard Pass,1st & 10 at DET 13,13:42 2nd,— J.Allen pass short right to K.Coleman to DET 9 for 4 yards (R.Ya-Sin).
2026,WEEK 2,Thursday Night Football,September 17th,DET,BUF,2nd Quarter,1,Buffalo Bills,1,7,0,Pass Incomplete,2nd & 6 at DET 9,13:01 2nd Shotgun,— J.Allen pass incomplete short left to J.Cook.
2026,WEEK 2,Thursday Night Football,September 17th,DET,BUF,2nd Quarter,1,Buffalo Bills,1,8,0,5 Yard Penalty,3rd & 6 at DET 9,12:58 2nd Shotgun,"— J.Allen pass short right intended for D.Kincaid INTERCEPTED by S.Gill-Howard (R.McCreary) at DET 5. S.Gill-Howard to DET 5 for no gain (D.Kincaid). PENALTY on DET-R.McCreary, Defensive Holding, 5 yards, enforced at DET 9 - No Play."
2026,WEEK 2,Thursday Night Football,September 17th,DET,BUF,2nd Quarter,1,Buffalo Bills,1,9,0,2 Yard Penalty,1st & 4 at DET 4,12:48 2nd,"— J.Allen sacked at DET 11 for -7 yards (D.White). DET-A.Maddox was injured during the play. PENALTY on DET-J.Campbell, Defensive Holding, 2 yards, enforced at DET 4 - No Play."
2026,WEEK 2,Thursday Night Football,September 17th,DET,BUF,2nd Quarter,1,Buffalo Bills,1,10,0,1 Yard Run,1st & 2 at DET 2,12:31 2nd,— J.Cook left tackle to DET 1 for 1 yard (A.Hutchinson).
2026,WEEK 2,Thursday Night Football,September 17th,DET,BUF,2nd Quarter,1,Buffalo Bills,1,11,1,Touchdown,2nd & 1 at DET 1,11:52 2nd,"— J.Allen pass short right to D.Knox for 1 yard, TOUCHDOWN."
2026,WEEK 2,Thursday Night Football,September 17th,DET,BUF,2nd Quarter,1,Buffalo Bills,1,12,1,Extra Point,,11:48 2nd,"— T.Bass extra point is GOOD, Center-R.Ferguson, Holder-T.Doman."
2026,WEEK 2,Thursday Night Football,September 17th,DET,BUF,2nd Quarter,2,Detroit Lions,1,1,0,Kickoff from BUF 35,,Kickoff,— T.Bass kicks 62 yards from BUF 35 to DET 3. T.Kennedy pushed ob at DET 30 for 27 yards (D.Igbinosun; K.Latu).
2026,WEEK 2,Thursday Night Football,September 17th,DET,BUF,2nd Quarter,2,Detroit Lions,1,2,0,3 Yard Run,1st & 10 at DET 30,11:42 2nd Shotgun,— J.Goff scrambles up the middle to DET 33 for 3 yards (D.Williams).
2026,WEEK 2,Thursday Night Football,September 17th,DET,BUF,2nd Quarter,2,Detroit Lions,1,3,0,12 Yard Pass,2nd & 7 at DET 33,11:07 2nd,— J.Goff pass short left to J.Gibbs to DET 45 for 12 yards (D.Williams).
2026,WEEK 2,Thursday Night Football,September 17th,DET,BUF,2nd Quarter,2,Detroit Lions,1,4,0,-10 Yard Penalty,1st & 10 at DET 45,10:31 2nd,"— J.Gibbs left guard to BUF 36 for 19 yards (T.Bernard; M.Hairston). PENALTY on DET-L.Borom, Offensive Holding, 10 yards, enforced at DET 45 - No Play."
2026,WEEK 2,Thursday Night Football,September 17th,DET,BUF,2nd Quarter,2,Detroit Lions,1,5,0,0 Yard Run,1st & 20 at DET 35,10:06 2nd Shotgun,— J.Gibbs left end to DET 35 for no gain (D.Alford).
2026,WEEK 2,Thursday Night Football,September 17th,DET,BUF,2nd Quarter,2,Detroit Lions,1,6,0,13 Yard Pass,2nd & 20 at DET 35,09:30 2nd Shotgun,— J.Goff pass short left to S.Vaki to DET 48 for 13 yards (D.Williams) [D.Walker].
2026,WEEK 2,Thursday Night Football,September 17th,DET,BUF,2nd Quarter,2,Detroit Lions,1,7,0,10 Yard Run,3rd & 7 at DET 48,08:47 2nd Shotgun,— J.Gibbs up the middle to BUF 42 for 10 yards (C.Benford).
2026,WEEK 2,Thursday Night Football,September 17th,DET,BUF,2nd Quarter,2,Detroit Lions,1,8,0,-1 Yard Run,1st & 10 at BUF 42,08:14 2nd,— J.Gibbs up the middle to BUF 43 for -1 yards (T.Bernard).
2026,WEEK 2,Thursday Night Football,September 17th,DET,BUF,2nd Quarter,2,Detroit Lions,1,9,0,7 Yard Run,2nd & 11 at BUF 43,07:33 2nd,— S.Vaki up the middle to BUF 36 for 7 yards (K.Elarms-Orr; D.Alford).
2026,WEEK 2,Thursday Night Football,September 17th,DET,BUF,2nd Quarter,2,Detroit Lions,1,10,0,8 Yard Pass,3rd & 4 at BUF 36,06:56 2nd Shotgun,— J.Goff pass short left to J.Gibbs to BUF 28 for 8 yards (C.Bishop).
2026,WEEK 2,Thursday Night Football,September 17th,DET,BUF,2nd Quarter,2,Detroit Lions,1,11,0,Pass Incomplete,1st & 10 at BUF 28,06:22 2nd,— J.Goff pass incomplete short left to S.LaPorta.
2026,WEEK 2,Thursday Night Football,September 17th,DET,BUF,2nd Quarter,2,Detroit Lions,1,12,0,11 Yard Pass,2nd & 10 at BUF 28,06:17 2nd,— J.Goff pass short right to A.St. Brown pushed ob at BUF 17 for 11 yards (D.Igbinosun).
2026,WEEK 2,Thursday Night Football,September 17th,DET,BUF,2nd Quarter,2,Detroit Lions,1,13,0,6 Yard Run,1st & 10 at BUF 17,05:47 2nd,— J.Gibbs right tackle to BUF 11 for 6 yards (D.Alford; B.Chubb).
2026,WEEK 2,Thursday Night Football,September 17th,DET,BUF,2nd Quarter,2,Detroit Lions,1,14,1,Touchdown,2nd & 4 at BUF 11,05:07 2nd Shotgun,"— J.Goff pass short right to J.Gibbs for 11 yards, TOUCHDOWN."
2026,WEEK 2,Thursday Night Football,September 17th,DET,BUF,2nd Quarter,2,Detroit Lions,1,15,1,Extra Point,,05:03 2nd,"— J.Bates extra point is GOOD, Center-H.Hatten, Holder-J.Fox."
2026,WEEK 2,Thursday Night Football,September 17th,DET,BUF,2nd Quarter,3,Buffalo Bills,1,1,0,Kickoff from DET 35,,Kickoff,— J.Bates kicks 64 yards from DET 35 to BUF 1. R.Davis to BUF 32 for 31 yards (C.Izien).
2026,WEEK 2,Thursday Night Football,September 17th,DET,BUF,2nd Quarter,3,Buffalo Bills,1,2,0,20 Yard Run,1st & 10 at BUF 32,04:56 2nd,— J.Cook up the middle ran ob at DET 48 for 20 yards (R.Ya-Sin).
2026,WEEK 2,Thursday Night Football,September 17th,DET,BUF,2nd Quarter,3,Buffalo Bills,1,3,0,35 Yard Run,1st & 10 at DET 48,04:22 2nd,— J.Cook left guard pushed ob at DET 13 for 35 yards (D.Reed).
2026,WEEK 2,Thursday Night Football,September 17th,DET,BUF,2nd Quarter,3,Buffalo Bills,1,4,0,7 Yard Run,1st & 10 at DET 13,03:42 2nd,— J.Cook up the middle to DET 6 for 7 yards (C.Clark; D.White).
2026,WEEK 2,Thursday Night Football,September 17th,DET,BUF,2nd Quarter,3,Buffalo Bills,1,5,0,-10 Yard Penalty,2nd & 3 at DET 6,03:01 2nd,"— J.Allen pass incomplete short right to D.Moore. BUF-D.Moore was injured during the play. PENALTY on BUF-D.Knox, Offensive Holding, 10 yards, enforced at DET 6 - No Play."
2026,WEEK 2,Thursday Night Football,September 17th,DET,BUF,2nd Quarter,3,Buffalo Bills,1,6,1,Touchdown,2nd & 13 at DET 16,02:56 2nd Shotgun,"— J.Allen pass deep middle to D.Kincaid for 16 yards, TOUCHDOWN."
2026,WEEK 2,Thursday Night Football,September 17th,DET,BUF,2nd Quarter,3,Buffalo Bills,1,7,0,Extra Point No Good,,02:52 2nd,"— T.Bass extra point is No Good, Wide Left, Center-R.Ferguson, Holder-T.Doman."
2026,WEEK 2,Thursday Night Football,September 17th,DET,BUF,2nd Quarter,4,Detroit Lions,0,1,0,Kickoff from BUF 35,,Kickoff,— T.Bass kicks 65 yards from BUF 35 to DET 0. T.Kennedy to DET 27 for 27 yards (S.Franklin).
2026,WEEK 2,Thursday Night Football,September 17th,DET,BUF,2nd Quarter,4,Detroit Lions,0,2,0,12 Yard Pass,1st & 10 at DET 27,02:46 2nd,— J.Goff pass short left to S.LaPorta to DET 39 for 12 yards (T.Bernard).
2026,WEEK 2,Thursday Night Football,September 17th,DET,BUF,2nd Quarter,4,Detroit Lions,0,3,0,Pass Incomplete,1st & 10 at DET 39,02:08 2nd,— J.Goff pass incomplete short left to J.Williams (D.Walker) [D.Walker].
2026,WEEK 2,Thursday Night Football,September 17th,DET,BUF,2nd Quarter,4,Detroit Lions,0,4,0,9 Yard Pass,2nd & 10 at DET 39,02:03 2nd,— J.Goff pass short middle to J.Gibbs to DET 48 for 9 yards (K.Elarms-Orr; T.Bernard).
2026,WEEK 2,Thursday Night Football,September 17th,DET,BUF,2nd Quarter,4,Detroit Lions,0,5,0,-4 Yard Penalty,3rd & 1 at DET 48,01:56 2nd,"— PENALTY on DET-J.Scruggs, False Start, 4 yards, enforced at DET 48 - No Play."
2026,WEEK 2,Thursday Night Football,September 17th,DET,BUF,2nd Quarter,4,Detroit Lions,0,6,0,-13 Yard Sack,3rd & 5 at DET 44,01:56 2nd Shotgun,— J.Goff sacked at DET 31 for -13 yards (B.Chubb).
2026,WEEK 2,Thursday Night Football,September 17th,DET,BUF,2nd Quarter,4,Detroit Lions,0,7,0,Timeout,,01:51 2nd,— Timeout #1 by BUF at 01:51.
2026,WEEK 2,Thursday Night Football,September 17th,DET,BUF,2nd Quarter,4,Detroit Lions,0,8,0,Punt,4th & 18 at DET 31,01:51 2nd,"— J.Fox punts 62 yards to BUF 7, Center-H.Hatten. G.Dortch to BUF 18 for 11 yards (T.Nowaske; T.Martin)."
2026,WEEK 2,Thursday Night Football,September 17th,DET,BUF,2nd Quarter,5,Buffalo Bills,0,1,0,6 Yard Pass,1st & 10 at BUF 18,01:36 2nd Shotgun,— J.Allen pass short left to D.Kincaid to BUF 24 for 6 yards (C.Clark). BUF-K.Coleman was injured during the play.
2026,WEEK 2,Thursday Night Football,September 17th,DET,BUF,2nd Quarter,5,Buffalo Bills,0,2,0,Timeout,,01:27 2nd,— Timeout #2 by BUF at 01:27.
2026,WEEK 2,Thursday Night Football,September 17th,DET,BUF,2nd Quarter,5,Buffalo Bills,0,3,0,6 Yard Pass,2nd & 4 at BUF 24,01:27 2nd Shotgun,— J.Allen pass short middle to D.Kincaid to BUF 30 for 6 yards (J.Campbell; C.Clark).
2026,WEEK 2,Thursday Night Football,September 17th,DET,BUF,2nd Quarter,5,Buffalo Bills,0,4,0,5 Yard Penalty,1st & 10 at BUF 30,"01:03 2nd No Huddle, Shotgun","— J.Allen pass incomplete deep right to K.Shakir (D.Reed). PENALTY on DET-R.Ya-Sin, Defensive Offside, 5 yards, enforced at BUF 30 - No Play."
2026,WEEK 2,Thursday Night Football,September 17th,DET,BUF,2nd Quarter,5,Buffalo Bills,0,5,0,Pass Incomplete,1st & 5 at BUF 35,00:58 2nd Shotgun,— J.Allen pass incomplete short right to J.Palmer (T.Harper). ** Injury Update: BUF-K.Coleman has returned to the game.
2026,WEEK 2,Thursday Night Football,September 17th,DET,BUF,2nd Quarter,5,Buffalo Bills,0,6,0,Pass Incomplete,2nd & 5 at BUF 35,00:54 2nd Shotgun,— J.Allen pass incomplete short right to J.Palmer.
2026,WEEK 2,Thursday Night Football,September 17th,DET,BUF,2nd Quarter,5,Buffalo Bills,0,7,0,Pass Incomplete,3rd & 5 at BUF 35,00:49 2nd Shotgun,— J.Allen pass incomplete short middle to K.Shakir.
2026,WEEK 2,Thursday Night Football,September 17th,DET,BUF,2nd Quarter,5,Buffalo Bills,0,8,0,Punt,4th & 5 at BUF 35,00:46 2nd,"— T.Doman punts 43 yards to DET 22, Center-R.Ferguson, fair catch by T.Kennedy."
2026,WEEK 2,Thursday Night Football,September 17th,DET,BUF,2nd Quarter,6,Detroit Lions,1,1,0,Pass Incomplete,1st & 10 at DET 22,00:39 2nd Shotgun,— J.Goff pass incomplete deep middle to I.TeSlaa (T.Bernard).
2026,WEEK 2,Thursday Night Football,September 17th,DET,BUF,2nd Quarter,6,Detroit Lions,1,2,0,12 Yard Pass,2nd & 10 at DET 22,00:33 2nd Shotgun,— J.Goff pass short left to S.LaPorta to DET 34 for 12 yards (J.Hancock).
2026,WEEK 2,Thursday Night Football,September 17th,DET,BUF,2nd Quarter,6,Detroit Lions,1,3,0,Timeout,,00:28 2nd,— Timeout #1 by DET at 00:28.
2026,WEEK 2,Thursday Night Football,September 17th,DET,BUF,2nd Quarter,6,Detroit Lions,1,4,0,22 Yard Pass,1st & 10 at DET 34,00:28 2nd Shotgun,— J.Goff pass short right to A.St. Brown to BUF 44 for 22 yards (J.Hancock; C.Benford).
2026,WEEK 2,Thursday Night Football,September 17th,DET,BUF,2nd Quarter,6,Detroit Lions,1,5,0,Timeout,,00:21 2nd,— Timeout #2 by DET at 00:21.
2026,WEEK 2,Thursday Night Football,September 17th,DET,BUF,2nd Quarter,6,Detroit Lions,1,6,0,Pass Incomplete,1st & 10 at BUF 44,00:21 2nd Shotgun,— J.Goff pass incomplete short right to J.Williams [G.Rousseau].
2026,WEEK 2,Thursday Night Football,September 17th,DET,BUF,2nd Quarter,6,Detroit Lions,1,7,0,-5 Yard Penalty,2nd & 10 at BUF 44,00:16 2nd Shotgun,"— PENALTY on DET-L.Borom, False Start, 5 yards, enforced at BUF 44 - No Play."
2026,WEEK 2,Thursday Night Football,September 17th,DET,BUF,2nd Quarter,6,Detroit Lions,1,8,0,16 Yard Pass,2nd & 15 at BUF 49,00:16 2nd Shotgun,— J.Goff pass deep right to J.Williams pushed ob at BUF 33 for 16 yards (M.Hairston).
2026,WEEK 2,Thursday Night Football,September 17th,DET,BUF,2nd Quarter,6,Detroit Lions,1,9,0,Pass Incomplete,1st & 10 at BUF 33,00:10 2nd Shotgun,— J.Goff pass incomplete deep right to I.TeSlaa.
2026,WEEK 2,Thursday Night Football,September 17th,DET,BUF,2nd Quarter,6,Detroit Lions,1,10,0,20 Yard Run,2nd & 10 at BUF 33,00:06 2nd Shotgun,"— J.Gibbs left guard to BUF 26 for 7 yards (L.Jackson). PENALTY on BUF-L.Jackson, Tripping, 13 yards, enforced at BUF 26."
2026,WEEK 2,Thursday Night Football,September 17th,DET,BUF,2nd Quarter,6,Detroit Lions,1,11,0,Timeout,,00:01 2nd,— Timeout #3 by BUF at 00:01.
2026,WEEK 2,Thursday Night Football,September 17th,DET,BUF,2nd Quarter,6,Detroit Lions,1,12,1,Field Goal,1st & 10 at BUF 13,00:01 2nd,"— J.Bates 31 yard field goal is GOOD, Center-H.Hatten, Holder-J.Fox."
2026,WEEK 2,Thursday Night Football,September 17th,DET,BUF,3rd Quarter,1,Detroit Lions,1,1,0,Kickoff from BUF 35,,Kickoff,— T.Bass kicks 61 yards from BUF 35 to DET 4. T.Kennedy to DET 26 for 22 yards (J.Solomon).
2026,WEEK 2,Thursday Night Football,September 17th,DET,BUF,3rd Quarter,1,Detroit Lions,1,2,0,2 Yard Run,1st & 10 at DET 26,14:54 3rd,— J.Gibbs left guard to DET 28 for 2 yards (C.Gardner-Johnson).
2026,WEEK 2,Thursday Night Football,September 17th,DET,BUF,3rd Quarter,1,Detroit Lions,1,3,0,6 Yard Pass,2nd & 8 at DET 28,14:20 3rd,— J.Goff pass short right to I.TeSlaa to DET 34 for 6 yards (J.Hancock).
2026,WEEK 2,Thursday Night Football,September 17th,DET,BUF,3rd Quarter,1,Detroit Lions,1,4,0,21 Yard Pass,3rd & 2 at DET 34,13:36 3rd Shotgun,— J.Goff pass deep right to A.St. Brown pushed ob at BUF 45 for 21 yards (C.Benford).
2026,WEEK 2,Thursday Night Football,September 17th,DET,BUF,3rd Quarter,1,Detroit Lions,1,5,0,Pass Incomplete,1st & 10 at BUF 45,13:02 3rd,— J.Goff pass incomplete short left to A.St. Brown (C.Benford).
2026,WEEK 2,Thursday Night Football,September 17th,DET,BUF,3rd Quarter,1,Detroit Lions,1,6,0,0 Yard Run,2nd & 10 at BUF 45,12:57 3rd,— J.Gibbs left guard to BUF 45 for no gain (D.Carter).
2026,WEEK 2,Thursday Night Football,September 17th,DET,BUF,3rd Quarter,1,Detroit Lions,1,7,0,5 Yard Pass,3rd & 10 at BUF 45,12:20 3rd Shotgun,— J.Goff pass short right to A.St. Brown to BUF 40 for 5 yards (J.Hancock; D.Williams).
2026,WEEK 2,Thursday Night Football,September 17th,DET,BUF,3rd Quarter,1,Detroit Lions,1,8,0,18 Yard Pass,4th & 5 at BUF 40,11:40 3rd Shotgun,— J.Goff pass short middle to S.LaPorta to BUF 22 for 18 yards (J.Hancock).
2026,WEEK 2,Thursday Night Football,September 17th,DET,BUF,3rd Quarter,1,Detroit Lions,1,9,0,2 Yard Run,1st & 10 at BUF 22,11:17 3rd No Huddle,— J.Gibbs left guard to BUF 20 for 2 yards (G.Gaines; L.Jackson).
2026,WEEK 2,Thursday Night Football,September 17th,DET,BUF,3rd Quarter,1,Detroit Lions,1,10,0,9 Yard Pass,2nd & 8 at BUF 20,10:39 3rd Shotgun,"— J.Goff pass short right to J.Gibbs to BUF 11 for 9 yards (T.Bernard) [G.Rousseau]. Penalty on BUF-C.Bishop, Defensive Holding, declined."
2026,WEEK 2,Thursday Night Football,September 17th,DET,BUF,3rd Quarter,1,Detroit Lions,1,11,0,9 Yard Pass,1st & 10 at BUF 11,10:11 3rd Shotgun,— J.Goff pass short right to A.St. Brown to BUF 2 for 9 yards (C.Bishop; C.Benford).
2026,WEEK 2,Thursday Night Football,September 17th,DET,BUF,3rd Quarter,1,Detroit Lions,1,12,1,Touchdown,2nd & 1 at BUF 2,09:31 3rd Shotgun,"— J.Goff pass short left to A.St. Brown for 2 yards, TOUCHDOWN."
2026,WEEK 2,Thursday Night Football,September 17th,DET,BUF,3rd Quarter,1,Detroit Lions,1,13,1,Extra Point,,09:29 3rd,"— J.Bates extra point is GOOD, Center-H.Hatten, Holder-J.Fox."
2026,WEEK 2,Thursday Night Football,September 17th,DET,BUF,3rd Quarter,2,Buffalo Bills,1,1,0,Kickoff from DET 35,,Kickoff,— J.Bates kicks 65 yards from DET 35 to BUF 0. G.Dortch to BUF 25 for 25 yards (T.Nowaske).
2026,WEEK 2,Thursday Night Football,September 17th,DET,BUF,3rd Quarter,2,Buffalo Bills,1,2,0,8 Yard Run,1st & 10 at BUF 25,09:23 3rd,— J.Allen scrambles right end to BUF 33 for 8 yards (T.Williams).
2026,WEEK 2,Thursday Night Football,September 17th,DET,BUF,3rd Quarter,2,Buffalo Bills,1,3,0,1 Yard Run,2nd & 2 at BUF 33,08:41 3rd,— J.Cook left tackle to BUF 34 for 1 yard (D.Reed; A.Hutchinson).
2026,WEEK 2,Thursday Night Football,September 17th,DET,BUF,3rd Quarter,2,Buffalo Bills,1,4,0,3 Yard Run,3rd & 1 at BUF 34,08:20 3rd No Huddle,— J.Allen up the middle to BUF 37 for 3 yards (A.McNeill).
2026,WEEK 2,Thursday Night Football,September 17th,DET,BUF,3rd Quarter,2,Buffalo Bills,1,5,0,4 Yard Run,1st & 10 at BUF 37,07:43 3rd Shotgun,— J.Cook left tackle to BUF 41 for 4 yards (D.Wonnum).
2026,WEEK 2,Thursday Night Football,September 17th,DET,BUF,3rd Quarter,2,Buffalo Bills,1,6,0,4 Yard Pass,2nd & 6 at BUF 41,07:06 3rd,— J.Allen pass short right to J.Cook to BUF 45 for 4 yards (D.Reed; D.White).
2026,WEEK 2,Thursday Night Football,September 17th,DET,BUF,3rd Quarter,2,Buffalo Bills,1,7,0,4 Yard Pass,3rd & 2 at BUF 45,06:20 3rd,— T.Grable reported in as eligible. J.Allen pass short right to D.Knox to BUF 49 for 4 yards (D.White).
2026,WEEK 2,Thursday Night Football,September 17th,DET,BUF,3rd Quarter,2,Buffalo Bills,1,8,0,Sack,1st & 10 at BUF 49,05:38 3rd,— J.Allen sacked at BUF 49 for 0 yards (D.Barnes).
2026,WEEK 2,Thursday Night Football,September 17th,DET,BUF,3rd Quarter,2,Buffalo Bills,1,9,0,9 Yard Pass,2nd & 10 at BUF 49,04:54 3rd Shotgun,— J.Allen pass short right to K.Coleman to DET 42 for 9 yards (R.Ya-Sin).
2026,WEEK 2,Thursday Night Football,September 17th,DET,BUF,3rd Quarter,2,Buffalo Bills,1,10,0,2 Yard Run,3rd & 1 at DET 42,04:15 3rd,— T.Grable reported in as eligible. J.Allen up the middle to DET 40 for 2 yards (J.Campbell; A.McNeill).
2026,WEEK 2,Thursday Night Football,September 17th,DET,BUF,3rd Quarter,2,Buffalo Bills,1,11,0,Pass Incomplete,1st & 10 at DET 40,03:33 3rd,— J.Allen pass incomplete short left to J.Cook [T.Williams].
2026,WEEK 2,Thursday Night Football,September 17th,DET,BUF,3rd Quarter,2,Buffalo Bills,1,12,0,Timeout,,03:28 3rd,— Timeout #1 by DET at 03:28.
2026,WEEK 2,Thursday Night Football,September 17th,DET,BUF,3rd Quarter,2,Buffalo Bills,1,13,0,9 Yard Run,2nd & 10 at DET 40,03:28 3rd Shotgun,— J.Allen left guard to DET 31 for 9 yards (D.Wonnum; D.Barnes).
2026,WEEK 2,Thursday Night Football,September 17th,DET,BUF,3rd Quarter,2,Buffalo Bills,1,14,0,2 Yard Run,3rd & 1 at DET 31,02:50 3rd,— J.Allen up the middle to DET 29 for 2 yards (T.Lacy).
2026,WEEK 2,Thursday Night Football,September 17th,DET,BUF,3rd Quarter,2,Buffalo Bills,1,15,0,23 Yard Pass,1st & 10 at DET 29,02:07 3rd Shotgun,— J.Allen pass short left to D.Kincaid pushed ob at DET 6 for 23 yards (C.Clark; D.White).
2026,WEEK 2,Thursday Night Football,September 17th,DET,BUF,3rd Quarter,2,Buffalo Bills,1,16,0,4 Yard Run,1st & 6 at DET 6,01:28 3rd,"— J.Cook right end to DET 4 for 2 yards (D.Reed). PENALTY on DET-D.White, Face Mask, 2 yards, enforced at DET 4."
2026,WEEK 2,Thursday Night Football,September 17th,DET,BUF,3rd Quarter,2,Buffalo Bills,1,17,1,Touchdown,1st & 2 at DET 2,01:13 3rd,"— J.Allen scrambles right end for 2 yards, TOUCHDOWN."
2026,WEEK 2,Thursday Night Football,September 17th,DET,BUF,3rd Quarter,2,Buffalo Bills,1,18,1,Extra Point,,01:07 3rd,"— T.Bass extra point is GOOD, Center-R.Ferguson, Holder-T.Doman."
2026,WEEK 2,Thursday Night Football,September 17th,DET,BUF,4th Quarter,1,Detroit Lions,1,1,0,Kickoff from BUF 35,,Kickoff,— T.Bass kicks 61 yards from BUF 35 to DET 4. J.Saylors to DET 34 for 30 yards (T.Parker).
2026,WEEK 2,Thursday Night Football,September 17th,DET,BUF,4th Quarter,1,Detroit Lions,1,2,0,0 Yard Run,1st & 10 at DET 34,01:01 3rd,— J.Gibbs right tackle pushed ob at DET 34 for no gain (D.Igbinosun).
2026,WEEK 2,Thursday Night Football,September 17th,DET,BUF,4th Quarter,1,Detroit Lions,1,3,0,34 Yard Pass,2nd & 10 at DET 34,00:28 3rd,— J.Goff pass deep left to A.St. Brown pushed ob at BUF 32 for 34 yards (D.Igbinosun).
2026,WEEK 2,Thursday Night Football,September 17th,DET,BUF,4th Quarter,1,Detroit Lions,1,4,0,Pass Incomplete,1st & 10 at BUF 32,15:00 4th Shotgun,— J.Goff pass incomplete deep middle to A.St. Brown (D.Williams) [D.Walker].
2026,WEEK 2,Thursday Night Football,September 17th,DET,BUF,4th Quarter,1,Detroit Lions,1,5,0,2 Yard Run,2nd & 10 at BUF 32,14:55 4th,— J.Gibbs right guard to BUF 30 for 2 yards (C.Benford; D.Walker).
2026,WEEK 2,Thursday Night Football,September 17th,DET,BUF,4th Quarter,1,Detroit Lions,1,6,0,11 Yard Pass,3rd & 8 at BUF 30,14:13 4th Shotgun,— J.Goff pass short left to A.St. Brown to BUF 19 for 11 yards (D.Alford).
2026,WEEK 2,Thursday Night Football,September 17th,DET,BUF,4th Quarter,1,Detroit Lions,1,7,0,7 Yard Pass,1st & 10 at BUF 19,13:35 4th,— J.Goff pass short left to S.LaPorta pushed ob at BUF 12 for 7 yards (C.Bishop).
2026,WEEK 2,Thursday Night Football,September 17th,DET,BUF,4th Quarter,1,Detroit Lions,1,8,0,0 Yard Run,2nd & 3 at BUF 12,13:05 4th Shotgun,— J.Gibbs left tackle to BUF 12 for no gain (C.Benford).
2026,WEEK 2,Thursday Night Football,September 17th,DET,BUF,4th Quarter,1,Detroit Lions,1,9,0,Pass Incomplete,3rd & 3 at BUF 12,12:28 4th Shotgun,— J.Goff pass incomplete short left to I.TeSlaa (C.Benford).
2026,WEEK 2,Thursday Night Football,September 17th,DET,BUF,4th Quarter,1,Detroit Lions,1,10,0,-5 Yard Penalty,4th & 3 at BUF 12,12:24 4th Shotgun,"— PENALTY on DET-L.Borom, False Start, 5 yards, enforced at BUF 12 - No Play."
2026,WEEK 2,Thursday Night Football,September 17th,DET,BUF,4th Quarter,1,Detroit Lions,1,11,0,5 Yard Penalty,4th & 8 at BUF 17,12:24 4th Shotgun,"— J.Goff pass incomplete short left to J.Williams (D.Igbinosun) [B.Chubb]. PENALTY on BUF-D.Igbinosun, Defensive Holding, 5 yards, enforced at BUF 17 - No Play."
2026,WEEK 2,Thursday Night Football,September 17th,DET,BUF,4th Quarter,1,Detroit Lions,1,12,0,4 Yard Run,1st & 10 at BUF 12,12:18 4th Shotgun,— J.Goff scrambles left tackle pushed ob at BUF 8 for 4 yards (B.Chubb).
2026,WEEK 2,Thursday Night Football,September 17th,DET,BUF,4th Quarter,1,Detroit Lions,1,13,0,-1 Yard Run,2nd & 6 at BUF 8,11:42 4th,— J.Gibbs right guard to BUF 9 for -1 yards (D.Williams).
2026,WEEK 2,Thursday Night Football,September 17th,DET,BUF,4th Quarter,1,Detroit Lions,1,14,0,8 Yard Penalty,3rd & 7 at BUF 9,11:01 4th Shotgun,"— J.Goff pass incomplete short right to S.LaPorta. PENALTY on BUF-C.Benford, Defensive Pass Interference, 8 yards, enforced at BUF 9 - No Play."
2026,WEEK 2,Thursday Night Football,September 17th,DET,BUF,4th Quarter,1,Detroit Lions,1,15,1,Touchdown,1st & 1 at BUF 1,10:57 4th,"— J.Goff pass short left to S.LaPorta for 1 yard, TOUCHDOWN."
2026,WEEK 2,Thursday Night Football,September 17th,DET,BUF,4th Quarter,1,Detroit Lions,1,16,1,Extra Point,,10:53 4th,"— J.Bates extra point is GOOD, Center-H.Hatten, Holder-J.Fox."
2026,WEEK 2,Thursday Night Football,September 17th,DET,BUF,4th Quarter,2,Buffalo Bills,0,1,0,Kickoff from DET 35,,Kickoff,"— J.Bates kicks 65 yards from DET 35 to end zone, Touchback to the BUF 35."
2026,WEEK 2,Thursday Night Football,September 17th,DET,BUF,4th Quarter,2,Buffalo Bills,0,2,0,Pass Incomplete,1st & 10 at BUF 35,10:53 4th,— J.Allen pass incomplete short right.
2026,WEEK 2,Thursday Night Football,September 17th,DET,BUF,4th Quarter,2,Buffalo Bills,0,3,0,7 Yard Pass,2nd & 10 at BUF 35,10:47 4th Shotgun,— J.Allen pass short left to D.Kincaid to BUF 42 for 7 yards (T.Harper).
2026,WEEK 2,Thursday Night Football,September 17th,DET,BUF,4th Quarter,2,Buffalo Bills,0,4,0,6 Yard Run,3rd & 3 at BUF 42,10:06 4th Shotgun,— J.Allen left tackle to BUF 48 for 6 yards (T.Harper).
2026,WEEK 2,Thursday Night Football,September 17th,DET,BUF,4th Quarter,2,Buffalo Bills,0,5,0,2 Yard Run,1st & 10 at BUF 48,09:22 4th,— J.Cook right guard to 50 for 2 yards (T.Williams).
2026,WEEK 2,Thursday Night Football,September 17th,DET,BUF,4th Quarter,2,Buffalo Bills,0,6,0,Pass Incomplete,2nd & 8 at 50,08:45 4th,— J.Allen pass incomplete short right [A.Hutchinson].
2026,WEEK 2,Thursday Night Football,September 17th,DET,BUF,4th Quarter,2,Buffalo Bills,0,7,0,Pass Incomplete,3rd & 8 at 50,08:37 4th Shotgun,— J.Allen pass incomplete short right to K.Shakir.
2026,WEEK 2,Thursday Night Football,September 17th,DET,BUF,4th Quarter,2,Buffalo Bills,0,8,0,Punt,4th & 8 at 50,08:32 4th,"— T.Doman punts 40 yards to DET 10, Center-R.Ferguson, fair catch by T.Kennedy."
2026,WEEK 2,Thursday Night Football,September 17th,DET,BUF,4th Quarter,3,Detroit Lions,0,1,0,Pass Incomplete,1st & 10 at DET 10,08:25 4th Shotgun,— J.Goff pass incomplete short middle to J.Gibbs (D.Walker).
2026,WEEK 2,Thursday Night Football,September 17th,DET,BUF,4th Quarter,3,Detroit Lions,0,2,0,0 Yard Run,2nd & 10 at DET 10,08:20 4th,— J.Gibbs up the middle to DET 10 for no gain (C.Bishop).
2026,WEEK 2,Thursday Night Football,September 17th,DET,BUF,4th Quarter,3,Detroit Lions,0,3,0,Pass Incomplete,3rd & 10 at DET 10,07:41 4th Shotgun,— J.Goff pass incomplete short right to A.St. Brown (D.Walker).
2026,WEEK 2,Thursday Night Football,September 17th,DET,BUF,4th Quarter,3,Detroit Lions,0,4,0,Punt,4th & 10 at DET 10,07:36 4th,"— J.Fox punts 51 yards to BUF 39, Center-H.Hatten. G.Dortch ran ob at BUF 39 for no gain."
2026,WEEK 2,Thursday Night Football,September 17th,DET,BUF,4th Quarter,4,Buffalo Bills,1,1,0,2 Yard Run,1st & 10 at BUF 39,07:28 4th,— J.Cook left tackle to BUF 41 for 2 yards (C.Clark).
2026,WEEK 2,Thursday Night Football,September 17th,DET,BUF,4th Quarter,4,Buffalo Bills,1,2,0,1 Yard Run,2nd & 8 at BUF 41,06:47 4th Shotgun,— J.Cook left guard to BUF 42 for 1 yard (C.Izien).
2026,WEEK 2,Thursday Night Football,September 17th,DET,BUF,4th Quarter,4,Buffalo Bills,1,3,0,9 Yard Pass,3rd & 7 at BUF 42,06:05 4th Shotgun,— J.Allen pass short left to K.Coleman to DET 49 for 9 yards (R.Ya-Sin). DET-R.Ya-Sin was injured during the play.
2026,WEEK 2,Thursday Night Football,September 17th,DET,BUF,4th Quarter,4,Buffalo Bills,1,4,0,-2 Yard Run,1st & 10 at DET 49,05:25 4th,— J.Cook right tackle to BUF 49 for -2 yards (K.Dorsey). The player down by contact was assisted by replay.
2026,WEEK 2,Thursday Night Football,September 17th,DET,BUF,4th Quarter,4,Buffalo Bills,1,5,0,16 Yard Pass,2nd & 12 at BUF 49,04:31 4th Shotgun,— J.Allen pass short right to K.Shakir to DET 35 for 16 yards (C.Clark; J.Campbell).
2026,WEEK 2,Thursday Night Football,September 17th,DET,BUF,4th Quarter,4,Buffalo Bills,1,6,0,12 Yard Pass,1st & 10 at DET 35,03:45 4th,— J.Allen pass short middle to K.Coleman to DET 23 for 12 yards (J.Campbell) [T.Nowaske]. ** Injury Update: DET-R.Ya-Sin has returned to the game.
2026,WEEK 2,Thursday Night Football,September 17th,DET,BUF,4th Quarter,4,Buffalo Bills,1,7,0,22 Yard Run,1st & 10 at DET 23,03:01 4th,— J.Cook right tackle pushed ob at DET 1 for 22 yards (C.Clark).
2026,WEEK 2,Thursday Night Football,September 17th,DET,BUF,4th Quarter,4,Buffalo Bills,1,8,1,Touchdown,1st & 1 at DET 1,02:53 4th,"— J.Cook right tackle for 1 yard, TOUCHDOWN."
2026,WEEK 2,Thursday Night Football,September 17th,DET,BUF,4th Quarter,4,Buffalo Bills,1,9,1,Extra Point,,02:50 4th,"— T.Bass extra point is GOOD, Center-R.Ferguson, Holder-T.Doman."
2026,WEEK 2,Thursday Night Football,September 17th,DET,BUF,4th Quarter,5,Detroit Lions,1,1,0,Kickoff from BUF 35,,Kickoff,— T.Bass kicks 56 yards from BUF 35 to DET 9. T.Kennedy pushed ob at DET 32 for 23 yards (D.Igbinosun).
2026,WEEK 2,Thursday Night Football,September 17th,DET,BUF,4th Quarter,5,Detroit Lions,1,2,0,Pass Incomplete,1st & 10 at DET 32,02:45 4th Shotgun,— J.Goff pass incomplete short right to J.Gibbs.
2026,WEEK 2,Thursday Night Football,September 17th,DET,BUF,4th Quarter,5,Detroit Lions,1,3,0,-8 Yard Sack,2nd & 10 at DET 32,02:41 4th Shotgun,— J.Goff sacked at DET 24 for -8 yards (sack split by M.Hoecht and B.Chubb).
2026,WEEK 2,Thursday Night Football,September 17th,DET,BUF,4th Quarter,5,Detroit Lions,1,4,0,Pass Incomplete,3rd & 18 at DET 24,"02:16 4th No Huddle, Shotgun",— J.Goff pass incomplete deep middle to A.St. Brown.
2026,WEEK 2,Thursday Night Football,September 17th,DET,BUF,4th Quarter,5,Detroit Lions,1,5,0,20 Yard Pass,4th & 18 at DET 24,02:12 4th Shotgun,— J.Goff pass deep left to I.TeSlaa pushed ob at DET 44 for 20 yards (C.Benford).
2026,WEEK 2,Thursday Night Football,September 17th,DET,BUF,4th Quarter,5,Detroit Lions,1,6,0,12 Yard Pass,1st & 10 at DET 44,"02:06 4th No Huddle, Shotgun",— J.Goff pass short middle to J.Gibbs to BUF 44 for 12 yards (C.Bishop).
2026,WEEK 2,Thursday Night Football,September 17th,DET,BUF,4th Quarter,5,Detroit Lions,1,7,0,17 Yard Pass,1st & 10 at BUF 44,02:00 4th Shotgun,— J.Goff pass deep left to J.Williams to BUF 27 for 17 yards (T.Bernard; D.Hamlin). BUF-J.Solomon was injured during the play.
2026,WEEK 2,Thursday Night Football,September 17th,DET,BUF,4th Quarter,5,Detroit Lions,1,8,0,Timeout,,01:48 4th,— Timeout #1 by BUF at 01:48.
2026,WEEK 2,Thursday Night Football,September 17th,DET,BUF,4th Quarter,5,Detroit Lions,1,9,1,Touchdown,1st & 10 at BUF 27,01:48 4th Shotgun,"— J.Goff pass deep middle to A.St. Brown for 27 yards, TOUCHDOWN [M.Danna]."
2026,WEEK 2,Thursday Night Football,September 17th,DET,BUF,4th Quarter,5,Detroit Lions,1,10,1,Extra Point,,01:42 4th,"— J.Bates extra point is GOOD, Center-H.Hatten, Holder-J.Fox."
2026,WEEK 2,Thursday Night Football,September 17th,DET,BUF,4th Quarter,6,Buffalo Bills,0,1,0,Kickoff from DET 35,,Kickoff,— J.Bates kicks onside 12 yards from DET 35 to DET 47. K.Shakir to DET 36 for 11 yards (J.Saylors).
2026,WEEK 2,Thursday Night Football,September 17th,DET,BUF,4th Quarter,6,Buffalo Bills,0,2,0,1 Yard Run,1st & 10 at DET 36,01:39 4th,— J.Cook right guard to DET 35 for 1 yard (M.Rodriguez; T.Williams).
2026,WEEK 2,Thursday Night Football,September 17th,DET,BUF,4th Quarter,6,Buffalo Bills,0,3,0,Timeout,,01:33 4th,— Timeout #2 by DET at 01:33.
2026,WEEK 2,Thursday Night Football,September 17th,DET,BUF,4th Quarter,6,Buffalo Bills,0,4,0,15 Yard Penalty,2nd & 9 at DET 35,01:33 4th,"— J.Cook left tackle to DET 38 for -3 yards (T.Lacy, T.Williams). PENALTY on DET-T.Lacy, Face Mask, 15 yards, enforced at DET 35 - No Play."
2026,WEEK 2,Thursday Night Football,September 17th,DET,BUF,4th Quarter,6,Buffalo Bills,0,5,0,-1 Yard Run,1st & 10 at DET 20,01:28 4th,— J.Allen kneels to DET 21 for -1 yards.
2026,WEEK 2,Thursday Night Football,September 17th,DET,BUF,4th Quarter,6,Buffalo Bills,0,6,0,-1 Yard Run,2nd & 11 at DET 21,00:49 4th,— J.Allen kneels to DET 22 for -1 yards.
2026,WEEK 2,Thursday Night Football,September 17th,DET,BUF,4th Quarter,6,Buffalo Bills,0,7,0,-1 Yard Run,3rd & 12 at DET 22,00:11 4th,— J.Allen kneels to DET 23 for -1 yards.
2026,WEEK 2,Sunday,September 20th,CAR,ATL,1st Quarter,1,Atlanta Falcons,0,1,0,Kickoff from CAR 35,,Kickoff,"— R.Fitzgerald kicks 65 yards from CAR 35 to landing zone to end zone, Touchback to the ATL 20."
2026,WEEK 2,Sunday,September 20th,CAR,ATL,1st Quarter,1,Atlanta Falcons,0,2,0,Fumble,1st & 10 at ATL 20,15:00 1st,"— C.Rush scrambles right end to ATL 29 for 9 yards (Z.Wheatley). FUMBLES (Z.Wheatley), RECOVERED by CAR-N.Scott at ATL 35. The Replay Official reviewed the runner was not down by contact ruling, and the play was Upheld. The ruling on the field stands."
2026,WEEK 2,Sunday,September 20th,CAR,ATL,1st Quarter,2,Carolina Panthers,1,1,0,8 Yard Pass,1st & 10 at ATL 35,14:30 1st Shotgun,— B.Young pass short right to C.Hubbard to ATL 27 for 8 yards (M.Smith; M.Hughes).
2026,WEEK 2,Sunday,September 20th,CAR,ATL,1st Quarter,2,Carolina Panthers,1,2,0,3 Yard Run,2nd & 2 at ATL 27,13:53 1st,— C.Hubbard up the middle to ATL 24 for 3 yards (L.London).
2026,WEEK 2,Sunday,September 20th,CAR,ATL,1st Quarter,2,Carolina Panthers,1,3,0,-5 Yard Penalty,1st & 10 at ATL 24,13:13 1st Shotgun,"— PENALTY on CAR-R.Hunt, False Start, 5 yards, enforced at ATL 24 - No Play."
2026,WEEK 2,Sunday,September 20th,CAR,ATL,1st Quarter,2,Carolina Panthers,1,4,0,8 Yard Pass,1st & 15 at ATL 29,12:56 1st Shotgun,— B.Young pass short right to J.Coker pushed ob at ATL 21 for 8 yards (J.Bates).
2026,WEEK 2,Sunday,September 20th,CAR,ATL,1st Quarter,2,Carolina Panthers,1,5,0,-10 Yard Penalty,2nd & 7 at ATL 21,12:17 1st Shotgun,"— B.Young pass incomplete short middle to J.Coker (K.Daniels). PENALTY on CAR-R.Hunt, Illegal Use of Hands, 10 yards, enforced at ATL 21 - No Play."
2026,WEEK 2,Sunday,September 20th,CAR,ATL,1st Quarter,2,Carolina Panthers,1,6,0,29 Yard Pass,2nd & 17 at ATL 31,12:03 1st Shotgun,"— B.Young pass deep right to T.McMillan to ATL 5 for 26 yards (Aj.Terrell). PENALTY on ATL-G.Dexter, Roughing the Passer, 3 yards, enforced at ATL 5."
2026,WEEK 2,Sunday,September 20th,CAR,ATL,1st Quarter,2,Carolina Panthers,1,7,0,Pass Incomplete,1st & 2 at ATL 2,11:39 1st Shotgun,— B.Young pass incomplete short right to T.McMillan (Aj.Terrell). ATL-Aj.Terrell was injured during the play.
2026,WEEK 2,Sunday,September 20th,CAR,ATL,1st Quarter,2,Carolina Panthers,1,8,0,-5 Yard Penalty,2nd & 2 at ATL 2,11:38 1st,"— PENALTY on CAR-R.Walker, False Start, 5 yards, enforced at ATL 2 - No Play."
2026,WEEK 2,Sunday,September 20th,CAR,ATL,1st Quarter,2,Carolina Panthers,1,9,0,4 Yard Run,2nd & 7 at ATL 7,11:38 1st,— C.Hubbard up the middle to ATL 3 for 4 yards (M.Smith; L.London).
2026,WEEK 2,Sunday,September 20th,CAR,ATL,1st Quarter,2,Carolina Panthers,1,10,0,Pass Incomplete,3rd & 3 at ATL 3,10:57 1st Shotgun,— B.Young pass incomplete short left to J.Coker (C.Henderson).
2026,WEEK 2,Sunday,September 20th,CAR,ATL,1st Quarter,2,Carolina Panthers,1,11,1,Touchdown,4th & 3 at ATL 3,10:51 1st Shotgun,"— B.Young pass short left to C.Hubbard for 3 yards, TOUCHDOWN."
2026,WEEK 2,Sunday,September 20th,CAR,ATL,1st Quarter,2,Carolina Panthers,1,12,1,Extra Point,,10:48 1st,"— R.Fitzgerald extra point is GOOD, Center-J.Jansen, Holder-S.Martin."
2026,WEEK 2,Sunday,September 20th,CAR,ATL,1st Quarter,3,Atlanta Falcons,0,1,0,Kickoff from CAR 35,,Kickoff,— R.Fitzgerald kicks 61 yards from CAR 35 to ATL 4. O.Zaccheaus to ATL 29 for 25 yards (F.Franks).
2026,WEEK 2,Sunday,September 20th,CAR,ATL,1st Quarter,3,Atlanta Falcons,0,2,0,14 Yard Pass,1st & 10 at ATL 29,10:43 1st,— C.Rush pass short right to D.London pushed ob at ATL 43 for 14 yards (D.Lloyd).
2026,WEEK 2,Sunday,September 20th,CAR,ATL,1st Quarter,3,Atlanta Falcons,0,3,0,4 Yard Run,1st & 10 at ATL 43,10:12 1st No Huddle,— Bi.Robinson left guard to ATL 47 for 4 yards (N.Scott).
2026,WEEK 2,Sunday,September 20th,CAR,ATL,1st Quarter,3,Atlanta Falcons,0,4,0,1 Yard Run,2nd & 6 at ATL 47,09:41 1st,— Bi.Robinson right tackle to ATL 48 for 1 yard (D.Lloyd).
2026,WEEK 2,Sunday,September 20th,CAR,ATL,1st Quarter,3,Atlanta Falcons,0,5,0,Interception,3rd & 5 at ATL 48,09:07 1st Shotgun,— C.Rush pass short middle intended for Bi.Robinson INTERCEPTED by B.Okereke (D.Lloyd) at CAR 41. B.Okereke to CAR 44 for 3 yards (K.Pitts; D.London).
2026,WEEK 2,Sunday,September 20th,CAR,ATL,1st Quarter,4,Carolina Panthers,0,1,0,-5 Yard Penalty,1st & 10 at CAR 44,08:59 1st,"— PENALTY on CAR-R.Hunt, False Start, 5 yards, enforced at CAR 44 - No Play."
2026,WEEK 2,Sunday,September 20th,CAR,ATL,1st Quarter,4,Carolina Panthers,0,2,0,Pass Incomplete,1st & 15 at CAR 39,08:59 1st Shotgun,— B.Young pass incomplete short right to T.McMillan.
2026,WEEK 2,Sunday,September 20th,CAR,ATL,1st Quarter,4,Carolina Panthers,0,3,0,Pass Incomplete,2nd & 15 at CAR 39,08:53 1st Shotgun,— B.Young pass incomplete deep right to T.McMillan.
2026,WEEK 2,Sunday,September 20th,CAR,ATL,1st Quarter,4,Carolina Panthers,0,4,0,Pass Incomplete,3rd & 15 at CAR 39,08:48 1st Shotgun,— B.Young pass incomplete short right to X.Legette (Z.Smith) [S.Ebukam].
2026,WEEK 2,Sunday,September 20th,CAR,ATL,1st Quarter,4,Carolina Panthers,0,5,0,Punt,4th & 15 at CAR 39,08:43 1st,"— S.Martin punts 45 yards to ATL 16, Center-J.Jansen, fair catch by Z.Branch."
2026,WEEK 2,Sunday,September 20th,CAR,ATL,1st Quarter,5,Atlanta Falcons,0,1,0,3 Yard Run,1st & 10 at ATL 16,08:36 1st,— Bi.Robinson left guard to ATL 19 for 3 yards (C.Jackson).
2026,WEEK 2,Sunday,September 20th,CAR,ATL,1st Quarter,5,Atlanta Falcons,0,2,0,2 Yard Run,2nd & 7 at ATL 19,08:14 1st No Huddle,— Bi.Robinson up the middle to ATL 21 for 2 yards (T.Edwards; J.Phillips).
2026,WEEK 2,Sunday,September 20th,CAR,ATL,1st Quarter,5,Atlanta Falcons,0,3,0,Pass Incomplete,3rd & 5 at ATL 21,07:34 1st Shotgun,— C.Rush pass incomplete short right to K.Pitts (Ja.Horn).
2026,WEEK 2,Sunday,September 20th,CAR,ATL,1st Quarter,5,Atlanta Falcons,0,4,0,Punt,4th & 5 at ATL 21,07:29 1st,"— J.Bailey punts 49 yards to CAR 30, Center-L.McCullough. J.Coker to ATL 34 for 36 yards (J.Bailey; C.Woerner). PENALTY on ATL-H.Perkins, Illegal Formation, 5 yards, enforced at ATL 34."
2026,WEEK 2,Sunday,September 20th,CAR,ATL,1st Quarter,6,Carolina Panthers,1,1,0,9 Yard Pass,1st & 10 at ATL 29,07:15 1st,— B.Young pass short left to X.Legette to ATL 20 for 9 yards (C.Henderson).
2026,WEEK 2,Sunday,September 20th,CAR,ATL,1st Quarter,6,Carolina Panthers,1,2,0,Pass Incomplete,2nd & 1 at ATL 20,06:40 1st,— B.Young pass incomplete short left.
2026,WEEK 2,Sunday,September 20th,CAR,ATL,1st Quarter,6,Carolina Panthers,1,3,0,3 Yard Run,3rd & 1 at ATL 20,06:36 1st Shotgun,— C.Bullock reported in as eligible. C.Hubbard up the middle to ATL 17 for 3 yards (Z.Harrison).
2026,WEEK 2,Sunday,September 20th,CAR,ATL,1st Quarter,6,Carolina Panthers,1,4,0,3 Yard Run,1st & 10 at ATL 17,06:03 1st,— J.Brooks up the middle to ATL 14 for 3 yards (S.Ebukam; G.Dexter).
2026,WEEK 2,Sunday,September 20th,CAR,ATL,1st Quarter,6,Carolina Panthers,1,5,0,-5 Yard Pass,2nd & 7 at ATL 14,05:24 1st Shotgun,— B.Young pass short left to J.Brooks to ATL 19 for -5 yards (C.Henderson).
2026,WEEK 2,Sunday,September 20th,CAR,ATL,1st Quarter,6,Carolina Panthers,1,6,0,Pass Incomplete,3rd & 12 at ATL 19,04:39 1st Shotgun,— B.Young pass incomplete deep left to X.Legette [B.Dorlus].
2026,WEEK 2,Sunday,September 20th,CAR,ATL,1st Quarter,6,Carolina Panthers,1,7,1,Field Goal,4th & 12 at ATL 19,04:33 1st,"— R.Fitzgerald 37 yard field goal is GOOD, Center-J.Jansen, Holder-S.Martin."
2026,WEEK 2,Sunday,September 20th,CAR,ATL,1st Quarter,7,Atlanta Falcons,0,1,0,Kickoff from CAR 35,,Kickoff,— R.Fitzgerald kicks 56 yards from CAR 35 to ATL 9. O.Zaccheaus to ATL 30 for 21 yards (B.Tremayne). CAR-C.Cherelus was injured during the play.
2026,WEEK 2,Sunday,September 20th,CAR,ATL,1st Quarter,7,Atlanta Falcons,0,2,0,14 Yard Pass,1st & 10 at ATL 30,04:23 1st Shotgun,— C.Rush pass short middle to D.London to ATL 44 for 14 yards (B.Okereke; L.Ransom).
2026,WEEK 2,Sunday,September 20th,CAR,ATL,1st Quarter,7,Atlanta Falcons,0,3,0,9 Yard Run,1st & 10 at ATL 44,03:49 1st,— Br.Robinson left guard to CAR 47 for 9 yards (D.Lloyd).
2026,WEEK 2,Sunday,September 20th,CAR,ATL,1st Quarter,7,Atlanta Falcons,0,4,0,7 Yard Run,2nd & 1 at CAR 47,03:10 1st,— Br.Robinson left guard to CAR 40 for 7 yards (A.Hall; J.Moon).
2026,WEEK 2,Sunday,September 20th,CAR,ATL,1st Quarter,7,Atlanta Falcons,0,5,0,3 Yard Pass,1st & 10 at CAR 40,02:31 1st Shotgun,— C.Rush pass short right to Z.Branch to CAR 37 for 3 yards (Z.Wheatley).
2026,WEEK 2,Sunday,September 20th,CAR,ATL,1st Quarter,7,Atlanta Falcons,0,6,0,5 Yard Run,2nd & 7 at CAR 37,01:56 1st Shotgun,— Bi.Robinson right guard to CAR 32 for 5 yards (A.Hall; D.Brown).
2026,WEEK 2,Sunday,September 20th,CAR,ATL,1st Quarter,7,Atlanta Falcons,0,7,0,1 Yard Run,3rd & 2 at CAR 32,01:20 1st,— Bi.Robinson right guard to CAR 31 for 1 yard (D.Lloyd; B.Okereke).
2026,WEEK 2,Sunday,September 20th,CAR,ATL,1st Quarter,7,Atlanta Falcons,0,8,0,Turnover on Downs,4th & 1 at CAR 31,00:46 1st,— D.London left end to CAR 33 for -2 yards (D.Lloyd).
2026,WEEK 2,Sunday,September 20th,CAR,ATL,2nd Quarter,1,Carolina Panthers,0,1,0,8 Yard Pass,1st & 10 at CAR 33,00:40 1st Shotgun,— B.Young pass short left to T.McMillan to CAR 41 for 8 yards (D.Deablo).
2026,WEEK 2,Sunday,September 20th,CAR,ATL,2nd Quarter,1,Carolina Panthers,0,2,0,-10 Yard Penalty,2nd & 2 at CAR 41,15:00 2nd Shotgun,"— C.Hubbard left guard to CAR 47 for 6 yards (D.Deablo). PENALTY on CAR-L.Fortner, Offensive Holding, 10 yards, enforced at CAR 41 - No Play."
2026,WEEK 2,Sunday,September 20th,CAR,ATL,2nd Quarter,1,Carolina Panthers,0,3,0,-9 Yard Sack,2nd & 12 at CAR 31,14:36 2nd Shotgun,— B.Young sacked at CAR 22 for -9 yards (sack split by S.Ebukam and G.Dexter).
2026,WEEK 2,Sunday,September 20th,CAR,ATL,2nd Quarter,1,Carolina Panthers,0,4,0,5 Yard Run,3rd & 21 at CAR 22,13:52 2nd Shotgun,— C.Hubbard up the middle to CAR 27 for 5 yards (B.Dorlus; H.Perkins).
2026,WEEK 2,Sunday,September 20th,CAR,ATL,2nd Quarter,1,Carolina Panthers,0,5,0,Punt,4th & 16 at CAR 27,13:12 2nd,"— S.Martin punts 54 yards to ATL 19, Center-J.Jansen, fair catch by Z.Branch."
2026,WEEK 2,Sunday,September 20th,CAR,ATL,2nd Quarter,2,Atlanta Falcons,0,1,0,2 Yard Run,1st & 10 at ATL 19,13:05 2nd,— Bi.Robinson left tackle to ATL 21 for 2 yards (T.Edwards).
2026,WEEK 2,Sunday,September 20th,CAR,ATL,2nd Quarter,2,Atlanta Falcons,0,2,0,8 Yard Pass,2nd & 8 at ATL 21,12:30 2nd Shotgun,— C.Rush pass short right to J.Dotson to ATL 29 for 8 yards (D.Lloyd).
2026,WEEK 2,Sunday,September 20th,CAR,ATL,2nd Quarter,2,Atlanta Falcons,0,3,0,2 Yard Run,1st & 10 at ATL 29,11:36 2nd,— Bi.Robinson up the middle to ATL 31 for 2 yards (D.Brown; M.Jackson).
2026,WEEK 2,Sunday,September 20th,CAR,ATL,2nd Quarter,2,Atlanta Falcons,0,4,0,3 Yard Pass,2nd & 8 at ATL 31,10:58 2nd Shotgun,— C.Rush pass short right to Bi.Robinson to ATL 34 for 3 yards (B.Okereke).
2026,WEEK 2,Sunday,September 20th,CAR,ATL,2nd Quarter,2,Atlanta Falcons,0,5,0,-3 Yard Sack,3rd & 5 at ATL 34,10:16 2nd Shotgun,— C.Rush sacked at ATL 31 for -3 yards (D.Lloyd).
2026,WEEK 2,Sunday,September 20th,CAR,ATL,2nd Quarter,2,Atlanta Falcons,0,6,0,Punt,4th & 8 at ATL 31,09:40 2nd,"— J.Bailey punts 62 yards to CAR 7, Center-L.McCullough. J.Coker ran ob at CAR 20 for 13 yards (Y.Abdullah)."
2026,WEEK 2,Sunday,September 20th,CAR,ATL,2nd Quarter,3,Carolina Panthers,1,1,0,5 Yard Run,1st & 10 at CAR 20,09:30 2nd,— C.Hubbard up the middle to CAR 25 for 5 yards (Y.Abdullah).
2026,WEEK 2,Sunday,September 20th,CAR,ATL,2nd Quarter,3,Carolina Panthers,1,2,0,Pass Incomplete,2nd & 5 at CAR 25,08:55 2nd,— B.Young pass incomplete deep left to T.Tremble.
2026,WEEK 2,Sunday,September 20th,CAR,ATL,2nd Quarter,3,Carolina Panthers,1,3,0,12 Yard Pass,3rd & 5 at CAR 25,08:50 2nd Shotgun,— B.Young pass short right to T.McMillan to CAR 37 for 12 yards (M.Hughes).
2026,WEEK 2,Sunday,September 20th,CAR,ATL,2nd Quarter,3,Carolina Panthers,1,4,0,27 Yard Pass,1st & 10 at CAR 37,08:17 2nd,— B.Young pass deep left to T.McMillan to ATL 36 for 27 yards (X.Watts).
2026,WEEK 2,Sunday,September 20th,CAR,ATL,2nd Quarter,3,Carolina Panthers,1,5,0,25 Yard Pass,1st & 10 at ATL 36,07:37 2nd No Huddle,— B.Young pass deep right to J.Coker to ATL 11 for 25 yards.
2026,WEEK 2,Sunday,September 20th,CAR,ATL,2nd Quarter,3,Carolina Panthers,1,6,0,4 Yard Pass,1st & 10 at ATL 11,"07:17 2nd No Huddle, Shotgun","— B.Young pass short left to T.Tremble to ATL 11 for no gain (X.Watts). FUMBLES (X.Watts), and recovers at ATL 9. T.Tremble to ATL 7 for 2 yards (X.Watts)."
2026,WEEK 2,Sunday,September 20th,CAR,ATL,2nd Quarter,3,Carolina Panthers,1,7,0,0 Yard Run,2nd & 6 at ATL 7,06:43 2nd,— C.Hubbard right end to ATL 7 for no gain (J.Bates; M.Hughes).
2026,WEEK 2,Sunday,September 20th,CAR,ATL,2nd Quarter,3,Carolina Panthers,1,8,0,Pass Incomplete,3rd & 6 at ATL 7,06:04 2nd Shotgun,— B.Young pass incomplete short left to T.McMillan.
2026,WEEK 2,Sunday,September 20th,CAR,ATL,2nd Quarter,3,Carolina Panthers,1,9,1,Field Goal,4th & 6 at ATL 7,05:57 2nd,"— R.Fitzgerald 25 yard field goal is GOOD, Center-J.Jansen, Holder-S.Martin."
2026,WEEK 2,Sunday,September 20th,CAR,ATL,2nd Quarter,4,Atlanta Falcons,1,1,0,Kickoff from CAR 35,,Kickoff,"— R.Fitzgerald kicks 61 yards from CAR 35 to ATL 4. O.Zaccheaus to ATL 26 for 22 yards (Z.Wheatley). PENALTY on ATL-K.Daniels, Offensive Holding, 10 yards, enforced at ATL 22."
2026,WEEK 2,Sunday,September 20th,CAR,ATL,2nd Quarter,4,Atlanta Falcons,1,2,0,-6 Yard Penalty,1st & 10 at ATL 12,05:48 2nd,"— C.Rush pass deep right to D.London to ATL 37 for 25 yards (Ja.Horn; L.Ransom) [P.Umanmielen]. PENALTY on ATL-J.Matthews, Face Mask, 6 yards, enforced at ATL 12 - No Play."
2026,WEEK 2,Sunday,September 20th,CAR,ATL,2nd Quarter,4,Atlanta Falcons,1,3,0,6 Yard Run,1st & 16 at ATL 6,05:35 2nd,— Bi.Robinson right guard to ATL 12 for 6 yards (L.Ransom).
2026,WEEK 2,Sunday,September 20th,CAR,ATL,2nd Quarter,4,Atlanta Falcons,1,4,0,Pass Incomplete,2nd & 10 at ATL 12,05:00 2nd Shotgun,— C.Rush pass incomplete short left to O.Zaccheaus.
2026,WEEK 2,Sunday,September 20th,CAR,ATL,2nd Quarter,4,Atlanta Falcons,1,5,0,11 Yard Run,3rd & 10 at ATL 12,04:56 2nd Shotgun,— C.Rush scrambles right end ran ob at ATL 23 for 11 yards (P.Umanmielen).
2026,WEEK 2,Sunday,September 20th,CAR,ATL,2nd Quarter,4,Atlanta Falcons,1,6,0,-5 Yard Penalty,1st & 10 at ATL 23,04:14 2nd,"— PENALTY on ATL-K.Pitts, False Start, 5 yards, enforced at ATL 23 - No Play."
2026,WEEK 2,Sunday,September 20th,CAR,ATL,2nd Quarter,4,Atlanta Falcons,1,7,0,15 Yard Pass,1st & 15 at ATL 18,03:53 2nd Shotgun,— C.Rush pass short right to K.Pitts pushed ob at ATL 33 for 15 yards.
2026,WEEK 2,Sunday,September 20th,CAR,ATL,2nd Quarter,4,Atlanta Falcons,1,8,0,8 Yard Run,1st & 10 at ATL 33,03:21 2nd,— Bi.Robinson left tackle to ATL 41 for 8 yards (T.Moehrig).
2026,WEEK 2,Sunday,September 20th,CAR,ATL,2nd Quarter,4,Atlanta Falcons,1,9,0,Pass Incomplete,2nd & 2 at ATL 41,02:46 2nd Shotgun,— C.Rush pass incomplete short left to D.London.
2026,WEEK 2,Sunday,September 20th,CAR,ATL,2nd Quarter,4,Atlanta Falcons,1,10,0,17 Yard Pass,3rd & 2 at ATL 41,02:42 2nd Shotgun,— C.Rush pass short middle to D.London to CAR 42 for 17 yards (D.Lloyd).
2026,WEEK 2,Sunday,September 20th,CAR,ATL,2nd Quarter,4,Atlanta Falcons,1,11,0,2 Yard Run,1st & 10 at CAR 42,02:03 2nd,— Bi.Robinson up the middle to CAR 40 for 2 yards (A.Hall).
2026,WEEK 2,Sunday,September 20th,CAR,ATL,2nd Quarter,4,Atlanta Falcons,1,12,0,11 Yard Run,2nd & 8 at CAR 40,01:57 2nd,— Bi.Robinson left tackle to CAR 29 for 11 yards (B.Okereke).
2026,WEEK 2,Sunday,September 20th,CAR,ATL,2nd Quarter,4,Atlanta Falcons,1,13,0,2 Yard Pass,1st & 10 at CAR 29,01:24 2nd Shotgun,— C.Rush pass short left to Bi.Robinson pushed ob at CAR 27 for 2 yards (W.Lee).
2026,WEEK 2,Sunday,September 20th,CAR,ATL,2nd Quarter,4,Atlanta Falcons,1,14,0,4 Yard Pass,2nd & 8 at CAR 27,"01:18 2nd No Huddle, Shotgun",— C.Rush pass short left to Bi.Robinson pushed ob at CAR 23 for 4 yards (B.Okereke).
2026,WEEK 2,Sunday,September 20th,CAR,ATL,2nd Quarter,4,Atlanta Falcons,1,15,0,Timeout,,01:14 2nd,— Timeout #1 by ATL at 01:14.
2026,WEEK 2,Sunday,September 20th,CAR,ATL,2nd Quarter,4,Atlanta Falcons,1,16,0,Pass Incomplete,3rd & 4 at CAR 23,01:14 2nd Shotgun,"— C.Rush pass short middle intended for O.Zaccheaus INTERCEPTED by B.Okereke at CAR 19. B.Okereke to CAR 20 for 1 yard (C.Lindstrom). The Replay Official reviewed the interception ruling, and the play was REVERSED. (Shotgun) C.Rush pass incomplete short middle to O.Zaccheaus."
2026,WEEK 2,Sunday,September 20th,CAR,ATL,2nd Quarter,4,Atlanta Falcons,1,17,1,Field Goal,4th & 4 at CAR 23,01:11 2nd,"— N.Folk 41 yard field goal is GOOD, Center-L.McCullough, Holder-J.Bailey."
2026,WEEK 2,Sunday,September 20th,CAR,ATL,2nd Quarter,5,Carolina Panthers,1,1,0,Kickoff from ATL 35,,Kickoff,— N.Folk kicks 64 yards from ATL 35 to CAR 1. J.Metchie ran ob at CAR 27 for 26 yards (S.Brown).
2026,WEEK 2,Sunday,September 20th,CAR,ATL,2nd Quarter,5,Carolina Panthers,1,2,0,14 Yard Pass,1st & 10 at CAR 27,01:02 2nd Shotgun,"— B.Young pass short middle to D.Waller to CAR 41 for 14 yards (C.Thomas). Penalty on ATL-Z.Smith, Illegal Use of Hands, declined."
2026,WEEK 2,Sunday,September 20th,CAR,ATL,2nd Quarter,5,Carolina Panthers,1,3,0,-6 Yard Sack,1st & 10 at CAR 41,00:55 2nd Shotgun,"— B.Young sacked at CAR 35 for -6 yards (sack split by Z.Smith and C.Thomas). Penalty on CAR-J.Coker, Illegal Shift, declined."
2026,WEEK 2,Sunday,September 20th,CAR,ATL,2nd Quarter,5,Carolina Panthers,1,4,0,55 Yard Pass,2nd & 16 at CAR 35,00:48 2nd Shotgun,— B.Young pass deep middle to X.Legette to ATL 10 for 55 yards (M.Hughes).
2026,WEEK 2,Sunday,September 20th,CAR,ATL,2nd Quarter,5,Carolina Panthers,1,5,0,Timeout,,00:37 2nd,— Timeout #1 by CAR at 00:37.
2026,WEEK 2,Sunday,September 20th,CAR,ATL,2nd Quarter,5,Carolina Panthers,1,6,0,Pass Incomplete,1st & 10 at ATL 10,00:37 2nd Shotgun,— B.Young pass incomplete short right.
2026,WEEK 2,Sunday,September 20th,CAR,ATL,2nd Quarter,5,Carolina Panthers,1,7,0,3 Yard Pass,2nd & 10 at ATL 10,00:33 2nd Shotgun,— B.Young pass short right to J.Coker to ATL 7 for 3 yards (J.Bates).
2026,WEEK 2,Sunday,September 20th,CAR,ATL,2nd Quarter,5,Carolina Panthers,1,8,0,Timeout,,00:24 2nd,— Timeout #2 by CAR at 00:24.
2026,WEEK 2,Sunday,September 20th,CAR,ATL,2nd Quarter,5,Carolina Panthers,1,9,1,Touchdown,3rd & 7 at ATL 7,00:24 2nd Shotgun,"— B.Young pass short right to D.Waller for 7 yards, TOUCHDOWN."
2026,WEEK 2,Sunday,September 20th,CAR,ATL,2nd Quarter,5,Carolina Panthers,1,10,1,Extra Point,,00:20 2nd,"— R.Fitzgerald extra point is GOOD, Center-J.Jansen, Holder-S.Martin."
2026,WEEK 2,Sunday,September 20th,CAR,ATL,2nd Quarter,6,Atlanta Falcons,0,1,0,Kickoff from CAR 35,,Kickoff,— R.Fitzgerald kicks 58 yards from CAR 35 to ATL 7. O.Zaccheaus to ATL 22 for 15 yards (A.Evans).
2026,WEEK 2,Sunday,September 20th,CAR,ATL,2nd Quarter,6,Atlanta Falcons,0,2,0,Pass Incomplete,1st & 10 at ATL 22,00:14 2nd Shotgun,— C.Rush pass incomplete deep right to J.Dotson (W.Lee) [J.Phillips].
2026,WEEK 2,Sunday,September 20th,CAR,ATL,2nd Quarter,6,Atlanta Falcons,0,3,0,4 Yard Run,2nd & 10 at ATL 22,00:08 2nd Shotgun,— Br.Robinson up the middle to ATL 26 for 4 yards (T.Gipson; P.Umanmielen).
2026,WEEK 2,Sunday,September 20th,CAR,ATL,3rd Quarter,1,Carolina Panthers,1,1,0,Kickoff from ATL 35,,Kickoff,— N.Folk kicks 65 yards from ATL 35 to CAR 0. J.Metchie to CAR 27 for 27 yards (S.Brown).
2026,WEEK 2,Sunday,September 20th,CAR,ATL,3rd Quarter,1,Carolina Panthers,1,2,0,1 Yard Run,1st & 10 at CAR 27,14:53 3rd,— C.Hubbard up the middle to CAR 28 for 1 yard (D.Deablo; J.Bates).
2026,WEEK 2,Sunday,September 20th,CAR,ATL,3rd Quarter,1,Carolina Panthers,1,3,0,-10 Yard Penalty,2nd & 9 at CAR 28,14:16 3rd Shotgun,"— C.Hubbard up the middle to CAR 36 for 8 yards (J.Bates). PENALTY on CAR-T.Tremble, Offensive Holding, 10 yards, enforced at CAR 28 - No Play."
2026,WEEK 2,Sunday,September 20th,CAR,ATL,3rd Quarter,1,Carolina Panthers,1,4,0,7 Yard Pass,2nd & 19 at CAR 18,13:55 3rd Shotgun,— B.Young pass short left to J.Coker to CAR 25 for 7 yards (X.Watts).
2026,WEEK 2,Sunday,September 20th,CAR,ATL,3rd Quarter,1,Carolina Panthers,1,5,0,12 Yard Pass,3rd & 12 at CAR 25,13:14 3rd Shotgun,"— B.Young pass short right to J.Coker to CAR 36 for 11 yards (Av.Terrell). Carolina challenged the short of the line to gain ruling, and the play was REVERSED. (Shotgun) B.Young pass short right to J.Coker to CAR 37 for 12 yards (Av.Terrell)."
2026,WEEK 2,Sunday,September 20th,CAR,ATL,3rd Quarter,1,Carolina Panthers,1,6,0,12 Yard Run,1st & 10 at CAR 37,13:04 3rd,— C.Hubbard left tackle to CAR 49 for 12 yards (X.Watts; M.Hughes).
2026,WEEK 2,Sunday,September 20th,CAR,ATL,3rd Quarter,1,Carolina Panthers,1,7,0,-1 Yard Run,1st & 10 at CAR 49,12:22 3rd,"— J.Brooks left tackle to CAR 48 for -1 yards (K.Daniels, M.Smith)."
2026,WEEK 2,Sunday,September 20th,CAR,ATL,3rd Quarter,1,Carolina Panthers,1,8,0,28 Yard Pass,2nd & 11 at CAR 48,11:43 3rd Shotgun,— B.Young pass deep left to T.McMillan pushed ob at ATL 24 for 28 yards (C.Henderson).
2026,WEEK 2,Sunday,September 20th,CAR,ATL,3rd Quarter,1,Carolina Panthers,1,9,0,3 Yard Pass,1st & 10 at ATL 24,"11:38 3rd No Huddle, Shotgun",— B.Young pass short left to J.Coker pushed ob at ATL 21 for 3 yards (C.Henderson).
2026,WEEK 2,Sunday,September 20th,CAR,ATL,3rd Quarter,1,Carolina Panthers,1,10,0,3 Yard Run,2nd & 7 at ATL 21,11:07 3rd,— C.Hubbard up the middle to ATL 18 for 3 yards (C.Thomas).
2026,WEEK 2,Sunday,September 20th,CAR,ATL,3rd Quarter,1,Carolina Panthers,1,11,0,6 Yard Run,3rd & 4 at ATL 18,10:26 3rd Shotgun,— B.Young scrambles up the middle to ATL 12 for 6 yards (J.Bates).
2026,WEEK 2,Sunday,September 20th,CAR,ATL,3rd Quarter,1,Carolina Panthers,1,12,1,Touchdown,1st & 10 at ATL 12,09:44 3rd Shotgun,"— B.Young pass short right to D.Waller for 12 yards, TOUCHDOWN."
2026,WEEK 2,Sunday,September 20th,CAR,ATL,3rd Quarter,1,Carolina Panthers,1,13,1,Extra Point,,09:38 3rd,"— R.Fitzgerald extra point is GOOD, Center-J.Jansen, Holder-S.Martin."
2026,WEEK 2,Sunday,September 20th,CAR,ATL,3rd Quarter,2,Atlanta Falcons,0,1,0,Kickoff from CAR 35,,Kickoff,"— R.Fitzgerald kicks 65 yards from CAR 35 to end zone, Touchback to the ATL 35."
2026,WEEK 2,Sunday,September 20th,CAR,ATL,3rd Quarter,2,Atlanta Falcons,0,2,0,6 Yard Run,1st & 10 at ATL 35,09:38 3rd,— Bi.Robinson left guard to ATL 41 for 6 yards (A.Hall; B.Okereke).
2026,WEEK 2,Sunday,September 20th,CAR,ATL,3rd Quarter,2,Atlanta Falcons,0,3,0,6 Yard Pass,2nd & 4 at ATL 41,09:04 3rd Shotgun,— C.Rush pass short left to D.London to ATL 47 for 6 yards (Ja.Horn).
2026,WEEK 2,Sunday,September 20th,CAR,ATL,3rd Quarter,2,Atlanta Falcons,0,4,0,11 Yard Run,1st & 10 at ATL 47,08:29 3rd,— Bi.Robinson up the middle to CAR 42 for 11 yards (Z.Wheatley).
2026,WEEK 2,Sunday,September 20th,CAR,ATL,3rd Quarter,2,Atlanta Falcons,0,5,0,4 Yard Run,1st & 10 at CAR 42,07:55 3rd,— Bi.Robinson left tackle to CAR 38 for 4 yards (L.Ransom; T.Moehrig).
2026,WEEK 2,Sunday,September 20th,CAR,ATL,3rd Quarter,2,Atlanta Falcons,0,6,0,Interception,2nd & 6 at CAR 38,07:13 3rd Shotgun,— C.Rush pass short right intended for K.Pitts INTERCEPTED by D.Lloyd at CAR 27. D.Lloyd to ATL 20 for 53 yards (D.London).
2026,WEEK 2,Sunday,September 20th,CAR,ATL,3rd Quarter,3,Carolina Panthers,0,1,0,7 Yard Run,1st & 10 at ATL 20,06:57 3rd,— J.Brooks left end to ATL 13 for 7 yards (L.London).
2026,WEEK 2,Sunday,September 20th,CAR,ATL,3rd Quarter,3,Carolina Panthers,0,2,0,Pass Incomplete,2nd & 3 at ATL 13,06:22 3rd,— B.Young pass incomplete short right [C.Thomas].
2026,WEEK 2,Sunday,September 20th,CAR,ATL,3rd Quarter,3,Carolina Panthers,0,3,0,3 Yard Pass,3rd & 3 at ATL 13,06:16 3rd Shotgun,— B.Young pass short left to J.Coker to ATL 10 for 3 yards.
2026,WEEK 2,Sunday,September 20th,CAR,ATL,3rd Quarter,3,Carolina Panthers,0,4,0,3 Yard Run,1st & 10 at ATL 10,05:45 3rd,— J.Brooks left guard to ATL 7 for 3 yards (J.Bates).
2026,WEEK 2,Sunday,September 20th,CAR,ATL,3rd Quarter,3,Carolina Panthers,0,5,0,Pass Incomplete,2nd & 7 at ATL 7,05:16 3rd,— B.Young pass incomplete short left.
2026,WEEK 2,Sunday,September 20th,CAR,ATL,3rd Quarter,3,Carolina Panthers,0,6,0,5 Yard Pass,3rd & 7 at ATL 7,05:10 3rd Shotgun,— B.Young pass short middle to J.Coker to ATL 2 for 5 yards (X.Watts).
2026,WEEK 2,Sunday,September 20th,CAR,ATL,3rd Quarter,3,Carolina Panthers,0,7,0,Pass Incomplete,4th & 2 at ATL 2,04:34 3rd Shotgun,— B.Young pass incomplete short left to T.McMillan (G.Dexter) [D.Deablo].
2026,WEEK 2,Sunday,September 20th,CAR,ATL,3rd Quarter,4,Carolina Panthers,1,1,0,4 Yard Run,1st & 10 at ATL 2,04:27 3rd,— Br.Robinson left guard to ATL 6 for 4 yards (M.Jackson; T.Edwards).
2026,WEEK 2,Sunday,September 20th,CAR,ATL,3rd Quarter,4,Carolina Panthers,1,2,0,4 Yard Run,2nd & 6 at ATL 6,03:46 3rd,— Br.Robinson right guard to ATL 10 for 4 yards (B.Okereke).
2026,WEEK 2,Sunday,September 20th,CAR,ATL,3rd Quarter,4,Carolina Panthers,1,3,1,Touchdown,3rd & 2 at ATL 10,03:08 3rd Shotgun,"— J.Strand pass short right intended for J.Dotson INTERCEPTED by D.Lloyd (Ja.Horn) at ATL 16. D.Lloyd for 16 yards, TOUCHDOWN."
2026,WEEK 2,Sunday,September 20th,CAR,ATL,4th Quarter,1,Atlanta Falcons,0,1,0,Kickoff from CAR 35,,Kickoff,"— R.Fitzgerald kicks 65 yards from CAR 35 to end zone, Touchback to the ATL 35."
2026,WEEK 2,Sunday,September 20th,CAR,ATL,4th Quarter,1,Atlanta Falcons,0,2,0,Pass Incomplete,1st & 10 at ATL 35,02:58 3rd,— J.Strand pass incomplete short right to C.Woerner.
2026,WEEK 2,Sunday,September 20th,CAR,ATL,4th Quarter,1,Atlanta Falcons,0,3,0,3 Yard Run,2nd & 10 at ATL 35,02:54 3rd Shotgun,— Br.Robinson right guard to ATL 38 for 3 yards (D.Lloyd; T.Moehrig).
2026,WEEK 2,Sunday,September 20th,CAR,ATL,4th Quarter,1,Atlanta Falcons,0,4,0,12 Yard Pass,3rd & 7 at ATL 38,02:19 3rd Shotgun,— J.Strand pass short right to Br.Robinson to 50 for 12 yards (W.Lee; Z.Wheatley).
2026,WEEK 2,Sunday,September 20th,CAR,ATL,4th Quarter,1,Atlanta Falcons,0,5,0,4 Yard Run,1st & 10 at 50,01:41 3rd,— Bi.Robinson left tackle to CAR 46 for 4 yards (T.Moehrig).
2026,WEEK 2,Sunday,September 20th,CAR,ATL,4th Quarter,1,Atlanta Falcons,0,6,0,-6 Yard Sack,2nd & 6 at CAR 46,01:06 3rd Shotgun,— J.Strand sacked at ATL 48 for -6 yards (J.Phillips).
2026,WEEK 2,Sunday,September 20th,CAR,ATL,4th Quarter,1,Atlanta Falcons,0,7,0,6 Yard Pass,3rd & 12 at ATL 48,00:26 3rd Shotgun,— J.Strand pass short middle to C.Blair to CAR 46 for 6 yards (L.Ransom).
2026,WEEK 2,Sunday,September 20th,CAR,ATL,4th Quarter,1,Atlanta Falcons,0,8,0,Punt,4th & 6 at CAR 46,15:00 4th,"— J.Bailey punts 40 yards to CAR 6, Center-L.McCullough, fair catch by J.Coker."
2026,WEEK 2,Sunday,September 20th,CAR,ATL,4th Quarter,2,Carolina Panthers,0,1,0,9 Yard Run,1st & 10 at CAR 6,14:54 4th,— C.Hubbard left guard to CAR 15 for 9 yards (C.Thomas).
2026,WEEK 2,Sunday,September 20th,CAR,ATL,4th Quarter,2,Carolina Panthers,0,2,0,3 Yard Run,2nd & 1 at CAR 15,14:18 4th Shotgun,— C.Hubbard left guard to CAR 18 for 3 yards (Z.Harrison; J.Woods).
2026,WEEK 2,Sunday,September 20th,CAR,ATL,4th Quarter,2,Carolina Panthers,0,3,0,-5 Yard Penalty,1st & 10 at CAR 18,13:44 4th,"— C.Hubbard up the middle to CAR 20 for 2 yards (L.London; Y.Abdullah). PENALTY on CAR, Illegal Shift, 5 yards, enforced at CAR 18 - No Play."
2026,WEEK 2,Sunday,September 20th,CAR,ATL,4th Quarter,2,Carolina Panthers,0,4,0,5 Yard Run,1st & 15 at CAR 13,13:18 4th Shotgun,— C.Hubbard up the middle to CAR 18 for 5 yards (K.Daniels).
2026,WEEK 2,Sunday,September 20th,CAR,ATL,4th Quarter,2,Carolina Panthers,0,5,0,-9 Yard Penalty,2nd & 10 at CAR 18,12:44 4th,"— C.Hubbard left tackle to CAR 35 for 17 yards (G.Dexter). PENALTY on CAR-T.Tremble, Offensive Holding, 9 yards, enforced at CAR 18 - No Play."
2026,WEEK 2,Sunday,September 20th,CAR,ATL,4th Quarter,2,Carolina Panthers,0,6,0,-4 Yard Penalty,2nd & 19 at CAR 9,12:20 4th,"— C.Hubbard right tackle pushed ob at CAR 27 for 18 yards (J.Bates). PENALTY on CAR, Illegal Shift, 4 yards, enforced at CAR 9 - No Play."
2026,WEEK 2,Sunday,September 20th,CAR,ATL,4th Quarter,2,Carolina Panthers,0,7,0,4 Yard Run,2nd & 23 at CAR 5,11:58 4th,— J.Brooks left end to CAR 9 for 4 yards (X.Watts).
2026,WEEK 2,Sunday,September 20th,CAR,ATL,4th Quarter,2,Carolina Panthers,0,8,0,13 Yard Pass,3rd & 19 at CAR 9,11:15 4th Shotgun,— B.Young pass short middle to M.Evans to CAR 22 for 13 yards (K.Daniels).
2026,WEEK 2,Sunday,September 20th,CAR,ATL,4th Quarter,2,Carolina Panthers,0,9,0,Punt,4th & 6 at CAR 22,10:21 4th,"— S.Martin punts 49 yards to ATL 29, Center-J.Jansen. Z.Branch to ATL 36 for 7 yards (A.Dillon)."
2026,WEEK 2,Sunday,September 20th,CAR,ATL,4th Quarter,3,Atlanta Falcons,0,1,0,13 Yard Pass,1st & 10 at ATL 36,10:08 4th Shotgun,— J.Strand pass short left to A.Hooper to ATL 49 for 13 yards (T.Incoom).
2026,WEEK 2,Sunday,September 20th,CAR,ATL,4th Quarter,3,Atlanta Falcons,0,2,0,4 Yard Run,1st & 10 at ATL 49,09:35 4th,— Br.Robinson left guard to CAR 47 for 4 yards (C.Jackson).
2026,WEEK 2,Sunday,September 20th,CAR,ATL,4th Quarter,3,Atlanta Falcons,0,3,0,8 Yard Run,2nd & 6 at CAR 47,09:01 4th,— J.Strand scrambles right end ran ob at CAR 39 for 8 yards (J.Moon).
2026,WEEK 2,Sunday,September 20th,CAR,ATL,4th Quarter,3,Atlanta Falcons,0,4,0,3 Yard Pass,1st & 10 at CAR 39,08:31 4th Shotgun,— J.Strand pass short left to O.Zaccheaus to CAR 36 for 3 yards (T.Moehrig).
2026,WEEK 2,Sunday,September 20th,CAR,ATL,4th Quarter,3,Atlanta Falcons,0,5,0,3 Yard Run,2nd & 7 at CAR 36,07:58 4th,— Br.Robinson right guard to CAR 33 for 3 yards (A.Evans).
2026,WEEK 2,Sunday,September 20th,CAR,ATL,4th Quarter,3,Atlanta Falcons,0,6,0,5 Yard Run,3rd & 4 at CAR 33,07:23 4th Shotgun,— Br.Robinson up the middle to CAR 28 for 5 yards (B.Okereke).
2026,WEEK 2,Sunday,September 20th,CAR,ATL,4th Quarter,3,Atlanta Falcons,0,7,0,Pass Incomplete,1st & 10 at CAR 28,"06:53 4th No Huddle, Shotgun",— J.Strand pass incomplete short middle to C.Blair.
2026,WEEK 2,Sunday,September 20th,CAR,ATL,4th Quarter,3,Atlanta Falcons,0,8,0,3 Yard Pass,2nd & 10 at CAR 28,06:48 4th Shotgun,— J.Strand pass short left to J.Dotson to CAR 25 for 3 yards (M.Jackson).
2026,WEEK 2,Sunday,September 20th,CAR,ATL,4th Quarter,3,Atlanta Falcons,0,9,0,Pass Incomplete,3rd & 7 at CAR 25,06:13 4th Shotgun,— J.Strand pass incomplete short right to A.Hooper (W.Lee) [B.Okereke].
2026,WEEK 2,Sunday,September 20th,CAR,ATL,4th Quarter,3,Atlanta Falcons,0,10,0,-10 Yard Penalty,4th & 7 at CAR 25,06:08 4th Shotgun,"— J.Strand scrambles left end pushed ob at CAR 17 for 8 yards (B.Okereke). PENALTY on ATL-M.Jerrell, Offensive Holding, 10 yards, enforced at CAR 25 - No Play."
2026,WEEK 2,Sunday,September 20th,CAR,ATL,4th Quarter,3,Atlanta Falcons,0,11,0,Field Goal No Good,4th & 17 at CAR 35,05:50 4th,"— N.Folk 53 yard field goal is No Good, Wide Right, Center-L.McCullough, Holder-J.Bailey."
2026,WEEK 2,Sunday,September 20th,CAR,ATL,4th Quarter,4,Carolina Panthers,0,1,0,1 Yard Run,1st & 10 at CAR 43,05:45 4th,— A.Dillon left guard to CAR 44 for 1 yard (S.Brown; L.London). ** Injury Update: CAR-M.Evans has returned to the game.
2026,WEEK 2,Sunday,September 20th,CAR,ATL,4th Quarter,4,Carolina Panthers,0,2,0,-4 Yard Run,2nd & 9 at CAR 44,04:59 4th,— A.Dillon right end to CAR 40 for -4 yards (Z.Smith).
2026,WEEK 2,Sunday,September 20th,CAR,ATL,4th Quarter,4,Carolina Panthers,0,3,0,0 Yard Run,3rd & 13 at CAR 40,04:16 4th,— A.Dillon left tackle to CAR 40 for no gain (C.Harris).
2026,WEEK 2,Sunday,September 20th,CAR,ATL,4th Quarter,4,Carolina Panthers,0,4,0,Punt,4th & 13 at CAR 40,03:30 4th,"— S.Martin punts 45 yards to ATL 15, Center-J.Jansen, fair catch by Z.Branch."
2026,WEEK 2,Sunday,September 20th,CAR,ATL,4th Quarter,5,Atlanta Falcons,0,1,0,5 Yard Run,1st & 10 at ATL 15,03:23 4th,— Br.Robinson left tackle to ATL 20 for 5 yards (A.Hall; A.Evans).
2026,WEEK 2,Sunday,September 20th,CAR,ATL,4th Quarter,5,Atlanta Falcons,0,2,0,8 Yard Run,2nd & 5 at ATL 20,02:49 4th,— J.Strand scrambles right end pushed ob at ATL 28 for 8 yards (J.Moon).
2026,WEEK 2,Sunday,September 20th,CAR,ATL,4th Quarter,5,Atlanta Falcons,0,3,0,3 Yard Run,1st & 10 at ATL 28,02:42 4th,— Br.Robinson left guard to ATL 31 for 3 yards (T.Incoom; A.Hall).
2026,WEEK 2,Sunday,September 20th,CAR,ATL,4th Quarter,5,Atlanta Falcons,0,4,0,11 Yard Pass,2nd & 7 at ATL 31,02:00 4th,— J.Strand pass short right to Z.Branch pushed ob at ATL 42 for 11 yards (J.Moon).
2026,WEEK 2,Sunday,September 20th,CAR,ATL,4th Quarter,5,Atlanta Falcons,0,5,0,Pass Incomplete,1st & 10 at ATL 42,01:53 4th,— J.Strand pass incomplete short right to A.Hooper.
2026,WEEK 2,Sunday,September 20th,CAR,ATL,4th Quarter,5,Atlanta Falcons,0,6,0,Pass Incomplete,2nd & 10 at ATL 42,01:49 4th Shotgun,— J.Strand pass incomplete short right to C.Blair (J.Moon).
2026,WEEK 2,Sunday,September 20th,CAR,ATL,4th Quarter,5,Atlanta Falcons,0,7,0,4 Yard Pass,3rd & 10 at ATL 42,01:46 4th Shotgun,— J.Strand pass short middle to Br.Robinson to ATL 46 for 4 yards (B.Okereke).
2026,WEEK 2,Sunday,September 20th,CAR,ATL,4th Quarter,5,Atlanta Falcons,0,8,0,7 Yard Pass,4th & 6 at ATL 46,01:05 4th Shotgun,— J.Strand pass short left to A.Hooper to CAR 47 for 7 yards.
2026,WEEK 2,Sunday,September 20th,CAR,ATL,4th Quarter,5,Atlanta Falcons,0,9,0,Pass Incomplete,1st & 10 at CAR 47,00:57 4th Shotgun,— J.Strand pass incomplete short left [A.Hall].
2026,WEEK 2,Sunday,September 20th,CAR,ATL,4th Quarter,5,Atlanta Falcons,0,10,0,Fumble,2nd & 10 at CAR 47,00:50 4th Shotgun,"— J.Strand sacked at ATL 47 for -6 yards. FUMBLES, RECOVERED by CAR-A.Hall at ATL 46."
2026,WEEK 2,Sunday,September 20th,CAR,ATL,4th Quarter,6,Carolina Panthers,0,1,0,-4 Yard Run,1st & 10 at ATL 46,00:42 4th,— K.Pickett kneels to 50 for -4 yards.
2026,WEEK 2,Sunday,September 20th,NO,BAL,1st Quarter,1,Baltimore Ravens,0,1,0,Kickoff from NO 35,,Kickoff,— D.Carlson kicks 65 yards from NO 35 to BAL 0. C.Moore to BAL 25 for 25 yards (D.Stutsman).
2026,WEEK 2,Sunday,September 20th,NO,BAL,1st Quarter,1,Baltimore Ravens,0,2,0,5 Yard Run,1st & 10 at BAL 25,14:55 1st,— D.Henry right end to BAL 30 for 5 yards (C.Granderson; V.Broughton).
2026,WEEK 2,Sunday,September 20th,NO,BAL,1st Quarter,1,Baltimore Ravens,0,3,0,-1 Yard Run,2nd & 5 at BAL 30,14:13 1st Shotgun,— D.Henry right guard to BAL 29 for -1 yards (K.Elliss).
2026,WEEK 2,Sunday,September 20th,NO,BAL,1st Quarter,1,Baltimore Ravens,0,4,0,Pass Incomplete,3rd & 6 at BAL 29,13:35 1st Shotgun,— L.Jackson pass incomplete short middle to M.Andrews.
2026,WEEK 2,Sunday,September 20th,NO,BAL,1st Quarter,1,Baltimore Ravens,0,5,0,Punt,4th & 6 at BAL 29,13:32 1st,"— R.Eckley punts 47 yards to NO 24, Center-N.Moore, fair catch by B.Brown."
2026,WEEK 2,Sunday,September 20th,NO,BAL,1st Quarter,2,New Orleans Saints,0,1,0,3 Yard Run,1st & 10 at NO 24,13:25 1st,— T.Etienne right guard to NO 27 for 3 yards (T.Hendrickson).
2026,WEEK 2,Sunday,September 20th,NO,BAL,1st Quarter,2,New Orleans Saints,0,2,0,6 Yard Run,2nd & 7 at NO 27,12:46 1st,— T.Etienne left guard to NO 33 for 6 yards (J.Hawkins; R.Smith).
2026,WEEK 2,Sunday,September 20th,NO,BAL,1st Quarter,2,New Orleans Saints,0,3,0,2 Yard Run,3rd & 1 at NO 33,12:10 1st,— C.Donaldson up the middle to NO 35 for 2 yards (K.Hamilton; R.Smith).
2026,WEEK 2,Sunday,September 20th,NO,BAL,1st Quarter,2,New Orleans Saints,0,4,0,6 Yard Pass,1st & 10 at NO 35,11:38 1st,— T.Shough pass short left to A.Kamara to NO 41 for 6 yards (R.Smith; J.Hawkins).
2026,WEEK 2,Sunday,September 20th,NO,BAL,1st Quarter,2,New Orleans Saints,0,5,0,2 Yard Run,2nd & 4 at NO 41,11:01 1st,— A.Kamara up the middle to NO 43 for 2 yards (B.Washington).
2026,WEEK 2,Sunday,September 20th,NO,BAL,1st Quarter,2,New Orleans Saints,0,6,0,-7 Yard Sack,3rd & 2 at NO 43,10:22 1st Shotgun,— T.Shough sacked at NO 36 for -7 yards (T.Robinson).
2026,WEEK 2,Sunday,September 20th,NO,BAL,1st Quarter,2,New Orleans Saints,0,7,0,Punt,4th & 9 at NO 36,09:55 1st,"— R.Wright punts 40 yards to BAL 24, Center-S.Daly, downed by NO-J.Price."
2026,WEEK 2,Sunday,September 20th,NO,BAL,1st Quarter,3,Baltimore Ravens,1,1,0,10 Yard Pass,1st & 10 at BAL 24,09:43 1st Shotgun,— L.Jackson pass short middle to M.Andrews to BAL 34 for 10 yards (K.McKinstry).
2026,WEEK 2,Sunday,September 20th,NO,BAL,1st Quarter,3,Baltimore Ravens,1,2,0,5 Yard Run,1st & 10 at BAL 34,09:09 1st,— D.Henry left tackle to BAL 39 for 5 yards (C.Granderson).
2026,WEEK 2,Sunday,September 20th,NO,BAL,1st Quarter,3,Baltimore Ravens,1,3,0,Pass Incomplete,2nd & 5 at BAL 39,08:32 1st,— L.Jackson pass incomplete short right to L.Wester.
2026,WEEK 2,Sunday,September 20th,NO,BAL,1st Quarter,3,Baltimore Ravens,1,4,0,5 Yard Pass,3rd & 5 at BAL 39,08:26 1st Shotgun,— L.Jackson pass short middle to M.Andrews to BAL 44 for 5 yards (P.Werner).
2026,WEEK 2,Sunday,September 20th,NO,BAL,1st Quarter,3,Baltimore Ravens,1,5,0,-5 Yard Penalty,1st & 10 at BAL 44,07:45 1st Shotgun,"— L.Jackson pass short right to D.Henry to NO 47 for 9 yards (K.McKinstry). PENALTY on BAL-L.Wester, Illegal Shift, 5 yards, enforced at BAL 44 - No Play."
2026,WEEK 2,Sunday,September 20th,NO,BAL,1st Quarter,3,Baltimore Ravens,1,6,0,20 Yard Pass,1st & 15 at BAL 39,07:17 1st Shotgun,— L.Jackson pass short right to D.Henry to NO 41 for 20 yards (J.Reid).
2026,WEEK 2,Sunday,September 20th,NO,BAL,1st Quarter,3,Baltimore Ravens,1,7,0,Pass Incomplete,1st & 10 at NO 41,06:32 1st,— L.Jackson pass incomplete short right.
2026,WEEK 2,Sunday,September 20th,NO,BAL,1st Quarter,3,Baltimore Ravens,1,8,0,19 Yard Pass,2nd & 10 at NO 41,06:24 1st Shotgun,— L.Jackson pass deep right to R.Bateman ran ob at NO 22 for 19 yards.
2026,WEEK 2,Sunday,September 20th,NO,BAL,1st Quarter,3,Baltimore Ravens,1,9,0,2 Yard Pass,1st & 10 at NO 22,05:53 1st Shotgun,— L.Jackson pass short middle to D.Henry to NO 20 for 2 yards (C.Granderson; P.Werner) [K.Elliss].
2026,WEEK 2,Sunday,September 20th,NO,BAL,1st Quarter,3,Baltimore Ravens,1,10,0,6 Yard Run,2nd & 8 at NO 20,05:10 1st,— D.Henry right end to NO 14 for 6 yards (N.Shepherd; C.Granderson).
2026,WEEK 2,Sunday,September 20th,NO,BAL,1st Quarter,3,Baltimore Ravens,1,11,0,5 Yard Run,3rd & 2 at NO 14,04:28 1st,— D.Henry right end to NO 9 for 5 yards (K.McKinstry).
2026,WEEK 2,Sunday,September 20th,NO,BAL,1st Quarter,3,Baltimore Ravens,1,12,0,8 Yard Run,1st & 9 at NO 9,03:45 1st,— D.Henry left end to NO 1 for 8 yards (D.Stutsman).
2026,WEEK 2,Sunday,September 20th,NO,BAL,1st Quarter,3,Baltimore Ravens,1,13,1,Touchdown,2nd & 1 at NO 1,02:57 1st Shotgun,"— C.Vinson reported in as eligible. Direct snap to D.Henry. D.Henry right end for 1 yard, TOUCHDOWN."
2026,WEEK 2,Sunday,September 20th,NO,BAL,1st Quarter,3,Baltimore Ravens,1,14,1,Extra Point,,02:52 1st,"— T.Loop extra point is GOOD, Center-N.Moore, Holder-R.Eckley."
2026,WEEK 2,Sunday,September 20th,NO,BAL,2nd Quarter,1,New Orleans Saints,0,1,0,Kickoff from BAL 35,,Kickoff,"— T.Loop kicks 65 yards from BAL 35 to end zone, Touchback to the NO 35."
2026,WEEK 2,Sunday,September 20th,NO,BAL,2nd Quarter,1,New Orleans Saints,0,2,0,-5 Yard Penalty,1st & 10 at NO 35,02:52 1st,"— PENALTY on NO-K.Banks, False Start, 5 yards, enforced at NO 35 - No Play."
2026,WEEK 2,Sunday,September 20th,NO,BAL,2nd Quarter,1,New Orleans Saints,0,3,0,4 Yard Run,1st & 15 at NO 30,02:52 1st Shotgun,— A.Kamara right end to NO 34 for 4 yards (Z.Young).
2026,WEEK 2,Sunday,September 20th,NO,BAL,2nd Quarter,1,New Orleans Saints,0,4,0,5 Yard Pass,2nd & 11 at NO 34,02:20 1st Shotgun,"— T.Shough pass deep left to C.Olave to BAL 46 for 20 yards (M.Humphrey). PENALTY on NO-C.Olave, Unsportsmanlike Conduct, 15 yards, enforced at BAL 46."
2026,WEEK 2,Sunday,September 20th,NO,BAL,2nd Quarter,1,New Orleans Saints,0,5,0,2 Yard Pass,1st & 10 at NO 39,01:53 1st Shotgun,— T.Shough pass short left to A.Kamara to NO 41 for 2 yards (T.Simpson).
2026,WEEK 2,Sunday,September 20th,NO,BAL,2nd Quarter,1,New Orleans Saints,0,6,0,1 Yard Pass,2nd & 8 at NO 41,01:24 1st No Huddle,— T.Shough pass short right to A.Kamara pushed ob at NO 42 for 1 yard (N.Wiggins; K.Hamilton).
2026,WEEK 2,Sunday,September 20th,NO,BAL,2nd Quarter,1,New Orleans Saints,0,7,0,11 Yard Pass,3rd & 7 at NO 42,00:49 1st Shotgun,— T.Shough pass short left to D.Vele to BAL 47 for 11 yards (K.Hamilton).
2026,WEEK 2,Sunday,September 20th,NO,BAL,2nd Quarter,1,New Orleans Saints,0,8,0,1 Yard Pass,1st & 10 at BAL 47,"00:23 1st No Huddle, Shotgun",— T.Shough pass short left to C.Olave to BAL 46 for 1 yard (T.Simpson).
2026,WEEK 2,Sunday,September 20th,NO,BAL,2nd Quarter,1,New Orleans Saints,0,9,0,-7 Yard Run,2nd & 9 at BAL 46,15:00 2nd,"— T.Shough FUMBLES (Aborted) at NO 47, recovered by NO-T.Etienne at NO 47. T.Etienne to NO 47 for no gain (T.Simpson)."
2026,WEEK 2,Sunday,September 20th,NO,BAL,2nd Quarter,1,New Orleans Saints,0,10,0,10 Yard Pass,3rd & 16 at NO 47,14:20 2nd Shotgun,— T.Shough pass short middle to J.Johnson to BAL 43 for 10 yards (C.Rivers).
2026,WEEK 2,Sunday,September 20th,NO,BAL,2nd Quarter,1,New Orleans Saints,0,11,0,Punt,4th & 6 at BAL 43,13:38 2nd,"— R.Wright punts 37 yards to BAL 6, Center-S.Daly, downed by NO-M.Reid."
2026,WEEK 2,Sunday,September 20th,NO,BAL,2nd Quarter,2,Baltimore Ravens,0,1,0,5 Yard Run,1st & 10 at BAL 6,13:28 2nd,— D.Henry right guard to BAL 11 for 5 yards (P.Werner; K.Elliss).
2026,WEEK 2,Sunday,September 20th,NO,BAL,2nd Quarter,2,Baltimore Ravens,0,2,0,47 Yard Pass,2nd & 5 at BAL 11,12:51 2nd,"— L.Jackson pass deep left to D.Walker to NO 42 for 47 yards (M.Emerson). Penalty on NO-M.Emerson, Defensive Holding, declined."
2026,WEEK 2,Sunday,September 20th,NO,BAL,2nd Quarter,2,Baltimore Ravens,0,3,0,14 Yard Pass,1st & 10 at NO 42,12:33 2nd Shotgun,— L.Jackson pass short right to L.Wester pushed ob at NO 28 for 14 yards (J.Blackmon).
2026,WEEK 2,Sunday,September 20th,NO,BAL,2nd Quarter,2,Baltimore Ravens,0,4,0,0 Yard Run,1st & 10 at NO 28,11:57 2nd,— J.Hill left end pushed ob at NO 28 for no gain (M.Emerson).
2026,WEEK 2,Sunday,September 20th,NO,BAL,2nd Quarter,2,Baltimore Ravens,0,5,0,-11 Yard Sack,2nd & 10 at NO 28,11:22 2nd,— L.Jackson sacked at NO 39 for -11 yards (C.Young).
2026,WEEK 2,Sunday,September 20th,NO,BAL,2nd Quarter,2,Baltimore Ravens,0,6,0,8 Yard Pass,3rd & 21 at NO 39,10:36 2nd Shotgun,— L.Jackson pass short right to J.Hill ran ob at NO 31 for 8 yards (M.Emerson).
2026,WEEK 2,Sunday,September 20th,NO,BAL,2nd Quarter,2,Baltimore Ravens,0,7,0,Field Goal No Good,4th & 13 at NO 31,10:15 2nd,"— T.Loop 49 yard field goal is BLOCKED (C.Granderson), Center-N.Moore, Holder-R.Eckley."
2026,WEEK 2,Sunday,September 20th,NO,BAL,2nd Quarter,3,New Orleans Saints,1,1,0,Pass Incomplete,1st & 10 at NO 39,10:10 2nd,— T.Shough pass incomplete short left to C.Olave (M.Humphrey).
2026,WEEK 2,Sunday,September 20th,NO,BAL,2nd Quarter,3,New Orleans Saints,1,2,0,-5 Yard Penalty,2nd & 10 at NO 39,10:04 2nd,"— T.Shough pass short right to J.Johnson to NO 48 for 9 yards (R.Smith; N.Wiggins). PENALTY on NO-B.Lance, Offensive Offside, 5 yards, enforced at NO 39 - No Play."
2026,WEEK 2,Sunday,September 20th,NO,BAL,2nd Quarter,3,New Orleans Saints,1,3,0,2 Yard Pass,2nd & 15 at NO 34,09:35 2nd Shotgun,— T.Shough pass short right to A.Kamara pushed ob at NO 36 for 2 yards (N.Wiggins).
2026,WEEK 2,Sunday,September 20th,NO,BAL,2nd Quarter,3,New Orleans Saints,1,4,0,29 Yard Pass,3rd & 13 at NO 36,08:59 2nd Shotgun,— T.Shough pass deep middle to D.Vele to BAL 35 for 29 yards (J.Hawkins).
2026,WEEK 2,Sunday,September 20th,NO,BAL,2nd Quarter,3,New Orleans Saints,1,5,0,Pass Incomplete,1st & 10 at BAL 35,"08:25 2nd No Huddle, Shotgun",— T.Shough pass incomplete short right [M.Green].
2026,WEEK 2,Sunday,September 20th,NO,BAL,2nd Quarter,3,New Orleans Saints,1,6,0,2 Yard Run,2nd & 10 at BAL 35,08:17 2nd,— A.Kamara up the middle to BAL 33 for 2 yards (T.Simpson).
2026,WEEK 2,Sunday,September 20th,NO,BAL,2nd Quarter,3,New Orleans Saints,1,7,0,11 Yard Pass,3rd & 8 at BAL 33,07:34 2nd Shotgun,— T.Shough pass short middle to C.Olave to BAL 22 for 11 yards (N.Wiggins).
2026,WEEK 2,Sunday,September 20th,NO,BAL,2nd Quarter,3,New Orleans Saints,1,8,0,2 Yard Run,1st & 10 at BAL 22,07:01 2nd,— A.Kamara right tackle to BAL 20 for 2 yards (Z.Young; R.Smith).
2026,WEEK 2,Sunday,September 20th,NO,BAL,2nd Quarter,3,New Orleans Saints,1,9,0,8 Yard Run,2nd & 8 at BAL 20,06:22 2nd Shotgun,— T.Shough right guard pushed ob at BAL 12 for 8 yards (T.Simpson).
2026,WEEK 2,Sunday,September 20th,NO,BAL,2nd Quarter,3,New Orleans Saints,1,10,0,0 Yard Run,1st & 10 at BAL 12,05:53 2nd,— A.Kamara left tackle to BAL 12 for no gain (T.Jones).
2026,WEEK 2,Sunday,September 20th,NO,BAL,2nd Quarter,3,New Orleans Saints,1,11,0,-4 Yard Pass,2nd & 10 at BAL 12,05:12 2nd Shotgun,— T.Shough pass short right to A.Kamara to BAL 16 for -4 yards (C.Rivers).
2026,WEEK 2,Sunday,September 20th,NO,BAL,2nd Quarter,3,New Orleans Saints,1,12,0,11 Yard Run,3rd & 14 at BAL 16,04:30 2nd Shotgun,— T.Shough scrambles right end pushed ob at BAL 5 for 11 yards (M.Starks).
2026,WEEK 2,Sunday,September 20th,NO,BAL,2nd Quarter,3,New Orleans Saints,1,13,1,Field Goal,4th & 3 at BAL 5,03:49 2nd,"— D.Carlson 23 yard field goal is GOOD, Center-S.Daly, Holder-R.Wright."
2026,WEEK 2,Sunday,September 20th,NO,BAL,2nd Quarter,4,Baltimore Ravens,1,1,0,Kickoff from NO 35,,Kickoff,"— D.Carlson kicks 65 yards from NO 35 to landing zone to end zone, Touchback to the BAL 20."
2026,WEEK 2,Sunday,September 20th,NO,BAL,2nd Quarter,4,Baltimore Ravens,1,2,0,8 Yard Run,1st & 10 at BAL 20,03:46 2nd,— D.Henry up the middle to BAL 28 for 8 yards (J.Blackmon).
2026,WEEK 2,Sunday,September 20th,NO,BAL,2nd Quarter,4,Baltimore Ravens,1,3,0,2 Yard Run,2nd & 2 at BAL 28,"03:23 2nd No Huddle, Shotgun",— Direct snap to D.Henry. D.Henry left guard to BAL 30 for 2 yards (N.Shepherd; D.Godchaux).
2026,WEEK 2,Sunday,September 20th,NO,BAL,2nd Quarter,4,Baltimore Ravens,1,4,0,7 Yard Run,1st & 10 at BAL 30,02:33 2nd Shotgun,— D.Henry left guard to BAL 37 for 7 yards (P.Werner).
2026,WEEK 2,Sunday,September 20th,NO,BAL,2nd Quarter,4,Baltimore Ravens,1,5,0,6 Yard Pass,2nd & 3 at BAL 37,02:00 2nd Shotgun,— L.Jackson pass short middle to C.Moore to BAL 43 for 6 yards (P.Werner).
2026,WEEK 2,Sunday,September 20th,NO,BAL,2nd Quarter,4,Baltimore Ravens,1,6,0,9 Yard Pass,1st & 10 at BAL 43,01:25 2nd Shotgun,— L.Jackson pass short right to R.Bateman to NO 48 for 9 yards (P.Werner).
2026,WEEK 2,Sunday,September 20th,NO,BAL,2nd Quarter,4,Baltimore Ravens,1,7,0,11 Yard Run,2nd & 1 at NO 48,"01:07 2nd No Huddle, Shotgun",— L.Jackson scrambles left end to NO 37 for 11 yards (J.Sanker).
2026,WEEK 2,Sunday,September 20th,NO,BAL,2nd Quarter,4,Baltimore Ravens,1,8,0,5 Yard Pass,1st & 10 at NO 37,"00:45 2nd No Huddle, Shotgun",— L.Jackson pass short left to M.Andrews to NO 32 for 5 yards (J.Reid).
2026,WEEK 2,Sunday,September 20th,NO,BAL,2nd Quarter,4,Baltimore Ravens,1,9,0,Timeout,,00:40 2nd,— Timeout #1 by BAL at 00:40.
2026,WEEK 2,Sunday,September 20th,NO,BAL,2nd Quarter,4,Baltimore Ravens,1,10,0,6 Yard Run,2nd & 5 at NO 32,00:40 2nd Shotgun,— L.Jackson scrambles up the middle to NO 26 for 6 yards (K.Elliss).
2026,WEEK 2,Sunday,September 20th,NO,BAL,2nd Quarter,4,Baltimore Ravens,1,11,0,Timeout,,00:34 2nd,— Timeout #2 by BAL at 00:34.
2026,WEEK 2,Sunday,September 20th,NO,BAL,2nd Quarter,4,Baltimore Ravens,1,12,0,4 Yard Pass,1st & 10 at NO 26,00:34 2nd Shotgun,— L.Jackson pass short left to J.Hill pushed ob at NO 22 for 4 yards (J.Reid).
2026,WEEK 2,Sunday,September 20th,NO,BAL,2nd Quarter,4,Baltimore Ravens,1,13,1,Touchdown,2nd & 6 at NO 22,00:28 2nd Shotgun,"— L.Jackson pass deep middle to R.Bateman for 22 yards, TOUCHDOWN."
2026,WEEK 2,Sunday,September 20th,NO,BAL,2nd Quarter,4,Baltimore Ravens,1,14,1,Extra Point,,00:24 2nd,"— T.Loop extra point is GOOD, Center-N.Moore, Holder-R.Eckley."
2026,WEEK 2,Sunday,September 20th,NO,BAL,2nd Quarter,5,New Orleans Saints,1,1,0,Kickoff from BAL 35,,Kickoff,— T.Loop kicks 62 yards from BAL 35 to NO 3. B.Brown pushed ob at BAL 44 for 53 yards (T.Loop).
2026,WEEK 2,Sunday,September 20th,NO,BAL,2nd Quarter,5,New Orleans Saints,1,2,0,2 Yard Run,1st & 10 at BAL 44,00:15 2nd Shotgun,— T.Shough up the middle to BAL 42 for 2 yards (T.Robinson).
2026,WEEK 2,Sunday,September 20th,NO,BAL,2nd Quarter,5,New Orleans Saints,1,3,0,Timeout,,00:11 2nd,— Timeout #1 by NO at 00:11.
2026,WEEK 2,Sunday,September 20th,NO,BAL,2nd Quarter,5,New Orleans Saints,1,4,0,13 Yard Pass,2nd & 8 at BAL 42,00:11 2nd Shotgun,— T.Shough pass short left to D.Vele ran ob at BAL 29 for 13 yards.
2026,WEEK 2,Sunday,September 20th,NO,BAL,2nd Quarter,5,New Orleans Saints,1,5,0,Pass Incomplete,1st & 10 at BAL 29,00:06 2nd Shotgun,— T.Shough pass incomplete short left.
2026,WEEK 2,Sunday,September 20th,NO,BAL,2nd Quarter,5,New Orleans Saints,1,6,1,Field Goal,2nd & 10 at BAL 29,00:02 2nd,"— D.Carlson 47 yard field goal is GOOD, Center-S.Daly, Holder-R.Wright."
2026,WEEK 2,Sunday,September 20th,NO,BAL,3rd Quarter,1,New Orleans Saints,1,1,0,Kickoff from BAL 35,,Kickoff,— T.Loop kicks 59 yards from BAL 35 to NO 6. B.Brown to NO 26 for 20 yards (K.Jackson; E.Burke).
2026,WEEK 2,Sunday,September 20th,NO,BAL,3rd Quarter,1,New Orleans Saints,1,2,0,8 Yard Run,1st & 10 at NO 26,14:53 3rd,— T.Etienne up the middle to NO 34 for 8 yards (J.Hawkins).
2026,WEEK 2,Sunday,September 20th,NO,BAL,3rd Quarter,1,New Orleans Saints,1,3,0,5 Yard Penalty,2nd & 2 at NO 34,14:17 3rd Shotgun,"— T.Shough pass incomplete short right to B.Lance. PENALTY on BAL-T.Robinson, Defensive Offside, 5 yards, enforced at NO 34 - No Play."
2026,WEEK 2,Sunday,September 20th,NO,BAL,3rd Quarter,1,New Orleans Saints,1,4,0,-4 Yard Run,1st & 10 at NO 39,14:13 3rd,— T.Etienne right end to NO 35 for -4 yards (M.Green).
2026,WEEK 2,Sunday,September 20th,NO,BAL,3rd Quarter,1,New Orleans Saints,1,5,0,1 Yard Run,2nd & 14 at NO 35,13:35 3rd Shotgun,"— T.Shough scrambles left end pushed ob at NO 36 for 1 yard (T.Hendrickson). Penalty on NO-C.Ruiz, Offensive Holding, declined."
2026,WEEK 2,Sunday,September 20th,NO,BAL,3rd Quarter,1,New Orleans Saints,1,6,0,25 Yard Pass,3rd & 13 at NO 36,13:07 3rd Shotgun,— T.Shough pass short right to J.Johnson pushed ob at BAL 39 for 25 yards (N.Wiggins).
2026,WEEK 2,Sunday,September 20th,NO,BAL,3rd Quarter,1,New Orleans Saints,1,7,0,6 Yard Pass,1st & 10 at BAL 39,12:25 3rd Shotgun,— T.Shough pass short left to T.Etienne pushed ob at BAL 33 for 6 yards (R.Smith).
2026,WEEK 2,Sunday,September 20th,NO,BAL,3rd Quarter,1,New Orleans Saints,1,8,0,0 Yard Pass,2nd & 4 at BAL 33,11:57 3rd Shotgun,— T.Shough pass short right to T.Etienne to BAL 33 for no gain (K.Hamilton; N.Wiggins).
2026,WEEK 2,Sunday,September 20th,NO,BAL,3rd Quarter,1,New Orleans Saints,1,9,0,Pass Incomplete,3rd & 4 at BAL 33,11:10 3rd Shotgun,— T.Shough pass incomplete deep left to C.Olave.
2026,WEEK 2,Sunday,September 20th,NO,BAL,3rd Quarter,1,New Orleans Saints,1,10,1,Field Goal,4th & 4 at BAL 33,11:05 3rd,"— D.Carlson 51 yard field goal is GOOD, Center-S.Daly, Holder-R.Wright."
2026,WEEK 2,Sunday,September 20th,NO,BAL,3rd Quarter,2,Baltimore Ravens,1,1,0,Kickoff from NO 35,,Kickoff,"— D.Carlson kicks 65 yards from NO 35 to BAL 0. C.Moore to BAL 33 for 33 yards (D.Stutsman; C.Rumph). FUMBLES (D.Stutsman), RECOVERED by NO-J.Sanker at BAL 33. The Replay Official reviewed the runner was not down by contact ruling, and the play was REVERSED. D.Carlson kicks 65 yards from NO 35 to BAL 0. C.Moore to BAL 32 for 32 yards (D.Stutsman; C.Rumph)."
2026,WEEK 2,Sunday,September 20th,NO,BAL,3rd Quarter,2,Baltimore Ravens,1,2,0,8 Yard Pass,1st & 10 at BAL 32,10:57 3rd Shotgun,— L.Jackson pass short middle to M.Andrews to BAL 40 for 8 yards (P.Werner; K.Elliss).
2026,WEEK 2,Sunday,September 20th,NO,BAL,3rd Quarter,2,Baltimore Ravens,1,3,0,7 Yard Run,2nd & 2 at BAL 40,10:20 3rd Shotgun,— D.Henry left tackle to BAL 47 for 7 yards (P.Werner).
2026,WEEK 2,Sunday,September 20th,NO,BAL,3rd Quarter,2,Baltimore Ravens,1,4,0,6 Yard Run,1st & 10 at BAL 47,09:39 3rd,— J.Hill right guard to NO 47 for 6 yards (N.Shepherd).
2026,WEEK 2,Sunday,September 20th,NO,BAL,3rd Quarter,2,Baltimore Ravens,1,5,0,Pass Incomplete,2nd & 4 at NO 47,08:54 3rd,— L.Jackson pass incomplete short right to D.Smythe [K.Elliss].
2026,WEEK 2,Sunday,September 20th,NO,BAL,3rd Quarter,2,Baltimore Ravens,1,6,0,7 Yard Pass,3rd & 4 at NO 47,08:50 3rd Shotgun,— L.Jackson pass short left to M.Andrews to NO 40 for 7 yards (J.Sanker).
2026,WEEK 2,Sunday,September 20th,NO,BAL,3rd Quarter,2,Baltimore Ravens,1,7,0,-6 Yard Run,1st & 10 at NO 40,08:12 3rd,"— L.Jackson scrambles right end ran ob at NO 28 for 12 yards (A.Jennings). PENALTY on BAL-C.Moore, Offensive Holding, 10 yards, enforced at NO 36."
2026,WEEK 2,Sunday,September 20th,NO,BAL,3rd Quarter,2,Baltimore Ravens,1,8,0,-5 Yard Penalty,1st & 16 at NO 46,07:41 3rd Shotgun,"— L.Jackson pass short right to M.Andrews to NO 36 for 10 yards (C.Wooden). PENALTY on BAL-R.Rosengarten, Ineligible Downfield Pass, 5 yards, enforced at NO 46 - No Play."
2026,WEEK 2,Sunday,September 20th,NO,BAL,3rd Quarter,2,Baltimore Ravens,1,9,0,18 Yard Pass,1st & 21 at BAL 49,07:26 3rd,— L.Jackson pass deep left to R.Bateman ran ob at NO 33 for 18 yards.
2026,WEEK 2,Sunday,September 20th,NO,BAL,3rd Quarter,2,Baltimore Ravens,1,10,0,3 Yard Run,2nd & 3 at NO 33,06:53 3rd Shotgun,— D.Henry left guard to NO 30 for 3 yards (C.Jordan).
2026,WEEK 2,Sunday,September 20th,NO,BAL,3rd Quarter,2,Baltimore Ravens,1,11,0,5 Yard Run,1st & 10 at NO 30,06:11 3rd,— D.Henry right end to NO 25 for 5 yards (C.Wooden; A.Jennings).
2026,WEEK 2,Sunday,September 20th,NO,BAL,3rd Quarter,2,Baltimore Ravens,1,12,0,6 Yard Pass,2nd & 5 at NO 25,05:28 3rd Shotgun,— L.Jackson pass short middle to R.Bateman to NO 19 for 6 yards (P.Werner).
2026,WEEK 2,Sunday,September 20th,NO,BAL,3rd Quarter,2,Baltimore Ravens,1,13,0,0 Yard Run,1st & 10 at NO 19,04:48 3rd,— D.Henry left tackle to NO 19 for no gain (K.Elliss).
2026,WEEK 2,Sunday,September 20th,NO,BAL,3rd Quarter,2,Baltimore Ravens,1,14,0,Pass Incomplete,2nd & 10 at NO 19,04:14 3rd Shotgun,— L.Jackson pass incomplete short right to R.Bateman (Q.Riley).
2026,WEEK 2,Sunday,September 20th,NO,BAL,3rd Quarter,2,Baltimore Ravens,1,15,0,-12 Yard Sack,3rd & 10 at NO 19,04:11 3rd Shotgun,— L.Jackson sacked at NO 31 for -12 yards (sack split by C.Young and N.Shepherd).
2026,WEEK 2,Sunday,September 20th,NO,BAL,3rd Quarter,2,Baltimore Ravens,1,16,1,Field Goal,4th & 22 at NO 31,03:28 3rd,"— T.Loop 49 yard field goal is GOOD, Center-N.Moore, Holder-R.Eckley."
2026,WEEK 2,Sunday,September 20th,NO,BAL,3rd Quarter,3,New Orleans Saints,0,1,0,Kickoff from BAL 35,,Kickoff,— T.Loop kicks 57 yards from BAL 35 to NO 8. J.Price to NO 26 for 18 yards (Z.Young).
2026,WEEK 2,Sunday,September 20th,NO,BAL,3rd Quarter,3,New Orleans Saints,0,2,0,-4 Yard Sack,1st & 10 at NO 26,03:19 3rd,— T.Shough sacked at NO 22 for -4 yards (T.Hendrickson).
2026,WEEK 2,Sunday,September 20th,NO,BAL,3rd Quarter,3,New Orleans Saints,0,3,0,-5 Yard Penalty,2nd & 14 at NO 22,02:32 3rd Shotgun,"— PENALTY on NO-K.Banks, False Start, 5 yards, enforced at NO 22 - No Play."
2026,WEEK 2,Sunday,September 20th,NO,BAL,3rd Quarter,3,New Orleans Saints,0,4,0,Pass Incomplete,2nd & 19 at NO 17,02:26 3rd Shotgun,— T.Shough pass incomplete short left to A.Kamara.
2026,WEEK 2,Sunday,September 20th,NO,BAL,3rd Quarter,3,New Orleans Saints,0,5,0,-8 Yard Sack,3rd & 19 at NO 17,02:20 3rd Shotgun,— T.Shough sacked at NO 9 for -8 yards (M.Green). NO-K.Banks was injured during the play.
2026,WEEK 2,Sunday,September 20th,NO,BAL,3rd Quarter,3,New Orleans Saints,0,6,0,Punt,4th & 27 at NO 9,01:50 3rd,"— R.Wright punts 40 yards to NO 49, Center-S.Daly, out of bounds."
2026,WEEK 2,Sunday,September 20th,NO,BAL,3rd Quarter,4,Baltimore Ravens,0,1,0,-5 Yard Penalty,1st & 10 at NO 49,01:41 3rd,"— PENALTY on BAL-C.Moore, False Start, 5 yards, enforced at NO 49 - No Play."
2026,WEEK 2,Sunday,September 20th,NO,BAL,3rd Quarter,4,Baltimore Ravens,0,2,0,-3 Yard Pass,1st & 15 at BAL 46,01:41 3rd,— L.Jackson pass short middle to D.Henry to BAL 43 for -3 yards (C.Granderson).
2026,WEEK 2,Sunday,September 20th,NO,BAL,3rd Quarter,4,Baltimore Ravens,0,3,0,-8 Yard Sack,2nd & 18 at BAL 43,00:56 3rd Shotgun,— L.Jackson sacked at BAL 35 for -8 yards (P.Werner).
2026,WEEK 2,Sunday,September 20th,NO,BAL,3rd Quarter,4,Baltimore Ravens,0,4,0,Pass Incomplete,3rd & 26 at BAL 35,00:14 3rd Shotgun,— L.Jackson pass incomplete deep left to C.Moore.
2026,WEEK 2,Sunday,September 20th,NO,BAL,3rd Quarter,4,Baltimore Ravens,0,5,0,Punt,4th & 26 at BAL 35,00:05 3rd,"— R.Eckley punts 37 yards to NO 28, Center-N.Moore. B.Brown to NO 32 for 4 yards (R.Ali; K.Jackson)."
2026,WEEK 2,Sunday,September 20th,NO,BAL,4th Quarter,1,New Orleans Saints,1,1,0,8 Yard Pass,1st & 10 at NO 32,15:00 4th,— T.Shough pass short left to B.Lance to NO 40 for 8 yards (M.Humphrey).
2026,WEEK 2,Sunday,September 20th,NO,BAL,4th Quarter,1,New Orleans Saints,1,2,0,2 Yard Run,2nd & 2 at NO 40,14:18 4th,— T.Etienne left tackle to NO 42 for 2 yards (J.Jenkins; B.Washington).
2026,WEEK 2,Sunday,September 20th,NO,BAL,4th Quarter,1,New Orleans Saints,1,3,0,8 Yard Pass,1st & 10 at NO 42,13:38 4th Shotgun,— T.Shough pass short middle to O.Delp to 50 for 8 yards (M.Starks).
2026,WEEK 2,Sunday,September 20th,NO,BAL,4th Quarter,1,New Orleans Saints,1,4,0,6 Yard Run,2nd & 2 at 50,12:54 4th,— A.Kamara left guard to BAL 44 for 6 yards (R.Smith; K.Hamilton).
2026,WEEK 2,Sunday,September 20th,NO,BAL,4th Quarter,1,New Orleans Saints,1,5,0,2 Yard Run,1st & 10 at BAL 44,12:17 4th,— A.Kamara left tackle to BAL 42 for 2 yards (C.Campbell; T.Simpson).
2026,WEEK 2,Sunday,September 20th,NO,BAL,4th Quarter,1,New Orleans Saints,1,6,0,3 Yard Pass,2nd & 8 at BAL 42,11:39 4th Shotgun,"— T.Shough pass short right to C.Olave to BAL 39 for 3 yards (K.Hamilton). Baltimore challenged the pass completion ruling, and the play was Upheld. The ruling on the field stands. (Timeout #1.)"
2026,WEEK 2,Sunday,September 20th,NO,BAL,4th Quarter,1,New Orleans Saints,1,7,0,12 Yard Pass,3rd & 5 at BAL 39,11:06 4th Shotgun,— T.Shough pass short left to C.Olave to BAL 27 for 12 yards (M.Starks).
2026,WEEK 2,Sunday,September 20th,NO,BAL,4th Quarter,1,New Orleans Saints,1,8,0,6 Yard Run,1st & 10 at BAL 27,10:26 4th Shotgun,— T.Etienne left guard to BAL 21 for 6 yards (R.Smith).
2026,WEEK 2,Sunday,September 20th,NO,BAL,4th Quarter,1,New Orleans Saints,1,9,1,Touchdown,2nd & 4 at BAL 21,09:47 4th Shotgun,"— T.Shough pass deep middle to C.Olave for 21 yards, TOUCHDOWN."
2026,WEEK 2,Sunday,September 20th,NO,BAL,4th Quarter,1,New Orleans Saints,1,10,0,1 Yard Penalty,,09:42 4th,"— TWO-POINT CONVERSION ATTEMPT. T.Shough is sacked. ATTEMPT FAILS. PENALTY on BAL-J.Hawkins, Defensive Holding, 1 yard, enforced at BAL 2 - No Play."
2026,WEEK 2,Sunday,September 20th,NO,BAL,4th Quarter,1,New Orleans Saints,1,11,0,2 Point Conversion,,09:42 4th,— TWO-POINT CONVERSION ATTEMPT. T.Etienne rushes right end. ATTEMPT SUCCEEDS.
2026,WEEK 2,Sunday,September 20th,NO,BAL,4th Quarter,2,Baltimore Ravens,0,1,0,Kickoff from NO 35,,Kickoff,— D.Carlson kicks 64 yards from NO 35 to BAL 1. C.Moore to BAL 28 for 27 yards (J.Sanker).
2026,WEEK 2,Sunday,September 20th,NO,BAL,4th Quarter,2,Baltimore Ravens,0,2,0,7 Yard Pass,1st & 10 at BAL 28,09:37 4th Shotgun,— L.Jackson pass short right to R.Bateman to BAL 35 for 7 yards (K.McKinstry).
2026,WEEK 2,Sunday,September 20th,NO,BAL,4th Quarter,2,Baltimore Ravens,0,3,0,2 Yard Run,2nd & 3 at BAL 35,09:05 4th,— D.Henry right end to BAL 37 for 2 yards (C.Jordan; A.Jennings).
2026,WEEK 2,Sunday,September 20th,NO,BAL,4th Quarter,2,Baltimore Ravens,0,4,0,Pass Incomplete,3rd & 1 at BAL 37,08:21 4th Shotgun,— L.Jackson pass incomplete deep middle to C.Moore (K.McKinstry).
2026,WEEK 2,Sunday,September 20th,NO,BAL,4th Quarter,2,Baltimore Ravens,0,5,0,Punt,4th & 1 at BAL 37,08:14 4th,"— R.Eckley punts 40 yards to NO 23, Center-N.Moore. B.Brown pushed ob at NO 32 for 9 yards (J.Higgins)."
2026,WEEK 2,Sunday,September 20th,NO,BAL,4th Quarter,3,New Orleans Saints,1,1,0,0 Yard Run,1st & 10 at NO 32,08:06 4th,— T.Etienne right tackle to NO 32 for no gain (B.Washington; K.Hamilton).
2026,WEEK 2,Sunday,September 20th,NO,BAL,4th Quarter,3,New Orleans Saints,1,2,0,15 Yard Pass,2nd & 10 at NO 32,07:31 4th Shotgun,— T.Shough pass short right to C.Olave to NO 47 for 15 yards (K.Hamilton; N.Wiggins).
2026,WEEK 2,Sunday,September 20th,NO,BAL,4th Quarter,3,New Orleans Saints,1,3,0,Pass Incomplete,1st & 10 at NO 47,06:49 4th Shotgun,— T.Shough pass incomplete short right to D.Vele (T.Jones).
2026,WEEK 2,Sunday,September 20th,NO,BAL,4th Quarter,3,New Orleans Saints,1,4,0,4 Yard Run,2nd & 10 at NO 47,06:46 4th Shotgun,— T.Etienne left tackle to BAL 49 for 4 yards (K.Hamilton).
2026,WEEK 2,Sunday,September 20th,NO,BAL,4th Quarter,3,New Orleans Saints,1,5,0,5 Yard Pass,3rd & 6 at BAL 49,06:06 4th Shotgun,— T.Shough pass short middle to D.Vele to BAL 44 for 5 yards (K.Hamilton).
2026,WEEK 2,Sunday,September 20th,NO,BAL,4th Quarter,3,New Orleans Saints,1,6,0,1 Yard Run,4th & 1 at BAL 44,05:41 4th No Huddle,— T.Shough up the middle to BAL 43 for 1 yard (K.Hamilton).
2026,WEEK 2,Sunday,September 20th,NO,BAL,4th Quarter,3,New Orleans Saints,1,7,0,7 Yard Pass,1st & 10 at BAL 43,04:55 4th Shotgun,— T.Shough pass short right to K.Austin ran ob at BAL 36 for 7 yards.
2026,WEEK 2,Sunday,September 20th,NO,BAL,4th Quarter,3,New Orleans Saints,1,8,0,1 Yard Run,2nd & 3 at BAL 36,04:50 4th,— A.Kamara right tackle to BAL 35 for 1 yard (J.Jenkins).
2026,WEEK 2,Sunday,September 20th,NO,BAL,4th Quarter,3,New Orleans Saints,1,9,0,3 Yard Pass,3rd & 2 at BAL 35,04:13 4th Shotgun,— T.Shough pass short left to C.Olave to BAL 32 for 3 yards (M.Humphrey).
2026,WEEK 2,Sunday,September 20th,NO,BAL,4th Quarter,3,New Orleans Saints,1,10,0,-4 Yard Run,1st & 10 at BAL 32,03:29 4th,— A.Kamara right tackle to BAL 36 for -4 yards (K.Hamilton).
2026,WEEK 2,Sunday,September 20th,NO,BAL,4th Quarter,3,New Orleans Saints,1,11,0,6 Yard Pass,2nd & 14 at BAL 36,02:48 4th Shotgun,— T.Shough pass short left to D.Vele to BAL 30 for 6 yards (M.Humphrey).
2026,WEEK 2,Sunday,September 20th,NO,BAL,4th Quarter,3,New Orleans Saints,1,12,0,28 Yard Pass,3rd & 8 at BAL 30,02:03 4th Shotgun,"— T.Shough pass short right to J.Johnson to BAL 5 for 25 yards (J.Hawkins). PENALTY on BAL-T.Hendrickson, Roughing the Passer, 3 yards, enforced at BAL 5."
2026,WEEK 2,Sunday,September 20th,NO,BAL,4th Quarter,3,New Orleans Saints,1,13,0,-5 Yard Penalty,1st & 2 at BAL 2,01:54 4th Shotgun,"— PENALTY on NO-N.Fant, False Start, 5 yards, enforced at BAL 2 - No Play."
2026,WEEK 2,Sunday,September 20th,NO,BAL,4th Quarter,3,New Orleans Saints,1,14,0,Pass Incomplete,1st & 7 at BAL 7,01:54 4th Shotgun,— T.Shough pass incomplete short left to D.Vele.
2026,WEEK 2,Sunday,September 20th,NO,BAL,4th Quarter,3,New Orleans Saints,1,15,0,6 Yard Pass,2nd & 7 at BAL 7,01:50 4th Shotgun,"— T.Shough pass short left to J.Johnson to BAL 1 for 6 yards (M.Starks; R.Smith). The Replay Official reviewed the short of the goal line ruling, and the play was Upheld. The ruling on the field stands."
2026,WEEK 2,Sunday,September 20th,NO,BAL,4th Quarter,3,New Orleans Saints,1,16,0,Timeout,,01:40 4th,— Timeout #2 by BAL at 01:40.
2026,WEEK 2,Sunday,September 20th,NO,BAL,4th Quarter,3,New Orleans Saints,1,17,0,0 Yard Run,3rd & 1 at BAL 1,01:40 4th,— T.Shough up the middle to BAL 1 for no gain (K.Hamilton).
2026,WEEK 2,Sunday,September 20th,NO,BAL,4th Quarter,3,New Orleans Saints,1,18,0,Timeout,,01:32 4th,— Timeout #3 by BAL at 01:32.
2026,WEEK 2,Sunday,September 20th,NO,BAL,4th Quarter,3,New Orleans Saints,1,19,1,Touchdown,4th & 1 at BAL 1,01:32 4th,"— T.Shough up the middle for 1 yard, TOUCHDOWN. The Replay Official reviewed the runner broke the plane ruling, and the play was Upheld. The ruling on the field stands."
2026,WEEK 2,Sunday,September 20th,NO,BAL,4th Quarter,3,New Orleans Saints,1,20,1,Extra Point,,01:28 4th,"— D.Carlson extra point is GOOD, Center-S.Daly, Holder-R.Wright."
2026,WEEK 2,Sunday,September 20th,NO,BAL,4th Quarter,4,Baltimore Ravens,0,1,0,Kickoff from NO 35,,Kickoff,— D.Carlson kicks 60 yards from NO 35 to BAL 5. C.Moore to BAL 29 for 24 yards (C.Donaldson; D.Stutsman).
2026,WEEK 2,Sunday,September 20th,NO,BAL,4th Quarter,4,Baltimore Ravens,0,2,0,Pass Incomplete,1st & 10 at BAL 29,01:21 4th Shotgun,— L.Jackson pass incomplete short right to D.Walker.
2026,WEEK 2,Sunday,September 20th,NO,BAL,4th Quarter,4,Baltimore Ravens,0,3,0,7 Yard Pass,2nd & 10 at BAL 29,01:14 4th Shotgun,— L.Jackson pass short left to R.Bateman to BAL 36 for 7 yards (Q.Riley).
2026,WEEK 2,Sunday,September 20th,NO,BAL,4th Quarter,4,Baltimore Ravens,0,4,0,14 Yard Pass,3rd & 3 at BAL 36,"00:59 4th No Huddle, Shotgun",— L.Jackson pass short middle to M.Andrews to 50 for 14 yards (P.Werner).
2026,WEEK 2,Sunday,September 20th,NO,BAL,4th Quarter,4,Baltimore Ravens,0,5,0,13 Yard Run,1st & 10 at 50,"00:38 4th No Huddle, Shotgun",— L.Jackson scrambles left guard to NO 37 for 13 yards (K.Elliss).
2026,WEEK 2,Sunday,September 20th,NO,BAL,4th Quarter,4,Baltimore Ravens,0,6,0,Pass Incomplete,1st & 10 at NO 37,00:21 4th No Huddle,— L.Jackson spiked the ball to stop the clock.
2026,WEEK 2,Sunday,September 20th,NO,BAL,4th Quarter,4,Baltimore Ravens,0,7,0,Interception,2nd & 10 at NO 37,00:20 4th Shotgun,— L.Jackson pass deep left intended for R.Bateman INTERCEPTED by J.Blackmon at NO 7. J.Blackmon to NO 9 for 2 yards (R.Bateman).
2026,WEEK 2,Sunday,September 20th,NO,BAL,4th Quarter,5,New Orleans Saints,0,1,0,-1 Yard Run,1st & 10 at NO 9,00:13 4th,— T.Shough kneels to NO 8 for -1 yards.
2026,WEEK 2,Sunday,September 20th,MIN,CHI,1st Quarter,1,Minnesota Vikings,1,1,0,Kickoff from CHI 35,,Kickoff,— C.Santos kicks 58 yards from CHI 35 to MIN 7. M.Price to MIN 28 for 21 yards (J.Sanborn; S.Thomas).
2026,WEEK 2,Sunday,September 20th,MIN,CHI,1st Quarter,1,Minnesota Vikings,1,2,0,8 Yard Run,1st & 10 at MIN 28,14:54 1st Shotgun,— A.Jones left tackle to MIN 36 for 8 yards (C.Lewis; T.Stevenson).
2026,WEEK 2,Sunday,September 20th,MIN,CHI,1st Quarter,1,Minnesota Vikings,1,3,0,30 Yard Pass,2nd & 2 at MIN 36,14:04 1st Shotgun,— C.Wentz pass deep left to J.Jefferson pushed ob at CHI 34 for 30 yards (T.Stevenson).
2026,WEEK 2,Sunday,September 20th,MIN,CHI,1st Quarter,1,Minnesota Vikings,1,4,0,Pass Incomplete,1st & 10 at CHI 34,13:32 1st,— C.Wentz pass incomplete short left.
2026,WEEK 2,Sunday,September 20th,MIN,CHI,1st Quarter,1,Minnesota Vikings,1,5,0,6 Yard Pass,2nd & 10 at CHI 34,13:29 1st Shotgun,— C.Wentz pass short left to J.Addison pushed ob at CHI 28 for 6 yards (J.Johnson).
2026,WEEK 2,Sunday,September 20th,MIN,CHI,1st Quarter,1,Minnesota Vikings,1,6,0,7 Yard Pass,3rd & 4 at CHI 28,12:51 1st Shotgun,— C.Wentz pass short middle to T.Hockenson to CHI 21 for 7 yards (D.Bush).
2026,WEEK 2,Sunday,September 20th,MIN,CHI,1st Quarter,1,Minnesota Vikings,1,7,0,Pass Incomplete,1st & 10 at CHI 21,12:06 1st Shotgun,— C.Wentz pass incomplete short right to J.Addison (D.Bush).
2026,WEEK 2,Sunday,September 20th,MIN,CHI,1st Quarter,1,Minnesota Vikings,1,8,0,4 Yard Run,2nd & 10 at CHI 21,12:03 1st Shotgun,— C.Wentz scrambles right end to CHI 17 for 4 yards (D.Thieneman).
2026,WEEK 2,Sunday,September 20th,MIN,CHI,1st Quarter,1,Minnesota Vikings,1,9,0,Pass Incomplete,3rd & 6 at CHI 17,11:13 1st Shotgun,— C.Wentz pass incomplete deep middle to J.Jefferson (D.Thieneman).
2026,WEEK 2,Sunday,September 20th,MIN,CHI,1st Quarter,1,Minnesota Vikings,1,10,1,Field Goal,4th & 6 at CHI 17,11:08 1st,"— W.Reichard 35 yard field goal is GOOD, Center-A.DePaola, Holder-B.Thorson."
2026,WEEK 2,Sunday,September 20th,MIN,CHI,1st Quarter,2,Chicago Bears,1,1,0,Kickoff from MIN 35,,Kickoff,— W.Reichard kicks 55 yards from MIN 35 to CHI 10. Z.Thomas to CHI 31 for 21 yards (T.Ingram-Dawkins).
2026,WEEK 2,Sunday,September 20th,MIN,CHI,1st Quarter,2,Chicago Bears,1,2,0,7 Yard Pass,1st & 10 at CHI 31,10:57 1st Shotgun,— C.Williams pass short right to D.Swift to CHI 38 for 7 yards (B.Murphy).
2026,WEEK 2,Sunday,September 20th,MIN,CHI,1st Quarter,2,Chicago Bears,1,3,0,17 Yard Run,2nd & 3 at CHI 38,10:24 1st,"— C.Williams FUMBLES (Aborted) at CHI 37, and recovers at CHI 36. C.Williams to MIN 45 for 19 yards (J.Metellus)."
2026,WEEK 2,Sunday,September 20th,MIN,CHI,1st Quarter,2,Chicago Bears,1,4,0,7 Yard Run,1st & 10 at MIN 45,09:42 1st Shotgun,— D.Swift left tackle to MIN 38 for 7 yards (T.Ingram-Dawkins; J.Metellus).
2026,WEEK 2,Sunday,September 20th,MIN,CHI,1st Quarter,2,Chicago Bears,1,5,0,2 Yard Run,2nd & 3 at MIN 38,09:07 1st,— D.Swift right tackle to MIN 36 for 2 yards (B.Cashman).
2026,WEEK 2,Sunday,September 20th,MIN,CHI,1st Quarter,2,Chicago Bears,1,6,0,1 Yard Run,3rd & 1 at MIN 36,08:21 1st,— D.Swift right end to MIN 35 for 1 yard (L.Rodriguez; D.Orange).
2026,WEEK 2,Sunday,September 20th,MIN,CHI,1st Quarter,2,Chicago Bears,1,7,0,Penalty,1st & 10 at MIN 35,07:42 1st,"— C.Williams pass incomplete short right [L.Rodriguez]. Penalty on CHI-G.Bradbury, Offensive Holding, offsetting, enforced at MIN 35 - No Play. Penalty on MIN-L.Rodriguez, Roughing the Passer, offsetting."
2026,WEEK 2,Sunday,September 20th,MIN,CHI,1st Quarter,2,Chicago Bears,1,8,0,3 Yard Run,1st & 10 at MIN 35,07:36 1st,— K.Monangai right tackle to MIN 32 for 3 yards (J.Metellus; D.Turner).
2026,WEEK 2,Sunday,September 20th,MIN,CHI,1st Quarter,2,Chicago Bears,1,9,0,-10 Yard Penalty,2nd & 7 at MIN 32,07:00 1st,"— K.Monangai left tackle to MIN 24 for 8 yards (I.Rodgers, J.Metellus). PENALTY on CHI-B.Jones, Offensive Holding, 10 yards, enforced at MIN 32 - No Play."
2026,WEEK 2,Sunday,September 20th,MIN,CHI,1st Quarter,2,Chicago Bears,1,10,0,4 Yard Pass,2nd & 17 at MIN 42,06:32 1st Shotgun,— C.Williams pass short left to K.Monangai to MIN 38 for 4 yards (B.Murphy; E.Wilson).
2026,WEEK 2,Sunday,September 20th,MIN,CHI,1st Quarter,2,Chicago Bears,1,11,0,6 Yard Run,3rd & 13 at MIN 38,05:53 1st Shotgun,— C.Williams scrambles right end pushed ob at MIN 32 for 6 yards (A.Van Ginkel).
2026,WEEK 2,Sunday,September 20th,MIN,CHI,1st Quarter,2,Chicago Bears,1,12,1,Field Goal,4th & 7 at MIN 32,05:08 1st,"— C.Santos 50 yard field goal is GOOD, Center-B.Gardner, Holder-T.Taylor."
2026,WEEK 2,Sunday,September 20th,MIN,CHI,1st Quarter,3,Minnesota Vikings,0,1,0,Kickoff from CHI 35,,Kickoff,— C.Santos kicks 60 yards from CHI 35 to MIN 5. M.Price pushed ob at MIN 26 for 21 yards (E.Hicks).
2026,WEEK 2,Sunday,September 20th,MIN,CHI,1st Quarter,3,Minnesota Vikings,0,2,0,4 Yard Run,1st & 10 at MIN 26,04:58 1st,— A.Jones right guard to MIN 30 for 4 yards (J.Lynch; C.Lewis).
2026,WEEK 2,Sunday,September 20th,MIN,CHI,1st Quarter,3,Minnesota Vikings,0,3,0,4 Yard Run,2nd & 6 at MIN 30,04:33 1st,— A.Jones left tackle to MIN 34 for 4 yards (D.Bush; J.Lynch).
2026,WEEK 2,Sunday,September 20th,MIN,CHI,1st Quarter,3,Minnesota Vikings,0,4,0,-22 Yard Run,3rd & 2 at MIN 34,03:47 1st Shotgun,"— C.Wentz FUMBLES (Aborted) at MIN 29, and recovers at MIN 12. C.Wentz to MIN 12 for no gain (D.Bush)."
2026,WEEK 2,Sunday,September 20th,MIN,CHI,1st Quarter,3,Minnesota Vikings,0,5,0,Punt,4th & 24 at MIN 12,03:03 1st,"— B.Thorson punts 46 yards to CHI 42, Center-A.DePaola, fair catch by K.Raymond."
2026,WEEK 2,Sunday,September 20th,MIN,CHI,1st Quarter,4,Chicago Bears,0,1,0,-5 Yard Penalty,1st & 10 at CHI 42,02:57 1st,"— PENALTY on CHI-G.Bradbury, False Start, 5 yards, enforced at CHI 42 - No Play."
2026,WEEK 2,Sunday,September 20th,MIN,CHI,1st Quarter,4,Chicago Bears,0,2,0,0 Yard Run,1st & 15 at CHI 37,02:57 1st,— D.Swift right guard to CHI 37 for no gain (A.Van Ginkel).
2026,WEEK 2,Sunday,September 20th,MIN,CHI,1st Quarter,4,Chicago Bears,0,3,0,3 Yard Pass,2nd & 15 at CHI 37,02:17 1st Shotgun,— C.Williams pass short right to C.Loveland pushed ob at CHI 40 for 3 yards (D.Turner). MIN-T.Ingram-Dawkins was injured during the play.
2026,WEEK 2,Sunday,September 20th,MIN,CHI,1st Quarter,4,Chicago Bears,0,4,0,5 Yard Penalty,3rd & 12 at CHI 40,01:53 1st Shotgun,"— C.Williams pass incomplete deep left to R.Odunze. PENALTY on MIN-A.Van Ginkel, Defensive Offside, 5 yards, enforced at CHI 40 - No Play."
2026,WEEK 2,Sunday,September 20th,MIN,CHI,1st Quarter,4,Chicago Bears,0,5,0,-5 Yard Penalty,3rd & 7 at CHI 45,01:47 1st Shotgun,"— PENALTY on CHI, Delay of Game, 5 yards, enforced at CHI 45 - No Play."
2026,WEEK 2,Sunday,September 20th,MIN,CHI,1st Quarter,4,Chicago Bears,0,6,0,Interception,3rd & 12 at CHI 40,01:47 1st Shotgun,— C.Williams pass deep middle intended for L.Burden INTERCEPTED by B.Murphy [Jac.Thomas] at MIN 36. B.Murphy pushed ob at MIN 35 for -1 yards (R.Odunze).
2026,WEEK 2,Sunday,September 20th,MIN,CHI,1st Quarter,5,Minnesota Vikings,0,1,0,3 Yard Run,1st & 10 at MIN 35,01:35 1st,— A.Jones right end to MIN 38 for 3 yards (K.Street; D.Jackson).
2026,WEEK 2,Sunday,September 20th,MIN,CHI,1st Quarter,5,Minnesota Vikings,0,2,0,4 Yard Run,2nd & 7 at MIN 38,00:57 1st,— A.Jones right guard to MIN 42 for 4 yards (K.Street).
2026,WEEK 2,Sunday,September 20th,MIN,CHI,1st Quarter,5,Minnesota Vikings,0,3,0,Pass Incomplete,3rd & 3 at MIN 42,00:16 1st Shotgun,— C.Wentz pass incomplete deep left to J.Addison.
2026,WEEK 2,Sunday,September 20th,MIN,CHI,1st Quarter,5,Minnesota Vikings,0,4,0,Punt,4th & 3 at MIN 42,00:11 1st,"— B.Thorson punts 46 yards to CHI 12, Center-A.DePaola, fair catch by K.Raymond."
2026,WEEK 2,Sunday,September 20th,MIN,CHI,2nd Quarter,1,Chicago Bears,0,1,0,2 Yard Run,1st & 10 at CHI 12,00:03 1st,— K.Monangai right tackle to CHI 14 for 2 yards (J.Redmond).
2026,WEEK 2,Sunday,September 20th,MIN,CHI,2nd Quarter,1,Chicago Bears,0,2,0,0 Yard Run,2nd & 8 at CHI 14,15:00 2nd,— K.Monangai left tackle to CHI 14 for no gain (B.Cashman).
2026,WEEK 2,Sunday,September 20th,MIN,CHI,2nd Quarter,1,Chicago Bears,0,3,0,Pass Incomplete,3rd & 8 at CHI 14,14:18 2nd Shotgun,— C.Williams pass incomplete short left to R.Odunze (J.Pierre).
2026,WEEK 2,Sunday,September 20th,MIN,CHI,2nd Quarter,1,Chicago Bears,0,4,0,Punt,4th & 8 at CHI 14,14:14 2nd,"— T.Taylor punts 50 yards to MIN 36, Center-B.Gardner, downed by CHI-S.Thomas."
2026,WEEK 2,Sunday,September 20th,MIN,CHI,2nd Quarter,2,Minnesota Vikings,1,1,0,Pass Incomplete,1st & 10 at MIN 36,14:03 2nd Shotgun,— C.Wentz pass incomplete short left to T.Hockenson.
2026,WEEK 2,Sunday,September 20th,MIN,CHI,2nd Quarter,2,Minnesota Vikings,1,2,0,6 Yard Run,2nd & 10 at MIN 36,13:59 2nd,— A.Jones right guard to MIN 42 for 6 yards (T.Edwards; D.Thieneman).
2026,WEEK 2,Sunday,September 20th,MIN,CHI,2nd Quarter,2,Minnesota Vikings,1,3,0,16 Yard Pass,3rd & 4 at MIN 42,13:15 2nd Shotgun,"— C.Wentz pass short middle to J.Jefferson to CHI 42 for 16 yards (C.Lewis) [D.Odeyingbo]. Penalty on CHI-J.Johnson, Illegal Use of Hands, declined."
2026,WEEK 2,Sunday,September 20th,MIN,CHI,2nd Quarter,2,Minnesota Vikings,1,4,0,7 Yard Run,1st & 10 at CHI 42,12:47 2nd Shotgun,— A.Jones left tackle to CHI 35 for 7 yards (D.Thieneman; J.Lynch).
2026,WEEK 2,Sunday,September 20th,MIN,CHI,2nd Quarter,2,Minnesota Vikings,1,5,0,1 Yard Run,2nd & 3 at CHI 35,12:06 2nd Shotgun,— A.Jones right tackle to CHI 34 for 1 yard (D.Jackson; J.Lynch).
2026,WEEK 2,Sunday,September 20th,MIN,CHI,2nd Quarter,2,Minnesota Vikings,1,6,0,1 Yard Run,3rd & 2 at CHI 34,11:23 2nd Shotgun,— A.Jones right guard to CHI 33 for 1 yard (J.Lynch).
2026,WEEK 2,Sunday,September 20th,MIN,CHI,2nd Quarter,2,Minnesota Vikings,1,7,0,2 Yard Run,4th & 1 at CHI 33,10:40 2nd,— C.Wentz right guard to CHI 31 for 2 yards (N.Gallimore).
2026,WEEK 2,Sunday,September 20th,MIN,CHI,2nd Quarter,2,Minnesota Vikings,1,8,0,-2 Yard Run,1st & 10 at CHI 31,09:56 2nd,"— A.Jones left end to CHI 33 for -2 yards (T.Stevenson, D.Thieneman)."
2026,WEEK 2,Sunday,September 20th,MIN,CHI,2nd Quarter,2,Minnesota Vikings,1,9,0,Pass Incomplete,2nd & 12 at CHI 33,09:11 2nd Shotgun,— C.Wentz pass incomplete short left to J.Jefferson.
2026,WEEK 2,Sunday,September 20th,MIN,CHI,2nd Quarter,2,Minnesota Vikings,1,10,0,2 Yard Pass,3rd & 12 at CHI 33,09:08 2nd Shotgun,— C.Wentz pass short right to D.Claiborne to CHI 31 for 2 yards (T.Edwards).
2026,WEEK 2,Sunday,September 20th,MIN,CHI,2nd Quarter,2,Minnesota Vikings,1,11,1,Field Goal,4th & 10 at CHI 31,08:23 2nd,"— W.Reichard 49 yard field goal is GOOD, Center-A.DePaola, Holder-B.Thorson."
2026,WEEK 2,Sunday,September 20th,MIN,CHI,2nd Quarter,3,Chicago Bears,0,1,0,Kickoff from MIN 35,,Kickoff,— W.Reichard kicks 64 yards from MIN 35 to CHI 1. Z.Thomas to CHI 18 for 17 yards (B.Richter).
2026,WEEK 2,Sunday,September 20th,MIN,CHI,2nd Quarter,3,Chicago Bears,0,2,0,2 Yard Run,1st & 10 at CHI 18,08:11 2nd,— D.Swift right guard to CHI 20 for 2 yards (J.Redmond; C.Banks).
2026,WEEK 2,Sunday,September 20th,MIN,CHI,2nd Quarter,3,Chicago Bears,0,3,0,4 Yard Pass,2nd & 8 at CHI 20,07:30 2nd Shotgun,— C.Williams pass short right to K.Raymond to CHI 24 for 4 yards (B.Cashman).
2026,WEEK 2,Sunday,September 20th,MIN,CHI,2nd Quarter,3,Chicago Bears,0,4,0,16 Yard Pass,3rd & 4 at CHI 24,06:55 2nd Shotgun,— C.Williams pass short middle to K.Raymond to CHI 40 for 16 yards (H.Smith).
2026,WEEK 2,Sunday,September 20th,MIN,CHI,2nd Quarter,3,Chicago Bears,0,5,0,Pass Incomplete,1st & 10 at CHI 40,"06:26 2nd No Huddle, Shotgun",— C.Williams pass incomplete short right.
2026,WEEK 2,Sunday,September 20th,MIN,CHI,2nd Quarter,3,Chicago Bears,0,6,0,20 Yard Pass,2nd & 10 at CHI 40,06:18 2nd,"— C.Williams pass short right to K.Raymond to CHI 45 for 5 yards (B.Murphy). PENALTY on MIN-D.Turner, Roughing the Passer, 15 yards, enforced at CHI 45."
2026,WEEK 2,Sunday,September 20th,MIN,CHI,2nd Quarter,3,Chicago Bears,0,7,0,-2 Yard Run,1st & 10 at MIN 40,05:40 2nd,— D.Swift left guard to MIN 42 for -2 yards (C.Banks).
2026,WEEK 2,Sunday,September 20th,MIN,CHI,2nd Quarter,3,Chicago Bears,0,8,0,6 Yard Run,2nd & 12 at MIN 42,04:59 2nd,— D.Swift left tackle to MIN 36 for 6 yards (E.Wilson).
2026,WEEK 2,Sunday,September 20th,MIN,CHI,2nd Quarter,3,Chicago Bears,0,9,0,3 Yard Run,3rd & 6 at MIN 36,04:12 2nd,— D.Swift right tackle to MIN 33 for 3 yards (B.Murphy).
2026,WEEK 2,Sunday,September 20th,MIN,CHI,2nd Quarter,3,Chicago Bears,0,10,0,3 Yard Pass,4th & 3 at MIN 33,03:31 2nd Shotgun,"— C.Williams pass short right to D.Swift to MIN 30 for 3 yards (H.Smith). Minnesota challenged the first down ruling, and the play was Upheld. The ruling on the field stands. (Timeout #1.)"
2026,WEEK 2,Sunday,September 20th,MIN,CHI,2nd Quarter,3,Chicago Bears,0,11,0,-5 Yard Penalty,1st & 10 at MIN 30,03:02 2nd Shotgun,"— C.Williams pass short middle to C.Loveland to MIN 16 for 14 yards (J.Metellus). PENALTY on CHI-S.Roush, Illegal Shift, 5 yards, enforced at MIN 30 - No Play."
2026,WEEK 2,Sunday,September 20th,MIN,CHI,2nd Quarter,3,Chicago Bears,0,12,0,-7 Yard Run,1st & 15 at MIN 35,02:35 2nd,"— D.Swift right guard to MIN 32 for 3 yards (E.Wilson; B.Murphy). PENALTY on CHI-G.Bradbury, Offensive Holding, 10 yards, enforced at MIN 32."
2026,WEEK 2,Sunday,September 20th,MIN,CHI,2nd Quarter,3,Chicago Bears,0,13,0,Pass Incomplete,1st & 22 at MIN 42,02:13 2nd Shotgun,"— C.Williams pass incomplete short right [E.Wilson]. PENALTY on CHI-C.Williams, Intentional Grounding, 13 yards, enforced at MIN 42."
2026,WEEK 2,Sunday,September 20th,MIN,CHI,2nd Quarter,3,Chicago Bears,0,14,0,11 Yard Pass,2nd & 35 at CHI 45,02:09 2nd Shotgun,— C.Williams pass short left to D.Swift to MIN 44 for 11 yards (J.Metellus).
2026,WEEK 2,Sunday,September 20th,MIN,CHI,2nd Quarter,3,Chicago Bears,0,15,0,-5 Yard Penalty,3rd & 24 at MIN 44,02:00 2nd Shotgun,"— PENALTY on CHI-G.Bradbury, False Start, 5 yards, enforced at MIN 44 - No Play."
2026,WEEK 2,Sunday,September 20th,MIN,CHI,2nd Quarter,3,Chicago Bears,0,16,0,Pass Incomplete,3rd & 29 at MIN 49,02:00 2nd Shotgun,— C.Williams pass incomplete short left to C.Kmet [D.Turner].
2026,WEEK 2,Sunday,September 20th,MIN,CHI,2nd Quarter,3,Chicago Bears,0,17,0,Punt,4th & 29 at MIN 49,01:52 2nd,"— T.Taylor punts 37 yards to MIN 12, Center-B.Gardner, fair catch by M.Price."
2026,WEEK 2,Sunday,September 20th,MIN,CHI,2nd Quarter,4,Minnesota Vikings,0,1,0,8 Yard Run,1st & 10 at MIN 12,01:45 2nd,— A.Jones right tackle to MIN 20 for 8 yards (D.Thieneman; M.Sweat).
2026,WEEK 2,Sunday,September 20th,MIN,CHI,2nd Quarter,4,Minnesota Vikings,0,2,0,8 Yard Run,2nd & 2 at MIN 20,01:17 2nd Shotgun,— A.Jones right guard to MIN 28 for 8 yards (D.Thieneman).
2026,WEEK 2,Sunday,September 20th,MIN,CHI,2nd Quarter,4,Minnesota Vikings,0,3,0,Pass Incomplete,1st & 10 at MIN 28,00:51 2nd Shotgun,— C.Wentz pass incomplete short left to M.Price.
2026,WEEK 2,Sunday,September 20th,MIN,CHI,2nd Quarter,4,Minnesota Vikings,0,4,0,-9 Yard Sack,2nd & 10 at MIN 28,00:47 2nd Shotgun,— C.Wentz sacked at MIN 19 for -9 yards (A.Booker).
2026,WEEK 2,Sunday,September 20th,MIN,CHI,2nd Quarter,4,Minnesota Vikings,0,5,0,Timeout,,00:41 2nd,— Timeout #1 by CHI at 00:41.
2026,WEEK 2,Sunday,September 20th,MIN,CHI,2nd Quarter,4,Minnesota Vikings,0,6,0,9 Yard Pass,3rd & 19 at MIN 19,00:41 2nd Shotgun,— C.Wentz pass short middle to J.Jefferson to MIN 28 for 9 yards (M.Muhammad).
2026,WEEK 2,Sunday,September 20th,MIN,CHI,2nd Quarter,4,Minnesota Vikings,0,7,0,Timeout,,00:34 2nd,— Timeout #2 by CHI at 00:34.
2026,WEEK 2,Sunday,September 20th,MIN,CHI,2nd Quarter,4,Minnesota Vikings,0,8,0,Punt,4th & 10 at MIN 28,00:34 2nd,"— B.Thorson punts 62 yards to CHI 10, Center-A.DePaola. K.Raymond ran ob at CHI 34 for 24 yards (A.DePaola)."
2026,WEEK 2,Sunday,September 20th,MIN,CHI,2nd Quarter,5,Chicago Bears,0,1,0,7 Yard Pass,1st & 10 at CHI 34,00:20 2nd Shotgun,— C.Williams pass short middle to R.Odunze to CHI 41 for 7 yards (H.Smith).
2026,WEEK 2,Sunday,September 20th,MIN,CHI,2nd Quarter,5,Chicago Bears,0,2,0,Timeout,,00:15 2nd,— Timeout #3 by CHI at 00:15.
2026,WEEK 2,Sunday,September 20th,MIN,CHI,2nd Quarter,5,Chicago Bears,0,3,0,-17 Yard Sack,2nd & 3 at CHI 41,00:15 2nd Shotgun,— C.Williams sacked at CHI 24 for -17 yards (A.Van Ginkel).
2026,WEEK 2,Sunday,September 20th,MIN,CHI,3rd Quarter,1,Chicago Bears,0,1,0,Kickoff from MIN 35,,Kickoff,"— W.Reichard kicks 65 yards from MIN 35 to end zone, Touchback to the CHI 35."
2026,WEEK 2,Sunday,September 20th,MIN,CHI,3rd Quarter,1,Chicago Bears,0,2,0,Pass Incomplete,1st & 10 at CHI 35,15:00 3rd Shotgun,— C.Williams pass incomplete deep right.
2026,WEEK 2,Sunday,September 20th,MIN,CHI,3rd Quarter,1,Chicago Bears,0,3,0,12 Yard Run,2nd & 10 at CHI 35,14:50 3rd,— D.Swift left tackle ran ob at CHI 47 for 12 yards (T.Jackson).
2026,WEEK 2,Sunday,September 20th,MIN,CHI,3rd Quarter,1,Chicago Bears,0,4,0,Pass Incomplete,1st & 10 at CHI 47,14:15 3rd,— C.Williams pass incomplete short middle to S.Roush.
2026,WEEK 2,Sunday,September 20th,MIN,CHI,3rd Quarter,1,Chicago Bears,0,5,0,11 Yard Run,2nd & 10 at CHI 47,14:10 3rd Shotgun,— C.Williams scrambles right tackle to MIN 42 for 11 yards (B.Cashman).
2026,WEEK 2,Sunday,September 20th,MIN,CHI,3rd Quarter,1,Chicago Bears,0,6,0,15 Yard Run,1st & 10 at MIN 42,13:27 3rd,— K.Monangai right end to MIN 27 for 15 yards (I.Rodgers).
2026,WEEK 2,Sunday,September 20th,MIN,CHI,3rd Quarter,1,Chicago Bears,0,7,0,4 Yard Run,1st & 10 at MIN 27,12:46 3rd,— K.Monangai right guard to MIN 23 for 4 yards (I.Pace; C.Banks).
2026,WEEK 2,Sunday,September 20th,MIN,CHI,3rd Quarter,1,Chicago Bears,0,8,0,12 Yard Run,2nd & 6 at MIN 23,12:13 3rd,— K.Monangai right guard to MIN 11 for 12 yards (J.Metellus).
2026,WEEK 2,Sunday,September 20th,MIN,CHI,3rd Quarter,1,Chicago Bears,0,9,0,-2 Yard Run,1st & 10 at MIN 11,11:28 3rd,— C.Williams right end pushed ob at MIN 13 for -2 yards (K.Van Noy).
2026,WEEK 2,Sunday,September 20th,MIN,CHI,3rd Quarter,1,Chicago Bears,0,10,0,4 Yard Run,2nd & 12 at MIN 13,10:55 3rd,— D.Swift right tackle to MIN 9 for 4 yards (B.Cashman). MIN-B.Cashman was injured during the play.
2026,WEEK 2,Sunday,September 20th,MIN,CHI,3rd Quarter,1,Chicago Bears,0,11,0,8 Yard Pass,3rd & 8 at MIN 9,10:19 3rd Shotgun,— C.Williams pass short left to K.Raymond ran ob at MIN 1 for 8 yards.
2026,WEEK 2,Sunday,September 20th,MIN,CHI,3rd Quarter,1,Chicago Bears,0,12,0,Fumble,1st & 1 at MIN 1,09:42 3rd,"— D.Swift right tackle to MIN 1 for no gain (J.Redmond; I.Pace). FUMBLES (J.Redmond), RECOVERED by MIN-I.Rodgers at MIN 1. CHI-C.Kmet was injured during the play."
2026,WEEK 2,Sunday,September 20th,MIN,CHI,3rd Quarter,2,Minnesota Vikings,0,1,0,3 Yard Run,1st & 10 at MIN 1,09:38 3rd,— A.Jones right guard to MIN 4 for 3 yards (D.Bush).
2026,WEEK 2,Sunday,September 20th,MIN,CHI,3rd Quarter,2,Minnesota Vikings,0,2,0,20 Yard Run,2nd & 7 at MIN 4,09:03 3rd,— A.Jones right tackle to MIN 24 for 20 yards (T.Stevenson; X.Woods).
2026,WEEK 2,Sunday,September 20th,MIN,CHI,3rd Quarter,2,Minnesota Vikings,0,3,0,4 Yard Run,1st & 10 at MIN 24,08:20 3rd Shotgun,— D.Dallas up the middle to MIN 28 for 4 yards (N.Gallimore).
2026,WEEK 2,Sunday,September 20th,MIN,CHI,3rd Quarter,2,Minnesota Vikings,0,4,0,4 Yard Run,2nd & 6 at MIN 28,07:35 3rd Shotgun,— D.Dallas left guard to MIN 32 for 4 yards (M.Sweat; J.Lynch).
2026,WEEK 2,Sunday,September 20th,MIN,CHI,3rd Quarter,2,Minnesota Vikings,0,5,0,-1 Yard Sack,3rd & 2 at MIN 32,06:49 3rd Shotgun,"— C.Wentz sacked at MIN 31 for -1 yards (D.Odeyingbo). Penalty on MIN-C.Darrisaw, Illegal Formation, declined."
2026,WEEK 2,Sunday,September 20th,MIN,CHI,3rd Quarter,2,Minnesota Vikings,0,6,0,Punt,4th & 3 at MIN 31,06:40 3rd,"— B.Thorson punts 56 yards to CHI 13, Center-A.DePaola, downed by MIN-T.Felton."
2026,WEEK 2,Sunday,September 20th,MIN,CHI,3rd Quarter,3,Chicago Bears,0,1,0,-3 Yard Sack,1st & 10 at CHI 13,06:30 3rd,— C.Williams sacked at CHI 10 for -3 yards (D.Turner). ** Injury Update: MIN-B.Cashman has returned to the game. ** Injury Update: CHI-C.Kmet has returned to the game.
2026,WEEK 2,Sunday,September 20th,MIN,CHI,3rd Quarter,3,Chicago Bears,0,2,0,7 Yard Run,2nd & 13 at CHI 10,05:49 3rd,— K.Monangai right tackle to CHI 17 for 7 yards (B.Cashman; J.Metellus).
2026,WEEK 2,Sunday,September 20th,MIN,CHI,3rd Quarter,3,Chicago Bears,0,3,0,10 Yard Run,3rd & 6 at CHI 17,05:16 3rd Shotgun,— C.Williams scrambles left end ran ob at CHI 27 for 10 yards (E.Wilson).
2026,WEEK 2,Sunday,September 20th,MIN,CHI,3rd Quarter,3,Chicago Bears,0,4,0,Pass Incomplete,1st & 10 at CHI 27,"04:55 3rd No Huddle, Shotgun",— C.Williams pass incomplete short left to C.Loveland (J.Redmond).
2026,WEEK 2,Sunday,September 20th,MIN,CHI,3rd Quarter,3,Chicago Bears,0,5,0,0 Yard Run,2nd & 10 at CHI 27,04:54 3rd,— K.Monangai right tackle to CHI 27 for no gain (J.Redmond).
2026,WEEK 2,Sunday,September 20th,MIN,CHI,3rd Quarter,3,Chicago Bears,0,6,0,7 Yard Pass,3rd & 10 at CHI 27,04:20 3rd Shotgun,"— C.Williams pass short right to K.Raymond to CHI 34 for 7 yards (J.Metellus). Penalty on CHI, Illegal Formation, declined."
2026,WEEK 2,Sunday,September 20th,MIN,CHI,3rd Quarter,3,Chicago Bears,0,7,0,Punt,4th & 3 at CHI 34,04:15 3rd,"— T.Taylor punts 63 yards to MIN 3, Center-B.Gardner. M.Price ran ob at MIN 14 for 11 yards (J.Sanborn)."
2026,WEEK 2,Sunday,September 20th,MIN,CHI,3rd Quarter,4,Minnesota Vikings,0,1,0,24 Yard Pass,1st & 10 at MIN 14,04:01 3rd Shotgun,— C.Wentz pass short right to J.Oliver to MIN 38 for 24 yards (D.Thieneman).
2026,WEEK 2,Sunday,September 20th,MIN,CHI,3rd Quarter,4,Minnesota Vikings,0,2,0,3 Yard Run,1st & 10 at MIN 38,03:17 3rd,— A.Jones right guard to MIN 41 for 3 yards (J.van den Berg).
2026,WEEK 2,Sunday,September 20th,MIN,CHI,3rd Quarter,4,Minnesota Vikings,0,3,0,Pass Incomplete,2nd & 7 at MIN 41,02:35 3rd Shotgun,— C.Wentz pass incomplete short middle to J.Addison.
2026,WEEK 2,Sunday,September 20th,MIN,CHI,3rd Quarter,4,Minnesota Vikings,0,4,0,-6 Yard Sack,3rd & 7 at MIN 41,02:32 3rd Shotgun,— C.Wentz sacked at MIN 35 for -6 yards (M.Muhammad).
2026,WEEK 2,Sunday,September 20th,MIN,CHI,3rd Quarter,4,Minnesota Vikings,0,5,0,Punt,4th & 13 at MIN 35,01:49 3rd,"— B.Thorson punts 41 yards to CHI 24, Center-A.DePaola. K.Raymond to CHI 30 for 6 yards (C.Chambliss; Jac.Thomas)."
2026,WEEK 2,Sunday,September 20th,MIN,CHI,4th Quarter,1,Chicago Bears,0,1,0,9 Yard Pass,1st & 10 at CHI 30,01:38 3rd,— C.Williams pass short right to S.Roush to CHI 39 for 9 yards (E.Wilson; B.Murphy) [A.Van Ginkel].
2026,WEEK 2,Sunday,September 20th,MIN,CHI,4th Quarter,1,Chicago Bears,0,2,0,1 Yard Run,2nd & 1 at CHI 39,01:02 3rd,— D.Swift right tackle to CHI 40 for 1 yard (D.Orange; D.Turner).
2026,WEEK 2,Sunday,September 20th,MIN,CHI,4th Quarter,1,Chicago Bears,0,3,0,Pass Incomplete,1st & 10 at CHI 40,"00:33 3rd No Huddle, Shotgun",— C.Williams pass incomplete deep right to L.Burden (B.Murphy) [D.Turner].
2026,WEEK 2,Sunday,September 20th,MIN,CHI,4th Quarter,1,Chicago Bears,0,4,0,3 Yard Run,2nd & 10 at CHI 40,00:24 3rd,— D.Swift left guard to CHI 43 for 3 yards (C.Banks).
2026,WEEK 2,Sunday,September 20th,MIN,CHI,4th Quarter,1,Chicago Bears,0,5,0,Pass Incomplete,3rd & 7 at CHI 43,15:00 4th Shotgun,— C.Williams pass incomplete short left to L.Burden.
2026,WEEK 2,Sunday,September 20th,MIN,CHI,4th Quarter,1,Chicago Bears,0,6,0,Punt,4th & 7 at CHI 43,14:56 4th,"— T.Taylor punts 45 yards to MIN 12, Center-B.Gardner, fair catch by M.Price."
2026,WEEK 2,Sunday,September 20th,MIN,CHI,4th Quarter,2,Minnesota Vikings,0,1,0,Pass Incomplete,1st & 10 at MIN 12,14:49 4th Shotgun,— C.Wentz pass incomplete deep left to J.Jefferson (T.Stevenson).
2026,WEEK 2,Sunday,September 20th,MIN,CHI,4th Quarter,2,Minnesota Vikings,0,2,0,-5 Yard Penalty,2nd & 10 at MIN 12,14:43 4th Shotgun,"— PENALTY on MIN-J.Oliver, False Start, 5 yards, enforced at MIN 12 - No Play."
2026,WEEK 2,Sunday,September 20th,MIN,CHI,4th Quarter,2,Minnesota Vikings,0,3,0,2 Yard Run,2nd & 15 at MIN 7,14:43 4th Shotgun,— A.Jones right guard to MIN 9 for 2 yards (M.Sweat; G.Jarrett).
2026,WEEK 2,Sunday,September 20th,MIN,CHI,4th Quarter,2,Minnesota Vikings,0,4,0,12 Yard Pass,3rd & 13 at MIN 9,13:57 4th Shotgun,— C.Wentz pass short left to D.Dallas to MIN 21 for 12 yards (T.Edwards).
2026,WEEK 2,Sunday,September 20th,MIN,CHI,4th Quarter,2,Minnesota Vikings,0,5,0,Punt,4th & 1 at MIN 21,13:04 4th,"— B.Thorson punts 46 yards to CHI 33, Center-A.DePaola. K.Raymond ran ob at CHI 33 for no gain."
2026,WEEK 2,Sunday,September 20th,MIN,CHI,4th Quarter,3,Chicago Bears,0,1,0,2 Yard Run,1st & 10 at CHI 33,12:58 4th,— D.Swift right tackle to CHI 35 for 2 yards (E.Wilson; L.Rodriguez).
2026,WEEK 2,Sunday,September 20th,MIN,CHI,4th Quarter,3,Chicago Bears,0,2,0,1 Yard Run,2nd & 8 at CHI 35,12:21 4th,— D.Swift left guard to CHI 36 for 1 yard (C.Banks).
2026,WEEK 2,Sunday,September 20th,MIN,CHI,4th Quarter,3,Chicago Bears,0,3,0,32 Yard Pass,3rd & 7 at CHI 36,11:42 4th Shotgun,— C.Williams pass short left to D.Swift to MIN 32 for 32 yards (E.Wilson).
2026,WEEK 2,Sunday,September 20th,MIN,CHI,4th Quarter,3,Chicago Bears,0,4,0,15 Yard Pass,1st & 10 at MIN 32,10:53 4th,— C.Williams pass short left to R.Odunze to MIN 17 for 15 yards (T.Jackson).
2026,WEEK 2,Sunday,September 20th,MIN,CHI,4th Quarter,3,Chicago Bears,0,5,0,Pass Incomplete,1st & 10 at MIN 17,10:06 4th,"— C.Williams pass incomplete short middle to S.Roush (T.Jackson, J.Metellus)."
2026,WEEK 2,Sunday,September 20th,MIN,CHI,4th Quarter,3,Chicago Bears,0,6,0,7 Yard Pass,2nd & 10 at MIN 17,09:59 4th,— C.Williams pass short right to K.Monangai to MIN 10 for 7 yards (B.Cashman; I.Rodgers).
2026,WEEK 2,Sunday,September 20th,MIN,CHI,4th Quarter,3,Chicago Bears,0,7,0,2 Yard Run,3rd & 3 at MIN 10,09:16 4th,— K.Monangai right guard to MIN 8 for 2 yards (T.Jackson; I.Pace).
2026,WEEK 2,Sunday,September 20th,MIN,CHI,4th Quarter,3,Chicago Bears,0,8,0,2 Yard Run,4th & 1 at MIN 8,08:30 4th,— K.Monangai right guard to MIN 6 for 2 yards (C.Banks; B.Cashman).
2026,WEEK 2,Sunday,September 20th,MIN,CHI,4th Quarter,3,Chicago Bears,0,9,0,Sack,1st & 6 at MIN 6,07:42 4th,— C.Williams sacked at MIN 6 for 0 yards (B.Cashman). CHI-C.Williams was injured during the play.
2026,WEEK 2,Sunday,September 20th,MIN,CHI,4th Quarter,3,Chicago Bears,0,10,0,1 Yard Pass,2nd & 6 at MIN 6,07:15 4th,— T.Bagent pass short right to D.Swift to MIN 5 for 1 yard (I.Rodgers; B.Cashman).
2026,WEEK 2,Sunday,September 20th,MIN,CHI,4th Quarter,3,Chicago Bears,0,11,0,Pass Incomplete,3rd & 5 at MIN 5,06:32 4th Shotgun,— T.Bagent pass incomplete short left [A.Van Ginkel].
2026,WEEK 2,Sunday,September 20th,MIN,CHI,4th Quarter,3,Chicago Bears,0,12,0,Field Goal No Good,4th & 5 at MIN 5,06:26 4th,"— C.Santos 23 yard field goal is BLOCKED (I.Rodgers), Center-B.Gardner, Holder-T.Taylor, recovered by CHI-T.Taylor at MIN 12."
2026,WEEK 2,Sunday,September 20th,MIN,CHI,4th Quarter,4,Minnesota Vikings,1,1,0,5 Yard Run,1st & 10 at MIN 12,06:21 4th,— A.Jones right guard to MIN 17 for 5 yards (J.Johnson). ** Injury Update: MIN-A.Jones has returned to the game.
2026,WEEK 2,Sunday,September 20th,MIN,CHI,4th Quarter,4,Minnesota Vikings,1,2,0,0 Yard Run,2nd & 5 at MIN 17,05:41 4th,— A.Jones left tackle to MIN 17 for no gain (T.Stevenson).
2026,WEEK 2,Sunday,September 20th,MIN,CHI,4th Quarter,4,Minnesota Vikings,1,3,0,15 Yard Pass,3rd & 5 at MIN 17,04:51 4th Shotgun,— C.Wentz pass short middle to J.Addison to MIN 32 for 15 yards (C.Lewis).
2026,WEEK 2,Sunday,September 20th,MIN,CHI,4th Quarter,4,Minnesota Vikings,1,4,0,5 Yard Penalty,1st & 10 at MIN 32,04:05 4th,"— C.Wentz pass incomplete deep right to J.Jefferson. PENALTY on CHI-T.Stevenson, Defensive Holding, 5 yards, enforced at MIN 32 - No Play."
2026,WEEK 2,Sunday,September 20th,MIN,CHI,4th Quarter,4,Minnesota Vikings,1,5,0,0 Yard Run,1st & 10 at MIN 37,03:58 4th,— A.Jones right tackle to MIN 37 for no gain (J.Johnson).
2026,WEEK 2,Sunday,September 20th,MIN,CHI,4th Quarter,4,Minnesota Vikings,1,6,0,19 Yard Pass,2nd & 10 at MIN 37,03:15 4th,— C.Wentz pass short right to T.Hockenson to CHI 44 for 19 yards (J.Johnson).
2026,WEEK 2,Sunday,September 20th,MIN,CHI,4th Quarter,4,Minnesota Vikings,1,7,0,Timeout,,03:09 4th,— Timeout #1 by CHI at 03:09.
2026,WEEK 2,Sunday,September 20th,MIN,CHI,4th Quarter,4,Minnesota Vikings,1,8,0,5 Yard Run,1st & 10 at CHI 44,03:09 4th,— A.Jones right guard to CHI 39 for 5 yards (D.Jackson; M.Muhammad).
2026,WEEK 2,Sunday,September 20th,MIN,CHI,4th Quarter,4,Minnesota Vikings,1,9,0,Timeout,,03:04 4th,— Timeout #2 by CHI at 03:04.
2026,WEEK 2,Sunday,September 20th,MIN,CHI,4th Quarter,4,Minnesota Vikings,1,10,0,15 Yard Run,2nd & 5 at CHI 39,03:04 4th,— A.Jones left end to CHI 24 for 15 yards (C.Lewis).
2026,WEEK 2,Sunday,September 20th,MIN,CHI,4th Quarter,4,Minnesota Vikings,1,11,0,Timeout,,02:56 4th,— Timeout #3 by CHI at 02:56.
2026,WEEK 2,Sunday,September 20th,MIN,CHI,4th Quarter,4,Minnesota Vikings,1,12,0,0 Yard Run,1st & 10 at CHI 24,02:56 4th,— A.Jones right guard to CHI 24 for no gain (G.Jarrett).
2026,WEEK 2,Sunday,September 20th,MIN,CHI,4th Quarter,4,Minnesota Vikings,1,13,0,0 Yard Run,2nd & 10 at CHI 24,02:13 4th,— A.Jones right guard to CHI 24 for no gain (J.Lynch).
2026,WEEK 2,Sunday,September 20th,MIN,CHI,4th Quarter,4,Minnesota Vikings,1,14,0,3 Yard Pass,3rd & 10 at CHI 24,02:00 4th Shotgun,— C.Wentz pass short right to T.Hockenson to CHI 21 for 3 yards (T.Edwards; X.Woods).
2026,WEEK 2,Sunday,September 20th,MIN,CHI,4th Quarter,4,Minnesota Vikings,1,15,0,Timeout,,01:13 4th,— Timeout #1 by MIN at 01:13.
2026,WEEK 2,Sunday,September 20th,MIN,CHI,4th Quarter,4,Minnesota Vikings,1,16,1,Field Goal,4th & 7 at CHI 21,01:12 4th,"— W.Reichard 39 yard field goal is GOOD, Center-A.DePaola, Holder-B.Thorson."
2026,WEEK 2,Sunday,September 20th,MIN,CHI,4th Quarter,5,Chicago Bears,0,1,0,Kickoff from MIN 35,,Kickoff,— W.Reichard kicks 60 yards from MIN 35 to CHI 5. Z.Thomas to CHI 35 for 30 yards (J.Ward; J.Golday).
2026,WEEK 2,Sunday,September 20th,MIN,CHI,4th Quarter,5,Chicago Bears,0,2,0,6 Yard Pass,1st & 10 at CHI 35,01:00 4th Shotgun,— T.Bagent pass short left to L.Burden pushed ob at CHI 41 for 6 yards (J.Pierre).
2026,WEEK 2,Sunday,September 20th,MIN,CHI,4th Quarter,5,Chicago Bears,0,3,0,18 Yard Pass,2nd & 4 at CHI 41,00:54 4th Shotgun,— T.Bagent pass deep middle to L.Burden to MIN 41 for 18 yards (B.Murphy).
2026,WEEK 2,Sunday,September 20th,MIN,CHI,4th Quarter,5,Chicago Bears,0,4,0,Pass Incomplete,1st & 10 at MIN 41,00:39 4th No Huddle,— T.Bagent spiked the ball to stop the clock.
2026,WEEK 2,Sunday,September 20th,MIN,CHI,4th Quarter,5,Chicago Bears,0,5,0,21 Yard Pass,2nd & 10 at MIN 41,00:38 4th Shotgun,— T.Bagent pass deep right to R.Odunze pushed ob at MIN 20 for 21 yards (I.Rodgers).
2026,WEEK 2,Sunday,September 20th,MIN,CHI,4th Quarter,5,Chicago Bears,0,6,0,8 Yard Pass,1st & 10 at MIN 20,00:31 4th Shotgun,— T.Bagent pass short right to L.Burden to MIN 12 for 8 yards (J.Pierre).
2026,WEEK 2,Sunday,September 20th,MIN,CHI,4th Quarter,5,Chicago Bears,0,7,0,Pass Incomplete,2nd & 2 at MIN 12,"00:10 4th No Huddle, Shotgun","— T.Bagent pass incomplete short left to L.Burden (I.Rodgers). The Replay Official reviewed the incomplete pass ruling, and the play was Upheld. The ruling on the field stands."
2026,WEEK 2,Sunday,September 20th,MIN,CHI,4th Quarter,5,Chicago Bears,0,8,0,Pass Incomplete,3rd & 2 at MIN 12,00:06 4th Shotgun,— T.Bagent pass incomplete short middle to C.Loveland.
2026,WEEK 2,Sunday,September 20th,MIN,CHI,4th Quarter,5,Chicago Bears,0,9,0,Timeout,,00:01 4th,— Timeout #2 by MIN at 00:01.
2026,WEEK 2,Sunday,September 20th,MIN,CHI,4th Quarter,5,Chicago Bears,0,10,0,Turnover on Downs,4th & 2 at MIN 12,00:01 4th Shotgun,— T.Bagent sacked at MIN 21 for -9 yards (D.Turner).
2026,WEEK 2,Sunday,September 20th,CIN,HOU,1st Quarter,1,Cincinnati Bengals,0,1,0,Kickoff from HOU 35,,Kickoff,— K.Fairbairn kicks 64 yards from HOU 35 to CIN 1. D.Meyers to CIN 41 for 40 yards (K.Fairbairn).
2026,WEEK 2,Sunday,September 20th,CIN,HOU,1st Quarter,1,Cincinnati Bengals,0,2,0,Pass Incomplete,1st & 10 at CIN 41,14:51 1st Shotgun,— J.Burrow pass incomplete short left to C.Brown [R.Blankenship].
2026,WEEK 2,Sunday,September 20th,CIN,HOU,1st Quarter,1,Cincinnati Bengals,0,3,0,6 Yard Pass,2nd & 10 at CIN 41,14:47 1st Shotgun,— J.Burrow pass short left to J.Chase to CIN 47 for 6 yards (K.Lassiter).
2026,WEEK 2,Sunday,September 20th,CIN,HOU,1st Quarter,1,Cincinnati Bengals,0,4,0,Pass Incomplete,3rd & 4 at CIN 47,14:09 1st Shotgun,"— J.Burrow pass short middle to J.Chase to HOU 35 for 18 yards (J.Pitre). Houston challenged the pass completion ruling, and the play was REVERSED. (Shotgun) J.Burrow pass incomplete short middle to J.Chase."
2026,WEEK 2,Sunday,September 20th,CIN,HOU,1st Quarter,1,Cincinnati Bengals,0,5,0,Punt,4th & 4 at CIN 47,14:04 1st,"— R.Rehkow punts 45 yards to HOU 8, Center-W.Wagner. J.Noel pushed ob at HOU 13 for 5 yards (O.Burks)."
2026,WEEK 2,Sunday,September 20th,CIN,HOU,1st Quarter,2,Houston Texans,0,1,0,2 Yard Run,1st & 10 at HOU 13,13:55 1st,— D.Montgomery right guard to HOU 15 for 2 yards (B.Carter; D.Hill).
2026,WEEK 2,Sunday,September 20th,CIN,HOU,1st Quarter,2,Houston Texans,0,2,0,Pass Incomplete,2nd & 8 at HOU 15,"13:29 1st No Huddle, Shotgun",— C.Stroud pass incomplete short left to X.Hutchinson (D.Turner).
2026,WEEK 2,Sunday,September 20th,CIN,HOU,1st Quarter,2,Houston Texans,0,3,0,Pass Incomplete,3rd & 8 at HOU 15,13:24 1st Shotgun,— C.Stroud pass incomplete short middle to J.Wayne (J.Davis).
2026,WEEK 2,Sunday,September 20th,CIN,HOU,1st Quarter,2,Houston Texans,0,4,0,Punt,4th & 8 at HOU 15,13:19 1st,"— K.Kroeger punts 39 yards to CIN 46, Center-A.Brinkman, fair catch by D.Meyers."
2026,WEEK 2,Sunday,September 20th,CIN,HOU,1st Quarter,3,Cincinnati Bengals,0,1,0,2 Yard Run,1st & 10 at CIN 46,13:12 1st Shotgun,— S.Perine up the middle to CIN 48 for 2 yards (M.Edwards; T.Togiai).
2026,WEEK 2,Sunday,September 20th,CIN,HOU,1st Quarter,3,Cincinnati Bengals,0,2,0,8 Yard Pass,2nd & 8 at CIN 48,12:38 1st Shotgun,— J.Burrow pass short middle to J.Chase to HOU 44 for 8 yards (K.Lassiter; J.Hansen).
2026,WEEK 2,Sunday,September 20th,CIN,HOU,1st Quarter,3,Cincinnati Bengals,0,3,0,-5 Yard Penalty,1st & 10 at HOU 44,11:55 1st Shotgun,"— PENALTY on CIN-J.Chase, False Start, 5 yards, enforced at HOU 44 - No Play."
2026,WEEK 2,Sunday,September 20th,CIN,HOU,1st Quarter,3,Cincinnati Bengals,0,4,0,4 Yard Run,1st & 15 at HOU 49,11:38 1st Shotgun,— C.Brown up the middle to HOU 45 for 4 yards (T.Togiai; M.Edwards).
2026,WEEK 2,Sunday,September 20th,CIN,HOU,1st Quarter,3,Cincinnati Bengals,0,5,0,Pass Incomplete,2nd & 11 at HOU 45,11:04 1st Shotgun,— J.Burrow pass incomplete short left to C.Brown (W.Anderson).
2026,WEEK 2,Sunday,September 20th,CIN,HOU,1st Quarter,3,Cincinnati Bengals,0,6,0,-6 Yard Sack,3rd & 11 at HOU 45,10:58 1st Shotgun,— J.Burrow sacked at CIN 49 for -6 yards (L.Hall).
2026,WEEK 2,Sunday,September 20th,CIN,HOU,1st Quarter,3,Cincinnati Bengals,0,7,0,Punt,4th & 17 at CIN 49,10:15 1st,"— R.Rehkow punts 43 yards to HOU 8, Center-W.Wagner, fair catch by J.Noel."
2026,WEEK 2,Sunday,September 20th,CIN,HOU,1st Quarter,4,Houston Texans,0,1,0,4 Yard Run,1st & 10 at HOU 8,10:08 1st Shotgun,— D.Montgomery left guard to HOU 12 for 4 yards (B.Mafe).
2026,WEEK 2,Sunday,September 20th,CIN,HOU,1st Quarter,4,Houston Texans,0,2,0,1 Yard Run,2nd & 6 at HOU 12,09:30 1st Shotgun,— D.Montgomery up the middle to HOU 13 for 1 yard (D.Lawrence; B.Carter).
2026,WEEK 2,Sunday,September 20th,CIN,HOU,1st Quarter,4,Houston Texans,0,3,0,Pass Incomplete,3rd & 5 at HOU 13,08:51 1st Shotgun,— C.Stroud pass incomplete short left to X.Hutchinson (D.Hill).
2026,WEEK 2,Sunday,September 20th,CIN,HOU,1st Quarter,4,Houston Texans,0,4,0,Punt,4th & 5 at HOU 13,08:47 1st,"— K.Kroeger punts 47 yards to CIN 40, impetus ends at CIN 48, Center-A.Brinkman. D.Meyers to CIN 40 for no gain."
2026,WEEK 2,Sunday,September 20th,CIN,HOU,1st Quarter,5,Cincinnati Bengals,0,1,0,5 Yard Run,1st & 10 at CIN 40,08:36 1st,— C.Brown up the middle to CIN 45 for 5 yards (J.Pitre).
2026,WEEK 2,Sunday,September 20th,CIN,HOU,1st Quarter,5,Cincinnati Bengals,0,2,0,10 Yard Run,2nd & 5 at CIN 45,07:58 1st,— C.Brown left guard to HOU 45 for 10 yards (S.Harsh).
2026,WEEK 2,Sunday,September 20th,CIN,HOU,1st Quarter,5,Cincinnati Bengals,0,3,0,-10 Yard Penalty,1st & 10 at HOU 45,07:21 1st,"— C.Brown left guard pushed ob at HOU 19 for 26 yards (R.Blankenship). PENALTY on CIN-D.Fairchild, Offensive Holding, 10 yards, enforced at HOU 45 - No Play."
2026,WEEK 2,Sunday,September 20th,CIN,HOU,1st Quarter,5,Cincinnati Bengals,0,4,0,7 Yard Pass,1st & 20 at CIN 45,06:55 1st Shotgun,— J.Burrow pass short middle to C.Young to HOU 48 for 7 yards (A.Al-Shaair; R.Blankenship).
2026,WEEK 2,Sunday,September 20th,CIN,HOU,1st Quarter,5,Cincinnati Bengals,0,5,0,2 Yard Pass,2nd & 13 at HOU 48,06:23 1st Shotgun,— J.Burrow pass short left to J.Chase pushed ob at HOU 46 for 2 yards (K.Lassiter).
2026,WEEK 2,Sunday,September 20th,CIN,HOU,1st Quarter,5,Cincinnati Bengals,0,6,0,6 Yard Pass,3rd & 11 at HOU 46,05:48 1st Shotgun,— J.Burrow pass short right to C.Brown to HOU 40 for 6 yards (A.Al-Shaair; J.Pitre).
2026,WEEK 2,Sunday,September 20th,CIN,HOU,1st Quarter,5,Cincinnati Bengals,0,7,0,Punt,4th & 10 at HOU 45,04:47 1st,"— R.Rehkow punts 37 yards to HOU 8, Center-W.Wagner, fair catch by J.Noel."
2026,WEEK 2,Sunday,September 20th,CIN,HOU,2nd Quarter,1,Houston Texans,0,1,0,Pass Incomplete,1st & 10 at HOU 8,04:40 1st,— C.Stroud pass incomplete short left to J.Noel.
2026,WEEK 2,Sunday,September 20th,CIN,HOU,2nd Quarter,1,Houston Texans,0,2,0,7 Yard Pass,2nd & 10 at HOU 8,04:34 1st Shotgun,— C.Stroud pass short right to D.Schultz to HOU 15 for 7 yards (J.Battle; C.Howell).
2026,WEEK 2,Sunday,September 20th,CIN,HOU,2nd Quarter,1,Houston Texans,0,3,0,35 Yard Pass,3rd & 3 at HOU 15,03:57 1st Shotgun,— C.Stroud pass short right to D.Schultz to 50 for 35 yards (J.Battle).
2026,WEEK 2,Sunday,September 20th,CIN,HOU,2nd Quarter,1,Houston Texans,0,4,0,-10 Yard Penalty,1st & 10 at 50,03:07 1st Shotgun,"— B.Fisher reported in as eligible. C.Stroud pass short right to W.Marks to CIN 45 for 5 yards (D.Hill). PENALTY on HOU-T.Brown, Offensive Holding, 10 yards, enforced at 50 - No Play."
2026,WEEK 2,Sunday,September 20th,CIN,HOU,2nd Quarter,1,Houston Texans,0,5,0,15 Yard Pass,1st & 20 at HOU 40,02:49 1st Shotgun,— C.Stroud pass short middle to K.Boutte to CIN 45 for 15 yards (D.Knight).
2026,WEEK 2,Sunday,September 20th,CIN,HOU,2nd Quarter,1,Houston Texans,0,6,0,13 Yard Run,2nd & 5 at CIN 45,02:07 1st,— J.Noel right end to CIN 32 for 13 yards (D.Turner; J.Davis).
2026,WEEK 2,Sunday,September 20th,CIN,HOU,2nd Quarter,1,Houston Texans,0,7,0,-2 Yard Run,1st & 10 at CIN 32,01:25 1st,"— W.Marks left guard to CIN 34 for -2 yards (J.Allen, B.Mafe)."
2026,WEEK 2,Sunday,September 20th,CIN,HOU,2nd Quarter,1,Houston Texans,0,8,0,Pass Incomplete,2nd & 12 at CIN 34,00:44 1st Shotgun,— C.Stroud pass incomplete short middle to X.Hutchinson [D.Knight].
2026,WEEK 2,Sunday,September 20th,CIN,HOU,2nd Quarter,1,Houston Texans,0,9,0,12 Yard Pass,3rd & 12 at CIN 34,00:41 1st Shotgun,— C.Stroud pass short right to W.Marks to CIN 22 for 12 yards (B.Cook; B.Carter).
2026,WEEK 2,Sunday,September 20th,CIN,HOU,2nd Quarter,1,Houston Texans,0,10,0,0 Yard Run,1st & 10 at CIN 22,15:00 2nd Shotgun,— W.Marks right tackle to CIN 22 for no gain (M.Murphy).
2026,WEEK 2,Sunday,September 20th,CIN,HOU,2nd Quarter,1,Houston Texans,0,11,0,2 Yard Run,2nd & 10 at CIN 22,14:25 2nd Shotgun,— W.Marks right tackle to CIN 20 for 2 yards (J.Battle).
2026,WEEK 2,Sunday,September 20th,CIN,HOU,2nd Quarter,1,Houston Texans,0,12,0,4 Yard Pass,3rd & 8 at CIN 20,13:49 2nd Shotgun,"— C.Stroud pass short right to W.Marks to CIN 16 for 4 yards (B.Carter). Penalty on HOU-W.Teller, Offensive Holding, declined."
2026,WEEK 2,Sunday,September 20th,CIN,HOU,2nd Quarter,2,Cincinnati Bengals,0,1,0,7 Yard Run,1st & 10 at CIN 16,13:20 2nd,— C.Brown right guard to CIN 23 for 7 yards (J.Hansen).
2026,WEEK 2,Sunday,September 20th,CIN,HOU,2nd Quarter,2,Cincinnati Bengals,0,2,0,21 Yard Pass,2nd & 3 at CIN 23,12:46 2nd Shotgun,— J.Burrow pass short middle to T.Higgins to CIN 44 for 21 yards (R.Blankenship; D.Stingley).
2026,WEEK 2,Sunday,September 20th,CIN,HOU,2nd Quarter,2,Cincinnati Bengals,0,3,0,Pass Incomplete,1st & 10 at CIN 44,12:01 2nd,— J.Burrow pass incomplete short right to T.Higgins.
2026,WEEK 2,Sunday,September 20th,CIN,HOU,2nd Quarter,2,Cincinnati Bengals,0,4,0,-5 Yard Penalty,2nd & 10 at CIN 44,11:56 2nd Shotgun,"— PENALTY on CIN-T.Karras, False Start, 5 yards, enforced at CIN 44 - No Play."
2026,WEEK 2,Sunday,September 20th,CIN,HOU,2nd Quarter,2,Cincinnati Bengals,0,5,0,-6 Yard Sack,2nd & 15 at CIN 39,11:56 2nd Shotgun,— J.Burrow sacked at CIN 33 for -6 yards (D.Hunter).
2026,WEEK 2,Sunday,September 20th,CIN,HOU,2nd Quarter,2,Cincinnati Bengals,0,6,0,-5 Yard Penalty,3rd & 21 at CIN 33,11:14 2nd Shotgun,"— PENALTY on CIN-O.Brown, False Start, 5 yards, enforced at CIN 33 - No Play."
2026,WEEK 2,Sunday,September 20th,CIN,HOU,2nd Quarter,2,Cincinnati Bengals,0,7,0,-1 Yard Pass,3rd & 26 at CIN 28,10:57 2nd Shotgun,"— J.Burrow pass short middle to C.Brown to CIN 27 for -1 yards (S.Rankins, W.Anderson)."
2026,WEEK 2,Sunday,September 20th,CIN,HOU,2nd Quarter,2,Cincinnati Bengals,0,8,0,Punt,4th & 27 at CIN 27,10:16 2nd,"— R.Rehkow punts 40 yards to HOU 33, Center-W.Wagner, out of bounds."
2026,WEEK 2,Sunday,September 20th,CIN,HOU,2nd Quarter,3,Houston Texans,0,1,0,25 Yard Pass,1st & 10 at HOU 33,10:08 2nd,— C.Stroud pass short middle to F.Moreau to CIN 42 for 25 yards (B.Cook).
2026,WEEK 2,Sunday,September 20th,CIN,HOU,2nd Quarter,3,Houston Texans,0,2,0,4 Yard Run,1st & 10 at CIN 42,"09:45 2nd No Huddle, Shotgun",— D.Montgomery left guard to CIN 38 for 4 yards (C.Johnson; D.Knight).
2026,WEEK 2,Sunday,September 20th,CIN,HOU,2nd Quarter,3,Houston Texans,0,3,0,11 Yard Pass,2nd & 6 at CIN 38,09:09 2nd Shotgun,— C.Stroud pass short middle to D.Schultz to CIN 27 for 11 yards (T.Davis).
2026,WEEK 2,Sunday,September 20th,CIN,HOU,2nd Quarter,3,Houston Texans,0,4,0,1 Yard Pass,1st & 10 at CIN 27,"08:45 2nd No Huddle, Shotgun",— C.Stroud pass short right to K.Boutte to CIN 26 for 1 yard (D.Turner).
2026,WEEK 2,Sunday,September 20th,CIN,HOU,2nd Quarter,3,Houston Texans,0,5,0,0 Yard Run,2nd & 9 at CIN 26,08:08 2nd,— D.Montgomery left guard to CIN 26 for no gain (D.Lawrence).
2026,WEEK 2,Sunday,September 20th,CIN,HOU,2nd Quarter,3,Houston Texans,0,6,0,8 Yard Pass,3rd & 9 at CIN 26,07:27 2nd Shotgun,— C.Stroud pass short left to D.Montgomery to CIN 18 for 8 yards (D.Hill; J.Battle). (Virtual Measurement).
2026,WEEK 2,Sunday,September 20th,CIN,HOU,2nd Quarter,3,Houston Texans,0,7,0,Turnover on Downs,4th & 1 at CIN 18,06:58 2nd,— B.Fisher reported in as eligible. D.Montgomery right tackle to CIN 19 for -1 yards (D.Lawrence).
2026,WEEK 2,Sunday,September 20th,CIN,HOU,2nd Quarter,4,Cincinnati Bengals,1,1,0,5 Yard Run,1st & 10 at CIN 19,06:53 2nd,— C.Brown up the middle to CIN 24 for 5 yards (A.Al-Shaair; L.Hall).
2026,WEEK 2,Sunday,September 20th,CIN,HOU,2nd Quarter,4,Cincinnati Bengals,1,2,0,-3 Yard Pass,2nd & 5 at CIN 24,06:14 2nd Shotgun,— J.Burrow pass short left to C.Brown to CIN 21 for -3 yards (K.Lassiter) [W.Anderson]. CIN-A.Mims was injured during the play.
2026,WEEK 2,Sunday,September 20th,CIN,HOU,2nd Quarter,4,Cincinnati Bengals,1,3,0,18 Yard Pass,3rd & 8 at CIN 21,05:32 2nd Shotgun,— J.Burrow pass short middle to T.Higgins to CIN 39 for 18 yards (A.Al-Shaair).
2026,WEEK 2,Sunday,September 20th,CIN,HOU,2nd Quarter,4,Cincinnati Bengals,1,4,0,6 Yard Run,1st & 10 at CIN 39,04:55 2nd,— C.Brown left tackle to CIN 45 for 6 yards (R.Blankenship).
2026,WEEK 2,Sunday,September 20th,CIN,HOU,2nd Quarter,4,Cincinnati Bengals,1,5,0,Pass Incomplete,2nd & 4 at CIN 45,04:24 2nd Shotgun,— J.Burrow pass incomplete short right to J.Chase.
2026,WEEK 2,Sunday,September 20th,CIN,HOU,2nd Quarter,4,Cincinnati Bengals,1,6,0,23 Yard Pass,3rd & 4 at CIN 45,04:21 2nd Shotgun,— J.Burrow pass short middle to T.Higgins to HOU 32 for 23 yards (A.Al-Shaair). ** Injury Update: CIN-A.Mims has returned to the game.
2026,WEEK 2,Sunday,September 20th,CIN,HOU,2nd Quarter,4,Cincinnati Bengals,1,7,1,Touchdown,1st & 10 at HOU 32,03:37 2nd Shotgun,"— J.Burrow pass deep right to J.Chase for 32 yards, TOUCHDOWN."
2026,WEEK 2,Sunday,September 20th,CIN,HOU,2nd Quarter,4,Cincinnati Bengals,1,8,1,Extra Point,,03:29 2nd,"— E.McPherson extra point is GOOD, Center-W.Wagner, Holder-R.Rehkow."
2026,WEEK 2,Sunday,September 20th,CIN,HOU,2nd Quarter,5,Houston Texans,1,1,0,Kickoff from CIN 35,,Kickoff,— E.McPherson kicks 60 yards from CIN 35 to HOU 5. T.Smith to HOU 27 for 22 yards (D.Ivey). CIN-D.Ivey was injured during the play.
2026,WEEK 2,Sunday,September 20th,CIN,HOU,2nd Quarter,5,Houston Texans,1,2,0,13 Yard Pass,1st & 10 at HOU 27,03:24 2nd Shotgun,— C.Stroud pass short middle to X.Hutchinson to HOU 40 for 13 yards (D.Hill).
2026,WEEK 2,Sunday,September 20th,CIN,HOU,2nd Quarter,5,Houston Texans,1,3,0,15 Yard Pass,1st & 10 at HOU 40,02:47 2nd Shotgun,— C.Stroud pass short left to D.Schultz to CIN 45 for 15 yards (J.Davis).
2026,WEEK 2,Sunday,September 20th,CIN,HOU,2nd Quarter,5,Houston Texans,1,4,0,6 Yard Pass,1st & 10 at CIN 45,02:05 2nd Shotgun,— C.Stroud pass short right to X.Hutchinson to CIN 39 for 6 yards (D.Turner).
2026,WEEK 2,Sunday,September 20th,CIN,HOU,2nd Quarter,5,Houston Texans,1,5,0,Pass Incomplete,2nd & 4 at CIN 39,02:00 2nd,— C.Stroud pass incomplete deep right to J.Wayne.
2026,WEEK 2,Sunday,September 20th,CIN,HOU,2nd Quarter,5,Houston Texans,1,6,0,5 Yard Penalty,3rd & 4 at CIN 39,01:53 2nd Shotgun,"— C.Stroud pass incomplete short right to K.Boutte. PENALTY on CIN-D.Hill, Defensive Holding, 5 yards, enforced at CIN 39 - No Play."
2026,WEEK 2,Sunday,September 20th,CIN,HOU,2nd Quarter,5,Houston Texans,1,7,0,18 Yard Pass,1st & 10 at CIN 34,01:46 2nd Shotgun,— C.Stroud pass short right to X.Hutchinson ran ob at CIN 16 for 18 yards (B.Cook).
2026,WEEK 2,Sunday,September 20th,CIN,HOU,2nd Quarter,5,Houston Texans,1,8,0,3 Yard Run,1st & 10 at CIN 16,01:39 2nd Shotgun,— W.Marks up the middle to CIN 13 for 3 yards (K.Jenkins).
2026,WEEK 2,Sunday,September 20th,CIN,HOU,2nd Quarter,5,Houston Texans,1,9,0,Timeout,,01:34 2nd,— Timeout #1 by CIN at 01:34.
2026,WEEK 2,Sunday,September 20th,CIN,HOU,2nd Quarter,5,Houston Texans,1,10,0,-6 Yard Pass,2nd & 7 at CIN 13,01:34 2nd Shotgun,— C.Stroud pass short left to W.Marks to CIN 19 for -6 yards (B.Carter).
2026,WEEK 2,Sunday,September 20th,CIN,HOU,2nd Quarter,5,Houston Texans,1,11,0,Timeout,,01:28 2nd,— Timeout #2 by CIN at 01:28.
2026,WEEK 2,Sunday,September 20th,CIN,HOU,2nd Quarter,5,Houston Texans,1,12,0,Pass Incomplete,3rd & 13 at CIN 19,01:28 2nd Shotgun,— C.Stroud pass incomplete short right. ** Injury Update: CIN-D.Ivey has returned to the game.
2026,WEEK 2,Sunday,September 20th,CIN,HOU,2nd Quarter,5,Houston Texans,1,13,1,Field Goal,4th & 13 at CIN 19,01:20 2nd,"— K.Fairbairn 37 yard field goal is GOOD, Center-A.Brinkman, Holder-K.Kroeger."
2026,WEEK 2,Sunday,September 20th,CIN,HOU,2nd Quarter,6,Cincinnati Bengals,0,1,0,Kickoff from HOU 35,,Kickoff,"— K.Fairbairn kicks 62 yards from HOU 35 to CIN 3. D.Meyers to CIN 28 for 25 yards (A.Fisher). PENALTY on CIN-C.Johnson, Offensive Holding, 10 yards, enforced at CIN 28."
2026,WEEK 2,Sunday,September 20th,CIN,HOU,2nd Quarter,6,Cincinnati Bengals,0,2,0,Pass Incomplete,1st & 10 at CIN 18,01:12 2nd Shotgun,— J.Burrow pass incomplete short right to T.Higgins [S.Rankins].
2026,WEEK 2,Sunday,September 20th,CIN,HOU,2nd Quarter,6,Cincinnati Bengals,0,3,0,10 Yard Pass,2nd & 10 at CIN 18,01:07 2nd Shotgun,— J.Burrow pass short right to T.Higgins to CIN 28 for 10 yards (A.Al-Shaair).
2026,WEEK 2,Sunday,September 20th,CIN,HOU,2nd Quarter,6,Cincinnati Bengals,0,4,0,Pass Incomplete,1st & 10 at CIN 28,"00:46 2nd No Huddle, Shotgun",— J.Burrow pass incomplete short right to T.Higgins.
2026,WEEK 2,Sunday,September 20th,CIN,HOU,2nd Quarter,6,Cincinnati Bengals,0,5,0,-5 Yard Sack,2nd & 10 at CIN 28,00:42 2nd Shotgun,— J.Burrow sacked at CIN 23 for -5 yards (W.Anderson).
2026,WEEK 2,Sunday,September 20th,CIN,HOU,2nd Quarter,6,Cincinnati Bengals,0,6,0,Timeout,,00:36 2nd,— Timeout #1 by HOU at 00:36.
2026,WEEK 2,Sunday,September 20th,CIN,HOU,2nd Quarter,6,Cincinnati Bengals,0,7,0,5 Yard Run,3rd & 15 at CIN 23,00:36 2nd Shotgun,— C.Brown up the middle to CIN 28 for 5 yards (S.Rankins; J.Hansen).
2026,WEEK 2,Sunday,September 20th,CIN,HOU,2nd Quarter,6,Cincinnati Bengals,0,8,0,Timeout,,00:31 2nd,— Timeout #2 by HOU at 00:31.
2026,WEEK 2,Sunday,September 20th,CIN,HOU,2nd Quarter,6,Cincinnati Bengals,0,9,0,Punt,4th & 10 at CIN 28,00:31 2nd,"— R.Rehkow punts 58 yards to HOU 14, Center-W.Wagner. J.Noel to HOU 24 for 10 yards (D.Ivey; J.Giles-Harris)."
2026,WEEK 2,Sunday,September 20th,CIN,HOU,2nd Quarter,7,Houston Texans,0,1,0,18 Yard Pass,1st & 10 at HOU 24,00:21 2nd Shotgun,— C.Stroud pass short left to J.Wayne to HOU 42 for 18 yards (D.Hill).
2026,WEEK 2,Sunday,September 20th,CIN,HOU,2nd Quarter,7,Houston Texans,0,2,0,Timeout,,00:14 2nd,— Timeout #3 by HOU at 00:14.
2026,WEEK 2,Sunday,September 20th,CIN,HOU,2nd Quarter,7,Houston Texans,0,3,0,5 Yard Penalty,1st & 10 at HOU 42,00:14 2nd Shotgun,"— C.Stroud pass incomplete short right. PENALTY on CIN-T.Davis, Illegal Contact, 5 yards, enforced at HOU 42 - No Play."
2026,WEEK 2,Sunday,September 20th,CIN,HOU,2nd Quarter,7,Houston Texans,0,4,0,Pass Incomplete,1st & 10 at HOU 47,00:08 2nd Shotgun,— C.Stroud pass incomplete short left to J.Noel.
2026,WEEK 2,Sunday,September 20th,CIN,HOU,2nd Quarter,7,Houston Texans,0,5,0,Pass Incomplete,2nd & 10 at HOU 47,00:04 2nd Shotgun,— C.Stroud pass incomplete short right.
2026,WEEK 2,Sunday,September 20th,CIN,HOU,3rd Quarter,1,Houston Texans,0,1,0,Kickoff from CIN 35,,Kickoff,— E.McPherson kicks 60 yards from CIN 35 to HOU 5. J.Noel to HOU 36 for 31 yards (T.Davis; P.Jules).
2026,WEEK 2,Sunday,September 20th,CIN,HOU,3rd Quarter,1,Houston Texans,0,2,0,Pass Incomplete,1st & 10 at HOU 36,14:54 3rd Shotgun,— C.Stroud pass incomplete short middle to X.Hutchinson (D.Turner).
2026,WEEK 2,Sunday,September 20th,CIN,HOU,3rd Quarter,1,Houston Texans,0,3,0,Pass Incomplete,2nd & 10 at HOU 36,14:49 3rd Shotgun,— C.Stroud pass incomplete short right to J.Noel (D.Hill).
2026,WEEK 2,Sunday,September 20th,CIN,HOU,3rd Quarter,1,Houston Texans,0,4,0,Pass Incomplete,3rd & 10 at HOU 36,14:44 3rd Shotgun,— C.Stroud pass incomplete short middle to J.Wayne (D.Hill).
2026,WEEK 2,Sunday,September 20th,CIN,HOU,3rd Quarter,1,Houston Texans,0,5,0,Punt,4th & 10 at HOU 36,14:40 3rd,"— K.Kroeger punts 35 yards to CIN 29, Center-A.Brinkman. D.Meyers pushed ob at CIN 44 for 15 yards (F.Moreau). PENALTY on HOU-F.Moreau, Lowering the Head to Make Forcible Contact, 15 yards, enforced at CIN 44."
2026,WEEK 2,Sunday,September 20th,CIN,HOU,3rd Quarter,2,Cincinnati Bengals,1,1,0,5 Yard Pass,1st & 10 at HOU 41,14:30 3rd,— J.Burrow pass short middle to E.All to HOU 36 for 5 yards (W.Anderson).
2026,WEEK 2,Sunday,September 20th,CIN,HOU,3rd Quarter,2,Cincinnati Bengals,1,2,0,-4 Yard Run,2nd & 5 at HOU 36,13:54 3rd,"— C.Brown left guard to HOU 40 for -4 yards (W.Anderson, A.Al-Shaair)."
2026,WEEK 2,Sunday,September 20th,CIN,HOU,3rd Quarter,2,Cincinnati Bengals,1,3,0,7 Yard Pass,3rd & 9 at HOU 40,13:14 3rd Shotgun,— J.Burrow pass short middle to A.Iosivas to HOU 33 for 7 yards (R.Blankenship).
2026,WEEK 2,Sunday,September 20th,CIN,HOU,3rd Quarter,2,Cincinnati Bengals,1,4,1,Field Goal,4th & 2 at HOU 33,12:32 3rd,"— E.McPherson 51 yard field goal is GOOD, Center-W.Wagner, Holder-R.Rehkow."
2026,WEEK 2,Sunday,September 20th,CIN,HOU,3rd Quarter,3,Houston Texans,0,1,0,Kickoff from CIN 35,,Kickoff,— E.McPherson kicks 60 yards from CIN 35 to HOU 5. W.Marks to HOU 27 for 22 yards (K.Dugger).
2026,WEEK 2,Sunday,September 20th,CIN,HOU,3rd Quarter,3,Houston Texans,0,2,0,3 Yard Run,1st & 10 at HOU 27,12:24 3rd,— W.Marks left tackle to HOU 30 for 3 yards (J.Battle; D.Knight).
2026,WEEK 2,Sunday,September 20th,CIN,HOU,3rd Quarter,3,Houston Texans,0,3,0,9 Yard Pass,2nd & 7 at HOU 30,11:52 3rd,— C.Stroud pass short right to F.Moreau to HOU 39 for 9 yards (D.Hill).
2026,WEEK 2,Sunday,September 20th,CIN,HOU,3rd Quarter,3,Houston Texans,0,4,0,-5 Yard Penalty,1st & 10 at HOU 39,11:12 3rd,"— PENALTY on HOU-K.Rutledge, False Start, 5 yards, enforced at HOU 39 - No Play."
2026,WEEK 2,Sunday,September 20th,CIN,HOU,3rd Quarter,3,Houston Texans,0,5,0,14 Yard Run,1st & 15 at HOU 34,10:51 3rd Shotgun,— C.Stroud scrambles up the middle to HOU 48 for 14 yards (D.Knight).
2026,WEEK 2,Sunday,September 20th,CIN,HOU,3rd Quarter,3,Houston Texans,0,6,0,3 Yard Run,2nd & 1 at HOU 48,09:51 3rd,— W.Marks up the middle to CIN 49 for 3 yards (T.Slaton).
2026,WEEK 2,Sunday,September 20th,CIN,HOU,3rd Quarter,3,Houston Texans,0,7,0,9 Yard Pass,1st & 10 at CIN 49,09:09 3rd,— C.Stroud pass short middle to W.Marks to CIN 40 for 9 yards (D.Knight; D.Hill).
2026,WEEK 2,Sunday,September 20th,CIN,HOU,3rd Quarter,3,Houston Texans,0,8,0,Pass Incomplete,2nd & 1 at CIN 40,08:24 3rd,— C.Stroud pass incomplete short middle to W.Marks.
2026,WEEK 2,Sunday,September 20th,CIN,HOU,3rd Quarter,3,Houston Texans,0,9,0,0 Yard Run,3rd & 1 at CIN 40,08:19 3rd,— W.Marks right guard to CIN 40 for no gain (T.Slaton).
2026,WEEK 2,Sunday,September 20th,CIN,HOU,3rd Quarter,3,Houston Texans,0,10,0,Field Goal No Good,4th & 1 at CIN 40,07:33 3rd,"— K.Fairbairn 58 yard field goal is No Good, Short, Center-A.Brinkman, Holder-K.Kroeger."
2026,WEEK 2,Sunday,September 20th,CIN,HOU,3rd Quarter,4,Cincinnati Bengals,1,1,0,4 Yard Pass,1st & 10 at CIN 48,07:29 3rd Shotgun,— J.Burrow pass short right to J.Chase to HOU 48 for 4 yards (A.Al-Shaair).
2026,WEEK 2,Sunday,September 20th,CIN,HOU,3rd Quarter,4,Cincinnati Bengals,1,2,0,-5 Yard Penalty,2nd & 6 at HOU 48,06:54 3rd,"— PENALTY on CIN-O.Brown, False Start, 5 yards, enforced at HOU 48 - No Play."
2026,WEEK 2,Sunday,September 20th,CIN,HOU,3rd Quarter,4,Cincinnati Bengals,1,3,0,4 Yard Run,2nd & 11 at CIN 47,06:34 3rd Shotgun,— S.Perine right guard to HOU 49 for 4 yards (L.Hall).
2026,WEEK 2,Sunday,September 20th,CIN,HOU,3rd Quarter,4,Cincinnati Bengals,1,4,0,16 Yard Pass,3rd & 7 at HOU 49,05:56 3rd Shotgun,— J.Burrow pass short left to S.Perine to HOU 33 for 16 yards (J.Smith) [L.Hall].
2026,WEEK 2,Sunday,September 20th,CIN,HOU,3rd Quarter,4,Cincinnati Bengals,1,5,0,Pass Incomplete,1st & 10 at HOU 33,05:11 3rd,— J.Burrow pass incomplete short left to E.All (D.Hunter).
2026,WEEK 2,Sunday,September 20th,CIN,HOU,3rd Quarter,4,Cincinnati Bengals,1,6,0,11 Yard Run,2nd & 10 at HOU 33,05:06 3rd,— C.Brown left guard to HOU 22 for 11 yards (J.Pitre).
2026,WEEK 2,Sunday,September 20th,CIN,HOU,3rd Quarter,4,Cincinnati Bengals,1,7,0,2 Yard Run,1st & 10 at HOU 22,04:31 3rd,— C.Brown left tackle to HOU 20 for 2 yards (J.Pitre).
2026,WEEK 2,Sunday,September 20th,CIN,HOU,3rd Quarter,4,Cincinnati Bengals,1,8,0,2 Yard Run,2nd & 8 at HOU 20,03:51 3rd,— C.Brown up the middle pushed ob at HOU 18 for 2 yards (A.Al-Shaair).
2026,WEEK 2,Sunday,September 20th,CIN,HOU,3rd Quarter,4,Cincinnati Bengals,1,9,1,Touchdown,3rd & 6 at HOU 18,03:12 3rd Shotgun,"— J.Burrow pass deep right to J.Chase for 18 yards, TOUCHDOWN."
2026,WEEK 2,Sunday,September 20th,CIN,HOU,3rd Quarter,4,Cincinnati Bengals,1,10,1,Extra Point,,03:03 3rd,"— E.McPherson extra point is GOOD, Center-W.Wagner, Holder-R.Rehkow."
2026,WEEK 2,Sunday,September 20th,CIN,HOU,3rd Quarter,5,Houston Texans,1,1,0,Kickoff from CIN 35,,Kickoff,— E.McPherson kicks 52 yards from CIN 35 to HOU 13. W.Marks to HOU 31 for 18 yards (C.Johnson).
2026,WEEK 2,Sunday,September 20th,CIN,HOU,3rd Quarter,5,Houston Texans,1,2,0,16 Yard Run,1st & 10 at HOU 31,02:59 3rd Shotgun,"— C.Stroud scrambles right end ran ob at HOU 42 for 11 yards (S.Stewart). PENALTY on CIN-B.Carter, Defensive Holding, 5 yards, enforced at HOU 42."
2026,WEEK 2,Sunday,September 20th,CIN,HOU,3rd Quarter,5,Houston Texans,1,3,0,6 Yard Pass,1st & 10 at HOU 47,02:39 3rd Shotgun,— C.Stroud pass short right to D.Montgomery to CIN 47 for 6 yards (J.Battle; D.Knight).
2026,WEEK 2,Sunday,September 20th,CIN,HOU,3rd Quarter,5,Houston Texans,1,4,0,21 Yard Pass,2nd & 4 at CIN 47,01:58 3rd Shotgun,— C.Stroud pass deep left to K.Boutte to CIN 26 for 21 yards (J.Davis).
2026,WEEK 2,Sunday,September 20th,CIN,HOU,3rd Quarter,5,Houston Texans,1,5,0,4 Yard Run,1st & 10 at CIN 26,"01:28 3rd No Huddle, Shotgun",— C.Stroud scrambles left end to CIN 22 for 4 yards (B.Cook).
2026,WEEK 2,Sunday,September 20th,CIN,HOU,3rd Quarter,5,Houston Texans,1,6,0,Pass Incomplete,2nd & 6 at CIN 22,00:49 3rd Shotgun,— C.Stroud pass incomplete deep right to J.Wayne.
2026,WEEK 2,Sunday,September 20th,CIN,HOU,3rd Quarter,5,Houston Texans,1,7,0,-5 Yard Penalty,3rd & 6 at CIN 22,00:44 3rd Shotgun,"— PENALTY on HOU-T.Brown, False Start, 5 yards, enforced at CIN 22 - No Play."
2026,WEEK 2,Sunday,September 20th,CIN,HOU,3rd Quarter,5,Houston Texans,1,8,0,Pass Incomplete,3rd & 11 at CIN 27,00:44 3rd Shotgun,— C.Stroud pass incomplete deep right to D.Schultz [C.Howell].
2026,WEEK 2,Sunday,September 20th,CIN,HOU,3rd Quarter,5,Houston Texans,1,9,1,Field Goal,4th & 11 at CIN 27,00:39 3rd,"— K.Fairbairn 45 yard field goal is GOOD, Center-A.Brinkman, Holder-K.Kroeger. PENALTY on HOU-K.Rutledge, Unnecessary Roughness, 15 yards, enforced between downs."
2026,WEEK 2,Sunday,September 20th,CIN,HOU,4th Quarter,1,Cincinnati Bengals,1,1,0,Kickoff from HOU 20,,Kickoff,— K.Fairbairn kicks 77 yards from HOU 20 to CIN 3. D.Meyers to CIN 28 for 25 yards (B.Brooks; J.Hill).
2026,WEEK 2,Sunday,September 20th,CIN,HOU,4th Quarter,1,Cincinnati Bengals,1,2,0,5 Yard Run,1st & 10 at CIN 28,00:29 3rd,— C.Brown left guard to CIN 33 for 5 yards (M.Edwards; A.Al-Shaair).
2026,WEEK 2,Sunday,September 20th,CIN,HOU,4th Quarter,1,Cincinnati Bengals,1,3,0,Sack,2nd & 5 at CIN 33,15:00 4th Shotgun,— J.Burrow sacked at CIN 33 for 0 yards (sack split by M.Edwards and S.Harsh).
2026,WEEK 2,Sunday,September 20th,CIN,HOU,4th Quarter,1,Cincinnati Bengals,1,4,0,23 Yard Pass,3rd & 5 at CIN 33,14:18 4th Shotgun,— J.Burrow pass deep right to T.Higgins pushed ob at HOU 44 for 23 yards (D.Stingley).
2026,WEEK 2,Sunday,September 20th,CIN,HOU,4th Quarter,1,Cincinnati Bengals,1,5,0,2 Yard Run,1st & 10 at HOU 44,13:44 4th,— C.Brown right tackle to HOU 42 for 2 yards (J.Hansen; T.Togiai).
2026,WEEK 2,Sunday,September 20th,CIN,HOU,4th Quarter,1,Cincinnati Bengals,1,6,0,3 Yard Run,2nd & 8 at HOU 42,13:03 4th,— C.Brown right guard to HOU 39 for 3 yards (W.Anderson; T.Togiai).
2026,WEEK 2,Sunday,September 20th,CIN,HOU,4th Quarter,1,Cincinnati Bengals,1,7,0,Pass Incomplete,3rd & 5 at HOU 39,12:24 4th Shotgun,— J.Burrow pass incomplete short left to T.Higgins.
2026,WEEK 2,Sunday,September 20th,CIN,HOU,4th Quarter,1,Cincinnati Bengals,1,8,1,Field Goal,4th & 5 at HOU 39,12:21 4th,"— E.McPherson 57 yard field goal is GOOD, Center-W.Wagner, Holder-R.Rehkow."
2026,WEEK 2,Sunday,September 20th,CIN,HOU,4th Quarter,2,Houston Texans,0,1,0,Kickoff from CIN 35,,Kickoff,"— E.McPherson kicks 65 yards from CIN 35 to landing zone to end zone, Touchback to the HOU 20."
2026,WEEK 2,Sunday,September 20th,CIN,HOU,4th Quarter,2,Houston Texans,0,2,0,31 Yard Pass,1st & 10 at HOU 20,12:16 4th Shotgun,— C.Stroud pass deep left to J.Noel ran ob at CIN 49 for 31 yards.
2026,WEEK 2,Sunday,September 20th,CIN,HOU,4th Quarter,2,Houston Texans,0,3,0,Pass Incomplete,1st & 10 at CIN 49,11:43 4th Shotgun,— C.Stroud pass incomplete short middle to J.Noel.
2026,WEEK 2,Sunday,September 20th,CIN,HOU,4th Quarter,2,Houston Texans,0,4,0,-1 Yard Run,2nd & 10 at CIN 49,11:39 4th Shotgun,"— W.Marks right guard to 50 for -1 yards (J.Allen, D.Knight)."
2026,WEEK 2,Sunday,September 20th,CIN,HOU,4th Quarter,2,Houston Texans,0,5,0,Pass Incomplete,3rd & 11 at 50,10:55 4th Shotgun,"— C.Stroud pass incomplete short right [D.Lawrence]. PENALTY on HOU-C.Stroud, Intentional Grounding, 13 yards, enforced at 50."
2026,WEEK 2,Sunday,September 20th,CIN,HOU,4th Quarter,2,Houston Texans,0,6,0,Punt,4th & 24 at HOU 37,10:50 4th,"— K.Kroeger punts 49 yards to CIN 14, Center-A.Brinkman. D.Meyers to CIN 18 for 4 yards (J.Hansen)."
2026,WEEK 2,Sunday,September 20th,CIN,HOU,4th Quarter,3,Cincinnati Bengals,0,1,0,5 Yard Pass,1st & 10 at CIN 18,10:42 4th Shotgun,— J.Burrow pass short middle to J.Chase pushed ob at CIN 23 for 5 yards (T.Togiai).
2026,WEEK 2,Sunday,September 20th,CIN,HOU,4th Quarter,3,Cincinnati Bengals,0,2,0,Pass Incomplete,2nd & 5 at CIN 23,10:07 4th Shotgun,— J.Burrow pass incomplete short middle to D.Meyers.
2026,WEEK 2,Sunday,September 20th,CIN,HOU,4th Quarter,3,Cincinnati Bengals,0,3,0,Pass Incomplete,3rd & 5 at CIN 23,10:05 4th Shotgun,— J.Burrow pass incomplete short right to T.Higgins (D.Stingley).
2026,WEEK 2,Sunday,September 20th,CIN,HOU,4th Quarter,3,Cincinnati Bengals,0,4,0,Punt,4th & 5 at CIN 23,10:02 4th,"— R.Rehkow punts 36 yards to HOU 41, Center-W.Wagner, out of bounds."
2026,WEEK 2,Sunday,September 20th,CIN,HOU,4th Quarter,4,Houston Texans,0,1,0,-5 Yard Penalty,1st & 10 at HOU 41,09:54 4th Shotgun,"— PENALTY on HOU-T.Brown, False Start, 5 yards, enforced at HOU 41 - No Play."
2026,WEEK 2,Sunday,September 20th,CIN,HOU,4th Quarter,4,Houston Texans,0,2,0,9 Yard Pass,1st & 15 at HOU 36,09:54 4th Shotgun,— C.Stroud pass short right to D.Schultz to HOU 45 for 9 yards (D.Hill; D.Knight).
2026,WEEK 2,Sunday,September 20th,CIN,HOU,4th Quarter,4,Houston Texans,0,3,0,-5 Yard Sack,2nd & 6 at HOU 45,09:17 4th Shotgun,— C.Stroud sacked at HOU 40 for -5 yards (C.Johnson).
2026,WEEK 2,Sunday,September 20th,CIN,HOU,4th Quarter,4,Houston Texans,0,4,0,Pass Incomplete,3rd & 11 at HOU 40,08:36 4th Shotgun,— C.Stroud pass incomplete deep left to K.Boutte.
2026,WEEK 2,Sunday,September 20th,CIN,HOU,4th Quarter,4,Houston Texans,0,5,0,Punt,4th & 11 at HOU 40,08:30 4th,"— K.Kroeger punts 45 yards to CIN 15, Center-A.Brinkman, fair catch by D.Meyers. PENALTY on HOU-J.Hill, Ineligible Downfield Kick, 5 yards, enforced at CIN 15."
2026,WEEK 2,Sunday,September 20th,CIN,HOU,4th Quarter,5,Cincinnati Bengals,0,1,0,8 Yard Run,1st & 10 at CIN 20,08:24 4th,— C.Brown right guard to CIN 28 for 8 yards (A.Al-Shaair).
2026,WEEK 2,Sunday,September 20th,CIN,HOU,4th Quarter,5,Cincinnati Bengals,0,2,0,5 Yard Run,2nd & 2 at CIN 28,07:40 4th,— C.Brown right end to CIN 33 for 5 yards (D.Stingley).
2026,WEEK 2,Sunday,September 20th,CIN,HOU,4th Quarter,5,Cincinnati Bengals,0,3,0,0 Yard Pass,1st & 10 at CIN 33,06:54 4th,— J.Burrow pass short right to E.All to CIN 33 for no gain (R.Blankenship).
2026,WEEK 2,Sunday,September 20th,CIN,HOU,4th Quarter,5,Cincinnati Bengals,0,4,0,2 Yard Run,2nd & 10 at CIN 33,06:09 4th,— C.Brown left end to CIN 35 for 2 yards (K.Lassiter).
2026,WEEK 2,Sunday,September 20th,CIN,HOU,4th Quarter,5,Cincinnati Bengals,0,5,0,Timeout,,05:24 4th,— Timeout #1 by CIN at 05:24.
2026,WEEK 2,Sunday,September 20th,CIN,HOU,4th Quarter,5,Cincinnati Bengals,0,6,0,-8 Yard Sack,3rd & 8 at CIN 35,05:24 4th Shotgun,— J.Burrow sacked at CIN 27 for -8 yards (S.Rankins).
2026,WEEK 2,Sunday,September 20th,CIN,HOU,4th Quarter,5,Cincinnati Bengals,0,7,0,Timeout,,05:17 4th,— Timeout #1 by HOU at 05:17.
2026,WEEK 2,Sunday,September 20th,CIN,HOU,4th Quarter,5,Cincinnati Bengals,0,8,0,Punt,4th & 16 at CIN 27,05:17 4th,"— R.Rehkow punts 59 yards to HOU 14, Center-W.Wagner. J.Noel to HOU 31 for 17 yards (K.Dugger; P.Jules). PENALTY on HOU-J.Wayne, Illegal Block Above the Waist, 10 yards, enforced at HOU 31."
2026,WEEK 2,Sunday,September 20th,CIN,HOU,4th Quarter,6,Houston Texans,0,1,0,9 Yard Pass,1st & 10 at HOU 21,05:04 4th Shotgun,— C.Stroud pass short left to D.Schultz to HOU 30 for 9 yards (D.Knight).
2026,WEEK 2,Sunday,September 20th,CIN,HOU,4th Quarter,6,Houston Texans,0,2,0,2 Yard Pass,2nd & 1 at HOU 30,"04:44 4th No Huddle, Shotgun",— C.Stroud pass short right to D.Schultz to HOU 32 for 2 yards (D.Turner).
2026,WEEK 2,Sunday,September 20th,CIN,HOU,4th Quarter,6,Houston Texans,0,3,0,5 Yard Penalty,1st & 10 at HOU 32,"04:24 4th No Huddle, Shotgun","— PENALTY on CIN-M.Murphy, Neutral Zone Infraction, 5 yards, enforced at HOU 32 - No Play."
2026,WEEK 2,Sunday,September 20th,CIN,HOU,4th Quarter,6,Houston Texans,0,4,0,4 Yard Pass,1st & 5 at HOU 37,04:24 4th Shotgun,— C.Stroud pass short right to D.Schultz to HOU 41 for 4 yards (D.Knight).
2026,WEEK 2,Sunday,September 20th,CIN,HOU,4th Quarter,6,Houston Texans,0,5,0,-8 Yard Sack,2nd & 1 at HOU 41,"04:08 4th No Huddle, Shotgun",— C.Stroud sacked at HOU 33 for -8 yards (J.Allen).
2026,WEEK 2,Sunday,September 20th,CIN,HOU,4th Quarter,6,Houston Texans,0,6,0,8 Yard Pass,3rd & 9 at HOU 33,"03:40 4th No Huddle, Shotgun",— C.Stroud pass short middle to W.Marks to HOU 41 for 8 yards (J.Battle).
2026,WEEK 2,Sunday,September 20th,CIN,HOU,4th Quarter,6,Houston Texans,0,7,0,Pass Incomplete,4th & 1 at HOU 41,"03:20 4th No Huddle, Shotgun",— C.Stroud pass incomplete short middle to J.Wayne (J.Battle).
2026,WEEK 2,Sunday,September 20th,CIN,HOU,4th Quarter,7,Cincinnati Bengals,0,1,0,-2 Yard Run,1st & 10 at HOU 41,03:15 4th,— C.Brown up the middle to HOU 43 for -2 yards (W.Anderson).
2026,WEEK 2,Sunday,September 20th,CIN,HOU,4th Quarter,7,Cincinnati Bengals,0,2,0,Timeout,,03:08 4th,— Timeout #2 by HOU at 03:08.
2026,WEEK 2,Sunday,September 20th,CIN,HOU,4th Quarter,7,Cincinnati Bengals,0,3,0,0 Yard Run,2nd & 12 at HOU 43,03:08 4th,— C.Brown right tackle to HOU 43 for no gain (W.Anderson; T.Togiai).
2026,WEEK 2,Sunday,September 20th,CIN,HOU,4th Quarter,7,Cincinnati Bengals,0,4,0,Timeout,,03:04 4th,— Timeout #3 by HOU at 03:04.
2026,WEEK 2,Sunday,September 20th,CIN,HOU,4th Quarter,7,Cincinnati Bengals,0,5,0,4 Yard Run,3rd & 12 at HOU 43,03:04 4th,— J.Bayer reported in as eligible. C.Brown left guard to HOU 39 for 4 yards (W.Anderson; A.Al-Shaair).
2026,WEEK 2,Sunday,September 20th,CIN,HOU,4th Quarter,7,Cincinnati Bengals,0,6,0,Punt,4th & 8 at HOU 39,02:16 4th,"— R.Rehkow punts 27 yards to HOU 12, Center-W.Wagner, fair catch by J.Noel."
2026,WEEK 2,Sunday,September 20th,CIN,HOU,4th Quarter,8,Houston Texans,0,1,0,Pass Incomplete,1st & 10 at HOU 12,02:10 4th Shotgun,— C.Stroud pass incomplete short right to D.Schultz.
2026,WEEK 2,Sunday,September 20th,CIN,HOU,4th Quarter,8,Houston Texans,0,2,0,7 Yard Pass,2nd & 10 at HOU 12,02:06 4th Shotgun,— C.Stroud pass short right to D.Schultz to HOU 19 for 7 yards (D.Hill; D.Knight).
2026,WEEK 2,Sunday,September 20th,CIN,HOU,4th Quarter,8,Houston Texans,0,3,0,11 Yard Pass,3rd & 3 at HOU 19,02:00 4th Shotgun,— C.Stroud pass short right to D.Schultz to HOU 30 for 11 yards (D.Hill; D.Knight).
2026,WEEK 2,Sunday,September 20th,CIN,HOU,4th Quarter,8,Houston Texans,0,4,0,Pass Incomplete,1st & 10 at HOU 30,01:44 4th No Huddle,— C.Stroud spiked the ball to stop the clock.
2026,WEEK 2,Sunday,September 20th,CIN,HOU,4th Quarter,8,Houston Texans,0,5,0,5 Yard Pass,2nd & 10 at HOU 30,01:43 4th Shotgun,— C.Stroud pass short right to D.Schultz to HOU 35 for 5 yards (D.Hill).
2026,WEEK 2,Sunday,September 20th,CIN,HOU,4th Quarter,8,Houston Texans,0,6,0,25 Yard Pass,3rd & 5 at HOU 35,"01:25 4th No Huddle, Shotgun",— C.Stroud pass deep middle to D.Schultz to CIN 40 for 25 yards (J.Battle).
2026,WEEK 2,Sunday,September 20th,CIN,HOU,4th Quarter,8,Houston Texans,0,7,0,Pass Incomplete,1st & 10 at CIN 40,01:08 4th No Huddle,— C.Stroud spiked the ball to stop the clock.
2026,WEEK 2,Sunday,September 20th,CIN,HOU,4th Quarter,8,Houston Texans,0,8,0,Pass Incomplete,2nd & 10 at CIN 40,01:07 4th Shotgun,— C.Stroud pass incomplete deep right to X.Hutchinson.
2026,WEEK 2,Sunday,September 20th,CIN,HOU,4th Quarter,8,Houston Texans,0,9,0,28 Yard Pass,3rd & 10 at CIN 40,01:01 4th Shotgun,"— C.Stroud pass short left to J.Wayne to CIN 25 for 15 yards (D.Turner). PENALTY on CIN-D.Turner, Face Mask, 13 yards, enforced at CIN 25."
2026,WEEK 2,Sunday,September 20th,CIN,HOU,4th Quarter,8,Houston Texans,0,10,0,Pass Incomplete,1st & 10 at CIN 12,00:51 4th Shotgun,— C.Stroud pass incomplete short right to K.Boutte.
2026,WEEK 2,Sunday,September 20th,CIN,HOU,4th Quarter,8,Houston Texans,0,11,0,-7 Yard Sack,2nd & 10 at CIN 12,00:45 4th Shotgun,— C.Stroud sacked at CIN 19 for -7 yards (S.Stewart).
2026,WEEK 2,Sunday,September 20th,CIN,HOU,4th Quarter,8,Houston Texans,0,12,0,Pass Incomplete,3rd & 17 at CIN 19,"00:25 4th No Huddle, Shotgun",— C.Stroud pass incomplete deep right to X.Hutchinson (D.Hill).
2026,WEEK 2,Sunday,September 20th,CIN,HOU,4th Quarter,8,Houston Texans,0,13,0,Turnover on Downs,4th & 17 at CIN 19,00:19 4th Shotgun,— C.Stroud sacked at CIN 38 for -19 yards (C.Johnson).
2026,WEEK 2,Sunday,September 20th,CIN,HOU,4th Quarter,9,Cincinnati Bengals,0,1,0,-1 Yard Run,1st & 10 at CIN 38,00:12 4th,— J.Burrow kneels to CIN 37 for -1 yards.
2026,WEEK 2,Sunday,September 20th,PIT,NE,1st Quarter,1,Pittsburgh Steelers,0,1,0,Kickoff from NE 35,,Kickoff,— A.Borregales kicks 61 yards from NE 35 to PIT 4. K.Wetjen to PIT 30 for 26 yards (N.Obiazor; C.Latu).
2026,WEEK 2,Sunday,September 20th,PIT,NE,1st Quarter,1,Pittsburgh Steelers,0,2,0,1 Yard Run,1st & 10 at PIT 30,14:54 1st,— R.Dowdle left end to PIT 31 for 1 yard (E.Ponder; C.Woodson).
2026,WEEK 2,Sunday,September 20th,PIT,NE,1st Quarter,1,Pittsburgh Steelers,0,3,0,2 Yard Run,2nd & 9 at PIT 31,14:17 1st,— R.Dowdle left guard to PIT 33 for 2 yards (E.Ponder; C.Elliss).
2026,WEEK 2,Sunday,September 20th,PIT,NE,1st Quarter,1,Pittsburgh Steelers,0,4,0,Pass Incomplete,3rd & 7 at PIT 33,13:34 1st Shotgun,— A.Rodgers pass incomplete short left to D.Metcalf.
2026,WEEK 2,Sunday,September 20th,PIT,NE,1st Quarter,1,Pittsburgh Steelers,0,5,0,Punt,4th & 7 at PIT 33,13:31 1st,"— C.Johnston punts 53 yards to NE 14, Center-C.Kuntz. M.Jones to NE 23 for 9 yards (R.Spears-Jennings)."
2026,WEEK 2,Sunday,September 20th,PIT,NE,1st Quarter,2,New England Patriots,0,1,0,9 Yard Pass,1st & 10 at NE 23,13:20 1st Shotgun,— D.Maye pass short middle to D.Douglas to NE 32 for 9 yards (J.Ramsey).
2026,WEEK 2,Sunday,September 20th,PIT,NE,1st Quarter,2,New England Patriots,0,2,0,5 Yard Run,2nd & 1 at NE 32,12:42 1st,— R.Stevenson up the middle to NE 37 for 5 yards (P.Wilson).
2026,WEEK 2,Sunday,September 20th,PIT,NE,1st Quarter,2,New England Patriots,0,3,0,29 Yard Pass,1st & 10 at NE 37,12:02 1st Shotgun,— D.Maye pass deep left to H.Henry pushed ob at PIT 34 for 29 yards (J.Ramsey; J.Brisker).
2026,WEEK 2,Sunday,September 20th,PIT,NE,1st Quarter,2,New England Patriots,0,4,0,Fumble,1st & 10 at PIT 34,11:32 1st,"— D.Maye pass short left to R.Stevenson to PIT 31 for 3 yards (N.Herbig). FUMBLES (N.Herbig), RECOVERED by PIT-P.Wilson at PIT 31. PENALTY on PIT-J.Ramsey, Taunting, 15 yards, enforced at PIT 31."
2026,WEEK 2,Sunday,September 20th,PIT,NE,1st Quarter,3,Pittsburgh Steelers,0,1,0,4 Yard Run,1st & 10 at PIT 16,11:17 1st,— J.Warren left guard to PIT 20 for 4 yards (C.Woods).
2026,WEEK 2,Sunday,September 20th,PIT,NE,1st Quarter,3,Pittsburgh Steelers,0,2,0,Pass Incomplete,2nd & 6 at PIT 20,10:41 1st,— A.Rodgers pass incomplete short right to J.Warren [G.Jacas].
2026,WEEK 2,Sunday,September 20th,PIT,NE,1st Quarter,3,Pittsburgh Steelers,0,3,0,Pass Incomplete,3rd & 6 at PIT 20,10:35 1st Shotgun,— A.Rodgers pass incomplete deep left to P.Freiermuth.
2026,WEEK 2,Sunday,September 20th,PIT,NE,1st Quarter,3,Pittsburgh Steelers,0,4,0,Punt,4th & 6 at PIT 20,10:31 1st,"— C.Johnston punts 48 yards to NE 32, Center-C.Kuntz. M.Jones to PIT 49 for 19 yards (C.Holcomb)."
2026,WEEK 2,Sunday,September 20th,PIT,NE,1st Quarter,4,New England Patriots,1,1,0,Pass Incomplete,1st & 10 at PIT 49,10:17 1st Shotgun,— D.Maye pass incomplete short left to R.Gilliam.
2026,WEEK 2,Sunday,September 20th,PIT,NE,1st Quarter,4,New England Patriots,1,2,0,5 Yard Run,2nd & 10 at PIT 49,10:13 1st Shotgun,— T.Henderson up the middle to PIT 44 for 5 yards (J.Ramsey; C.Heyward).
2026,WEEK 2,Sunday,September 20th,PIT,NE,1st Quarter,4,New England Patriots,1,3,0,4 Yard Penalty,3rd & 5 at PIT 44,09:26 1st Shotgun,"— D.Maye sacked at NE 46 for -10 yards (J.Ramsey). PENALTY on PIT-A.Highsmith, Defensive Offside, 4 yards, enforced at PIT 44 - No Play."
2026,WEEK 2,Sunday,September 20th,PIT,NE,1st Quarter,4,New England Patriots,1,4,0,1 Yard Run,3rd & 1 at PIT 40,09:11 1st,— T.Henderson up the middle to PIT 39 for 1 yard (T.Watt).
2026,WEEK 2,Sunday,September 20th,PIT,NE,1st Quarter,4,New England Patriots,1,5,1,Touchdown,1st & 10 at PIT 39,08:29 1st Shotgun,"— T.Henderson left guard for 39 yards, TOUCHDOWN."
2026,WEEK 2,Sunday,September 20th,PIT,NE,1st Quarter,4,New England Patriots,1,6,1,Extra Point,,08:22 1st,"— A.Borregales extra point is GOOD, Center-J.Ashby, Holder-M.Wishnowsky."
2026,WEEK 2,Sunday,September 20th,PIT,NE,1st Quarter,5,Pittsburgh Steelers,0,1,0,Kickoff from NE 35,,Kickoff,— A.Borregales kicks 65 yards from NE 35 to PIT 0. E.Heidenreich to PIT 26 for 26 yards (E.Hunter; G.Jacas).
2026,WEEK 2,Sunday,September 20th,PIT,NE,1st Quarter,5,Pittsburgh Steelers,0,2,0,9 Yard Pass,1st & 10 at PIT 26,08:16 1st Shotgun,— A.Rodgers pass short right to P.Freiermuth to PIT 35 for 9 yards (C.Gonzalez).
2026,WEEK 2,Sunday,September 20th,PIT,NE,1st Quarter,5,Pittsburgh Steelers,0,3,0,6 Yard Run,2nd & 1 at PIT 35,07:35 1st,— R.Dowdle up the middle to PIT 41 for 6 yards (Da.Jones).
2026,WEEK 2,Sunday,September 20th,PIT,NE,1st Quarter,5,Pittsburgh Steelers,0,4,0,7 Yard Pass,1st & 10 at PIT 41,07:02 1st Shotgun,— A.Rodgers pass short right to D.Washington to PIT 48 for 7 yards (C.Elliss).
2026,WEEK 2,Sunday,September 20th,PIT,NE,1st Quarter,5,Pittsburgh Steelers,0,5,0,9 Yard Pass,2nd & 3 at PIT 48,06:25 1st,— A.Rodgers pass short right to R.Dowdle to NE 43 for 9 yards (C.Woods; C.Elliss).
2026,WEEK 2,Sunday,September 20th,PIT,NE,1st Quarter,5,Pittsburgh Steelers,0,6,0,1 Yard Run,1st & 10 at NE 43,05:42 1st Shotgun,— J.Warren right guard to NE 42 for 1 yard (C.Woods).
2026,WEEK 2,Sunday,September 20th,PIT,NE,1st Quarter,5,Pittsburgh Steelers,0,7,0,3 Yard Run,2nd & 9 at NE 42,05:00 1st Shotgun,— J.Warren right end to NE 39 for 3 yards (C.Woods).
2026,WEEK 2,Sunday,September 20th,PIT,NE,1st Quarter,5,Pittsburgh Steelers,0,8,0,Pass Incomplete,3rd & 6 at NE 39,04:18 1st Shotgun,— A.Rodgers pass incomplete short right to J.Warren.
2026,WEEK 2,Sunday,September 20th,PIT,NE,1st Quarter,5,Pittsburgh Steelers,0,9,0,Field Goal No Good,4th & 6 at NE 39,04:15 1st,"— C.Boswell 57 yard field goal is No Good, Wide Left, Center-C.Kuntz, Holder-C.Johnston."
2026,WEEK 2,Sunday,September 20th,PIT,NE,2nd Quarter,1,New England Patriots,1,1,0,5 Yard Run,1st & 10 at NE 47,04:10 1st,— T.Henderson right guard to PIT 48 for 5 yards (N.Herbig; D.Harmon).
2026,WEEK 2,Sunday,September 20th,PIT,NE,2nd Quarter,1,New England Patriots,1,2,0,4 Yard Pass,2nd & 5 at PIT 48,03:35 1st,"— D.Maye pass short left to R.Doubs to PIT 44 for 4 yards (J.Dean). FUMBLES (J.Dean), ball out of bounds at PIT 43."
2026,WEEK 2,Sunday,September 20th,PIT,NE,2nd Quarter,1,New England Patriots,1,3,0,2 Yard Run,3rd & 1 at PIT 44,03:03 1st,— R.Stevenson left tackle to PIT 42 for 2 yards (J.Brisker; C.Heyward). PIT-J.Brisker was injured during the play.
2026,WEEK 2,Sunday,September 20th,PIT,NE,2nd Quarter,1,New England Patriots,1,4,0,6 Yard Run,1st & 10 at PIT 42,02:28 1st,— T.Henderson left guard to PIT 36 for 6 yards (P.Wilson).
2026,WEEK 2,Sunday,September 20th,PIT,NE,2nd Quarter,1,New England Patriots,1,5,0,30 Yard Pass,2nd & 4 at PIT 36,01:51 1st Shotgun,"— D.Maye pass deep left to E.Raridon to PIT 6 for 30 yards (P.Wilson) [C.Heyward]. ** Injury Update: PIT-J.Brisker has returned to the game. Penalty on PIT-P.Wilson, Defensive Pass Interference, declined."
2026,WEEK 2,Sunday,September 20th,PIT,NE,2nd Quarter,1,New England Patriots,1,6,0,-5 Yard Penalty,1st & 6 at PIT 6,01:24 1st,"— PENALTY on NE-M.Moses, False Start, 5 yards, enforced at PIT 6 - No Play."
2026,WEEK 2,Sunday,September 20th,PIT,NE,2nd Quarter,1,New England Patriots,1,7,0,-3 Yard Sack,1st & 11 at PIT 11,01:08 1st Shotgun,— D.Maye sacked at PIT 14 for -3 yards (sack split by D.Harmon and T.Watt). NE-M.Onwenu was injured during the play.
2026,WEEK 2,Sunday,September 20th,PIT,NE,2nd Quarter,1,New England Patriots,1,8,0,4 Yard Pass,2nd & 14 at PIT 14,00:42 1st,— D.Maye pass short right to H.Henry to PIT 10 for 4 yards (A.Highsmith; D.Harmon).
2026,WEEK 2,Sunday,September 20th,PIT,NE,2nd Quarter,1,New England Patriots,1,9,0,-2 Yard Sack,3rd & 10 at PIT 10,15:00 2nd Shotgun,— D.Maye sacked at PIT 12 for -2 yards (A.Highsmith).
2026,WEEK 2,Sunday,September 20th,PIT,NE,2nd Quarter,1,New England Patriots,1,10,1,Field Goal,4th & 12 at PIT 12,14:18 2nd,"— A.Borregales 30 yard field goal is GOOD, Center-J.Ashby, Holder-M.Wishnowsky."
2026,WEEK 2,Sunday,September 20th,PIT,NE,2nd Quarter,2,Pittsburgh Steelers,0,1,0,Kickoff from NE 35,,Kickoff,— A.Borregales kicks 57 yards from NE 35 to PIT 8. K.Wetjen to PIT 30 for 22 yards (D.Muasau).
2026,WEEK 2,Sunday,September 20th,PIT,NE,2nd Quarter,2,Pittsburgh Steelers,0,2,0,3 Yard Run,1st & 10 at PIT 30,14:08 2nd,— J.Warren left tackle to PIT 33 for 3 yards (C.Woodson; Dr.Jones).
2026,WEEK 2,Sunday,September 20th,PIT,NE,2nd Quarter,2,Pittsburgh Steelers,0,3,0,3 Yard Pass,2nd & 7 at PIT 33,13:27 2nd,— A.Rodgers pass short left to G.Bernard pushed ob at PIT 36 for 3 yards (K.Byard) [E.Ponder].
2026,WEEK 2,Sunday,September 20th,PIT,NE,2nd Quarter,2,Pittsburgh Steelers,0,4,0,3 Yard Run,3rd & 4 at PIT 36,12:50 2nd Shotgun,— J.Warren left end to PIT 39 for 3 yards (C.Durden; C.Gonzalez).
2026,WEEK 2,Sunday,September 20th,PIT,NE,2nd Quarter,2,Pittsburgh Steelers,0,5,0,2 Yard Run,4th & 1 at PIT 39,12:12 2nd,— Direct snap to P.Freiermuth. P.Freiermuth up the middle to PIT 41 for 2 yards (R.Spillane).
2026,WEEK 2,Sunday,September 20th,PIT,NE,2nd Quarter,2,Pittsburgh Steelers,0,6,0,Pass Incomplete,1st & 10 at PIT 41,11:37 2nd,— A.Rodgers pass incomplete short right.
2026,WEEK 2,Sunday,September 20th,PIT,NE,2nd Quarter,2,Pittsburgh Steelers,0,7,0,2 Yard Run,2nd & 10 at PIT 41,11:30 2nd Shotgun,— R.Dowdle up the middle to PIT 43 for 2 yards (R.Spillane).
2026,WEEK 2,Sunday,September 20th,PIT,NE,2nd Quarter,2,Pittsburgh Steelers,0,8,0,19 Yard Pass,3rd & 8 at PIT 43,10:46 2nd Shotgun,— A.Rodgers pass short middle to G.Bernard to NE 38 for 19 yards (C.Elliss).
2026,WEEK 2,Sunday,September 20th,PIT,NE,2nd Quarter,2,Pittsburgh Steelers,0,9,0,Timeout,,10:07 2nd,— Timeout #1 by PIT at 10:07.
2026,WEEK 2,Sunday,September 20th,PIT,NE,2nd Quarter,2,Pittsburgh Steelers,0,10,0,3 Yard Pass,1st & 10 at NE 38,10:07 2nd Shotgun,— A.Rodgers pass short middle to G.Bernard to NE 35 for 3 yards (C.Gonzalez).
2026,WEEK 2,Sunday,September 20th,PIT,NE,2nd Quarter,2,Pittsburgh Steelers,0,11,0,10 Yard Pass,2nd & 7 at NE 35,09:29 2nd,— A.Rodgers pass short right to G.Bernard to NE 25 for 10 yards (C.Woods).
2026,WEEK 2,Sunday,September 20th,PIT,NE,2nd Quarter,2,Pittsburgh Steelers,0,12,0,3 Yard Pass,1st & 10 at NE 25,08:48 2nd Shotgun,— A.Rodgers pass short left to D.Metcalf to NE 22 for 3 yards (C.Woodson).
2026,WEEK 2,Sunday,September 20th,PIT,NE,2nd Quarter,2,Pittsburgh Steelers,0,13,0,Pass Incomplete,2nd & 7 at NE 22,08:09 2nd,— A.Rodgers pass incomplete short left to D.Washington (C.Woodson).
2026,WEEK 2,Sunday,September 20th,PIT,NE,2nd Quarter,2,Pittsburgh Steelers,0,14,0,-8 Yard Sack,3rd & 7 at NE 22,08:05 2nd Shotgun,"— A.Rodgers sacked at NE 31 for -9 yards (C.Elliss). FUMBLES (C.Elliss) [C.Elliss], touched at NE 30, recovered by PIT-T.Fautanu at PIT 42."
2026,WEEK 2,Sunday,September 20th,PIT,NE,2nd Quarter,2,Pittsburgh Steelers,0,15,0,Punt,4th & 43 at PIT 42,07:35 2nd,"— C.Johnston punts 47 yards to NE 11, Center-C.Kuntz. M.Jones pushed ob at NE 22 for 11 yards (P.Wilson; R.Spears-Jennings). PENALTY on NE-E.Chism, Offensive Holding, 6 yards, enforced at NE 12."
2026,WEEK 2,Sunday,September 20th,PIT,NE,2nd Quarter,3,New England Patriots,0,1,0,15 Yard Penalty,1st & 10 at NE 6,07:24 2nd,"— D.Maye pass incomplete short left to D.Douglas. PENALTY on PIT-K.Benton, Roughing the Passer, 15 yards, enforced at NE 6 - No Play."
2026,WEEK 2,Sunday,September 20th,PIT,NE,2nd Quarter,3,New England Patriots,0,2,0,10 Yard Pass,1st & 10 at NE 21,07:21 2nd Shotgun,— D.Maye pass short left to M.Hollins to NE 31 for 10 yards (A.Samuel).
2026,WEEK 2,Sunday,September 20th,PIT,NE,2nd Quarter,3,New England Patriots,0,3,0,7 Yard Run,1st & 10 at NE 31,06:44 2nd Shotgun,— D.Maye scrambles right end to NE 38 for 7 yards (R.Jenkins).
2026,WEEK 2,Sunday,September 20th,PIT,NE,2nd Quarter,3,New England Patriots,0,4,0,-3 Yard Run,2nd & 3 at NE 38,06:00 2nd,— T.Henderson up the middle to NE 35 for -3 yards (S.Joseph).
2026,WEEK 2,Sunday,September 20th,PIT,NE,2nd Quarter,3,New England Patriots,0,5,0,Pass Incomplete,3rd & 6 at NE 35,05:21 2nd Shotgun,— D.Maye pass incomplete short middle to D.Douglas (A.Highsmith).
2026,WEEK 2,Sunday,September 20th,PIT,NE,2nd Quarter,3,New England Patriots,0,6,0,Punt,4th & 6 at NE 35,05:16 2nd,"— M.Wishnowsky punts 54 yards to PIT 11, Center-J.Ashby. K.Wetjen to PIT 28 for 17 yards (N.Obiazor)."
2026,WEEK 2,Sunday,September 20th,PIT,NE,2nd Quarter,4,Pittsburgh Steelers,0,1,0,Pass Incomplete,1st & 10 at PIT 28,05:05 2nd Shotgun,— A.Rodgers pass incomplete short right.
2026,WEEK 2,Sunday,September 20th,PIT,NE,2nd Quarter,4,Pittsburgh Steelers,0,2,0,14 Yard Run,2nd & 10 at PIT 28,04:59 2nd Shotgun,— T.Homer right tackle to PIT 42 for 14 yards (C.Woodson).
2026,WEEK 2,Sunday,September 20th,PIT,NE,2nd Quarter,4,Pittsburgh Steelers,0,3,0,2 Yard Run,1st & 10 at PIT 42,04:23 2nd,— T.Homer up the middle to PIT 44 for 2 yards (C.Durden; G.Jacas).
2026,WEEK 2,Sunday,September 20th,PIT,NE,2nd Quarter,4,Pittsburgh Steelers,0,4,0,5 Yard Run,2nd & 8 at PIT 44,03:47 2nd,— A.Rodgers scrambles left guard to PIT 49 for 5 yards (G.Jacas).
2026,WEEK 2,Sunday,September 20th,PIT,NE,2nd Quarter,4,Pittsburgh Steelers,0,5,0,5 Yard Penalty,3rd & 3 at PIT 49,02:59 2nd Shotgun,"— A.Rodgers pass incomplete short right to P.Freiermuth. PENALTY on NE-K.Byard, Defensive Pass Interference, 5 yards, enforced at PIT 49 - No Play."
2026,WEEK 2,Sunday,September 20th,PIT,NE,2nd Quarter,4,Pittsburgh Steelers,0,6,0,-1 Yard Pass,1st & 10 at NE 46,02:54 2nd Shotgun,— A.Rodgers pass short left to D.Metcalf to NE 47 for -1 yards (E.Ponder).
2026,WEEK 2,Sunday,September 20th,PIT,NE,2nd Quarter,4,Pittsburgh Steelers,0,7,0,2 Yard Run,2nd & 11 at NE 47,02:16 2nd Shotgun,— J.Warren left end to NE 45 for 2 yards (C.Elliss; Q.Hutchins).
2026,WEEK 2,Sunday,September 20th,PIT,NE,2nd Quarter,4,Pittsburgh Steelers,0,8,0,Pass Incomplete,3rd & 9 at NE 45,02:00 2nd Shotgun,— A.Rodgers pass incomplete short left to R.Wilson.
2026,WEEK 2,Sunday,September 20th,PIT,NE,2nd Quarter,4,Pittsburgh Steelers,0,9,0,Punt,4th & 9 at NE 45,01:56 2nd,"— C.Johnston punts 45 yards to end zone, Center-C.Kuntz, Touchback."
2026,WEEK 2,Sunday,September 20th,PIT,NE,2nd Quarter,5,New England Patriots,0,1,0,-12 Yard Sack,1st & 10 at NE 20,01:48 2nd Shotgun,— D.Maye sacked at NE 8 for -12 yards (T.Watt).
2026,WEEK 2,Sunday,September 20th,PIT,NE,2nd Quarter,5,New England Patriots,0,2,0,Timeout,,01:40 2nd,— Timeout #2 by PIT at 01:40.
2026,WEEK 2,Sunday,September 20th,PIT,NE,2nd Quarter,5,New England Patriots,0,3,0,2 Yard Run,2nd & 22 at NE 8,01:40 2nd,— T.Henderson up the middle to NE 10 for 2 yards (C.Heyward; K.Benton).
2026,WEEK 2,Sunday,September 20th,PIT,NE,2nd Quarter,5,New England Patriots,0,4,0,Timeout,,01:35 2nd,— Timeout #3 by PIT at 01:35.
2026,WEEK 2,Sunday,September 20th,PIT,NE,2nd Quarter,5,New England Patriots,0,5,0,10 Yard Run,3rd & 20 at NE 10,01:35 2nd,— T.Henderson right tackle to NE 20 for 10 yards (R.Jenkins; J.Dean).
2026,WEEK 2,Sunday,September 20th,PIT,NE,2nd Quarter,5,New England Patriots,0,6,0,Punt,4th & 10 at NE 20,00:52 2nd,"— M.Wishnowsky punts 45 yards to PIT 35, Center-J.Ashby, downed by NE-N.Obiazor."
2026,WEEK 2,Sunday,September 20th,PIT,NE,2nd Quarter,6,Pittsburgh Steelers,1,1,0,Pass Incomplete,1st & 10 at PIT 35,00:40 2nd Shotgun,— A.Rodgers pass incomplete deep left to G.Bernard.
2026,WEEK 2,Sunday,September 20th,PIT,NE,2nd Quarter,6,Pittsburgh Steelers,1,2,0,9 Yard Pass,2nd & 10 at PIT 35,00:36 2nd Shotgun,"— A.Rodgers pass short middle to P.Freiermuth to PIT 44 for 9 yards (C.Elliss, K.Byard)."
2026,WEEK 2,Sunday,September 20th,PIT,NE,2nd Quarter,6,Pittsburgh Steelers,1,3,0,9 Yard Pass,3rd & 1 at PIT 44,"00:18 2nd No Huddle, Shotgun",— A.Rodgers pass short left to P.Freiermuth to NE 47 for 9 yards (C.Woodson). NE-M.Jones was injured during the play.
2026,WEEK 2,Sunday,September 20th,PIT,NE,2nd Quarter,6,Pittsburgh Steelers,1,4,0,Timeout,,00:12 2nd,— Timeout #1 by NE at 00:12.
2026,WEEK 2,Sunday,September 20th,PIT,NE,2nd Quarter,6,Pittsburgh Steelers,1,5,0,5 Yard Penalty,1st & 10 at NE 47,00:12 2nd Shotgun,"— PENALTY on NE, Delay of Game, 5 yards, enforced at NE 47 - No Play."
2026,WEEK 2,Sunday,September 20th,PIT,NE,2nd Quarter,6,Pittsburgh Steelers,1,6,0,Timeout,,00:12 2nd,— Timeout #2 by NE at 00:12.
2026,WEEK 2,Sunday,September 20th,PIT,NE,2nd Quarter,6,Pittsburgh Steelers,1,7,0,4 Yard Pass,1st & 5 at NE 42,00:12 2nd Shotgun,— A.Rodgers pass short right to R.Wilson pushed ob at NE 38 for 4 yards (C.Woods).
2026,WEEK 2,Sunday,September 20th,PIT,NE,2nd Quarter,6,Pittsburgh Steelers,1,8,0,Pass Incomplete,2nd & 1 at NE 38,00:08 2nd Shotgun,— A.Rodgers pass incomplete short right. ** Injury Update: NE-M.Jones has returned to the game.
2026,WEEK 2,Sunday,September 20th,PIT,NE,2nd Quarter,6,Pittsburgh Steelers,1,9,1,Field Goal,3rd & 1 at NE 38,00:05 2nd,"— C.Boswell 56 yard field goal is GOOD, Center-C.Kuntz, Holder-C.Johnston."
2026,WEEK 2,Sunday,September 20th,PIT,NE,3rd Quarter,1,New England Patriots,0,1,0,Kickoff from PIT 35,,Kickoff,— C.Boswell kicks 61 yards from PIT 35 to NE 4. K.Williams to NE 33 for 29 yards (R.Spears-Jennings).
2026,WEEK 2,Sunday,September 20th,PIT,NE,3rd Quarter,1,New England Patriots,0,2,0,7 Yard Pass,1st & 10 at NE 33,14:55 3rd Shotgun,— D.Maye pass short left to H.Henry to NE 40 for 7 yards (J.Brisker).
2026,WEEK 2,Sunday,September 20th,PIT,NE,3rd Quarter,1,New England Patriots,0,3,0,-2 Yard Run,2nd & 3 at NE 40,14:21 3rd,— T.Henderson right guard to NE 38 for -2 yards (A.Highsmith).
2026,WEEK 2,Sunday,September 20th,PIT,NE,3rd Quarter,1,New England Patriots,0,4,0,29 Yard Pass,3rd & 5 at NE 38,13:43 3rd Shotgun,— D.Maye pass deep right to R.Doubs to PIT 33 for 29 yards (A.Samuel).
2026,WEEK 2,Sunday,September 20th,PIT,NE,3rd Quarter,1,New England Patriots,0,5,0,Interception,1st & 10 at PIT 33,12:59 3rd,— D.Maye pass deep left intended for H.Henry INTERCEPTED by P.Queen at PIT 10. P.Queen to PIT 13 for 3 yards (H.Henry).
2026,WEEK 2,Sunday,September 20th,PIT,NE,3rd Quarter,2,Pittsburgh Steelers,0,1,0,5 Yard Run,1st & 10 at PIT 13,12:49 3rd,— R.Dowdle right end to PIT 18 for 5 yards (C.Elliss; R.Spillane). ** Injury Update: PIT-R.Dowdle has returned to the game.
2026,WEEK 2,Sunday,September 20th,PIT,NE,3rd Quarter,2,Pittsburgh Steelers,0,2,0,2 Yard Run,2nd & 5 at PIT 18,"12:20 3rd No Huddle, Shotgun",— R.Dowdle right guard to PIT 20 for 2 yards (C.Elliss; M.Williams).
2026,WEEK 2,Sunday,September 20th,PIT,NE,3rd Quarter,2,Pittsburgh Steelers,0,3,0,5 Yard Penalty,3rd & 3 at PIT 20,11:34 3rd Shotgun,"— A.Rodgers pass incomplete short right to B.Skowronek. PENALTY on NE-R.Spillane, Illegal Use of Hands, 5 yards, enforced at PIT 20 - No Play."
2026,WEEK 2,Sunday,September 20th,PIT,NE,3rd Quarter,2,Pittsburgh Steelers,0,4,0,8 Yard Run,1st & 10 at PIT 25,11:27 3rd Shotgun,— J.Warren left end to PIT 33 for 8 yards (C.Woodson).
2026,WEEK 2,Sunday,September 20th,PIT,NE,3rd Quarter,2,Pittsburgh Steelers,0,5,0,5 Yard Pass,2nd & 2 at PIT 33,10:40 3rd Shotgun,— A.Rodgers pass short left to R.Wilson to PIT 38 for 5 yards (C.Woods).
2026,WEEK 2,Sunday,September 20th,PIT,NE,3rd Quarter,2,Pittsburgh Steelers,0,6,0,Pass Incomplete,1st & 10 at PIT 38,10:02 3rd,— A.Rodgers pass incomplete short right to D.Metcalf (C.Gonzalez).
2026,WEEK 2,Sunday,September 20th,PIT,NE,3rd Quarter,2,Pittsburgh Steelers,0,7,0,4 Yard Run,2nd & 10 at PIT 38,09:54 3rd,— R.Dowdle up the middle to PIT 42 for 4 yards (C.Woodson; R.Spillane).
2026,WEEK 2,Sunday,September 20th,PIT,NE,3rd Quarter,2,Pittsburgh Steelers,0,8,0,Pass Incomplete,3rd & 6 at PIT 42,09:16 3rd Shotgun,— A.Rodgers pass incomplete deep middle to G.Bernard.
2026,WEEK 2,Sunday,September 20th,PIT,NE,3rd Quarter,2,Pittsburgh Steelers,0,9,0,Punt,4th & 6 at PIT 42,09:12 3rd,"— C.Johnston punts 43 yards to NE 15, Center-C.Kuntz, fair catch by M.Jones."
2026,WEEK 2,Sunday,September 20th,PIT,NE,3rd Quarter,3,New England Patriots,0,1,0,8 Yard Pass,1st & 10 at NE 15,09:05 3rd,— D.Maye pass short left to M.Hollins to NE 23 for 8 yards (J.Dean).
2026,WEEK 2,Sunday,September 20th,PIT,NE,3rd Quarter,3,New England Patriots,0,2,0,3 Yard Run,2nd & 2 at NE 23,08:38 3rd,— T.Henderson up the middle to NE 26 for 3 yards (D.Harmon).
2026,WEEK 2,Sunday,September 20th,PIT,NE,3rd Quarter,3,New England Patriots,0,3,0,4 Yard Pass,1st & 10 at NE 26,08:01 3rd Shotgun,— D.Maye pass short right to R.Gilliam to NE 30 for 4 yards (P.Queen; A.Samuel).
2026,WEEK 2,Sunday,September 20th,PIT,NE,3rd Quarter,3,New England Patriots,0,4,0,Pass Incomplete,2nd & 6 at NE 30,07:25 3rd,— D.Maye pass incomplete short left to R.Stevenson [A.Highsmith].
2026,WEEK 2,Sunday,September 20th,PIT,NE,3rd Quarter,3,New England Patriots,0,5,0,10 Yard Pass,3rd & 6 at NE 30,07:19 3rd Shotgun,— D.Maye pass short middle to K.Williams to NE 40 for 10 yards (R.Jenkins).
2026,WEEK 2,Sunday,September 20th,PIT,NE,3rd Quarter,3,New England Patriots,0,6,0,24 Yard Run,1st & 10 at NE 40,06:39 3rd,— R.Stevenson up the middle to PIT 36 for 24 yards (A.Samuel).
2026,WEEK 2,Sunday,September 20th,PIT,NE,3rd Quarter,3,New England Patriots,0,7,0,9 Yard Run,1st & 10 at PIT 36,05:57 3rd,— R.Stevenson left tackle to PIT 27 for 9 yards (J.Brisker; J.Ramsey).
2026,WEEK 2,Sunday,September 20th,PIT,NE,3rd Quarter,3,New England Patriots,0,8,0,0 Yard Run,2nd & 1 at PIT 27,05:17 3rd,— T.Henderson right guard to PIT 27 for no gain (P.Queen; K.Benton).
2026,WEEK 2,Sunday,September 20th,PIT,NE,3rd Quarter,3,New England Patriots,0,9,0,-2 Yard Pass,3rd & 1 at PIT 27,04:38 3rd,— D.Maye pass short left to E.Chism to PIT 29 for -2 yards (N.Herbig).
2026,WEEK 2,Sunday,September 20th,PIT,NE,3rd Quarter,3,New England Patriots,0,10,0,Field Goal No Good,4th & 3 at PIT 29,03:55 3rd,"— A.Borregales 47 yard field goal is No Good, Wide Right, Center-J.Ashby, Holder-M.Wishnowsky."
2026,WEEK 2,Sunday,September 20th,PIT,NE,3rd Quarter,4,Pittsburgh Steelers,0,1,0,5 Yard Run,1st & 10 at PIT 37,03:50 3rd Shotgun,— J.Warren up the middle to PIT 42 for 5 yards (Q.Hutchins; J.Reed).
2026,WEEK 2,Sunday,September 20th,PIT,NE,3rd Quarter,4,Pittsburgh Steelers,0,2,0,2 Yard Pass,2nd & 5 at PIT 42,03:11 3rd,— A.Rodgers pass short middle to B.Skowronek to PIT 44 for 2 yards (J.Reed) [R.Spillane].
2026,WEEK 2,Sunday,September 20th,PIT,NE,3rd Quarter,4,Pittsburgh Steelers,0,3,0,Pass Incomplete,3rd & 3 at PIT 44,02:27 3rd Shotgun,— A.Rodgers pass incomplete short left to D.Metcalf.
2026,WEEK 2,Sunday,September 20th,PIT,NE,3rd Quarter,4,Pittsburgh Steelers,0,4,0,Punt,4th & 3 at PIT 44,02:22 3rd,"— C.Johnston punts 48 yards to NE 8, Center-C.Kuntz, downed by PIT-R.Spears-Jennings."
2026,WEEK 2,Sunday,September 20th,PIT,NE,3rd Quarter,5,New England Patriots,1,1,0,63 Yard Pass,1st & 10 at NE 8,02:12 3rd Shotgun,— D.Maye pass deep right to R.Doubs pushed ob at PIT 29 for 63 yards (R.Jenkins).
2026,WEEK 2,Sunday,September 20th,PIT,NE,3rd Quarter,5,New England Patriots,1,2,0,-5 Yard Penalty,1st & 10 at PIT 29,01:55 3rd Shotgun,"— PENALTY on NE, Delay of Game, 5 yards, enforced at PIT 29 - No Play."
2026,WEEK 2,Sunday,September 20th,PIT,NE,3rd Quarter,5,New England Patriots,1,3,0,Pass Incomplete,1st & 15 at PIT 34,01:41 3rd Shotgun,— D.Maye pass incomplete short left to H.Henry (C.Heyward).
2026,WEEK 2,Sunday,September 20th,PIT,NE,3rd Quarter,5,New England Patriots,1,4,0,7 Yard Run,2nd & 15 at PIT 34,01:37 3rd Shotgun,— T.Henderson right tackle to PIT 27 for 7 yards (D.Harmon; P.Wilson).
2026,WEEK 2,Sunday,September 20th,PIT,NE,3rd Quarter,5,New England Patriots,1,5,0,Pass Incomplete,3rd & 8 at PIT 27,00:50 3rd Shotgun,— D.Maye pass incomplete short right.
2026,WEEK 2,Sunday,September 20th,PIT,NE,3rd Quarter,5,New England Patriots,1,6,1,Field Goal,4th & 8 at PIT 27,00:46 3rd,"— A.Borregales 45 yard field goal is GOOD, Center-J.Ashby, Holder-M.Wishnowsky."
2026,WEEK 2,Sunday,September 20th,PIT,NE,4th Quarter,1,New England Patriots,1,1,0,Kickoff from NE 35,,Kickoff,— A.Borregales kicks 57 yards from NE 35 to PIT 8. K.Wetjen to PIT 28 for 20 yards (R.Gilliam).
2026,WEEK 2,Sunday,September 20th,PIT,NE,4th Quarter,1,New England Patriots,1,2,0,13 Yard Pass,1st & 10 at PIT 28,00:39 3rd Shotgun,— A.Rodgers pass short middle to R.Dowdle to PIT 41 for 13 yards (M.Jones; C.Woods).
2026,WEEK 2,Sunday,September 20th,PIT,NE,4th Quarter,1,New England Patriots,1,3,0,-1 Yard Run,1st & 10 at PIT 41,15:00 4th,— J.Warren left tackle to PIT 40 for -1 yards (E.Ponder).
2026,WEEK 2,Sunday,September 20th,PIT,NE,4th Quarter,1,New England Patriots,1,4,0,-10 Yard Penalty,2nd & 11 at PIT 40,14:18 4th Shotgun,"— A.Rodgers pass deep middle to D.Metcalf to NE 45 for 15 yards (C.Elliss). PENALTY on PIT-S.Anderson, Offensive Holding, 10 yards, enforced at PIT 40 - No Play."
2026,WEEK 2,Sunday,September 20th,PIT,NE,4th Quarter,1,New England Patriots,1,5,1,Touchdown,2nd & 21 at PIT 30,13:46 4th Shotgun,"— A.Rodgers sacked at PIT 21 for -9 yards (C.Barmore). FUMBLES (C.Barmore) [C.Barmore], RECOVERED by NE-E.Ponder at PIT 19. E.Ponder for 19 yards, TOUCHDOWN."
2026,WEEK 2,Sunday,September 20th,PIT,NE,4th Quarter,2,Pittsburgh Steelers,0,1,0,Kickoff from NE 35,,Kickoff,— A.Borregales kicks 62 yards from NE 35 to PIT 3. K.Wetjen to PIT 27 for 24 yards (E.Chism).
2026,WEEK 2,Sunday,September 20th,PIT,NE,4th Quarter,2,Pittsburgh Steelers,0,2,0,Pass Incomplete,1st & 10 at PIT 27,13:31 4th Shotgun,— A.Rodgers pass incomplete deep right to D.Metcalf.
2026,WEEK 2,Sunday,September 20th,PIT,NE,4th Quarter,2,Pittsburgh Steelers,0,3,0,5 Yard Pass,2nd & 10 at PIT 27,13:27 4th Shotgun,— A.Rodgers pass short left to P.Freiermuth to PIT 32 for 5 yards (C.Elliss).
2026,WEEK 2,Sunday,September 20th,PIT,NE,4th Quarter,2,Pittsburgh Steelers,0,4,0,-11 Yard Sack,3rd & 5 at PIT 32,12:47 4th Shotgun,— A.Rodgers sacked at PIT 21 for -11 yards (J.Farmer).
2026,WEEK 2,Sunday,September 20th,PIT,NE,4th Quarter,2,Pittsburgh Steelers,0,5,0,Punt,4th & 16 at PIT 21,12:12 4th,"— C.Johnston punts 50 yards to NE 29, Center-C.Kuntz. M.Jones to NE 40 for 11 yards (R.Spears-Jennings)."
2026,WEEK 2,Sunday,September 20th,PIT,NE,4th Quarter,3,New England Patriots,0,1,0,-2 Yard Run,1st & 10 at NE 40,12:03 4th,"— T.Henderson left tackle to NE 38 for -2 yards (N.Herbig, D.Harmon)."
2026,WEEK 2,Sunday,September 20th,PIT,NE,4th Quarter,3,New England Patriots,0,2,0,13 Yard Run,2nd & 12 at NE 38,11:24 4th Shotgun,— D.Maye scrambles up the middle to PIT 49 for 13 yards (R.Jenkins).
2026,WEEK 2,Sunday,September 20th,PIT,NE,4th Quarter,3,New England Patriots,0,3,0,1 Yard Run,1st & 10 at PIT 49,10:44 4th,— T.Henderson right end to PIT 48 for 1 yard (A.Samuel; N.Herbig).
2026,WEEK 2,Sunday,September 20th,PIT,NE,4th Quarter,3,New England Patriots,0,4,0,Pass Incomplete,2nd & 9 at PIT 48,10:09 4th Shotgun,— D.Maye pass incomplete short left to K.Williams (A.Samuel) [A.Highsmith].
2026,WEEK 2,Sunday,September 20th,PIT,NE,4th Quarter,3,New England Patriots,0,5,0,Pass Incomplete,3rd & 9 at PIT 48,10:04 4th Shotgun,— D.Maye pass incomplete short right to R.Doubs.
2026,WEEK 2,Sunday,September 20th,PIT,NE,4th Quarter,3,New England Patriots,0,6,0,Punt,4th & 9 at PIT 48,10:00 4th,"— M.Wishnowsky punts 40 yards to PIT 8, Center-J.Ashby, fair catch by K.Wetjen."
2026,WEEK 2,Sunday,September 20th,PIT,NE,4th Quarter,4,Pittsburgh Steelers,0,1,0,9 Yard Pass,1st & 10 at PIT 8,09:53 4th Shotgun,— A.Rodgers pass short right to D.Metcalf to PIT 17 for 9 yards (C.Gonzalez).
2026,WEEK 2,Sunday,September 20th,PIT,NE,4th Quarter,4,Pittsburgh Steelers,0,2,0,10 Yard Run,2nd & 1 at PIT 17,"09:31 4th No Huddle, Shotgun",— J.Warren right end to PIT 27 for 10 yards (R.Spillane; K.Byard).
2026,WEEK 2,Sunday,September 20th,PIT,NE,4th Quarter,4,Pittsburgh Steelers,0,3,0,8 Yard Pass,1st & 10 at PIT 27,"09:03 4th No Huddle, Shotgun",— A.Rodgers pass short right to J.Warren to PIT 35 for 8 yards (C.Elliss).
2026,WEEK 2,Sunday,September 20th,PIT,NE,4th Quarter,4,Pittsburgh Steelers,0,4,0,5 Yard Pass,2nd & 2 at PIT 35,"08:38 4th No Huddle, Shotgun",— A.Rodgers pass short left to R.Wilson to PIT 40 for 5 yards (R.Spillane).
2026,WEEK 2,Sunday,September 20th,PIT,NE,4th Quarter,4,Pittsburgh Steelers,0,5,0,Pass Incomplete,1st & 10 at PIT 40,"08:06 4th No Huddle, Shotgun",— A.Rodgers pass incomplete short left to G.Bernard.
2026,WEEK 2,Sunday,September 20th,PIT,NE,4th Quarter,4,Pittsburgh Steelers,0,6,0,16 Yard Pass,2nd & 10 at PIT 40,08:03 4th Shotgun,— A.Rodgers pass short middle to D.Metcalf to NE 44 for 16 yards (K.Byard).
2026,WEEK 2,Sunday,September 20th,PIT,NE,4th Quarter,4,Pittsburgh Steelers,0,7,0,5 Yard Pass,1st & 10 at NE 44,"07:31 4th No Huddle, Shotgun",— A.Rodgers pass short left to R.Wilson to NE 39 for 5 yards (C.Woods).
2026,WEEK 2,Sunday,September 20th,PIT,NE,4th Quarter,4,Pittsburgh Steelers,0,8,0,9 Yard Pass,2nd & 5 at NE 39,"07:01 4th No Huddle, Shotgun",— A.Rodgers pass short right to R.Wilson ran ob at NE 30 for 9 yards (M.Jones).
2026,WEEK 2,Sunday,September 20th,PIT,NE,4th Quarter,4,Pittsburgh Steelers,0,9,0,26 Yard Pass,1st & 10 at NE 30,06:24 4th Shotgun,— A.Rodgers pass short middle to J.Warren to NE 4 for 26 yards (C.Woods).
2026,WEEK 2,Sunday,September 20th,PIT,NE,4th Quarter,4,Pittsburgh Steelers,0,10,0,Timeout,,05:46 4th,— Timeout #1 by NE at 05:46.
2026,WEEK 2,Sunday,September 20th,PIT,NE,4th Quarter,4,Pittsburgh Steelers,0,11,0,-13 Yard Sack,1st & 4 at NE 4,05:46 4th Shotgun,"— A.Rodgers sacked at NE 17 for -13 yards (E.Ponder). Penalty on PIT-T.Fautanu, Offensive Holding, declined."
2026,WEEK 2,Sunday,September 20th,PIT,NE,4th Quarter,4,Pittsburgh Steelers,0,12,0,Interception,2nd & 17 at NE 17,05:16 4th Shotgun,— A.Rodgers pass short right intended for G.Bernard INTERCEPTED by G.Jacas (C.Woods) at NE 21. G.Jacas to NE 32 for 11 yards (A.Rodgers).
2026,WEEK 2,Sunday,September 20th,PIT,NE,4th Quarter,5,New England Patriots,0,1,0,-1 Yard Run,1st & 10 at NE 32,05:09 4th,"— T.Henderson up the middle to NE 31 for -1 yards (N.Herbig, T.Watt)."
2026,WEEK 2,Sunday,September 20th,PIT,NE,4th Quarter,5,New England Patriots,0,2,0,1 Yard Run,2nd & 11 at NE 31,04:24 4th,— R.Stevenson left guard to NE 32 for 1 yard (J.Brisker; D.Harmon).
2026,WEEK 2,Sunday,September 20th,PIT,NE,4th Quarter,5,New England Patriots,0,3,0,5 Yard Run,3rd & 10 at NE 32,03:39 4th,— T.Henderson right tackle to NE 37 for 5 yards (J.Ramsey).
2026,WEEK 2,Sunday,September 20th,PIT,NE,4th Quarter,5,New England Patriots,0,4,0,Timeout,,03:33 4th,— Timeout #1 by PIT at 03:33.
2026,WEEK 2,Sunday,September 20th,PIT,NE,4th Quarter,5,New England Patriots,0,5,0,Punt,4th & 5 at NE 37,03:33 4th,"— M.Wishnowsky punts 46 yards to PIT 17, Center-J.Ashby. K.Wetjen to PIT 21 for 4 yards (K.Prunty)."
2026,WEEK 2,Sunday,September 20th,PIT,NE,4th Quarter,6,Pittsburgh Steelers,0,1,0,Pass Incomplete,1st & 10 at PIT 21,03:23 4th Shotgun,— M.Rudolph pass incomplete short right to D.Metcalf (C.Gonzalez).
2026,WEEK 2,Sunday,September 20th,PIT,NE,4th Quarter,6,Pittsburgh Steelers,0,2,0,5 Yard Run,2nd & 10 at PIT 21,03:19 4th Shotgun,— J.Warren up the middle to PIT 26 for 5 yards (C.Elliss).
2026,WEEK 2,Sunday,September 20th,PIT,NE,4th Quarter,6,Pittsburgh Steelers,0,3,0,3 Yard Run,3rd & 5 at PIT 26,"02:53 4th No Huddle, Shotgun",— M.Rudolph scrambles right tackle to PIT 29 for 3 yards (Q.Hutchins; J.Farmer).
2026,WEEK 2,Sunday,September 20th,PIT,NE,4th Quarter,6,Pittsburgh Steelers,0,4,0,Punt,4th & 2 at PIT 29,02:09 4th,"— C.Johnston punts 51 yards to NE 20, Center-C.Kuntz, fair catch by M.Jones."
2026,WEEK 2,Sunday,September 20th,PIT,NE,4th Quarter,7,New England Patriots,0,1,0,2 Yard Run,1st & 10 at NE 20,02:01 4th,— R.Stevenson up the middle to NE 22 for 2 yards (D.Harmon; K.Benton).
2026,WEEK 2,Sunday,September 20th,PIT,NE,4th Quarter,7,New England Patriots,0,2,0,-2 Yard Run,2nd & 8 at NE 22,01:57 4th,— C.Kiner right guard to NE 20 for -2 yards (P.Wilson).
2026,WEEK 2,Sunday,September 20th,PIT,NE,4th Quarter,7,New England Patriots,0,3,0,17 Yard Run,3rd & 10 at NE 20,01:13 4th,"— C.Kiner left tackle to NE 22 for 2 yards (J.Brisker; N.Herbig). PENALTY on PIT-P.Wilson, Face Mask, 15 yards, enforced at NE 22."
2026,WEEK 2,Sunday,September 20th,PIT,NE,4th Quarter,7,New England Patriots,0,4,0,-2 Yard Run,1st & 10 at NE 37,01:04 4th,— D.Maye kneels to NE 35 for -2 yards.
2026,WEEK 2,Sunday,September 20th,PIT,NE,4th Quarter,7,New England Patriots,0,5,0,-1 Yard Run,2nd & 12 at NE 35,00:36 4th,— D.Maye kneels to NE 34 for -1 yards.
2026,WEEK 2,Sunday,September 20th,GB,NYJ,1st Quarter,1,Green Bay Packers,0,1,0,Kickoff from NYJ 35,,Kickoff,— J.Sanders kicks 61 yards from NYJ 35 to GB 4. S.Moore to GB 29 for 25 yards (T.Reeder; B.McGregor).
2026,WEEK 2,Sunday,September 20th,GB,NYJ,1st Quarter,1,Green Bay Packers,0,2,0,-1 Yard Sack,1st & 10 at GB 29,14:52 1st Shotgun,— J.Love sacked at GB 28 for -1 yards (D.Bailey).
2026,WEEK 2,Sunday,September 20th,GB,NYJ,1st Quarter,1,Green Bay Packers,0,3,0,4 Yard Pass,2nd & 11 at GB 28,14:09 1st Shotgun,— J.Love pass short left to J.Reed to GB 32 for 4 yards (D.Davis). GB-J.Reed was injured during the play.
2026,WEEK 2,Sunday,September 20th,GB,NYJ,1st Quarter,1,Green Bay Packers,0,4,0,Pass Incomplete,3rd & 7 at GB 32,13:37 1st Shotgun,— J.Love pass incomplete short middle to M.Golden. GB-Z.Bako-Bewele was injured during the play.
2026,WEEK 2,Sunday,September 20th,GB,NYJ,1st Quarter,1,Green Bay Packers,0,5,0,Punt,4th & 7 at GB 32,13:34 1st,"— D.Whelan punts 60 yards to NYJ 8, Center-M.Orzech. I.Williams MUFFS catch, recovered by NYJ-Q.Stiggers at NYJ 2. Q.Stiggers to NYJ 5 for 3 yards (J.Sturdivant; T.Hopper)."
2026,WEEK 2,Sunday,September 20th,GB,NYJ,1st Quarter,2,New York Jets,0,1,0,1 Yard Run,1st & 10 at NYJ 5,13:20 1st Shotgun,— B.Hall up the middle to NYJ 6 for 1 yard (J.Bullard).
2026,WEEK 2,Sunday,September 20th,GB,NYJ,1st Quarter,2,New York Jets,0,2,0,5 Yard Pass,2nd & 9 at NYJ 6,12:46 1st Shotgun,— G.Smith pass short right to K.Sadiq to NYJ 11 for 5 yards (Z.Franklin).
2026,WEEK 2,Sunday,September 20th,GB,NYJ,1st Quarter,2,New York Jets,0,3,0,5 Yard Penalty,3rd & 4 at NYJ 11,12:05 1st Shotgun,"— PENALTY on GB-K.Brooks, Neutral Zone Infraction, 5 yards, enforced at NYJ 11 - No Play."
2026,WEEK 2,Sunday,September 20th,GB,NYJ,1st Quarter,2,New York Jets,0,4,0,4 Yard Run,1st & 10 at NYJ 16,11:47 1st,— B.Hall left tackle to NYJ 20 for 4 yards (B.Cisse).
2026,WEEK 2,Sunday,September 20th,GB,NYJ,1st Quarter,2,New York Jets,0,5,0,-10 Yard Penalty,2nd & 6 at NYJ 20,11:10 1st Shotgun,"— B.Hall left end pushed ob at NYJ 28 for 8 yards (X.McKinney). PENALTY on NYJ-I.Williams, Offensive Holding, 10 yards, enforced at NYJ 20 - No Play."
2026,WEEK 2,Sunday,September 20th,GB,NYJ,1st Quarter,2,New York Jets,0,6,0,7 Yard Pass,2nd & 16 at NYJ 10,10:48 1st Shotgun,— G.Smith pass short left to A.Mitchell to NYJ 17 for 7 yards (E.Cooper).
2026,WEEK 2,Sunday,September 20th,GB,NYJ,1st Quarter,2,New York Jets,0,7,0,Pass Incomplete,3rd & 9 at NYJ 17,10:04 1st Shotgun,"— G.Smith pass incomplete deep left to A.Mitchell (J.Bullard). PENALTY on GB-J.Bullard, Unsportsmanlike Conduct, 15 yards, enforced at NYJ 17."
2026,WEEK 2,Sunday,September 20th,GB,NYJ,1st Quarter,2,New York Jets,0,8,0,12 Yard Pass,1st & 10 at NYJ 32,09:57 1st,"— G.Smith pass short left to B.Hall pushed ob at NYJ 44 for 12 yards (E.Williams) [D.Dennis-Sutton]. Penalty on GB-A.Campbell, Defensive Offside, declined."
2026,WEEK 2,Sunday,September 20th,GB,NYJ,1st Quarter,2,New York Jets,0,9,0,5 Yard Run,1st & 10 at NYJ 44,09:28 1st,— B.Hall right guard to NYJ 49 for 5 yards (Z.Franklin).
2026,WEEK 2,Sunday,September 20th,GB,NYJ,1st Quarter,2,New York Jets,0,10,0,-2 Yard Run,2nd & 5 at NYJ 49,08:46 1st,"— B.Hall right guard to NYJ 47 for -2 yards (E.Williams, D.Dennis-Sutton)."
2026,WEEK 2,Sunday,September 20th,GB,NYJ,1st Quarter,2,New York Jets,0,11,0,Pass Incomplete,3rd & 7 at NYJ 47,07:58 1st Shotgun,— G.Smith pass incomplete deep left to G.Wilson.
2026,WEEK 2,Sunday,September 20th,GB,NYJ,1st Quarter,2,New York Jets,0,12,0,Punt,4th & 7 at NYJ 47,07:54 1st,"— A.McNamara punts 42 yards to GB 11, Center-T.Hennessy. S.Moore to GB 16 for 5 yards (A.Beck). PENALTY on GB-K.Hadden, Offensive Holding, 7 yards, enforced at GB 15."
2026,WEEK 2,Sunday,September 20th,GB,NYJ,1st Quarter,3,Green Bay Packers,0,1,0,-4 Yard Penalty,1st & 10 at GB 8,07:43 1st,"— M.Lloyd right end to GB 11 for 3 yards (D.Davis). PENALTY on GB-C.Watson, Offensive Holding, 4 yards, enforced at GB 8 - No Play."
2026,WEEK 2,Sunday,September 20th,GB,NYJ,1st Quarter,3,Green Bay Packers,0,2,0,0 Yard Pass,1st & 14 at GB 4,07:20 1st Shotgun,— J.Love pass short left to M.Lloyd to GB 4 for no gain (B.Stephens).
2026,WEEK 2,Sunday,September 20th,GB,NYJ,1st Quarter,3,Green Bay Packers,0,3,0,-1 Yard Pass,2nd & 14 at GB 4,06:40 1st Shotgun,— J.Love pass short right to S.Moore to GB 3 for -1 yards (A.Thomas).
2026,WEEK 2,Sunday,September 20th,GB,NYJ,1st Quarter,3,Green Bay Packers,0,4,0,Pass Incomplete,3rd & 15 at GB 3,05:58 1st Shotgun,— J.Love pass incomplete deep right to S.Moore.
2026,WEEK 2,Sunday,September 20th,GB,NYJ,1st Quarter,3,Green Bay Packers,0,5,0,Punt,4th & 15 at GB 3,05:52 1st,"— D.Whelan punts 60 yards to NYJ 37, Center-M.Orzech. I.Williams to NYJ 45 for 8 yards (L.Van Ness). PENALTY on NYJ-Q.Stiggers, Illegal Block Above the Waist, 10 yards, enforced at NYJ 39."
2026,WEEK 2,Sunday,September 20th,GB,NYJ,1st Quarter,4,New York Jets,0,1,0,7 Yard Pass,1st & 10 at NYJ 29,05:38 1st Shotgun,— G.Smith pass short middle to B.Hall to NYJ 36 for 7 yards (E.Williams).
2026,WEEK 2,Sunday,September 20th,GB,NYJ,1st Quarter,4,New York Jets,0,2,0,2 Yard Run,2nd & 3 at NYJ 36,04:58 1st,— B.Hall left tackle to NYJ 38 for 2 yards (B.Cisse).
2026,WEEK 2,Sunday,September 20th,GB,NYJ,1st Quarter,4,New York Jets,0,3,0,8 Yard Pass,3rd & 1 at NYJ 38,04:17 1st,— G.Smith pass short right to A.Mitchell to NYJ 46 for 8 yards (X.McKinney; Z.Franklin).
2026,WEEK 2,Sunday,September 20th,GB,NYJ,1st Quarter,4,New York Jets,0,4,0,Pass Incomplete,1st & 10 at NYJ 46,03:37 1st,— G.Smith pass incomplete short left to A.Mitchell (J.Bullard).
2026,WEEK 2,Sunday,September 20th,GB,NYJ,1st Quarter,4,New York Jets,0,5,0,Pass Incomplete,2nd & 10 at NYJ 46,03:32 1st Shotgun,— G.Smith pass incomplete short left to G.Wilson.
2026,WEEK 2,Sunday,September 20th,GB,NYJ,1st Quarter,4,New York Jets,0,6,0,Timeout,,03:28 1st,— Timeout #1 by NYJ at 03:28.
2026,WEEK 2,Sunday,September 20th,GB,NYJ,1st Quarter,4,New York Jets,0,7,0,1 Yard Run,3rd & 10 at NYJ 46,03:28 1st Shotgun,— G.Smith scrambles left end to NYJ 47 for 1 yard (L.Van Ness).
2026,WEEK 2,Sunday,September 20th,GB,NYJ,1st Quarter,4,New York Jets,0,8,0,Punt,4th & 9 at NYJ 47,02:43 1st,"— A.McNamara punts 53 yards to end zone, Center-T.Hennessy, Touchback. ** Injury Update: GB-T.Hopper has returned to the game."
2026,WEEK 2,Sunday,September 20th,GB,NYJ,1st Quarter,5,Green Bay Packers,0,1,0,4 Yard Run,1st & 10 at GB 20,02:35 1st,— K.Johnson left tackle to GB 24 for 4 yards (J.Sherwood; T.Sweat).
2026,WEEK 2,Sunday,September 20th,GB,NYJ,1st Quarter,5,Green Bay Packers,0,2,0,Pass Incomplete,2nd & 6 at GB 24,01:59 1st Shotgun,"— J.Love pass incomplete short left to C.Watson (J.Sherwood). Penalty on GB-J.Morgan, Illegal Formation, declined."
2026,WEEK 2,Sunday,September 20th,GB,NYJ,1st Quarter,5,Green Bay Packers,0,3,0,Timeout,,01:56 1st,— Timeout #2 by NYJ at 01:56.
2026,WEEK 2,Sunday,September 20th,GB,NYJ,1st Quarter,5,Green Bay Packers,0,4,0,Pass Incomplete,3rd & 6 at GB 24,01:56 1st Shotgun,— J.Love pass incomplete short right to C.Watson (A.Thomas).
2026,WEEK 2,Sunday,September 20th,GB,NYJ,1st Quarter,5,Green Bay Packers,0,5,0,Punt,4th & 6 at GB 24,01:51 1st,"— D.Whelan punts 58 yards to NYJ 18, Center-M.Orzech. I.Williams MUFFS catch, recovered by NYJ-Q.Stiggers at NYJ 18. PENALTY on NYJ-I.Williams, Invalid Fair Catch Signal, 5 yards, enforced at NYJ 18."
2026,WEEK 2,Sunday,September 20th,GB,NYJ,1st Quarter,6,New York Jets,0,1,0,-3 Yard Run,1st & 10 at NYJ 13,01:40 1st,"— B.Hall left tackle to NYJ 10 for -3 yards (L.Van Ness, D.Wyatt)."
2026,WEEK 2,Sunday,September 20th,GB,NYJ,1st Quarter,6,New York Jets,0,2,0,Pass Incomplete,2nd & 13 at NYJ 10,01:00 1st Shotgun,— G.Smith pass incomplete short left to A.Mitchell.
2026,WEEK 2,Sunday,September 20th,GB,NYJ,1st Quarter,6,New York Jets,0,3,0,-4 Yard Sack,3rd & 13 at NYJ 10,00:57 1st Shotgun,— G.Smith sacked at NYJ 6 for -4 yards (L.Van Ness).
2026,WEEK 2,Sunday,September 20th,GB,NYJ,1st Quarter,6,New York Jets,0,4,0,Punt,4th & 17 at NYJ 6,00:14 1st,"— A.McNamara punts 58 yards to GB 36, Center-T.Hennessy, downed by NYJ-A.Smith."
2026,WEEK 2,Sunday,September 20th,GB,NYJ,2nd Quarter,1,Green Bay Packers,1,1,0,12 Yard Run,1st & 10 at GB 36,00:02 1st,— K.Johnson left guard to GB 48 for 12 yards (A.Cisco).
2026,WEEK 2,Sunday,September 20th,GB,NYJ,2nd Quarter,1,Green Bay Packers,1,2,0,2 Yard Run,1st & 10 at GB 48,15:00 2nd,— K.Johnson up the middle to 50 for 2 yards (K.Enagbare).
2026,WEEK 2,Sunday,September 20th,GB,NYJ,2nd Quarter,1,Green Bay Packers,1,3,0,20 Yard Pass,2nd & 8 at 50,14:20 2nd Shotgun,— J.Love pass deep middle to C.Watson to NYJ 30 for 20 yards (D.Belton).
2026,WEEK 2,Sunday,September 20th,GB,NYJ,2nd Quarter,1,Green Bay Packers,1,4,0,5 Yard Run,1st & 10 at NYJ 30,13:41 2nd,— M.Lloyd up the middle to NYJ 25 for 5 yards (D.Bailey).
2026,WEEK 2,Sunday,September 20th,GB,NYJ,2nd Quarter,1,Green Bay Packers,1,5,0,7 Yard Run,2nd & 5 at NYJ 25,13:00 2nd,— K.Johnson left guard to NYJ 18 for 7 yards (D.Belton).
2026,WEEK 2,Sunday,September 20th,GB,NYJ,2nd Quarter,1,Green Bay Packers,1,6,0,-10 Yard Penalty,1st & 10 at NYJ 18,12:20 2nd,"— K.Johnson right end to NYJ 21 for -3 yards (A.Thomas). PENALTY on GB-J.Monk, Offensive Holding, 10 yards, enforced at NYJ 18 - No Play."
2026,WEEK 2,Sunday,September 20th,GB,NYJ,2nd Quarter,1,Green Bay Packers,1,7,0,13 Yard Pass,1st & 20 at NYJ 28,11:47 2nd Shotgun,— J.Love pass short left to C.Watson to NYJ 15 for 13 yards (B.Stephens).
2026,WEEK 2,Sunday,September 20th,GB,NYJ,2nd Quarter,1,Green Bay Packers,1,8,0,7 Yard Run,2nd & 7 at NYJ 15,11:06 2nd,— M.Lloyd up the middle to NYJ 8 for 7 yards (A.Cisco; J.Sherwood).
2026,WEEK 2,Sunday,September 20th,GB,NYJ,2nd Quarter,1,Green Bay Packers,1,9,0,2 Yard Run,1st & 8 at NYJ 8,10:24 2nd,— M.Lloyd right tackle to NYJ 6 for 2 yards (D.Belton).
2026,WEEK 2,Sunday,September 20th,GB,NYJ,2nd Quarter,1,Green Bay Packers,1,10,1,Touchdown,2nd & 6 at NYJ 6,09:40 2nd Shotgun,"— J.Love pass short right to M.Lloyd for 6 yards, TOUCHDOWN."
2026,WEEK 2,Sunday,September 20th,GB,NYJ,2nd Quarter,1,Green Bay Packers,1,11,1,Extra Point,,09:35 2nd,"— T.Smack extra point is GOOD, Center-M.Orzech, Holder-D.Whelan."
2026,WEEK 2,Sunday,September 20th,GB,NYJ,2nd Quarter,2,New York Jets,1,1,0,Kickoff from GB 35,,Kickoff,— T.Smack kicks 59 yards from GB 35 to NYJ 6. I.Williams to NYJ 30 for 24 yards (E.Williams; N.Niemann).
2026,WEEK 2,Sunday,September 20th,GB,NYJ,2nd Quarter,2,New York Jets,1,2,0,-1 Yard Run,1st & 10 at NYJ 30,09:29 2nd,"— B.Allen left end to NYJ 29 for -1 yards (E.Cooper, B.Cox)."
2026,WEEK 2,Sunday,September 20th,GB,NYJ,2nd Quarter,2,New York Jets,1,3,0,Pass Incomplete,2nd & 11 at NYJ 29,08:54 2nd Shotgun,— G.Smith pass incomplete short right to A.Mitchell.
2026,WEEK 2,Sunday,September 20th,GB,NYJ,2nd Quarter,2,New York Jets,1,4,0,16 Yard Pass,3rd & 11 at NYJ 29,08:50 2nd Shotgun,— G.Smith pass deep middle to G.Wilson to NYJ 45 for 16 yards (K.Nixon).
2026,WEEK 2,Sunday,September 20th,GB,NYJ,2nd Quarter,2,New York Jets,1,5,0,34 Yard Penalty,1st & 10 at NYJ 45,08:13 2nd,"— G.Smith pass incomplete deep right to A.Mitchell (K.Nixon). PENALTY on GB-K.Nixon, Defensive Pass Interference, 34 yards, enforced at NYJ 45 - No Play."
2026,WEEK 2,Sunday,September 20th,GB,NYJ,2nd Quarter,2,New York Jets,1,6,0,1 Yard Run,1st & 10 at GB 21,08:08 2nd Shotgun,— B.Allen left guard to GB 20 for 1 yard (J.Bullard).
2026,WEEK 2,Sunday,September 20th,GB,NYJ,2nd Quarter,2,New York Jets,1,7,0,0 Yard Pass,2nd & 9 at GB 20,07:25 2nd Shotgun,— G.Smith pass short left to J.Ruckert to GB 20 for no gain (L.Van Ness; Z.Franklin).
2026,WEEK 2,Sunday,September 20th,GB,NYJ,2nd Quarter,2,New York Jets,1,8,0,15 Yard Pass,3rd & 9 at GB 20,06:39 2nd Shotgun,— G.Smith pass short right to A.Mitchell to GB 5 for 15 yards (K.Nixon).
2026,WEEK 2,Sunday,September 20th,GB,NYJ,2nd Quarter,2,New York Jets,1,9,1,Touchdown,1st & 5 at GB 5,"06:08 2nd No Huddle, Shotgun","— B.Allen right end for 5 yards, TOUCHDOWN."
2026,WEEK 2,Sunday,September 20th,GB,NYJ,2nd Quarter,2,New York Jets,1,10,1,Extra Point,,06:04 2nd,"— J.Sanders extra point is GOOD, Center-T.Hennessy, Holder-A.McNamara."
2026,WEEK 2,Sunday,September 20th,GB,NYJ,2nd Quarter,3,Green Bay Packers,0,1,0,Kickoff from NYJ 35,,Kickoff,— J.Sanders kicks 62 yards from NYJ 35 to GB 3. S.Moore to GB 46 for 43 yards (J.Sanders; M.Moore).
2026,WEEK 2,Sunday,September 20th,GB,NYJ,2nd Quarter,3,Green Bay Packers,0,2,0,-4 Yard Run,1st & 10 at GB 46,05:58 2nd,"— K.Johnson up the middle to GB 43 for -3 yards (A.Cisco). FUMBLES (A.Cisco), touched at GB 42, recovered by GB-J.Love at GB 38."
2026,WEEK 2,Sunday,September 20th,GB,NYJ,2nd Quarter,3,Green Bay Packers,0,3,0,5 Yard Pass,2nd & 18 at GB 38,05:12 2nd Shotgun,"— J.Love pass short right to T.Kraft to GB 42 for 4 yards (J.Sherwood, D.Bailey). FUMBLES (D.Bailey), and recovers at GB 43. New York Jets challenged the loose ball recovery ruling, and the play was Upheld. The ruling on the field stands. (Timeout #3.)"
2026,WEEK 2,Sunday,September 20th,GB,NYJ,2nd Quarter,3,Green Bay Packers,0,4,0,Pass Incomplete,3rd & 13 at GB 43,04:14 2nd Shotgun,— J.Love pass incomplete short left to B.Melton.
2026,WEEK 2,Sunday,September 20th,GB,NYJ,2nd Quarter,3,Green Bay Packers,0,5,0,Punt,4th & 13 at GB 43,04:09 2nd,"— D.Whelan punts 57 yards to end zone, Center-M.Orzech, Touchback. PENALTY on NYJ-B.McGregor, Offensive Holding, 10 yards, enforced at NYJ 20."
2026,WEEK 2,Sunday,September 20th,GB,NYJ,2nd Quarter,4,New York Jets,0,1,0,-1 Yard Run,1st & 10 at NYJ 10,04:00 2nd Shotgun,"— B.Hall right end to NYJ 9 for -1 yards (E.Cooper, K.Nixon)."
2026,WEEK 2,Sunday,September 20th,GB,NYJ,2nd Quarter,4,New York Jets,0,2,0,Pass Incomplete,2nd & 11 at NYJ 9,03:23 2nd Shotgun,— G.Smith pass incomplete short right.
2026,WEEK 2,Sunday,September 20th,GB,NYJ,2nd Quarter,4,New York Jets,0,3,0,14 Yard Pass,3rd & 11 at NYJ 9,03:16 2nd Shotgun,— G.Smith pass short left to A.Mitchell ran ob at NYJ 23 for 14 yards.
2026,WEEK 2,Sunday,September 20th,GB,NYJ,2nd Quarter,4,New York Jets,0,4,0,5 Yard Pass,1st & 10 at NYJ 23,02:38 2nd,— G.Smith pass short right to J.Ruckert to NYJ 28 for 5 yards (K.Nixon).
2026,WEEK 2,Sunday,September 20th,GB,NYJ,2nd Quarter,4,New York Jets,0,5,0,3 Yard Run,2nd & 5 at NYJ 28,02:00 2nd Shotgun,— G.Smith scrambles up the middle to NYJ 31 for 3 yards (A.Campbell).
2026,WEEK 2,Sunday,September 20th,GB,NYJ,2nd Quarter,4,New York Jets,0,6,0,2 Yard Run,3rd & 2 at NYJ 31,01:18 2nd Shotgun,— B.Hall right tackle to NYJ 33 for 2 yards (E.Cooper).
2026,WEEK 2,Sunday,September 20th,GB,NYJ,2nd Quarter,4,New York Jets,0,7,0,-3 Yard Pass,1st & 10 at NYJ 33,"00:50 2nd No Huddle, Shotgun",— G.Smith pass short left to B.Hall to NYJ 30 for -3 yards (J.Bullard).
2026,WEEK 2,Sunday,September 20th,GB,NYJ,2nd Quarter,4,New York Jets,0,8,0,Timeout,,00:45 2nd,— Timeout #1 by GB at 00:45.
2026,WEEK 2,Sunday,September 20th,GB,NYJ,2nd Quarter,4,New York Jets,0,9,0,8 Yard Pass,2nd & 13 at NYJ 30,00:45 2nd Shotgun,— G.Smith pass short right to I.Williams to NYJ 38 for 8 yards (B.Cox).
2026,WEEK 2,Sunday,September 20th,GB,NYJ,2nd Quarter,4,New York Jets,0,10,0,Timeout,,00:24 2nd,— Timeout #2 by GB at 00:24.
2026,WEEK 2,Sunday,September 20th,GB,NYJ,2nd Quarter,4,New York Jets,0,11,0,8 Yard Pass,3rd & 5 at NYJ 38,00:24 2nd Shotgun,— G.Smith pass short left to A.Mitchell to NYJ 46 for 8 yards (E.Williams).
2026,WEEK 2,Sunday,September 20th,GB,NYJ,2nd Quarter,4,New York Jets,0,12,0,Pass Incomplete,1st & 10 at NYJ 46,00:12 2nd No Huddle,— G.Smith spiked the ball to stop the clock.
2026,WEEK 2,Sunday,September 20th,GB,NYJ,2nd Quarter,4,New York Jets,0,13,0,Pass Incomplete,2nd & 10 at NYJ 46,00:11 2nd Shotgun,— G.Smith pass incomplete deep left to A.Mitchell.
2026,WEEK 2,Sunday,September 20th,GB,NYJ,2nd Quarter,4,New York Jets,0,14,0,1 Yard Pass,3rd & 10 at NYJ 46,00:05 2nd Shotgun,— G.Smith pass short right to I.Williams to NYJ 47 for 1 yard (B.Sorrell).
2026,WEEK 2,Sunday,September 20th,GB,NYJ,3rd Quarter,1,New York Jets,0,1,0,Kickoff from GB 35,,Kickoff,— T.Smack kicks 57 yards from GB 35 to NYJ 8. I.Williams to NYJ 34 for 26 yards (B.Cisse).
2026,WEEK 2,Sunday,September 20th,GB,NYJ,3rd Quarter,1,New York Jets,0,2,0,17 Yard Pass,1st & 10 at NYJ 34,14:54 3rd Shotgun,— G.Smith pass deep right to G.Wilson to GB 49 for 17 yards (K.Nixon).
2026,WEEK 2,Sunday,September 20th,GB,NYJ,3rd Quarter,1,New York Jets,0,3,0,4 Yard Pass,1st & 10 at GB 49,14:07 3rd Shotgun,— G.Smith pass short right to I.Williams to GB 45 for 4 yards (E.Cooper).
2026,WEEK 2,Sunday,September 20th,GB,NYJ,3rd Quarter,1,New York Jets,0,4,0,-3 Yard Run,2nd & 6 at GB 45,13:25 3rd,"— B.Hall right guard to GB 48 for -3 yards (L.Van Ness, Z.Franklin)."
2026,WEEK 2,Sunday,September 20th,GB,NYJ,3rd Quarter,1,New York Jets,0,5,0,Pass Incomplete,3rd & 9 at GB 48,12:39 3rd Shotgun,— G.Smith pass incomplete short right [L.Van Ness].
2026,WEEK 2,Sunday,September 20th,GB,NYJ,3rd Quarter,1,New York Jets,0,6,0,Punt,4th & 9 at GB 48,12:34 3rd,"— A.McNamara punts 42 yards to GB 6, Center-T.Hennessy, downed by NYJ-Q.Stiggers. PENALTY on GB-D.Dennis-Sutton, Unnecessary Roughness, 3 yards, enforced at GB 6."
2026,WEEK 2,Sunday,September 20th,GB,NYJ,3rd Quarter,2,Green Bay Packers,0,1,0,3 Yard Run,1st & 10 at GB 3,12:25 3rd Shotgun,— M.Lloyd left guard to GB 6 for 3 yards (J.Sherwood).
2026,WEEK 2,Sunday,September 20th,GB,NYJ,3rd Quarter,2,Green Bay Packers,0,2,0,8 Yard Pass,2nd & 7 at GB 6,11:46 3rd Shotgun,— J.Love pass short left to M.Golden to GB 14 for 8 yards (D.Davis).
2026,WEEK 2,Sunday,September 20th,GB,NYJ,3rd Quarter,2,Green Bay Packers,0,3,0,23 Yard Penalty,1st & 10 at GB 14,11:10 3rd Shotgun,"— J.Love pass incomplete deep left to M.Golden. PENALTY on NYJ-B.Stephens, Defensive Pass Interference, 23 yards, enforced at GB 14 - No Play."
2026,WEEK 2,Sunday,September 20th,GB,NYJ,3rd Quarter,2,Green Bay Packers,0,4,0,-10 Yard Penalty,1st & 10 at GB 37,11:05 3rd,"— K.Johnson left end to GB 34 for -3 yards (D.Davis, D.Belton). PENALTY on GB-T.Kraft, Offensive Holding, 10 yards, enforced at GB 37 - No Play."
2026,WEEK 2,Sunday,September 20th,GB,NYJ,3rd Quarter,2,Green Bay Packers,0,5,0,-5 Yard Penalty,1st & 20 at GB 27,10:37 3rd Shotgun,"— PENALTY on GB-J.Morgan, False Start, 5 yards, enforced at GB 27 - No Play."
2026,WEEK 2,Sunday,September 20th,GB,NYJ,3rd Quarter,2,Green Bay Packers,0,6,0,-3 Yard Sack,1st & 25 at GB 22,10:14 3rd Shotgun,"— J.Love sacked at GB 18 for -4 yards (J.Briggs). FUMBLES (J.Briggs), touched at GB 19, recovered by GB-D.Jennings at GB 24."
2026,WEEK 2,Sunday,September 20th,GB,NYJ,3rd Quarter,2,Green Bay Packers,0,7,0,4 Yard Run,2nd & 23 at GB 24,09:18 3rd Shotgun,— C.Brooks right guard to GB 28 for 4 yards (D.Jackson).
2026,WEEK 2,Sunday,September 20th,GB,NYJ,3rd Quarter,2,Green Bay Packers,0,8,0,5 Yard Penalty,3rd & 19 at GB 28,"08:44 3rd No Huddle, Shotgun","— J.Love pass short left to T.Kraft to GB 37 for 9 yards (J.Sherwood; J.Brownlee) [D.Bailey]. PENALTY on NYJ-D.Bailey, Illegal Use of Hands, 5 yards, enforced at GB 28 - No Play."
2026,WEEK 2,Sunday,September 20th,GB,NYJ,3rd Quarter,2,Green Bay Packers,0,9,0,1 Yard Run,1st & 10 at GB 33,08:20 3rd,— M.Lloyd right guard to GB 34 for 1 yard (T.Sweat; J.Briggs).
2026,WEEK 2,Sunday,September 20th,GB,NYJ,3rd Quarter,2,Green Bay Packers,0,10,0,Pass Incomplete,2nd & 9 at GB 34,07:44 3rd,— J.Love pass incomplete deep left to C.Watson (A.Cisco).
2026,WEEK 2,Sunday,September 20th,GB,NYJ,3rd Quarter,2,Green Bay Packers,0,11,0,Pass Incomplete,3rd & 9 at GB 34,07:39 3rd Shotgun,— J.Love pass incomplete short right to C.Watson [A.Cisco].
2026,WEEK 2,Sunday,September 20th,GB,NYJ,3rd Quarter,2,Green Bay Packers,0,12,0,Punt,4th & 9 at GB 34,07:36 3rd,"— D.Whelan punts 36 yards to NYJ 30, Center-M.Orzech, out of bounds."
2026,WEEK 2,Sunday,September 20th,GB,NYJ,3rd Quarter,3,New York Jets,1,1,0,4 Yard Pass,1st & 10 at NYJ 30,07:30 3rd,— G.Smith pass short right to B.Hall ran ob at NYJ 34 for 4 yards (D.Dennis-Sutton).
2026,WEEK 2,Sunday,September 20th,GB,NYJ,3rd Quarter,3,New York Jets,1,2,0,2 Yard Run,2nd & 6 at NYJ 34,06:58 3rd Shotgun,— B.Hall left end to NYJ 36 for 2 yards (J.Bullard; E.Cooper).
2026,WEEK 2,Sunday,September 20th,GB,NYJ,3rd Quarter,3,New York Jets,1,3,0,6 Yard Run,3rd & 4 at NYJ 36,06:17 3rd Shotgun,— G.Smith scrambles right tackle to NYJ 42 for 6 yards (E.Williams).
2026,WEEK 2,Sunday,September 20th,GB,NYJ,3rd Quarter,3,New York Jets,1,4,0,Pass Incomplete,1st & 10 at NYJ 42,05:29 3rd,— G.Smith pass incomplete short right to K.Sadiq (E.Williams) [E.Williams].
2026,WEEK 2,Sunday,September 20th,GB,NYJ,3rd Quarter,3,New York Jets,1,5,0,14 Yard Run,2nd & 10 at NYJ 42,05:25 3rd,— B.Hall left end pushed ob at GB 44 for 14 yards (X.McKinney).
2026,WEEK 2,Sunday,September 20th,GB,NYJ,3rd Quarter,3,New York Jets,1,6,0,14 Yard Run,1st & 10 at GB 44,04:51 3rd,— I.Williams right end pushed ob at GB 30 for 14 yards (J.Bullard).
2026,WEEK 2,Sunday,September 20th,GB,NYJ,3rd Quarter,3,New York Jets,1,7,0,9 Yard Pass,1st & 10 at GB 30,04:15 3rd,— G.Smith pass short right to I.Williams to GB 21 for 9 yards (E.Williams).
2026,WEEK 2,Sunday,September 20th,GB,NYJ,3rd Quarter,3,New York Jets,1,8,0,2 Yard Run,2nd & 1 at GB 21,"03:47 3rd No Huddle, Shotgun",— B.Allen up the middle to GB 19 for 2 yards (D.Dennis-Sutton).
2026,WEEK 2,Sunday,September 20th,GB,NYJ,3rd Quarter,3,New York Jets,1,9,0,14 Yard Pass,1st & 10 at GB 19,03:05 3rd Shotgun,"— G.Smith pass short right to B.Allen to GB 11 for 8 yards (E.Williams). PENALTY on GB-L.Van Ness, Roughing the Passer, 6 yards, enforced at GB 11."
2026,WEEK 2,Sunday,September 20th,GB,NYJ,3rd Quarter,3,New York Jets,1,10,1,Touchdown,1st & 5 at GB 5,02:35 3rd Shotgun,"— G.Smith pass short right to G.Wilson for 5 yards, TOUCHDOWN [L.Van Ness]. PENALTY on NYJ-G.Smith, Unsportsmanlike Conduct, 15 yards, enforced between downs."
2026,WEEK 2,Sunday,September 20th,GB,NYJ,3rd Quarter,3,New York Jets,1,11,1,Extra Point,,02:30 3rd,"— J.Sanders extra point is GOOD, Center-T.Hennessy, Holder-A.McNamara."
2026,WEEK 2,Sunday,September 20th,GB,NYJ,3rd Quarter,4,Green Bay Packers,0,1,0,Kickoff from NYJ 35,,Kickoff,— J.Sanders kicks 63 yards from NYJ 35 to GB 2. S.Moore to GB 27 for 25 yards (B.McGregor).
2026,WEEK 2,Sunday,September 20th,GB,NYJ,3rd Quarter,4,Green Bay Packers,0,2,0,-3 Yard Run,1st & 10 at GB 27,02:25 3rd,"— K.Johnson up the middle to GB 24 for -3 yards (J.Sherwood, J.Brownlee)."
2026,WEEK 2,Sunday,September 20th,GB,NYJ,3rd Quarter,4,Green Bay Packers,0,3,0,10 Yard Pass,2nd & 13 at GB 24,01:46 3rd,— J.Love pass short middle to T.Kraft to GB 34 for 10 yards (D.Belton; B.McGregor).
2026,WEEK 2,Sunday,September 20th,GB,NYJ,3rd Quarter,4,Green Bay Packers,0,4,0,Pass Incomplete,3rd & 3 at GB 34,"01:02 3rd No Huddle, Shotgun",— J.Love pass incomplete short left to C.Watson.
2026,WEEK 2,Sunday,September 20th,GB,NYJ,3rd Quarter,4,Green Bay Packers,0,5,0,Punt,4th & 3 at GB 34,00:59 3rd,"— D.Whelan punts 47 yards to NYJ 19, Center-M.Orzech, downed by GB-K.Oladapo."
2026,WEEK 2,Sunday,September 20th,GB,NYJ,4th Quarter,1,New York Jets,0,1,0,3 Yard Run,1st & 10 at NYJ 19,00:47 3rd,— B.Hall up the middle to NYJ 22 for 3 yards (Z.Franklin; B.Sorrell).
2026,WEEK 2,Sunday,September 20th,GB,NYJ,4th Quarter,1,New York Jets,0,2,0,Pass Incomplete,2nd & 7 at NYJ 22,00:08 3rd Shotgun,— G.Smith pass incomplete short right.
2026,WEEK 2,Sunday,September 20th,GB,NYJ,4th Quarter,1,New York Jets,0,3,0,-5 Yard Penalty,3rd & 7 at NYJ 22,00:04 3rd Shotgun,"— PENALTY on NYJ-J.Tippmann, False Start, 5 yards, enforced at NYJ 22 - No Play."
2026,WEEK 2,Sunday,September 20th,GB,NYJ,4th Quarter,1,New York Jets,0,4,0,43 Yard Pass,3rd & 12 at NYJ 17,00:04 3rd Shotgun,— G.Smith pass short right to B.Hall to GB 40 for 43 yards (K.Nixon).
2026,WEEK 2,Sunday,September 20th,GB,NYJ,4th Quarter,1,New York Jets,0,5,0,7 Yard Run,1st & 10 at GB 40,15:00 4th,— G.Smith scrambles left guard to GB 33 for 7 yards (B.Sorrell).
2026,WEEK 2,Sunday,September 20th,GB,NYJ,4th Quarter,1,New York Jets,0,6,0,-14 Yard Run,2nd & 3 at GB 33,14:13 4th,"— G.Smith FUMBLES (Aborted) at GB 39, and recovers at GB 47."
2026,WEEK 2,Sunday,September 20th,GB,NYJ,4th Quarter,1,New York Jets,0,7,0,-10 Yard Sack,3rd & 17 at GB 47,13:26 4th Shotgun,— G.Smith sacked at NYJ 43 for -10 yards (E.Cooper).
2026,WEEK 2,Sunday,September 20th,GB,NYJ,4th Quarter,1,New York Jets,0,8,0,Punt,4th & 27 at NYJ 43,12:47 4th,"— A.McNamara punts 41 yards to GB 16, Center-T.Hennessy. S.Moore MUFFS catch, and recovers at GB 15. S.Moore to GB 28 for 13 yards (T.Reeder). PENALTY on GB-C.McClellan, Unnecessary Roughness, 14 yards, enforced at GB 28."
2026,WEEK 2,Sunday,September 20th,GB,NYJ,4th Quarter,2,Green Bay Packers,0,1,0,Fumble,1st & 10 at GB 14,12:35 4th,"— M.Lloyd left tackle to GB 16 for 2 yards (K.Enagbare; D.Davis). FUMBLES (K.Enagbare), touched at GB 17, RECOVERED by NYJ-H.Phillips at GB 18."
2026,WEEK 2,Sunday,September 20th,GB,NYJ,4th Quarter,3,New York Jets,1,1,0,1 Yard Run,1st & 10 at GB 18,12:27 4th Shotgun,— B.Hall left tackle to GB 17 for 1 yard (E.Williams; X.McKinney).
2026,WEEK 2,Sunday,September 20th,GB,NYJ,4th Quarter,3,New York Jets,1,2,0,Pass Incomplete,2nd & 9 at GB 17,"12:03 4th No Huddle, Shotgun","— G.Smith pass incomplete short left. Penalty on NYJ-J.Myers, Ineligible Downfield Pass, declined."
2026,WEEK 2,Sunday,September 20th,GB,NYJ,4th Quarter,3,New York Jets,1,3,0,8 Yard Pass,3rd & 9 at GB 17,11:59 4th Shotgun,— G.Smith pass short right to I.Williams to GB 9 for 8 yards (D.Dennis-Sutton; E.Cooper).
2026,WEEK 2,Sunday,September 20th,GB,NYJ,4th Quarter,3,New York Jets,1,4,0,-5 Yard Penalty,4th & 1 at GB 9,11:08 4th No Huddle,"— PENALTY on NYJ, Delay of Game, 5 yards, enforced at GB 9 - No Play."
2026,WEEK 2,Sunday,September 20th,GB,NYJ,4th Quarter,3,New York Jets,1,5,1,Field Goal,4th & 6 at GB 14,11:08 4th,"— J.Sanders 32 yard field goal is GOOD, Center-T.Hennessy, Holder-A.McNamara."
2026,WEEK 2,Sunday,September 20th,GB,NYJ,4th Quarter,4,Green Bay Packers,1,1,0,Kickoff from NYJ 35,,Kickoff,— J.Sanders kicks 61 yards from NYJ 35 to GB 4. S.Moore to GB 27 for 23 yards (I.Davis).
2026,WEEK 2,Sunday,September 20th,GB,NYJ,4th Quarter,4,Green Bay Packers,1,2,0,Pass Incomplete,1st & 10 at GB 27,10:58 4th Shotgun,— J.Love pass incomplete short right to C.Brooks.
2026,WEEK 2,Sunday,September 20th,GB,NYJ,4th Quarter,4,Green Bay Packers,1,3,0,7 Yard Pass,2nd & 10 at GB 27,"10:55 4th No Huddle, Shotgun",— J.Love pass short left to S.Moore pushed ob at GB 34 for 7 yards (B.Stephens).
2026,WEEK 2,Sunday,September 20th,GB,NYJ,4th Quarter,4,Green Bay Packers,1,4,0,18 Yard Pass,3rd & 3 at GB 34,"10:35 4th No Huddle, Shotgun",— J.Love pass short left to M.Golden to NYJ 48 for 18 yards (A.Thomas).
2026,WEEK 2,Sunday,September 20th,GB,NYJ,4th Quarter,4,Green Bay Packers,1,5,0,-10 Yard Penalty,1st & 10 at NYJ 48,"10:12 4th No Huddle, Shotgun","— J.Love scrambles right end pushed ob at NYJ 43 for 5 yards (J.Brownlee). PENALTY on GB-A.Belton, Offensive Holding, 10 yards, enforced at NYJ 48 - No Play."
2026,WEEK 2,Sunday,September 20th,GB,NYJ,4th Quarter,4,Green Bay Packers,1,6,0,-5 Yard Penalty,1st & 20 at GB 42,09:51 4th Shotgun,"— J.Love pass short right to T.Kraft to NYJ 49 for 9 yards (D.Davis). PENALTY on GB, Illegal Formation, 5 yards, enforced at GB 42 - No Play."
2026,WEEK 2,Sunday,September 20th,GB,NYJ,4th Quarter,4,Green Bay Packers,1,7,0,38 Yard Penalty,1st & 25 at GB 37,09:25 4th Shotgun,"— J.Love pass incomplete deep right to M.Golden. PENALTY on NYJ-A.Thomas, Defensive Pass Interference, 38 yards, enforced at GB 37 - No Play."
2026,WEEK 2,Sunday,September 20th,GB,NYJ,4th Quarter,4,Green Bay Packers,1,8,0,Pass Incomplete,1st & 10 at NYJ 25,09:19 4th Shotgun,— J.Love pass incomplete short middle to T.Kraft.
2026,WEEK 2,Sunday,September 20th,GB,NYJ,4th Quarter,4,Green Bay Packers,1,9,0,18 Yard Pass,2nd & 10 at NYJ 25,09:14 4th Shotgun,— J.Love pass short middle to M.Golden to NYJ 7 for 18 yards (D.Belton; B.Stephens).
2026,WEEK 2,Sunday,September 20th,GB,NYJ,4th Quarter,4,Green Bay Packers,1,10,0,Penalty,1st & 7 at NYJ 7,"08:47 4th No Huddle, Shotgun","— J.Love scrambles left tackle for 7 yards, TOUCHDOWN NULLIFIED by Penalty. Penalty on NYJ-J.Sherwood, Unnecessary Roughness, offsetting, enforced at NYJ 7 - No Play. Penalty on GB-A.Belton, Offensive Holding, offsetting."
2026,WEEK 2,Sunday,September 20th,GB,NYJ,4th Quarter,4,Green Bay Packers,1,11,0,4 Yard Run,1st & 7 at NYJ 7,08:41 4th Shotgun,— C.Brooks up the middle to NYJ 3 for 4 yards (J.Sherwood; D.Jackson).
2026,WEEK 2,Sunday,September 20th,GB,NYJ,4th Quarter,4,Green Bay Packers,1,12,1,Touchdown,2nd & 3 at NYJ 3,08:02 4th Shotgun,"— J.Love pass short middle to C.Watson for 3 yards, TOUCHDOWN."
2026,WEEK 2,Sunday,September 20th,GB,NYJ,4th Quarter,4,Green Bay Packers,1,13,1,Extra Point,,07:58 4th,"— T.Smack extra point is GOOD, Center-M.Orzech, Holder-D.Whelan."
2026,WEEK 2,Sunday,September 20th,GB,NYJ,4th Quarter,5,New York Jets,0,1,0,Kickoff from GB 35,,Kickoff,"— T.Smack kicks 63 yards from GB 35 to NYJ 2. I.Williams to NYJ 28 for 26 yards (T.Hopper; K.Hadden). PENALTY on NYJ-I.Davis, Offensive Holding, 10 yards, enforced at NYJ 23."
2026,WEEK 2,Sunday,September 20th,GB,NYJ,4th Quarter,5,New York Jets,0,2,0,11 Yard Pass,1st & 10 at NYJ 13,07:52 4th Shotgun,— G.Smith pass short left to A.Mitchell to NYJ 24 for 11 yards (B.Cisse).
2026,WEEK 2,Sunday,September 20th,GB,NYJ,4th Quarter,5,New York Jets,0,3,0,4 Yard Run,1st & 10 at NYJ 24,07:05 4th,— B.Hall left guard to NYJ 28 for 4 yards (B.Sorrell; Z.Franklin).
2026,WEEK 2,Sunday,September 20th,GB,NYJ,4th Quarter,5,New York Jets,0,4,0,-1 Yard Run,2nd & 6 at NYJ 28,06:18 4th,— B.Hall right end to NYJ 27 for -1 yards (J.Bullard).
2026,WEEK 2,Sunday,September 20th,GB,NYJ,4th Quarter,5,New York Jets,0,5,0,Timeout,,05:31 4th,— Timeout #1 by NYJ at 05:31.
2026,WEEK 2,Sunday,September 20th,GB,NYJ,4th Quarter,5,New York Jets,0,6,0,4 Yard Pass,3rd & 7 at NYJ 27,05:31 4th Shotgun,— G.Smith pass short left to I.Williams to NYJ 31 for 4 yards (X.McKinney).
2026,WEEK 2,Sunday,September 20th,GB,NYJ,4th Quarter,5,New York Jets,0,7,0,Punt,4th & 3 at NYJ 31,04:49 4th,"— A.McNamara punts 51 yards to GB 18, Center-T.Hennessy. S.Moore pushed ob at NYJ 19 for 63 yards (A.Smith)."
2026,WEEK 2,Sunday,September 20th,GB,NYJ,4th Quarter,6,Green Bay Packers,1,1,0,4 Yard Run,1st & 10 at NYJ 19,04:32 4th,— C.Brooks left guard to NYJ 15 for 4 yards (T.Sweat).
2026,WEEK 2,Sunday,September 20th,GB,NYJ,4th Quarter,6,Green Bay Packers,1,2,0,-1 Yard Run,2nd & 6 at NYJ 15,03:51 4th,"— C.Brooks left guard to NYJ 16 for -1 yards (D.Davis, J.Briggs)."
2026,WEEK 2,Sunday,September 20th,GB,NYJ,4th Quarter,6,Green Bay Packers,1,3,0,Pass Incomplete,3rd & 7 at NYJ 16,03:09 4th Shotgun,— J.Love pass incomplete short right to C.Watson.
2026,WEEK 2,Sunday,September 20th,GB,NYJ,4th Quarter,6,Green Bay Packers,1,4,1,Field Goal,4th & 7 at NYJ 16,03:03 4th,"— T.Smack 34 yard field goal is GOOD, Center-M.Orzech, Holder-D.Whelan."
2026,WEEK 2,Sunday,September 20th,GB,NYJ,4th Quarter,7,New York Jets,0,1,0,Kickoff from GB 35,,Kickoff,— T.Smack kicks 63 yards from GB 35 to NYJ 2. I.Williams to NYJ 30 for 28 yards (K.Hadden; K.Brooks).
2026,WEEK 2,Sunday,September 20th,GB,NYJ,4th Quarter,7,New York Jets,0,2,0,11 Yard Pass,1st & 10 at NYJ 30,02:54 4th Shotgun,"— G.Smith pass short right to G.Wilson to NYJ 41 for 11 yards (K.Nixon). Penalty on GB-K.Nixon, Defensive Pass Interference, declined."
2026,WEEK 2,Sunday,September 20th,GB,NYJ,4th Quarter,7,New York Jets,0,3,0,Pass Incomplete,1st & 10 at NYJ 41,02:48 4th Shotgun,— G.Smith pass incomplete deep right to A.Mitchell (E.Williams).
2026,WEEK 2,Sunday,September 20th,GB,NYJ,4th Quarter,7,New York Jets,0,4,0,8 Yard Pass,2nd & 10 at NYJ 41,02:40 4th Shotgun,— G.Smith pass short right to G.Wilson to NYJ 49 for 8 yards (L.Van Ness).
2026,WEEK 2,Sunday,September 20th,GB,NYJ,4th Quarter,7,New York Jets,0,5,0,1 Yard Run,3rd & 2 at NYJ 49,02:00 4th Shotgun,— B.Hall left guard to 50 for 1 yard (K.Brooks; L.Van Ness).
2026,WEEK 2,Sunday,September 20th,GB,NYJ,4th Quarter,7,New York Jets,0,6,0,Turnover on Downs,4th & 1 at 50,01:20 4th Shotgun,— B.Allen right guard to 50 for no gain (L.Van Ness).
2026,WEEK 2,Sunday,September 20th,GB,NYJ,4th Quarter,8,Green Bay Packers,0,1,0,Pass Incomplete,1st & 10 at 50,01:15 4th Shotgun,— J.Love pass incomplete short middle to C.Watson.
2026,WEEK 2,Sunday,September 20th,GB,NYJ,4th Quarter,8,Green Bay Packers,0,2,0,Timeout,,01:11 4th,— Timeout #1 by GB at 01:11.
2026,WEEK 2,Sunday,September 20th,GB,NYJ,4th Quarter,8,Green Bay Packers,0,3,0,Pass Incomplete,2nd & 10 at 50,01:11 4th Shotgun,— J.Love pass incomplete deep right to M.Golden.
2026,WEEK 2,Sunday,September 20th,GB,NYJ,4th Quarter,8,Green Bay Packers,0,4,0,5 Yard Pass,3rd & 10 at 50,01:05 4th Shotgun,— J.Love pass short right to C.Watson to NYJ 45 for 5 yards (D.Belton).
2026,WEEK 2,Sunday,September 20th,GB,NYJ,4th Quarter,8,Green Bay Packers,0,5,0,-5 Yard Penalty,4th & 5 at NYJ 45,00:21 4th Shotgun,"— PENALTY on GB, Delay of Game, 5 yards, enforced at NYJ 45 - No Play. 10-second runoff."
2026,WEEK 2,Sunday,September 20th,GB,NYJ,4th Quarter,8,Green Bay Packers,0,6,0,Timeout,,00:02 4th,— Timeout #2 by GB at 00:02.
2026,WEEK 2,Sunday,September 20th,GB,NYJ,4th Quarter,8,Green Bay Packers,0,7,0,Timeout,,00:02 4th,— Timeout #2 by NYJ at 00:02.
2026,WEEK 2,Sunday,September 20th,GB,NYJ,4th Quarter,8,Green Bay Packers,0,8,0,Turnover on Downs,4th & 10 at 50,00:02 4th Shotgun,— J.Love sacked at GB 45 for -5 yards (K.Enagbare).
2026,WEEK 2,Sunday,September 20th,GB,NYJ,Overtime,1,New York Jets,0,1,0,Kickoff from GB 35,,Kickoff,— T.Smack kicks 60 yards from GB 35 to NYJ 5. I.Williams to NYJ 30 for 25 yards (I.McDuffie; E.Williams).
2026,WEEK 2,Sunday,September 20th,GB,NYJ,Overtime,1,New York Jets,0,2,0,-6 Yard Sack,1st & 10 at NYJ 30,09:54 OT,— G.Smith sacked at NYJ 24 for -6 yards (sack split by B.Sorrell and B.Cisse).
2026,WEEK 2,Sunday,September 20th,GB,NYJ,Overtime,1,New York Jets,0,3,0,-9 Yard Sack,2nd & 16 at NYJ 24,09:12 OT Shotgun,— G.Smith sacked at NYJ 15 for -9 yards (sack split by L.Van Ness and D.Dennis-Sutton).
2026,WEEK 2,Sunday,September 20th,GB,NYJ,Overtime,1,New York Jets,0,4,0,-5 Yard Penalty,3rd & 25 at NYJ 15,08:23 OT Shotgun,"— PENALTY on NYJ-I.Williams, False Start, 5 yards, enforced at NYJ 15 - No Play."
2026,WEEK 2,Sunday,September 20th,GB,NYJ,Overtime,1,New York Jets,0,5,0,12 Yard Pass,3rd & 30 at NYJ 10,08:23 OT Shotgun,— G.Smith pass short left to K.Sadiq to NYJ 22 for 12 yards (D.Dennis-Sutton; J.Bullard).
2026,WEEK 2,Sunday,September 20th,GB,NYJ,Overtime,1,New York Jets,0,6,0,Punt,4th & 18 at NYJ 22,07:41 OT,"— J.Sherwood reported in as eligible. A.McNamara punts 56 yards to GB 22, Center-T.Hennessy. S.Moore to GB 34 for 12 yards (T.Hennessy; T.Reeder). NYJ-A.Smith was injured during the play."
2026,WEEK 2,Sunday,September 20th,GB,NYJ,Overtime,2,Green Bay Packers,1,1,0,11 Yard Run,1st & 10 at GB 34,07:29 OT,— K.Johnson left end pushed ob at GB 45 for 11 yards (A.Cisco).
2026,WEEK 2,Sunday,September 20th,GB,NYJ,Overtime,2,Green Bay Packers,1,2,0,3 Yard Run,1st & 10 at GB 45,06:55 OT,— K.Johnson left tackle to GB 48 for 3 yards (T.Sweat; J.Briggs).
2026,WEEK 2,Sunday,September 20th,GB,NYJ,Overtime,2,Green Bay Packers,1,3,0,30 Yard Pass,2nd & 7 at GB 48,06:17 OT Shotgun,"— J.Love pass short right to C.Brooks pushed ob at NYJ 37 for 15 yards (J.Brownlee). PENALTY on NYJ-J.Brownlee, Unnecessary Roughness, 15 yards, enforced at NYJ 37."
2026,WEEK 2,Sunday,September 20th,GB,NYJ,Overtime,2,Green Bay Packers,1,4,0,14 Yard Pass,1st & 10 at NYJ 22,05:54 OT,— J.Love pass short left to M.Golden pushed ob at NYJ 8 for 14 yards (A.Cisco).
2026,WEEK 2,Sunday,September 20th,GB,NYJ,Overtime,2,Green Bay Packers,1,5,0,Timeout,,05:26 OT,— Timeout #1 by GB at 05:26.
2026,WEEK 2,Sunday,September 20th,GB,NYJ,Overtime,2,Green Bay Packers,1,6,0,Timeout,,05:26 OT,— Timeout #1 by NYJ at 05:26.
2026,WEEK 2,Sunday,September 20th,GB,NYJ,Overtime,2,Green Bay Packers,1,7,1,Field Goal,1st & 8 at NYJ 8,05:26 OT,"— T.Smack 26 yard field goal is GOOD, Center-M.Orzech, Holder-D.Whelan."
2026,WEEK 2,Sunday,September 20th,CLE,TB,1st Quarter,1,Cleveland Browns,0,1,0,Kickoff from TB 35,,Kickoff,— C.McLaughlin kicks 60 yards from TB 35 to CLE 5. M.Corley to CLE 33 for 28 yards (K.Johnson).
2026,WEEK 2,Sunday,September 20th,CLE,TB,1st Quarter,1,Cleveland Browns,0,2,0,9 Yard Pass,1st & 10 at CLE 33,14:54 1st,— D.Watson pass short right to K.Concepcion to CLE 42 for 9 yards (B.Morrison).
2026,WEEK 2,Sunday,September 20th,CLE,TB,1st Quarter,1,Cleveland Browns,0,3,0,-6 Yard Run,2nd & 1 at CLE 42,14:18 1st No Huddle,— K.Concepcion left end to CLE 36 for -6 yards (Y.Diaby).
2026,WEEK 2,Sunday,September 20th,CLE,TB,1st Quarter,1,Cleveland Browns,0,4,0,2 Yard Run,3rd & 7 at CLE 36,13:36 1st Shotgun,"— Q.Judkins left guard to CLE 38 for 2 yards (J.Trotter; A.Winfield). Penalty on CLE-D.Jones, Illegal Formation, declined."
2026,WEEK 2,Sunday,September 20th,CLE,TB,1st Quarter,1,Cleveland Browns,0,5,0,Punt,4th & 5 at CLE 38,13:28 1st,"— C.Bojorquez punts 46 yards to TB 16, Center-R.Sunahara. T.Johnson to TB 21 for 5 yards (S.Williams). PENALTY on CLE-S.Williams, Face Mask, 15 yards, enforced at TB 21."
2026,WEEK 2,Sunday,September 20th,CLE,TB,1st Quarter,2,Tampa Bay Buccaneers,1,1,0,5 Yard Penalty,1st & 10 at TB 36,13:16 1st,"— PENALTY on CLE-M.Collins, Encroachment, 5 yards, enforced at TB 36 - No Play."
2026,WEEK 2,Sunday,September 20th,CLE,TB,1st Quarter,2,Tampa Bay Buccaneers,1,2,0,12 Yard Run,1st & 5 at TB 41,13:16 1st,— C.Godwin right end to CLE 47 for 12 yards (D.Ward).
2026,WEEK 2,Sunday,September 20th,CLE,TB,1st Quarter,2,Tampa Bay Buccaneers,1,3,0,Pass Incomplete,1st & 10 at CLE 47,"12:50 1st No Huddle, Shotgun",— B.Mayfield pass incomplete deep middle to T.Hurst.
2026,WEEK 2,Sunday,September 20th,CLE,TB,1st Quarter,2,Tampa Bay Buccaneers,1,4,0,-3 Yard Run,2nd & 10 at CLE 47,12:43 1st Shotgun,"— E.Egbuka left end pushed ob at 50 for -3 yards (T.Campbell, M.Harden)."
2026,WEEK 2,Sunday,September 20th,CLE,TB,1st Quarter,2,Tampa Bay Buccaneers,1,5,0,9 Yard Pass,3rd & 13 at 50,12:02 1st Shotgun,— B.Mayfield pass short right to C.Otton to CLE 41 for 9 yards (M.Harden; D.Ward).
2026,WEEK 2,Sunday,September 20th,CLE,TB,1st Quarter,2,Tampa Bay Buccaneers,1,6,1,Field Goal,4th & 4 at CLE 41,11:16 1st,"— C.McLaughlin 59 yard field goal is GOOD, Center-E.Deckers, Holder-R.Dixon."
2026,WEEK 2,Sunday,September 20th,CLE,TB,1st Quarter,3,Cleveland Browns,1,1,0,Kickoff from TB 35,,Kickoff,— C.McLaughlin kicks 51 yards from TB 35 to CLE 14. M.Corley to CLE 28 for 14 yards (K.Scott).
2026,WEEK 2,Sunday,September 20th,CLE,TB,1st Quarter,3,Cleveland Browns,1,2,0,9 Yard Run,1st & 10 at CLE 28,11:04 1st,— Q.Judkins left tackle to CLE 37 for 9 yards (A.Winfield).
2026,WEEK 2,Sunday,September 20th,CLE,TB,1st Quarter,3,Cleveland Browns,1,3,0,6 Yard Run,2nd & 1 at CLE 37,10:27 1st,— Q.Judkins right tackle to CLE 43 for 6 yards (A.Robinson).
2026,WEEK 2,Sunday,September 20th,CLE,TB,1st Quarter,3,Cleveland Browns,1,4,0,21 Yard Pass,1st & 10 at CLE 43,09:50 1st,— D.Watson pass short left to H.Fannin pushed ob at TB 36 for 21 yards (A.Anzalone; A.Winfield) [Y.Diaby].
2026,WEEK 2,Sunday,September 20th,CLE,TB,1st Quarter,3,Cleveland Browns,1,5,0,2 Yard Run,1st & 10 at TB 36,09:18 1st,— Q.Judkins left tackle to TB 34 for 2 yards (C.Kancey).
2026,WEEK 2,Sunday,September 20th,CLE,TB,1st Quarter,3,Cleveland Browns,1,6,0,0 Yard Pass,2nd & 8 at TB 34,08:45 1st Shotgun,— D.Watson pass short right to K.Concepcion to TB 34 for no gain (A.Nelson).
2026,WEEK 2,Sunday,September 20th,CLE,TB,1st Quarter,3,Cleveland Browns,1,7,0,7 Yard Pass,3rd & 8 at TB 34,08:06 1st Shotgun,— D.Watson pass short right to R.Sanders to TB 27 for 7 yards (J.Trotter; A.Anzalone).
2026,WEEK 2,Sunday,September 20th,CLE,TB,1st Quarter,3,Cleveland Browns,1,8,0,-5 Yard Penalty,4th & 1 at TB 27,07:29 1st Run formation,"— PENALTY on CLE-T.Howard, False Start, 5 yards, enforced at TB 27 - No Play."
2026,WEEK 2,Sunday,September 20th,CLE,TB,1st Quarter,3,Cleveland Browns,1,9,1,Field Goal,4th & 6 at TB 32,07:17 1st,"— A.Szmyt 50 yard field goal is GOOD, Center-R.Sunahara, Holder-C.Bojorquez."
2026,WEEK 2,Sunday,September 20th,CLE,TB,1st Quarter,4,Tampa Bay Buccaneers,1,1,0,Kickoff from CLE 35,,Kickoff,— A.Szmyt kicks 64 yards from CLE 35 to TB 1. K.Gainwell to TB 25 for 24 yards (E.McNeil-Warren).
2026,WEEK 2,Sunday,September 20th,CLE,TB,1st Quarter,4,Tampa Bay Buccaneers,1,2,0,4 Yard Run,1st & 10 at TB 25,07:07 1st,— B.Irving up the middle to TB 29 for 4 yards (C.Schwesinger; A.Huntington).
2026,WEEK 2,Sunday,September 20th,CLE,TB,1st Quarter,4,Tampa Bay Buccaneers,1,3,0,38 Yard Run,2nd & 6 at TB 29,06:27 1st Shotgun,— B.Irving left end to CLE 33 for 38 yards (C.Schwesinger).
2026,WEEK 2,Sunday,September 20th,CLE,TB,1st Quarter,4,Tampa Bay Buccaneers,1,4,0,3 Yard Pass,1st & 10 at CLE 33,05:37 1st Shotgun,— B.Mayfield pass short left to B.Irving to CLE 30 for 3 yards (G.Delpit).
2026,WEEK 2,Sunday,September 20th,CLE,TB,1st Quarter,4,Tampa Bay Buccaneers,1,5,0,3 Yard Run,2nd & 7 at CLE 30,04:50 1st,— B.Irving left guard to CLE 27 for 3 yards (T.Campbell).
2026,WEEK 2,Sunday,September 20th,CLE,TB,1st Quarter,4,Tampa Bay Buccaneers,1,6,0,Pass Incomplete,3rd & 4 at CLE 27,04:09 1st Shotgun,— B.Mayfield pass incomplete short middle to K.Gainwell.
2026,WEEK 2,Sunday,September 20th,CLE,TB,1st Quarter,4,Tampa Bay Buccaneers,1,7,1,Field Goal,4th & 4 at CLE 27,04:06 1st,"— C.McLaughlin 45 yard field goal is GOOD, Center-E.Deckers, Holder-R.Dixon."
2026,WEEK 2,Sunday,September 20th,CLE,TB,1st Quarter,5,Cleveland Browns,0,1,0,Kickoff from TB 35,,Kickoff,— C.McLaughlin kicks 58 yards from TB 35 to CLE 7. M.Corley to CLE 33 for 26 yards (K.Johnson).
2026,WEEK 2,Sunday,September 20th,CLE,TB,1st Quarter,5,Cleveland Browns,0,2,0,2 Yard Run,1st & 10 at CLE 33,03:56 1st,— Q.Judkins left end to CLE 35 for 2 yards (A.Robinson; V.Vea).
2026,WEEK 2,Sunday,September 20th,CLE,TB,1st Quarter,5,Cleveland Browns,0,3,0,-4 Yard Run,2nd & 8 at CLE 35,03:17 1st,— Q.Judkins left end to CLE 31 for -4 yards (T.Smith).
2026,WEEK 2,Sunday,September 20th,CLE,TB,1st Quarter,5,Cleveland Browns,0,4,0,Pass Incomplete,3rd & 12 at CLE 31,02:40 1st Shotgun,— D.Watson pass incomplete short middle to H.Fannin.
2026,WEEK 2,Sunday,September 20th,CLE,TB,1st Quarter,5,Cleveland Browns,0,5,0,Punt,4th & 12 at CLE 31,02:34 1st,"— C.Bojorquez punts 52 yards to TB 17, Center-R.Sunahara, out of bounds."
2026,WEEK 2,Sunday,September 20th,CLE,TB,1st Quarter,6,Tampa Bay Buccaneers,0,1,0,Sack,1st & 10 at TB 17,02:28 1st,— B.Mayfield sacked at TB 17 for 0 yards (G.Delpit).
2026,WEEK 2,Sunday,September 20th,CLE,TB,1st Quarter,6,Tampa Bay Buccaneers,0,2,0,Pass Incomplete,2nd & 10 at TB 17,01:53 1st Shotgun,— B.Mayfield pass incomplete deep right to C.Otton [M.Graham].
2026,WEEK 2,Sunday,September 20th,CLE,TB,1st Quarter,6,Tampa Bay Buccaneers,0,3,0,19 Yard Run,3rd & 10 at TB 17,01:48 1st Shotgun,"— B.Mayfield scrambles right end to TB 31 for 14 yards (M.Harden). PENALTY on CLE-D.Ward, Defensive Holding, 5 yards, enforced at TB 31."
2026,WEEK 2,Sunday,September 20th,CLE,TB,1st Quarter,6,Tampa Bay Buccaneers,0,4,0,Interception,1st & 10 at TB 36,01:19 1st,— B.Mayfield pass deep left intended for T.Hurst INTERCEPTED by M.Harden at CLE 47. M.Harden to TB 28 for 25 yards (T.Hurst).
2026,WEEK 2,Sunday,September 20th,CLE,TB,2nd Quarter,1,Cleveland Browns,1,1,0,16 Yard Pass,1st & 10 at TB 28,01:09 1st Shotgun,"— D.Watson pass short left to Q.Judkins pushed ob at TB 24 for 4 yards (B.Morrison). PENALTY on TB-A.Anzalone, Unnecessary Roughness, 12 yards, enforced at TB 24."
2026,WEEK 2,Sunday,September 20th,CLE,TB,2nd Quarter,1,Cleveland Browns,1,2,0,-9 Yard Run,1st & 10 at TB 12,00:57 1st,"— Q.Judkins left tackle to TB 6 for 6 yards (A.Anzalone; J.Trotter). PENALTY on CLE-A.Barber, Offensive Holding, 10 yards, enforced at TB 11."
2026,WEEK 2,Sunday,September 20th,CLE,TB,2nd Quarter,1,Cleveland Browns,1,3,0,Pass Incomplete,1st & 19 at TB 21,00:38 1st,— D.Watson pass incomplete short right to D.Boston.
2026,WEEK 2,Sunday,September 20th,CLE,TB,2nd Quarter,1,Cleveland Browns,1,4,0,8 Yard Pass,2nd & 19 at TB 21,00:34 1st Shotgun,— D.Watson pass short left to D.Boston to TB 13 for 8 yards (A.Anzalone; B.Morrison).
2026,WEEK 2,Sunday,September 20th,CLE,TB,2nd Quarter,1,Cleveland Browns,1,5,0,-8 Yard Sack,3rd & 11 at TB 13,15:00 2nd Shotgun,— D.Watson sacked at TB 21 for -8 yards (D.Walker).
2026,WEEK 2,Sunday,September 20th,CLE,TB,2nd Quarter,1,Cleveland Browns,1,6,1,Field Goal,4th & 14 at TB 16,14:02 2nd,"— A.Szmyt 34 yard field goal is GOOD, Center-R.Sunahara, Holder-C.Bojorquez."
2026,WEEK 2,Sunday,September 20th,CLE,TB,2nd Quarter,2,Tampa Bay Buccaneers,0,1,0,Kickoff from CLE 35,,Kickoff,— A.Szmyt kicks 60 yards from CLE 35 to TB 5. K.Gainwell pushed ob at TB 29 for 24 yards (E.McNeil-Warren).
2026,WEEK 2,Sunday,September 20th,CLE,TB,2nd Quarter,2,Tampa Bay Buccaneers,0,2,0,5 Yard Run,1st & 10 at TB 29,13:54 2nd,— B.Irving left guard to TB 34 for 5 yards (R.Hickman; T.Campbell).
2026,WEEK 2,Sunday,September 20th,CLE,TB,2nd Quarter,2,Tampa Bay Buccaneers,0,3,0,-3 Yard Pass,2nd & 5 at TB 34,13:30 2nd No Huddle,— B.Mayfield pass short left to B.Irving to TB 31 for -3 yards (Q.Williams).
2026,WEEK 2,Sunday,September 20th,CLE,TB,2nd Quarter,2,Tampa Bay Buccaneers,0,4,0,-10 Yard Penalty,3rd & 8 at TB 31,12:44 2nd Shotgun,"— B.Mayfield pass short middle to C.Godwin to TB 40 for 9 yards (C.Schwesinger; R.Hickman). PENALTY on TB-B.Bredeson, Offensive Holding, 10 yards, enforced at TB 31 - No Play."
2026,WEEK 2,Sunday,September 20th,CLE,TB,2nd Quarter,2,Tampa Bay Buccaneers,0,5,0,21 Yard Pass,3rd & 18 at TB 21,12:11 2nd Shotgun,— B.Mayfield pass deep left to T.Hurst to TB 42 for 21 yards (T.Campbell).
2026,WEEK 2,Sunday,September 20th,CLE,TB,2nd Quarter,2,Tampa Bay Buccaneers,0,6,0,4 Yard Run,1st & 10 at TB 42,11:25 2nd Shotgun,— B.Irving left guard to TB 46 for 4 yards (S.Williams; C.Schwesinger).
2026,WEEK 2,Sunday,September 20th,CLE,TB,2nd Quarter,2,Tampa Bay Buccaneers,0,7,0,-1 Yard Run,2nd & 6 at TB 46,10:51 2nd,"— B.Irving left end to TB 45 for -1 yards (D.Barnett, Q.Williams). Penalty on CLE-G.Delpit, Unnecessary Roughness, offsetting. Penalty on TB-T.Wirfs, Unnecessary Roughness, offsetting."
2026,WEEK 2,Sunday,September 20th,CLE,TB,2nd Quarter,2,Tampa Bay Buccaneers,0,8,0,Sack,3rd & 7 at TB 45,10:21 2nd Shotgun,— B.Mayfield sacked at TB 45 for 0 yards (R.Hickman).
2026,WEEK 2,Sunday,September 20th,CLE,TB,2nd Quarter,2,Tampa Bay Buccaneers,0,9,0,Punt,4th & 7 at TB 45,09:49 2nd,"— R.Dixon punts 55 yards to end zone, Center-E.Deckers, Touchback."
2026,WEEK 2,Sunday,September 20th,CLE,TB,2nd Quarter,3,Cleveland Browns,0,1,0,-10 Yard Penalty,1st & 10 at CLE 20,09:40 2nd,"— Q.Judkins right tackle to CLE 21 for 1 yard (R.Bain; J.Trotter). PENALTY on CLE-B.Whiteheart, Offensive Holding, 10 yards, enforced at CLE 20 - No Play."
2026,WEEK 2,Sunday,September 20th,CLE,TB,2nd Quarter,3,Cleveland Browns,0,2,0,2 Yard Run,1st & 20 at CLE 10,09:21 2nd Shotgun,— D.Watson up the middle to CLE 12 for 2 yards (A.Robinson; A.Anzalone).
2026,WEEK 2,Sunday,September 20th,CLE,TB,2nd Quarter,3,Cleveland Browns,0,3,0,-7 Yard Sack,2nd & 18 at CLE 12,08:41 2nd Shotgun,— D.Watson sacked at CLE 5 for -7 yards (A.Robinson).
2026,WEEK 2,Sunday,September 20th,CLE,TB,2nd Quarter,3,Cleveland Browns,0,4,0,3 Yard Run,3rd & 25 at CLE 5,08:02 2nd,— R.Sanders right guard to CLE 8 for 3 yards (A.Anzalone).
2026,WEEK 2,Sunday,September 20th,CLE,TB,2nd Quarter,3,Cleveland Browns,0,5,0,Punt,4th & 22 at CLE 8,07:19 2nd,"— C.Bojorquez punts 57 yards to TB 35, Center-R.Sunahara. T.Johnson to TB 44 for 9 yards (N.Watson)."
2026,WEEK 2,Sunday,September 20th,CLE,TB,2nd Quarter,4,Tampa Bay Buccaneers,0,1,0,2 Yard Pass,1st & 10 at TB 44,07:08 2nd Shotgun,— B.Mayfield pass short left to K.Gainwell pushed ob at TB 46 for 2 yards (M.Harden; Q.Williams).
2026,WEEK 2,Sunday,September 20th,CLE,TB,2nd Quarter,4,Tampa Bay Buccaneers,0,2,0,3 Yard Pass,2nd & 8 at TB 46,06:30 2nd Shotgun,"— B.Mayfield pass short right to C.Otton to TB 49 for 3 yards (D.Ward). FUMBLES (D.Ward), and recovers at TB 49. Cleveland challenged the pass completion ruling, and the play was Upheld. The ruling on the field stands. (Timeout #1.)"
2026,WEEK 2,Sunday,September 20th,CLE,TB,2nd Quarter,4,Tampa Bay Buccaneers,0,3,0,-10 Yard Penalty,3rd & 5 at TB 49,05:51 2nd Shotgun,"— B.Mayfield pass short right to B.Irving to CLE 39 for 12 yards (Q.Williams). PENALTY on TB-G.Barton, Offensive Holding, 10 yards, enforced at TB 49 - No Play."
2026,WEEK 2,Sunday,September 20th,CLE,TB,2nd Quarter,4,Tampa Bay Buccaneers,0,4,0,Timeout,,05:18 2nd,— Timeout #1 by TB at 05:18.
2026,WEEK 2,Sunday,September 20th,CLE,TB,2nd Quarter,4,Tampa Bay Buccaneers,0,5,0,-6 Yard Sack,3rd & 15 at TB 39,05:18 2nd Shotgun,— B.Mayfield sacked at TB 33 for -6 yards (M.Graham).
2026,WEEK 2,Sunday,September 20th,CLE,TB,2nd Quarter,4,Tampa Bay Buccaneers,0,6,0,Punt,4th & 21 at TB 33,04:48 2nd,"— R.Dixon punts 42 yards to CLE 25, Center-E.Deckers, fair catch by K.Concepcion."
2026,WEEK 2,Sunday,September 20th,CLE,TB,2nd Quarter,5,Cleveland Browns,0,1,0,3 Yard Run,1st & 10 at CLE 25,04:41 2nd,— D.Watson scrambles right end to CLE 28 for 3 yards (J.Trotter).
2026,WEEK 2,Sunday,September 20th,CLE,TB,2nd Quarter,5,Cleveland Browns,0,2,0,0 Yard Run,2nd & 7 at CLE 28,04:07 2nd,— Q.Judkins left tackle to CLE 28 for no gain (K.Scott).
2026,WEEK 2,Sunday,September 20th,CLE,TB,2nd Quarter,5,Cleveland Browns,0,3,0,6 Yard Pass,3rd & 7 at CLE 28,03:25 2nd Shotgun,— D.Watson pass short left to K.Concepcion to CLE 34 for 6 yards (Z.McCollum).
2026,WEEK 2,Sunday,September 20th,CLE,TB,2nd Quarter,5,Cleveland Browns,0,4,0,Turnover on Downs,4th & 1 at CLE 34,02:50 2nd,— Q.Judkins right guard to CLE 34 for no gain (E.Roberts).
2026,WEEK 2,Sunday,September 20th,CLE,TB,2nd Quarter,6,Tampa Bay Buccaneers,1,1,0,1 Yard Run,1st & 10 at CLE 34,02:45 2nd Shotgun,— B.Irving left tackle to CLE 33 for 1 yard (I.McGuire).
2026,WEEK 2,Sunday,September 20th,CLE,TB,2nd Quarter,6,Tampa Bay Buccaneers,1,2,0,7 Yard Pass,2nd & 9 at CLE 33,02:00 2nd Shotgun,— B.Mayfield pass short right to E.Egbuka ran ob at CLE 26 for 7 yards.
2026,WEEK 2,Sunday,September 20th,CLE,TB,2nd Quarter,6,Tampa Bay Buccaneers,1,3,0,4 Yard Run,3rd & 2 at CLE 26,"01:56 2nd No Huddle, Shotgun",— K.Gainwell right tackle to CLE 22 for 4 yards (G.Delpit).
2026,WEEK 2,Sunday,September 20th,CLE,TB,2nd Quarter,6,Tampa Bay Buccaneers,1,4,0,5 Yard Pass,1st & 10 at CLE 22,01:19 2nd,— B.Mayfield pass short left to K.Gainwell to CLE 17 for 5 yards (S.Williams).
2026,WEEK 2,Sunday,September 20th,CLE,TB,2nd Quarter,6,Tampa Bay Buccaneers,1,5,0,6 Yard Run,2nd & 5 at CLE 17,00:41 2nd,— K.Gainwell left end to CLE 11 for 6 yards (C.Schwesinger; R.Hickman).
2026,WEEK 2,Sunday,September 20th,CLE,TB,2nd Quarter,6,Tampa Bay Buccaneers,1,6,0,Timeout,,00:34 2nd,— Timeout #2 by TB at 00:34.
2026,WEEK 2,Sunday,September 20th,CLE,TB,2nd Quarter,6,Tampa Bay Buccaneers,1,7,0,-2 Yard Pass,1st & 10 at CLE 11,00:34 2nd Shotgun,— B.Mayfield pass short left to K.Gainwell to CLE 13 for -2 yards (J.Verse).
2026,WEEK 2,Sunday,September 20th,CLE,TB,2nd Quarter,6,Tampa Bay Buccaneers,1,8,0,Timeout,,00:25 2nd,— Timeout #3 by TB at 00:25.
2026,WEEK 2,Sunday,September 20th,CLE,TB,2nd Quarter,6,Tampa Bay Buccaneers,1,9,0,Pass Incomplete,2nd & 12 at CLE 13,00:25 2nd Shotgun,— B.Mayfield pass incomplete short right.
2026,WEEK 2,Sunday,September 20th,CLE,TB,2nd Quarter,6,Tampa Bay Buccaneers,1,10,0,Timeout,,00:19 2nd,— Timeout #2 by CLE at 00:19.
2026,WEEK 2,Sunday,September 20th,CLE,TB,2nd Quarter,6,Tampa Bay Buccaneers,1,11,0,Pass Incomplete,3rd & 12 at CLE 13,00:19 2nd Shotgun,— B.Mayfield pass incomplete short left to T.Johnson.
2026,WEEK 2,Sunday,September 20th,CLE,TB,2nd Quarter,6,Tampa Bay Buccaneers,1,12,1,Field Goal,4th & 12 at CLE 13,00:15 2nd,"— C.McLaughlin 31 yard field goal is GOOD, Center-E.Deckers, Holder-R.Dixon."
2026,WEEK 2,Sunday,September 20th,CLE,TB,2nd Quarter,7,Cleveland Browns,0,1,0,Kickoff from TB 35,,Kickoff,— C.McLaughlin kicks 64 yards from TB 35 to CLE 1. R.Sanders to CLE 25 for 24 yards (J.Trotter).
2026,WEEK 2,Sunday,September 20th,CLE,TB,2nd Quarter,7,Cleveland Browns,0,2,0,-1 Yard Run,1st & 10 at CLE 25,00:07 2nd,— D.Watson kneels to CLE 24 for -1 yards.
2026,WEEK 2,Sunday,September 20th,CLE,TB,3rd Quarter,1,Tampa Bay Buccaneers,1,1,0,Kickoff from CLE 35,,Kickoff,"— A.Szmyt kicks 65 yards from CLE 35 to end zone, Touchback to the TB 35."
2026,WEEK 2,Sunday,September 20th,CLE,TB,3rd Quarter,1,Tampa Bay Buccaneers,1,2,0,24 Yard Pass,1st & 10 at TB 35,15:00 3rd,— B.Mayfield pass deep right to C.Godwin pushed ob at CLE 41 for 24 yards (N.Igbinoghene).
2026,WEEK 2,Sunday,September 20th,CLE,TB,3rd Quarter,1,Tampa Bay Buccaneers,1,3,0,14 Yard Run,1st & 10 at CLE 41,14:25 3rd Shotgun,— B.Irving left end to CLE 27 for 14 yards (Q.Williams).
2026,WEEK 2,Sunday,September 20th,CLE,TB,3rd Quarter,1,Tampa Bay Buccaneers,1,4,0,0 Yard Run,1st & 10 at CLE 27,13:41 3rd,— B.Irving right guard to CLE 27 for no gain (M.Graham; M.Collins).
2026,WEEK 2,Sunday,September 20th,CLE,TB,3rd Quarter,1,Tampa Bay Buccaneers,1,5,0,9 Yard Pass,2nd & 10 at CLE 27,13:00 3rd Shotgun,— B.Mayfield pass short middle to C.Otton to CLE 18 for 9 yards (I.McGuire). ** Injury Update: CLE-T.Campbell has returned to the game.
2026,WEEK 2,Sunday,September 20th,CLE,TB,3rd Quarter,1,Tampa Bay Buccaneers,1,6,0,3 Yard Run,3rd & 1 at CLE 18,12:21 3rd,— B.Mayfield up the middle to CLE 15 for 3 yards (C.Schwesinger).
2026,WEEK 2,Sunday,September 20th,CLE,TB,3rd Quarter,1,Tampa Bay Buccaneers,1,7,0,4 Yard Run,1st & 10 at CLE 15,11:42 3rd,— B.Irving right end to CLE 11 for 4 yards (D.Ward).
2026,WEEK 2,Sunday,September 20th,CLE,TB,3rd Quarter,1,Tampa Bay Buccaneers,1,8,0,-3 Yard Pass,2nd & 6 at CLE 11,"11:04 3rd No Huddle, Shotgun",— B.Mayfield pass short left to B.Irving to CLE 14 for -3 yards (C.Schwesinger).
2026,WEEK 2,Sunday,September 20th,CLE,TB,3rd Quarter,1,Tampa Bay Buccaneers,1,9,0,9 Yard Run,3rd & 9 at CLE 14,10:20 3rd Shotgun,— B.Mayfield scrambles up the middle pushed ob at CLE 5 for 9 yards (G.Delpit).
2026,WEEK 2,Sunday,September 20th,CLE,TB,3rd Quarter,1,Tampa Bay Buccaneers,1,10,1,Touchdown,1st & 5 at CLE 5,09:39 3rd,"— B.Mayfield pass short left to E.Egbuka for 5 yards, TOUCHDOWN."
2026,WEEK 2,Sunday,September 20th,CLE,TB,3rd Quarter,1,Tampa Bay Buccaneers,1,11,1,Extra Point,,09:33 3rd,"— C.McLaughlin extra point is GOOD, Center-E.Deckers, Holder-R.Dixon."
2026,WEEK 2,Sunday,September 20th,CLE,TB,3rd Quarter,2,Cleveland Browns,1,1,0,Kickoff from TB 35,,Kickoff,— C.McLaughlin kicks 65 yards from TB 35 to CLE 0. R.Sanders to CLE 26 for 26 yards (K.Knowles; J.Trotter).
2026,WEEK 2,Sunday,September 20th,CLE,TB,3rd Quarter,2,Cleveland Browns,1,2,0,1 Yard Run,1st & 10 at CLE 26,09:28 3rd,— Q.Judkins up the middle to CLE 27 for 1 yard (J.Trotter; V.Vea).
2026,WEEK 2,Sunday,September 20th,CLE,TB,3rd Quarter,2,Cleveland Browns,1,3,0,6 Yard Pass,2nd & 9 at CLE 27,08:51 3rd Shotgun,— D.Watson pass short left to H.Fannin to CLE 33 for 6 yards (B.Morrison; Y.Diaby).
2026,WEEK 2,Sunday,September 20th,CLE,TB,3rd Quarter,2,Cleveland Browns,1,4,0,Timeout,,08:12 3rd,— Timeout #1 by CLE at 08:12.
2026,WEEK 2,Sunday,September 20th,CLE,TB,3rd Quarter,2,Cleveland Browns,1,5,0,8 Yard Run,3rd & 3 at CLE 33,08:12 3rd Shotgun,— D.Watson right end to CLE 41 for 8 yards (K.Scott).
2026,WEEK 2,Sunday,September 20th,CLE,TB,3rd Quarter,2,Cleveland Browns,1,6,0,15 Yard Pass,1st & 10 at CLE 41,07:32 3rd Shotgun,— D.Watson pass short right to D.Boston to TB 44 for 15 yards (Z.McCollum) [A.Winfield].
2026,WEEK 2,Sunday,September 20th,CLE,TB,3rd Quarter,2,Cleveland Browns,1,7,0,5 Yard Run,1st & 10 at TB 44,06:55 3rd,— Q.Judkins right guard to TB 39 for 5 yards (S.Dennis; J.Trotter).
2026,WEEK 2,Sunday,September 20th,CLE,TB,3rd Quarter,2,Cleveland Browns,1,8,0,9 Yard Pass,2nd & 5 at TB 39,06:15 3rd Shotgun,— D.Watson pass short left to K.Concepcion pushed ob at TB 30 for 9 yards (B.Morrison).
2026,WEEK 2,Sunday,September 20th,CLE,TB,3rd Quarter,2,Cleveland Browns,1,9,0,10 Yard Pass,1st & 10 at TB 30,05:41 3rd Shotgun,— D.Watson pass short left to I.Bond pushed ob at TB 20 for 10 yards (B.Morrison).
2026,WEEK 2,Sunday,September 20th,CLE,TB,3rd Quarter,2,Cleveland Browns,1,10,0,6 Yard Pass,1st & 10 at TB 20,05:10 3rd Shotgun,— D.Watson pass short middle to K.Concepcion to TB 14 for 6 yards (J.Trotter).
2026,WEEK 2,Sunday,September 20th,CLE,TB,3rd Quarter,2,Cleveland Browns,1,11,0,-2 Yard Pass,2nd & 4 at TB 14,04:36 3rd Shotgun,— D.Watson pass short left to K.Concepcion to TB 16 for -2 yards (T.Smith).
2026,WEEK 2,Sunday,September 20th,CLE,TB,3rd Quarter,2,Cleveland Browns,1,12,0,Pass Incomplete,3rd & 6 at TB 16,03:54 3rd Shotgun,— D.Watson pass incomplete deep left to D.Boston (B.Morrison).
2026,WEEK 2,Sunday,September 20th,CLE,TB,3rd Quarter,2,Cleveland Browns,1,13,1,Field Goal,4th & 6 at TB 16,03:48 3rd,"— A.Szmyt 34 yard field goal is GOOD, Center-R.Sunahara, Holder-C.Bojorquez."
2026,WEEK 2,Sunday,September 20th,CLE,TB,3rd Quarter,3,Tampa Bay Buccaneers,0,1,0,Kickoff from CLE 35,,Kickoff,— A.Szmyt kicks 66 yards from CLE 35 to TB -1. K.Gainwell to TB 29 for 30 yards (W.Reid).
2026,WEEK 2,Sunday,September 20th,CLE,TB,3rd Quarter,3,Tampa Bay Buccaneers,0,2,0,13 Yard Pass,1st & 10 at TB 29,03:39 3rd,"— B.Mayfield pass incomplete short right to C.Otton. Tampa Bay challenged the incomplete pass ruling, and the play was REVERSED. B.Mayfield pass short right to C.Otton to TB 42 for 13 yards (N.Igbinoghene)."
2026,WEEK 2,Sunday,September 20th,CLE,TB,3rd Quarter,3,Tampa Bay Buccaneers,0,3,0,-5 Yard Run,1st & 10 at TB 42,03:28 3rd Shotgun,— B.Irving up the middle to TB 37 for -5 yards (I.McGuire).
2026,WEEK 2,Sunday,September 20th,CLE,TB,3rd Quarter,3,Tampa Bay Buccaneers,0,4,0,Pass Incomplete,2nd & 15 at TB 37,02:49 3rd Shotgun,— B.Mayfield pass incomplete deep left to E.Egbuka.
2026,WEEK 2,Sunday,September 20th,CLE,TB,3rd Quarter,3,Tampa Bay Buccaneers,0,5,0,Pass Incomplete,3rd & 15 at TB 37,02:43 3rd Shotgun,— B.Mayfield pass incomplete deep right to T.Johnson.
2026,WEEK 2,Sunday,September 20th,CLE,TB,3rd Quarter,3,Tampa Bay Buccaneers,0,6,0,Punt,4th & 15 at TB 37,02:36 3rd,"— R.Dixon punts 46 yards to CLE 17, Center-E.Deckers, fair catch by K.Concepcion."
2026,WEEK 2,Sunday,September 20th,CLE,TB,3rd Quarter,4,Cleveland Browns,1,1,0,13 Yard Pass,1st & 10 at CLE 17,02:29 3rd,— D.Watson pass short left to H.Fannin to CLE 30 for 13 yards (A.Winfield).
2026,WEEK 2,Sunday,September 20th,CLE,TB,3rd Quarter,4,Cleveland Browns,1,2,0,Pass Incomplete,1st & 10 at CLE 30,01:43 3rd,— D.Watson pass incomplete short right to B.Whiteheart.
2026,WEEK 2,Sunday,September 20th,CLE,TB,3rd Quarter,4,Cleveland Browns,1,3,0,15 Yard Penalty,2nd & 10 at CLE 30,01:37 3rd Shotgun,"— D.Watson pass incomplete short left to J.McLaughlin. PENALTY on TB-Y.Diaby, Face Mask, 15 yards, enforced at CLE 30 - No Play."
2026,WEEK 2,Sunday,September 20th,CLE,TB,3rd Quarter,4,Cleveland Browns,1,4,1,Touchdown,1st & 10 at CLE 45,01:33 3rd Shotgun,"— D.Watson pass short middle to D.Boston for 55 yards, TOUCHDOWN."
2026,WEEK 2,Sunday,September 20th,CLE,TB,3rd Quarter,4,Cleveland Browns,1,5,1,Extra Point,,01:23 3rd,"— A.Szmyt extra point is GOOD, Center-R.Sunahara, Holder-C.Bojorquez."
2026,WEEK 2,Sunday,September 20th,CLE,TB,4th Quarter,1,Tampa Bay Buccaneers,0,1,0,Kickoff from CLE 35,,Kickoff,— A.Szmyt kicks 65 yards from CLE 35 to TB 0. K.Johnson to TB 29 for 29 yards (D.McMillon).
2026,WEEK 2,Sunday,September 20th,CLE,TB,4th Quarter,1,Tampa Bay Buccaneers,0,2,0,1 Yard Run,1st & 10 at TB 29,01:17 3rd Shotgun,— B.Irving left guard to TB 30 for 1 yard (Q.Williams).
2026,WEEK 2,Sunday,September 20th,CLE,TB,4th Quarter,1,Tampa Bay Buccaneers,0,3,0,1 Yard Run,2nd & 9 at TB 30,00:36 3rd Shotgun,— B.Irving left end to TB 31 for 1 yard (D.Barnett).
2026,WEEK 2,Sunday,September 20th,CLE,TB,4th Quarter,1,Tampa Bay Buccaneers,0,4,0,Pass Incomplete,3rd & 8 at TB 31,15:00 4th Shotgun,— B.Mayfield pass incomplete deep right to T.Hurst.
2026,WEEK 2,Sunday,September 20th,CLE,TB,4th Quarter,1,Tampa Bay Buccaneers,0,5,0,Punt,4th & 8 at TB 31,14:55 4th,"— R.Dixon punts 43 yards to CLE 26, Center-E.Deckers, out of bounds."
2026,WEEK 2,Sunday,September 20th,CLE,TB,4th Quarter,2,Cleveland Browns,0,1,0,13 Yard Pass,1st & 10 at CLE 26,14:48 4th Shotgun,— D.Watson pass short left to Q.Judkins pushed ob at CLE 39 for 13 yards (J.Trotter).
2026,WEEK 2,Sunday,September 20th,CLE,TB,4th Quarter,2,Cleveland Browns,0,2,0,-3 Yard Run,1st & 10 at CLE 39,14:20 4th,— Q.Judkins left guard to CLE 36 for -3 yards (T.Smith).
2026,WEEK 2,Sunday,September 20th,CLE,TB,4th Quarter,2,Cleveland Browns,0,3,0,Pass Incomplete,2nd & 13 at CLE 36,13:37 4th Shotgun,— D.Watson pass incomplete short left to J.Jeudy.
2026,WEEK 2,Sunday,September 20th,CLE,TB,4th Quarter,2,Cleveland Browns,0,4,0,5 Yard Run,3rd & 13 at CLE 36,13:33 4th Shotgun,— D.Watson scrambles right end pushed ob at CLE 41 for 5 yards (A.Anzalone).
2026,WEEK 2,Sunday,September 20th,CLE,TB,4th Quarter,2,Cleveland Browns,0,5,0,Punt,4th & 8 at CLE 41,12:57 4th,"— C.Bojorquez punts 43 yards to TB 16, Center-R.Sunahara, fair catch by T.Johnson."
2026,WEEK 2,Sunday,September 20th,CLE,TB,4th Quarter,3,Tampa Bay Buccaneers,1,1,0,Pass Incomplete,1st & 10 at TB 16,12:51 4th,— B.Mayfield pass incomplete deep right to T.Johnson.
2026,WEEK 2,Sunday,September 20th,CLE,TB,4th Quarter,3,Tampa Bay Buccaneers,1,2,0,14 Yard Pass,2nd & 10 at TB 16,12:44 4th Shotgun,— B.Mayfield pass short middle to C.Godwin to TB 30 for 14 yards (G.Delpit).
2026,WEEK 2,Sunday,September 20th,CLE,TB,4th Quarter,3,Tampa Bay Buccaneers,1,3,0,49 Yard Pass,1st & 10 at TB 30,12:00 4th,— B.Mayfield pass deep middle to T.Johnson to CLE 21 for 49 yards (T.Campbell).
2026,WEEK 2,Sunday,September 20th,CLE,TB,4th Quarter,3,Tampa Bay Buccaneers,1,4,0,4 Yard Pass,1st & 10 at CLE 21,"11:14 4th No Huddle, Shotgun",— B.Mayfield pass short right to E.Egbuka pushed ob at CLE 17 for 4 yards (D.Ward).
2026,WEEK 2,Sunday,September 20th,CLE,TB,4th Quarter,3,Tampa Bay Buccaneers,1,5,0,4 Yard Pass,2nd & 6 at CLE 17,"10:49 4th No Huddle, Shotgun",— B.Mayfield pass short right to B.Irving to CLE 13 for 4 yards (C.Schwesinger).
2026,WEEK 2,Sunday,September 20th,CLE,TB,4th Quarter,3,Tampa Bay Buccaneers,1,6,0,Pass Incomplete,3rd & 2 at CLE 13,10:08 4th Shotgun,— B.Mayfield pass incomplete short right to T.Hurst (M.Harden) [J.Verse]. CLE-T.Campbell was injured during the play.
2026,WEEK 2,Sunday,September 20th,CLE,TB,4th Quarter,3,Tampa Bay Buccaneers,1,7,1,Field Goal,4th & 2 at CLE 13,10:01 4th,"— C.McLaughlin 31 yard field goal is GOOD, Center-E.Deckers, Holder-R.Dixon."
2026,WEEK 2,Sunday,September 20th,CLE,TB,4th Quarter,4,Cleveland Browns,1,1,0,Kickoff from TB 35,,Kickoff,— C.McLaughlin kicks 58 yards from TB 35 to CLE 7. M.Corley to CLE 32 for 25 yards (K.Scott).
2026,WEEK 2,Sunday,September 20th,CLE,TB,4th Quarter,4,Cleveland Browns,1,2,0,3 Yard Pass,1st & 10 at CLE 32,09:52 4th Shotgun,— D.Watson pass short middle to Q.Judkins to CLE 35 for 3 yards (J.Trotter).
2026,WEEK 2,Sunday,September 20th,CLE,TB,4th Quarter,4,Cleveland Browns,1,3,0,3 Yard Run,2nd & 7 at CLE 35,09:16 4th Shotgun,— J.McLaughlin right tackle to CLE 38 for 3 yards (T.Smith).
2026,WEEK 2,Sunday,September 20th,CLE,TB,4th Quarter,4,Cleveland Browns,1,4,0,6 Yard Run,3rd & 4 at CLE 38,"08:40 4th No Huddle, Shotgun",— D.Watson scrambles up the middle to CLE 44 for 6 yards (J.Trotter).
2026,WEEK 2,Sunday,September 20th,CLE,TB,4th Quarter,4,Cleveland Browns,1,5,0,Penalty,1st & 10 at CLE 44,08:18 4th No Huddle,"— J.McLaughlin left tackle to CLE 46 for 2 yards (R.Nunez-Roches). Penalty on CLE-Z.Johnson, Offensive Holding, offsetting, enforced at CLE 44 - No Play. Penalty on TB, Defensive Too Many Men on Field, offsetting. Penalty on TB-Y.Diaby, Defensive Offside, offsetting."
2026,WEEK 2,Sunday,September 20th,CLE,TB,4th Quarter,4,Cleveland Browns,1,6,0,5 Yard Pass,1st & 10 at CLE 44,08:03 4th,— D.Watson pass short left to Q.Judkins to CLE 49 for 5 yards (A.Anzalone; R.Nunez-Roches).
2026,WEEK 2,Sunday,September 20th,CLE,TB,4th Quarter,4,Cleveland Browns,1,7,0,2 Yard Pass,2nd & 5 at CLE 49,07:24 4th Shotgun,— D.Watson pass short left to Q.Judkins ran ob at TB 49 for 2 yards.
2026,WEEK 2,Sunday,September 20th,CLE,TB,4th Quarter,4,Cleveland Browns,1,8,0,9 Yard Pass,3rd & 3 at TB 49,06:48 4th Shotgun,— D.Watson pass short right to D.Boston ran ob at TB 40 for 9 yards (Z.McCollum).
2026,WEEK 2,Sunday,September 20th,CLE,TB,4th Quarter,4,Cleveland Browns,1,9,0,8 Yard Pass,1st & 10 at TB 40,06:22 4th Shotgun,— D.Watson pass short left to H.Fannin to TB 32 for 8 yards (K.Scott).
2026,WEEK 2,Sunday,September 20th,CLE,TB,4th Quarter,4,Cleveland Browns,1,10,0,1 Yard Run,2nd & 2 at TB 32,05:36 4th Shotgun,— R.Sanders up the middle to TB 31 for 1 yard (Y.Diaby; T.Smith).
2026,WEEK 2,Sunday,September 20th,CLE,TB,4th Quarter,4,Cleveland Browns,1,11,0,Timeout,,04:53 4th,— Timeout #2 by CLE at 04:53.
2026,WEEK 2,Sunday,September 20th,CLE,TB,4th Quarter,4,Cleveland Browns,1,12,0,6 Yard Pass,3rd & 1 at TB 31,04:53 4th,— D.Watson pass short middle to H.Fannin to TB 25 for 6 yards (J.Trotter; A.Robinson).
2026,WEEK 2,Sunday,September 20th,CLE,TB,4th Quarter,4,Cleveland Browns,1,13,0,Pass Incomplete,1st & 10 at TB 25,04:07 4th Shotgun,— D.Watson pass incomplete short middle to J.McLaughlin (Y.Diaby).
2026,WEEK 2,Sunday,September 20th,CLE,TB,4th Quarter,4,Cleveland Browns,1,14,0,8 Yard Pass,2nd & 10 at TB 25,04:03 4th Shotgun,— D.Watson pass short left to D.Boston pushed ob at TB 17 for 8 yards (B.Morrison).
2026,WEEK 2,Sunday,September 20th,CLE,TB,4th Quarter,4,Cleveland Browns,1,15,1,Touchdown,3rd & 2 at TB 17,03:57 4th,"— D.Watson pass short left to B.Whiteheart for 17 yards, TOUCHDOWN."
2026,WEEK 2,Sunday,September 20th,CLE,TB,4th Quarter,4,Cleveland Browns,1,16,1,Extra Point,,03:51 4th,"— A.Szmyt extra point is GOOD, Center-R.Sunahara, Holder-C.Bojorquez."
2026,WEEK 2,Sunday,September 20th,CLE,TB,4th Quarter,5,Tampa Bay Buccaneers,0,1,0,Kickoff from CLE 35,,Kickoff,— A.Szmyt kicks 64 yards from CLE 35 to TB 1. K.Johnson pushed ob at TB 49 for 48 yards (E.McNeil-Warren).
2026,WEEK 2,Sunday,September 20th,CLE,TB,4th Quarter,5,Tampa Bay Buccaneers,0,2,0,4 Yard Pass,1st & 10 at TB 49,03:44 4th,— B.Mayfield pass short right to C.Otton to CLE 47 for 4 yards (Q.Williams). CLE-R.Hickman was injured during the play.
2026,WEEK 2,Sunday,September 20th,CLE,TB,4th Quarter,5,Tampa Bay Buccaneers,0,3,0,5 Yard Run,2nd & 6 at CLE 47,03:18 4th,— B.Irving right guard to CLE 42 for 5 yards (C.Schwesinger; I.McGuire).
2026,WEEK 2,Sunday,September 20th,CLE,TB,4th Quarter,5,Tampa Bay Buccaneers,0,4,0,8 Yard Pass,3rd & 1 at CLE 42,02:37 4th,— B.Mayfield pass short left to C.Godwin pushed ob at CLE 34 for 8 yards (M.Harden).
2026,WEEK 2,Sunday,September 20th,CLE,TB,4th Quarter,5,Tampa Bay Buccaneers,0,5,0,6 Yard Run,1st & 10 at CLE 34,02:33 4th,— B.Irving up the middle to CLE 28 for 6 yards (M.Graham; C.Schwesinger).
2026,WEEK 2,Sunday,September 20th,CLE,TB,4th Quarter,5,Tampa Bay Buccaneers,0,6,0,3 Yard Run,2nd & 4 at CLE 28,02:00 4th,— B.Irving up the middle to CLE 25 for 3 yards (M.Collins). ** Injury Update: CLE-R.Hickman has returned to the game.
2026,WEEK 2,Sunday,September 20th,CLE,TB,4th Quarter,5,Tampa Bay Buccaneers,0,7,0,6 Yard Run,3rd & 1 at CLE 25,01:23 4th,— B.Irving left tackle to CLE 19 for 6 yards (M.Blackmon).
2026,WEEK 2,Sunday,September 20th,CLE,TB,4th Quarter,5,Tampa Bay Buccaneers,0,8,0,6 Yard Pass,1st & 10 at CLE 19,00:51 4th Shotgun,— B.Mayfield pass short left to T.Hurst to CLE 13 for 6 yards (M.Blackmon).
2026,WEEK 2,Sunday,September 20th,CLE,TB,4th Quarter,5,Tampa Bay Buccaneers,0,9,0,Timeout,,00:45 4th,— Timeout #1 by TB at 00:45.
2026,WEEK 2,Sunday,September 20th,CLE,TB,4th Quarter,5,Tampa Bay Buccaneers,0,10,0,-10 Yard Penalty,2nd & 4 at CLE 13,00:45 4th Shotgun,"— B.Mayfield pass incomplete short right to T.Hurst. PENALTY on TB-G.Barton, Offensive Holding, 10 yards, enforced at CLE 13 - No Play."
2026,WEEK 2,Sunday,September 20th,CLE,TB,4th Quarter,5,Tampa Bay Buccaneers,0,11,0,Pass Incomplete,2nd & 14 at CLE 23,00:38 4th Shotgun,— B.Mayfield pass incomplete deep left to T.Hurst (M.Blackmon).
2026,WEEK 2,Sunday,September 20th,CLE,TB,4th Quarter,5,Tampa Bay Buccaneers,0,12,0,3 Yard Run,3rd & 14 at CLE 23,00:33 4th Shotgun,— B.Mayfield scrambles right end to CLE 20 for 3 yards (C.Schwesinger).
2026,WEEK 2,Sunday,September 20th,CLE,TB,4th Quarter,5,Tampa Bay Buccaneers,0,13,0,Timeout,,00:22 4th,— Timeout #2 by TB at 00:22.
2026,WEEK 2,Sunday,September 20th,CLE,TB,4th Quarter,5,Tampa Bay Buccaneers,0,14,0,Timeout,,00:22 4th,— Timeout #3 by CLE at 00:22.
2026,WEEK 2,Sunday,September 20th,CLE,TB,4th Quarter,5,Tampa Bay Buccaneers,0,15,0,Pass Incomplete,4th & 11 at CLE 20,00:22 4th Shotgun,— B.Mayfield pass incomplete deep middle to E.Egbuka.
2026,WEEK 2,Sunday,September 20th,CLE,TB,4th Quarter,6,Cleveland Browns,0,1,0,-1 Yard Run,1st & 10 at CLE 20,00:18 4th,— D.Watson kneels to CLE 19 for -1 yards.
2026,WEEK 2,Sunday,September 20th,PHI,TEN,1st Quarter,1,Tennessee Titans,0,1,0,Kickoff from PHI 35,,Kickoff,— J.Elliott kicks 57 yards from PHI 35 to TEN 8. C.Dike to TEN 31 for 23 yards (J.Trotter).
2026,WEEK 2,Sunday,September 20th,PHI,TEN,1st Quarter,1,Tennessee Titans,0,2,0,-2 Yard Run,1st & 10 at TEN 31,14:55 1st,— T.Pollard left tackle to TEN 29 for -2 yards (J.Hunt).
2026,WEEK 2,Sunday,September 20th,PHI,TEN,1st Quarter,1,Tennessee Titans,0,3,0,1 Yard Pass,2nd & 12 at TEN 29,14:20 1st Shotgun,— C.Ward pass short left to T.Pollard pushed ob at TEN 30 for 1 yard (J.Campbell).
2026,WEEK 2,Sunday,September 20th,PHI,TEN,1st Quarter,1,Tennessee Titans,0,4,0,Pass Incomplete,3rd & 11 at TEN 30,13:51 1st Shotgun,— C.Ward pass incomplete short middle to C.Tate.
2026,WEEK 2,Sunday,September 20th,PHI,TEN,1st Quarter,1,Tennessee Titans,0,5,0,Punt,4th & 11 at TEN 30,13:48 1st,"— T.Townsend punts 65 yards to PHI 5, Center-M.Cox. B.Covey to PHI 28 for 23 yards (T.Burgess)."
2026,WEEK 2,Sunday,September 20th,PHI,TEN,1st Quarter,2,Philadelphia Eagles,0,1,0,0 Yard Run,1st & 10 at PHI 28,13:35 1st,— S.Barkley left guard to PHI 28 for no gain (J.Simmons). PHI-S.Barkley was injured during the play.
2026,WEEK 2,Sunday,September 20th,PHI,TEN,1st Quarter,2,Philadelphia Eagles,0,2,0,-2 Yard Pass,2nd & 10 at PHI 28,12:57 1st Shotgun,"— J.Hurts pass short right to T.Bigsby to PHI 26 for -2 yards (C.Gray, M.Robinson)."
2026,WEEK 2,Sunday,September 20th,PHI,TEN,1st Quarter,2,Philadelphia Eagles,0,3,0,27 Yard Pass,3rd & 12 at PHI 26,12:17 1st Shotgun,— J.Hurts pass deep middle to D.Wicks to TEN 47 for 27 yards (M.Robinson; A.Hooker).
2026,WEEK 2,Sunday,September 20th,PHI,TEN,1st Quarter,2,Philadelphia Eagles,0,4,0,Pass Incomplete,1st & 10 at TEN 47,11:47 1st No Huddle,— J.Hurts pass incomplete short middle to D.Goedert.
2026,WEEK 2,Sunday,September 20th,PHI,TEN,1st Quarter,2,Philadelphia Eagles,0,5,0,4 Yard Run,2nd & 10 at TEN 47,11:42 1st Shotgun,— T.Bigsby left tackle to TEN 43 for 4 yards (J.Elliott; K.Faulk).
2026,WEEK 2,Sunday,September 20th,PHI,TEN,1st Quarter,2,Philadelphia Eagles,0,6,0,5 Yard Run,3rd & 6 at TEN 43,11:01 1st Shotgun,— W.Shipley left tackle to TEN 38 for 5 yards (J.Simmons; A.Hill).
2026,WEEK 2,Sunday,September 20th,PHI,TEN,1st Quarter,2,Philadelphia Eagles,0,7,0,5 Yard Penalty,4th & 1 at TEN 38,10:28 1st,"— J.Hurts up the middle to TEN 37 for 1 yard (A.Hill). PENALTY on TEN-J.Martin, Defensive Offside, 5 yards, enforced at TEN 38 - No Play."
2026,WEEK 2,Sunday,September 20th,PHI,TEN,1st Quarter,2,Philadelphia Eagles,0,8,0,1 Yard Run,1st & 10 at TEN 33,10:05 1st Shotgun,— T.Bigsby up the middle to TEN 32 for 1 yard (J.Simmons; J.Johnson).
2026,WEEK 2,Sunday,September 20th,PHI,TEN,1st Quarter,2,Philadelphia Eagles,0,9,0,4 Yard Pass,2nd & 9 at TEN 32,09:27 1st Shotgun,— J.Hurts pass short left to D.Goedert to TEN 28 for 4 yards (C.Barton).
2026,WEEK 2,Sunday,September 20th,PHI,TEN,1st Quarter,2,Philadelphia Eagles,0,10,0,8 Yard Pass,3rd & 5 at TEN 28,08:44 1st Shotgun,— J.Hurts pass short left to D.Smith to TEN 20 for 8 yards (A.Taylor).
2026,WEEK 2,Sunday,September 20th,PHI,TEN,1st Quarter,2,Philadelphia Eagles,0,11,0,5 Yard Run,1st & 10 at TEN 20,"08:21 1st No Huddle, Shotgun",— W.Shipley up the middle to TEN 15 for 5 yards (K.Winston).
2026,WEEK 2,Sunday,September 20th,PHI,TEN,1st Quarter,2,Philadelphia Eagles,0,12,0,1 Yard Run,2nd & 5 at TEN 15,"07:58 1st No Huddle, Shotgun",— W.Shipley right guard to TEN 14 for 1 yard (A.Hill).
2026,WEEK 2,Sunday,September 20th,PHI,TEN,1st Quarter,2,Philadelphia Eagles,0,13,0,7 Yard Pass,3rd & 4 at TEN 14,07:24 1st Shotgun,— J.Hurts pass short left to D.Wicks to TEN 7 for 7 yards (C.Barton; A.Hill).
2026,WEEK 2,Sunday,September 20th,PHI,TEN,1st Quarter,2,Philadelphia Eagles,0,14,0,-1 Yard Run,1st & 7 at TEN 7,"07:00 1st No Huddle, Shotgun",— J.Hurts left end to TEN 8 for -1 yards (A.Taylor).
2026,WEEK 2,Sunday,September 20th,PHI,TEN,1st Quarter,2,Philadelphia Eagles,0,15,0,Pass Incomplete,2nd & 8 at TEN 8,06:15 1st Shotgun,— J.Hurts pass incomplete short middle.
2026,WEEK 2,Sunday,September 20th,PHI,TEN,1st Quarter,2,Philadelphia Eagles,0,16,0,Interception,3rd & 8 at TEN 8,06:11 1st Shotgun,— J.Hurts pass short right intended for D.Smith INTERCEPTED by A.Hooker at TEN -2. A.Hooker to PHI 10 for 92 yards (M.Lemon).
2026,WEEK 2,Sunday,September 20th,PHI,TEN,1st Quarter,3,Tennessee Titans,1,1,0,5 Yard Run,1st & 10 at PHI 10,05:56 1st,— T.Pollard right guard to PHI 5 for 5 yards (J.Campbell).
2026,WEEK 2,Sunday,September 20th,PHI,TEN,1st Quarter,3,Tennessee Titans,1,2,0,Pass Incomplete,2nd & 5 at PHI 5,05:15 1st,— C.Ward pass incomplete short middle to E.Ayomanor.
2026,WEEK 2,Sunday,September 20th,PHI,TEN,1st Quarter,3,Tennessee Titans,1,3,0,4 Yard Run,3rd & 5 at PHI 5,05:11 1st Shotgun,— C.Ward scrambles right end pushed ob at PHI 1 for 4 yards (Z.Baun; N.Smith).
2026,WEEK 2,Sunday,September 20th,PHI,TEN,1st Quarter,3,Tennessee Titans,1,4,1,Touchdown,4th & 1 at PHI 1,04:28 1st,"— C.Ward up the middle for 1 yard, TOUCHDOWN."
2026,WEEK 2,Sunday,September 20th,PHI,TEN,1st Quarter,3,Tennessee Titans,1,5,1,Extra Point,,04:22 1st,"— J.Slye extra point is GOOD, Center-M.Cox, Holder-T.Townsend."
2026,WEEK 2,Sunday,September 20th,PHI,TEN,2nd Quarter,1,Philadelphia Eagles,1,1,0,Kickoff from TEN 35,,Kickoff,"— J.Slye kicks 65 yards from TEN 35 to end zone, Touchback to the PHI 35."
2026,WEEK 2,Sunday,September 20th,PHI,TEN,2nd Quarter,1,Philadelphia Eagles,1,2,0,7 Yard Pass,1st & 10 at PHI 35,04:22 1st,— J.Hurts pass short right to T.Bigsby pushed ob at PHI 42 for 7 yards (A.Hill).
2026,WEEK 2,Sunday,September 20th,PHI,TEN,2nd Quarter,1,Philadelphia Eagles,1,3,0,4 Yard Run,2nd & 3 at PHI 42,03:46 1st Shotgun,— T.Bigsby right tackle to PHI 46 for 4 yards (S.Thomas; A.Hooker).
2026,WEEK 2,Sunday,September 20th,PHI,TEN,2nd Quarter,1,Philadelphia Eagles,1,4,0,4 Yard Run,1st & 10 at PHI 46,03:08 1st,— T.Bigsby left tackle to 50 for 4 yards (O.Oladejo).
2026,WEEK 2,Sunday,September 20th,PHI,TEN,2nd Quarter,1,Philadelphia Eagles,1,5,0,10 Yard Pass,2nd & 6 at 50,02:27 1st Shotgun,— J.Hurts pass short left to D.Smith to TEN 40 for 10 yards (A.Hill).
2026,WEEK 2,Sunday,September 20th,PHI,TEN,2nd Quarter,1,Philadelphia Eagles,1,6,0,2 Yard Run,1st & 10 at TEN 40,01:42 1st Shotgun,— T.Bigsby right guard to TEN 38 for 2 yards (K.Winston; J.Franklin-Myers).
2026,WEEK 2,Sunday,September 20th,PHI,TEN,2nd Quarter,1,Philadelphia Eagles,1,7,0,0 Yard Run,2nd & 8 at TEN 38,01:00 1st,— T.Bigsby right tackle to TEN 38 for no gain (K.Winston; M.Robinson).
2026,WEEK 2,Sunday,September 20th,PHI,TEN,2nd Quarter,1,Philadelphia Eagles,1,8,0,14 Yard Pass,3rd & 8 at TEN 38,00:14 1st Shotgun,— J.Hurts pass short middle to M.Lemon to TEN 24 for 14 yards (K.Winston).
2026,WEEK 2,Sunday,September 20th,PHI,TEN,2nd Quarter,1,Philadelphia Eagles,1,9,0,8 Yard Pass,1st & 10 at TEN 24,15:00 2nd Shotgun,— J.Hurts pass short right to D.Smith to TEN 16 for 8 yards (A.Hooker) [J.Franklin-Myers].
2026,WEEK 2,Sunday,September 20th,PHI,TEN,2nd Quarter,1,Philadelphia Eagles,1,10,0,5 Yard Run,2nd & 2 at TEN 16,14:19 2nd,— W.Shipley up the middle to TEN 11 for 5 yards (A.Hill).
2026,WEEK 2,Sunday,September 20th,PHI,TEN,2nd Quarter,1,Philadelphia Eagles,1,11,0,9 Yard Run,1st & 10 at TEN 11,13:42 2nd,— T.Bigsby up the middle to TEN 2 for 9 yards (C.Barton; C.Gray).
2026,WEEK 2,Sunday,September 20th,PHI,TEN,2nd Quarter,1,Philadelphia Eagles,1,12,1,Touchdown,2nd & 1 at TEN 2,12:53 2nd,"— T.Bigsby up the middle for 2 yards, TOUCHDOWN."
2026,WEEK 2,Sunday,September 20th,PHI,TEN,2nd Quarter,1,Philadelphia Eagles,1,13,1,Extra Point,,12:49 2nd,"— J.Elliott extra point is GOOD, Center-R.Underwood, Holder-B.Mann."
2026,WEEK 2,Sunday,September 20th,PHI,TEN,2nd Quarter,2,Tennessee Titans,0,1,0,Kickoff from PHI 35,,Kickoff,— J.Elliott kicks 59 yards from PHI 35 to TEN 6. C.Dike to TEN 29 for 23 yards (S.Mondon).
2026,WEEK 2,Sunday,September 20th,PHI,TEN,2nd Quarter,2,Tennessee Titans,0,2,0,1 Yard Run,1st & 10 at TEN 29,12:45 2nd,— T.Spears left tackle to TEN 30 for 1 yard (J.Davis).
2026,WEEK 2,Sunday,September 20th,PHI,TEN,2nd Quarter,2,Tennessee Titans,0,3,0,8 Yard Run,2nd & 9 at TEN 30,12:07 2nd,— T.Spears up the middle to TEN 38 for 8 yards (C.DeJean). The ball spot was assisted by replay.
2026,WEEK 2,Sunday,September 20th,PHI,TEN,2nd Quarter,2,Tennessee Titans,0,4,0,13 Yard Run,3rd & 1 at TEN 38,11:29 2nd,— T.Pollard left end pushed ob at PHI 49 for 13 yards (M.Epps).
2026,WEEK 2,Sunday,September 20th,PHI,TEN,2nd Quarter,2,Tennessee Titans,0,5,0,-11 Yard Run,1st & 10 at PHI 49,10:58 2nd,"— T.Spears left tackle to PHI 45 for 4 yards (Q.Mitchell). PENALTY on TEN-C.Ridley, Unnecessary Roughness, 15 yards, enforced at PHI 45."
2026,WEEK 2,Sunday,September 20th,PHI,TEN,2nd Quarter,2,Tennessee Titans,0,6,0,5 Yard Pass,2nd & 21 at TEN 40,10:26 2nd Shotgun,— C.Ward pass short right to G.Helm to TEN 45 for 5 yards (C.DeJean).
2026,WEEK 2,Sunday,September 20th,PHI,TEN,2nd Quarter,2,Tennessee Titans,0,7,0,Pass Incomplete,3rd & 16 at TEN 45,09:45 2nd Shotgun,"— C.Ward pass incomplete short right. Penalty on TEN-P.Skoronski, Face Mask, declined."
2026,WEEK 2,Sunday,September 20th,PHI,TEN,2nd Quarter,2,Tennessee Titans,0,8,0,Punt,4th & 16 at TEN 45,09:37 2nd,"— T.Townsend punts 44 yards to PHI 11, Center-M.Cox. B.Covey to PHI 19 for 8 yards (J.Chestnut)."
2026,WEEK 2,Sunday,September 20th,PHI,TEN,2nd Quarter,3,Philadelphia Eagles,1,1,0,9 Yard Run,1st & 10 at PHI 19,09:27 2nd,— M.Brown left end to PHI 28 for 9 yards (E.Hallett; M.Robinson).
2026,WEEK 2,Sunday,September 20th,PHI,TEN,2nd Quarter,3,Philadelphia Eagles,1,2,0,18 Yard Pass,2nd & 1 at PHI 28,08:53 2nd,— J.Hurts pass deep right to D.Smith ran ob at PHI 46 for 18 yards.
2026,WEEK 2,Sunday,September 20th,PHI,TEN,2nd Quarter,3,Philadelphia Eagles,1,3,0,2 Yard Run,1st & 10 at PHI 46,08:33 2nd No Huddle,— T.Bigsby right tackle to PHI 48 for 2 yards (T.Jones).
2026,WEEK 2,Sunday,September 20th,PHI,TEN,2nd Quarter,3,Philadelphia Eagles,1,4,0,-1 Yard Sack,2nd & 8 at PHI 48,07:53 2nd Shotgun,— J.Hurts sacked ob at PHI 47 for -1 yards (J.Simmons).
2026,WEEK 2,Sunday,September 20th,PHI,TEN,2nd Quarter,3,Philadelphia Eagles,1,5,0,7 Yard Run,3rd & 9 at PHI 47,07:13 2nd Shotgun,— J.Hurts scrambles up the middle to TEN 46 for 7 yards (C.Gray).
2026,WEEK 2,Sunday,September 20th,PHI,TEN,2nd Quarter,3,Philadelphia Eagles,1,6,0,Timeout,,06:26 2nd,— Timeout #1 by PHI at 06:26.
2026,WEEK 2,Sunday,September 20th,PHI,TEN,2nd Quarter,3,Philadelphia Eagles,1,7,0,5 Yard Pass,4th & 2 at TEN 46,06:26 2nd Shotgun,— J.Hurts pass short left to D.Wicks to TEN 41 for 5 yards (M.Robinson).
2026,WEEK 2,Sunday,September 20th,PHI,TEN,2nd Quarter,3,Philadelphia Eagles,1,8,0,7 Yard Run,1st & 10 at TEN 41,05:39 2nd,— W.Shipley left end pushed ob at TEN 34 for 7 yards (K.Winston; S.Thomas).
2026,WEEK 2,Sunday,September 20th,PHI,TEN,2nd Quarter,3,Philadelphia Eagles,1,9,0,-1 Yard Run,2nd & 3 at TEN 34,05:04 2nd,"— T.Bigsby right tackle to TEN 35 for -1 yards (N.Stackhouse, M.Robinson)."
2026,WEEK 2,Sunday,September 20th,PHI,TEN,2nd Quarter,3,Philadelphia Eagles,1,10,0,9 Yard Run,3rd & 4 at TEN 35,04:22 2nd Shotgun,"— J.Hurts right end ran ob at TEN 31 for 4 yards (A.Hooker). PENALTY on TEN-C.Gray, Illegal Use of Hands, 5 yards, enforced at TEN 31."
2026,WEEK 2,Sunday,September 20th,PHI,TEN,2nd Quarter,3,Philadelphia Eagles,1,11,0,0 Yard Run,1st & 10 at TEN 26,03:57 2nd,— W.Shipley right end to TEN 26 for no gain (J.Simmons).
2026,WEEK 2,Sunday,September 20th,PHI,TEN,2nd Quarter,3,Philadelphia Eagles,1,12,0,-2 Yard Pass,2nd & 10 at TEN 26,03:20 2nd Shotgun,— J.Hurts pass short right to W.Shipley to TEN 28 for -2 yards (A.Taylor).
2026,WEEK 2,Sunday,September 20th,PHI,TEN,2nd Quarter,3,Philadelphia Eagles,1,13,0,15 Yard Pass,3rd & 12 at TEN 28,"02:39 2nd No Huddle, Shotgun",— J.Hurts pass short right to D.Wicks to TEN 13 for 15 yards (A.Hooker) [J.Simmons].
2026,WEEK 2,Sunday,September 20th,PHI,TEN,2nd Quarter,3,Philadelphia Eagles,1,14,0,1 Yard Run,1st & 10 at TEN 13,02:13 2nd No Huddle,— W.Shipley right tackle to TEN 12 for 1 yard (S.Thomas).
2026,WEEK 2,Sunday,September 20th,PHI,TEN,2nd Quarter,3,Philadelphia Eagles,1,15,0,-10 Yard Penalty,2nd & 9 at TEN 12,02:00 2nd Shotgun,"— T.Bigsby right guard to TEN 10 for 2 yards (A.Hooker; O.Oladejo). PENALTY on PHI-C.Jurgens, Offensive Holding, 10 yards, enforced at TEN 12 - No Play."
2026,WEEK 2,Sunday,September 20th,PHI,TEN,2nd Quarter,3,Philadelphia Eagles,1,16,1,Touchdown,2nd & 19 at TEN 22,01:55 2nd Shotgun,"— J.Hurts pass deep right to D.Smith for 22 yards, TOUCHDOWN."
2026,WEEK 2,Sunday,September 20th,PHI,TEN,2nd Quarter,3,Philadelphia Eagles,1,17,1,Extra Point,,01:49 2nd,"— J.Elliott extra point is GOOD, Center-R.Underwood, Holder-B.Mann."
2026,WEEK 2,Sunday,September 20th,PHI,TEN,2nd Quarter,4,Tennessee Titans,1,1,0,Kickoff from PHI 35,,Kickoff,— J.Elliott kicks 64 yards from PHI 35 to TEN 1. C.Dike to TEN 30 for 29 yards (J.Trotter).
2026,WEEK 2,Sunday,September 20th,PHI,TEN,2nd Quarter,4,Tennessee Titans,1,2,0,2 Yard Pass,1st & 10 at TEN 30,01:45 2nd Shotgun,"— C.Ward pass short right to T.Spears to TEN 32 for 2 yards (J.Campbell). The Replay Official reviewed the runner was down by contact ruling, and the play was REVERSED. (Shotgun) C.Ward pass short right to T.Spears to TEN 32 for 2 yards (J.Campbell). FUMBLES (J.Campbell), ball out of bounds at TEN 32. 10-second runoff."
2026,WEEK 2,Sunday,September 20th,PHI,TEN,2nd Quarter,4,Tennessee Titans,1,3,0,-5 Yard Sack,2nd & 8 at TEN 32,01:26 2nd Shotgun,— C.Ward sacked at TEN 27 for -5 yards (N.Smith).
2026,WEEK 2,Sunday,September 20th,PHI,TEN,2nd Quarter,4,Tennessee Titans,1,4,0,Timeout,,01:17 2nd,— Timeout #2 by PHI at 01:17.
2026,WEEK 2,Sunday,September 20th,PHI,TEN,2nd Quarter,4,Tennessee Titans,1,5,0,28 Yard Pass,3rd & 13 at TEN 27,01:17 2nd Shotgun,— C.Ward pass short left to E.Ayomanor to PHI 45 for 28 yards (Z.Baun).
2026,WEEK 2,Sunday,September 20th,PHI,TEN,2nd Quarter,4,Tennessee Titans,1,6,0,27 Yard Pass,1st & 10 at PHI 45,"00:56 2nd No Huddle, Shotgun",— C.Ward pass short right to T.Spears to PHI 18 for 27 yards (M.Epps; A.Mukuba).
2026,WEEK 2,Sunday,September 20th,PHI,TEN,2nd Quarter,4,Tennessee Titans,1,7,0,Timeout,,00:43 2nd,— Timeout #1 by TEN at 00:43.
2026,WEEK 2,Sunday,September 20th,PHI,TEN,2nd Quarter,4,Tennessee Titans,1,8,0,1 Yard Run,1st & 10 at PHI 18,00:43 2nd Shotgun,— T.Pollard up the middle to PHI 17 for 1 yard (A.Ebiketie).
2026,WEEK 2,Sunday,September 20th,PHI,TEN,2nd Quarter,4,Tennessee Titans,1,9,0,Timeout,,00:38 2nd,— Timeout #2 by TEN at 00:38.
2026,WEEK 2,Sunday,September 20th,PHI,TEN,2nd Quarter,4,Tennessee Titans,1,10,0,-5 Yard Penalty,2nd & 9 at PHI 17,00:38 2nd Shotgun,"— PENALTY on TEN-J.Latham, False Start, 5 yards, enforced at PHI 17 - No Play."
2026,WEEK 2,Sunday,September 20th,PHI,TEN,2nd Quarter,4,Tennessee Titans,1,11,0,Pass Incomplete,2nd & 14 at PHI 22,00:38 2nd Shotgun,— C.Ward pass incomplete short right [J.Hunt].
2026,WEEK 2,Sunday,September 20th,PHI,TEN,2nd Quarter,4,Tennessee Titans,1,12,0,3 Yard Run,3rd & 14 at PHI 22,00:30 2nd Shotgun,— T.Pollard left tackle to PHI 19 for 3 yards (Z.Baun; J.Campbell).
2026,WEEK 2,Sunday,September 20th,PHI,TEN,2nd Quarter,4,Tennessee Titans,1,13,0,Timeout,,00:03 2nd,— Timeout #3 by TEN at 00:03.
2026,WEEK 2,Sunday,September 20th,PHI,TEN,2nd Quarter,4,Tennessee Titans,1,14,0,Timeout,,00:03 2nd,— Timeout #3 by PHI at 00:03.
2026,WEEK 2,Sunday,September 20th,PHI,TEN,2nd Quarter,4,Tennessee Titans,1,15,1,Field Goal,4th & 11 at PHI 19,00:03 2nd,"— J.Slye 37 yard field goal is GOOD, Center-M.Cox, Holder-T.Townsend."
2026,WEEK 2,Sunday,September 20th,PHI,TEN,3rd Quarter,1,Philadelphia Eagles,0,1,0,Kickoff from TEN 35,,Kickoff,"— J.Slye kicks 35 yards from TEN 35 to PHI 30, short of landing zone. PENALTY on TEN-J.Slye, Kickoff Short of Landing Zone, placed at PHI 40."
2026,WEEK 2,Sunday,September 20th,PHI,TEN,3rd Quarter,1,Philadelphia Eagles,0,2,0,-10 Yard Penalty,1st & 10 at PHI 40,15:00 3rd,"— S.Barkley right end pushed ob at PHI 41 for 1 yard (M.Robinson). ** Injury Update: PHI-S.Barkley has returned to the game. PENALTY on PHI-T.Steen, Offensive Holding, 10 yards, enforced at PHI 40 - No Play."
2026,WEEK 2,Sunday,September 20th,PHI,TEN,3rd Quarter,1,Philadelphia Eagles,0,3,0,6 Yard Pass,1st & 20 at PHI 30,14:30 3rd Shotgun,— J.Hurts pass short right to J.Mundt to PHI 36 for 6 yards (A.Hill; M.Harris).
2026,WEEK 2,Sunday,September 20th,PHI,TEN,3rd Quarter,1,Philadelphia Eagles,0,4,0,-5 Yard Penalty,2nd & 14 at PHI 36,13:46 3rd Shotgun,"— J.Hurts scrambles up the middle to PHI 42 for 6 yards (A.Hill). PENALTY on PHI-L.Johnson, Illegal Formation, 5 yards, enforced at PHI 36 - No Play."
2026,WEEK 2,Sunday,September 20th,PHI,TEN,3rd Quarter,1,Philadelphia Eagles,0,5,0,7 Yard Pass,2nd & 19 at PHI 31,13:19 3rd Shotgun,— J.Hurts pass short left to W.Shipley to PHI 38 for 7 yards (M.Harris; A.Hooker) [J.Simmons].
2026,WEEK 2,Sunday,September 20th,PHI,TEN,3rd Quarter,1,Philadelphia Eagles,0,6,0,-11 Yard Sack,3rd & 12 at PHI 38,12:36 3rd Shotgun,— J.Hurts sacked at PHI 27 for -11 yards (J.Martin).
2026,WEEK 2,Sunday,September 20th,PHI,TEN,3rd Quarter,1,Philadelphia Eagles,0,7,0,Punt,4th & 23 at PHI 27,11:52 3rd,"— B.Mann punts 57 yards to TEN 16, Center-R.Underwood, fair catch by C.Dike."
2026,WEEK 2,Sunday,September 20th,PHI,TEN,3rd Quarter,2,Tennessee Titans,0,1,0,Pass Incomplete,1st & 10 at TEN 16,11:45 3rd,— C.Ward pass incomplete short right to D.Bellinger.
2026,WEEK 2,Sunday,September 20th,PHI,TEN,3rd Quarter,2,Tennessee Titans,0,2,0,0 Yard Run,2nd & 10 at TEN 16,11:40 3rd,— T.Pollard left tackle to TEN 16 for no gain (J.Campbell).
2026,WEEK 2,Sunday,September 20th,PHI,TEN,3rd Quarter,2,Tennessee Titans,0,3,0,6 Yard Pass,3rd & 10 at TEN 16,11:00 3rd Shotgun,— C.Ward pass short middle to C.Tate to TEN 22 for 6 yards (T.Woolen).
2026,WEEK 2,Sunday,September 20th,PHI,TEN,3rd Quarter,2,Tennessee Titans,0,4,0,Punt,4th & 4 at TEN 22,10:17 3rd,"— T.Townsend punts 34 yards to PHI 44, Center-M.Cox, downed by TEN-O.Pappoe."
2026,WEEK 2,Sunday,September 20th,PHI,TEN,3rd Quarter,3,Philadelphia Eagles,1,1,0,3 Yard Run,1st & 10 at PHI 44,10:08 3rd,— S.Barkley right tackle to PHI 47 for 3 yards (A.Hill).
2026,WEEK 2,Sunday,September 20th,PHI,TEN,3rd Quarter,3,Philadelphia Eagles,1,2,0,2 Yard Run,2nd & 7 at PHI 47,09:30 3rd Shotgun,— S.Barkley up the middle to PHI 49 for 2 yards (M.Harris).
2026,WEEK 2,Sunday,September 20th,PHI,TEN,3rd Quarter,3,Philadelphia Eagles,1,3,0,11 Yard Pass,3rd & 5 at PHI 49,"08:49 3rd No Huddle, Shotgun",— J.Hurts pass short right to S.Barkley pushed ob at TEN 40 for 11 yards (C.Gray).
2026,WEEK 2,Sunday,September 20th,PHI,TEN,3rd Quarter,3,Philadelphia Eagles,1,4,0,Pass Incomplete,1st & 10 at TEN 40,08:31 3rd No Huddle,— J.Hurts pass incomplete deep right to D.Smith.
2026,WEEK 2,Sunday,September 20th,PHI,TEN,3rd Quarter,3,Philadelphia Eagles,1,5,0,Pass Incomplete,2nd & 10 at TEN 40,08:23 3rd,— J.Hurts pass incomplete short left to S.Barkley.
2026,WEEK 2,Sunday,September 20th,PHI,TEN,3rd Quarter,3,Philadelphia Eagles,1,6,0,Timeout,,08:20 3rd,— Timeout #1 by PHI at 08:20.
2026,WEEK 2,Sunday,September 20th,PHI,TEN,3rd Quarter,3,Philadelphia Eagles,1,7,0,Pass Incomplete,3rd & 10 at TEN 40,08:20 3rd Shotgun,— J.Hurts pass incomplete short left.
2026,WEEK 2,Sunday,September 20th,PHI,TEN,3rd Quarter,3,Philadelphia Eagles,1,8,1,Field Goal,4th & 10 at TEN 40,08:12 3rd,"— J.Elliott 58 yard field goal is GOOD, Center-R.Underwood, Holder-B.Mann."
2026,WEEK 2,Sunday,September 20th,PHI,TEN,3rd Quarter,4,Tennessee Titans,1,1,0,Kickoff from PHI 35,,Kickoff,— J.Elliott kicks 60 yards from PHI 35 to TEN 5. C.Dike to TEN 31 for 26 yards (D.Cooper).
2026,WEEK 2,Sunday,September 20th,PHI,TEN,3rd Quarter,4,Tennessee Titans,1,2,0,-1 Yard Run,1st & 10 at TEN 31,08:02 3rd,"— N.Singleton up the middle to TEN 30 for -1 yards (Z.Baun, J.Campbell)."
2026,WEEK 2,Sunday,September 20th,PHI,TEN,3rd Quarter,4,Tennessee Titans,1,3,0,6 Yard Run,2nd & 11 at TEN 30,07:24 3rd,— N.Singleton left end to TEN 36 for 6 yards (Q.Mitchell).
2026,WEEK 2,Sunday,September 20th,PHI,TEN,3rd Quarter,4,Tennessee Titans,1,4,0,9 Yard Pass,3rd & 5 at TEN 36,06:42 3rd Shotgun,— C.Ward pass short right to W.Robinson ran ob at TEN 45 for 9 yards (A.Mukuba).
2026,WEEK 2,Sunday,September 20th,PHI,TEN,3rd Quarter,4,Tennessee Titans,1,5,0,25 Yard Pass,1st & 10 at TEN 45,06:06 3rd,— C.Ward pass deep right to C.Ridley to PHI 30 for 25 yards (T.Woolen).
2026,WEEK 2,Sunday,September 20th,PHI,TEN,3rd Quarter,4,Tennessee Titans,1,6,0,4 Yard Run,1st & 10 at PHI 30,05:27 3rd,— N.Singleton up the middle to PHI 26 for 4 yards (M.Ojomo; C.DeJean).
2026,WEEK 2,Sunday,September 20th,PHI,TEN,3rd Quarter,4,Tennessee Titans,1,7,0,10 Yard Pass,2nd & 6 at PHI 26,04:43 3rd,— C.Ward pass short left to C.Ridley to PHI 16 for 10 yards (Q.Mitchell).
2026,WEEK 2,Sunday,September 20th,PHI,TEN,3rd Quarter,4,Tennessee Titans,1,8,0,1 Yard Run,1st & 10 at PHI 16,04:07 3rd,— N.Singleton up the middle to PHI 15 for 1 yard (J.Campbell; M.Ojomo).
2026,WEEK 2,Sunday,September 20th,PHI,TEN,3rd Quarter,4,Tennessee Titans,1,9,0,8 Yard Pass,2nd & 9 at PHI 15,03:31 3rd Shotgun,— C.Ward pass short left to G.Helm to PHI 7 for 8 yards (J.Campbell; Q.Mitchell).
2026,WEEK 2,Sunday,September 20th,PHI,TEN,3rd Quarter,4,Tennessee Titans,1,10,0,1 Yard Run,3rd & 1 at PHI 7,03:06 3rd No Huddle,— C.Ward up the middle to PHI 6 for 1 yard (J.Hunt).
2026,WEEK 2,Sunday,September 20th,PHI,TEN,3rd Quarter,4,Tennessee Titans,1,11,0,4 Yard Run,1st & 6 at PHI 6,02:26 3rd,— T.Pollard left guard to PHI 2 for 4 yards (C.DeJean; A.Mukuba).
2026,WEEK 2,Sunday,September 20th,PHI,TEN,3rd Quarter,4,Tennessee Titans,1,12,0,1 Yard Run,2nd & 2 at PHI 2,01:45 3rd,— T.Pollard left tackle to PHI 1 for 1 yard (A.Mukuba).
2026,WEEK 2,Sunday,September 20th,PHI,TEN,3rd Quarter,4,Tennessee Titans,1,13,1,Touchdown,3rd & 1 at PHI 1,01:03 3rd,"— C.Ward scrambles left end for 1 yard, TOUCHDOWN."
2026,WEEK 2,Sunday,September 20th,PHI,TEN,3rd Quarter,4,Tennessee Titans,1,14,1,Extra Point,,00:57 3rd,"— J.Slye extra point is GOOD, Center-M.Cox, Holder-T.Townsend."
2026,WEEK 2,Sunday,September 20th,PHI,TEN,3rd Quarter,5,Philadelphia Eagles,0,1,0,Kickoff from TEN 35,,Kickoff,"— J.Slye kicks 65 yards from TEN 35 to end zone, Touchback to the PHI 35."
2026,WEEK 2,Sunday,September 20th,PHI,TEN,3rd Quarter,5,Philadelphia Eagles,0,2,0,2 Yard Pass,1st & 10 at PHI 35,00:57 3rd,— J.Hurts pass short right to J.Mundt to PHI 37 for 2 yards (C.Barton).
2026,WEEK 2,Sunday,September 20th,PHI,TEN,3rd Quarter,5,Philadelphia Eagles,0,3,0,Pass Incomplete,2nd & 8 at PHI 37,00:22 3rd,— J.Hurts pass incomplete deep right to D.Cooper.
2026,WEEK 2,Sunday,September 20th,PHI,TEN,3rd Quarter,5,Philadelphia Eagles,0,4,0,Pass Incomplete,3rd & 8 at PHI 37,00:17 3rd Shotgun,— J.Hurts pass incomplete short right to J.Mundt.
2026,WEEK 2,Sunday,September 20th,PHI,TEN,3rd Quarter,5,Philadelphia Eagles,0,5,0,Punt,4th & 8 at PHI 37,00:07 3rd,"— B.Mann punts 53 yards to TEN 10, Center-R.Underwood. C.Dike to TEN 19 for 9 yards (T.Bigsby)."
2026,WEEK 2,Sunday,September 20th,PHI,TEN,4th Quarter,1,Tennessee Titans,0,1,0,2 Yard Run,1st & 10 at TEN 19,15:00 4th,— T.Pollard right guard to TEN 21 for 2 yards (J.Campbell).
2026,WEEK 2,Sunday,September 20th,PHI,TEN,4th Quarter,1,Tennessee Titans,0,2,0,18 Yard Run,2nd & 8 at TEN 21,14:26 4th,— T.Pollard left tackle to TEN 39 for 18 yards (Q.Mitchell).
2026,WEEK 2,Sunday,September 20th,PHI,TEN,4th Quarter,1,Tennessee Titans,0,3,0,-2 Yard Run,1st & 10 at TEN 39,13:45 4th,— T.Pollard right tackle to TEN 37 for -2 yards (N.Smith).
2026,WEEK 2,Sunday,September 20th,PHI,TEN,4th Quarter,1,Tennessee Titans,0,4,0,3 Yard Run,2nd & 12 at TEN 37,13:11 4th,— T.Spears up the middle to TEN 40 for 3 yards (J.Hunt).
2026,WEEK 2,Sunday,September 20th,PHI,TEN,4th Quarter,1,Tennessee Titans,0,5,0,Pass Incomplete,3rd & 9 at TEN 40,"12:54 4th No Huddle, Shotgun",— C.Ward pass incomplete short left to C.Tate (T.Woolen).
2026,WEEK 2,Sunday,September 20th,PHI,TEN,4th Quarter,1,Tennessee Titans,0,6,0,Punt,4th & 9 at TEN 40,12:46 4th,"— T.Townsend punts 60 yards to end zone, Center-M.Cox, Touchback."
2026,WEEK 2,Sunday,September 20th,PHI,TEN,4th Quarter,2,Philadelphia Eagles,0,1,0,4 Yard Run,1st & 10 at PHI 20,12:36 4th Shotgun,— S.Barkley up the middle to PHI 24 for 4 yards (A.Hill).
2026,WEEK 2,Sunday,September 20th,PHI,TEN,4th Quarter,2,Philadelphia Eagles,0,2,0,5 Yard Run,2nd & 6 at PHI 24,11:57 4th Shotgun,— T.Bigsby left tackle to PHI 29 for 5 yards (J.Johnson).
2026,WEEK 2,Sunday,September 20th,PHI,TEN,4th Quarter,2,Philadelphia Eagles,0,3,0,2 Yard Run,3rd & 1 at PHI 29,11:20 4th,— J.Hurts up the middle to PHI 31 for 2 yards (J.Simmons; A.Hill).
2026,WEEK 2,Sunday,September 20th,PHI,TEN,4th Quarter,2,Philadelphia Eagles,0,4,0,-2 Yard Run,1st & 10 at PHI 31,10:39 4th,— T.Bigsby right guard to PHI 29 for -2 yards (M.Robinson).
2026,WEEK 2,Sunday,September 20th,PHI,TEN,4th Quarter,2,Philadelphia Eagles,0,5,0,Sack,2nd & 12 at PHI 29,09:55 4th Shotgun,— J.Hurts sacked ob at PHI 29 for 0 yards (J.Franklin-Myers).
2026,WEEK 2,Sunday,September 20th,PHI,TEN,4th Quarter,2,Philadelphia Eagles,0,6,0,13 Yard Pass,3rd & 12 at PHI 29,09:21 4th Shotgun,— J.Hurts pass short right to D.Smith to PHI 42 for 13 yards (A.Taylor).
2026,WEEK 2,Sunday,September 20th,PHI,TEN,4th Quarter,2,Philadelphia Eagles,0,7,0,-7 Yard Run,1st & 10 at PHI 42,08:39 4th,"— M.Brown left end ran ob at 50 for 8 yards (K.Winston). PENALTY on PHI-J.Mundt, Offensive Holding, 10 yards, enforced at PHI 45."
2026,WEEK 2,Sunday,September 20th,PHI,TEN,4th Quarter,2,Philadelphia Eagles,0,8,0,23 Yard Pass,1st & 17 at PHI 35,08:10 4th Shotgun,— J.Hurts pass short middle to D.Cooper to TEN 42 for 23 yards (K.Winston).
2026,WEEK 2,Sunday,September 20th,PHI,TEN,4th Quarter,2,Philadelphia Eagles,0,9,0,3 Yard Run,1st & 10 at TEN 42,07:31 4th Shotgun,— T.Bigsby right guard to TEN 39 for 3 yards (K.Winston).
2026,WEEK 2,Sunday,September 20th,PHI,TEN,4th Quarter,2,Philadelphia Eagles,0,10,0,-5 Yard Run,2nd & 7 at TEN 39,06:53 4th Shotgun,— M.Lemon left end to TEN 44 for -5 yards (M.Harris).
2026,WEEK 2,Sunday,September 20th,PHI,TEN,4th Quarter,2,Philadelphia Eagles,0,11,0,Timeout,,06:08 4th,— Timeout #1 by TEN at 06:08.
2026,WEEK 2,Sunday,September 20th,PHI,TEN,4th Quarter,2,Philadelphia Eagles,0,12,0,Interception,3rd & 12 at TEN 44,06:08 4th Shotgun,— J.Hurts pass deep left intended for D.Smith INTERCEPTED by M.Harris [J.Simmons] at TEN 14. M.Harris pushed ob at TEN 17 for 3 yards (D.Smith).
2026,WEEK 2,Sunday,September 20th,PHI,TEN,4th Quarter,3,Tennessee Titans,1,1,0,9 Yard Run,1st & 10 at TEN 17,06:00 4th,— T.Pollard right guard to TEN 26 for 9 yards (J.Hunt).
2026,WEEK 2,Sunday,September 20th,PHI,TEN,4th Quarter,3,Tennessee Titans,1,2,0,9 Yard Run,2nd & 1 at TEN 26,05:15 4th,— T.Pollard right guard to TEN 35 for 9 yards (A.Mukuba; C.DeJean).
2026,WEEK 2,Sunday,September 20th,PHI,TEN,4th Quarter,3,Tennessee Titans,1,3,0,41 Yard Pass,1st & 10 at TEN 35,04:31 4th,— C.Ward pass deep right to E.Ayomanor pushed ob at PHI 24 for 41 yards (J.Campbell).
2026,WEEK 2,Sunday,September 20th,PHI,TEN,4th Quarter,3,Tennessee Titans,1,4,0,-10 Yard Penalty,1st & 10 at PHI 24,04:21 4th,"— T.Pollard left tackle to PHI 22 for 2 yards (B.Young; A.Mukuba). PENALTY on TEN-A.Schlottmann, Offensive Holding, 10 yards, enforced at PHI 24 - No Play."
2026,WEEK 2,Sunday,September 20th,PHI,TEN,4th Quarter,3,Tennessee Titans,1,5,0,-3 Yard Run,1st & 20 at PHI 34,04:15 4th,— T.Spears left tackle to PHI 37 for -3 yards (M.Ojomo).
2026,WEEK 2,Sunday,September 20th,PHI,TEN,4th Quarter,3,Tennessee Titans,1,6,0,-5 Yard Penalty,2nd & 23 at PHI 37,03:33 4th Shotgun,"— C.Ward pass incomplete deep right to W.Robinson. PENALTY on TEN-J.Latham, Illegal Formation, 5 yards, enforced at PHI 37 - No Play."
2026,WEEK 2,Sunday,September 20th,PHI,TEN,4th Quarter,3,Tennessee Titans,1,7,0,6 Yard Pass,2nd & 28 at PHI 42,03:29 4th Shotgun,— C.Ward pass short left to C.Tate to PHI 36 for 6 yards (Q.Mitchell).
2026,WEEK 2,Sunday,September 20th,PHI,TEN,4th Quarter,3,Tennessee Titans,1,8,0,27 Yard Run,3rd & 22 at PHI 36,02:44 4th Shotgun,— T.Spears left end pushed ob at PHI 9 for 27 yards (J.Hunt). PHI-J.Hunt was injured during the play.
2026,WEEK 2,Sunday,September 20th,PHI,TEN,4th Quarter,3,Tennessee Titans,1,9,0,-9 Yard Sack,1st & 9 at PHI 9,02:37 4th,— C.Ward sacked at PHI 18 for -9 yards (J.Carter).
2026,WEEK 2,Sunday,September 20th,PHI,TEN,4th Quarter,3,Tennessee Titans,1,10,0,Timeout,,02:33 4th,— Timeout #2 by PHI at 02:33.
2026,WEEK 2,Sunday,September 20th,PHI,TEN,4th Quarter,3,Tennessee Titans,1,11,0,3 Yard Run,2nd & 18 at PHI 18,02:33 4th,— T.Pollard left tackle to PHI 15 for 3 yards (A.Ebiketie; A.Mukuba).
2026,WEEK 2,Sunday,September 20th,PHI,TEN,4th Quarter,3,Tennessee Titans,1,12,0,Timeout,,02:26 4th,— Timeout #3 by PHI at 02:26.
2026,WEEK 2,Sunday,September 20th,PHI,TEN,4th Quarter,3,Tennessee Titans,1,13,0,1 Yard Run,3rd & 15 at PHI 15,02:26 4th Shotgun,— T.Spears left tackle to PHI 14 for 1 yard (M.Ojomo). ** Injury Update: PHI-J.Hunt has returned to the game.
2026,WEEK 2,Sunday,September 20th,PHI,TEN,4th Quarter,3,Tennessee Titans,1,14,1,Field Goal,4th & 14 at PHI 14,02:00 4th,"— J.Slye 33 yard field goal is GOOD, Center-M.Cox, Holder-T.Townsend. PHI-J.Carter was injured during the play."
2026,WEEK 2,Sunday,September 20th,PHI,TEN,4th Quarter,4,Philadelphia Eagles,1,1,0,Kickoff from TEN 35,,Kickoff,"— J.Slye kicks 65 yards from TEN 35 to end zone, Touchback to the PHI 35."
2026,WEEK 2,Sunday,September 20th,PHI,TEN,4th Quarter,4,Philadelphia Eagles,1,2,0,Pass Incomplete,1st & 10 at PHI 35,01:56 4th Shotgun,— J.Hurts pass incomplete short middle to D.Wicks.
2026,WEEK 2,Sunday,September 20th,PHI,TEN,4th Quarter,4,Philadelphia Eagles,1,3,0,4 Yard Pass,2nd & 10 at PHI 35,01:52 4th Shotgun,— J.Hurts pass short right to D.Smith ran ob at PHI 39 for 4 yards.
2026,WEEK 2,Sunday,September 20th,PHI,TEN,4th Quarter,4,Philadelphia Eagles,1,4,0,20 Yard Pass,3rd & 6 at PHI 39,01:48 4th Shotgun,— J.Hurts pass deep right to D.Wicks to TEN 41 for 20 yards (M.Harris).
2026,WEEK 2,Sunday,September 20th,PHI,TEN,4th Quarter,4,Philadelphia Eagles,1,5,0,9 Yard Pass,1st & 10 at TEN 41,"01:20 4th No Huddle, Shotgun",— J.Hurts pass short right to D.Smith to TEN 32 for 9 yards (A.Taylor).
2026,WEEK 2,Sunday,September 20th,PHI,TEN,4th Quarter,4,Philadelphia Eagles,1,6,0,6 Yard Pass,2nd & 1 at TEN 32,"00:56 4th No Huddle, Shotgun",— J.Hurts pass short right to D.Smith ran ob at TEN 26 for 6 yards.
2026,WEEK 2,Sunday,September 20th,PHI,TEN,4th Quarter,4,Philadelphia Eagles,1,7,0,Pass Incomplete,1st & 10 at TEN 26,00:51 4th Shotgun,— J.Hurts pass incomplete short right [J.Martin].
2026,WEEK 2,Sunday,September 20th,PHI,TEN,4th Quarter,4,Philadelphia Eagles,1,8,0,4 Yard Run,2nd & 10 at TEN 26,00:45 4th Shotgun,— J.Hurts scrambles up the middle to TEN 22 for 4 yards (M.Harris).
2026,WEEK 2,Sunday,September 20th,PHI,TEN,4th Quarter,4,Philadelphia Eagles,1,9,0,19 Yard Pass,3rd & 6 at TEN 22,"00:20 4th No Huddle, Shotgun",— J.Hurts pass deep left to D.Smith pushed ob at TEN 3 for 19 yards (M.Robinson).
2026,WEEK 2,Sunday,September 20th,PHI,TEN,4th Quarter,4,Philadelphia Eagles,1,10,0,Timeout,,00:14 4th,— Timeout #2 by TEN at 00:14.
2026,WEEK 2,Sunday,September 20th,PHI,TEN,4th Quarter,4,Philadelphia Eagles,1,11,1,Touchdown,1st & 3 at TEN 3,00:14 4th Shotgun,"— J.Hurts pass short middle to D.Cooper for 3 yards, TOUCHDOWN."
2026,WEEK 2,Sunday,September 20th,PHI,TEN,4th Quarter,4,Philadelphia Eagles,1,12,1,Extra Point,,00:09 4th,"— J.Elliott extra point is GOOD, Center-R.Underwood, Holder-B.Mann."
2026,WEEK 2,Sunday,September 20th,PHI,TEN,4th Quarter,5,Tennessee Titans,0,1,0,Kickoff from PHI 35,,Kickoff,"— J.Elliott kicks 65 yards from PHI 35 to end zone, Touchback to the TEN 35."
2026,WEEK 2,Sunday,September 20th,PHI,TEN,4th Quarter,5,Tennessee Titans,0,2,0,15 Yard Pass,1st & 10 at TEN 35,00:09 4th Shotgun,— C.Ward pass short right to C.Tate to 50 for 15 yards (T.Woolen).
2026,WEEK 2,Sunday,September 20th,PHI,TEN,4th Quarter,5,Tennessee Titans,0,3,0,Timeout,,00:04 4th,— Timeout #3 by TEN at 00:04.
2026,WEEK 2,Sunday,September 20th,PHI,TEN,4th Quarter,5,Tennessee Titans,0,4,0,Pass Incomplete,1st & 10 at 50,00:04 4th Shotgun,— C.Ward pass incomplete short middle.
2026,WEEK 2,Sunday,September 20th,JAX,DEN,1st Quarter,1,Denver Broncos,0,1,0,Kickoff from JAX 35,,Kickoff,— C.Little kicks 64 yards from JAX 35 to DEN 1. T.Badie to DEN 24 for 23 yards (B.Combs).
2026,WEEK 2,Sunday,September 20th,JAX,DEN,1st Quarter,1,Denver Broncos,0,2,0,4 Yard Run,1st & 10 at DEN 24,14:55 1st Shotgun,— J.Dobbins up the middle to DEN 28 for 4 yards (F.Oluokun).
2026,WEEK 2,Sunday,September 20th,JAX,DEN,1st Quarter,1,Denver Broncos,0,3,0,1 Yard Run,2nd & 6 at DEN 28,14:19 1st,— J.Dobbins up the middle to DEN 29 for 1 yard (J.Hines-Allen; A.Johnson).
2026,WEEK 2,Sunday,September 20th,JAX,DEN,1st Quarter,1,Denver Broncos,0,4,0,-5 Yard Penalty,3rd & 5 at DEN 29,13:36 1st Shotgun,"— PENALTY on DEN-J.Waddle, False Start, 5 yards, enforced at DEN 29 - No Play."
2026,WEEK 2,Sunday,September 20th,JAX,DEN,1st Quarter,1,Denver Broncos,0,5,0,Pass Incomplete,3rd & 10 at DEN 24,13:15 1st Shotgun,— B.Nix pass incomplete short right to P.Bryant (T.Hunter) [D.Gardeck].
2026,WEEK 2,Sunday,September 20th,JAX,DEN,1st Quarter,1,Denver Broncos,0,6,0,Punt,4th & 10 at DEN 24,13:11 1st,"— J.Crawshaw punts 48 yards to JAX 28, Center-M.Fraboni. P.Washington MUFFS catch, and recovers at JAX 28. P.Washington to JAX 28 for no gain (J.Skinner)."
2026,WEEK 2,Sunday,September 20th,JAX,DEN,1st Quarter,2,Jacksonville Jaguars,0,1,0,3 Yard Run,1st & 10 at JAX 28,13:02 1st,— B.Tuten left end to JAX 31 for 3 yards (D.Jones).
2026,WEEK 2,Sunday,September 20th,JAX,DEN,1st Quarter,2,Jacksonville Jaguars,0,2,0,5 Yard Pass,2nd & 7 at JAX 31,"12:38 1st No Huddle, Shotgun",— T.Lawrence pass short left to P.Washington to JAX 36 for 5 yards (P.Surtain).
2026,WEEK 2,Sunday,September 20th,JAX,DEN,1st Quarter,2,Jacksonville Jaguars,0,3,0,7 Yard Run,3rd & 2 at JAX 36,11:54 1st,— C.Rodriguez left guard to JAX 43 for 7 yards (J.Strnad; B.Jones).
2026,WEEK 2,Sunday,September 20th,JAX,DEN,1st Quarter,2,Jacksonville Jaguars,0,4,0,5 Yard Penalty,1st & 10 at JAX 43,11:13 1st,"— W.Milum reported in as eligible. T.Lawrence sacked at JAX 34 for -9 yards (N.Bonitto). FUMBLES (N.Bonitto), RECOVERED by DEN-A.Singleton at JAX 30. A.Singleton to JAX 21 for 9 yards (B.Tuten). PENALTY on DEN-R.Moss, Illegal Contact, 5 yards, enforced at JAX 43 - No Play."
2026,WEEK 2,Sunday,September 20th,JAX,DEN,1st Quarter,2,Jacksonville Jaguars,0,5,0,Pass Incomplete,1st & 10 at JAX 48,11:03 1st,— T.Lawrence pass incomplete short right.
2026,WEEK 2,Sunday,September 20th,JAX,DEN,1st Quarter,2,Jacksonville Jaguars,0,6,0,2 Yard Run,2nd & 10 at JAX 48,10:57 1st Shotgun,— C.Rodriguez right guard to 50 for 2 yards (D.Tillman; J.Strnad).
2026,WEEK 2,Sunday,September 20th,JAX,DEN,1st Quarter,2,Jacksonville Jaguars,0,7,0,Pass Incomplete,3rd & 8 at 50,10:23 1st Shotgun,— T.Lawrence pass incomplete deep left to P.Washington [N.Bonitto].
2026,WEEK 2,Sunday,September 20th,JAX,DEN,1st Quarter,2,Jacksonville Jaguars,0,8,0,Punt,4th & 8 at 50,10:18 1st,"— L.Cooke punts 38 yards to DEN 12, Center-R.Matiscik, out of bounds."
2026,WEEK 2,Sunday,September 20th,JAX,DEN,1st Quarter,3,Denver Broncos,0,1,0,15 Yard Run,1st & 10 at DEN 12,10:10 1st,— J.Dobbins right guard to DEN 27 for 15 yards (V.Miller; J.Jones).
2026,WEEK 2,Sunday,September 20th,JAX,DEN,1st Quarter,3,Denver Broncos,0,2,0,1 Yard Pass,1st & 10 at DEN 27,"09:47 1st No Huddle, Shotgun",— B.Nix pass short left to J.Waddle to DEN 28 for 1 yard (F.Oluokun).
2026,WEEK 2,Sunday,September 20th,JAX,DEN,1st Quarter,3,Denver Broncos,0,3,0,-10 Yard Penalty,2nd & 9 at DEN 28,09:05 1st,"— J.Dobbins right end to DEN 33 for 5 yards (J.Jones). PENALTY on DEN-P.Bryant, Offensive Holding, 10 yards, enforced at DEN 28 - No Play."
2026,WEEK 2,Sunday,September 20th,JAX,DEN,1st Quarter,3,Denver Broncos,0,4,0,7 Yard Pass,2nd & 19 at DEN 18,08:44 1st Shotgun,— B.Nix pass short left to J.Coleman to DEN 25 for 7 yards (M.Brown).
2026,WEEK 2,Sunday,September 20th,JAX,DEN,1st Quarter,3,Denver Broncos,0,5,0,1 Yard Pass,3rd & 12 at DEN 25,08:03 1st Shotgun,— B.Nix pass short left to T.Badie to DEN 26 for 1 yard (M.Brown).
2026,WEEK 2,Sunday,September 20th,JAX,DEN,1st Quarter,3,Denver Broncos,0,6,0,Punt,4th & 11 at DEN 26,07:22 1st,"— J.Crawshaw punts 48 yards to JAX 26, Center-M.Fraboni. P.Washington to JAX 38 for 12 yards (Q.Robinson)."
2026,WEEK 2,Sunday,September 20th,JAX,DEN,1st Quarter,4,Jacksonville Jaguars,0,1,0,Pass Incomplete,1st & 10 at JAX 38,07:10 1st Shotgun,— T.Lawrence pass incomplete short right to Bri.Thomas.
2026,WEEK 2,Sunday,September 20th,JAX,DEN,1st Quarter,4,Jacksonville Jaguars,0,2,0,9 Yard Pass,2nd & 10 at JAX 38,07:07 1st Shotgun,— T.Lawrence pass short right to P.Washington to JAX 47 for 9 yards (J.McMillian).
2026,WEEK 2,Sunday,September 20th,JAX,DEN,1st Quarter,4,Jacksonville Jaguars,0,3,0,3 Yard Run,3rd & 1 at JAX 47,06:24 1st Shotgun,— T.Lawrence right end to 50 for 3 yards (J.Elliss; P.Surtain).
2026,WEEK 2,Sunday,September 20th,JAX,DEN,1st Quarter,4,Jacksonville Jaguars,0,4,0,3 Yard Run,1st & 10 at 50,05:39 1st,— B.Tuten right end to DEN 47 for 3 yards (J.Strnad).
2026,WEEK 2,Sunday,September 20th,JAX,DEN,1st Quarter,4,Jacksonville Jaguars,0,5,0,-11 Yard Sack,2nd & 7 at DEN 47,05:08 1st Shotgun,— T.Lawrence sacked at JAX 42 for -11 yards (Q.Robinson).
2026,WEEK 2,Sunday,September 20th,JAX,DEN,1st Quarter,4,Jacksonville Jaguars,0,6,0,Timeout,,04:24 1st,— Timeout #1 by JAX at 04:24.
2026,WEEK 2,Sunday,September 20th,JAX,DEN,1st Quarter,4,Jacksonville Jaguars,0,7,0,Pass Incomplete,3rd & 18 at JAX 42,04:24 1st Shotgun,— T.Lawrence pass incomplete short middle to Bri.Thomas (J.Elliss).
2026,WEEK 2,Sunday,September 20th,JAX,DEN,1st Quarter,4,Jacksonville Jaguars,0,8,0,Punt,4th & 18 at JAX 42,04:19 1st,"— L.Cooke punts 46 yards to DEN 12, Center-R.Matiscik. K.Abrams-Draine to DEN 11 for -1 yards (R.Lane)."
2026,WEEK 2,Sunday,September 20th,JAX,DEN,1st Quarter,5,Denver Broncos,0,1,0,5 Yard Run,1st & 10 at DEN 11,04:10 1st,— J.Dobbins up the middle to DEN 16 for 5 yards (D.Gardeck).
2026,WEEK 2,Sunday,September 20th,JAX,DEN,1st Quarter,5,Denver Broncos,0,2,0,7 Yard Pass,2nd & 5 at DEN 16,03:38 1st No Huddle,— B.Nix pass short right to N.Adkins to DEN 23 for 7 yards (V.Miller).
2026,WEEK 2,Sunday,September 20th,JAX,DEN,1st Quarter,5,Denver Broncos,0,3,0,Pass Incomplete,1st & 10 at DEN 23,03:01 1st,— B.Nix pass incomplete short right to J.Waddle.
2026,WEEK 2,Sunday,September 20th,JAX,DEN,1st Quarter,5,Denver Broncos,0,4,0,8 Yard Pass,2nd & 10 at DEN 23,02:56 1st Shotgun,— B.Nix pass short left to J.Coleman pushed ob at DEN 31 for 8 yards (T.Hunter).
2026,WEEK 2,Sunday,September 20th,JAX,DEN,1st Quarter,5,Denver Broncos,0,5,0,Pass Incomplete,3rd & 2 at DEN 31,02:17 1st Shotgun,— B.Nix pass incomplete deep right to J.Waddle.
2026,WEEK 2,Sunday,September 20th,JAX,DEN,1st Quarter,5,Denver Broncos,0,6,0,Punt,4th & 2 at DEN 31,02:12 1st,"— J.Crawshaw punts 41 yards to JAX 28, Center-M.Fraboni, out of bounds."
2026,WEEK 2,Sunday,September 20th,JAX,DEN,2nd Quarter,1,Jacksonville Jaguars,1,1,0,3 Yard Run,1st & 10 at JAX 28,02:05 1st,— B.Tuten up the middle to JAX 31 for 3 yards (J.Strnad; M.Roach).
2026,WEEK 2,Sunday,September 20th,JAX,DEN,2nd Quarter,1,Jacksonville Jaguars,1,2,0,6 Yard Run,2nd & 7 at JAX 31,01:27 1st,— B.Tuten right tackle to JAX 37 for 6 yards (E.Uwazurike).
2026,WEEK 2,Sunday,September 20th,JAX,DEN,2nd Quarter,1,Jacksonville Jaguars,1,3,0,2 Yard Run,3rd & 1 at JAX 37,00:50 1st Shotgun,— Direct snap to C.Rodriguez. C.Rodriguez up the middle to JAX 39 for 2 yards (M.Roach).
2026,WEEK 2,Sunday,September 20th,JAX,DEN,2nd Quarter,1,Jacksonville Jaguars,1,4,0,14 Yard Pass,1st & 10 at JAX 39,00:13 1st,— T.Lawrence pass short left to B.Strange to DEN 47 for 14 yards (T.Hufanga) [M.Roach].
2026,WEEK 2,Sunday,September 20th,JAX,DEN,2nd Quarter,1,Jacksonville Jaguars,1,5,0,22 Yard Pass,1st & 10 at DEN 47,15:00 2nd Shotgun,— T.Lawrence pass short left to Bri.Thomas to DEN 25 for 22 yards (B.Jones).
2026,WEEK 2,Sunday,September 20th,JAX,DEN,2nd Quarter,1,Jacksonville Jaguars,1,6,0,-3 Yard Pass,1st & 10 at DEN 25,14:16 2nd,— T.Lawrence pass short left to B.Tuten to DEN 28 for -3 yards (T.Hufanga).
2026,WEEK 2,Sunday,September 20th,JAX,DEN,2nd Quarter,1,Jacksonville Jaguars,1,7,0,-5 Yard Penalty,2nd & 13 at DEN 28,13:32 2nd Shotgun,"— T.Lawrence pass short left to B.Strange to DEN 18 for 10 yards (J.Elliss; T.Hufanga). PENALTY on JAX-P.Washington, Illegal Shift, 5 yards, enforced at DEN 28 - No Play."
2026,WEEK 2,Sunday,September 20th,JAX,DEN,2nd Quarter,1,Jacksonville Jaguars,1,8,0,32 Yard Pass,2nd & 18 at DEN 33,13:06 2nd Shotgun,— T.Lawrence pass deep middle to P.Washington to DEN 1 for 32 yards (B.Jones).
2026,WEEK 2,Sunday,September 20th,JAX,DEN,2nd Quarter,1,Jacksonville Jaguars,1,9,1,Touchdown,1st & 1 at DEN 1,12:17 2nd Shotgun,"— W.Milum reported in as eligible. Direct snap to B.Tuten. B.Tuten right end for 1 yard, TOUCHDOWN."
2026,WEEK 2,Sunday,September 20th,JAX,DEN,2nd Quarter,1,Jacksonville Jaguars,1,10,1,Extra Point,,12:13 2nd,"— C.Little extra point is GOOD, Center-R.Matiscik, Holder-L.Cooke."
2026,WEEK 2,Sunday,September 20th,JAX,DEN,2nd Quarter,2,Denver Broncos,1,1,0,Kickoff from JAX 35,,Kickoff,— C.Little kicks 63 yards from JAX 35 to DEN 2. T.Badie to DEN 40 for 38 yards (J.Tavai).
2026,WEEK 2,Sunday,September 20th,JAX,DEN,2nd Quarter,2,Denver Broncos,1,2,0,-5 Yard Penalty,1st & 10 at DEN 40,12:06 2nd,"— B.Nix pass short right to E.Engram to DEN 45 for 5 yards (T.Hunter). PENALTY on DEN-M.McGlinchey, Illegal Formation, 5 yards, enforced at DEN 40 - No Play."
2026,WEEK 2,Sunday,September 20th,JAX,DEN,2nd Quarter,2,Denver Broncos,1,3,0,8 Yard Pass,1st & 15 at DEN 35,11:43 2nd Shotgun,— B.Nix pass short right to C.Sutton to DEN 43 for 8 yards (A.Johnson).
2026,WEEK 2,Sunday,September 20th,JAX,DEN,2nd Quarter,2,Denver Broncos,1,4,0,6 Yard Run,2nd & 7 at DEN 43,11:08 2nd,— J.Dobbins left guard to DEN 49 for 6 yards (J.Hines-Allen; D.Hamilton).
2026,WEEK 2,Sunday,September 20th,JAX,DEN,2nd Quarter,2,Denver Broncos,1,5,0,1 Yard Run,3rd & 1 at DEN 49,10:34 2nd Shotgun,"— B.Nix left end to 50 for 1 yard (V.Miller). Jacksonville challenged the first down ruling, and the play was Upheld. The ruling on the field stands. (Timeout #2.)"
2026,WEEK 2,Sunday,September 20th,JAX,DEN,2nd Quarter,2,Denver Broncos,1,6,0,49 Yard Pass,1st & 10 at 50,10:04 2nd Shotgun,— B.Nix pass deep middle to J.Waddle to JAX 1 for 49 yards (M.Brown).
2026,WEEK 2,Sunday,September 20th,JAX,DEN,2nd Quarter,2,Denver Broncos,1,7,0,0 Yard Run,1st & 1 at JAX 1,09:16 2nd,— J.Dobbins right guard to JAX 1 for no gain (A.Johnson; T.Walker).
2026,WEEK 2,Sunday,September 20th,JAX,DEN,2nd Quarter,2,Denver Broncos,1,8,0,0 Yard Run,2nd & 1 at JAX 1,08:34 2nd,— A.Palczewski reported in as eligible. J.Dobbins left end to JAX 1 for no gain (V.Miller; T.Walker).
2026,WEEK 2,Sunday,September 20th,JAX,DEN,2nd Quarter,2,Denver Broncos,1,9,0,-1 Yard Run,3rd & 1 at JAX 1,07:52 2nd,"— J.Dobbins left end to JAX 2 for -1 yards (D.Gardeck, J.Hines-Allen)."
2026,WEEK 2,Sunday,September 20th,JAX,DEN,2nd Quarter,2,Denver Broncos,1,10,1,Field Goal,4th & 2 at JAX 2,07:03 2nd,"— W.Lutz 20 yard field goal is GOOD, Center-M.Fraboni, Holder-J.Crawshaw."
2026,WEEK 2,Sunday,September 20th,JAX,DEN,2nd Quarter,3,Jacksonville Jaguars,0,1,0,Kickoff from DEN 35,,Kickoff,— W.Lutz kicks 58 yards from DEN 35 to JAX 7. A.Abdullah to JAX 31 for 24 yards (T.Badie).
2026,WEEK 2,Sunday,September 20th,JAX,DEN,2nd Quarter,3,Jacksonville Jaguars,0,2,0,1 Yard Run,1st & 10 at JAX 31,06:56 2nd,— C.Rodriguez right guard to JAX 32 for 1 yard (A.Singleton).
2026,WEEK 2,Sunday,September 20th,JAX,DEN,2nd Quarter,3,Jacksonville Jaguars,0,3,0,Pass Incomplete,2nd & 9 at JAX 32,06:17 2nd Shotgun,— T.Lawrence pass incomplete short left to P.Washington [Z.Allen].
2026,WEEK 2,Sunday,September 20th,JAX,DEN,2nd Quarter,3,Jacksonville Jaguars,0,4,0,-5 Yard Sack,3rd & 9 at JAX 32,06:14 2nd Shotgun,— T.Lawrence sacked at JAX 27 for -5 yards (M.Roach).
2026,WEEK 2,Sunday,September 20th,JAX,DEN,2nd Quarter,3,Jacksonville Jaguars,0,5,0,Punt,4th & 9 at JAX 32,05:28 2nd,"— L.Cooke punts 53 yards to DEN 15, Center-R.Matiscik. K.Abrams-Draine MUFFS catch, and recovers at DEN 13. K.Abrams-Draine to DEN 16 for 3 yards (R.Lane; R.Matiscik)."
2026,WEEK 2,Sunday,September 20th,JAX,DEN,2nd Quarter,4,Denver Broncos,0,1,0,0 Yard Run,1st & 10 at DEN 16,05:18 2nd,— J.Coleman right tackle to DEN 16 for no gain (D.Hamilton).
2026,WEEK 2,Sunday,September 20th,JAX,DEN,2nd Quarter,4,Denver Broncos,0,2,0,20 Yard Pass,2nd & 10 at DEN 16,04:43 2nd Shotgun,— B.Nix pass short right to J.Waddle to DEN 36 for 20 yards (A.Johnson).
2026,WEEK 2,Sunday,September 20th,JAX,DEN,2nd Quarter,4,Denver Broncos,0,3,0,1 Yard Pass,1st & 10 at DEN 36,"04:12 2nd No Huddle, Shotgun","— B.Nix pass short left to J.Waddle to DEN 37 for 1 yard (B.Combs; F.Oluokun). Penalty on DEN-L.Wattenberg, Ineligible Downfield Pass, declined."
2026,WEEK 2,Sunday,September 20th,JAX,DEN,2nd Quarter,4,Denver Broncos,0,4,0,27 Yard Pass,2nd & 9 at DEN 37,03:52 2nd Shotgun,— B.Nix pass short left to T.Badie to JAX 36 for 27 yards (J.Lewis).
2026,WEEK 2,Sunday,September 20th,JAX,DEN,2nd Quarter,4,Denver Broncos,0,5,0,27 Yard Pass,1st & 10 at JAX 36,"03:17 2nd No Huddle, Shotgun",— B.Nix pass deep left to T.Franklin ran ob at JAX 9 for 27 yards.
2026,WEEK 2,Sunday,September 20th,JAX,DEN,2nd Quarter,4,Denver Broncos,0,6,0,Pass Incomplete,1st & 9 at JAX 9,"03:00 2nd No Huddle, Shotgun",— B.Nix pass incomplete short right to T.Badie.
2026,WEEK 2,Sunday,September 20th,JAX,DEN,2nd Quarter,4,Denver Broncos,0,7,0,1 Yard Run,2nd & 9 at JAX 9,02:56 2nd,— J.Coleman right end to JAX 8 for 1 yard (F.Oluokun; D.Striggow).
2026,WEEK 2,Sunday,September 20th,JAX,DEN,2nd Quarter,4,Denver Broncos,0,8,0,Interception,3rd & 8 at JAX 8,02:15 2nd Shotgun,— B.Nix pass deep left intended for C.Sutton INTERCEPTED by J.Lewis at JAX -8. Touchback.
2026,WEEK 2,Sunday,September 20th,JAX,DEN,2nd Quarter,5,Jacksonville Jaguars,1,1,0,-10 Yard Penalty,1st & 10 at JAX 20,02:08 2nd Shotgun,"— T.Lawrence pass short left to B.Tuten to JAX 34 for 14 yards (J.Strnad; T.Hufanga). PENALTY on JAX-R.Hainsey, Illegal Block Above the Waist, 10 yards, enforced at JAX 20 - No Play."
2026,WEEK 2,Sunday,September 20th,JAX,DEN,2nd Quarter,5,Jacksonville Jaguars,1,2,0,11 Yard Pass,1st & 20 at JAX 10,02:00 2nd Shotgun,— T.Lawrence pass short left to P.Washington to JAX 21 for 11 yards (T.Hufanga; J.Strnad).
2026,WEEK 2,Sunday,September 20th,JAX,DEN,2nd Quarter,5,Jacksonville Jaguars,1,3,0,9 Yard Pass,2nd & 9 at JAX 21,01:21 2nd Shotgun,— T.Lawrence pass short right to Bri.Thomas to JAX 30 for 9 yards (R.Moss).
2026,WEEK 2,Sunday,September 20th,JAX,DEN,2nd Quarter,5,Jacksonville Jaguars,1,4,0,18 Yard Pass,1st & 10 at JAX 30,"01:00 2nd No Huddle, Shotgun",— T.Lawrence pass deep left to P.Washington to JAX 48 for 18 yards (J.McMillian).
2026,WEEK 2,Sunday,September 20th,JAX,DEN,2nd Quarter,5,Jacksonville Jaguars,1,5,0,5 Yard Pass,1st & 10 at JAX 48,"00:43 2nd No Huddle, Shotgun",— T.Lawrence pass short left to P.Washington to DEN 47 for 5 yards (J.McMillian).
2026,WEEK 2,Sunday,September 20th,JAX,DEN,2nd Quarter,5,Jacksonville Jaguars,1,6,0,9 Yard Pass,2nd & 5 at DEN 47,"00:21 2nd No Huddle, Shotgun",— T.Lawrence pass short right to Bri.Thomas pushed ob at DEN 38 for 9 yards (P.Surtain).
2026,WEEK 2,Sunday,September 20th,JAX,DEN,2nd Quarter,5,Jacksonville Jaguars,1,7,0,12 Yard Pass,1st & 10 at DEN 38,00:16 2nd Shotgun,"— T.Lawrence pass short right to Q.Morris to DEN 31 for 7 yards (A.Singleton; P.Surtain). PENALTY on DEN-T.Hufanga, Defensive Delay of Game, 5 yards, enforced at DEN 31."
2026,WEEK 2,Sunday,September 20th,JAX,DEN,2nd Quarter,5,Jacksonville Jaguars,1,8,0,Timeout,,00:03 2nd,— Timeout #3 by JAX at 00:03.
2026,WEEK 2,Sunday,September 20th,JAX,DEN,2nd Quarter,5,Jacksonville Jaguars,1,9,1,Field Goal,1st & 10 at DEN 26,00:03 2nd,"— C.Little 44 yard field goal is GOOD, Center-R.Matiscik, Holder-L.Cooke."
2026,WEEK 2,Sunday,September 20th,JAX,DEN,3rd Quarter,1,Jacksonville Jaguars,1,1,0,Kickoff from DEN 35,,Kickoff,— W.Lutz kicks 58 yards from DEN 35 to JAX 7. J.Cameron to JAX 31 for 24 yards (A.Prentice).
2026,WEEK 2,Sunday,September 20th,JAX,DEN,3rd Quarter,1,Jacksonville Jaguars,1,2,0,16 Yard Run,1st & 10 at JAX 31,14:51 3rd,— B.Tuten right end pushed ob at JAX 47 for 16 yards (A.Singleton).
2026,WEEK 2,Sunday,September 20th,JAX,DEN,3rd Quarter,1,Jacksonville Jaguars,1,3,0,18 Yard Pass,1st & 10 at JAX 47,14:13 3rd Shotgun,— T.Lawrence pass deep middle to P.Washington to DEN 35 for 18 yards (P.Surtain).
2026,WEEK 2,Sunday,September 20th,JAX,DEN,3rd Quarter,1,Jacksonville Jaguars,1,4,0,11 Yard Run,1st & 10 at DEN 35,13:34 3rd,— B.Tuten up the middle to DEN 24 for 11 yards (T.Hufanga).
2026,WEEK 2,Sunday,September 20th,JAX,DEN,3rd Quarter,1,Jacksonville Jaguars,1,5,0,3 Yard Run,1st & 10 at DEN 24,12:50 3rd Shotgun,— C.Rodriguez left tackle to DEN 21 for 3 yards (A.Singleton; J.McMillian).
2026,WEEK 2,Sunday,September 20th,JAX,DEN,3rd Quarter,1,Jacksonville Jaguars,1,6,0,3 Yard Run,2nd & 7 at DEN 21,12:09 3rd Shotgun,— T.Lawrence right end to DEN 18 for 3 yards (B.Jones).
2026,WEEK 2,Sunday,September 20th,JAX,DEN,3rd Quarter,1,Jacksonville Jaguars,1,7,0,9 Yard Run,3rd & 4 at DEN 18,11:26 3rd Shotgun,— B.Tuten right end pushed ob at DEN 9 for 9 yards (A.Singleton).
2026,WEEK 2,Sunday,September 20th,JAX,DEN,3rd Quarter,1,Jacksonville Jaguars,1,8,0,6 Yard Pass,1st & 9 at DEN 9,10:49 3rd Shotgun,"— T.Lawrence pass short right to B.Strange to DEN 6 for 3 yards (A.Singleton). PENALTY on DEN-A.Singleton, Unnecessary Roughness, 3 yards, enforced at DEN 6."
2026,WEEK 2,Sunday,September 20th,JAX,DEN,3rd Quarter,1,Jacksonville Jaguars,1,9,0,-2 Yard Run,1st & 3 at DEN 3,10:30 3rd,"— C.Rodriguez right tackle to DEN 5 for -2 yards (J.Strnad, Q.Robinson)."
2026,WEEK 2,Sunday,September 20th,JAX,DEN,3rd Quarter,1,Jacksonville Jaguars,1,10,0,0 Yard Pass,2nd & 5 at DEN 5,09:49 3rd Shotgun,— T.Lawrence pass short right to B.Tuten pushed ob at DEN 5 for no gain (B.Jones).
2026,WEEK 2,Sunday,September 20th,JAX,DEN,3rd Quarter,1,Jacksonville Jaguars,1,11,0,Pass Incomplete,3rd & 5 at DEN 5,09:12 3rd Shotgun,— T.Lawrence pass incomplete short middle to L.Allen (A.Singleton).
2026,WEEK 2,Sunday,September 20th,JAX,DEN,3rd Quarter,1,Jacksonville Jaguars,1,12,1,Field Goal,4th & 5 at DEN 5,09:05 3rd,"— C.Little 23 yard field goal is GOOD, Center-R.Matiscik, Holder-L.Cooke."
2026,WEEK 2,Sunday,September 20th,JAX,DEN,3rd Quarter,2,Denver Broncos,1,1,0,Kickoff from JAX 35,,Kickoff,— C.Little kicks 60 yards from JAX 35 to DEN 5. T.Badie to DEN 28 for 23 yards (D.Gardeck).
2026,WEEK 2,Sunday,September 20th,JAX,DEN,3rd Quarter,2,Denver Broncos,1,2,0,2 Yard Run,1st & 10 at DEN 28,08:57 3rd,— J.Dobbins up the middle to DEN 30 for 2 yards (D.Hamilton).
2026,WEEK 2,Sunday,September 20th,JAX,DEN,3rd Quarter,2,Denver Broncos,1,3,0,6 Yard Run,2nd & 8 at DEN 30,08:14 3rd Shotgun,— N.Adkins left end pushed ob at DEN 36 for 6 yards (A.Johnson).
2026,WEEK 2,Sunday,September 20th,JAX,DEN,3rd Quarter,2,Denver Broncos,1,4,0,16 Yard Pass,3rd & 2 at DEN 36,07:38 3rd Shotgun,— B.Nix pass short left to J.Waddle ran ob at JAX 48 for 16 yards (F.Oluokun).
2026,WEEK 2,Sunday,September 20th,JAX,DEN,3rd Quarter,2,Denver Broncos,1,5,0,16 Yard Run,1st & 10 at JAX 48,07:01 3rd,— P.Bryant right end to JAX 32 for 16 yards (A.Johnson).
2026,WEEK 2,Sunday,September 20th,JAX,DEN,3rd Quarter,2,Denver Broncos,1,6,0,-5 Yard Penalty,1st & 10 at JAX 32,06:11 3rd,"— PENALTY on DEN, Delay of Game, 5 yards, enforced at JAX 32 - No Play."
2026,WEEK 2,Sunday,September 20th,JAX,DEN,3rd Quarter,2,Denver Broncos,1,7,0,10 Yard Pass,1st & 15 at JAX 37,05:49 3rd Shotgun,— B.Nix pass short left to C.Sutton to JAX 27 for 10 yards (J.Lewis).
2026,WEEK 2,Sunday,September 20th,JAX,DEN,3rd Quarter,2,Denver Broncos,1,8,0,Pass Incomplete,2nd & 5 at JAX 27,05:11 3rd,— B.Nix pass incomplete short right.
2026,WEEK 2,Sunday,September 20th,JAX,DEN,3rd Quarter,2,Denver Broncos,1,9,0,Pass Incomplete,3rd & 5 at JAX 27,05:07 3rd Shotgun,"— B.Nix pass incomplete short left [D.Gardeck]. Penalty on DEN-L.Wattenberg, Offensive Holding, declined."
2026,WEEK 2,Sunday,September 20th,JAX,DEN,3rd Quarter,2,Denver Broncos,1,10,1,Field Goal,4th & 5 at JAX 27,05:02 3rd,"— W.Lutz 45 yard field goal is GOOD, Center-M.Fraboni, Holder-J.Crawshaw."
2026,WEEK 2,Sunday,September 20th,JAX,DEN,3rd Quarter,3,Jacksonville Jaguars,0,1,0,Kickoff from DEN 35,,Kickoff,— W.Lutz kicks 63 yards from DEN 35 to JAX 2. A.Abdullah to JAX 32 for 30 yards (D.Key; D.Tillman).
2026,WEEK 2,Sunday,September 20th,JAX,DEN,3rd Quarter,3,Jacksonville Jaguars,0,2,0,5 Yard Penalty,1st & 10 at JAX 32,04:53 3rd,"— T.Lawrence pass short right to N.Boerkircher to JAX 39 for 7 yards (J.Strnad). PENALTY on DEN-N.Bonitto, Defensive Offside, 5 yards, enforced at JAX 32 - No Play."
2026,WEEK 2,Sunday,September 20th,JAX,DEN,3rd Quarter,3,Jacksonville Jaguars,0,3,0,0 Yard Run,1st & 5 at JAX 37,04:37 3rd,— A.Abdullah left tackle to JAX 37 for no gain (J.Strnad).
2026,WEEK 2,Sunday,September 20th,JAX,DEN,3rd Quarter,3,Jacksonville Jaguars,0,4,0,9 Yard Run,2nd & 5 at JAX 37,03:55 3rd Shotgun,— A.Abdullah left tackle to JAX 46 for 9 yards (T.Hufanga).
2026,WEEK 2,Sunday,September 20th,JAX,DEN,3rd Quarter,3,Jacksonville Jaguars,0,5,0,2 Yard Pass,1st & 10 at JAX 46,03:10 3rd Shotgun,— T.Lawrence pass short left to A.Abdullah pushed ob at JAX 48 for 2 yards (P.Surtain; A.Singleton).
2026,WEEK 2,Sunday,September 20th,JAX,DEN,3rd Quarter,3,Jacksonville Jaguars,0,6,0,2 Yard Run,2nd & 8 at JAX 48,02:23 3rd Shotgun,— B.Tuten right end to 50 for 2 yards (A.Singleton).
2026,WEEK 2,Sunday,September 20th,JAX,DEN,3rd Quarter,3,Jacksonville Jaguars,0,7,0,Interception,3rd & 6 at 50,01:40 3rd Shotgun,— T.Lawrence pass deep left intended for P.Washington INTERCEPTED by R.Moss [N.Bonitto] at DEN 33. R.Moss to DEN 36 for 3 yards (P.Washington).
2026,WEEK 2,Sunday,September 20th,JAX,DEN,4th Quarter,1,Denver Broncos,1,1,0,4 Yard Run,1st & 10 at DEN 36,01:33 3rd,— J.Dobbins left tackle to DEN 40 for 4 yards (F.Oluokun).
2026,WEEK 2,Sunday,September 20th,JAX,DEN,4th Quarter,1,Denver Broncos,1,2,0,8 Yard Run,2nd & 6 at DEN 40,00:57 3rd Shotgun,— B.Nix left end ran ob at DEN 48 for 8 yards (F.Oluokun).
2026,WEEK 2,Sunday,September 20th,JAX,DEN,4th Quarter,1,Denver Broncos,1,3,0,18 Yard Pass,1st & 10 at DEN 48,00:26 3rd,— B.Nix pass deep left to N.Adkins to JAX 34 for 18 yards (J.Jones).
2026,WEEK 2,Sunday,September 20th,JAX,DEN,4th Quarter,1,Denver Broncos,1,4,0,2 Yard Pass,1st & 10 at JAX 34,15:00 4th Shotgun,— B.Nix pass short left to A.Prentice pushed ob at JAX 32 for 2 yards (D.Gardeck).
2026,WEEK 2,Sunday,September 20th,JAX,DEN,4th Quarter,1,Denver Broncos,1,5,0,1 Yard Run,2nd & 8 at JAX 32,14:29 4th,— T.Badie right guard to JAX 31 for 1 yard (D.Hamilton; V.Miller).
2026,WEEK 2,Sunday,September 20th,JAX,DEN,4th Quarter,1,Denver Broncos,1,6,0,14 Yard Pass,3rd & 7 at JAX 31,13:52 4th Shotgun,— B.Nix pass short middle to J.Waddle to JAX 17 for 14 yards (E.Murray).
2026,WEEK 2,Sunday,September 20th,JAX,DEN,4th Quarter,1,Denver Broncos,1,7,0,2 Yard Run,1st & 10 at JAX 17,13:14 4th Shotgun,— J.Coleman up the middle to JAX 15 for 2 yards (D.Gardeck).
2026,WEEK 2,Sunday,September 20th,JAX,DEN,4th Quarter,1,Denver Broncos,1,8,0,8 Yard Pass,2nd & 8 at JAX 15,12:31 4th Shotgun,— B.Nix pass short left to J.Waddle pushed ob at JAX 7 for 8 yards (M.Brown).
2026,WEEK 2,Sunday,September 20th,JAX,DEN,4th Quarter,1,Denver Broncos,1,9,0,Pass Incomplete,1st & 7 at JAX 7,11:56 4th Shotgun,— B.Nix pass incomplete short left to T.Franklin.
2026,WEEK 2,Sunday,September 20th,JAX,DEN,4th Quarter,1,Denver Broncos,1,10,1,Touchdown,2nd & 7 at JAX 7,11:53 4th,"— B.Nix pass short right to N.Adkins for 7 yards, TOUCHDOWN."
2026,WEEK 2,Sunday,September 20th,JAX,DEN,4th Quarter,1,Denver Broncos,1,11,1,Extra Point,,11:47 4th,"— W.Lutz extra point is GOOD, Center-M.Fraboni, Holder-J.Crawshaw."
2026,WEEK 2,Sunday,September 20th,JAX,DEN,4th Quarter,2,Jacksonville Jaguars,0,1,0,Kickoff from DEN 35,,Kickoff,— W.Lutz kicks 59 yards from DEN 35 to JAX 6. J.Cameron to JAX 32 for 26 yards (J.Turner; T.Anderson).
2026,WEEK 2,Sunday,September 20th,JAX,DEN,4th Quarter,2,Jacksonville Jaguars,0,2,0,Pass Incomplete,1st & 10 at JAX 32,11:42 4th Shotgun,— T.Lawrence pass incomplete deep left to P.Washington.
2026,WEEK 2,Sunday,September 20th,JAX,DEN,4th Quarter,2,Jacksonville Jaguars,0,3,0,2 Yard Run,2nd & 10 at JAX 32,11:38 4th Shotgun,— B.Tuten right tackle to JAX 34 for 2 yards (Z.Allen).
2026,WEEK 2,Sunday,September 20th,JAX,DEN,4th Quarter,2,Jacksonville Jaguars,0,4,0,28 Yard Pass,3rd & 8 at JAX 34,"11:11 4th No Huddle, Shotgun",— T.Lawrence pass deep left to J.Meyers to DEN 38 for 28 yards (T.Hufanga).
2026,WEEK 2,Sunday,September 20th,JAX,DEN,4th Quarter,2,Jacksonville Jaguars,0,5,0,Pass Incomplete,1st & 10 at DEN 38,"10:37 4th No Huddle, Shotgun",— T.Lawrence pass incomplete short left to Bri.Thomas (R.Moss).
2026,WEEK 2,Sunday,September 20th,JAX,DEN,4th Quarter,2,Jacksonville Jaguars,0,6,0,2 Yard Run,2nd & 10 at DEN 38,10:32 4th,— B.Tuten up the middle to DEN 36 for 2 yards (J.Elliss; A.Singleton).
2026,WEEK 2,Sunday,September 20th,JAX,DEN,4th Quarter,2,Jacksonville Jaguars,0,7,0,Timeout,,09:50 4th,— Timeout #1 by JAX at 09:50.
2026,WEEK 2,Sunday,September 20th,JAX,DEN,4th Quarter,2,Jacksonville Jaguars,0,8,0,Pass Incomplete,3rd & 8 at DEN 36,09:50 4th Shotgun,— T.Lawrence pass incomplete short right to P.Washington (J.McMillian).
2026,WEEK 2,Sunday,September 20th,JAX,DEN,4th Quarter,2,Jacksonville Jaguars,0,9,0,Field Goal No Good,4th & 8 at DEN 36,09:45 4th,"— C.Little 54 yard field goal is No Good, Wide Left, Center-R.Matiscik, Holder-L.Cooke."
2026,WEEK 2,Sunday,September 20th,JAX,DEN,4th Quarter,3,Denver Broncos,1,1,0,4 Yard Pass,1st & 10 at DEN 44,09:42 4th Shotgun,— B.Nix pass short right to J.Coleman to DEN 48 for 4 yards (J.Lewis) [T.Walker].
2026,WEEK 2,Sunday,September 20th,JAX,DEN,4th Quarter,3,Denver Broncos,1,2,0,7 Yard Pass,2nd & 6 at DEN 48,09:08 4th Shotgun,— B.Nix pass short left to C.Sutton to JAX 45 for 7 yards (T.Hunter).
2026,WEEK 2,Sunday,September 20th,JAX,DEN,4th Quarter,3,Denver Broncos,1,3,0,17 Yard Pass,1st & 10 at JAX 45,08:23 4th Shotgun,— B.Nix pass deep left to E.Engram to JAX 28 for 17 yards (T.Hunter).
2026,WEEK 2,Sunday,September 20th,JAX,DEN,4th Quarter,3,Denver Broncos,1,4,0,Pass Incomplete,1st & 10 at JAX 28,07:34 4th Shotgun,— B.Nix pass incomplete short left to L.Humphrey (J.Jones).
2026,WEEK 2,Sunday,September 20th,JAX,DEN,4th Quarter,3,Denver Broncos,1,5,0,25 Yard Penalty,2nd & 10 at JAX 28,07:30 4th Shotgun,"— B.Nix pass incomplete deep right to C.Sutton. PENALTY on JAX-T.Hunter, Defensive Pass Interference, 22 yards, enforced at JAX 28 - No Play. PENALTY on JAX, Unsportsmanlike Conduct, 3 yards, enforced between downs."
2026,WEEK 2,Sunday,September 20th,JAX,DEN,4th Quarter,3,Denver Broncos,1,6,1,Touchdown,1st & 3 at JAX 3,07:24 4th,"— J.Coleman right tackle for 3 yards, TOUCHDOWN."
2026,WEEK 2,Sunday,September 20th,JAX,DEN,4th Quarter,3,Denver Broncos,1,7,1,Extra Point,,07:21 4th,"— W.Lutz extra point is GOOD, Center-M.Fraboni, Holder-J.Crawshaw."
2026,WEEK 2,Sunday,September 20th,JAX,DEN,4th Quarter,4,Jacksonville Jaguars,0,1,0,Kickoff from DEN 35,,Kickoff,"— W.Lutz kicks 65 yards from DEN 35 to landing zone to end zone, Touchback to the JAX 20."
2026,WEEK 2,Sunday,September 20th,JAX,DEN,4th Quarter,4,Jacksonville Jaguars,0,2,0,8 Yard Run,1st & 10 at JAX 20,07:21 4th,— W.Milum reported in as eligible. B.Tuten left end to JAX 28 for 8 yards (R.Moss).
2026,WEEK 2,Sunday,September 20th,JAX,DEN,4th Quarter,4,Jacksonville Jaguars,0,3,0,2 Yard Run,2nd & 2 at JAX 28,06:41 4th,— A.Abdullah left tackle to JAX 30 for 2 yards (J.Elliss).
2026,WEEK 2,Sunday,September 20th,JAX,DEN,4th Quarter,4,Jacksonville Jaguars,0,4,0,5 Yard Penalty,1st & 10 at JAX 30,06:03 4th Shotgun,"— T.Lawrence sacked at JAX 28 for -2 yards (sack split by Z.Allen and J.Elliss). PENALTY on DEN-P.Surtain, Illegal Contact, 5 yards, enforced at JAX 30 - No Play."
2026,WEEK 2,Sunday,September 20th,JAX,DEN,4th Quarter,4,Jacksonville Jaguars,0,5,0,-1 Yard Run,1st & 10 at JAX 35,05:35 4th Shotgun,— B.Tuten left end pushed ob at JAX 34 for -1 yards (M.Roach).
2026,WEEK 2,Sunday,September 20th,JAX,DEN,4th Quarter,4,Jacksonville Jaguars,0,6,0,Pass Incomplete,2nd & 11 at JAX 34,04:56 4th Shotgun,— T.Lawrence pass incomplete short right to Bri.Thomas (R.Moss).
2026,WEEK 2,Sunday,September 20th,JAX,DEN,4th Quarter,4,Jacksonville Jaguars,0,7,0,Pass Incomplete,3rd & 11 at JAX 34,04:52 4th Shotgun,— T.Lawrence pass incomplete deep left to Bri.Thomas (P.Surtain) [N.Bonitto].
2026,WEEK 2,Sunday,September 20th,JAX,DEN,4th Quarter,4,Jacksonville Jaguars,0,8,0,Punt,4th & 11 at JAX 34,04:46 4th,"— L.Cooke punts 46 yards to DEN 20, Center-R.Matiscik, out of bounds."
2026,WEEK 2,Sunday,September 20th,JAX,DEN,4th Quarter,5,Denver Broncos,0,1,0,6 Yard Run,1st & 10 at DEN 20,04:41 4th,— J.Coleman left guard to DEN 26 for 6 yards (V.Miller).
2026,WEEK 2,Sunday,September 20th,JAX,DEN,4th Quarter,5,Denver Broncos,0,2,0,1 Yard Run,2nd & 4 at DEN 26,03:59 4th Shotgun,— J.Coleman left tackle to DEN 27 for 1 yard (D.Hamilton; T.Walker). JAX-D.Hamilton was injured during the play.
2026,WEEK 2,Sunday,September 20th,JAX,DEN,4th Quarter,5,Denver Broncos,0,3,0,29 Yard Pass,3rd & 3 at DEN 27,03:41 4th Shotgun,"— B.Nix pass deep right to J.Waddle to JAX 44 for 29 yards (J.Lewis). Penalty on JAX-M.Brown, Defensive Holding, declined."
2026,WEEK 2,Sunday,September 20th,JAX,DEN,4th Quarter,5,Denver Broncos,0,4,0,3 Yard Run,1st & 10 at JAX 44,03:33 4th,— J.Coleman right guard to JAX 41 for 3 yards (A.Regis; V.Miller).
2026,WEEK 2,Sunday,September 20th,JAX,DEN,4th Quarter,5,Denver Broncos,0,5,0,Timeout,,03:26 4th,— Timeout #2 by JAX at 03:26.
2026,WEEK 2,Sunday,September 20th,JAX,DEN,4th Quarter,5,Denver Broncos,0,6,0,12 Yard Run,2nd & 7 at JAX 41,03:26 4th,— J.Coleman left tackle to JAX 29 for 12 yards (E.Murray).
2026,WEEK 2,Sunday,September 20th,JAX,DEN,4th Quarter,5,Denver Broncos,0,7,0,Timeout,,03:19 4th,— Timeout #3 by JAX at 03:19.
2026,WEEK 2,Sunday,September 20th,JAX,DEN,4th Quarter,5,Denver Broncos,0,8,0,-1 Yard Run,1st & 10 at JAX 29,03:19 4th,— J.Coleman up the middle to JAX 30 for -1 yards (A.Armstead). ** Injury Update: JAX-D.Hamilton has returned to the game.
2026,WEEK 2,Sunday,September 20th,JAX,DEN,4th Quarter,5,Denver Broncos,0,9,0,Timeout,,02:35 4th,— Timeout #1 by DEN at 02:35.
2026,WEEK 2,Sunday,September 20th,JAX,DEN,4th Quarter,5,Denver Broncos,0,10,0,12 Yard Run,2nd & 11 at JAX 30,02:35 4th,— J.Coleman left end to JAX 18 for 12 yards (T.Hunter).
2026,WEEK 2,Sunday,September 20th,JAX,DEN,4th Quarter,5,Denver Broncos,0,11,0,-1 Yard Run,1st & 10 at JAX 18,02:00 4th,— B.Nix kneels to JAX 19 for -1 yards.
2026,WEEK 2,Sunday,September 20th,JAX,DEN,4th Quarter,5,Denver Broncos,0,12,0,-1 Yard Run,2nd & 11 at JAX 19,01:20 4th,— B.Nix kneels to JAX 20 for -1 yards.
2026,WEEK 2,Sunday,September 20th,JAX,DEN,4th Quarter,5,Denver Broncos,0,13,0,-1 Yard Run,3rd & 12 at JAX 20,00:39 4th,— B.Nix kneels to JAX 21 for -1 yards.
2026,WEEK 2,Sunday,September 20th,LV,LAC,1st Quarter,1,Los Angeles Chargers,0,1,0,Kickoff from LV 35,,Kickoff,— M.Gay kicks 61 yards from LV 35 to LAC 4. K.Mitchell to LAC 32 for 28 yards (T.Eichenberg).
2026,WEEK 2,Sunday,September 20th,LV,LAC,1st Quarter,1,Los Angeles Chargers,0,2,0,3 Yard Run,1st & 10 at LAC 32,14:54 1st,— O.Hampton left tackle to LAC 35 for 3 yards (J.Chinn; T.Hemingway).
2026,WEEK 2,Sunday,September 20th,LV,LAC,1st Quarter,1,Los Angeles Chargers,0,3,0,7 Yard Pass,2nd & 7 at LAC 35,14:19 1st Shotgun,— J.Herbert pass short middle to Q.Johnston ran ob at LAC 42 for 7 yards (N.Dean).
2026,WEEK 2,Sunday,September 20th,LV,LAC,1st Quarter,1,Los Angeles Chargers,0,4,0,9 Yard Pass,1st & 10 at LAC 42,13:44 1st Shotgun,— J.Herbert pass short right to D.Njoku pushed ob at LV 49 for 9 yards (Q.Walker).
2026,WEEK 2,Sunday,September 20th,LV,LAC,1st Quarter,1,Los Angeles Chargers,0,5,0,2 Yard Run,2nd & 1 at LV 49,13:16 1st Shotgun,— O.Hampton up the middle to LV 47 for 2 yards (F.Fatukasi; E.Stokes).
2026,WEEK 2,Sunday,September 20th,LV,LAC,1st Quarter,1,Los Angeles Chargers,0,6,0,Pass Incomplete,1st & 10 at LV 47,12:38 1st,— J.Herbert pass incomplete deep left to B.Thompson [K.Paye].
2026,WEEK 2,Sunday,September 20th,LV,LAC,1st Quarter,1,Los Angeles Chargers,0,7,0,7 Yard Run,2nd & 10 at LV 47,12:33 1st Shotgun,— O.Hampton up the middle to LV 40 for 7 yards (Q.Walker; T.Stukes).
2026,WEEK 2,Sunday,September 20th,LV,LAC,1st Quarter,1,Los Angeles Chargers,0,8,0,Pass Incomplete,3rd & 3 at LV 40,11:49 1st Shotgun,— J.Herbert pass incomplete short right to B.Thompson [M.Crosby].
2026,WEEK 2,Sunday,September 20th,LV,LAC,1st Quarter,1,Los Angeles Chargers,0,9,0,Field Goal No Good,4th & 3 at LV 40,11:44 1st,"— C.Dicker 58 yard field goal is No Good, Hit Right Upright, Center-J.Harris, Holder-J.Scott."
2026,WEEK 2,Sunday,September 20th,LV,LAC,1st Quarter,2,Las Vegas Raiders,0,1,0,2 Yard Run,1st & 10 at LV 48,11:39 1st,— A.Jeanty right guard to 50 for 2 yards (D.Henley; D.Tomlinson).
2026,WEEK 2,Sunday,September 20th,LV,LAC,1st Quarter,2,Las Vegas Raiders,0,2,0,-10 Yard Penalty,2nd & 8 at 50,11:07 1st,"— A.Jeanty up the middle to LAC 49 for 1 yard (T.Tuipulotu). PENALTY on LV-S.Burford, Offensive Holding, 10 yards, enforced at 50 - No Play."
2026,WEEK 2,Sunday,September 20th,LV,LAC,1st Quarter,2,Las Vegas Raiders,0,3,0,8 Yard Pass,2nd & 18 at LV 40,10:49 1st Shotgun,— K.Cousins pass short right to M.Mayer to LV 48 for 8 yards (J.Eboigbe; A.Mesidor).
2026,WEEK 2,Sunday,September 20th,LV,LAC,1st Quarter,2,Las Vegas Raiders,0,4,0,15 Yard Pass,3rd & 10 at LV 48,10:04 1st Shotgun,— K.Cousins pass short right to T.Tucker to LAC 37 for 15 yards (T.Jefferson).
2026,WEEK 2,Sunday,September 20th,LV,LAC,1st Quarter,2,Las Vegas Raiders,0,5,0,5 Yard Pass,1st & 10 at LAC 37,"09:39 1st No Huddle, Shotgun",— K.Cousins pass short left to A.Jeanty to LAC 32 for 5 yards (D.James).
2026,WEEK 2,Sunday,September 20th,LV,LAC,1st Quarter,2,Las Vegas Raiders,0,6,0,Interception,2nd & 5 at LAC 32,09:05 1st,— K.Cousins pass deep left intended for T.Tucker INTERCEPTED by C.Hart at LAC 15. C.Hart to LAC 17 for 2 yards (A.Jeanty).
2026,WEEK 2,Sunday,September 20th,LV,LAC,1st Quarter,3,Los Angeles Chargers,0,1,0,-2 Yard Run,1st & 10 at LAC 17,08:57 1st,— O.Hampton left tackle to LAC 15 for -2 yards (H.Masses).
2026,WEEK 2,Sunday,September 20th,LV,LAC,1st Quarter,3,Los Angeles Chargers,0,2,0,2 Yard Run,2nd & 12 at LAC 15,08:12 1st Shotgun,— J.Herbert scrambles right end to LAC 17 for 2 yards (J.Laulu).
2026,WEEK 2,Sunday,September 20th,LV,LAC,1st Quarter,3,Los Angeles Chargers,0,3,0,13 Yard Pass,3rd & 10 at LAC 17,07:29 1st Shotgun,"— J.Herbert pass short left to B.Thompson to LAC 30 for 13 yards (T.Johnson). FUMBLES (T.Johnson), ball out of bounds at LAC 30."
2026,WEEK 2,Sunday,September 20th,LV,LAC,1st Quarter,3,Los Angeles Chargers,0,4,0,3 Yard Run,1st & 10 at LAC 30,06:56 1st Shotgun,— K.Mitchell left end to LAC 33 for 3 yards (M.Koonce).
2026,WEEK 2,Sunday,September 20th,LV,LAC,1st Quarter,3,Los Angeles Chargers,0,5,0,-1 Yard Sack,2nd & 7 at LAC 33,06:27 1st,— J.Herbert sacked at LAC 32 for -1 yards (sack split by M.Koonce and N.Dean).
2026,WEEK 2,Sunday,September 20th,LV,LAC,1st Quarter,3,Los Angeles Chargers,0,6,0,Pass Incomplete,3rd & 8 at LAC 32,05:45 1st Shotgun,— J.Herbert pass incomplete short middle to Q.Johnston (T.Hemingway).
2026,WEEK 2,Sunday,September 20th,LV,LAC,1st Quarter,3,Los Angeles Chargers,0,7,0,Punt,4th & 8 at LAC 32,05:41 1st,"— J.Scott punts 47 yards to LV 21, Center-J.Harris, downed by LAC-G.Jennings."
2026,WEEK 2,Sunday,September 20th,LV,LAC,1st Quarter,4,Las Vegas Raiders,0,1,0,-1 Yard Sack,1st & 10 at LV 21,05:29 1st Shotgun,— K.Cousins sacked at LV 20 for -1 yards (sack split by A.Mesidor and D.Tomlinson).
2026,WEEK 2,Sunday,September 20th,LV,LAC,1st Quarter,4,Las Vegas Raiders,0,2,0,8 Yard Run,2nd & 11 at LV 20,04:55 1st Shotgun,— A.Jeanty up the middle to LV 28 for 8 yards (D.James).
2026,WEEK 2,Sunday,September 20th,LV,LAC,1st Quarter,4,Las Vegas Raiders,0,3,0,Pass Incomplete,3rd & 3 at LV 28,04:14 1st Shotgun,— K.Cousins pass incomplete short middle to A.Jeanty.
2026,WEEK 2,Sunday,September 20th,LV,LAC,1st Quarter,4,Las Vegas Raiders,0,4,0,Punt,4th & 3 at LV 28,04:10 1st,"— A.Cole punts 55 yards to LAC 17, Center-A.Ward, fair catch by D.Davis."
2026,WEEK 2,Sunday,September 20th,LV,LAC,1st Quarter,5,Los Angeles Chargers,0,1,0,5 Yard Run,1st & 10 at LAC 17,04:04 1st,— K.Mitchell right tackle to LAC 22 for 5 yards (K.Paye; T.Eichenberg).
2026,WEEK 2,Sunday,September 20th,LV,LAC,1st Quarter,5,Los Angeles Chargers,0,2,0,Pass Incomplete,2nd & 5 at LAC 22,03:29 1st Shotgun,— J.Herbert pass incomplete short right to D.Njoku [T.Johnson].
2026,WEEK 2,Sunday,September 20th,LV,LAC,1st Quarter,5,Los Angeles Chargers,0,3,0,Interception,3rd & 5 at LAC 22,03:26 1st Shotgun,— J.Herbert pass deep left intended for D.Njoku INTERCEPTED by H.Masses at LV 48. H.Masses to LAC 23 for 29 yards (K.Vidal).
2026,WEEK 2,Sunday,September 20th,LV,LAC,1st Quarter,6,Las Vegas Raiders,0,1,0,20 Yard Pass,1st & 10 at LAC 23,03:14 1st Shotgun,"— K.Cousins pass short left to J.Bech to LAC 7 for 16 yards (D.Jackson). FUMBLES (D.Jackson), and recovers at LAC 3. J.Bech ran ob at LAC 3 for no gain."
2026,WEEK 2,Sunday,September 20th,LV,LAC,1st Quarter,6,Las Vegas Raiders,0,2,0,-2 Yard Run,1st & 3 at LAC 3,02:39 1st,"— A.Jeanty left end to LAC 5 for -2 yards (D.Jackson, K.Mack)."
2026,WEEK 2,Sunday,September 20th,LV,LAC,1st Quarter,6,Las Vegas Raiders,0,3,0,3 Yard Run,2nd & 5 at LAC 5,01:57 1st,— A.Jeanty up the middle to LAC 2 for 3 yards (J.Eboigbe; D.Henley).
2026,WEEK 2,Sunday,September 20th,LV,LAC,1st Quarter,6,Las Vegas Raiders,0,4,0,1 Yard Run,3rd & 2 at LAC 2,01:19 1st,— A.Jeanty right tackle to LAC 1 for 1 yard (T.Jefferson).
2026,WEEK 2,Sunday,September 20th,LV,LAC,1st Quarter,6,Las Vegas Raiders,0,5,0,Turnover on Downs,4th & 1 at LAC 1,00:40 1st,— Direct snap to A.Jeanty. A.Jeanty up the middle to LAC 1 for no gain (D.Phillips; T.Jefferson).
2026,WEEK 2,Sunday,September 20th,LV,LAC,2nd Quarter,1,Los Angeles Chargers,0,1,0,2 Yard Run,1st & 10 at LAC 1,00:35 1st,— O.Hampton up the middle to LAC 3 for 2 yards (M.Crosby).
2026,WEEK 2,Sunday,September 20th,LV,LAC,2nd Quarter,1,Los Angeles Chargers,0,2,0,3 Yard Run,2nd & 8 at LAC 3,15:00 2nd Shotgun,— O.Hampton up the middle to LAC 6 for 3 yards (Q.Walker). LAC-D.Njoku was injured during the play.
2026,WEEK 2,Sunday,September 20th,LV,LAC,2nd Quarter,1,Los Angeles Chargers,0,3,0,-3 Yard Penalty,3rd & 5 at LAC 6,14:25 2nd Shotgun,"— PENALTY on LAC-J.Alt, False Start, 3 yards, enforced at LAC 6 - No Play."
2026,WEEK 2,Sunday,September 20th,LV,LAC,2nd Quarter,1,Los Angeles Chargers,0,4,0,-1 Yard Penalty,3rd & 8 at LAC 3,14:15 2nd Shotgun,"— PENALTY on LAC-J.Alt, False Start, 1 yard, enforced at LAC 3 - No Play."
2026,WEEK 2,Sunday,September 20th,LV,LAC,2nd Quarter,1,Los Angeles Chargers,0,5,0,3 Yard Run,3rd & 9 at LAC 2,14:01 2nd Shotgun,— O.Hampton up the middle to LAC 5 for 3 yards (T.Hemingway; K.Paye).
2026,WEEK 2,Sunday,September 20th,LV,LAC,2nd Quarter,1,Los Angeles Chargers,0,6,0,Punt,4th & 6 at LAC 5,13:21 2nd,"— J.Scott punts 46 yards to LV 49, Center-J.Harris, out of bounds."
2026,WEEK 2,Sunday,September 20th,LV,LAC,2nd Quarter,2,Las Vegas Raiders,1,1,0,3 Yard Run,1st & 10 at LV 49,13:13 2nd Shotgun,— M.Washington left tackle to LAC 48 for 3 yards (J.Caldwell; B.Dupree).
2026,WEEK 2,Sunday,September 20th,LV,LAC,2nd Quarter,2,Las Vegas Raiders,1,2,0,-5 Yard Penalty,2nd & 7 at LAC 48,12:33 2nd,"— PENALTY on LV-M.Mayer, False Start, 5 yards, enforced at LAC 48 - No Play."
2026,WEEK 2,Sunday,September 20th,LV,LAC,2nd Quarter,2,Las Vegas Raiders,1,3,0,13 Yard Pass,2nd & 12 at LV 47,12:19 2nd Shotgun,— K.Cousins pass short middle to T.Tucker to LAC 40 for 13 yards (C.Hart).
2026,WEEK 2,Sunday,September 20th,LV,LAC,2nd Quarter,2,Las Vegas Raiders,1,4,1,Touchdown,1st & 10 at LAC 40,"11:57 2nd No Huddle, Shotgun","— K.Cousins pass deep left to T.Tucker for 40 yards, TOUCHDOWN."
2026,WEEK 2,Sunday,September 20th,LV,LAC,2nd Quarter,2,Las Vegas Raiders,1,5,1,Extra Point,,11:51 2nd,"— M.Gay extra point is GOOD, Center-A.Ward, Holder-A.Cole."
2026,WEEK 2,Sunday,September 20th,LV,LAC,2nd Quarter,3,Los Angeles Chargers,1,1,0,Kickoff from LV 35,,Kickoff,— M.Gay kicks 60 yards from LV 35 to LAC 5. K.Vidal to LAC 31 for 26 yards (T.Stukes).
2026,WEEK 2,Sunday,September 20th,LV,LAC,2nd Quarter,3,Los Angeles Chargers,1,2,0,5 Yard Run,1st & 10 at LAC 31,11:46 2nd,— O.Hampton left end to LAC 36 for 5 yards (Q.Walker; I.Pola-Mao).
2026,WEEK 2,Sunday,September 20th,LV,LAC,2nd Quarter,3,Los Angeles Chargers,1,3,0,-10 Yard Penalty,2nd & 5 at LAC 36,11:09 2nd,"— O.Hampton left end to LAC 43 for 7 yards (J.McCoy; J.Chinn). PENALTY on LAC-K.Awosika, Offensive Holding, 10 yards, enforced at LAC 36 - No Play."
2026,WEEK 2,Sunday,September 20th,LV,LAC,2nd Quarter,3,Los Angeles Chargers,1,4,0,4 Yard Run,2nd & 15 at LAC 26,10:55 2nd Shotgun,— K.Mitchell left end to LAC 30 for 4 yards (J.McCoy).
2026,WEEK 2,Sunday,September 20th,LV,LAC,2nd Quarter,3,Los Angeles Chargers,1,5,0,19 Yard Pass,3rd & 11 at LAC 30,10:11 2nd Shotgun,— J.Herbert pass deep left to L.McConkey to LAC 49 for 19 yards (I.Pola-Mao).
2026,WEEK 2,Sunday,September 20th,LV,LAC,2nd Quarter,3,Los Angeles Chargers,1,6,0,0 Yard Run,1st & 10 at LAC 49,09:32 2nd Shotgun,— O.Hampton right end to LAC 49 for no gain (E.Stokes; Q.Walker).
2026,WEEK 2,Sunday,September 20th,LV,LAC,2nd Quarter,3,Los Angeles Chargers,1,7,0,18 Yard Pass,2nd & 10 at LAC 49,08:53 2nd,— J.Herbert pass short left to O.Hampton ran ob at LV 33 for 18 yards (N.Dean).
2026,WEEK 2,Sunday,September 20th,LV,LAC,2nd Quarter,3,Los Angeles Chargers,1,8,0,Timeout,,08:13 2nd,— Timeout #1 by LAC at 08:13.
2026,WEEK 2,Sunday,September 20th,LV,LAC,2nd Quarter,3,Los Angeles Chargers,1,9,0,7 Yard Run,1st & 10 at LV 33,08:13 2nd Shotgun,— O.Hampton up the middle to LV 26 for 7 yards (J.McCoy; T.Stukes). ** Injury Update: LV-T.Stukes has returned to the game.
2026,WEEK 2,Sunday,September 20th,LV,LAC,2nd Quarter,3,Los Angeles Chargers,1,10,0,4 Yard Run,2nd & 3 at LV 26,07:34 2nd,— O.Hampton up the middle to LV 22 for 4 yards (T.Johnson).
2026,WEEK 2,Sunday,September 20th,LV,LAC,2nd Quarter,3,Los Angeles Chargers,1,11,0,11 Yard Run,1st & 10 at LV 22,06:57 2nd Shotgun,— K.Mitchell left end pushed ob at LV 11 for 11 yards (T.Stukes).
2026,WEEK 2,Sunday,September 20th,LV,LAC,2nd Quarter,3,Los Angeles Chargers,1,12,0,10 Yard Run,1st & 10 at LV 11,06:26 2nd,— O.Hampton left end to LV 1 for 10 yards (N.Dean).
2026,WEEK 2,Sunday,September 20th,LV,LAC,2nd Quarter,3,Los Angeles Chargers,1,13,1,Touchdown,1st & 1 at LV 1,05:30 2nd Shotgun,"— O.Hampton left guard for 1 yard, TOUCHDOWN."
2026,WEEK 2,Sunday,September 20th,LV,LAC,2nd Quarter,3,Los Angeles Chargers,1,14,1,Extra Point,,05:26 2nd,"— C.Dicker extra point is GOOD, Center-J.Harris, Holder-J.Scott."
2026,WEEK 2,Sunday,September 20th,LV,LAC,2nd Quarter,4,Las Vegas Raiders,0,1,0,Kickoff from LAC 35,,Kickoff,"— C.Dicker kicks 65 yards from LAC 35 to end zone, Touchback to the LV 35."
2026,WEEK 2,Sunday,September 20th,LV,LAC,2nd Quarter,4,Las Vegas Raiders,0,2,0,2 Yard Run,1st & 10 at LV 35,05:26 2nd,— A.Jeanty left tackle to LV 37 for 2 yards (D.Tomlinson; J.Caldwell). ** Injury Update: LAC-D.James has returned to the game.
2026,WEEK 2,Sunday,September 20th,LV,LAC,2nd Quarter,4,Las Vegas Raiders,0,3,0,10 Yard Pass,2nd & 8 at LV 37,04:48 2nd Shotgun,— K.Cousins pass short middle to M.Mayer to LV 47 for 10 yards (D.Phillips).
2026,WEEK 2,Sunday,September 20th,LV,LAC,2nd Quarter,4,Las Vegas Raiders,0,4,0,-10 Yard Penalty,1st & 10 at LV 47,04:13 2nd,"— A.Jeanty right tackle to LAC 46 for 7 yards (D.Phillips; C.Hart). PENALTY on LV-D.Glaze, Offensive Holding, 10 yards, enforced at LV 47 - No Play."
2026,WEEK 2,Sunday,September 20th,LV,LAC,2nd Quarter,4,Las Vegas Raiders,0,5,0,6 Yard Run,1st & 20 at LV 37,04:01 2nd Shotgun,— A.Jeanty up the middle to LV 43 for 6 yards (C.Hart; T.Jefferson).
2026,WEEK 2,Sunday,September 20th,LV,LAC,2nd Quarter,4,Las Vegas Raiders,0,6,0,5 Yard Pass,2nd & 14 at LV 43,03:22 2nd Shotgun,— K.Cousins pass short left to J.Bech to LV 48 for 5 yards (C.Hart).
2026,WEEK 2,Sunday,September 20th,LV,LAC,2nd Quarter,4,Las Vegas Raiders,0,7,0,-4 Yard Sack,3rd & 9 at LV 48,02:40 2nd Shotgun,— K.Cousins sacked at LV 44 for -4 yards (K.Mack).
2026,WEEK 2,Sunday,September 20th,LV,LAC,2nd Quarter,4,Las Vegas Raiders,0,8,0,Punt,4th & 13 at LV 44,02:01 2nd,"— A.Cole punts 46 yards to LAC 10, Center-A.Ward, fair catch by D.Davis."
2026,WEEK 2,Sunday,September 20th,LV,LAC,2nd Quarter,5,Los Angeles Chargers,0,1,0,8 Yard Run,1st & 10 at LAC 10,01:53 2nd Shotgun,— O.Hampton right guard to LAC 18 for 8 yards (Q.Walker).
2026,WEEK 2,Sunday,September 20th,LV,LAC,2nd Quarter,5,Los Angeles Chargers,0,2,0,Pass Incomplete,2nd & 2 at LAC 18,"01:34 2nd No Huddle, Shotgun",— J.Herbert pass incomplete deep left to Q.Johnston.
2026,WEEK 2,Sunday,September 20th,LV,LAC,2nd Quarter,5,Los Angeles Chargers,0,3,0,5 Yard Pass,3rd & 2 at LAC 18,01:30 2nd Shotgun,— J.Herbert pass short right to C.Kolar to LAC 23 for 5 yards (E.Stokes).
2026,WEEK 2,Sunday,September 20th,LV,LAC,2nd Quarter,5,Los Angeles Chargers,0,4,0,8 Yard Pass,1st & 10 at LAC 23,"01:12 2nd No Huddle, Shotgun",— J.Herbert pass short right to C.Kolar to LAC 31 for 8 yards (Q.Walker).
2026,WEEK 2,Sunday,September 20th,LV,LAC,2nd Quarter,5,Los Angeles Chargers,0,5,0,Pass Incomplete,2nd & 2 at LAC 31,"00:52 2nd No Huddle, Shotgun",— J.Herbert pass incomplete deep right to T.Harris [T.Hemingway].
2026,WEEK 2,Sunday,September 20th,LV,LAC,2nd Quarter,5,Los Angeles Chargers,0,6,0,Pass Incomplete,3rd & 2 at LAC 31,00:47 2nd Shotgun,— J.Herbert pass incomplete deep right to Q.Johnston [N.Dean].
2026,WEEK 2,Sunday,September 20th,LV,LAC,2nd Quarter,5,Los Angeles Chargers,0,7,0,Punt,4th & 2 at LAC 31,00:42 2nd,"— J.Scott punts 53 yards to LV 16, Center-J.Harris, fair catch by M.Benson."
2026,WEEK 2,Sunday,September 20th,LV,LAC,2nd Quarter,6,Las Vegas Raiders,1,1,0,Pass Incomplete,1st & 10 at LV 16,00:35 2nd Shotgun,— K.Cousins pass incomplete short left to M.Mayer (C.Hart).
2026,WEEK 2,Sunday,September 20th,LV,LAC,2nd Quarter,6,Las Vegas Raiders,1,2,0,42 Yard Pass,2nd & 10 at LV 16,00:31 2nd Shotgun,— K.Cousins pass deep left to T.Tucker to LAC 42 for 42 yards (C.Hart) [T.Tuipulotu].
2026,WEEK 2,Sunday,September 20th,LV,LAC,2nd Quarter,6,Las Vegas Raiders,1,3,0,Timeout,,00:24 2nd,— Timeout #1 by LV at 00:24.
2026,WEEK 2,Sunday,September 20th,LV,LAC,2nd Quarter,6,Las Vegas Raiders,1,4,0,1 Yard Run,1st & 10 at LAC 42,00:24 2nd Shotgun,— A.Jeanty right guard to LAC 41 for 1 yard (D.Phillips; R.Mickens).
2026,WEEK 2,Sunday,September 20th,LV,LAC,2nd Quarter,6,Las Vegas Raiders,1,5,0,Timeout,,00:19 2nd,— Timeout #2 by LV at 00:19.
2026,WEEK 2,Sunday,September 20th,LV,LAC,2nd Quarter,6,Las Vegas Raiders,1,6,0,Pass Incomplete,2nd & 9 at LAC 41,00:19 2nd Shotgun,— K.Cousins pass incomplete short left to A.Jeanty.
2026,WEEK 2,Sunday,September 20th,LV,LAC,2nd Quarter,6,Las Vegas Raiders,1,7,0,0 Yard Run,3rd & 9 at LAC 41,00:15 2nd Shotgun,— A.Jeanty right guard to LAC 41 for no gain (D.James; J.Eboigbe).
2026,WEEK 2,Sunday,September 20th,LV,LAC,2nd Quarter,6,Las Vegas Raiders,1,8,0,Timeout,,00:08 2nd,— Timeout #2 by LAC at 00:08.
2026,WEEK 2,Sunday,September 20th,LV,LAC,2nd Quarter,6,Las Vegas Raiders,1,9,1,Field Goal,4th & 9 at LAC 41,00:08 2nd,"— M.Gay 59 yard field goal is GOOD, Center-A.Ward, Holder-A.Cole."
2026,WEEK 2,Sunday,September 20th,LV,LAC,2nd Quarter,7,Los Angeles Chargers,0,1,0,Kickoff from LV 35,,Kickoff,"— M.Gay kicks 65 yards from LV 35 to end zone, Touchback to the LAC 35."
2026,WEEK 2,Sunday,September 20th,LV,LAC,2nd Quarter,7,Los Angeles Chargers,0,2,0,17 Yard Run,1st & 10 at LAC 35,00:04 2nd Shotgun,— O.Hampton up the middle to LV 48 for 17 yards (Q.Walker).
2026,WEEK 2,Sunday,September 20th,LV,LAC,3rd Quarter,1,Las Vegas Raiders,0,1,0,Kickoff from LAC 35,,Kickoff,— C.Dicker kicks 62 yards from LAC 35 to LV 3. D.Laube to LV 17 for 14 yards (R.Shelley).
2026,WEEK 2,Sunday,September 20th,LV,LAC,3rd Quarter,1,Las Vegas Raiders,0,2,0,Pass Incomplete,1st & 10 at LV 17,14:55 3rd,— K.Cousins pass incomplete short left to J.Nailor [T.Tart].
2026,WEEK 2,Sunday,September 20th,LV,LAC,3rd Quarter,1,Las Vegas Raiders,0,3,0,1 Yard Pass,2nd & 10 at LV 17,14:52 3rd Shotgun,— K.Cousins pass short left to A.Jeanty to LV 18 for 1 yard (D.Phillips; D.Jackson) [T.Tart].
2026,WEEK 2,Sunday,September 20th,LV,LAC,3rd Quarter,1,Las Vegas Raiders,0,4,0,Pass Incomplete,3rd & 9 at LV 18,14:07 3rd Shotgun,— K.Cousins pass incomplete short right to T.Tucker (G.Smith).
2026,WEEK 2,Sunday,September 20th,LV,LAC,3rd Quarter,1,Las Vegas Raiders,0,5,0,Punt,4th & 9 at LV 18,14:03 3rd,"— A.Cole punts 56 yards to LAC 26, Center-A.Ward, out of bounds."
2026,WEEK 2,Sunday,September 20th,LV,LAC,3rd Quarter,2,Los Angeles Chargers,1,1,0,5 Yard Run,1st & 10 at LAC 26,13:56 3rd,— O.Hampton left tackle to LAC 31 for 5 yards (J.Chinn; H.Masses).
2026,WEEK 2,Sunday,September 20th,LV,LAC,3rd Quarter,2,Los Angeles Chargers,1,2,0,6 Yard Run,2nd & 5 at LAC 31,13:22 3rd,— O.Hampton left tackle to LAC 37 for 6 yards (Q.Walker; N.Dean).
2026,WEEK 2,Sunday,September 20th,LV,LAC,3rd Quarter,2,Los Angeles Chargers,1,3,0,2 Yard Run,1st & 10 at LAC 37,12:43 3rd Shotgun,— O.Hampton right guard to LAC 39 for 2 yards (H.Masses).
2026,WEEK 2,Sunday,September 20th,LV,LAC,3rd Quarter,2,Los Angeles Chargers,1,4,0,3 Yard Pass,2nd & 8 at LAC 39,12:02 3rd Shotgun,— J.Herbert pass short left to O.Hampton to LAC 42 for 3 yards (H.Masses).
2026,WEEK 2,Sunday,September 20th,LV,LAC,3rd Quarter,2,Los Angeles Chargers,1,5,0,53 Yard Pass,3rd & 5 at LAC 42,11:14 3rd Shotgun,— J.Herbert pass deep left to T.Harris pushed ob at LV 5 for 53 yards (J.Chinn).
2026,WEEK 2,Sunday,September 20th,LV,LAC,3rd Quarter,2,Los Angeles Chargers,1,6,0,-5 Yard Run,1st & 5 at LV 5,10:34 3rd Shotgun,"— J.Herbert FUMBLES (Aborted) at LV 11, recovered by LAC-K.Mitchell at LV 10."
2026,WEEK 2,Sunday,September 20th,LV,LAC,3rd Quarter,2,Los Angeles Chargers,1,7,1,Touchdown,2nd & 10 at LV 10,09:53 3rd Shotgun,"— J.Herbert pass short right to O.Gadsden for 10 yards, TOUCHDOWN."
2026,WEEK 2,Sunday,September 20th,LV,LAC,3rd Quarter,2,Los Angeles Chargers,1,8,1,Extra Point,,09:49 3rd,"— C.Dicker extra point is GOOD, Center-J.Harris, Holder-J.Scott."
2026,WEEK 2,Sunday,September 20th,LV,LAC,3rd Quarter,3,Las Vegas Raiders,1,1,0,Kickoff from LAC 35,,Kickoff,— C.Dicker kicks 60 yards from LAC 35 to LV 5. D.Laube to LV 26 for 21 yards (R.Shelley).
2026,WEEK 2,Sunday,September 20th,LV,LAC,3rd Quarter,3,Las Vegas Raiders,1,2,0,3 Yard Run,1st & 10 at LV 26,09:44 3rd,— A.Jeanty right tackle to LV 29 for 3 yards (D.Phillips).
2026,WEEK 2,Sunday,September 20th,LV,LAC,3rd Quarter,3,Las Vegas Raiders,1,3,0,2 Yard Pass,2nd & 7 at LV 29,09:08 3rd Shotgun,— K.Cousins pass short middle to A.Jeanty to LV 31 for 2 yards (R.Mickens).
2026,WEEK 2,Sunday,September 20th,LV,LAC,3rd Quarter,3,Las Vegas Raiders,1,4,0,-5 Yard Penalty,3rd & 5 at LV 31,08:24 3rd Shotgun,"— PENALTY on LV-T.Linderbaum, False Start, 5 yards, enforced at LV 31 - No Play."
2026,WEEK 2,Sunday,September 20th,LV,LAC,3rd Quarter,3,Las Vegas Raiders,1,5,0,9 Yard Pass,3rd & 10 at LV 26,08:21 3rd Shotgun,— K.Cousins pass short left to T.Tucker to LV 35 for 9 yards (D.Jackson).
2026,WEEK 2,Sunday,September 20th,LV,LAC,3rd Quarter,3,Las Vegas Raiders,1,6,0,1 Yard Run,4th & 1 at LV 35,07:41 3rd,— Direct snap to C.Heyward. C.Heyward up the middle to LV 36 for 1 yard (T.Dye).
2026,WEEK 2,Sunday,September 20th,LV,LAC,3rd Quarter,3,Las Vegas Raiders,1,7,0,11 Yard Pass,1st & 10 at LV 36,07:08 3rd,— K.Cousins pass short left to I.Thomas pushed ob at LV 47 for 11 yards (D.Phillips).
2026,WEEK 2,Sunday,September 20th,LV,LAC,3rd Quarter,3,Las Vegas Raiders,1,8,0,9 Yard Run,1st & 10 at LV 47,06:33 3rd,— A.Jeanty left end to LAC 44 for 9 yards (R.Mickens).
2026,WEEK 2,Sunday,September 20th,LV,LAC,3rd Quarter,3,Las Vegas Raiders,1,9,0,4 Yard Run,2nd & 1 at LAC 44,05:58 3rd,— A.Jeanty left guard to LAC 40 for 4 yards (K.Mack).
2026,WEEK 2,Sunday,September 20th,LV,LAC,3rd Quarter,3,Las Vegas Raiders,1,10,0,27 Yard Pass,1st & 10 at LAC 40,05:26 3rd,— K.Cousins pass short left to D.Young pushed ob at LAC 13 for 27 yards (T.Still; D.James) [B.Dupree].
2026,WEEK 2,Sunday,September 20th,LV,LAC,3rd Quarter,3,Las Vegas Raiders,1,11,0,Pass Incomplete,1st & 10 at LAC 13,04:49 3rd Shotgun,— K.Cousins pass incomplete short right to J.Nailor (D.Jackson) [A.Mesidor].
2026,WEEK 2,Sunday,September 20th,LV,LAC,3rd Quarter,3,Las Vegas Raiders,1,12,0,0 Yard Run,2nd & 10 at LAC 13,04:40 3rd Shotgun,— A.Jeanty left tackle to LAC 13 for no gain (T.Tuipulotu; D.Tomlinson).
2026,WEEK 2,Sunday,September 20th,LV,LAC,3rd Quarter,3,Las Vegas Raiders,1,13,1,Touchdown,3rd & 10 at LAC 13,03:59 3rd Shotgun,"— K.Cousins pass short right to C.White for 13 yards, TOUCHDOWN."
2026,WEEK 2,Sunday,September 20th,LV,LAC,3rd Quarter,3,Las Vegas Raiders,1,14,1,Extra Point,,03:53 3rd,"— M.Gay extra point is GOOD, Center-A.Ward, Holder-A.Cole."
2026,WEEK 2,Sunday,September 20th,LV,LAC,3rd Quarter,4,Los Angeles Chargers,0,1,0,Kickoff from LV 35,,Kickoff,— M.Gay kicks 61 yards from LV 35 to LAC 4. K.Mitchell to LAC 23 for 19 yards (S.Olubi).
2026,WEEK 2,Sunday,September 20th,LV,LAC,3rd Quarter,4,Los Angeles Chargers,0,2,0,8 Yard Pass,1st & 10 at LAC 23,03:49 3rd,— J.Herbert pass short right to C.Kolar to LAC 31 for 8 yards (I.Pola-Mao; T.Hemingway).
2026,WEEK 2,Sunday,September 20th,LV,LAC,3rd Quarter,4,Los Angeles Chargers,0,3,0,1 Yard Run,2nd & 2 at LAC 31,03:09 3rd Shotgun,— K.Mitchell left tackle to LAC 32 for 1 yard (A.Butler; I.Pola-Mao).
2026,WEEK 2,Sunday,September 20th,LV,LAC,3rd Quarter,4,Los Angeles Chargers,0,4,0,0 Yard Run,3rd & 1 at LAC 32,02:24 3rd Shotgun,"— J.Herbert Aborted. J.Slaughter FUMBLES at LAC 31, touched at LAC 32, recovered by LAC-J.Herbert at LAC 28."
2026,WEEK 2,Sunday,September 20th,LV,LAC,3rd Quarter,4,Los Angeles Chargers,0,5,0,Punt,4th & 5 at LAC 28,01:40 3rd,"— J.Scott punts 57 yards to LV 15, Center-J.Harris. M.Benson to LV 31 for 16 yards (A.Ingold)."
2026,WEEK 2,Sunday,September 20th,LV,LAC,4th Quarter,1,Las Vegas Raiders,0,1,0,5 Yard Pass,1st & 10 at LV 31,01:29 3rd Shotgun,— K.Cousins pass short right to M.Mayer to LV 36 for 5 yards (T.Dye; D.James). LAC-D.Tomlinson was injured during the play.
2026,WEEK 2,Sunday,September 20th,LV,LAC,4th Quarter,1,Las Vegas Raiders,0,2,0,-1 Yard Run,2nd & 5 at LV 36,01:02 3rd,— A.Jeanty up the middle to LV 35 for -1 yards (T.Tart).
2026,WEEK 2,Sunday,September 20th,LV,LAC,4th Quarter,1,Las Vegas Raiders,0,3,0,9 Yard Pass,3rd & 6 at LV 35,00:26 3rd Shotgun,— K.Cousins pass short middle to J.Nailor to LV 44 for 9 yards (G.Smith; T.Dye).
2026,WEEK 2,Sunday,September 20th,LV,LAC,4th Quarter,1,Las Vegas Raiders,0,4,0,7 Yard Pass,1st & 10 at LV 44,15:00 4th,— K.Cousins pass short left to A.Jeanty to LAC 49 for 7 yards (T.Dye).
2026,WEEK 2,Sunday,September 20th,LV,LAC,4th Quarter,1,Las Vegas Raiders,0,5,0,-4 Yard Run,2nd & 3 at LAC 49,14:21 4th,— A.Jeanty right guard to LV 47 for -4 yards (T.Dye).
2026,WEEK 2,Sunday,September 20th,LV,LAC,4th Quarter,1,Las Vegas Raiders,0,6,0,5 Yard Penalty,3rd & 7 at LV 47,13:36 4th Shotgun,"— K.Cousins pass short left to T.Tucker to LAC 49 for 4 yards (G.Smith). PENALTY on LAC-C.Hart, Illegal Use of Hands, 5 yards, enforced at LV 47 - No Play."
2026,WEEK 2,Sunday,September 20th,LV,LAC,4th Quarter,1,Las Vegas Raiders,0,7,0,Pass Incomplete,1st & 10 at LAC 48,13:25 4th,— K.Cousins pass incomplete short left to M.Washington [N.Barrett].
2026,WEEK 2,Sunday,September 20th,LV,LAC,4th Quarter,1,Las Vegas Raiders,0,8,0,2 Yard Run,2nd & 10 at LAC 48,13:21 4th Shotgun,— M.Washington right tackle to LAC 46 for 2 yards (D.Henley; T.Still).
2026,WEEK 2,Sunday,September 20th,LV,LAC,4th Quarter,1,Las Vegas Raiders,0,9,0,Pass Incomplete,3rd & 8 at LAC 46,12:39 4th Shotgun,— K.Cousins pass incomplete deep right to M.Benson.
2026,WEEK 2,Sunday,September 20th,LV,LAC,4th Quarter,1,Las Vegas Raiders,0,10,0,Punt,4th & 8 at LAC 46,12:34 4th,"— A.Cole punts 36 yards to LAC 10, Center-A.Ward, downed by LV-D.Luter."
2026,WEEK 2,Sunday,September 20th,LV,LAC,4th Quarter,2,Los Angeles Chargers,0,1,0,-8 Yard Sack,1st & 10 at LAC 10,12:26 4th,"— J.Herbert sacked at LAC 2 for -8 yards (E.Stokes). FUMBLES (E.Stokes), ball out of bounds at LAC 10."
2026,WEEK 2,Sunday,September 20th,LV,LAC,4th Quarter,2,Los Angeles Chargers,0,2,0,6 Yard Run,2nd & 18 at LAC 2,11:58 4th,— O.Hampton up the middle to LAC 8 for 6 yards (N.Dean).
2026,WEEK 2,Sunday,September 20th,LV,LAC,4th Quarter,2,Los Angeles Chargers,0,3,0,12 Yard Pass,3rd & 12 at LAC 8,11:18 4th Shotgun,— J.Herbert pass short left to L.McConkey to LAC 20 for 12 yards (T.Johnson).
2026,WEEK 2,Sunday,September 20th,LV,LAC,4th Quarter,2,Los Angeles Chargers,0,4,0,-10 Yard Penalty,1st & 10 at LAC 20,10:41 4th,"— O.Hampton left end to LAC 24 for 4 yards (T.Eichenberg). PENALTY on LAC-R.Slater, Offensive Holding, 10 yards, enforced at LAC 20 - No Play."
2026,WEEK 2,Sunday,September 20th,LV,LAC,4th Quarter,2,Los Angeles Chargers,0,5,0,15 Yard Pass,1st & 20 at LAC 10,10:22 4th Shotgun,— J.Herbert pass short left to K.Mitchell pushed ob at LAC 25 for 15 yards (J.Chinn).
2026,WEEK 2,Sunday,September 20th,LV,LAC,4th Quarter,2,Los Angeles Chargers,0,6,0,3 Yard Run,2nd & 5 at LAC 25,09:52 4th,— O.Hampton up the middle to LAC 28 for 3 yards (T.Eichenberg; N.Dean).
2026,WEEK 2,Sunday,September 20th,LV,LAC,4th Quarter,2,Los Angeles Chargers,0,7,0,0 Yard Run,3rd & 2 at LAC 28,09:10 4th Shotgun,— O.Hampton right guard to LAC 28 for no gain (N.Dean).
2026,WEEK 2,Sunday,September 20th,LV,LAC,4th Quarter,2,Los Angeles Chargers,0,8,0,Punt,4th & 2 at LAC 28,08:26 4th,"— J.Scott punts 55 yards to LV 17, Center-J.Harris, fair catch by D.Laube."
2026,WEEK 2,Sunday,September 20th,LV,LAC,4th Quarter,3,Las Vegas Raiders,0,1,0,4 Yard Run,1st & 10 at LV 17,08:19 4th,— K.Cousins scrambles left end to LV 21 for 4 yards (J.Eboigbe).
2026,WEEK 2,Sunday,September 20th,LV,LAC,4th Quarter,3,Las Vegas Raiders,0,2,0,5 Yard Run,2nd & 6 at LV 21,07:41 4th,— A.Jeanty up the middle to LV 26 for 5 yards (T.Jefferson; D.Jackson).
2026,WEEK 2,Sunday,September 20th,LV,LAC,4th Quarter,3,Las Vegas Raiders,0,3,0,Pass Incomplete,3rd & 1 at LV 26,06:59 4th,— K.Cousins pass incomplete short middle to A.Jeanty [K.Mack].
2026,WEEK 2,Sunday,September 20th,LV,LAC,4th Quarter,3,Las Vegas Raiders,0,4,0,Punt,4th & 1 at LV 26,06:54 4th,"— A.Cole punts 50 yards to LAC 24, Center-A.Ward, fair catch by D.Davis."
2026,WEEK 2,Sunday,September 20th,LV,LAC,4th Quarter,4,Los Angeles Chargers,0,1,0,0 Yard Run,1st & 10 at LAC 24,06:47 4th,— O.Hampton right guard to LAC 24 for no gain (F.Fatukasi; Q.Walker).
2026,WEEK 2,Sunday,September 20th,LV,LAC,4th Quarter,4,Los Angeles Chargers,0,2,0,7 Yard Run,2nd & 10 at LAC 24,06:12 4th,— Q.Johnston left end pushed ob at LAC 31 for 7 yards (H.Masses).
2026,WEEK 2,Sunday,September 20th,LV,LAC,4th Quarter,4,Los Angeles Chargers,0,3,0,6 Yard Penalty,3rd & 3 at LAC 31,05:37 4th Shotgun,"— J.Herbert pass incomplete short left to T.Harris. PENALTY on LV-H.Masses, Defensive Pass Interference, 6 yards, enforced at LAC 31 - No Play."
2026,WEEK 2,Sunday,September 20th,LV,LAC,4th Quarter,4,Los Angeles Chargers,0,4,0,Pass Incomplete,1st & 10 at LAC 37,05:34 4th Shotgun,— J.Herbert pass incomplete short left [J.Laulu].
2026,WEEK 2,Sunday,September 20th,LV,LAC,4th Quarter,4,Los Angeles Chargers,0,5,0,-5 Yard Penalty,2nd & 10 at LAC 37,05:29 4th Shotgun,"— PENALTY on LAC-J.Alt, False Start, 5 yards, enforced at LAC 37 - No Play."
2026,WEEK 2,Sunday,September 20th,LV,LAC,4th Quarter,4,Los Angeles Chargers,0,6,0,8 Yard Pass,2nd & 15 at LAC 32,05:29 4th Shotgun,— J.Herbert pass short right to O.Gadsden to LAC 40 for 8 yards (T.Booker).
2026,WEEK 2,Sunday,September 20th,LV,LAC,4th Quarter,4,Los Angeles Chargers,0,7,0,Sack,3rd & 7 at LAC 40,04:49 4th Shotgun,"— J.Herbert sacked at LAC 36 for -4 yards (M.Koonce). FUMBLES (M.Koonce) [M.Koonce], recovered by LAC-T.Harris at LAC 46."
2026,WEEK 2,Sunday,September 20th,LV,LAC,4th Quarter,4,Los Angeles Chargers,0,8,0,Timeout,,03:52 4th,— Timeout #1 by LV at 03:52.
2026,WEEK 2,Sunday,September 20th,LV,LAC,4th Quarter,4,Los Angeles Chargers,0,9,0,6 Yard Penalty,4th & 1 at LAC 46,03:52 4th Run formation,"— PENALTY on LV, Defensive Too Many Men on Field, 6 yards, enforced at LAC 46 - No Play."
2026,WEEK 2,Sunday,September 20th,LV,LAC,4th Quarter,4,Los Angeles Chargers,0,10,0,Fumble,1st & 10 at LV 48,03:52 4th Shotgun,"— O.Hampton up the middle to LV 46 for 2 yards (N.Dean). FUMBLES (N.Dean), RECOVERED by LV-J.Chinn at LV 41. J.Chinn to LAC 16 for 43 yards (J.Herbert)."
2026,WEEK 2,Sunday,September 20th,LV,LAC,4th Quarter,5,Las Vegas Raiders,1,1,0,3 Yard Run,1st & 10 at LAC 16,03:42 4th,— A.Jeanty right guard to LAC 13 for 3 yards (D.James; T.Tart). LV-A.Jeanty was injured during the play.
2026,WEEK 2,Sunday,September 20th,LV,LAC,4th Quarter,5,Las Vegas Raiders,1,2,0,2 Yard Run,2nd & 7 at LAC 13,03:09 4th,— M.Washington right tackle to LAC 11 for 2 yards (T.Jefferson).
2026,WEEK 2,Sunday,September 20th,LV,LAC,4th Quarter,5,Las Vegas Raiders,1,3,0,Timeout,,03:03 4th,— Timeout #1 by LAC at 03:03.
2026,WEEK 2,Sunday,September 20th,LV,LAC,4th Quarter,5,Las Vegas Raiders,1,4,1,Touchdown,3rd & 5 at LAC 11,03:03 4th Shotgun,"— K.Cousins pass short left to C.White for 11 yards, TOUCHDOWN."
2026,WEEK 2,Sunday,September 20th,LV,LAC,4th Quarter,5,Las Vegas Raiders,1,5,1,Extra Point,,02:59 4th,"— M.Gay extra point is GOOD, Center-A.Ward, Holder-A.Cole."
2026,WEEK 2,Sunday,September 20th,LV,LAC,4th Quarter,6,Los Angeles Chargers,0,1,0,Kickoff from LV 35,,Kickoff,"— M.Gay kicks 65 yards from LV 35 to end zone, Touchback to the LAC 35. ** Injury Update: LV-D.Young has returned to the game."
2026,WEEK 2,Sunday,September 20th,LV,LAC,4th Quarter,6,Los Angeles Chargers,0,2,0,-5 Yard Penalty,1st & 10 at LAC 35,02:59 4th Shotgun,"— J.Herbert pass short left to Q.Johnston to LAC 39 for 4 yards (T.Johnson; I.Pola-Mao). PENALTY on LAC, Illegal Formation, 5 yards, enforced at LAC 35 - No Play."
2026,WEEK 2,Sunday,September 20th,LV,LAC,4th Quarter,6,Los Angeles Chargers,0,3,0,4 Yard Pass,1st & 15 at LAC 30,02:54 4th Shotgun,— J.Herbert pass short middle to L.McConkey to LAC 34 for 4 yards (N.Dean).
2026,WEEK 2,Sunday,September 20th,LV,LAC,4th Quarter,6,Los Angeles Chargers,0,4,0,Pass Incomplete,2nd & 11 at LAC 34,"02:33 4th No Huddle, Shotgun",— J.Herbert pass incomplete deep left to Q.Johnston.
2026,WEEK 2,Sunday,September 20th,LV,LAC,4th Quarter,6,Los Angeles Chargers,0,5,0,Interception,3rd & 11 at LAC 34,02:29 4th Shotgun,— J.Herbert pass short left intended for D.Davis INTERCEPTED by H.Masses at LAC 48. H.Masses to LAC 48 for no gain (D.Davis).
2026,WEEK 2,Sunday,September 20th,LV,LAC,4th Quarter,7,Las Vegas Raiders,0,1,0,2 Yard Run,1st & 10 at LAC 48,02:24 4th,— A.Jeanty right guard to LAC 46 for 2 yards (A.Mesidor; D.James). ** Injury Update: LV-A.Jeanty has returned to the game.
2026,WEEK 2,Sunday,September 20th,LV,LAC,4th Quarter,7,Las Vegas Raiders,0,2,0,Timeout,,02:18 4th,— Timeout #2 by LAC at 02:18.
2026,WEEK 2,Sunday,September 20th,LV,LAC,4th Quarter,7,Las Vegas Raiders,0,3,0,5 Yard Run,2nd & 8 at LAC 46,02:18 4th,— A.Jeanty up the middle to LAC 41 for 5 yards (N.Barrett).
2026,WEEK 2,Sunday,September 20th,LV,LAC,4th Quarter,7,Las Vegas Raiders,0,4,0,Timeout,,02:13 4th,— Timeout #3 by LAC at 02:13.
2026,WEEK 2,Sunday,September 20th,LV,LAC,4th Quarter,7,Las Vegas Raiders,0,5,0,1 Yard Run,3rd & 3 at LAC 41,02:13 4th,— A.Jeanty up the middle to LAC 40 for 1 yard (D.Phillips).
2026,WEEK 2,Sunday,September 20th,LV,LAC,4th Quarter,7,Las Vegas Raiders,0,6,0,Timeout,,02:00 4th,— Timeout #2 by LV at 02:00.
2026,WEEK 2,Sunday,September 20th,LV,LAC,4th Quarter,7,Las Vegas Raiders,0,7,0,Punt,4th & 2 at LAC 40,02:00 4th,"— A.Cole punts 34 yards to LAC 6, Center-A.Ward, downed by LV-D.Young."
2026,WEEK 2,Sunday,September 20th,LV,LAC,4th Quarter,8,Las Vegas Raiders,0,1,0,Pass Incomplete,1st & 10 at LAC 6,01:52 4th Shotgun,— J.Herbert pass incomplete short left to T.Harris.
2026,WEEK 2,Sunday,September 20th,LV,LAC,4th Quarter,8,Las Vegas Raiders,0,2,0,Safety,2nd & 10 at LAC 6,01:46 4th Shotgun,"— J.Herbert pass incomplete deep left to D.Davis. PENALTY on LAC-J.Alt, Offensive Holding, 6 yards, enforced in End Zone, SAFETY - No Play."
2026,WEEK 2,Sunday,September 20th,LV,LAC,4th Quarter,9,Las Vegas Raiders,0,1,0,Kickoff from LAC 20,,Kickoff,"— J.Scott kicks onside 22 yards from LAC 20 to LAC 42, fair catch by T.Tucker."
2026,WEEK 2,Sunday,September 20th,LV,LAC,4th Quarter,9,Las Vegas Raiders,0,2,0,-1 Yard Run,1st & 10 at LAC 42,01:41 4th,— K.Cousins kneels to LAC 43 for -1 yards.
2026,WEEK 2,Sunday,September 20th,LV,LAC,4th Quarter,9,Las Vegas Raiders,0,3,0,-1 Yard Run,2nd & 11 at LAC 43,00:59 4th,— K.Cousins kneels to LAC 44 for -1 yards.
2026,WEEK 2,Sunday,September 20th,LV,LAC,4th Quarter,9,Las Vegas Raiders,0,4,0,-1 Yard Run,3rd & 12 at LAC 44,00:37 4th,— K.Cousins kneels to LAC 45 for -1 yards.
2026,WEEK 2,Sunday,September 20th,SEA,AZ,1st Quarter,1,Arizona Cardinals,0,1,0,Kickoff from SEA 35,,Kickoff,— J.Myers kicks 62 yards from SEA 35 to AZ 3. D.Duvernay to AZ 43 for 40 yards (G.Holani).
2026,WEEK 2,Sunday,September 20th,SEA,AZ,1st Quarter,1,Arizona Cardinals,0,2,0,9 Yard Pass,1st & 10 at AZ 43,14:53 1st Shotgun,— J.Brissett pass short middle to T.McBride to SEA 48 for 9 yards (D.Thomas; E.Jones).
2026,WEEK 2,Sunday,September 20th,SEA,AZ,1st Quarter,1,Arizona Cardinals,0,3,0,Pass Incomplete,2nd & 1 at SEA 48,14:15 1st Shotgun,— J.Brissett pass incomplete short right to Mi.Wilson [D.Hall].
2026,WEEK 2,Sunday,September 20th,SEA,AZ,1st Quarter,1,Arizona Cardinals,0,4,0,-1 Yard Run,3rd & 1 at SEA 48,14:10 1st,"— T.Allgeier left tackle to SEA 49 for -1 yards (L.Williams, B.Murphy)."
2026,WEEK 2,Sunday,September 20th,SEA,AZ,1st Quarter,1,Arizona Cardinals,0,5,0,Punt,4th & 2 at SEA 49,13:30 1st,"— B.Gillikin punts 35 yards to SEA 14, Center-C.Kreiter, downed by AZ-E.Higgins."
2026,WEEK 2,Sunday,September 20th,SEA,AZ,1st Quarter,2,Seattle Seahawks,1,1,0,4 Yard Run,1st & 10 at SEA 14,13:19 1st,— J.Price up the middle to SEA 18 for 4 yards (J.Sweat).
2026,WEEK 2,Sunday,September 20th,SEA,AZ,1st Quarter,2,Seattle Seahawks,1,2,1,Touchdown,2nd & 6 at SEA 18,12:38 1st Shotgun,"— D.Lock pass deep right to J.Smith-Njigba for 82 yards, TOUCHDOWN."
2026,WEEK 2,Sunday,September 20th,SEA,AZ,1st Quarter,2,Seattle Seahawks,1,3,1,Extra Point,,12:25 1st,"— J.Myers extra point is GOOD, Center-C.Stoll, Holder-M.Dickson."
2026,WEEK 2,Sunday,September 20th,SEA,AZ,1st Quarter,3,Arizona Cardinals,0,1,0,Kickoff from SEA 35,,Kickoff,— J.Myers kicks 64 yards from SEA 35 to AZ 1. J.Brooks to AZ 32 for 31 yards (A.Smith).
2026,WEEK 2,Sunday,September 20th,SEA,AZ,1st Quarter,3,Arizona Cardinals,0,2,0,3 Yard Run,1st & 10 at AZ 32,12:18 1st Shotgun,— J.Love up the middle to AZ 35 for 3 yards (L.Williams).
2026,WEEK 2,Sunday,September 20th,SEA,AZ,1st Quarter,3,Arizona Cardinals,0,3,0,-5 Yard Penalty,2nd & 7 at AZ 35,11:43 1st,"— J.Brissett pass short right to T.McBride to AZ 41 for 6 yards (E.Jones; L.Williams). PENALTY on AZ, Illegal Shift, 5 yards, enforced at AZ 35 - No Play."
2026,WEEK 2,Sunday,September 20th,SEA,AZ,1st Quarter,3,Arizona Cardinals,0,4,0,9 Yard Pass,2nd & 12 at AZ 30,11:17 1st Shotgun,— J.Brissett pass short left to T.McBride to AZ 39 for 9 yards (D.Witherspoon; E.Jones).
2026,WEEK 2,Sunday,September 20th,SEA,AZ,1st Quarter,3,Arizona Cardinals,0,5,0,3 Yard Pass,3rd & 3 at AZ 39,10:35 1st Shotgun,— J.Brissett pass short left to T.McBride to AZ 42 for 3 yards (J.Love).
2026,WEEK 2,Sunday,September 20th,SEA,AZ,1st Quarter,3,Arizona Cardinals,0,6,0,7 Yard Run,1st & 10 at AZ 42,09:54 1st,— J.Love up the middle to AZ 49 for 7 yards (R.Mills; B.Murphy).
2026,WEEK 2,Sunday,September 20th,SEA,AZ,1st Quarter,3,Arizona Cardinals,0,7,0,-2 Yard Run,2nd & 3 at AZ 49,09:15 1st,— J.Love up the middle to AZ 47 for -2 yards (D.Witherspoon).
2026,WEEK 2,Sunday,September 20th,SEA,AZ,1st Quarter,3,Arizona Cardinals,0,8,0,-7 Yard Sack,3rd & 5 at AZ 47,08:34 1st Shotgun,— J.Brissett sacked at AZ 40 for -7 yards (L.Williams).
2026,WEEK 2,Sunday,September 20th,SEA,AZ,1st Quarter,3,Arizona Cardinals,0,9,0,Punt,4th & 12 at AZ 40,07:52 1st,"— B.Gillikin punts 48 yards to SEA 12, Center-C.Kreiter, fair catch by R.Shaheed."
2026,WEEK 2,Sunday,September 20th,SEA,AZ,1st Quarter,4,Seattle Seahawks,0,1,0,1 Yard Run,1st & 10 at SEA 12,07:43 1st Shotgun,— J.Price up the middle to SEA 13 for 1 yard (D.Stills; W.Johnson).
2026,WEEK 2,Sunday,September 20th,SEA,AZ,1st Quarter,4,Seattle Seahawks,0,2,0,-3 Yard Run,2nd & 9 at SEA 13,07:08 1st,— J.Price up the middle to SEA 10 for -3 yards (J.Burch).
2026,WEEK 2,Sunday,September 20th,SEA,AZ,1st Quarter,4,Seattle Seahawks,0,3,0,Pass Incomplete,3rd & 12 at SEA 10,06:27 1st Shotgun,— D.Lock pass incomplete short left to R.Shaheed.
2026,WEEK 2,Sunday,September 20th,SEA,AZ,1st Quarter,4,Seattle Seahawks,0,4,0,Punt,4th & 12 at SEA 10,06:24 1st,"— M.Dickson punts 51 yards to AZ 39, Center-C.Stoll, fair catch by D.Duvernay."
2026,WEEK 2,Sunday,September 20th,SEA,AZ,2nd Quarter,1,Arizona Cardinals,1,1,0,9 Yard Pass,1st & 10 at AZ 39,06:16 1st,— J.Brissett pass short left to Mi.Wilson to AZ 48 for 9 yards (J.Love).
2026,WEEK 2,Sunday,September 20th,SEA,AZ,2nd Quarter,1,Arizona Cardinals,1,2,0,2 Yard Run,2nd & 1 at AZ 48,05:49 1st,— T.Allgeier up the middle to 50 for 2 yards (R.Mills).
2026,WEEK 2,Sunday,September 20th,SEA,AZ,2nd Quarter,1,Arizona Cardinals,1,3,0,7 Yard Pass,1st & 10 at 50,05:09 1st Shotgun,— J.Brissett pass short right to J.Love to SEA 43 for 7 yards (E.Jones).
2026,WEEK 2,Sunday,September 20th,SEA,AZ,2nd Quarter,1,Arizona Cardinals,1,4,0,3 Yard Run,2nd & 3 at SEA 43,04:27 1st,— T.Allgeier left tackle to SEA 40 for 3 yards (R.Mills; U.Nwosu).
2026,WEEK 2,Sunday,September 20th,SEA,AZ,2nd Quarter,1,Arizona Cardinals,1,5,0,Pass Incomplete,1st & 10 at SEA 40,03:48 1st,— J.Brissett pass incomplete short left.
2026,WEEK 2,Sunday,September 20th,SEA,AZ,2nd Quarter,1,Arizona Cardinals,1,6,0,5 Yard Pass,2nd & 10 at SEA 40,03:39 1st Shotgun,— J.Brissett pass short right to T.McBride to SEA 35 for 5 yards (E.Jones).
2026,WEEK 2,Sunday,September 20th,SEA,AZ,2nd Quarter,1,Arizona Cardinals,1,7,0,8 Yard Penalty,3rd & 5 at SEA 35,02:56 1st Shotgun,"— J.Brissett pass incomplete short middle to Mi.Wilson (R.Thomas). PENALTY on SEA-R.Thomas, Defensive Pass Interference, 8 yards, enforced at SEA 35 - No Play."
2026,WEEK 2,Sunday,September 20th,SEA,AZ,2nd Quarter,1,Arizona Cardinals,1,8,0,Timeout,,02:53 1st,— Timeout #1 by AZ at 02:53.
2026,WEEK 2,Sunday,September 20th,SEA,AZ,2nd Quarter,1,Arizona Cardinals,1,9,0,8 Yard Run,1st & 10 at SEA 27,02:53 1st,— J.Love right end to SEA 19 for 8 yards (E.Jones; L.Williams).
2026,WEEK 2,Sunday,September 20th,SEA,AZ,2nd Quarter,1,Arizona Cardinals,1,10,0,9 Yard Run,2nd & 2 at SEA 19,02:14 1st,— J.Love right tackle to SEA 10 for 9 yards (E.Jones).
2026,WEEK 2,Sunday,September 20th,SEA,AZ,2nd Quarter,1,Arizona Cardinals,1,11,0,1 Yard Run,1st & 10 at SEA 10,01:31 1st,— J.Love up the middle to SEA 9 for 1 yard (D.Witherspoon; L.Williams).
2026,WEEK 2,Sunday,September 20th,SEA,AZ,2nd Quarter,1,Arizona Cardinals,1,12,0,Pass Incomplete,2nd & 9 at SEA 9,00:47 1st,— J.Brissett pass incomplete short middle to T.McBride (R.Thomas).
2026,WEEK 2,Sunday,September 20th,SEA,AZ,2nd Quarter,1,Arizona Cardinals,1,13,0,7 Yard Run,3rd & 9 at SEA 9,00:43 1st Shotgun,— J.Brissett scrambles left end to SEA 2 for 7 yards (D.Thomas).
2026,WEEK 2,Sunday,September 20th,SEA,AZ,2nd Quarter,1,Arizona Cardinals,1,14,1,Touchdown,4th & 2 at SEA 2,15:00 2nd Shotgun,"— J.Brissett pass short left to T.McBride for 2 yards, TOUCHDOWN."
2026,WEEK 2,Sunday,September 20th,SEA,AZ,2nd Quarter,1,Arizona Cardinals,1,15,1,Extra Point,,14:57 2nd,"— C.Ryland extra point is GOOD, Center-C.Kreiter, Holder-B.Gillikin."
2026,WEEK 2,Sunday,September 20th,SEA,AZ,2nd Quarter,2,Seattle Seahawks,0,1,0,Kickoff from AZ 35,,Kickoff,— C.Ryland kicks 59 yards from AZ 35 to SEA 6. R.Shaheed to SEA 26 for 20 yards (J.Burch).
2026,WEEK 2,Sunday,September 20th,SEA,AZ,2nd Quarter,2,Seattle Seahawks,0,2,0,23 Yard Pass,1st & 10 at SEA 26,14:52 2nd,— D.Lock pass short middle to R.Shaheed to SEA 49 for 23 yards (J.Gibbens; W.Johnson).
2026,WEEK 2,Sunday,September 20th,SEA,AZ,2nd Quarter,2,Seattle Seahawks,0,3,0,4 Yard Pass,1st & 10 at SEA 49,14:15 2nd Shotgun,— D.Lock pass short right to R.Shaheed to AZ 47 for 4 yards (B.Baker).
2026,WEEK 2,Sunday,September 20th,SEA,AZ,2nd Quarter,2,Seattle Seahawks,0,4,0,Fumble,2nd & 6 at AZ 47,13:36 2nd Shotgun,"— J.Price up the middle to AZ 45 for 2 yards (Z.Collins; Ma.Wilson). FUMBLES (Z.Collins), RECOVERED by AZ-Z.Collins at AZ 47."
2026,WEEK 2,Sunday,September 20th,SEA,AZ,2nd Quarter,3,Arizona Cardinals,0,1,0,9 Yard Pass,1st & 10 at AZ 47,13:30 2nd,— J.Brissett pass short right to J.Love pushed ob at SEA 44 for 9 yards (D.Thomas).
2026,WEEK 2,Sunday,September 20th,SEA,AZ,2nd Quarter,3,Arizona Cardinals,0,2,0,-3 Yard Run,2nd & 1 at SEA 44,13:00 2nd,— J.Love up the middle to SEA 47 for -3 yards (D.Thomas).
2026,WEEK 2,Sunday,September 20th,SEA,AZ,2nd Quarter,3,Arizona Cardinals,0,3,0,Pass Incomplete,3rd & 4 at SEA 47,12:21 2nd Shotgun,— J.Brissett pass incomplete short left to K.Bourne.
2026,WEEK 2,Sunday,September 20th,SEA,AZ,2nd Quarter,3,Arizona Cardinals,0,4,0,Punt,4th & 4 at SEA 47,12:17 2nd,"— B.Gillikin punts 31 yards to SEA 16, Center-C.Kreiter, fair catch by R.Shaheed."
2026,WEEK 2,Sunday,September 20th,SEA,AZ,2nd Quarter,4,Seattle Seahawks,0,1,0,11 Yard Run,1st & 10 at SEA 16,12:10 2nd,— J.Price left end to SEA 27 for 11 yards (Ma.Wilson).
2026,WEEK 2,Sunday,September 20th,SEA,AZ,2nd Quarter,4,Seattle Seahawks,0,2,0,8 Yard Pass,1st & 10 at SEA 27,11:27 2nd Shotgun,— D.Lock pass short right to A.Barner to SEA 35 for 8 yards (Ma.Wilson).
2026,WEEK 2,Sunday,September 20th,SEA,AZ,2nd Quarter,4,Seattle Seahawks,0,3,0,4 Yard Run,2nd & 2 at SEA 35,10:51 2nd,— E.Wilson right end to SEA 39 for 4 yards (M.Melton; J.Gibbens).
2026,WEEK 2,Sunday,September 20th,SEA,AZ,2nd Quarter,4,Seattle Seahawks,0,4,0,5 Yard Run,1st & 10 at SEA 39,10:13 2nd,— E.Wilson left guard to SEA 44 for 5 yards (Ma.Wilson).
2026,WEEK 2,Sunday,September 20th,SEA,AZ,2nd Quarter,4,Seattle Seahawks,0,5,0,10 Yard Run,2nd & 5 at SEA 44,09:33 2nd,— E.Wilson right tackle to AZ 46 for 10 yards (A.Wingard).
2026,WEEK 2,Sunday,September 20th,SEA,AZ,2nd Quarter,4,Seattle Seahawks,0,6,0,4 Yard Pass,1st & 10 at AZ 46,08:58 2nd,— D.Lock pass short middle to C.Kupp to AZ 42 for 4 yards (D.Stills).
2026,WEEK 2,Sunday,September 20th,SEA,AZ,2nd Quarter,4,Seattle Seahawks,0,7,0,-1 Yard Run,2nd & 6 at AZ 42,08:16 2nd,"— J.Price left tackle to AZ 43 for -1 yards (M.Melton, Ma.Wilson)."
2026,WEEK 2,Sunday,September 20th,SEA,AZ,2nd Quarter,4,Seattle Seahawks,0,8,0,-5 Yard Penalty,3rd & 7 at AZ 43,07:42 2nd Shotgun,"— PENALTY on SEA-A.Lucas, False Start, 5 yards, enforced at AZ 43 - No Play."
2026,WEEK 2,Sunday,September 20th,SEA,AZ,2nd Quarter,4,Seattle Seahawks,0,9,0,Pass Incomplete,3rd & 12 at AZ 48,07:22 2nd Shotgun,— D.Lock pass incomplete deep left to R.Shaheed.
2026,WEEK 2,Sunday,September 20th,SEA,AZ,2nd Quarter,4,Seattle Seahawks,0,10,0,Punt,4th & 12 at AZ 48,07:16 2nd,"— M.Dickson punts 42 yards to AZ 6, Center-C.Stoll, out of bounds. PENALTY on AZ-W.Williams, Illegal Block Above the Waist, 3 yards, enforced at AZ 6."
2026,WEEK 2,Sunday,September 20th,SEA,AZ,2nd Quarter,5,Arizona Cardinals,0,1,0,5 Yard Run,1st & 10 at AZ 3,07:08 2nd,— T.Allgeier up the middle to AZ 8 for 5 yards (E.Jones).
2026,WEEK 2,Sunday,September 20th,SEA,AZ,2nd Quarter,5,Arizona Cardinals,0,2,0,3 Yard Run,2nd & 5 at AZ 8,06:22 2nd,— J.Love left end to AZ 11 for 3 yards (L.Williams).
2026,WEEK 2,Sunday,September 20th,SEA,AZ,2nd Quarter,5,Arizona Cardinals,0,3,0,Pass Incomplete,3rd & 2 at AZ 11,05:38 2nd Shotgun,— J.Brissett pass incomplete short right to T.McBride (J.Love).
2026,WEEK 2,Sunday,September 20th,SEA,AZ,2nd Quarter,5,Arizona Cardinals,0,4,0,Punt,4th & 2 at AZ 11,05:34 2nd,"— B.Gillikin punts 49 yards to SEA 40, Center-C.Kreiter. R.Shaheed ran ob at AZ 46 for 14 yards (K.Sharar). PENALTY on AZ-K.Sharar, Unnecessary Roughness, 15 yards, enforced at AZ 46."
2026,WEEK 2,Sunday,September 20th,SEA,AZ,2nd Quarter,6,Seattle Seahawks,0,1,0,10 Yard Pass,1st & 10 at AZ 31,05:24 2nd,— D.Lock pass short right to J.Smith-Njigba to AZ 21 for 10 yards (A.Wingard).
2026,WEEK 2,Sunday,September 20th,SEA,AZ,2nd Quarter,6,Seattle Seahawks,0,2,0,2 Yard Run,1st & 10 at AZ 21,04:42 2nd,— J.Price up the middle to AZ 19 for 2 yards (R.Lopez; J.Gibbens).
2026,WEEK 2,Sunday,September 20th,SEA,AZ,2nd Quarter,6,Seattle Seahawks,0,3,0,6 Yard Run,2nd & 8 at AZ 19,03:56 2nd,— J.Price right guard to AZ 13 for 6 yards (A.Wingard; W.Johnson).
2026,WEEK 2,Sunday,September 20th,SEA,AZ,2nd Quarter,6,Seattle Seahawks,0,4,0,7 Yard Pass,3rd & 2 at AZ 13,03:12 2nd,— D.Lock pass short left to J.Smith-Njigba to AZ 6 for 7 yards (B.Baker).
2026,WEEK 2,Sunday,September 20th,SEA,AZ,2nd Quarter,6,Seattle Seahawks,0,5,0,Timeout,,02:25 2nd,— Timeout #1 by SEA at 02:25.
2026,WEEK 2,Sunday,September 20th,SEA,AZ,2nd Quarter,6,Seattle Seahawks,0,6,0,2 Yard Run,1st & 6 at AZ 6,02:25 2nd,— J.Price right end to AZ 4 for 2 yards (B.Baker).
2026,WEEK 2,Sunday,September 20th,SEA,AZ,2nd Quarter,6,Seattle Seahawks,0,7,0,2 Yard Run,2nd & 4 at AZ 4,02:00 2nd Shotgun,— E.Wilson right tackle to AZ 2 for 2 yards (J.Gibbens; A.Wingard). ** Injury Update: AZ-Ma.Wilson has returned to the game.
2026,WEEK 2,Sunday,September 20th,SEA,AZ,2nd Quarter,6,Seattle Seahawks,0,8,0,1 Yard Run,3rd & 2 at AZ 2,01:19 2nd,— E.Wilson up the middle to AZ 1 for 1 yard (B.Browning).
2026,WEEK 2,Sunday,September 20th,SEA,AZ,2nd Quarter,6,Seattle Seahawks,0,9,0,Timeout,,01:16 2nd,— Timeout #2 by AZ at 01:16.
2026,WEEK 2,Sunday,September 20th,SEA,AZ,2nd Quarter,6,Seattle Seahawks,0,10,0,Turnover on Downs,4th & 1 at AZ 1,01:16 2nd,— O.Oluwatimi and J.Jones reported in as eligible. E.Wilson up the middle to AZ 2 for -1 yards (A.Wingard).
2026,WEEK 2,Sunday,September 20th,SEA,AZ,2nd Quarter,7,Arizona Cardinals,0,1,0,4 Yard Pass,1st & 10 at AZ 2,01:12 2nd Shotgun,— J.Brissett pass short left to T.McBride to AZ 6 for 4 yards (J.Love).
2026,WEEK 2,Sunday,September 20th,SEA,AZ,2nd Quarter,7,Arizona Cardinals,0,2,0,Timeout,,01:07 2nd,— Timeout #2 by SEA at 01:07.
2026,WEEK 2,Sunday,September 20th,SEA,AZ,2nd Quarter,7,Arizona Cardinals,0,3,0,Pass Incomplete,2nd & 6 at AZ 6,01:07 2nd Shotgun,— J.Brissett pass incomplete short right to M.Harrison.
2026,WEEK 2,Sunday,September 20th,SEA,AZ,2nd Quarter,7,Arizona Cardinals,0,4,0,9 Yard Pass,3rd & 6 at AZ 6,01:04 2nd Shotgun,— J.Brissett pass short left to Mi.Wilson pushed ob at AZ 15 for 9 yards (J.Jobe).
2026,WEEK 2,Sunday,September 20th,SEA,AZ,2nd Quarter,7,Arizona Cardinals,0,5,0,13 Yard Penalty,1st & 10 at AZ 15,00:58 2nd Shotgun,"— J.Brissett pass incomplete short right to Mi.Wilson (N.Pritchett). PENALTY on SEA-N.Pritchett, Defensive Pass Interference, 13 yards, enforced at AZ 15 - No Play."
2026,WEEK 2,Sunday,September 20th,SEA,AZ,2nd Quarter,7,Arizona Cardinals,0,6,0,1 Yard Pass,1st & 10 at AZ 28,00:52 2nd Shotgun,— J.Brissett pass short right to T.McBride pushed ob at AZ 29 for 1 yard (D.Thomas).
2026,WEEK 2,Sunday,September 20th,SEA,AZ,2nd Quarter,7,Arizona Cardinals,0,7,0,5 Yard Pass,2nd & 9 at AZ 29,"00:47 2nd No Huddle, Shotgun",— J.Brissett pass short left to T.Allgeier pushed ob at AZ 34 for 5 yards (D.Witherspoon) [J.Reed].
2026,WEEK 2,Sunday,September 20th,SEA,AZ,2nd Quarter,7,Arizona Cardinals,0,8,0,Pass Incomplete,3rd & 4 at AZ 34,00:40 2nd Shotgun,— J.Brissett pass incomplete short middle.
2026,WEEK 2,Sunday,September 20th,SEA,AZ,2nd Quarter,7,Arizona Cardinals,0,9,0,Punt,4th & 4 at AZ 34,00:35 2nd,"— B.Gillikin punts 43 yards to SEA 23, Center-C.Kreiter. R.Shaheed to SEA 26 for 3 yards (Z.Collins; H.Long)."
2026,WEEK 2,Sunday,September 20th,SEA,AZ,2nd Quarter,8,Seattle Seahawks,0,1,0,Pass Incomplete,1st & 10 at SEA 26,00:25 2nd Shotgun,— D.Lock pass incomplete deep middle to R.Shaheed (W.Johnson).
2026,WEEK 2,Sunday,September 20th,SEA,AZ,2nd Quarter,8,Seattle Seahawks,0,2,0,16 Yard Pass,2nd & 10 at SEA 26,00:19 2nd Shotgun,— D.Lock pass short right to C.Kupp ran ob at SEA 42 for 16 yards (W.Johnson).
2026,WEEK 2,Sunday,September 20th,SEA,AZ,2nd Quarter,8,Seattle Seahawks,0,3,0,Pass Incomplete,1st & 10 at SEA 42,00:14 2nd Shotgun,"— D.Lock pass short middle to J.Smith-Njigba to AZ 47 for 11 yards (B.Baker). The Replay Official reviewed the pass completion ruling, and the play was REVERSED. (Shotgun) D.Lock pass incomplete short middle to J.Smith-Njigba (B.Baker)."
2026,WEEK 2,Sunday,September 20th,SEA,AZ,2nd Quarter,8,Seattle Seahawks,0,4,0,Pass Incomplete,2nd & 10 at SEA 42,00:11 2nd Shotgun,— D.Lock pass incomplete short right to J.Smith-Njigba.
2026,WEEK 2,Sunday,September 20th,SEA,AZ,2nd Quarter,8,Seattle Seahawks,0,5,0,9 Yard Pass,3rd & 10 at SEA 42,00:06 2nd Shotgun,— D.Lock pass short left to J.Smith-Njigba to AZ 49 for 9 yards (M.Melton).
2026,WEEK 2,Sunday,September 20th,SEA,AZ,2nd Quarter,8,Seattle Seahawks,0,6,0,Timeout,,00:01 2nd,— Timeout #3 by SEA at 00:01.
2026,WEEK 2,Sunday,September 20th,SEA,AZ,2nd Quarter,8,Seattle Seahawks,0,7,0,Turnover on Downs,4th & 1 at AZ 49,00:01 2nd Shotgun,— D.Lock sacked at SEA 35 for -16 yards (B.Baker).
2026,WEEK 2,Sunday,September 20th,SEA,AZ,3rd Quarter,1,Seattle Seahawks,1,1,0,Kickoff from AZ 35,,Kickoff,"— C.Ryland kicks 64 yards from AZ 35 to SEA 1. R.Shaheed to SEA 28 for 27 yards (E.Higgins). FUMBLES (E.Higgins), touched at SEA 28, recovered by SEA-C.Surratt at SEA 26. C.Surratt pushed ob at AZ 37 for 37 yards (K.Clark; C.Ryland)."
2026,WEEK 2,Sunday,September 20th,SEA,AZ,3rd Quarter,1,Seattle Seahawks,1,2,0,5 Yard Penalty,1st & 10 at AZ 37,14:48 3rd,"— PENALTY on AZ-J.Sweat, Encroachment, 5 yards, enforced at AZ 37 - No Play."
2026,WEEK 2,Sunday,September 20th,SEA,AZ,3rd Quarter,1,Seattle Seahawks,1,3,0,25 Yard Run,1st & 5 at AZ 32,14:48 3rd,— J.Price right end to AZ 7 for 25 yards (B.Baker).
2026,WEEK 2,Sunday,September 20th,SEA,AZ,3rd Quarter,1,Seattle Seahawks,1,4,0,2 Yard Run,1st & 7 at AZ 7,14:00 3rd,— E.Wilson left guard to AZ 5 for 2 yards (D.Stills; Z.Collins).
2026,WEEK 2,Sunday,September 20th,SEA,AZ,3rd Quarter,1,Seattle Seahawks,1,5,0,-2 Yard Run,2nd & 5 at AZ 5,13:16 3rd,— J.Price left end to AZ 7 for -2 yards (Z.Collins).
2026,WEEK 2,Sunday,September 20th,SEA,AZ,3rd Quarter,1,Seattle Seahawks,1,6,1,Touchdown,3rd & 7 at AZ 7,12:31 3rd Shotgun,"— D.Lock pass short middle to J.Smith-Njigba for 7 yards, TOUCHDOWN."
2026,WEEK 2,Sunday,September 20th,SEA,AZ,3rd Quarter,1,Seattle Seahawks,1,7,1,Extra Point,,12:27 3rd,"— J.Myers extra point is GOOD, Center-C.Stoll, Holder-M.Dickson."
2026,WEEK 2,Sunday,September 20th,SEA,AZ,3rd Quarter,2,Arizona Cardinals,0,1,0,Kickoff from SEA 35,,Kickoff,"— J.Myers kicks 65 yards from SEA 35 to landing zone to end zone, Touchback to the AZ 20."
2026,WEEK 2,Sunday,September 20th,SEA,AZ,3rd Quarter,2,Arizona Cardinals,0,2,0,Pass Incomplete,1st & 10 at AZ 20,12:27 3rd,— J.Brissett pass incomplete deep right to Mi.Wilson (D.Lawrence) [D.Lawrence].
2026,WEEK 2,Sunday,September 20th,SEA,AZ,3rd Quarter,2,Arizona Cardinals,0,3,0,3 Yard Pass,2nd & 10 at AZ 20,12:20 3rd Shotgun,— J.Brissett pass short left to K.Bourne to AZ 23 for 3 yards (D.Witherspoon) [D.Hall].
2026,WEEK 2,Sunday,September 20th,SEA,AZ,3rd Quarter,2,Arizona Cardinals,0,4,0,Interception,3rd & 7 at AZ 23,11:39 3rd Shotgun,— J.Brissett pass deep left intended for Mi.Wilson INTERCEPTED by J.Love [D.Hall] at AZ 44. J.Love ran ob at AZ 44 for no gain.
2026,WEEK 2,Sunday,September 20th,SEA,AZ,3rd Quarter,3,Seattle Seahawks,1,1,0,17 Yard Pass,1st & 10 at AZ 44,11:33 3rd Shotgun,— D.Lock pass short middle to E.Arroyo to AZ 27 for 17 yards (B.Baker) [W.Nolen].
2026,WEEK 2,Sunday,September 20th,SEA,AZ,3rd Quarter,3,Seattle Seahawks,1,2,0,3 Yard Run,1st & 10 at AZ 27,10:56 3rd,— J.Price right end to AZ 24 for 3 yards (R.Lopez; W.Nolen).
2026,WEEK 2,Sunday,September 20th,SEA,AZ,3rd Quarter,3,Seattle Seahawks,1,3,0,Pass Incomplete,2nd & 7 at AZ 24,10:14 3rd Shotgun,— D.Lock pass incomplete deep right to J.Price.
2026,WEEK 2,Sunday,September 20th,SEA,AZ,3rd Quarter,3,Seattle Seahawks,1,4,0,9 Yard Pass,3rd & 7 at AZ 24,10:08 3rd Shotgun,— D.Lock pass short left to J.Smith-Njigba to AZ 15 for 9 yards (K.Clark) [J.Gibbens].
2026,WEEK 2,Sunday,September 20th,SEA,AZ,3rd Quarter,3,Seattle Seahawks,1,5,0,Penalty,1st & 10 at AZ 15,09:22 3rd,"— G.Holani left end to AZ 4 for 11 yards (Ma.Wilson). Penalty on SEA-C.Cross, Offensive Holding, offsetting, enforced at AZ 15 - No Play. Penalty on AZ-R.Lopez, Defensive Holding, offsetting."
2026,WEEK 2,Sunday,September 20th,SEA,AZ,3rd Quarter,3,Seattle Seahawks,1,6,0,2 Yard Pass,1st & 10 at AZ 15,09:00 3rd Shotgun,— D.Lock pass short left to G.Holani to AZ 13 for 2 yards (D.Robinson; J.Gibbens).
2026,WEEK 2,Sunday,September 20th,SEA,AZ,3rd Quarter,3,Seattle Seahawks,1,7,0,-10 Yard Pass,2nd & 8 at AZ 13,08:23 3rd,— D.Lock pass short middle to E.Saubert to AZ 23 for -10 yards (D.Robinson).
2026,WEEK 2,Sunday,September 20th,SEA,AZ,3rd Quarter,3,Seattle Seahawks,1,8,0,8 Yard Pass,3rd & 18 at AZ 23,07:35 3rd Shotgun,— D.Lock pass short right to R.Shaheed to AZ 15 for 8 yards (D.Burke).
2026,WEEK 2,Sunday,September 20th,SEA,AZ,3rd Quarter,3,Seattle Seahawks,1,9,1,Field Goal,4th & 10 at AZ 15,06:52 3rd,"— J.Myers 33 yard field goal is GOOD, Center-C.Stoll, Holder-M.Dickson."
2026,WEEK 2,Sunday,September 20th,SEA,AZ,3rd Quarter,4,Arizona Cardinals,0,1,0,Kickoff from SEA 35,,Kickoff,— J.Myers kicks 63 yards from SEA 35 to AZ 2. J.Brooks to AZ 27 for 25 yards (A.Finley).
2026,WEEK 2,Sunday,September 20th,SEA,AZ,3rd Quarter,4,Arizona Cardinals,0,2,0,3 Yard Run,1st & 10 at AZ 27,06:41 3rd Shotgun,— J.Love up the middle to AZ 30 for 3 yards (N.Emmanwori).
2026,WEEK 2,Sunday,September 20th,SEA,AZ,3rd Quarter,4,Arizona Cardinals,0,3,0,0 Yard Pass,2nd & 7 at AZ 30,06:04 3rd Shotgun,— J.Brissett pass short left to J.Love to AZ 30 for no gain (D.Thomas).
2026,WEEK 2,Sunday,September 20th,SEA,AZ,3rd Quarter,4,Arizona Cardinals,0,4,0,8 Yard Pass,3rd & 7 at AZ 30,05:26 3rd Shotgun,— J.Brissett pass short middle to T.McBride to AZ 38 for 8 yards (E.Jones; D.Witherspoon).
2026,WEEK 2,Sunday,September 20th,SEA,AZ,3rd Quarter,4,Arizona Cardinals,0,5,0,1 Yard Run,1st & 10 at AZ 38,04:44 3rd,— T.Allgeier left tackle to AZ 39 for 1 yard (D.Thomas).
2026,WEEK 2,Sunday,September 20th,SEA,AZ,3rd Quarter,4,Arizona Cardinals,0,6,0,4 Yard Pass,2nd & 9 at AZ 39,04:01 3rd Shotgun,— J.Brissett pass short right to T.Allgeier pushed ob at AZ 43 for 4 yards (D.Witherspoon; N.Pritchett).
2026,WEEK 2,Sunday,September 20th,SEA,AZ,3rd Quarter,4,Arizona Cardinals,0,7,0,Pass Incomplete,3rd & 5 at AZ 43,03:24 3rd Shotgun,— J.Brissett pass incomplete short middle to Mi.Wilson.
2026,WEEK 2,Sunday,September 20th,SEA,AZ,3rd Quarter,4,Arizona Cardinals,0,8,0,Punt,4th & 5 at AZ 43,03:20 3rd,"— B.Gillikin punts 37 yards to SEA 20, Center-C.Kreiter, fair catch by R.Shaheed. Penalty on SEA-J.Neal, Offensive Holding, offsetting, enforced at SEA 20. Penalty on AZ-J.Brooks, Fair Catch Interference, offsetting."
2026,WEEK 2,Sunday,September 20th,SEA,AZ,4th Quarter,1,Seattle Seahawks,1,1,0,4 Yard Run,1st & 10 at SEA 20,03:13 3rd,— J.Price up the middle to SEA 24 for 4 yards (J.Gibbens; J.Burch).
2026,WEEK 2,Sunday,September 20th,SEA,AZ,4th Quarter,1,Seattle Seahawks,1,2,0,8 Yard Pass,2nd & 6 at SEA 24,02:29 3rd,— D.Lock pass short right to J.Price to SEA 32 for 8 yards (L.Collier).
2026,WEEK 2,Sunday,September 20th,SEA,AZ,4th Quarter,1,Seattle Seahawks,1,3,0,3 Yard Run,1st & 10 at SEA 32,01:45 3rd,— E.Wilson left guard to SEA 35 for 3 yards (D.Robinson; D.Stills).
2026,WEEK 2,Sunday,September 20th,SEA,AZ,4th Quarter,1,Seattle Seahawks,1,4,0,15 Yard Pass,2nd & 7 at SEA 35,01:06 3rd,— D.Lock pass short left to J.Smith-Njigba to 50 for 15 yards (A.Wingard).
2026,WEEK 2,Sunday,September 20th,SEA,AZ,4th Quarter,1,Seattle Seahawks,1,5,0,8 Yard Run,1st & 10 at 50,00:20 3rd,— E.Wilson up the middle to AZ 42 for 8 yards (D.Robinson).
2026,WEEK 2,Sunday,September 20th,SEA,AZ,4th Quarter,1,Seattle Seahawks,1,6,0,5 Yard Run,2nd & 2 at AZ 42,15:00 4th,— E.Wilson up the middle to AZ 37 for 5 yards (D.Robinson).
2026,WEEK 2,Sunday,September 20th,SEA,AZ,4th Quarter,1,Seattle Seahawks,1,7,0,5 Yard Run,1st & 10 at AZ 37,14:20 4th,— E.Wilson left end to AZ 32 for 5 yards (A.Wingard).
2026,WEEK 2,Sunday,September 20th,SEA,AZ,4th Quarter,1,Seattle Seahawks,1,8,0,16 Yard Penalty,2nd & 5 at AZ 32,13:35 4th,"— D.Lock pass incomplete deep right to J.Smith-Njigba. PENALTY on AZ-D.Burke, Defensive Pass Interference, 16 yards, enforced at AZ 32 - No Play."
2026,WEEK 2,Sunday,September 20th,SEA,AZ,4th Quarter,1,Seattle Seahawks,1,9,0,Pass Incomplete,1st & 10 at AZ 16,13:30 4th Shotgun,— D.Lock pass incomplete short right to E.Wilson (J.Gibbens).
2026,WEEK 2,Sunday,September 20th,SEA,AZ,4th Quarter,1,Seattle Seahawks,1,10,0,4 Yard Run,2nd & 10 at AZ 16,13:24 4th,— R.Shaheed left end pushed ob at AZ 12 for 4 yards (B.Baker; L.Collier).
2026,WEEK 2,Sunday,September 20th,SEA,AZ,4th Quarter,1,Seattle Seahawks,1,11,1,Touchdown,3rd & 6 at AZ 12,12:44 4th Shotgun,"— D.Lock pass short middle to J.Smith-Njigba for 12 yards, TOUCHDOWN."
2026,WEEK 2,Sunday,September 20th,SEA,AZ,4th Quarter,1,Seattle Seahawks,1,12,1,Extra Point,,12:40 4th,"— J.Myers extra point is GOOD, Center-C.Stoll, Holder-M.Dickson."
2026,WEEK 2,Sunday,September 20th,SEA,AZ,4th Quarter,2,Arizona Cardinals,0,1,0,Kickoff from SEA 35,,Kickoff,"— J.Myers kicks 65 yards from SEA 35 to end zone, Touchback to the AZ 35."
2026,WEEK 2,Sunday,September 20th,SEA,AZ,4th Quarter,2,Arizona Cardinals,0,2,0,8 Yard Pass,1st & 10 at AZ 35,12:40 4th Shotgun,— J.Brissett pass short right to K.Bourne to AZ 43 for 8 yards (D.Witherspoon).
2026,WEEK 2,Sunday,September 20th,SEA,AZ,4th Quarter,2,Arizona Cardinals,0,3,0,Pass Incomplete,2nd & 2 at AZ 43,"12:20 4th No Huddle, Shotgun",— J.Brissett pass incomplete short middle to Mi.Wilson.
2026,WEEK 2,Sunday,September 20th,SEA,AZ,4th Quarter,2,Arizona Cardinals,0,4,0,-7 Yard Sack,3rd & 2 at AZ 43,12:16 4th Shotgun,— J.Brissett sacked at AZ 36 for -7 yards (J.Reed).
2026,WEEK 2,Sunday,September 20th,SEA,AZ,4th Quarter,2,Arizona Cardinals,0,5,0,Punt,4th & 9 at AZ 36,11:35 4th,"— B.Gillikin punts 46 yards to SEA 18, Center-C.Kreiter. R.Shaheed ran ob at SEA 30 for 12 yards (C.Simon)."
2026,WEEK 2,Sunday,September 20th,SEA,AZ,4th Quarter,3,Seattle Seahawks,1,1,0,18 Yard Run,1st & 10 at SEA 30,11:25 4th,— E.Wilson right tackle to SEA 48 for 18 yards (J.Gibbens).
2026,WEEK 2,Sunday,September 20th,SEA,AZ,4th Quarter,3,Seattle Seahawks,1,2,0,3 Yard Run,1st & 10 at SEA 48,10:45 4th,— E.Wilson up the middle to AZ 49 for 3 yards (Ma.Wilson; D.Stills).
2026,WEEK 2,Sunday,September 20th,SEA,AZ,4th Quarter,3,Seattle Seahawks,1,3,0,5 Yard Run,2nd & 7 at AZ 49,10:04 4th,— G.Holani up the middle to AZ 44 for 5 yards (R.Lopez).
2026,WEEK 2,Sunday,September 20th,SEA,AZ,4th Quarter,3,Seattle Seahawks,1,4,0,4 Yard Pass,3rd & 2 at AZ 44,09:16 4th Shotgun,— D.Lock pass short right to J.Smith-Njigba to AZ 40 for 4 yards (D.Stills).
2026,WEEK 2,Sunday,September 20th,SEA,AZ,4th Quarter,3,Seattle Seahawks,1,5,0,0 Yard Run,1st & 10 at AZ 40,08:35 4th,— E.Wilson up the middle to AZ 40 for no gain (B.Baker).
2026,WEEK 2,Sunday,September 20th,SEA,AZ,4th Quarter,3,Seattle Seahawks,1,6,0,Penalty,2nd & 10 at AZ 40,07:50 4th,"— D.Lock pass incomplete short left to E.Wilson (B.Browning). Penalty on AZ-D.Burke, Defensive Holding, offsetting, enforced at AZ 40 - No Play. Penalty on SEA-A.Barner, Offensive Holding, offsetting."
2026,WEEK 2,Sunday,September 20th,SEA,AZ,4th Quarter,3,Seattle Seahawks,1,7,0,2 Yard Run,2nd & 10 at AZ 40,07:46 4th,— E.Wilson right tackle to AZ 38 for 2 yards (B.Baker; J.Gibbens).
2026,WEEK 2,Sunday,September 20th,SEA,AZ,4th Quarter,3,Seattle Seahawks,1,8,0,9 Yard Run,3rd & 8 at AZ 38,07:04 4th Shotgun,— E.Wilson right guard to AZ 29 for 9 yards (W.Nolen; A.Wingard).
2026,WEEK 2,Sunday,September 20th,SEA,AZ,4th Quarter,3,Seattle Seahawks,1,9,0,7 Yard Run,1st & 10 at AZ 29,06:18 4th Shotgun,— E.Wilson up the middle to AZ 22 for 7 yards (Ma.Wilson).
2026,WEEK 2,Sunday,September 20th,SEA,AZ,4th Quarter,3,Seattle Seahawks,1,10,0,7 Yard Run,2nd & 3 at AZ 22,05:34 4th,— E.Wilson up the middle to AZ 15 for 7 yards (R.Lopez; B.Baker).
2026,WEEK 2,Sunday,September 20th,SEA,AZ,4th Quarter,3,Seattle Seahawks,1,11,0,Timeout,,04:47 4th,— Timeout #1 by SEA at 04:47.
2026,WEEK 2,Sunday,September 20th,SEA,AZ,4th Quarter,3,Seattle Seahawks,1,12,0,1 Yard Run,1st & 10 at AZ 15,04:47 4th,— E.Wilson up the middle to AZ 14 for 1 yard (B.Browning).
2026,WEEK 2,Sunday,September 20th,SEA,AZ,4th Quarter,3,Seattle Seahawks,1,13,0,1 Yard Run,2nd & 9 at AZ 14,04:04 4th,— E.Wilson right guard to AZ 13 for 1 yard (J.Burch).
2026,WEEK 2,Sunday,September 20th,SEA,AZ,4th Quarter,3,Seattle Seahawks,1,14,0,10 Yard Run,3rd & 8 at AZ 13,03:20 4th,"— G.Holani left tackle to AZ 7 for 6 yards (B.Baker; D.Robinson). PENALTY on AZ-K.Clark, Unnecessary Roughness, 4 yards, enforced at AZ 7."
2026,WEEK 2,Sunday,September 20th,SEA,AZ,4th Quarter,3,Seattle Seahawks,1,15,0,2 Yard Run,1st & 3 at AZ 3,03:06 4th,— G.Holani up the middle to AZ 1 for 2 yards (Ma.Wilson; J.Gibbens).
2026,WEEK 2,Sunday,September 20th,SEA,AZ,4th Quarter,3,Seattle Seahawks,1,16,0,0 Yard Run,2nd & 1 at AZ 1,02:22 4th,— G.Holani up the middle to AZ 1 for no gain (D.Stills; Ma.Wilson).
2026,WEEK 2,Sunday,September 20th,SEA,AZ,4th Quarter,3,Seattle Seahawks,1,17,0,0 Yard Run,3rd & 1 at AZ 1,02:00 4th,— J.Jones reported in as eligible. E.Wilson up the middle to AZ 1 for no gain (Z.Collins).
2026,WEEK 2,Sunday,September 20th,SEA,AZ,4th Quarter,3,Seattle Seahawks,1,18,0,Timeout,,01:15 4th,— Timeout #2 by SEA at 01:15.
2026,WEEK 2,Sunday,September 20th,SEA,AZ,4th Quarter,3,Seattle Seahawks,1,19,1,Touchdown,4th & 1 at AZ 1,01:15 4th,"— Direct snap to A.Barner. A.Barner up the middle for 1 yard, TOUCHDOWN."
2026,WEEK 2,Sunday,September 20th,SEA,AZ,4th Quarter,3,Seattle Seahawks,1,20,1,Extra Point,,01:11 4th,"— J.Myers extra point is GOOD, Center-C.Stoll, Holder-M.Dickson."
2026,WEEK 2,Sunday,September 20th,SEA,AZ,4th Quarter,4,Arizona Cardinals,0,1,0,Kickoff from SEA 35,,Kickoff,"— J.Myers kicks 65 yards from SEA 35 to end zone, Touchback to the AZ 35."
2026,WEEK 2,Sunday,September 20th,SEA,AZ,4th Quarter,4,Arizona Cardinals,0,2,0,18 Yard Run,1st & 10 at AZ 35,01:11 4th,— Z.Knight up the middle to SEA 47 for 18 yards (J.Neal).
2026,WEEK 2,Sunday,September 20th,SEA,AZ,4th Quarter,4,Arizona Cardinals,0,3,0,6 Yard Run,1st & 10 at SEA 47,00:30 4th,— Z.Knight left tackle to SEA 41 for 6 yards (R.Mills; D.Hall).
2026,WEEK 2,Sunday,September 20th,WAS,DAL,1st Quarter,1,Dallas Cowboys,1,1,0,Kickoff from WAS 35,,Kickoff,— D.Stevens kicks 63 yards from WAS 35 to DAL 2. K.Turpin to DAL 34 for 32 yards (C.Yankoff; J.Reaves).
2026,WEEK 2,Sunday,September 20th,WAS,DAL,1st Quarter,1,Dallas Cowboys,1,2,0,8 Yard Pass,1st & 10 at DAL 34,14:53 1st,— D.Prescott pass short right to J.Williams pushed ob at DAL 42 for 8 yards (L.Chenal).
2026,WEEK 2,Sunday,September 20th,WAS,DAL,1st Quarter,1,Dallas Cowboys,1,3,0,0 Yard Run,2nd & 2 at DAL 42,14:26 1st,— J.Williams up the middle to DAL 42 for no gain (L.Chenal; D.Payne).
2026,WEEK 2,Sunday,September 20th,WAS,DAL,1st Quarter,1,Dallas Cowboys,1,4,0,4 Yard Pass,3rd & 2 at DAL 42,13:51 1st Shotgun,— D.Prescott pass short right to G.Pickens pushed ob at DAL 46 for 4 yards (R.Douglas).
2026,WEEK 2,Sunday,September 20th,WAS,DAL,1st Quarter,1,Dallas Cowboys,1,5,0,Pass Incomplete,1st & 10 at DAL 46,13:22 1st,— D.Prescott pass incomplete deep right to G.Pickens [D.Payne].
2026,WEEK 2,Sunday,September 20th,WAS,DAL,1st Quarter,1,Dallas Cowboys,1,6,0,15 Yard Pass,2nd & 10 at DAL 46,13:17 1st Shotgun,— D.Prescott pass short left to C.Lamb to WAS 39 for 15 yards (K.Chaisson).
2026,WEEK 2,Sunday,September 20th,WAS,DAL,1st Quarter,1,Dallas Cowboys,1,7,0,23 Yard Pass,1st & 10 at WAS 39,12:40 1st Shotgun,— D.Prescott pass deep middle to C.Lamb to WAS 16 for 23 yards (A.Robertson).
2026,WEEK 2,Sunday,September 20th,WAS,DAL,1st Quarter,1,Dallas Cowboys,1,8,0,2 Yard Run,1st & 10 at WAS 16,12:02 1st,— J.Williams up the middle to WAS 14 for 2 yards (D.Payne).
2026,WEEK 2,Sunday,September 20th,WAS,DAL,1st Quarter,1,Dallas Cowboys,1,9,0,11 Yard Run,2nd & 8 at WAS 14,11:21 1st Shotgun,— D.Prescott scrambles right end to WAS 3 for 11 yards (J.Reaves; L.Chenal).
2026,WEEK 2,Sunday,September 20th,WAS,DAL,1st Quarter,1,Dallas Cowboys,1,10,0,0 Yard Run,1st & 3 at WAS 3,10:42 1st,— J.Williams up the middle to WAS 3 for no gain (J.Kinlaw).
2026,WEEK 2,Sunday,September 20th,WAS,DAL,1st Quarter,1,Dallas Cowboys,1,11,1,Touchdown,2nd & 3 at WAS 3,10:04 1st,"— D.Prescott pass short middle to C.Lamb for 3 yards, TOUCHDOWN."
2026,WEEK 2,Sunday,September 20th,WAS,DAL,1st Quarter,1,Dallas Cowboys,1,12,1,Extra Point,,10:01 1st,"— B.Aubrey extra point is GOOD, Center-T.Sieg, Holder-B.Anger."
2026,WEEK 2,Sunday,September 20th,WAS,DAL,1st Quarter,2,Washington Commanders,0,1,0,Kickoff from DAL 35,,Kickoff,"— B.Aubrey kicks 56 yards from DAL 35 to WAS 9. J.Lane MUFFS catch, and recovers at WAS 11. J.Lane to WAS 19 for 8 yards (M.Bell; H.Luepke)."
2026,WEEK 2,Sunday,September 20th,WAS,DAL,1st Quarter,2,Washington Commanders,0,2,0,6 Yard Pass,1st & 10 at WAS 19,09:58 1st,— J.Daniels pass short right to B.Sinnott to WAS 25 for 6 yards (P.Locke).
2026,WEEK 2,Sunday,September 20th,WAS,DAL,1st Quarter,2,Washington Commanders,0,3,0,-1 Yard Run,2nd & 4 at WAS 25,09:26 1st Shotgun,— J.Croskey-Merritt left guard to WAS 24 for -1 yards (Q.Williams).
2026,WEEK 2,Sunday,September 20th,WAS,DAL,1st Quarter,2,Washington Commanders,0,4,0,2 Yard Pass,3rd & 5 at WAS 24,08:48 1st Shotgun,— J.Daniels pass short right to R.White to WAS 26 for 2 yards (J.Barham). DAL-P.Locke was injured during the play.
2026,WEEK 2,Sunday,September 20th,WAS,DAL,1st Quarter,2,Washington Commanders,0,5,0,Punt,4th & 3 at WAS 26,08:15 1st,"— T.Way punts 47 yards to DAL 27, Center-T.Ott. K.Turpin to DAL 36 for 9 yards (A.Kaho)."
2026,WEEK 2,Sunday,September 20th,WAS,DAL,1st Quarter,3,Dallas Cowboys,1,1,0,38 Yard Pass,1st & 10 at DAL 36,08:05 1st Shotgun,— D.Prescott pass deep right to C.Lamb ran ob at WAS 26 for 38 yards (N.Cross).
2026,WEEK 2,Sunday,September 20th,WAS,DAL,1st Quarter,3,Dallas Cowboys,1,2,0,5 Yard Run,1st & 10 at WAS 26,07:34 1st,— J.Williams left guard to WAS 21 for 5 yards (D.Armstrong).
2026,WEEK 2,Sunday,September 20th,WAS,DAL,1st Quarter,3,Dallas Cowboys,1,3,0,Pass Incomplete,2nd & 5 at WAS 21,06:59 1st Shotgun,— D.Prescott pass incomplete short left to R.Flournoy (A.Robertson).
2026,WEEK 2,Sunday,September 20th,WAS,DAL,1st Quarter,3,Dallas Cowboys,1,4,0,10 Yard Pass,3rd & 5 at WAS 21,06:55 1st Shotgun,"— D.Prescott pass short middle to C.Lamb to WAS 11 for 10 yards (J.Reaves). Penalty on WAS-N.Cross, Defensive Holding, declined."
2026,WEEK 2,Sunday,September 20th,WAS,DAL,1st Quarter,3,Dallas Cowboys,1,5,0,0 Yard Run,1st & 10 at WAS 11,06:41 1st,— J.Williams left end to WAS 11 for no gain (O.Oweh).
2026,WEEK 2,Sunday,September 20th,WAS,DAL,1st Quarter,3,Dallas Cowboys,1,6,0,Pass Incomplete,2nd & 10 at WAS 11,05:56 1st Shotgun,— D.Prescott pass incomplete short left to J.Williams [O.Oweh].
2026,WEEK 2,Sunday,September 20th,WAS,DAL,1st Quarter,3,Dallas Cowboys,1,7,0,5 Yard Penalty,3rd & 10 at WAS 11,05:52 1st Shotgun,"— D.Prescott pass deep right intended for R.Flournoy INTERCEPTED by N.Cross at WAS -6. N.Cross tackled in End Zone, SAFETY NULLIFIED by Penalty (C.Lamb). PENALTY on WAS-C.Omenihu, Defensive Offside, 5 yards, enforced at WAS 11 - No Play."
2026,WEEK 2,Sunday,September 20th,WAS,DAL,1st Quarter,3,Dallas Cowboys,1,8,0,Timeout,,05:46 1st,— Timeout #1 by DAL at 05:46.
2026,WEEK 2,Sunday,September 20th,WAS,DAL,1st Quarter,3,Dallas Cowboys,1,9,0,0 Yard Pass,3rd & 5 at WAS 6,05:46 1st Shotgun,— D.Prescott pass short right to G.Pickens to WAS 6 for no gain (R.Douglas; L.Chenal) [D.Armstrong].
2026,WEEK 2,Sunday,September 20th,WAS,DAL,1st Quarter,3,Dallas Cowboys,1,10,1,Field Goal,4th & 5 at WAS 6,05:04 1st,"— B.Aubrey 25 yard field goal is GOOD, Center-T.Sieg, Holder-B.Anger."
2026,WEEK 2,Sunday,September 20th,WAS,DAL,2nd Quarter,1,Washington Commanders,1,1,0,Kickoff from DAL 35,,Kickoff,— B.Aubrey kicks 60 yards from DAL 35 to WAS 5. J.Lane to WAS 18 for 13 yards (A.Clark; T.Wheat).
2026,WEEK 2,Sunday,September 20th,WAS,DAL,2nd Quarter,1,Washington Commanders,1,2,0,5 Yard Pass,1st & 10 at WAS 18,04:56 1st Shotgun,— J.Daniels pass short right to J.Croskey-Merritt pushed ob at WAS 23 for 5 yards (R.Gary).
2026,WEEK 2,Sunday,September 20th,WAS,DAL,2nd Quarter,1,Washington Commanders,1,3,0,7 Yard Run,2nd & 5 at WAS 23,04:18 1st,— J.Daniels scrambles right end to WAS 30 for 7 yards (D.Winters).
2026,WEEK 2,Sunday,September 20th,WAS,DAL,2nd Quarter,1,Washington Commanders,1,4,0,0 Yard Run,1st & 10 at WAS 30,03:44 1st Shotgun,— J.Croskey-Merritt up the middle to WAS 30 for no gain (C.Downs; K.Clark).
2026,WEEK 2,Sunday,September 20th,WAS,DAL,2nd Quarter,1,Washington Commanders,1,5,0,-9 Yard Penalty,2nd & 10 at WAS 30,03:05 1st Shotgun,"— J.Daniels pass short left to T.McLaurin to WAS 38 for 8 yards (C.Durant; J.Thompson). PENALTY on WAS-T.McLaurin, Offensive Pass Interference, 9 yards, enforced at WAS 30 - No Play."
2026,WEEK 2,Sunday,September 20th,WAS,DAL,2nd Quarter,1,Washington Commanders,1,6,0,1 Yard Pass,2nd & 19 at WAS 21,02:42 1st Shotgun,"— J.Daniels pass short right to D.Brown to WAS 22 for 1 yard (D.Winters) [Q.Williams]. Penalty on WAS-D.Brown, Illegal Blindside Block, declined."
2026,WEEK 2,Sunday,September 20th,WAS,DAL,2nd Quarter,1,Washington Commanders,1,7,0,24 Yard Pass,3rd & 18 at WAS 22,02:24 1st Shotgun,— J.Daniels pass deep right to T.McLaurin to WAS 46 for 24 yards (M.Bell).
2026,WEEK 2,Sunday,September 20th,WAS,DAL,2nd Quarter,1,Washington Commanders,1,8,0,14 Yard Pass,1st & 10 at WAS 46,"02:02 1st No Huddle, Shotgun",— J.Daniels pass short right to C.Yankoff pushed ob at DAL 40 for 14 yards (M.Bell).
2026,WEEK 2,Sunday,September 20th,WAS,DAL,2nd Quarter,1,Washington Commanders,1,9,0,2 Yard Run,1st & 10 at DAL 40,01:29 1st Shotgun,— J.Croskey-Merritt up the middle to DAL 38 for 2 yards (J.Barham).
2026,WEEK 2,Sunday,September 20th,WAS,DAL,2nd Quarter,1,Washington Commanders,1,10,0,6 Yard Run,2nd & 8 at DAL 38,00:50 1st Shotgun,— J.Croskey-Merritt right tackle to DAL 32 for 6 yards (D.Ezeiruaku).
2026,WEEK 2,Sunday,September 20th,WAS,DAL,2nd Quarter,1,Washington Commanders,1,11,0,Timeout,,00:05 1st,— Timeout #2 by DAL at 00:05.
2026,WEEK 2,Sunday,September 20th,WAS,DAL,2nd Quarter,1,Washington Commanders,1,12,0,18 Yard Run,3rd & 2 at DAL 32,00:05 1st Shotgun,— J.Daniels scrambles right end ran ob at DAL 14 for 18 yards (D.Bland).
2026,WEEK 2,Sunday,September 20th,WAS,DAL,2nd Quarter,1,Washington Commanders,1,13,0,5 Yard Run,1st & 10 at DAL 14,15:00 2nd,— J.Croskey-Merritt up the middle to DAL 9 for 5 yards (C.Downs; Q.Williams).
2026,WEEK 2,Sunday,September 20th,WAS,DAL,2nd Quarter,1,Washington Commanders,1,14,0,-13 Yard Run,2nd & 5 at DAL 9,14:25 2nd,"— J.Daniels FUMBLES (Aborted) at DAL 15, recovered by WAS-J.Croskey-Merritt at DAL 20. J.Croskey-Merritt to DAL 22 for -2 yards (D.Winters)."
2026,WEEK 2,Sunday,September 20th,WAS,DAL,2nd Quarter,1,Washington Commanders,1,15,0,13 Yard Pass,3rd & 18 at DAL 22,13:40 2nd Shotgun,— J.Daniels pass short left to R.White to DAL 9 for 13 yards (D.Winters; J.Barham). DAL-D.Winters was injured during the play.
2026,WEEK 2,Sunday,September 20th,WAS,DAL,2nd Quarter,1,Washington Commanders,1,16,1,Field Goal,4th & 5 at DAL 9,13:22 2nd,"— D.Stevens 27 yard field goal is GOOD, Center-T.Ott, Holder-T.Way."
2026,WEEK 2,Sunday,September 20th,WAS,DAL,2nd Quarter,2,Dallas Cowboys,1,1,0,Kickoff from WAS 35,,Kickoff,— D.Stevens kicks 63 yards from WAS 35 to DAL 2. K.Turpin to DAL 35 for 33 yards (A.Kaho).
2026,WEEK 2,Sunday,September 20th,WAS,DAL,2nd Quarter,2,Dallas Cowboys,1,2,0,12 Yard Pass,1st & 10 at DAL 35,13:08 2nd,— D.Prescott pass short middle to G.Pickens to DAL 47 for 12 yards (M.Sainristil).
2026,WEEK 2,Sunday,September 20th,WAS,DAL,2nd Quarter,2,Dallas Cowboys,1,3,0,6 Yard Pass,1st & 10 at DAL 47,12:33 2nd Shotgun,— D.Prescott pass short middle to R.Flournoy pushed ob at WAS 47 for 6 yards (M.Sainristil).
2026,WEEK 2,Sunday,September 20th,WAS,DAL,2nd Quarter,2,Dallas Cowboys,1,4,0,10 Yard Pass,2nd & 4 at WAS 47,12:00 2nd Shotgun,— D.Prescott pass short right to R.Flournoy pushed ob at WAS 37 for 10 yards (M.Sainristil).
2026,WEEK 2,Sunday,September 20th,WAS,DAL,2nd Quarter,2,Dallas Cowboys,1,5,0,2 Yard Pass,1st & 10 at WAS 37,11:25 2nd,— D.Prescott pass short left to R.Flournoy to WAS 35 for 2 yards (J.Reaves).
2026,WEEK 2,Sunday,September 20th,WAS,DAL,2nd Quarter,2,Dallas Cowboys,1,6,0,7 Yard Run,2nd & 8 at WAS 35,10:49 2nd Shotgun,— E.Demercado up the middle to WAS 28 for 7 yards (O.Oweh).
2026,WEEK 2,Sunday,September 20th,WAS,DAL,2nd Quarter,2,Dallas Cowboys,1,7,0,18 Yard Pass,3rd & 1 at WAS 28,10:13 2nd,"— D.Prescott pass short right to G.Pickens to WAS 19 for 9 yards (J.Reaves). PENALTY on WAS-J.Reaves, Unnecessary Roughness, 9 yards, enforced at WAS 19."
2026,WEEK 2,Sunday,September 20th,WAS,DAL,2nd Quarter,2,Dallas Cowboys,1,8,1,Touchdown,1st & 10 at WAS 10,09:59 2nd Shotgun,"— D.Prescott pass short middle to J.Ferguson for 10 yards, TOUCHDOWN."
2026,WEEK 2,Sunday,September 20th,WAS,DAL,2nd Quarter,2,Dallas Cowboys,1,9,1,Extra Point,,09:55 2nd,"— B.Aubrey extra point is GOOD, Center-T.Sieg, Holder-B.Anger."
2026,WEEK 2,Sunday,September 20th,WAS,DAL,2nd Quarter,3,Washington Commanders,1,1,0,Kickoff from DAL 35,,Kickoff,"— B.Aubrey kicks 57 yards from DAL 35 to WAS 8. J.Lane MUFFS catch, and recovers at WAS 13. J.Lane to WAS 34 for 21 yards (C.Downs)."
2026,WEEK 2,Sunday,September 20th,WAS,DAL,2nd Quarter,3,Washington Commanders,1,2,0,4 Yard Run,1st & 10 at WAS 34,09:48 2nd Shotgun,— J.Croskey-Merritt left tackle to WAS 38 for 4 yards (M.Lawrence).
2026,WEEK 2,Sunday,September 20th,WAS,DAL,2nd Quarter,3,Washington Commanders,1,3,0,20 Yard Run,2nd & 6 at WAS 38,09:12 2nd,— J.Daniels scrambles up the middle to DAL 42 for 20 yards (J.Thompson).
2026,WEEK 2,Sunday,September 20th,WAS,DAL,2nd Quarter,3,Washington Commanders,1,4,0,8 Yard Run,1st & 10 at DAL 42,08:33 2nd,— R.White right guard to DAL 34 for 8 yards (D.Bland).
2026,WEEK 2,Sunday,September 20th,WAS,DAL,2nd Quarter,3,Washington Commanders,1,5,0,Pass Incomplete,2nd & 2 at DAL 34,08:01 2nd Shotgun,"— J.Daniels pass deep right to T.McLaurin for 34 yards, TOUCHDOWN. The Replay Official reviewed the pass completion ruling, and the play was REVERSED. (Shotgun) J.Daniels pass incomplete deep right to T.McLaurin (D.Bland)."
2026,WEEK 2,Sunday,September 20th,WAS,DAL,2nd Quarter,3,Washington Commanders,1,6,0,7 Yard Run,3rd & 2 at DAL 34,07:55 2nd Shotgun,— R.White up the middle to DAL 27 for 7 yards (M.Bell).
2026,WEEK 2,Sunday,September 20th,WAS,DAL,2nd Quarter,3,Washington Commanders,1,7,0,21 Yard Run,1st & 10 at DAL 27,07:21 2nd,"— R.White up the middle to DAL 13 for 14 yards (M.Bell). PENALTY on DAL-J.Thompson, Lowering the Head to Make Forcible Contact, 7 yards, enforced at DAL 13."
2026,WEEK 2,Sunday,September 20th,WAS,DAL,2nd Quarter,3,Washington Commanders,1,8,0,2 Yard Run,1st & 6 at DAL 6,06:58 2nd,— R.White right end pushed ob at DAL 4 for 2 yards (R.Gary).
2026,WEEK 2,Sunday,September 20th,WAS,DAL,2nd Quarter,3,Washington Commanders,1,9,1,Touchdown,2nd & 4 at DAL 4,06:40 2nd No Huddle,"— J.Daniels pass short left to S.Diggs for 4 yards, TOUCHDOWN."
2026,WEEK 2,Sunday,September 20th,WAS,DAL,2nd Quarter,3,Washington Commanders,1,10,1,Extra Point,,06:37 2nd,"— D.Stevens extra point is GOOD, Center-T.Ott, Holder-T.Way."
2026,WEEK 2,Sunday,September 20th,WAS,DAL,2nd Quarter,4,Dallas Cowboys,0,1,0,Kickoff from WAS 35,,Kickoff,"— D.Stevens kicks 65 yards from WAS 35 to end zone, Touchback to the DAL 35."
2026,WEEK 2,Sunday,September 20th,WAS,DAL,2nd Quarter,4,Dallas Cowboys,0,2,0,-9 Yard Sack,1st & 10 at DAL 35,06:37 2nd,— D.Shelton reported in as eligible. D.Prescott sacked at DAL 26 for -9 yards (J.Kinlaw).
2026,WEEK 2,Sunday,September 20th,WAS,DAL,2nd Quarter,4,Dallas Cowboys,0,3,0,5 Yard Pass,2nd & 19 at DAL 26,05:56 2nd Shotgun,— D.Prescott pass short left to C.Lamb to DAL 31 for 5 yards (A.Robertson).
2026,WEEK 2,Sunday,September 20th,WAS,DAL,2nd Quarter,4,Dallas Cowboys,0,4,0,Pass Incomplete,3rd & 14 at DAL 31,05:19 2nd Shotgun,— D.Prescott pass incomplete short right to G.Pickens [C.Omenihu].
2026,WEEK 2,Sunday,September 20th,WAS,DAL,2nd Quarter,4,Dallas Cowboys,0,5,0,Punt,4th & 14 at DAL 31,05:13 2nd,"— B.Anger punts 48 yards to WAS 21, Center-T.Sieg. J.Lane to WAS 35 for 14 yards (B.Spann-Ford)."
2026,WEEK 2,Sunday,September 20th,WAS,DAL,2nd Quarter,5,Washington Commanders,0,1,0,9 Yard Pass,1st & 10 at WAS 35,05:01 2nd,— J.Daniels pass short left to R.White to WAS 44 for 9 yards (C.Downs).
2026,WEEK 2,Sunday,September 20th,WAS,DAL,2nd Quarter,5,Washington Commanders,0,2,0,Pass Incomplete,2nd & 1 at WAS 44,04:20 2nd,— J.Daniels pass incomplete deep right to T.Burks.
2026,WEEK 2,Sunday,September 20th,WAS,DAL,2nd Quarter,5,Washington Commanders,0,3,0,4 Yard Run,3rd & 1 at WAS 44,04:13 2nd,— A.Wylie reported in as eligible. R.White right guard to WAS 48 for 4 yards (S.James).
2026,WEEK 2,Sunday,September 20th,WAS,DAL,2nd Quarter,5,Washington Commanders,0,4,0,1 Yard Run,1st & 10 at WAS 48,03:33 2nd,— J.Croskey-Merritt left tackle to WAS 49 for 1 yard (L.Overton).
2026,WEEK 2,Sunday,September 20th,WAS,DAL,2nd Quarter,5,Washington Commanders,0,5,0,9 Yard Run,2nd & 9 at WAS 49,02:51 2nd Shotgun,— J.Daniels scrambles right end to DAL 42 for 9 yards (C.Downs). ** Injury Update: DAL-D.Winters has returned to the game.
2026,WEEK 2,Sunday,September 20th,WAS,DAL,2nd Quarter,5,Washington Commanders,0,6,0,Pass Incomplete,1st & 10 at DAL 42,02:04 2nd Shotgun,— J.Daniels pass incomplete short left to T.McLaurin (C.Downs).
2026,WEEK 2,Sunday,September 20th,WAS,DAL,2nd Quarter,5,Washington Commanders,0,7,0,4 Yard Run,2nd & 10 at DAL 42,01:58 2nd Shotgun,— J.Croskey-Merritt left tackle to DAL 38 for 4 yards (M.Bell).
2026,WEEK 2,Sunday,September 20th,WAS,DAL,2nd Quarter,5,Washington Commanders,0,8,0,10 Yard Pass,3rd & 6 at DAL 38,01:17 2nd Shotgun,— J.Daniels pass short middle to S.Diggs to DAL 28 for 10 yards (J.Thompson).
2026,WEEK 2,Sunday,September 20th,WAS,DAL,2nd Quarter,5,Washington Commanders,0,9,0,14 Yard Run,1st & 10 at DAL 28,00:51 2nd Shotgun,— J.Daniels scrambles right end to DAL 14 for 14 yards (C.Durant).
2026,WEEK 2,Sunday,September 20th,WAS,DAL,2nd Quarter,5,Washington Commanders,0,10,0,Timeout,,00:29 2nd,— Timeout #1 by WAS at 00:29.
2026,WEEK 2,Sunday,September 20th,WAS,DAL,2nd Quarter,5,Washington Commanders,0,11,0,1 Yard Run,1st & 10 at DAL 14,00:29 2nd Shotgun,— J.Daniels scrambles right end to DAL 13 for 1 yard (T.Wheat).
2026,WEEK 2,Sunday,September 20th,WAS,DAL,2nd Quarter,5,Washington Commanders,0,12,0,Timeout,,00:21 2nd,— Timeout #2 by WAS at 00:21.
2026,WEEK 2,Sunday,September 20th,WAS,DAL,2nd Quarter,5,Washington Commanders,0,13,0,8 Yard Pass,2nd & 9 at DAL 13,00:21 2nd Shotgun,— J.Daniels pass short right to S.Diggs pushed ob at DAL 5 for 8 yards (D.Bland).
2026,WEEK 2,Sunday,September 20th,WAS,DAL,2nd Quarter,5,Washington Commanders,0,14,0,4 Yard Run,3rd & 1 at DAL 5,00:17 2nd Shotgun,— R.White up the middle to DAL 1 for 4 yards (J.Thompson; S.James).
2026,WEEK 2,Sunday,September 20th,WAS,DAL,2nd Quarter,5,Washington Commanders,0,15,0,Timeout,,00:12 2nd,— Timeout #3 by WAS at 00:12.
2026,WEEK 2,Sunday,September 20th,WAS,DAL,2nd Quarter,5,Washington Commanders,0,16,0,Timeout,,00:12 2nd,— Timeout #3 by DAL at 00:12.
2026,WEEK 2,Sunday,September 20th,WAS,DAL,2nd Quarter,5,Washington Commanders,0,17,0,Pass Incomplete,1st & 1 at DAL 1,00:12 2nd Shotgun,— J.Daniels pass incomplete short middle to T.McLaurin (C.Durant). DAL-C.Durant was injured during the play.
2026,WEEK 2,Sunday,September 20th,WAS,DAL,2nd Quarter,5,Washington Commanders,0,18,0,Timeout,,00:08 2nd,— Timeout #4 by DAL at 00:08.
2026,WEEK 2,Sunday,September 20th,WAS,DAL,2nd Quarter,5,Washington Commanders,0,19,0,Pass Incomplete,2nd & 1 at DAL 1,00:08 2nd,— J.Daniels pass incomplete short middle to D.Brown.
2026,WEEK 2,Sunday,September 20th,WAS,DAL,2nd Quarter,5,Washington Commanders,0,20,0,Pass Incomplete,3rd & 1 at DAL 1,00:03 2nd,— J.Daniels pass incomplete short right [J.Bullard]. WAS-J.Daniels was injured during the play.
2026,WEEK 2,Sunday,September 20th,WAS,DAL,3rd Quarter,1,Washington Commanders,1,1,0,Kickoff from DAL 35,,Kickoff,"— B.Aubrey kicks 39 yards from DAL 35 to WAS 26, short of landing zone. PENALTY on DAL-B.Aubrey, Kickoff Short of Landing Zone, placed at WAS 40."
2026,WEEK 2,Sunday,September 20th,WAS,DAL,3rd Quarter,1,Washington Commanders,1,2,0,4 Yard Run,1st & 10 at WAS 40,15:00 3rd Shotgun,— J.Croskey-Merritt right guard to WAS 44 for 4 yards (R.Gary; K.Clark).
2026,WEEK 2,Sunday,September 20th,WAS,DAL,3rd Quarter,1,Washington Commanders,1,3,0,26 Yard Pass,2nd & 6 at WAS 44,14:27 3rd Shotgun,— M.Mariota pass short right to T.McLaurin to DAL 30 for 26 yards (J.Thompson; J.Barham).
2026,WEEK 2,Sunday,September 20th,WAS,DAL,3rd Quarter,1,Washington Commanders,1,4,0,1 Yard Run,1st & 10 at DAL 30,13:48 3rd,— J.Croskey-Merritt left end to DAL 29 for 1 yard (J.Barham; D.Winters).
2026,WEEK 2,Sunday,September 20th,WAS,DAL,3rd Quarter,1,Washington Commanders,1,5,0,Pass Incomplete,2nd & 9 at DAL 29,13:07 3rd Shotgun,"— M.Mariota pass incomplete deep left to D.Brown. Washington challenged the incomplete pass ruling, and the play was Upheld. The ruling on the field stands. (Timeout #1.)"
2026,WEEK 2,Sunday,September 20th,WAS,DAL,3rd Quarter,1,Washington Commanders,1,6,0,Pass Incomplete,3rd & 9 at DAL 29,13:01 3rd Shotgun,— M.Mariota pass incomplete deep right to S.Diggs [J.Thompson].
2026,WEEK 2,Sunday,September 20th,WAS,DAL,3rd Quarter,1,Washington Commanders,1,7,1,Field Goal,4th & 9 at DAL 29,12:55 3rd,"— D.Stevens 47 yard field goal is GOOD, Center-T.Ott, Holder-T.Way."
2026,WEEK 2,Sunday,September 20th,WAS,DAL,3rd Quarter,2,Dallas Cowboys,1,1,0,Kickoff from WAS 35,,Kickoff,— D.Stevens kicks 64 yards from WAS 35 to DAL 1. K.Turpin to DAL 36 for 35 yards (F.Moreau).
2026,WEEK 2,Sunday,September 20th,WAS,DAL,3rd Quarter,2,Dallas Cowboys,1,2,0,-1 Yard Run,1st & 10 at DAL 36,12:42 3rd Shotgun,— J.Williams up the middle to DAL 35 for -1 yards (N.Cross).
2026,WEEK 2,Sunday,September 20th,WAS,DAL,3rd Quarter,2,Dallas Cowboys,1,3,0,3 Yard Pass,2nd & 11 at DAL 35,12:11 3rd Shotgun,— D.Prescott pass short left to G.Pickens to DAL 38 for 3 yards (A.Robertson).
2026,WEEK 2,Sunday,September 20th,WAS,DAL,3rd Quarter,2,Dallas Cowboys,1,4,0,14 Yard Pass,3rd & 8 at DAL 38,11:26 3rd Shotgun,— D.Prescott pass short right to J.Ferguson to WAS 48 for 14 yards (A.Robertson).
2026,WEEK 2,Sunday,September 20th,WAS,DAL,3rd Quarter,2,Dallas Cowboys,1,5,0,7 Yard Run,1st & 10 at WAS 48,10:47 3rd Shotgun,— J.Williams right guard to WAS 41 for 7 yards (M.Sainristil; S.Styles).
2026,WEEK 2,Sunday,September 20th,WAS,DAL,3rd Quarter,2,Dallas Cowboys,1,6,0,12 Yard Pass,2nd & 3 at WAS 41,10:07 3rd Shotgun,— D.Prescott pass short left to G.Pickens to WAS 29 for 12 yards (L.Chenal).
2026,WEEK 2,Sunday,September 20th,WAS,DAL,3rd Quarter,2,Dallas Cowboys,1,7,0,6 Yard Pass,1st & 10 at WAS 29,09:27 3rd Shotgun,— D.Prescott pass short right to J.Williams to WAS 23 for 6 yards (D.Armstrong).
2026,WEEK 2,Sunday,September 20th,WAS,DAL,3rd Quarter,2,Dallas Cowboys,1,8,0,1 Yard Run,2nd & 4 at WAS 23,08:45 3rd,— E.Demercado right tackle to WAS 22 for 1 yard (D.Armstrong).
2026,WEEK 2,Sunday,September 20th,WAS,DAL,3rd Quarter,2,Dallas Cowboys,1,9,0,-4 Yard Sack,3rd & 3 at WAS 22,08:04 3rd Shotgun,— D.Prescott sacked at WAS 26 for -4 yards (K.Chaisson).
2026,WEEK 2,Sunday,September 20th,WAS,DAL,3rd Quarter,2,Dallas Cowboys,1,10,1,Field Goal,4th & 7 at WAS 26,07:24 3rd,"— B.Aubrey 44 yard field goal is GOOD, Center-T.Sieg, Holder-B.Anger."
2026,WEEK 2,Sunday,September 20th,WAS,DAL,3rd Quarter,3,Washington Commanders,0,1,0,Kickoff from DAL 35,,Kickoff,— B.Aubrey kicks 65 yards from DAL 35 to WAS 0. J.Lane to WAS 24 for 24 yards (B.Spann-Ford; H.Luepke).
2026,WEEK 2,Sunday,September 20th,WAS,DAL,3rd Quarter,3,Washington Commanders,0,2,0,Fumble,1st & 10 at WAS 24,07:15 3rd,"— M.Mariota pass short left to D.Brown to WAS 18 for -6 yards (J.Barham). FUMBLES (J.Barham), RECOVERED by DAL-D.Winters at WAS 18. D.Winters ran ob at WAS 13 for 5 yards."
2026,WEEK 2,Sunday,September 20th,WAS,DAL,3rd Quarter,4,Dallas Cowboys,1,1,0,1 Yard Run,1st & 10 at WAS 13,07:08 3rd Shotgun,— K.Turpin left end ran ob at WAS 12 for 1 yard (A.Robertson).
2026,WEEK 2,Sunday,September 20th,WAS,DAL,3rd Quarter,4,Dallas Cowboys,1,2,1,Touchdown,2nd & 9 at WAS 12,06:37 3rd Shotgun,"— D.Prescott pass short middle to J.Ferguson for 12 yards, TOUCHDOWN."
2026,WEEK 2,Sunday,September 20th,WAS,DAL,3rd Quarter,4,Dallas Cowboys,1,3,1,Extra Point,,06:32 3rd,"— B.Aubrey extra point is GOOD, Center-T.Sieg, Holder-B.Anger."
2026,WEEK 2,Sunday,September 20th,WAS,DAL,3rd Quarter,5,Washington Commanders,0,1,0,Kickoff from DAL 35,,Kickoff,"— B.Aubrey kicks 65 yards from DAL 35 to end zone, Touchback to the WAS 35."
2026,WEEK 2,Sunday,September 20th,WAS,DAL,3rd Quarter,5,Washington Commanders,0,2,0,Pass Incomplete,1st & 10 at WAS 35,06:32 3rd Shotgun,— M.Mariota pass incomplete deep right to T.McLaurin (S.Revel).
2026,WEEK 2,Sunday,September 20th,WAS,DAL,3rd Quarter,5,Washington Commanders,0,3,0,5 Yard Penalty,2nd & 10 at WAS 35,06:27 3rd Shotgun,"— M.Mariota sacked at WAS 28 for -7 yards (D.Winters). PENALTY on DAL-D.Bland, Defensive Holding, 5 yards, enforced at WAS 35 - No Play."
2026,WEEK 2,Sunday,September 20th,WAS,DAL,3rd Quarter,5,Washington Commanders,0,4,0,9 Yard Run,1st & 10 at WAS 40,06:05 3rd,— J.Croskey-Merritt right tackle to WAS 49 for 9 yards (D.Ezeiruaku; C.Downs).
2026,WEEK 2,Sunday,September 20th,WAS,DAL,3rd Quarter,5,Washington Commanders,0,5,0,3 Yard Run,2nd & 1 at WAS 49,05:23 3rd Shotgun,— M.Mariota scrambles left end to DAL 48 for 3 yards (J.Barham).
2026,WEEK 2,Sunday,September 20th,WAS,DAL,3rd Quarter,5,Washington Commanders,0,6,0,8 Yard Run,1st & 10 at DAL 48,"04:57 3rd No Huddle, Shotgun",— J.Croskey-Merritt left guard to DAL 40 for 8 yards (J.Thompson).
2026,WEEK 2,Sunday,September 20th,WAS,DAL,3rd Quarter,5,Washington Commanders,0,7,0,-5 Yard Penalty,2nd & 2 at DAL 40,"04:22 3rd No Huddle, Shotgun","— M.Mariota pass incomplete short right to J.Croskey-Merritt. PENALTY on WAS-B.Coleman, Ineligible Downfield Pass, 5 yards, enforced at DAL 40 - No Play."
2026,WEEK 2,Sunday,September 20th,WAS,DAL,3rd Quarter,5,Washington Commanders,0,8,0,18 Yard Pass,2nd & 7 at DAL 45,04:11 3rd,— M.Mariota pass deep left to D.Brown pushed ob at DAL 27 for 18 yards (C.Downs) [M.Lawrence].
2026,WEEK 2,Sunday,September 20th,WAS,DAL,3rd Quarter,5,Washington Commanders,0,9,0,4 Yard Run,1st & 10 at DAL 27,03:34 3rd,— R.White left end to DAL 23 for 4 yards (Q.Williams).
2026,WEEK 2,Sunday,September 20th,WAS,DAL,3rd Quarter,5,Washington Commanders,0,10,0,Pass Incomplete,2nd & 6 at DAL 23,02:55 3rd Shotgun,— A.Williams pass incomplete deep right to T.McLaurin.
2026,WEEK 2,Sunday,September 20th,WAS,DAL,3rd Quarter,5,Washington Commanders,0,11,0,-10 Yard Penalty,3rd & 6 at DAL 23,02:49 3rd Shotgun,"— M.Mariota scrambles right end to DAL 21 for 2 yards (R.Gary). PENALTY on WAS-J.Conerly, Offensive Holding, 10 yards, enforced at DAL 23 - No Play."
2026,WEEK 2,Sunday,September 20th,WAS,DAL,3rd Quarter,5,Washington Commanders,0,12,0,0 Yard Pass,3rd & 16 at DAL 33,02:25 3rd Shotgun,— D.Brown pass short left to R.White to DAL 33 for no gain (Q.Williams; V.Miller). The penalty was assisted by replay.
2026,WEEK 2,Sunday,September 20th,WAS,DAL,3rd Quarter,5,Washington Commanders,0,13,0,Field Goal No Good,4th & 16 at DAL 33,01:57 3rd,"— D.Stevens 51 yard field goal is No Good, Wide Right, Center-T.Ott, Holder-T.Way."
2026,WEEK 2,Sunday,September 20th,WAS,DAL,4th Quarter,1,Dallas Cowboys,1,1,0,6 Yard Run,1st & 10 at DAL 41,01:53 3rd Shotgun,— D.Prescott scrambles up the middle to DAL 47 for 6 yards (L.Chenal).
2026,WEEK 2,Sunday,September 20th,WAS,DAL,4th Quarter,1,Dallas Cowboys,1,2,0,0 Yard Run,2nd & 4 at DAL 47,01:13 3rd Shotgun,— E.Demercado right guard to DAL 47 for no gain (L.Chenal).
2026,WEEK 2,Sunday,September 20th,WAS,DAL,4th Quarter,1,Dallas Cowboys,1,3,0,5 Yard Pass,3rd & 4 at DAL 47,00:36 3rd Shotgun,— D.Prescott pass short left to R.Flournoy to WAS 48 for 5 yards (Q.Martin; D.Armstrong).
2026,WEEK 2,Sunday,September 20th,WAS,DAL,4th Quarter,1,Dallas Cowboys,1,4,0,6 Yard Pass,1st & 10 at WAS 48,15:00 4th Shotgun,— D.Prescott pass short left to J.Williams to WAS 42 for 6 yards (S.Styles; L.Chenal).
2026,WEEK 2,Sunday,September 20th,WAS,DAL,4th Quarter,1,Dallas Cowboys,1,5,0,0 Yard Pass,2nd & 4 at WAS 42,14:19 4th Shotgun,— D.Prescott pass short left to R.Flournoy to WAS 42 for no gain (R.Douglas; K.Chaisson).
2026,WEEK 2,Sunday,September 20th,WAS,DAL,4th Quarter,1,Dallas Cowboys,1,6,0,Pass Incomplete,3rd & 4 at WAS 42,13:35 4th Shotgun,— D.Prescott pass incomplete short right to C.Lamb (A.Robertson).
2026,WEEK 2,Sunday,September 20th,WAS,DAL,4th Quarter,1,Dallas Cowboys,1,7,1,Field Goal,4th & 4 at WAS 42,13:27 4th,"— B.Aubrey 60 yard field goal is GOOD, Center-T.Sieg, Holder-B.Anger."
2026,WEEK 2,Sunday,September 20th,WAS,DAL,4th Quarter,2,Washington Commanders,1,1,0,Kickoff from DAL 35,,Kickoff,— B.Aubrey kicks 59 yards from DAL 35 to WAS 6. J.Lane to WAS 27 for 21 yards (B.Spann-Ford).
2026,WEEK 2,Sunday,September 20th,WAS,DAL,4th Quarter,2,Washington Commanders,1,2,0,Pass Incomplete,1st & 10 at WAS 27,13:18 4th Shotgun,— M.Mariota pass incomplete short right to T.McLaurin.
2026,WEEK 2,Sunday,September 20th,WAS,DAL,4th Quarter,2,Washington Commanders,1,3,0,9 Yard Pass,2nd & 10 at WAS 27,13:14 4th Shotgun,— M.Mariota pass short right to A.Williams to WAS 36 for 9 yards (S.Revel).
2026,WEEK 2,Sunday,September 20th,WAS,DAL,4th Quarter,2,Washington Commanders,1,4,0,5 Yard Pass,3rd & 1 at WAS 36,12:36 4th Shotgun,— M.Mariota pass short left to S.Diggs pushed ob at WAS 41 for 5 yards (D.Bland).
2026,WEEK 2,Sunday,September 20th,WAS,DAL,4th Quarter,2,Washington Commanders,1,5,0,10 Yard Pass,1st & 10 at WAS 41,12:07 4th Shotgun,— M.Mariota pass short left to A.Williams pushed ob at DAL 49 for 10 yards (D.Winters).
2026,WEEK 2,Sunday,September 20th,WAS,DAL,4th Quarter,2,Washington Commanders,1,6,0,6 Yard Pass,1st & 10 at DAL 49,11:32 4th Shotgun,— M.Mariota pass short middle to R.White to DAL 43 for 6 yards (D.Winters). WAS-B.Coleman was injured during the play.
2026,WEEK 2,Sunday,September 20th,WAS,DAL,4th Quarter,2,Washington Commanders,1,7,0,Pass Incomplete,2nd & 4 at DAL 43,10:54 4th Shotgun,— M.Mariota pass incomplete deep left to T.McLaurin.
2026,WEEK 2,Sunday,September 20th,WAS,DAL,4th Quarter,2,Washington Commanders,1,8,0,10 Yard Pass,3rd & 4 at DAL 43,10:49 4th Shotgun,— M.Mariota pass short right to R.White to DAL 33 for 10 yards (S.James; D.Bland) [K.Clark].
2026,WEEK 2,Sunday,September 20th,WAS,DAL,4th Quarter,2,Washington Commanders,1,9,0,5 Yard Pass,1st & 10 at DAL 33,"10:08 4th No Huddle, Shotgun",— M.Mariota pass short left to A.Williams to DAL 28 for 5 yards (C.Downs).
2026,WEEK 2,Sunday,September 20th,WAS,DAL,4th Quarter,2,Washington Commanders,1,10,0,8 Yard Pass,2nd & 5 at DAL 28,"09:39 4th No Huddle, Shotgun",— M.Mariota pass short left to D.Brown ran ob at DAL 20 for 8 yards (S.Revel).
2026,WEEK 2,Sunday,September 20th,WAS,DAL,4th Quarter,2,Washington Commanders,1,11,1,Touchdown,1st & 10 at DAL 20,09:09 4th Shotgun,"— M.Mariota pass deep right to S.Diggs for 20 yards, TOUCHDOWN [O.Ogbonnia]."
2026,WEEK 2,Sunday,September 20th,WAS,DAL,4th Quarter,2,Washington Commanders,1,12,1,Extra Point,,09:03 4th,"— D.Stevens extra point is GOOD, Center-T.Ott, Holder-T.Way."
2026,WEEK 2,Sunday,September 20th,WAS,DAL,4th Quarter,3,Dallas Cowboys,1,1,0,Kickoff from WAS 35,,Kickoff,"— D.Stevens kicks 60 yards from WAS 35 to DAL 5. K.Turpin pushed ob at DAL 40 for 35 yards (J.Reaves). PENALTY on DAL-C.Robinson, Offensive Holding, 10 yards, enforced at DAL 27."
2026,WEEK 2,Sunday,September 20th,WAS,DAL,4th Quarter,3,Dallas Cowboys,1,2,0,7 Yard Pass,1st & 10 at DAL 17,08:58 4th,— D.Prescott pass short right to J.Ferguson to DAL 24 for 7 yards (J.Jean-Baptiste).
2026,WEEK 2,Sunday,September 20th,WAS,DAL,4th Quarter,3,Dallas Cowboys,1,3,0,2 Yard Run,2nd & 3 at DAL 24,08:16 4th,— J.Williams right tackle to DAL 26 for 2 yards (L.Chenal).
2026,WEEK 2,Sunday,September 20th,WAS,DAL,4th Quarter,3,Dallas Cowboys,1,4,0,3 Yard Run,3rd & 1 at DAL 26,07:41 4th,— D.Prescott up the middle to DAL 29 for 3 yards (T.Settle). DAL-J.Ferguson was injured during the play.
2026,WEEK 2,Sunday,September 20th,WAS,DAL,4th Quarter,3,Dallas Cowboys,1,5,0,-8 Yard Run,1st & 10 at DAL 29,07:23 4th,"— J.Williams right end to WAS 46 for 25 yards (N.Cross). WAS-J.Kinlaw was injured during the play. PENALTY on DAL-G.Pickens, Offensive Holding, 10 yards, enforced at DAL 31."
2026,WEEK 2,Sunday,September 20th,WAS,DAL,4th Quarter,3,Dallas Cowboys,1,6,0,6 Yard Run,1st & 18 at DAL 21,07:04 4th Shotgun,— D.Prescott scrambles left end to DAL 27 for 6 yards (T.Settle).
2026,WEEK 2,Sunday,September 20th,WAS,DAL,4th Quarter,3,Dallas Cowboys,1,7,0,35 Yard Pass,2nd & 12 at DAL 27,06:16 4th Shotgun,— D.Prescott pass deep right to C.Lamb pushed ob at WAS 38 for 35 yards (Q.Martin).
2026,WEEK 2,Sunday,September 20th,WAS,DAL,4th Quarter,3,Dallas Cowboys,1,8,0,Timeout,,05:40 4th,— Timeout #1 by DAL at 05:40.
2026,WEEK 2,Sunday,September 20th,WAS,DAL,4th Quarter,3,Dallas Cowboys,1,9,0,9 Yard Run,1st & 10 at WAS 38,05:40 4th,— J.Williams left guard to WAS 29 for 9 yards (L.Chenal; J.Reaves). WAS-J.Kinlaw was injured during the play. ** Injury Update: WAS-J.Kinlaw has returned to the game.
2026,WEEK 2,Sunday,September 20th,WAS,DAL,4th Quarter,3,Dallas Cowboys,1,10,0,0 Yard Run,2nd & 1 at WAS 29,05:17 4th Shotgun,— J.Williams right guard to WAS 29 for no gain (D.Armstrong; S.Styles).
2026,WEEK 2,Sunday,September 20th,WAS,DAL,4th Quarter,3,Dallas Cowboys,1,11,0,1 Yard Run,3rd & 1 at WAS 29,04:39 4th,— H.Luepke up the middle to WAS 28 for 1 yard (L.Chenal).
2026,WEEK 2,Sunday,September 20th,WAS,DAL,4th Quarter,3,Dallas Cowboys,1,12,0,4 Yard Run,1st & 10 at WAS 28,03:54 4th,— J.Williams up the middle to WAS 24 for 4 yards (J.Jean-Baptiste; L.Chenal).
2026,WEEK 2,Sunday,September 20th,WAS,DAL,4th Quarter,3,Dallas Cowboys,1,13,1,Touchdown,2nd & 6 at WAS 24,03:13 4th Shotgun,"— D.Prescott pass deep right to C.Lamb for 24 yards, TOUCHDOWN."
2026,WEEK 2,Sunday,September 20th,WAS,DAL,4th Quarter,3,Dallas Cowboys,1,14,1,Extra Point,,03:07 4th,"— B.Aubrey extra point is GOOD, Center-T.Sieg, Holder-B.Anger."
2026,WEEK 2,Sunday,September 20th,WAS,DAL,4th Quarter,4,Washington Commanders,0,1,0,Kickoff from DAL 35,,Kickoff,"— B.Aubrey kicks 55 yards from DAL 35 to WAS 10. J.Lane to WAS 43 for 33 yards (C.Downs). FUMBLES (C.Downs), and recovers at WAS 43."
2026,WEEK 2,Sunday,September 20th,WAS,DAL,4th Quarter,4,Washington Commanders,0,2,0,7 Yard Run,1st & 10 at WAS 43,03:01 4th Shotgun,— K.Allen left end to 50 for 7 yards (D.Winters).
2026,WEEK 2,Sunday,September 20th,WAS,DAL,4th Quarter,4,Washington Commanders,0,3,0,9 Yard Run,2nd & 3 at 50,02:23 4th,— K.Allen left tackle to DAL 41 for 9 yards (D.Winters). WAS-S.Cosmi was injured during the play.
2026,WEEK 2,Sunday,September 20th,WAS,DAL,4th Quarter,4,Washington Commanders,0,4,0,1 Yard Run,1st & 10 at DAL 41,02:00 4th,— K.Allen left tackle to DAL 40 for 1 yard (K.Clark).
2026,WEEK 2,Sunday,September 20th,WAS,DAL,4th Quarter,4,Washington Commanders,0,5,0,4 Yard Run,2nd & 9 at DAL 40,01:16 4th,— K.Allen left tackle to DAL 36 for 4 yards (D.Ezeiruaku).
2026,WEEK 2,Sunday,September 20th,WAS,DAL,4th Quarter,4,Washington Commanders,0,6,0,3 Yard Run,3rd & 5 at DAL 36,00:37 4th,— K.Allen left tackle to DAL 33 for 3 yards (S.Revel).
2026,WEEK 2,Sunday,September 20th,MIA,SF,1st Quarter,1,Miami Dolphins,0,1,0,Kickoff from SF 35,,Kickoff,— E.Pineiro kicks 59 yards from SF 35 to MIA 6. J.Wright to MIA 33 for 27 yards (L.Gifford; A.Davis).
2026,WEEK 2,Sunday,September 20th,MIA,SF,1st Quarter,1,Miami Dolphins,0,2,0,Pass Incomplete,1st & 10 at MIA 33,14:53 1st,— M.Willis pass incomplete deep middle to D.Achane [O.Odighizuwa].
2026,WEEK 2,Sunday,September 20th,MIA,SF,1st Quarter,1,Miami Dolphins,0,3,0,18 Yard Pass,2nd & 10 at MIA 33,14:40 1st Shotgun,"— M.Willis pass short left to D.Herman to SF 49 for 18 yards (F.Warner). FUMBLES (F.Warner), ball out of bounds at SF 40."
2026,WEEK 2,Sunday,September 20th,MIA,SF,1st Quarter,1,Miami Dolphins,0,4,0,2 Yard Run,1st & 10 at SF 49,14:08 1st,— D.Achane left end to SF 47 for 2 yards (J.Brown).
2026,WEEK 2,Sunday,September 20th,MIA,SF,1st Quarter,1,Miami Dolphins,0,5,0,7 Yard Run,2nd & 8 at SF 47,13:30 1st,— D.Achane right guard to SF 40 for 7 yards (G.Halton).
2026,WEEK 2,Sunday,September 20th,MIA,SF,1st Quarter,1,Miami Dolphins,0,6,0,4 Yard Run,3rd & 1 at SF 40,12:54 1st,— D.Achane up the middle to SF 36 for 4 yards (O.Odighizuwa; C.West).
2026,WEEK 2,Sunday,September 20th,MIA,SF,1st Quarter,1,Miami Dolphins,0,7,0,-5 Yard Penalty,1st & 10 at SF 36,12:13 1st,"— PENALTY on MIA-A.Jackson, False Start, 5 yards, enforced at SF 36 - No Play."
2026,WEEK 2,Sunday,September 20th,MIA,SF,1st Quarter,1,Miami Dolphins,0,8,0,2 Yard Run,1st & 15 at SF 41,11:50 1st,— D.Achane up the middle to SF 39 for 2 yards (D.Greenlaw; F.Warner).
2026,WEEK 2,Sunday,September 20th,MIA,SF,1st Quarter,1,Miami Dolphins,0,9,0,Pass Incomplete,2nd & 13 at SF 39,11:16 1st Shotgun,— M.Willis pass incomplete short left to M.Washington.
2026,WEEK 2,Sunday,September 20th,MIA,SF,1st Quarter,1,Miami Dolphins,0,10,0,6 Yard Pass,3rd & 13 at SF 39,11:12 1st Shotgun,— M.Willis pass short middle to D.Achane to SF 33 for 6 yards (D.Greenlaw).
2026,WEEK 2,Sunday,September 20th,MIA,SF,1st Quarter,1,Miami Dolphins,0,11,0,Field Goal No Good,4th & 7 at SF 33,10:32 1st,"— R.Patterson 51 yard field goal is No Good, Wide Right, Center-T.Addington, Holder-B.Pinion."
2026,WEEK 2,Sunday,September 20th,MIA,SF,1st Quarter,2,San Francisco 49ers,1,1,0,2 Yard Pass,1st & 10 at SF 41,10:28 1st Shotgun,— B.Purdy pass short middle to D.Samuel to SF 43 for 2 yards (M.Taaffe).
2026,WEEK 2,Sunday,September 20th,MIA,SF,1st Quarter,2,San Francisco 49ers,1,2,0,9 Yard Pass,2nd & 8 at SF 43,09:46 1st,— B.Purdy pass short right to D.Robinson pushed ob at MIA 48 for 9 yards (C.Johnson).
2026,WEEK 2,Sunday,September 20th,MIA,SF,1st Quarter,2,San Francisco 49ers,1,3,0,Pass Incomplete,1st & 10 at MIA 48,09:20 1st,— B.Purdy pass incomplete short left to D.Samuel.
2026,WEEK 2,Sunday,September 20th,MIA,SF,1st Quarter,2,San Francisco 49ers,1,4,0,11 Yard Pass,2nd & 10 at MIA 48,09:19 1st Shotgun,— B.Purdy pass short left to C.McCaffrey pushed ob at MIA 37 for 11 yards (M.Taaffe).
2026,WEEK 2,Sunday,September 20th,MIA,SF,1st Quarter,2,San Francisco 49ers,1,5,0,4 Yard Run,1st & 10 at MIA 37,08:43 1st,— C.McCaffrey right guard to MIA 33 for 4 yards (C.Ferrell).
2026,WEEK 2,Sunday,September 20th,MIA,SF,1st Quarter,2,San Francisco 49ers,1,6,0,1 Yard Run,2nd & 6 at MIA 33,08:07 1st,— C.McCaffrey left guard to MIA 32 for 1 yard (M.Taaffe; Z.Biggers).
2026,WEEK 2,Sunday,September 20th,MIA,SF,1st Quarter,2,San Francisco 49ers,1,7,0,10 Yard Pass,3rd & 5 at MIA 32,07:22 1st Shotgun,— B.Purdy pass short left to M.Evans pushed ob at MIA 22 for 10 yards (J.Marshall).
2026,WEEK 2,Sunday,September 20th,MIA,SF,1st Quarter,2,San Francisco 49ers,1,8,0,6 Yard Run,1st & 10 at MIA 22,06:50 1st No Huddle,— K.Black right guard to MIA 16 for 6 yards (J.Uche; D.Trader).
2026,WEEK 2,Sunday,September 20th,MIA,SF,1st Quarter,2,San Francisco 49ers,1,9,0,-1 Yard Run,2nd & 4 at MIA 16,06:12 1st,— K.Black right guard to MIA 17 for -1 yards (J.Uche).
2026,WEEK 2,Sunday,September 20th,MIA,SF,1st Quarter,2,San Francisco 49ers,1,10,0,16 Yard Pass,3rd & 5 at MIA 17,05:33 1st Shotgun,— B.Purdy pass short middle to C.McCaffrey to MIA 1 for 16 yards (J.Uche; M.Taaffe).
2026,WEEK 2,Sunday,September 20th,MIA,SF,1st Quarter,2,San Francisco 49ers,1,11,0,0 Yard Run,1st & 1 at MIA 1,04:55 1st,— C.McCaffrey up the middle to MIA 1 for no gain (Z.Sieler; M.Herring).
2026,WEEK 2,Sunday,September 20th,MIA,SF,1st Quarter,2,San Francisco 49ers,1,12,1,Touchdown,2nd & 1 at MIA 1,04:20 1st,"— C.McCaffrey right guard for 1 yard, TOUCHDOWN."
2026,WEEK 2,Sunday,September 20th,MIA,SF,1st Quarter,2,San Francisco 49ers,1,13,1,Extra Point,,04:17 1st,"— E.Pineiro extra point is GOOD, Center-J.Weeks, Holder-C.Waitman."
2026,WEEK 2,Sunday,September 20th,MIA,SF,2nd Quarter,1,Miami Dolphins,1,1,0,Kickoff from SF 35,,Kickoff,— E.Pineiro kicks 54 yards from SF 35 to MIA 11. J.Wright to MIA 27 for 16 yards (K.Hodge; M.Mustapha).
2026,WEEK 2,Sunday,September 20th,MIA,SF,2nd Quarter,1,Miami Dolphins,1,2,0,12 Yard Pass,1st & 10 at MIA 27,04:11 1st,— M.Willis pass short left to M.Washington to MIA 39 for 12 yards (C.West; M.Sigle).
2026,WEEK 2,Sunday,September 20th,MIA,SF,2nd Quarter,1,Miami Dolphins,1,3,0,4 Yard Run,1st & 10 at MIA 39,03:31 1st,— M.Willis scrambles right end ran ob at MIA 43 for 4 yards (R.Green).
2026,WEEK 2,Sunday,September 20th,MIA,SF,2nd Quarter,1,Miami Dolphins,1,4,0,17 Yard Run,2nd & 6 at MIA 43,02:56 1st,— C.Wallace reported in as eligible. D.Achane up the middle to SF 40 for 17 yards (M.Sigle).
2026,WEEK 2,Sunday,September 20th,MIA,SF,2nd Quarter,1,Miami Dolphins,1,5,0,1 Yard Run,1st & 10 at SF 40,02:15 1st,— D.Achane up the middle to SF 39 for 1 yard (G.Halton).
2026,WEEK 2,Sunday,September 20th,MIA,SF,2nd Quarter,1,Miami Dolphins,1,6,0,Pass Incomplete,2nd & 9 at SF 39,01:33 1st,— M.Willis pass incomplete short right to D.Herman.
2026,WEEK 2,Sunday,September 20th,MIA,SF,2nd Quarter,1,Miami Dolphins,1,7,0,8 Yard Run,3rd & 9 at SF 39,01:29 1st Shotgun,— D.Achane up the middle to SF 31 for 8 yards (J.Brown; D.Greenlaw).
2026,WEEK 2,Sunday,September 20th,MIA,SF,2nd Quarter,1,Miami Dolphins,1,8,0,2 Yard Run,4th & 1 at SF 31,00:49 1st,— M.Willis up the middle to SF 29 for 2 yards (J.Thompson).
2026,WEEK 2,Sunday,September 20th,MIA,SF,2nd Quarter,1,Miami Dolphins,1,9,0,-5 Yard Penalty,1st & 10 at SF 29,00:07 1st Shotgun,"— O.Gordon right guard to SF 27 for 2 yards (J.Brown). PENALTY on MIA, Illegal Formation, 5 yards, enforced at SF 29 - No Play."
2026,WEEK 2,Sunday,September 20th,MIA,SF,2nd Quarter,1,Miami Dolphins,1,10,0,5 Yard Pass,1st & 15 at SF 34,15:00 2nd Shotgun,— M.Willis pass short right to M.Washington to SF 29 for 5 yards (D.Greenlaw). MIA-M.Washington was injured during the play.
2026,WEEK 2,Sunday,September 20th,MIA,SF,2nd Quarter,1,Miami Dolphins,1,11,0,5 Yard Run,2nd & 10 at SF 29,14:35 2nd,— D.Achane up the middle to SF 24 for 5 yards (J.Brown; D.Greenlaw).
2026,WEEK 2,Sunday,September 20th,MIA,SF,2nd Quarter,1,Miami Dolphins,1,12,0,7 Yard Pass,3rd & 5 at SF 24,13:56 2nd Shotgun,— M.Willis pass short left to D.Achane to SF 17 for 7 yards (F.Warner; U.Stout). ** Injury Update: MIA-M.Washington has returned to the game.
2026,WEEK 2,Sunday,September 20th,MIA,SF,2nd Quarter,1,Miami Dolphins,1,13,0,Pass Incomplete,1st & 10 at SF 17,13:18 2nd,— M.Willis pass incomplete short right to G.Dulcich (U.Stout).
2026,WEEK 2,Sunday,September 20th,MIA,SF,2nd Quarter,1,Miami Dolphins,1,14,0,8 Yard Run,2nd & 10 at SF 17,13:11 2nd,— J.Wright right guard to SF 9 for 8 yards (M.Sigle).
2026,WEEK 2,Sunday,September 20th,MIA,SF,2nd Quarter,1,Miami Dolphins,1,15,0,3 Yard Run,3rd & 2 at SF 9,12:31 2nd Shotgun,— J.Wright up the middle to SF 6 for 3 yards (J.Brown).
2026,WEEK 2,Sunday,September 20th,MIA,SF,2nd Quarter,1,Miami Dolphins,1,16,0,0 Yard Run,1st & 6 at SF 6,11:51 2nd,— D.Achane up the middle to SF 6 for no gain (J.Brown; K.White).
2026,WEEK 2,Sunday,September 20th,MIA,SF,2nd Quarter,1,Miami Dolphins,1,17,0,Timeout,,11:09 2nd,— Timeout #1 by MIA at 11:09.
2026,WEEK 2,Sunday,September 20th,MIA,SF,2nd Quarter,1,Miami Dolphins,1,18,0,-4 Yard Sack,2nd & 6 at SF 6,11:09 2nd Shotgun,— M.Willis sacked at SF 10 for -4 yards (sack split by F.Warner and U.Stout).
2026,WEEK 2,Sunday,September 20th,MIA,SF,2nd Quarter,1,Miami Dolphins,1,19,0,Sack,3rd & 10 at SF 10,10:32 2nd Shotgun,— M.Willis sacked ob at SF 10 for 0 yards (R.Height).
2026,WEEK 2,Sunday,September 20th,MIA,SF,2nd Quarter,1,Miami Dolphins,1,20,1,Field Goal,4th & 10 at SF 10,10:00 2nd,"— R.Patterson 28 yard field goal is GOOD, Center-T.Addington, Holder-B.Pinion."
2026,WEEK 2,Sunday,September 20th,MIA,SF,2nd Quarter,2,San Francisco 49ers,1,1,0,Kickoff from MIA 35,,Kickoff,— R.Patterson kicks 65 yards from MIA 35 to SF 0. D.Samuel to SF 29 for 29 yards (J.Woodard; W.Kacmarek).
2026,WEEK 2,Sunday,September 20th,MIA,SF,2nd Quarter,2,San Francisco 49ers,1,2,0,10 Yard Run,1st & 10 at SF 29,09:49 2nd,— B.Purdy scrambles up the middle to SF 39 for 10 yards (M.Taaffe).
2026,WEEK 2,Sunday,September 20th,MIA,SF,2nd Quarter,2,San Francisco 49ers,1,3,0,5 Yard Run,1st & 10 at SF 39,09:09 2nd,— C.McCaffrey right tackle to SF 44 for 5 yards (J.Rodriguez).
2026,WEEK 2,Sunday,September 20th,MIA,SF,2nd Quarter,2,San Francisco 49ers,1,4,0,6 Yard Pass,2nd & 5 at SF 44,08:27 2nd Shotgun,— B.Purdy pass short left to D.Robinson to 50 for 6 yards (J.Rodriguez).
2026,WEEK 2,Sunday,September 20th,MIA,SF,2nd Quarter,2,San Francisco 49ers,1,5,0,23 Yard Run,1st & 10 at 50,07:48 2nd,"— B.Purdy scrambles left end ran ob at MIA 32 for 18 yards (J.Marshall). PENALTY on MIA-J.Brents, Defensive Holding, 5 yards, enforced at MIA 32."
2026,WEEK 2,Sunday,September 20th,MIA,SF,2nd Quarter,2,San Francisco 49ers,1,6,0,4 Yard Run,1st & 10 at MIA 27,07:26 2nd,— D.Samuel up the middle to MIA 23 for 4 yards (Z.Biggers; M.Taaffe).
2026,WEEK 2,Sunday,September 20th,MIA,SF,2nd Quarter,2,San Francisco 49ers,1,7,0,Timeout,,06:46 2nd,— Timeout #1 by SF at 06:46.
2026,WEEK 2,Sunday,September 20th,MIA,SF,2nd Quarter,2,San Francisco 49ers,1,8,0,19 Yard Pass,2nd & 6 at MIA 23,06:46 2nd Shotgun,— B.Purdy pass deep left to D.Robinson to MIA 4 for 19 yards (J.Marshall) [J.Rodriguez]. SF-D.Robinson was injured during the play.
2026,WEEK 2,Sunday,September 20th,MIA,SF,2nd Quarter,2,San Francisco 49ers,1,9,0,2 Yard Run,1st & 4 at MIA 4,06:05 2nd,— C.McCaffrey right guard to MIA 2 for 2 yards (D.Trader).
2026,WEEK 2,Sunday,September 20th,MIA,SF,2nd Quarter,2,San Francisco 49ers,1,10,1,Touchdown,2nd & 2 at MIA 2,05:29 2nd,"— B.Purdy scrambles left end for 2 yards, TOUCHDOWN."
2026,WEEK 2,Sunday,September 20th,MIA,SF,2nd Quarter,2,San Francisco 49ers,1,11,1,Extra Point,,05:24 2nd,"— E.Pineiro extra point is GOOD, Center-J.Weeks, Holder-C.Waitman."
2026,WEEK 2,Sunday,September 20th,MIA,SF,2nd Quarter,3,Miami Dolphins,1,1,0,Kickoff from SF 35,,Kickoff,— E.Pineiro kicks 64 yards from SF 35 to MIA 1. J.Wright to MIA 37 for 36 yards (M.Sigle; J.Brown).
2026,WEEK 2,Sunday,September 20th,MIA,SF,2nd Quarter,3,Miami Dolphins,1,2,0,Pass Incomplete,1st & 10 at MIA 37,05:17 2nd Shotgun,— M.Willis pass incomplete short left to D.Achane.
2026,WEEK 2,Sunday,September 20th,MIA,SF,2nd Quarter,3,Miami Dolphins,1,3,0,4 Yard Run,2nd & 10 at MIA 37,05:14 2nd Shotgun,— D.Achane left end to MIA 41 for 4 yards (U.Stout; M.Sigle).
2026,WEEK 2,Sunday,September 20th,MIA,SF,2nd Quarter,3,Miami Dolphins,1,4,0,15 Yard Penalty,3rd & 6 at MIA 41,04:34 2nd Shotgun,"— M.Willis pass incomplete short left to M.Washington. PENALTY on SF-K.White, Roughing the Passer, 15 yards, enforced at MIA 41 - No Play."
2026,WEEK 2,Sunday,September 20th,MIA,SF,2nd Quarter,3,Miami Dolphins,1,5,0,0 Yard Run,1st & 10 at SF 44,04:31 2nd,— D.Achane right guard to SF 44 for no gain (D.Greenlaw).
2026,WEEK 2,Sunday,September 20th,MIA,SF,2nd Quarter,3,Miami Dolphins,1,6,0,6 Yard Pass,2nd & 10 at SF 44,03:52 2nd Shotgun,— M.Willis pass short right to D.Achane to SF 38 for 6 yards (D.Greenlaw).
2026,WEEK 2,Sunday,September 20th,MIA,SF,2nd Quarter,3,Miami Dolphins,1,7,0,-5 Yard Penalty,3rd & 4 at SF 38,03:16 2nd Shotgun,"— PENALTY on MIA-K.Proctor, False Start, 5 yards, enforced at SF 38 - No Play."
2026,WEEK 2,Sunday,September 20th,MIA,SF,2nd Quarter,3,Miami Dolphins,1,8,0,23 Yard Pass,3rd & 9 at SF 43,03:01 2nd Shotgun,— M.Willis pass deep left to M.Washington to SF 20 for 23 yards (U.Stout).
2026,WEEK 2,Sunday,September 20th,MIA,SF,2nd Quarter,3,Miami Dolphins,1,9,0,1 Yard Run,1st & 10 at SF 20,02:18 2nd,— C.Wallace reported in as eligible. O.Gordon up the middle to SF 19 for 1 yard (J.Dugger).
2026,WEEK 2,Sunday,September 20th,MIA,SF,2nd Quarter,3,Miami Dolphins,1,10,0,4 Yard Run,2nd & 9 at SF 19,02:00 2nd Shotgun,— M.Washington left guard to SF 15 for 4 yards (N.Bosa; J.Brown).
2026,WEEK 2,Sunday,September 20th,MIA,SF,2nd Quarter,3,Miami Dolphins,1,11,0,8 Yard Pass,3rd & 5 at SF 15,01:16 2nd Shotgun,— M.Willis pass short left to C.Douglas to SF 7 for 8 yards (D.Lenoir).
2026,WEEK 2,Sunday,September 20th,MIA,SF,2nd Quarter,3,Miami Dolphins,1,12,0,Timeout,,01:09 2nd,— Timeout #2 by SF at 01:09.
2026,WEEK 2,Sunday,September 20th,MIA,SF,2nd Quarter,3,Miami Dolphins,1,13,0,5 Yard Run,1st & 7 at SF 7,01:09 2nd,— D.Achane up the middle to SF 2 for 5 yards (J.Thompson; F.Warner).
2026,WEEK 2,Sunday,September 20th,MIA,SF,2nd Quarter,3,Miami Dolphins,1,14,0,Timeout,,01:04 2nd,— Timeout #3 by SF at 01:04.
2026,WEEK 2,Sunday,September 20th,MIA,SF,2nd Quarter,3,Miami Dolphins,1,15,0,-1 Yard Run,2nd & 2 at SF 2,01:04 2nd,— D.Achane right guard to SF 3 for -1 yards (J.Brown).
2026,WEEK 2,Sunday,September 20th,MIA,SF,2nd Quarter,3,Miami Dolphins,1,16,0,Timeout,,00:24 2nd,— Timeout #2 by MIA at 00:24.
2026,WEEK 2,Sunday,September 20th,MIA,SF,2nd Quarter,3,Miami Dolphins,1,17,0,-10 Yard Penalty,3rd & 3 at SF 3,00:24 2nd Shotgun,"— M.Willis sacked at SF 3 for 0 yards (U.Stout). PENALTY on MIA-K.Proctor, Offensive Holding, 10 yards, enforced at SF 3 - No Play."
2026,WEEK 2,Sunday,September 20th,MIA,SF,2nd Quarter,3,Miami Dolphins,1,18,0,8 Yard Run,3rd & 13 at SF 13,00:14 2nd Shotgun,— D.Achane right guard to SF 5 for 8 yards (J.Brown; N.Bosa).
2026,WEEK 2,Sunday,September 20th,MIA,SF,2nd Quarter,3,Miami Dolphins,1,19,0,Timeout,,00:02 2nd,— Timeout #3 by MIA at 00:02.
2026,WEEK 2,Sunday,September 20th,MIA,SF,2nd Quarter,3,Miami Dolphins,1,20,1,Field Goal,4th & 5 at SF 5,00:02 2nd,"— R.Patterson 24 yard field goal is GOOD, Center-T.Addington, Holder-B.Pinion."
2026,WEEK 2,Sunday,September 20th,MIA,SF,3rd Quarter,1,San Francisco 49ers,1,1,0,Kickoff from MIA 35,,Kickoff,"— R.Patterson kicks 65 yards from MIA 35 to end zone, Touchback to the SF 35."
2026,WEEK 2,Sunday,September 20th,MIA,SF,3rd Quarter,1,San Francisco 49ers,1,2,0,40 Yard Pass,1st & 10 at SF 35,15:00 3rd Shotgun,— B.Purdy pass deep middle to G.Kittle to MIA 25 for 40 yards (Z.Anderson) [J.Uche].
2026,WEEK 2,Sunday,September 20th,MIA,SF,3rd Quarter,1,San Francisco 49ers,1,3,0,5 Yard Run,1st & 10 at MIA 25,14:23 3rd Shotgun,— C.McCaffrey up the middle to MIA 20 for 5 yards (M.Taaffe).
2026,WEEK 2,Sunday,September 20th,MIA,SF,3rd Quarter,1,San Francisco 49ers,1,4,0,8 Yard Pass,2nd & 5 at MIA 20,13:49 3rd Shotgun,— B.Purdy pass short left to C.McCaffrey to MIA 12 for 8 yards (J.Brooks).
2026,WEEK 2,Sunday,September 20th,MIA,SF,3rd Quarter,1,San Francisco 49ers,1,5,1,Touchdown,1st & 10 at MIA 12,13:13 3rd,"— B.Purdy pass short left to G.Kittle for 12 yards, TOUCHDOWN."
2026,WEEK 2,Sunday,September 20th,MIA,SF,3rd Quarter,1,San Francisco 49ers,1,6,1,Extra Point,,13:08 3rd,"— E.Pineiro extra point is GOOD, Center-J.Weeks, Holder-C.Waitman. ** Injury Update: MIA-R.Beal has returned to the game."
2026,WEEK 2,Sunday,September 20th,MIA,SF,3rd Quarter,2,Miami Dolphins,0,1,0,Kickoff from SF 35,,Kickoff,— E.Pineiro kicks 61 yards from SF 35 to MIA 4. M.Washington to MIA 29 for 25 yards (G.Wallow; B.Willis).
2026,WEEK 2,Sunday,September 20th,MIA,SF,3rd Quarter,2,Miami Dolphins,0,2,0,5 Yard Run,1st & 10 at MIA 29,12:59 3rd,— D.Achane left end to MIA 34 for 5 yards (M.Sigle; D.Lenoir).
2026,WEEK 2,Sunday,September 20th,MIA,SF,3rd Quarter,2,Miami Dolphins,0,3,0,-5 Yard Sack,2nd & 5 at MIA 34,12:17 3rd,— M.Willis sacked at MIA 29 for -5 yards (M.Sigle).
2026,WEEK 2,Sunday,September 20th,MIA,SF,3rd Quarter,2,Miami Dolphins,0,4,0,3 Yard Pass,3rd & 10 at MIA 29,11:36 3rd Shotgun,— M.Willis pass short right to M.Washington to MIA 32 for 3 yards (R.Green; N.Bosa). ** Injury Update: SF-R.Height has returned to the game.
2026,WEEK 2,Sunday,September 20th,MIA,SF,3rd Quarter,2,Miami Dolphins,0,5,0,Punt,4th & 7 at MIA 32,10:58 3rd,"— B.Pinion punts 39 yards to SF 29, Center-T.Addington, out of bounds. ** Injury Update: SF-J.Jones has returned to the game."
2026,WEEK 2,Sunday,September 20th,MIA,SF,3rd Quarter,3,San Francisco 49ers,1,1,0,3 Yard Run,1st & 10 at SF 29,10:49 3rd,— C.McCaffrey left tackle to SF 32 for 3 yards (J.Brooks). MIA-Z.Sieler was injured during the play.
2026,WEEK 2,Sunday,September 20th,MIA,SF,3rd Quarter,3,San Francisco 49ers,1,2,0,1 Yard Run,2nd & 7 at SF 32,10:17 3rd,— C.McCaffrey right end to SF 33 for 1 yard (Z.Biggers).
2026,WEEK 2,Sunday,September 20th,MIA,SF,3rd Quarter,3,San Francisco 49ers,1,3,0,-5 Yard Penalty,3rd & 6 at SF 33,09:35 3rd Shotgun,"— ** Injury Update: MIA-Z.Sieler has returned to the game. PENALTY on SF-G.Kittle, False Start, 5 yards, enforced at SF 33 - No Play."
2026,WEEK 2,Sunday,September 20th,MIA,SF,3rd Quarter,3,San Francisco 49ers,1,4,0,21 Yard Pass,3rd & 11 at SF 28,09:18 3rd Shotgun,— B.Purdy pass deep middle to D.Samuel to SF 49 for 21 yards (J.Brents).
2026,WEEK 2,Sunday,September 20th,MIA,SF,3rd Quarter,3,San Francisco 49ers,1,5,0,17 Yard Pass,1st & 10 at SF 49,08:34 3rd,— B.Purdy pass short middle to M.Evans to MIA 34 for 17 yards (Z.Anderson).
2026,WEEK 2,Sunday,September 20th,MIA,SF,3rd Quarter,3,San Francisco 49ers,1,6,0,21 Yard Pass,1st & 10 at MIA 34,07:50 3rd,— B.Purdy pass deep right to K.Juszczyk to MIA 13 for 21 yards (W.Gay).
2026,WEEK 2,Sunday,September 20th,MIA,SF,3rd Quarter,3,San Francisco 49ers,1,7,0,5 Yard Run,1st & 10 at MIA 13,07:10 3rd,— K.Black left tackle to MIA 8 for 5 yards (J.Uche; J.Rodriguez).
2026,WEEK 2,Sunday,September 20th,MIA,SF,3rd Quarter,3,San Francisco 49ers,1,8,0,2 Yard Pass,2nd & 5 at MIA 8,06:33 3rd,— B.Purdy pass short middle to G.Kittle to MIA 6 for 2 yards (J.Rodriguez).
2026,WEEK 2,Sunday,September 20th,MIA,SF,3rd Quarter,3,San Francisco 49ers,1,9,1,Touchdown,3rd & 3 at MIA 6,05:51 3rd Shotgun,"— B.Purdy pass short right to K.Juszczyk for 6 yards, TOUCHDOWN."
2026,WEEK 2,Sunday,September 20th,MIA,SF,3rd Quarter,3,San Francisco 49ers,1,10,1,Extra Point,,05:46 3rd,"— E.Pineiro extra point is GOOD, Center-J.Weeks, Holder-C.Waitman."
2026,WEEK 2,Sunday,September 20th,MIA,SF,3rd Quarter,4,Miami Dolphins,0,1,0,Kickoff from SF 35,,Kickoff,— E.Pineiro kicks 62 yards from SF 35 to MIA 3. M.Washington to MIA 33 for 30 yards (L.Farrell).
2026,WEEK 2,Sunday,September 20th,MIA,SF,3rd Quarter,4,Miami Dolphins,0,2,0,11 Yard Pass,1st & 10 at MIA 33,05:40 3rd,— M.Willis pass short right to G.Dulcich pushed ob at MIA 44 for 11 yards (D.Greenlaw).
2026,WEEK 2,Sunday,September 20th,MIA,SF,3rd Quarter,4,Miami Dolphins,0,3,0,-8 Yard Run,1st & 10 at MIA 44,05:07 3rd,"— D.Achane right guard to SF 47 for 9 yards (D.Lenoir; J.Brown). SF-J.Thompson was injured during the play. PENALTY on MIA-A.Jackson, Offensive Holding, 10 yards, enforced at MIA 46."
2026,WEEK 2,Sunday,September 20th,MIA,SF,3rd Quarter,4,Miami Dolphins,0,4,0,3 Yard Run,1st & 18 at MIA 36,04:50 3rd,— D.Achane up the middle to MIA 39 for 3 yards (G.Halton; O.Odighizuwa).
2026,WEEK 2,Sunday,September 20th,MIA,SF,3rd Quarter,4,Miami Dolphins,0,5,0,Pass Incomplete,2nd & 15 at MIA 39,04:03 3rd,— M.Willis pass incomplete short right to D.Achane.
2026,WEEK 2,Sunday,September 20th,MIA,SF,3rd Quarter,4,Miami Dolphins,0,6,0,Pass Incomplete,3rd & 15 at MIA 39,04:00 3rd Shotgun,— M.Willis pass incomplete short right to C.Douglas.
2026,WEEK 2,Sunday,September 20th,MIA,SF,3rd Quarter,5,San Francisco 49ers,1,1,0,27 Yard Pass,1st & 10 at MIA 28,03:49 3rd,— B.Purdy pass deep left to M.Evans pushed ob at MIA 1 for 27 yards (J.Uche).
2026,WEEK 2,Sunday,September 20th,MIA,SF,3rd Quarter,5,San Francisco 49ers,1,2,1,Touchdown,1st & 1 at MIA 1,03:13 3rd,"— C.McCaffrey up the middle for 1 yard, TOUCHDOWN."
2026,WEEK 2,Sunday,September 20th,MIA,SF,3rd Quarter,5,San Francisco 49ers,1,3,1,Extra Point,,03:10 3rd,"— E.Pineiro extra point is GOOD, Center-J.Weeks, Holder-C.Waitman."
2026,WEEK 2,Sunday,September 20th,MIA,SF,3rd Quarter,6,Miami Dolphins,0,1,0,Kickoff from SF 35,,Kickoff,— E.Pineiro kicks 52 yards from SF 35 to MIA 13. M.Washington to MIA 27 for 14 yards (L.Gifford; A.Davis).
2026,WEEK 2,Sunday,September 20th,MIA,SF,3rd Quarter,6,Miami Dolphins,0,2,0,Pass Incomplete,1st & 10 at MIA 27,03:05 3rd,— M.Willis pass incomplete deep right to D.Herman.
2026,WEEK 2,Sunday,September 20th,MIA,SF,3rd Quarter,6,Miami Dolphins,0,3,0,-1 Yard Run,2nd & 10 at MIA 27,03:00 3rd,— D.Achane up the middle to MIA 26 for -1 yards (U.Stout).
2026,WEEK 2,Sunday,September 20th,MIA,SF,3rd Quarter,6,Miami Dolphins,0,4,0,4 Yard Pass,3rd & 11 at MIA 26,02:19 3rd Shotgun,— M.Willis pass short right to W.Kacmarek to MIA 30 for 4 yards (D.Lenoir).
2026,WEEK 2,Sunday,September 20th,MIA,SF,3rd Quarter,6,Miami Dolphins,0,5,0,Punt,4th & 7 at MIA 30,01:41 3rd,"— B.Pinion punts 48 yards to SF 22, Center-T.Addington. J.Cowing to MIA 42 for 36 yards (B.Pinion). PENALTY on SF-S.Neal, Offensive Holding, 10 yards, enforced at SF 22."
2026,WEEK 2,Sunday,September 20th,MIA,SF,4th Quarter,1,San Francisco 49ers,0,1,0,4 Yard Run,1st & 10 at SF 12,01:25 3rd,— K.Black up the middle to SF 16 for 4 yards (J.Rodriguez; C.Ferrell).
2026,WEEK 2,Sunday,September 20th,MIA,SF,4th Quarter,1,San Francisco 49ers,0,2,0,26 Yard Pass,2nd & 6 at SF 16,00:44 3rd,— B.Purdy pass deep middle to G.Kittle to SF 42 for 26 yards (M.Taaffe).
2026,WEEK 2,Sunday,September 20th,MIA,SF,4th Quarter,1,San Francisco 49ers,0,3,0,-10 Yard Penalty,1st & 10 at SF 42,15:00 4th,"— K.Black left tackle to MIA 44 for 14 yards (M.Taaffe; D.Trader). PENALTY on SF-T.Williams, Offensive Holding, 10 yards, enforced at SF 42 - No Play."
2026,WEEK 2,Sunday,September 20th,MIA,SF,4th Quarter,1,San Francisco 49ers,0,4,0,8 Yard Pass,1st & 20 at SF 32,14:39 4th Shotgun,— B.Purdy pass short right to D.Samuel to SF 40 for 8 yards (M.Taaffe; J.Brents).
2026,WEEK 2,Sunday,September 20th,MIA,SF,4th Quarter,1,San Francisco 49ers,0,5,0,-10 Yard Penalty,2nd & 12 at SF 40,14:03 4th Shotgun,"— B.Purdy pass short left to D.Samuel pushed ob at SF 48 for 8 yards (C.Ferrell). PENALTY on SF-L.Farrell, Offensive Holding, 10 yards, enforced at SF 40 - No Play."
2026,WEEK 2,Sunday,September 20th,MIA,SF,4th Quarter,1,San Francisco 49ers,0,6,0,18 Yard Pass,2nd & 22 at SF 30,13:40 4th Shotgun,— B.Purdy pass short left to K.Hodge to SF 48 for 18 yards (W.Gay; J.Marshall).
2026,WEEK 2,Sunday,September 20th,MIA,SF,4th Quarter,1,San Francisco 49ers,0,7,0,8 Yard Pass,3rd & 4 at SF 48,12:57 4th Shotgun,— B.Purdy pass short right to C.McCaffrey to MIA 44 for 8 yards (J.Uche).
2026,WEEK 2,Sunday,September 20th,MIA,SF,4th Quarter,1,San Francisco 49ers,0,8,0,3 Yard Run,1st & 10 at MIA 44,12:11 4th,— K.Black left tackle to MIA 41 for 3 yards (J.Rodriguez; J.Phillips).
2026,WEEK 2,Sunday,September 20th,MIA,SF,4th Quarter,1,San Francisco 49ers,0,9,0,2 Yard Run,2nd & 7 at MIA 41,11:30 4th,— K.Black right guard to MIA 39 for 2 yards (J.Brooks; J.Rodriguez).
2026,WEEK 2,Sunday,September 20th,MIA,SF,4th Quarter,1,San Francisco 49ers,0,10,0,Pass Incomplete,3rd & 5 at MIA 39,10:45 4th Shotgun,"— B.Purdy pass incomplete short right. PENALTY on SF-B.Purdy, Intentional Grounding, 18 yards, enforced at MIA 39."
2026,WEEK 2,Sunday,September 20th,MIA,SF,4th Quarter,1,San Francisco 49ers,0,11,0,Penalty,4th & 23 at SF 43,10:38 4th,"— C.Waitman punts 46 yards to MIA 11, Center-J.Weeks, fair catch by M.Washington. Penalty on SF-J.Weeks, Offensive Holding, offsetting, enforced at SF 43 - No Play. Penalty on MIA-O.Gordon, Running Into the Kicker, offsetting."
2026,WEEK 2,Sunday,September 20th,MIA,SF,4th Quarter,1,San Francisco 49ers,0,12,0,Punt,4th & 23 at SF 43,10:31 4th,"— C.Waitman punts 46 yards to MIA 11, Center-J.Weeks. M.Washington pushed ob at MIA 18 for 7 yards (B.Willis)."
2026,WEEK 2,Sunday,September 20th,MIA,SF,4th Quarter,2,Miami Dolphins,0,1,0,6 Yard Run,1st & 10 at MIA 18,10:18 4th,— D.Achane up the middle to MIA 24 for 6 yards (J.Brown; G.Halton).
2026,WEEK 2,Sunday,September 20th,MIA,SF,4th Quarter,2,Miami Dolphins,0,2,0,-3 Yard Run,2nd & 4 at MIA 24,09:38 4th,— D.Achane right tackle to MIA 21 for -3 yards (G.Halton).
2026,WEEK 2,Sunday,September 20th,MIA,SF,4th Quarter,2,Miami Dolphins,0,3,0,11 Yard Pass,3rd & 7 at MIA 21,08:53 4th Shotgun,— M.Willis pass short right to C.Douglas to MIA 32 for 11 yards (J.Brown).
2026,WEEK 2,Sunday,September 20th,MIA,SF,4th Quarter,2,Miami Dolphins,0,4,0,-10 Yard Penalty,1st & 10 at MIA 32,08:12 4th,"— M.Willis pass incomplete short right to G.Dulcich (J.Jones). PENALTY on MIA-A.Brewer, Offensive Holding, 10 yards, enforced at MIA 32 - No Play."
2026,WEEK 2,Sunday,September 20th,MIA,SF,4th Quarter,2,Miami Dolphins,0,5,0,6 Yard Pass,1st & 20 at MIA 22,08:03 4th Shotgun,— M.Willis pass short left to G.Dulcich to MIA 28 for 6 yards (K.Kareem). MIA-C.Douglas was injured during the play.
2026,WEEK 2,Sunday,September 20th,MIA,SF,4th Quarter,2,Miami Dolphins,0,6,0,Pass Incomplete,2nd & 14 at MIA 28,07:43 4th Shotgun,— M.Willis pass incomplete short right to C.Bell (J.Jones).
2026,WEEK 2,Sunday,September 20th,MIA,SF,4th Quarter,2,Miami Dolphins,0,7,0,Timeout,,07:38 4th,— Timeout #1 by MIA at 07:38.
2026,WEEK 2,Sunday,September 20th,MIA,SF,4th Quarter,2,Miami Dolphins,0,8,0,-6 Yard Sack,3rd & 14 at MIA 28,07:38 4th Shotgun,— M.Willis sacked at MIA 22 for -6 yards (K.White).
2026,WEEK 2,Sunday,September 20th,MIA,SF,4th Quarter,2,Miami Dolphins,0,9,0,Punt,4th & 20 at MIA 22,07:07 4th,"— B.Pinion punts 43 yards to SF 35, Center-T.Addington. J.Cowing to SF 36 for 1 yard (R.Taylor)."
2026,WEEK 2,Sunday,September 20th,MIA,SF,4th Quarter,3,San Francisco 49ers,0,1,0,2 Yard Run,1st & 10 at SF 36,06:56 4th,— J.James right guard to SF 38 for 2 yards (M.Herring; Z.Biggers).
2026,WEEK 2,Sunday,September 20th,MIA,SF,4th Quarter,3,San Francisco 49ers,0,2,0,2 Yard Run,2nd & 8 at SF 38,06:12 4th,— J.James left tackle to SF 40 for 2 yards (W.Gay; J.Marshall).
2026,WEEK 2,Sunday,September 20th,MIA,SF,4th Quarter,3,San Francisco 49ers,0,3,0,-10 Yard Penalty,3rd & 6 at SF 40,05:29 4th Shotgun,"— M.Jones scrambles left end pushed ob at SF 47 for 7 yards (Z.Biggers). PENALTY on SF-V.Lowe, Offensive Holding, 10 yards, enforced at SF 40 - No Play."
2026,WEEK 2,Sunday,September 20th,MIA,SF,4th Quarter,3,San Francisco 49ers,0,4,0,6 Yard Run,3rd & 16 at SF 30,05:00 4th Shotgun,— K.Black up the middle to SF 36 for 6 yards (J.Rodriguez; J.Marshall).
2026,WEEK 2,Sunday,September 20th,MIA,SF,4th Quarter,3,San Francisco 49ers,0,5,0,Punt,4th & 10 at SF 36,04:17 4th,"— C.Waitman punts 47 yards to MIA 17, Center-J.Weeks, downed by SF-B.Willis."
2026,WEEK 2,Sunday,September 20th,MIA,SF,4th Quarter,4,Miami Dolphins,1,1,0,1 Yard Run,1st & 10 at MIA 17,04:03 4th,— O.Gordon right tackle to MIA 18 for 1 yard (J.Dugger; K.Kareem).
2026,WEEK 2,Sunday,September 20th,MIA,SF,4th Quarter,4,Miami Dolphins,1,2,0,5 Yard Run,2nd & 9 at MIA 18,03:24 4th,— O.Gordon left guard to MIA 23 for 5 yards (C.West; J.Brown).
2026,WEEK 2,Sunday,September 20th,MIA,SF,4th Quarter,4,Miami Dolphins,1,3,1,Touchdown,3rd & 4 at MIA 23,02:41 4th Shotgun,"— M.Willis pass deep right to R.Miller for 77 yards, TOUCHDOWN."
2026,WEEK 2,Sunday,September 20th,MIA,SF,4th Quarter,4,Miami Dolphins,1,4,1,Extra Point,,02:30 4th,"— R.Patterson extra point is GOOD, Center-T.Addington, Holder-B.Pinion."
2026,WEEK 2,Sunday,September 20th,MIA,SF,4th Quarter,5,San Francisco 49ers,0,1,0,Kickoff from MIA 35,,Kickoff,— R.Patterson kicks 63 yards from MIA 35 to SF 2. J.Cowing to SF 27 for 25 yards (J.Woodard).
2026,WEEK 2,Sunday,September 20th,MIA,SF,4th Quarter,5,San Francisco 49ers,0,2,0,8 Yard Run,1st & 10 at SF 27,02:25 4th,— J.James up the middle to SF 35 for 8 yards (L.Anderson).
2026,WEEK 2,Sunday,September 20th,MIA,SF,4th Quarter,5,San Francisco 49ers,0,3,0,3 Yard Run,2nd & 2 at SF 35,02:00 4th Shotgun,— J.James up the middle to SF 38 for 3 yards (J.Woodard; J.Wood).
2026,WEEK 2,Sunday,September 20th,MIA,SF,4th Quarter,5,San Francisco 49ers,0,4,0,-1 Yard Run,1st & 10 at SF 38,01:18 4th,— M.Jones kneels to SF 37 for -1 yards.
2026,WEEK 2,Sunday,September 20th,MIA,SF,4th Quarter,5,San Francisco 49ers,0,5,0,-1 Yard Run,2nd & 11 at SF 37,00:39 4th,— M.Jones kneels to SF 36 for -1 yards.
2026,WEEK 2,Sunday Night Football,September 20th,IND,KC,1st Quarter,1,Indianapolis Colts,1,1,0,Kickoff from KC 35,,Kickoff,"— H.Butker kicks 65 yards from KC 35 to end zone, Touchback to the IND 35."
2026,WEEK 2,Sunday Night Football,September 20th,IND,KC,1st Quarter,1,Indianapolis Colts,1,2,0,5 Yard Run,1st & 10 at IND 35,15:00 1st,— J.Taylor right end to IND 40 for 5 yards (J.Hicks; A.Gilman).
2026,WEEK 2,Sunday Night Football,September 20th,IND,KC,1st Quarter,1,Indianapolis Colts,1,3,0,4 Yard Run,2nd & 5 at IND 40,14:23 1st,— J.Taylor left tackle to IND 44 for 4 yards (D.Tranquill; G.Karlaftis).
2026,WEEK 2,Sunday Night Football,September 20th,IND,KC,1st Quarter,1,Indianapolis Colts,1,4,0,3 Yard Run,3rd & 1 at IND 44,13:44 1st,— L.Tenuta reported in as eligible. T.Warren up the middle to IND 47 for 3 yards (G.Karlaftis).
2026,WEEK 2,Sunday Night Football,September 20th,IND,KC,1st Quarter,1,Indianapolis Colts,1,5,0,11 Yard Pass,1st & 10 at IND 47,13:06 1st,— D.Jones pass short right to A.Pierce to KC 42 for 11 yards (L.Sneed).
2026,WEEK 2,Sunday Night Football,September 20th,IND,KC,1st Quarter,1,Indianapolis Colts,1,6,0,12 Yard Run,1st & 10 at KC 42,12:29 1st,— J.Taylor right end to KC 30 for 12 yards (A.Gilman; J.Hicks).
2026,WEEK 2,Sunday Night Football,September 20th,IND,KC,1st Quarter,1,Indianapolis Colts,1,7,0,10 Yard Run,1st & 10 at KC 30,11:51 1st,— D.Burks left end to KC 20 for 10 yards (J.Hicks).
2026,WEEK 2,Sunday Night Football,September 20th,IND,KC,1st Quarter,1,Indianapolis Colts,1,8,0,-5 Yard Penalty,1st & 10 at KC 20,11:08 1st,"— PENALTY on IND-J.Taylor, False Start, 5 yards, enforced at KC 20 - No Play."
2026,WEEK 2,Sunday Night Football,September 20th,IND,KC,1st Quarter,1,Indianapolis Colts,1,9,0,1 Yard Run,1st & 15 at KC 25,10:54 1st Shotgun,— J.Taylor left end to KC 24 for 1 yard (C.Jones).
2026,WEEK 2,Sunday Night Football,September 20th,IND,KC,1st Quarter,1,Indianapolis Colts,1,10,0,10 Yard Pass,2nd & 14 at KC 24,10:15 1st Shotgun,— D.Jones pass short right to L.Treadwell to KC 14 for 10 yards (N.Williams).
2026,WEEK 2,Sunday Night Football,September 20th,IND,KC,1st Quarter,1,Indianapolis Colts,1,11,0,13 Yard Pass,3rd & 4 at KC 14,09:34 1st Shotgun,"— D.Jones pass short middle to J.Downs to KC 3 for 11 yards (L.Sneed). PENALTY on KC-J.Hicks, Roughing the Passer, 2 yards, enforced at KC 3."
2026,WEEK 2,Sunday Night Football,September 20th,IND,KC,1st Quarter,1,Indianapolis Colts,1,12,0,0 Yard Run,1st & 1 at KC 1,09:08 1st,— J.Taylor right tackle to KC 1 for no gain (D.Tranquill).
2026,WEEK 2,Sunday Night Football,September 20th,IND,KC,1st Quarter,1,Indianapolis Colts,1,13,1,Touchdown,2nd & 1 at KC 1,08:28 1st,"— D.Jones pass short middle to T.Warren for 1 yard, TOUCHDOWN."
2026,WEEK 2,Sunday Night Football,September 20th,IND,KC,1st Quarter,1,Indianapolis Colts,1,14,1,Extra Point,,08:25 1st,"— S.Shrader extra point is GOOD, Center-L.Rhodes, Holder-R.Sanchez."
2026,WEEK 2,Sunday Night Football,September 20th,IND,KC,1st Quarter,2,Kansas City Chiefs,1,1,0,Kickoff from IND 35,,Kickoff,— S.Shrader kicks 54 yards from IND 35 to KC 11. B.Smith to KC 36 for 25 yards (A.Ogletree).
2026,WEEK 2,Sunday Night Football,September 20th,IND,KC,1st Quarter,2,Kansas City Chiefs,1,2,0,19 Yard Run,1st & 10 at KC 36,08:20 1st,— K.Walker left guard ran ob at IND 45 for 19 yards (C.Ward).
2026,WEEK 2,Sunday Night Football,September 20th,IND,KC,1st Quarter,2,Kansas City Chiefs,1,3,0,16 Yard Pass,1st & 10 at IND 45,07:43 1st,— P.Mahomes pass short middle to X.Worthy to IND 29 for 16 yards (A.Davis-Gaither).
2026,WEEK 2,Sunday Night Football,September 20th,IND,KC,1st Quarter,2,Kansas City Chiefs,1,4,0,1 Yard Run,1st & 10 at IND 29,07:01 1st,— K.Walker right guard to IND 28 for 1 yard (J.Walley; D.Buckner).
2026,WEEK 2,Sunday Night Football,September 20th,IND,KC,1st Quarter,2,Kansas City Chiefs,1,5,0,Pass Incomplete,2nd & 9 at IND 28,06:22 1st Shotgun,— P.Mahomes pass incomplete short middle to X.Worthy.
2026,WEEK 2,Sunday Night Football,September 20th,IND,KC,1st Quarter,2,Kansas City Chiefs,1,6,0,Pass Incomplete,3rd & 9 at IND 28,06:17 1st Shotgun,— P.Mahomes pass incomplete short left to K.Walker (J.Walley).
2026,WEEK 2,Sunday Night Football,September 20th,IND,KC,1st Quarter,2,Kansas City Chiefs,1,7,1,Field Goal,4th & 9 at IND 28,06:13 1st,"— H.Butker 46 yard field goal is GOOD, Center-J.Winchester, Holder-M.Araiza."
2026,WEEK 2,Sunday Night Football,September 20th,IND,KC,1st Quarter,3,Indianapolis Colts,0,1,0,Kickoff from KC 35,,Kickoff,"— H.Butker kicks 65 yards from KC 35 to IND 0. S.McGowan to IND 27 for 27 yards (E.Johnson). PENALTY on IND-J.Tuimoloau, Illegal Block Above the Waist, 10 yards, enforced at IND 20."
2026,WEEK 2,Sunday Night Football,September 20th,IND,KC,1st Quarter,3,Indianapolis Colts,0,2,0,4 Yard Run,1st & 10 at IND 10,06:03 1st,— J.Taylor right end to IND 14 for 4 yards (N.Bolton).
2026,WEEK 2,Sunday Night Football,September 20th,IND,KC,1st Quarter,3,Indianapolis Colts,0,3,0,Interception,2nd & 6 at IND 14,05:25 1st Shotgun,— D.Jones pass short left intended for K.Allen INTERCEPTED by K.Fulton at IND 16. K.Fulton to IND 16 for no gain.
2026,WEEK 2,Sunday Night Football,September 20th,IND,KC,1st Quarter,4,Kansas City Chiefs,1,1,0,3 Yard Run,1st & 10 at IND 16,05:18 1st Shotgun,— K.Walker up the middle to IND 13 for 3 yards (A.Davis-Gaither; G.Stewart).
2026,WEEK 2,Sunday Night Football,September 20th,IND,KC,1st Quarter,4,Kansas City Chiefs,1,2,1,Touchdown,2nd & 7 at IND 13,04:40 1st Shotgun,"— P.Mahomes pass short right to T.Kelce for 13 yards, TOUCHDOWN."
2026,WEEK 2,Sunday Night Football,September 20th,IND,KC,1st Quarter,4,Kansas City Chiefs,1,3,1,Extra Point,,04:34 1st,"— H.Butker extra point is GOOD, Center-J.Winchester, Holder-M.Araiza."
2026,WEEK 2,Sunday Night Football,September 20th,IND,KC,2nd Quarter,1,Indianapolis Colts,1,1,0,Kickoff from KC 35,,Kickoff,— H.Butker kicks 61 yards from KC 35 to IND 4. S.McGowan to IND 42 for 38 yards (J.Canady; H.Butker).
2026,WEEK 2,Sunday Night Football,September 20th,IND,KC,2nd Quarter,1,Indianapolis Colts,1,2,0,4 Yard Run,1st & 10 at IND 42,04:27 1st,— J.Taylor right end to IND 46 for 4 yards (N.Williams).
2026,WEEK 2,Sunday Night Football,September 20th,IND,KC,2nd Quarter,1,Indianapolis Colts,1,3,0,3 Yard Pass,2nd & 6 at IND 46,03:49 1st Shotgun,— D.Jones pass short left to T.Warren pushed ob at IND 49 for 3 yards (N.Bolton; A.Gilman).
2026,WEEK 2,Sunday Night Football,September 20th,IND,KC,2nd Quarter,1,Indianapolis Colts,1,4,0,2 Yard Run,3rd & 3 at IND 49,03:12 1st Shotgun,— D.Jones scrambles right end pushed ob at KC 49 for 2 yards (L.Sneed; N.Bolton).
2026,WEEK 2,Sunday Night Football,September 20th,IND,KC,2nd Quarter,1,Indianapolis Colts,1,5,0,Timeout,,02:27 1st,— Timeout #1 by IND at 02:27.
2026,WEEK 2,Sunday Night Football,September 20th,IND,KC,2nd Quarter,1,Indianapolis Colts,1,6,0,3 Yard Run,4th & 1 at KC 49,02:27 1st,— L.Tenuta reported in as eligible. J.Taylor left guard to KC 46 for 3 yards (C.Jones).
2026,WEEK 2,Sunday Night Football,September 20th,IND,KC,2nd Quarter,1,Indianapolis Colts,1,7,0,Pass Incomplete,1st & 10 at KC 46,01:45 1st Shotgun,— D.Jones pass incomplete short right to A.Ogletree (D.Tranquill).
2026,WEEK 2,Sunday Night Football,September 20th,IND,KC,2nd Quarter,1,Indianapolis Colts,1,8,0,14 Yard Pass,2nd & 10 at KC 46,01:38 1st Shotgun,— D.Jones pass short right to J.Downs to KC 32 for 14 yards (C.Roland-Wallace).
2026,WEEK 2,Sunday Night Football,September 20th,IND,KC,2nd Quarter,1,Indianapolis Colts,1,9,0,10 Yard Run,1st & 10 at KC 32,00:55 1st,— J.Taylor up the middle to KC 22 for 10 yards (J.Hicks; N.Bolton).
2026,WEEK 2,Sunday Night Football,September 20th,IND,KC,2nd Quarter,1,Indianapolis Colts,1,10,0,-2 Yard Run,1st & 10 at KC 22,00:17 1st,— J.Taylor right end to KC 24 for -2 yards (J.Cochrane).
2026,WEEK 2,Sunday Night Football,September 20th,IND,KC,2nd Quarter,1,Indianapolis Colts,1,11,0,Pass Incomplete,2nd & 12 at KC 24,15:00 2nd Shotgun,— D.Jones pass incomplete short left to J.Downs (L.Sneed).
2026,WEEK 2,Sunday Night Football,September 20th,IND,KC,2nd Quarter,1,Indianapolis Colts,1,12,0,Pass Incomplete,3rd & 12 at KC 24,14:57 2nd Shotgun,— D.Jones pass incomplete short left to K.Allen (A.Gilman).
2026,WEEK 2,Sunday Night Football,September 20th,IND,KC,2nd Quarter,1,Indianapolis Colts,1,13,1,Field Goal,4th & 12 at KC 24,14:52 2nd,"— S.Shrader 42 yard field goal is GOOD, Center-L.Rhodes, Holder-R.Sanchez."
2026,WEEK 2,Sunday Night Football,September 20th,IND,KC,2nd Quarter,2,Kansas City Chiefs,0,1,0,Kickoff from IND 35,,Kickoff,"— S.Shrader kicks 64 yards from IND 35 to KC 1. E.Johnson pushed ob at KC 35 for 34 yards (T.Chambers). PENALTY on KC-C.Roland-Wallace, Illegal Formation, 5 yards, enforced at KC 35."
2026,WEEK 2,Sunday Night Football,September 20th,IND,KC,2nd Quarter,2,Kansas City Chiefs,0,2,0,30 Yard Pass,1st & 10 at KC 30,14:43 2nd,— P.Mahomes pass short right to R.Rice to IND 40 for 30 yards (A.Gardner).
2026,WEEK 2,Sunday Night Football,September 20th,IND,KC,2nd Quarter,2,Kansas City Chiefs,0,3,0,1 Yard Run,1st & 10 at IND 40,14:07 2nd Shotgun,— K.Walker up the middle to IND 39 for 1 yard (D.Buckner; J.Tillery).
2026,WEEK 2,Sunday Night Football,September 20th,IND,KC,2nd Quarter,2,Kansas City Chiefs,0,4,0,6 Yard Pass,2nd & 9 at IND 39,13:32 2nd Shotgun,— P.Mahomes pass short left to X.Worthy to IND 33 for 6 yards (A.Davis-Gaither).
2026,WEEK 2,Sunday Night Football,September 20th,IND,KC,2nd Quarter,2,Kansas City Chiefs,0,5,0,Pass Incomplete,3rd & 3 at IND 33,12:52 2nd Shotgun,— P.Mahomes pass incomplete deep right to T.Kelce.
2026,WEEK 2,Sunday Night Football,September 20th,IND,KC,2nd Quarter,2,Kansas City Chiefs,0,6,0,Field Goal No Good,4th & 3 at IND 33,12:47 2nd,"— H.Butker 51 yard field goal is No Good, Wide Left, Center-J.Winchester, Holder-M.Araiza."
2026,WEEK 2,Sunday Night Football,September 20th,IND,KC,2nd Quarter,3,Indianapolis Colts,1,1,0,1 Yard Run,1st & 10 at IND 41,12:42 2nd,— S.McGowan left tackle to IND 42 for 1 yard (P.Woods; N.Bolton).
2026,WEEK 2,Sunday Night Football,September 20th,IND,KC,2nd Quarter,3,Indianapolis Colts,1,2,0,8 Yard Pass,2nd & 9 at IND 42,12:00 2nd,— D.Jones pass short right to T.Warren pushed ob at 50 for 8 yards (N.Bolton) [F.Anudike-Uzomah].
2026,WEEK 2,Sunday Night Football,September 20th,IND,KC,2nd Quarter,3,Indianapolis Colts,1,3,0,26 Yard Penalty,3rd & 1 at 50,11:18 2nd,"— L.Tenuta reported in as eligible. D.Jones pass incomplete deep left to L.Treadwell [G.Karlaftis]. PENALTY on KC-K.Fulton, Defensive Pass Interference, 26 yards, enforced at 50 - No Play."
2026,WEEK 2,Sunday Night Football,September 20th,IND,KC,2nd Quarter,3,Indianapolis Colts,1,4,0,-1 Yard Run,1st & 10 at KC 24,11:11 2nd,— S.McGowan right end to KC 25 for -1 yards (D.Tranquill).
2026,WEEK 2,Sunday Night Football,September 20th,IND,KC,2nd Quarter,3,Indianapolis Colts,1,5,0,Pass Incomplete,2nd & 11 at KC 25,10:31 2nd Shotgun,— D.Jones pass incomplete deep left to J.Downs.
2026,WEEK 2,Sunday Night Football,September 20th,IND,KC,2nd Quarter,3,Indianapolis Colts,1,6,0,-5 Yard Penalty,3rd & 11 at KC 25,10:26 2nd Shotgun,"— PENALTY on IND, Delay of Game, 5 yards, enforced at KC 25 - No Play."
2026,WEEK 2,Sunday Night Football,September 20th,IND,KC,2nd Quarter,3,Indianapolis Colts,1,7,0,-5 Yard Penalty,3rd & 16 at KC 30,10:26 2nd Shotgun,"— PENALTY on IND-L.Treadwell, False Start, 5 yards, enforced at KC 30 - No Play."
2026,WEEK 2,Sunday Night Football,September 20th,IND,KC,2nd Quarter,3,Indianapolis Colts,1,8,0,4 Yard Pass,3rd & 21 at KC 35,10:26 2nd Shotgun,— D.Jones pass short right to J.Taylor to KC 31 for 4 yards (G.Karlaftis; N.Williams).
2026,WEEK 2,Sunday Night Football,September 20th,IND,KC,2nd Quarter,3,Indianapolis Colts,1,9,1,Field Goal,4th & 17 at KC 31,09:50 2nd,"— S.Shrader 49 yard field goal is GOOD, Center-L.Rhodes, Holder-R.Sanchez."
2026,WEEK 2,Sunday Night Football,September 20th,IND,KC,2nd Quarter,4,Kansas City Chiefs,1,1,0,Kickoff from IND 35,,Kickoff,— S.Shrader kicks 61 yards from IND 35 to KC 4. B.Smith to KC 30 for 26 yards (C.Curry; B.Boettcher).
2026,WEEK 2,Sunday Night Football,September 20th,IND,KC,2nd Quarter,4,Kansas City Chiefs,1,2,0,6 Yard Pass,1st & 10 at KC 30,09:39 2nd,— P.Mahomes pass short right to K.Walker to KC 36 for 6 yards (J.Tuimoloau; J.Carlies).
2026,WEEK 2,Sunday Night Football,September 20th,IND,KC,2nd Quarter,4,Kansas City Chiefs,1,3,0,-10 Yard Penalty,2nd & 4 at KC 36,08:55 2nd Shotgun,"— K.Walker up the middle to KC 39 for 3 yards (J.Tillery). PENALTY on KC-K.Suamataia, Offensive Holding, 10 yards, enforced at KC 36 - No Play. The penalty was assisted by replay."
2026,WEEK 2,Sunday Night Football,September 20th,IND,KC,2nd Quarter,4,Kansas City Chiefs,1,4,0,16 Yard Pass,2nd & 14 at KC 26,08:25 2nd Shotgun,— P.Mahomes pass deep middle to R.Rice to KC 42 for 16 yards (C.Bynum).
2026,WEEK 2,Sunday Night Football,September 20th,IND,KC,2nd Quarter,4,Kansas City Chiefs,1,5,0,7 Yard Run,1st & 10 at KC 42,07:46 2nd,— K.Walker up the middle to KC 49 for 7 yards (C.Bynum).
2026,WEEK 2,Sunday Night Football,September 20th,IND,KC,2nd Quarter,4,Kansas City Chiefs,1,6,0,8 Yard Run,2nd & 3 at KC 49,07:10 2nd Shotgun,— K.Walker right guard to IND 43 for 8 yards (A.Davis-Gaither; C.Ward).
2026,WEEK 2,Sunday Night Football,September 20th,IND,KC,2nd Quarter,4,Kansas City Chiefs,1,7,0,6 Yard Pass,1st & 10 at IND 43,06:31 2nd Shotgun,— P.Mahomes pass short right to T.Thornton to IND 37 for 6 yards (A.Gardner).
2026,WEEK 2,Sunday Night Football,September 20th,IND,KC,2nd Quarter,4,Kansas City Chiefs,1,8,0,11 Yard Pass,2nd & 4 at IND 37,05:51 2nd Shotgun,— P.Mahomes pass short right to T.Kelce to IND 26 for 11 yards (L.Latu).
2026,WEEK 2,Sunday Night Football,September 20th,IND,KC,2nd Quarter,4,Kansas City Chiefs,1,9,0,5 Yard Pass,1st & 10 at IND 26,05:09 2nd Shotgun,— P.Mahomes pass short left to T.Kelce to IND 21 for 5 yards (A.Gardner; C.Allen).
2026,WEEK 2,Sunday Night Football,September 20th,IND,KC,2nd Quarter,4,Kansas City Chiefs,1,10,0,5 Yard Pass,2nd & 5 at IND 21,04:29 2nd Shotgun,— P.Mahomes pass short left to J.Royals pushed ob at IND 16 for 5 yards (A.Gardner).
2026,WEEK 2,Sunday Night Football,September 20th,IND,KC,2nd Quarter,4,Kansas City Chiefs,1,11,0,Pass Incomplete,1st & 10 at IND 16,03:58 2nd Shotgun,— P.Mahomes pass incomplete short right.
2026,WEEK 2,Sunday Night Football,September 20th,IND,KC,2nd Quarter,4,Kansas City Chiefs,1,12,0,11 Yard Pass,2nd & 10 at IND 16,03:50 2nd Shotgun,— P.Mahomes pass short left to K.Walker to IND 5 for 11 yards (A.Haulcy).
2026,WEEK 2,Sunday Night Football,September 20th,IND,KC,2nd Quarter,4,Kansas City Chiefs,1,13,0,4 Yard Pass,1st & 5 at IND 5,03:09 2nd Shotgun,— P.Mahomes pass short right to X.Worthy to IND 1 for 4 yards (L.Latu).
2026,WEEK 2,Sunday Night Football,September 20th,IND,KC,2nd Quarter,4,Kansas City Chiefs,1,14,1,Touchdown,2nd & 1 at IND 1,02:28 2nd Shotgun,"— P.Mahomes pass short right to X.Worthy for 1 yard, TOUCHDOWN."
2026,WEEK 2,Sunday Night Football,September 20th,IND,KC,2nd Quarter,4,Kansas City Chiefs,1,15,1,Extra Point,,02:25 2nd,"— H.Butker extra point is GOOD, Center-J.Winchester, Holder-M.Araiza."
2026,WEEK 2,Sunday Night Football,September 20th,IND,KC,2nd Quarter,5,Indianapolis Colts,1,1,0,Kickoff from KC 35,,Kickoff,— H.Butker kicks 60 yards from KC 35 to IND 5. A.Gould to IND 28 for 23 yards (J.Royals; J.Bassa).
2026,WEEK 2,Sunday Night Football,September 20th,IND,KC,2nd Quarter,5,Indianapolis Colts,1,2,0,9 Yard Pass,1st & 10 at IND 28,02:20 2nd,— D.Jones pass short left to J.Downs to IND 37 for 9 yards (L.Sneed; D.Tranquill).
2026,WEEK 2,Sunday Night Football,September 20th,IND,KC,2nd Quarter,5,Indianapolis Colts,1,3,0,5 Yard Run,2nd & 1 at IND 37,02:00 2nd Shotgun,— J.Taylor left end to IND 42 for 5 yards (D.Tranquill; C.Jones).
2026,WEEK 2,Sunday Night Football,September 20th,IND,KC,2nd Quarter,5,Indianapolis Colts,1,4,0,23 Yard Penalty,1st & 10 at IND 42,01:24 2nd Shotgun,"— D.Jones pass incomplete deep left to L.Treadwell. PENALTY on KC-K.Fulton, Defensive Pass Interference, 23 yards, enforced at IND 42 - No Play."
2026,WEEK 2,Sunday Night Football,September 20th,IND,KC,2nd Quarter,5,Indianapolis Colts,1,5,0,4 Yard Run,1st & 10 at KC 35,01:19 2nd Shotgun,— J.Taylor up the middle to KC 31 for 4 yards (P.Woods; C.Jones).
2026,WEEK 2,Sunday Night Football,September 20th,IND,KC,2nd Quarter,5,Indianapolis Colts,1,6,0,Timeout,,01:13 2nd,— Timeout #1 by KC at 01:13.
2026,WEEK 2,Sunday Night Football,September 20th,IND,KC,2nd Quarter,5,Indianapolis Colts,1,7,0,Pass Incomplete,2nd & 6 at KC 31,01:13 2nd Shotgun,— D.Jones pass incomplete short right to K.Allen (N.Williams).
2026,WEEK 2,Sunday Night Football,September 20th,IND,KC,2nd Quarter,5,Indianapolis Colts,1,8,0,7 Yard Pass,3rd & 6 at KC 31,01:10 2nd Shotgun,"— D.Jones pass short right to J.Downs pushed ob at KC 24 for 7 yards (L.Sneed) [C.Jones]. Penalty on IND-J.Downs, Unnecessary Roughness, offsetting. Penalty on KC-L.Sneed, Unnecessary Roughness, offsetting."
2026,WEEK 2,Sunday Night Football,September 20th,IND,KC,2nd Quarter,5,Indianapolis Colts,1,9,1,Touchdown,1st & 10 at KC 24,01:04 2nd,"— J.Taylor right end for 24 yards, TOUCHDOWN."
2026,WEEK 2,Sunday Night Football,September 20th,IND,KC,2nd Quarter,5,Indianapolis Colts,1,10,1,Extra Point,,00:59 2nd,"— S.Shrader extra point is GOOD, Center-L.Rhodes, Holder-R.Sanchez."
2026,WEEK 2,Sunday Night Football,September 20th,IND,KC,2nd Quarter,6,Kansas City Chiefs,0,1,0,Kickoff from IND 35,,Kickoff,"— S.Shrader kicks 65 yards from IND 35 to landing zone to end zone, Touchback to the KC 20."
2026,WEEK 2,Sunday Night Football,September 20th,IND,KC,2nd Quarter,6,Kansas City Chiefs,0,2,0,8 Yard Pass,1st & 10 at KC 20,00:59 2nd Shotgun,— P.Mahomes pass short left to E.Johnson pushed ob at KC 28 for 8 yards (J.Carlies). ** Injury Update: IND-M.Clemons has returned to the game.
2026,WEEK 2,Sunday Night Football,September 20th,IND,KC,2nd Quarter,6,Kansas City Chiefs,0,3,0,Pass Incomplete,2nd & 2 at KC 28,00:54 2nd Shotgun,— P.Mahomes pass incomplete short left to R.Rice (D.Buckner).
2026,WEEK 2,Sunday Night Football,September 20th,IND,KC,2nd Quarter,6,Kansas City Chiefs,0,4,0,-8 Yard Sack,3rd & 2 at KC 28,00:51 2nd Shotgun,— P.Mahomes sacked at KC 20 for -8 yards (D.Buckner).
2026,WEEK 2,Sunday Night Football,September 20th,IND,KC,2nd Quarter,6,Kansas City Chiefs,0,5,0,Timeout,,00:46 2nd,— Timeout #2 by IND at 00:46.
2026,WEEK 2,Sunday Night Football,September 20th,IND,KC,2nd Quarter,6,Kansas City Chiefs,0,6,0,Punt,4th & 10 at KC 20,00:46 2nd,"— M.Araiza punts 69 yards to IND 11, Center-J.Winchester, downed by KC-J.Canady."
2026,WEEK 2,Sunday Night Football,September 20th,IND,KC,2nd Quarter,7,Indianapolis Colts,0,1,0,1 Yard Run,1st & 10 at IND 11,00:35 2nd,— J.Taylor right guard to IND 12 for 1 yard (N.Bolton; P.Woods).
2026,WEEK 2,Sunday Night Football,September 20th,IND,KC,3rd Quarter,1,Kansas City Chiefs,1,1,0,Kickoff from IND 35,,Kickoff,"— S.Shrader kicks 65 yards from IND 35 to landing zone to end zone, Touchback to the KC 20."
2026,WEEK 2,Sunday Night Football,September 20th,IND,KC,3rd Quarter,1,Kansas City Chiefs,1,2,0,1 Yard Run,1st & 10 at KC 20,15:00 3rd,— K.Walker left guard to KC 21 for 1 yard (C.Curry).
2026,WEEK 2,Sunday Night Football,September 20th,IND,KC,3rd Quarter,1,Kansas City Chiefs,1,3,0,12 Yard Run,2nd & 9 at KC 21,14:27 3rd Shotgun,— K.Walker left end to KC 33 for 12 yards (A.Davis-Gaither).
2026,WEEK 2,Sunday Night Football,September 20th,IND,KC,3rd Quarter,1,Kansas City Chiefs,1,4,0,10 Yard Run,1st & 10 at KC 33,13:53 3rd Shotgun,— K.Walker left end to KC 43 for 10 yards (J.Carlies).
2026,WEEK 2,Sunday Night Football,September 20th,IND,KC,3rd Quarter,1,Kansas City Chiefs,1,5,0,4 Yard Run,1st & 10 at KC 43,13:15 3rd,— K.Walker left end to KC 47 for 4 yards (J.Tuimoloau).
2026,WEEK 2,Sunday Night Football,September 20th,IND,KC,3rd Quarter,1,Kansas City Chiefs,1,6,0,Pass Incomplete,2nd & 6 at KC 47,12:33 3rd Shotgun,— P.Mahomes pass incomplete short right to K.Walker.
2026,WEEK 2,Sunday Night Football,September 20th,IND,KC,3rd Quarter,1,Kansas City Chiefs,1,7,0,5 Yard Pass,3rd & 6 at KC 47,12:29 3rd Shotgun,— P.Mahomes pass short middle to T.Thornton to IND 48 for 5 yards (J.Walley). The ball spot was assisted by replay.
2026,WEEK 2,Sunday Night Football,September 20th,IND,KC,3rd Quarter,1,Kansas City Chiefs,1,8,0,3 Yard Run,4th & 1 at IND 48,12:01 3rd,— K.Tonga and H.Nourzad reported in as eligible. K.Tonga up the middle to IND 45 for 3 yards (H.Wohler).
2026,WEEK 2,Sunday Night Football,September 20th,IND,KC,3rd Quarter,1,Kansas City Chiefs,1,9,0,-1 Yard Pass,1st & 10 at IND 45,11:23 3rd Shotgun,— P.Mahomes pass short right to T.Kelce to IND 46 for -1 yards (A.Davis-Gaither).
2026,WEEK 2,Sunday Night Football,September 20th,IND,KC,3rd Quarter,1,Kansas City Chiefs,1,10,0,Pass Incomplete,2nd & 11 at IND 46,10:42 3rd,— P.Mahomes pass incomplete short middle to K.Walker [G.Stewart].
2026,WEEK 2,Sunday Night Football,September 20th,IND,KC,3rd Quarter,1,Kansas City Chiefs,1,11,0,45 Yard Pass,3rd & 11 at IND 46,10:38 3rd Shotgun,— P.Mahomes pass deep right to T.Thornton to IND 1 for 45 yards (J.Carlies).
2026,WEEK 2,Sunday Night Football,September 20th,IND,KC,3rd Quarter,1,Kansas City Chiefs,1,12,0,0 Yard Run,1st & 1 at IND 1,09:52 3rd Shotgun,— K.Walker up the middle to IND 1 for no gain (C.Taylor-Britt; H.Wohler).
2026,WEEK 2,Sunday Night Football,September 20th,IND,KC,3rd Quarter,1,Kansas City Chiefs,1,13,0,0 Yard Run,2nd & 1 at IND 1,09:17 3rd,— K.Walker up the middle to IND 1 for no gain (J.Carlies; A.Davis-Gaither).
2026,WEEK 2,Sunday Night Football,September 20th,IND,KC,3rd Quarter,1,Kansas City Chiefs,1,14,0,0 Yard Run,3rd & 1 at IND 1,08:36 3rd,— H.Nourzad and K.Tonga reported in as eligible. K.Walker right guard to IND 1 for no gain (A.Davis-Gaither; L.Latu). KC-J.Moore was injured during the play.
2026,WEEK 2,Sunday Night Football,September 20th,IND,KC,3rd Quarter,1,Kansas City Chiefs,1,15,1,Touchdown,4th & 1 at IND 1,08:06 3rd,"— M.Caliendo and K.Tonga reported in as eligible. P.Mahomes pass short right to J.Royals for 1 yard, TOUCHDOWN."
2026,WEEK 2,Sunday Night Football,September 20th,IND,KC,3rd Quarter,1,Kansas City Chiefs,1,16,1,Extra Point,,08:01 3rd,"— H.Butker extra point is GOOD, Center-J.Winchester, Holder-M.Araiza."
2026,WEEK 2,Sunday Night Football,September 20th,IND,KC,3rd Quarter,2,Indianapolis Colts,0,1,0,Kickoff from KC 35,,Kickoff,— H.Butker kicks 60 yards from KC 35 to IND 5. A.Gould to IND 27 for 22 yards (C.Christiansen).
2026,WEEK 2,Sunday Night Football,September 20th,IND,KC,3rd Quarter,2,Indianapolis Colts,0,2,0,15 Yard Pass,1st & 10 at IND 27,07:55 3rd,— D.Jones pass short left to J.Taylor to IND 42 for 15 yards (J.Hicks).
2026,WEEK 2,Sunday Night Football,September 20th,IND,KC,3rd Quarter,2,Indianapolis Colts,0,3,0,3 Yard Pass,1st & 10 at IND 42,07:07 3rd Shotgun,— D.Jones pass short left to L.Treadwell to IND 45 for 3 yards (K.Fulton; J.Hicks).
2026,WEEK 2,Sunday Night Football,September 20th,IND,KC,3rd Quarter,2,Indianapolis Colts,0,4,0,3 Yard Run,2nd & 7 at IND 45,06:34 3rd Shotgun,— J.Taylor up the middle to IND 48 for 3 yards (A.Gillotte).
2026,WEEK 2,Sunday Night Football,September 20th,IND,KC,3rd Quarter,2,Indianapolis Colts,0,5,0,Pass Incomplete,3rd & 4 at IND 48,05:53 3rd Shotgun,— D.Jones pass incomplete deep right to K.Allen.
2026,WEEK 2,Sunday Night Football,September 20th,IND,KC,3rd Quarter,2,Indianapolis Colts,0,6,0,Punt,4th & 4 at IND 48,05:48 3rd,"— R.Sanchez punts 45 yards to KC 7, Center-L.Rhodes. N.Remigio to KC 9 for 2 yards (C.Taylor-Britt)."
2026,WEEK 2,Sunday Night Football,September 20th,IND,KC,4th Quarter,1,Kansas City Chiefs,1,1,0,11 Yard Pass,1st & 10 at KC 9,05:39 3rd,"— P.Mahomes pass short left to T.Kelce to KC 20 for 11 yards (B.Boettcher). ** Injury Update: KC-J.Moore has returned to the game. Penalty on IND-G.Stewart, Defensive Offside, declined."
2026,WEEK 2,Sunday Night Football,September 20th,IND,KC,4th Quarter,1,Kansas City Chiefs,1,2,0,5 Yard Run,1st & 10 at KC 20,05:12 3rd Shotgun,— K.Walker left end pushed ob at KC 25 for 5 yards (A.Davis-Gaither).
2026,WEEK 2,Sunday Night Football,September 20th,IND,KC,4th Quarter,1,Kansas City Chiefs,1,3,0,Pass Incomplete,2nd & 5 at KC 25,04:45 3rd Shotgun,— P.Mahomes pass incomplete short left to N.Gray (A.Gardner).
2026,WEEK 2,Sunday Night Football,September 20th,IND,KC,4th Quarter,1,Kansas City Chiefs,1,4,0,16 Yard Pass,3rd & 5 at KC 25,04:40 3rd Shotgun,— P.Mahomes pass short middle to T.Kelce to KC 41 for 16 yards (C.Bynum; J.Walley).
2026,WEEK 2,Sunday Night Football,September 20th,IND,KC,4th Quarter,1,Kansas City Chiefs,1,5,0,8 Yard Run,1st & 10 at KC 41,04:01 3rd Shotgun,— E.Johnson up the middle to KC 49 for 8 yards (J.Walley).
2026,WEEK 2,Sunday Night Football,September 20th,IND,KC,4th Quarter,1,Kansas City Chiefs,1,6,0,7 Yard Run,2nd & 2 at KC 49,03:20 3rd Shotgun,— E.Johnson up the middle to IND 44 for 7 yards (B.Boettcher; A.Haulcy).
2026,WEEK 2,Sunday Night Football,September 20th,IND,KC,4th Quarter,1,Kansas City Chiefs,1,7,0,12 Yard Pass,1st & 10 at IND 44,02:46 3rd,— P.Mahomes pass short right to E.Johnson to IND 32 for 12 yards (J.Tillery).
2026,WEEK 2,Sunday Night Football,September 20th,IND,KC,4th Quarter,1,Kansas City Chiefs,1,8,0,Pass Incomplete,1st & 10 at IND 32,02:06 3rd,— P.Mahomes pass incomplete deep right to X.Worthy.
2026,WEEK 2,Sunday Night Football,September 20th,IND,KC,4th Quarter,1,Kansas City Chiefs,1,9,0,18 Yard Pass,2nd & 10 at IND 32,02:00 3rd Shotgun,— P.Mahomes pass short right to T.Kelce to IND 14 for 18 yards (A.Gardner; C.Bynum). IND-A.Gardner was injured during the play.
2026,WEEK 2,Sunday Night Football,September 20th,IND,KC,4th Quarter,1,Kansas City Chiefs,1,10,0,-2 Yard Pass,1st & 10 at IND 14,01:28 3rd Shotgun,— P.Mahomes pass short right to X.Worthy pushed ob at IND 16 for -2 yards (K.Gushiken).
2026,WEEK 2,Sunday Night Football,September 20th,IND,KC,4th Quarter,1,Kansas City Chiefs,1,11,0,-10 Yard Penalty,2nd & 12 at IND 16,00:48 3rd Shotgun,"— P.Mahomes pass incomplete short right. PENALTY on KC-K.Benson, Offensive Holding, 10 yards, enforced at IND 16 - No Play."
2026,WEEK 2,Sunday Night Football,September 20th,IND,KC,4th Quarter,1,Kansas City Chiefs,1,12,0,10 Yard Pass,2nd & 22 at IND 26,00:41 3rd Shotgun,— P.Mahomes pass short left to K.Walker to IND 16 for 10 yards (C.Taylor-Britt; K.Gushiken).
2026,WEEK 2,Sunday Night Football,September 20th,IND,KC,4th Quarter,1,Kansas City Chiefs,1,13,0,6 Yard Pass,3rd & 12 at IND 16,15:00 4th Shotgun,— P.Mahomes pass short right to R.Rice to IND 10 for 6 yards (J.Carlies; A.Davis-Gaither).
2026,WEEK 2,Sunday Night Football,September 20th,IND,KC,4th Quarter,1,Kansas City Chiefs,1,14,1,Field Goal,4th & 6 at IND 10,14:18 4th,"— H.Butker 28 yard field goal is GOOD, Center-J.Winchester, Holder-M.Araiza."
2026,WEEK 2,Sunday Night Football,September 20th,IND,KC,4th Quarter,2,Indianapolis Colts,1,1,0,Kickoff from KC 35,,Kickoff,— H.Butker kicks 58 yards from KC 35 to IND 7. A.Gould to IND 36 for 29 yards (J.Royals; J.Cochrane).
2026,WEEK 2,Sunday Night Football,September 20th,IND,KC,4th Quarter,2,Indianapolis Colts,1,2,0,4 Yard Pass,1st & 10 at IND 36,14:09 4th,— D.Jones pass short left to T.Warren to IND 40 for 4 yards (G.Karlaftis).
2026,WEEK 2,Sunday Night Football,September 20th,IND,KC,4th Quarter,2,Indianapolis Colts,1,3,0,7 Yard Pass,2nd & 6 at IND 40,13:25 4th,— D.Jones pass short right to J.Taylor to IND 47 for 7 yards (N.Bolton).
2026,WEEK 2,Sunday Night Football,September 20th,IND,KC,4th Quarter,2,Indianapolis Colts,1,4,0,-1 Yard Run,1st & 10 at IND 47,12:40 4th Shotgun,— J.Taylor right guard to IND 46 for -1 yards (N.Williams).
2026,WEEK 2,Sunday Night Football,September 20th,IND,KC,4th Quarter,2,Indianapolis Colts,1,5,0,20 Yard Pass,2nd & 11 at IND 46,12:03 4th Shotgun,— D.Jones pass deep left to J.Downs ran ob at KC 34 for 20 yards (A.Gilman).
2026,WEEK 2,Sunday Night Football,September 20th,IND,KC,4th Quarter,2,Indianapolis Colts,1,6,0,1 Yard Run,1st & 10 at KC 34,11:29 4th,— J.Taylor right end to KC 33 for 1 yard (A.Gillotte).
2026,WEEK 2,Sunday Night Football,September 20th,IND,KC,4th Quarter,2,Indianapolis Colts,1,7,0,-2 Yard Pass,2nd & 9 at KC 33,10:49 4th,— D.Jones pass short right to T.Warren to KC 35 for -2 yards (J.Hicks).
2026,WEEK 2,Sunday Night Football,September 20th,IND,KC,4th Quarter,2,Indianapolis Colts,1,8,0,5 Yard Penalty,3rd & 11 at KC 35,10:01 4th Shotgun,"— PENALTY on KC-G.Karlaftis, Neutral Zone Infraction, 5 yards, enforced at KC 35 - No Play."
2026,WEEK 2,Sunday Night Football,September 20th,IND,KC,4th Quarter,2,Indianapolis Colts,1,9,0,5 Yard Pass,3rd & 6 at KC 30,09:38 4th Shotgun,"— D.Jones pass short left to K.Allen to KC 25 for 5 yards (K.Fulton) [R.Thomas]. Indianapolis challenged the short of the line to gain ruling, and the play was Upheld. The ruling on the field stands. (Timeout #1.)"
2026,WEEK 2,Sunday Night Football,September 20th,IND,KC,4th Quarter,2,Indianapolis Colts,1,10,0,3 Yard Run,4th & 1 at KC 25,09:07 4th,— D.Jones up the middle to KC 22 for 3 yards (G.Karlaftis; C.Jones).
2026,WEEK 2,Sunday Night Football,September 20th,IND,KC,4th Quarter,2,Indianapolis Colts,1,11,0,4 Yard Run,1st & 10 at KC 22,08:31 4th,— D.Burks right end to KC 18 for 4 yards (J.Hicks).
2026,WEEK 2,Sunday Night Football,September 20th,IND,KC,4th Quarter,2,Indianapolis Colts,1,12,0,0 Yard Run,2nd & 6 at KC 18,07:52 4th,— J.Taylor right end to KC 18 for no gain (N.Bolton).
2026,WEEK 2,Sunday Night Football,September 20th,IND,KC,4th Quarter,2,Indianapolis Colts,1,13,0,6 Yard Pass,3rd & 6 at KC 18,07:10 4th Shotgun,— D.Jones pass short middle to J.Downs to KC 12 for 6 yards (L.Sneed; N.Bolton).
2026,WEEK 2,Sunday Night Football,September 20th,IND,KC,4th Quarter,2,Indianapolis Colts,1,14,0,7 Yard Pass,1st & 10 at KC 12,06:23 4th,— D.Jones pass short left to T.Warren to KC 5 for 7 yards (J.Hicks; A.Gilman).
2026,WEEK 2,Sunday Night Football,September 20th,IND,KC,4th Quarter,2,Indianapolis Colts,1,15,1,Touchdown,2nd & 3 at KC 5,05:41 4th,"— J.Taylor left end for 5 yards, TOUCHDOWN."
2026,WEEK 2,Sunday Night Football,September 20th,IND,KC,4th Quarter,2,Indianapolis Colts,1,16,1,Extra Point,,05:37 4th,"— S.Shrader extra point is GOOD, Center-L.Rhodes, Holder-R.Sanchez."
2026,WEEK 2,Sunday Night Football,September 20th,IND,KC,4th Quarter,3,Kansas City Chiefs,0,1,0,Kickoff from IND 35,,Kickoff,— S.Shrader kicks 65 yards from IND 35 to KC 0. B.Smith to KC 26 for 26 yards (A.Ogletree).
2026,WEEK 2,Sunday Night Football,September 20th,IND,KC,4th Quarter,3,Kansas City Chiefs,0,2,0,9 Yard Pass,1st & 10 at KC 26,05:30 4th,— P.Mahomes pass short left to K.Walker to KC 35 for 9 yards (A.Gardner). ** Injury Update: IND-A.Gardner has returned to the game.
2026,WEEK 2,Sunday Night Football,September 20th,IND,KC,4th Quarter,3,Kansas City Chiefs,0,3,0,4 Yard Run,2nd & 1 at KC 35,04:57 4th Shotgun,— K.Walker up the middle to KC 39 for 4 yards (A.Davis-Gaither; G.Stewart).
2026,WEEK 2,Sunday Night Football,September 20th,IND,KC,4th Quarter,3,Kansas City Chiefs,0,4,0,Pass Incomplete,1st & 10 at KC 39,04:15 4th Shotgun,— P.Mahomes pass incomplete short right [A.Key].
2026,WEEK 2,Sunday Night Football,September 20th,IND,KC,4th Quarter,3,Kansas City Chiefs,0,5,0,3 Yard Pass,2nd & 10 at KC 39,04:09 4th Shotgun,— P.Mahomes pass short middle to K.Walker to KC 42 for 3 yards (A.Davis-Gaither).
2026,WEEK 2,Sunday Night Football,September 20th,IND,KC,4th Quarter,3,Kansas City Chiefs,0,6,0,Pass Incomplete,3rd & 7 at KC 42,03:28 4th Shotgun,— P.Mahomes pass incomplete short left to R.Rice (K.Gushiken).
2026,WEEK 2,Sunday Night Football,September 20th,IND,KC,4th Quarter,3,Kansas City Chiefs,0,7,0,Punt,4th & 7 at KC 42,03:22 4th,"— M.Araiza punts 40 yards to IND 18, Center-J.Winchester, out of bounds."
2026,WEEK 2,Sunday Night Football,September 20th,IND,KC,4th Quarter,4,Indianapolis Colts,0,1,0,14 Yard Pass,1st & 10 at IND 18,03:15 4th,— D.Jones pass short left to J.Taylor pushed ob at IND 32 for 14 yards (D.Tranquill).
2026,WEEK 2,Sunday Night Football,September 20th,IND,KC,4th Quarter,4,Indianapolis Colts,0,2,0,6 Yard Run,1st & 10 at IND 32,03:09 4th,— J.Taylor right end to IND 38 for 6 yards (N.Bolton).
2026,WEEK 2,Sunday Night Football,September 20th,IND,KC,4th Quarter,4,Indianapolis Colts,0,3,0,0 Yard Run,2nd & 4 at IND 38,02:31 4th,— J.Taylor up the middle to IND 38 for no gain (C.Jones).
2026,WEEK 2,Sunday Night Football,September 20th,IND,KC,4th Quarter,4,Indianapolis Colts,0,4,0,5 Yard Pass,3rd & 4 at IND 38,02:00 4th Shotgun,— D.Jones pass short right to J.Downs to IND 43 for 5 yards (N.Williams).
2026,WEEK 2,Sunday Night Football,September 20th,IND,KC,4th Quarter,4,Indianapolis Colts,0,5,0,6 Yard Run,1st & 10 at IND 43,01:24 4th,— J.Taylor up the middle to IND 49 for 6 yards (N.Bolton; D.Tranquill).
2026,WEEK 2,Sunday Night Football,September 20th,IND,KC,4th Quarter,4,Indianapolis Colts,0,6,0,Pass Incomplete,2nd & 4 at IND 49,00:43 4th,— D.Jones pass incomplete short right to T.Warren.
2026,WEEK 2,Sunday Night Football,September 20th,IND,KC,4th Quarter,4,Indianapolis Colts,0,7,0,Timeout,,00:40 4th,— Timeout #2 by IND at 00:40.
2026,WEEK 2,Sunday Night Football,September 20th,IND,KC,4th Quarter,4,Indianapolis Colts,0,8,0,Pass Incomplete,3rd & 4 at IND 49,00:40 4th Shotgun,— D.Jones pass incomplete short right [F.Anudike-Uzomah].
2026,WEEK 2,Sunday Night Football,September 20th,IND,KC,4th Quarter,4,Indianapolis Colts,0,9,0,Punt,4th & 4 at IND 49,00:34 4th,"— R.Sanchez punts 41 yards to KC 10, Center-L.Rhodes. N.Remigio to KC 16 for 6 yards (D.Burks; C.Taylor-Britt)."
2026,WEEK 2,Sunday Night Football,September 20th,IND,KC,4th Quarter,5,Kansas City Chiefs,0,1,0,Pass Incomplete,1st & 10 at KC 16,00:24 4th Shotgun,— P.Mahomes pass incomplete short right.
2026,WEEK 2,Sunday Night Football,September 20th,IND,KC,4th Quarter,5,Kansas City Chiefs,0,2,0,8 Yard Run,2nd & 10 at KC 16,00:22 4th Shotgun,— K.Walker up the middle to KC 24 for 8 yards (C.Bynum).
2026,WEEK 2,Sunday Night Football,September 20th,IND,KC,4th Quarter,5,Kansas City Chiefs,0,3,0,Timeout,,00:16 4th,— Timeout #1 by KC at 00:16.
2026,WEEK 2,Sunday Night Football,September 20th,IND,KC,4th Quarter,5,Kansas City Chiefs,0,4,0,5 Yard Run,3rd & 2 at KC 24,00:16 4th Shotgun,— K.Walker left guard to KC 29 for 5 yards (C.Bynum).
2026,WEEK 2,Sunday Night Football,September 20th,IND,KC,4th Quarter,5,Kansas City Chiefs,0,5,0,Timeout,,00:11 4th,— Timeout #2 by KC at 00:11.
2026,WEEK 2,Sunday Night Football,September 20th,IND,KC,4th Quarter,5,Kansas City Chiefs,0,6,0,17 Yard Pass,1st & 10 at KC 29,00:11 4th Shotgun,— P.Mahomes pass short right to T.Kelce to KC 46 for 17 yards (A.Davis-Gaither).
2026,WEEK 2,Sunday Night Football,September 20th,IND,KC,4th Quarter,5,Kansas City Chiefs,0,7,0,Timeout,,00:03 4th,— Timeout #3 by KC at 00:03.
2026,WEEK 2,Sunday Night Football,September 20th,IND,KC,4th Quarter,5,Kansas City Chiefs,0,8,0,Timeout,,00:03 4th,— Timeout #3 by IND at 00:03.
2026,WEEK 2,Sunday Night Football,September 20th,IND,KC,4th Quarter,5,Kansas City Chiefs,0,9,0,31 Yard Pass,1st & 10 at KC 46,00:03 4th Shotgun,— P.Mahomes pass short middle to R.Rice to IND 23 for 31 yards (C.Taylor-Britt; H.Wohler).
2026,WEEK 2,Sunday Night Football,September 20th,IND,KC,Overtime,1,Kansas City Chiefs,1,1,0,Kickoff from IND 35,,Kickoff,— S.Shrader kicks 64 yards from IND 35 to KC 1. B.Smith to KC 32 for 31 yards (J.Owens).
2026,WEEK 2,Sunday Night Football,September 20th,IND,KC,Overtime,1,Kansas City Chiefs,1,2,0,1 Yard Run,1st & 10 at KC 32,09:53 OT Shotgun,— K.Walker up the middle to KC 33 for 1 yard (G.Stewart; A.Key).
2026,WEEK 2,Sunday Night Football,September 20th,IND,KC,Overtime,1,Kansas City Chiefs,1,3,0,-3 Yard Sack,2nd & 9 at KC 33,09:18 OT,— P.Mahomes sacked at KC 30 for -3 yards (J.Tillery).
2026,WEEK 2,Sunday Night Football,September 20th,IND,KC,Overtime,1,Kansas City Chiefs,1,4,0,30 Yard Pass,3rd & 12 at KC 30,08:38 OT Shotgun,— P.Mahomes pass deep right to T.Thornton to IND 40 for 30 yards (H.Wohler).
2026,WEEK 2,Sunday Night Football,September 20th,IND,KC,Overtime,1,Kansas City Chiefs,1,5,0,Pass Incomplete,1st & 10 at IND 40,08:00 OT Shotgun,— P.Mahomes pass incomplete short right to T.Kelce.
2026,WEEK 2,Sunday Night Football,September 20th,IND,KC,Overtime,1,Kansas City Chiefs,1,6,0,11 Yard Pass,2nd & 10 at IND 40,07:57 OT Shotgun,— P.Mahomes pass short right to T.Kelce to IND 29 for 11 yards (B.Boettcher).
2026,WEEK 2,Sunday Night Football,September 20th,IND,KC,Overtime,1,Kansas City Chiefs,1,7,0,7 Yard Run,1st & 10 at IND 29,07:20 OT,— K.Walker left guard to IND 22 for 7 yards (B.Boettcher; H.Wohler).
2026,WEEK 2,Sunday Night Football,September 20th,IND,KC,Overtime,1,Kansas City Chiefs,1,8,0,-5 Yard Penalty,2nd & 3 at IND 22,06:49 OT,"— PENALTY on KC-J.Moore, False Start, 5 yards, enforced at IND 22 - No Play."
2026,WEEK 2,Sunday Night Football,September 20th,IND,KC,Overtime,1,Kansas City Chiefs,1,9,0,13 Yard Run,2nd & 8 at IND 27,06:49 OT Shotgun,— P.Mahomes scrambles left end to IND 14 for 13 yards (H.Wohler).
2026,WEEK 2,Sunday Night Football,September 20th,IND,KC,Overtime,1,Kansas City Chiefs,1,10,0,1 Yard Run,1st & 10 at IND 14,06:05 OT,— K.Walker right tackle to IND 13 for 1 yard (J.Tuimoloau; A.Davis-Gaither).
2026,WEEK 2,Sunday Night Football,September 20th,IND,KC,Overtime,1,Kansas City Chiefs,1,11,0,Pass Incomplete,2nd & 9 at IND 13,05:24 OT,— P.Mahomes pass incomplete short middle.
2026,WEEK 2,Sunday Night Football,September 20th,IND,KC,Overtime,1,Kansas City Chiefs,1,12,0,Pass Incomplete,3rd & 9 at IND 13,05:18 OT Shotgun,— P.Mahomes pass incomplete short right to K.Walker.
2026,WEEK 2,Sunday Night Football,September 20th,IND,KC,Overtime,1,Kansas City Chiefs,1,13,1,Field Goal,4th & 9 at IND 13,05:13 OT,"— H.Butker 31 yard field goal is GOOD, Center-J.Winchester, Holder-M.Araiza."
2026,WEEK 2,Sunday Night Football,September 20th,IND,KC,Overtime,2,Indianapolis Colts,1,1,0,Kickoff from KC 35,,Kickoff,— H.Butker kicks 58 yards from KC 35 to IND 7. A.Gould to IND 35 for 28 yards (C.Christiansen).
2026,WEEK 2,Sunday Night Football,September 20th,IND,KC,Overtime,2,Indianapolis Colts,1,2,0,48 Yard Pass,1st & 10 at IND 35,05:04 OT,"— D.Jones pass deep middle to L.Treadwell to KC 15 for 50 yards (N.Williams). FUMBLES (N.Williams), RECOVERED by KC-L.Sneed at KC 15. The Replay Official reviewed the runner was not down by contact ruling, and the play was REVERSED. D.Jones pass deep middle to L.Treadwell to KC 17 for 48 yards (L.Sneed)."
2026,WEEK 2,Sunday Night Football,September 20th,IND,KC,Overtime,2,Indianapolis Colts,1,3,0,-1 Yard Run,1st & 10 at KC 17,04:50 OT,— J.Taylor left end to KC 18 for -1 yards (D.Tranquill).
2026,WEEK 2,Sunday Night Football,September 20th,IND,KC,Overtime,2,Indianapolis Colts,1,4,0,-2 Yard Run,2nd & 11 at KC 18,04:05 OT Shotgun,— J.Taylor left guard to KC 20 for -2 yards (N.Bolton).
2026,WEEK 2,Sunday Night Football,September 20th,IND,KC,Overtime,2,Indianapolis Colts,1,5,0,5 Yard Run,3rd & 13 at KC 20,03:22 OT Shotgun,— D.Jones scrambles left end pushed ob at KC 15 for 5 yards (J.Hicks).
2026,WEEK 2,Sunday Night Football,September 20th,IND,KC,Overtime,2,Indianapolis Colts,1,6,0,Timeout,,03:15 OT,— Timeout #1 by IND at 03:15.
2026,WEEK 2,Sunday Night Football,September 20th,IND,KC,Overtime,2,Indianapolis Colts,1,7,0,-5 Yard Penalty,4th & 8 at KC 15,03:15 OT Shotgun,"— PENALTY on IND, Delay of Game, 5 yards, enforced at KC 15 - No Play."
2026,WEEK 2,Sunday Night Football,September 20th,IND,KC,Overtime,2,Indianapolis Colts,1,8,1,Field Goal,4th & 13 at KC 20,03:15 OT,"— S.Shrader 38 yard field goal is GOOD, Center-L.Rhodes, Holder-R.Sanchez."
2026,WEEK 2,Sunday Night Football,September 20th,IND,KC,Overtime,3,Kansas City Chiefs,1,1,0,Kickoff from IND 35,,Kickoff,— S.Shrader kicks 58 yards from IND 35 to KC 7. B.Smith to KC 32 for 25 yards (H.Wohler; L.Treadwell).
2026,WEEK 2,Sunday Night Football,September 20th,IND,KC,Overtime,3,Kansas City Chiefs,1,2,0,9 Yard Run,1st & 10 at KC 32,03:06 OT Shotgun,— K.Walker up the middle to KC 41 for 9 yards (C.Bynum; D.Buckner).
2026,WEEK 2,Sunday Night Football,September 20th,IND,KC,Overtime,3,Kansas City Chiefs,1,3,0,4 Yard Run,2nd & 1 at KC 41,02:29 OT,— K.Walker left end to KC 45 for 4 yards (J.Walley).
2026,WEEK 2,Sunday Night Football,September 20th,IND,KC,Overtime,3,Kansas City Chiefs,1,4,0,5 Yard Run,1st & 10 at KC 45,02:00 OT Shotgun,— K.Walker up the middle to 50 for 5 yards (H.Wohler; D.Buckner).
2026,WEEK 2,Sunday Night Football,September 20th,IND,KC,Overtime,3,Kansas City Chiefs,1,5,0,4 Yard Run,2nd & 5 at 50,"01:39 OT No Huddle, Shotgun",— P.Mahomes scrambles right end to IND 46 for 4 yards (G.Stewart).
2026,WEEK 2,Sunday Night Football,September 20th,IND,KC,Overtime,3,Kansas City Chiefs,1,6,0,Timeout,,01:30 OT,— Timeout #2 by IND at 01:30.
2026,WEEK 2,Sunday Night Football,September 20th,IND,KC,Overtime,3,Kansas City Chiefs,1,7,0,22 Yard Pass,3rd & 1 at IND 46,01:30 OT,— P.Mahomes pass short left to K.Walker to IND 24 for 22 yards (C.Bynum).
2026,WEEK 2,Sunday Night Football,September 20th,IND,KC,Overtime,3,Kansas City Chiefs,1,8,0,Timeout,,00:42 OT,— Timeout #1 by KC at 00:42.
2026,WEEK 2,Sunday Night Football,September 20th,IND,KC,Overtime,3,Kansas City Chiefs,1,9,0,2 Yard Run,1st & 10 at IND 24,00:42 OT Shotgun,— H.Nourzad and K.Tonga reported in as eligible. K.Walker left guard to IND 22 for 2 yards (L.Latu; C.Bynum).
2026,WEEK 2,Sunday Night Football,September 20th,IND,KC,Overtime,3,Kansas City Chiefs,1,10,0,Timeout,,00:01 OT,— Timeout #2 by KC at 00:01.
2026,WEEK 2,Sunday Night Football,September 20th,IND,KC,Overtime,3,Kansas City Chiefs,1,11,1,Field Goal,2nd & 8 at IND 22,00:01 OT,"— H.Butker 40 yard field goal is GOOD, Center-J.Winchester, Holder-M.Araiza."
2026,WEEK 2,Monday Night Football,September 21st,NYG,LAR,1st Quarter,1,New York Giants,0,1,0,Kickoff from LAR 35,,Kickoff,— H.Mevis kicks 63 yards from LAR 35 to NYG 2. B.Berrios pushed ob at NYG 30 for 28 yards (Q.Lake).
2026,WEEK 2,Monday Night Football,September 21st,NYG,LAR,1st Quarter,1,New York Giants,0,2,0,4 Yard Run,1st & 10 at NYG 30,14:54 1st,— C.Skattebo left tackle to NYG 34 for 4 yards (T.McDuffie).
2026,WEEK 2,Monday Night Football,September 21st,NYG,LAR,1st Quarter,1,New York Giants,0,3,0,3 Yard Run,2nd & 6 at NYG 34,14:09 1st No Huddle,— C.Skattebo right guard to NYG 37 for 3 yards (N.Landman).
2026,WEEK 2,Monday Night Football,September 21st,NYG,LAR,1st Quarter,1,New York Giants,0,4,0,4 Yard Pass,3rd & 3 at NYG 37,13:27 1st Shotgun,— J.Dart pass short middle to I.Likely to NYG 41 for 4 yards (Q.Lake).
2026,WEEK 2,Monday Night Football,September 21st,NYG,LAR,1st Quarter,1,New York Giants,0,5,0,14 Yard Pass,1st & 10 at NYG 41,12:42 1st,— J.Dart pass short left to M.Fields to LAR 45 for 14 yards (J.Watson).
2026,WEEK 2,Monday Night Football,September 21st,NYG,LAR,1st Quarter,1,New York Giants,0,6,0,Pass Incomplete,1st & 10 at LAR 45,12:08 1st Shotgun,— J.Dart pass incomplete short right to T.Johnson (Q.Lake).
2026,WEEK 2,Monday Night Football,September 21st,NYG,LAR,1st Quarter,1,New York Giants,0,7,0,2 Yard Pass,2nd & 10 at LAR 45,12:05 1st Shotgun,— J.Dart pass short left to C.Skattebo pushed ob at LAR 43 for 2 yards (K.Curl).
2026,WEEK 2,Monday Night Football,September 21st,NYG,LAR,1st Quarter,1,New York Giants,0,8,0,Pass Incomplete,3rd & 8 at LAR 43,11:28 1st Shotgun,— J.Dart pass incomplete deep left to T.Johnson (K.Curl) [B.Young]. NYG-J.Dart was injured during the play.
2026,WEEK 2,Monday Night Football,September 21st,NYG,LAR,1st Quarter,1,New York Giants,0,9,0,Punt,4th & 8 at LAR 43,11:20 1st,"— J.Stout punts 33 yards to LAR 10, Center-B.Mann, fair catch by X.Smith."
2026,WEEK 2,Monday Night Football,September 21st,NYG,LAR,1st Quarter,2,Los Angeles Rams,0,1,0,3 Yard Run,1st & 10 at LAR 10,11:12 1st,— K.Williams up the middle to LAR 13 for 3 yards (D.Reader).
2026,WEEK 2,Monday Night Football,September 21st,NYG,LAR,1st Quarter,2,Los Angeles Rams,0,2,0,2 Yard Pass,2nd & 7 at LAR 13,10:40 1st Shotgun,— M.Stafford pass short left to K.Williams to LAR 15 for 2 yards (C.Hood).
2026,WEEK 2,Monday Night Football,September 21st,NYG,LAR,1st Quarter,2,Los Angeles Rams,0,3,0,Pass Incomplete,3rd & 5 at LAR 15,10:02 1st Shotgun,— M.Stafford pass incomplete short right to D.Adams (G.Newsome).
2026,WEEK 2,Monday Night Football,September 21st,NYG,LAR,1st Quarter,2,Los Angeles Rams,0,4,0,Punt,4th & 5 at LAR 15,09:58 1st,"— E.Evans punts 38 yards to NYG 47, Center-J.Cardona, fair catch by B.Berrios."
2026,WEEK 2,Monday Night Football,September 21st,NYG,LAR,1st Quarter,3,New York Giants,0,1,0,2 Yard Run,1st & 10 at NYG 47,09:51 1st,— C.Skattebo up the middle to NYG 49 for 2 yards (P.Ford; O.Speights).
2026,WEEK 2,Monday Night Football,September 21st,NYG,LAR,1st Quarter,3,New York Giants,0,2,0,6 Yard Run,2nd & 8 at NYG 49,09:10 1st Shotgun,— D.Singletary up the middle to LAR 45 for 6 yards (J.Watson; O.Speights).
2026,WEEK 2,Monday Night Football,September 21st,NYG,LAR,1st Quarter,3,New York Giants,0,3,0,5 Yard Run,3rd & 2 at LAR 45,08:33 1st Shotgun,— C.Skattebo up the middle to LAR 40 for 5 yards (Q.Lake; N.Landman).
2026,WEEK 2,Monday Night Football,September 21st,NYG,LAR,1st Quarter,3,New York Giants,0,4,0,Pass Incomplete,1st & 10 at LAR 40,07:50 1st,— J.Winston pass incomplete short left to T.Johnson [K.Turner].
2026,WEEK 2,Monday Night Football,September 21st,NYG,LAR,1st Quarter,3,New York Giants,0,5,0,1 Yard Run,2nd & 10 at LAR 40,07:46 1st Shotgun,— D.Singletary up the middle to LAR 39 for 1 yard (B.Young; K.Turner).
2026,WEEK 2,Monday Night Football,September 21st,NYG,LAR,1st Quarter,3,New York Giants,0,6,0,5 Yard Penalty,3rd & 9 at LAR 39,07:06 1st Shotgun,"— J.Winston pass incomplete short right to D.Mooney [B.Young]. PENALTY on LAR-J.Wallace, Defensive Pass Interference, 5 yards, enforced at LAR 39 - No Play."
2026,WEEK 2,Monday Night Football,September 21st,NYG,LAR,1st Quarter,3,New York Giants,0,7,0,-10 Yard Penalty,1st & 10 at LAR 34,07:02 1st Shotgun,"— C.Skattebo left end pushed ob at LAR 31 for 3 yards (N.Landman; J.Watson). PENALTY on NYG-J.Runyan, Offensive Holding, 10 yards, enforced at LAR 34 - No Play."
2026,WEEK 2,Monday Night Football,September 21st,NYG,LAR,1st Quarter,3,New York Giants,0,8,0,1 Yard Pass,1st & 20 at LAR 44,06:37 1st Shotgun,— J.Winston pass short left to M.Nabers to LAR 43 for 1 yard (J.Wallace).
2026,WEEK 2,Monday Night Football,September 21st,NYG,LAR,1st Quarter,3,New York Giants,0,9,0,Pass Incomplete,2nd & 19 at LAR 43,05:50 1st Shotgun,— J.Winston pass incomplete short middle to I.Likely (Q.Lake).
2026,WEEK 2,Monday Night Football,September 21st,NYG,LAR,1st Quarter,3,New York Giants,0,10,0,Pass Incomplete,3rd & 19 at LAR 43,05:46 1st Shotgun,— J.Winston pass incomplete short left to D.Singletary.
2026,WEEK 2,Monday Night Football,September 21st,NYG,LAR,1st Quarter,3,New York Giants,0,11,0,Punt,4th & 19 at LAR 43,05:43 1st,"— J.Stout punts 43 yards to end zone, Center-B.Mann, Touchback."
2026,WEEK 2,Monday Night Football,September 21st,NYG,LAR,1st Quarter,4,Los Angeles Rams,1,1,0,1 Yard Run,1st & 10 at LAR 20,05:35 1st,— B.Corum right tackle to LAR 21 for 1 yard (T.Edmunds; T.Nubin).
2026,WEEK 2,Monday Night Football,September 21st,NYG,LAR,1st Quarter,4,Los Angeles Rams,1,2,0,8 Yard Pass,2nd & 9 at LAR 21,04:54 1st Shotgun,— M.Stafford pass short right to T.Ferguson to LAR 29 for 8 yards (A.Reese).
2026,WEEK 2,Monday Night Football,September 21st,NYG,LAR,1st Quarter,4,Los Angeles Rams,1,3,0,2 Yard Run,3rd & 1 at LAR 29,04:23 1st Shotgun,— B.Corum up the middle to LAR 31 for 2 yards (C.Golston).
2026,WEEK 2,Monday Night Football,September 21st,NYG,LAR,1st Quarter,4,Los Angeles Rams,1,4,0,7 Yard Pass,1st & 10 at LAR 31,03:42 1st,— M.Stafford pass short left to C.Parkinson to LAR 38 for 7 yards (A.Phillips).
2026,WEEK 2,Monday Night Football,September 21st,NYG,LAR,1st Quarter,4,Los Angeles Rams,1,5,0,19 Yard Pass,2nd & 3 at LAR 38,02:59 1st,— M.Stafford pass deep left to D.Adams to NYG 43 for 19 yards (A.Washington).
2026,WEEK 2,Monday Night Football,September 21st,NYG,LAR,1st Quarter,4,Los Angeles Rams,1,6,0,16 Yard Run,1st & 10 at NYG 43,02:14 1st,— B.Corum up the middle to NYG 27 for 16 yards (T.Nubin; J.Holland).
2026,WEEK 2,Monday Night Football,September 21st,NYG,LAR,1st Quarter,4,Los Angeles Rams,1,7,0,-10 Yard Penalty,1st & 10 at NYG 27,01:33 1st,"— M.Stafford scrambles right end to NYG 25 for 2 yards (K.Thibodeaux). PENALTY on LAR-C.Parkinson, Offensive Holding, 10 yards, enforced at NYG 27 - No Play."
2026,WEEK 2,Monday Night Football,September 21st,NYG,LAR,1st Quarter,4,Los Angeles Rams,1,8,0,6 Yard Pass,1st & 20 at NYG 37,00:58 1st Shotgun,— M.Stafford pass short left to T.Ferguson to NYG 31 for 6 yards (T.Nubin).
2026,WEEK 2,Monday Night Football,September 21st,NYG,LAR,1st Quarter,4,Los Angeles Rams,1,9,1,Touchdown,2nd & 14 at NYG 31,00:19 1st Shotgun,"— M.Stafford pass short middle to D.Adams for 31 yards, TOUCHDOWN."
2026,WEEK 2,Monday Night Football,September 21st,NYG,LAR,1st Quarter,4,Los Angeles Rams,1,10,1,Extra Point,,00:11 1st,"— H.Mevis extra point is GOOD, Center-J.Cardona, Holder-E.Evans."
2026,WEEK 2,Monday Night Football,September 21st,NYG,LAR,2nd Quarter,1,New York Giants,0,1,0,Kickoff from LAR 35,,Kickoff,— H.Mevis kicks 63 yards from LAR 35 to NYG 2. B.Berrios to NYG 27 for 25 yards (O.Speights).
2026,WEEK 2,Monday Night Football,September 21st,NYG,LAR,2nd Quarter,1,New York Giants,0,2,0,Pass Incomplete,1st & 10 at NYG 27,00:06 1st Shotgun,— J.Winston pass incomplete short left to M.Nabers (T.McDuffie). NYG-M.Nabers was injured during the play.
2026,WEEK 2,Monday Night Football,September 21st,NYG,LAR,2nd Quarter,1,New York Giants,0,3,0,1 Yard Run,2nd & 10 at NYG 27,00:01 1st Shotgun,— C.Skattebo right tackle to NYG 28 for 1 yard (N.Landman; D.Johnson).
2026,WEEK 2,Monday Night Football,September 21st,NYG,LAR,2nd Quarter,1,New York Giants,0,4,0,Pass Incomplete,3rd & 9 at NYG 28,15:00 2nd Shotgun,— J.Winston pass incomplete deep middle to M.Fields (J.Watson) [J.McCollough].
2026,WEEK 2,Monday Night Football,September 21st,NYG,LAR,2nd Quarter,1,New York Giants,0,5,0,Punt,4th & 9 at NYG 28,14:48 2nd,"— J.Stout punts 61 yards to LAR 11, Center-B.Mann. X.Smith to LAR 22 for 11 yards (Z.Barnes)."
2026,WEEK 2,Monday Night Football,September 21st,NYG,LAR,2nd Quarter,2,Los Angeles Rams,1,1,0,-10 Yard Penalty,1st & 10 at LAR 22,14:35 2nd,"— K.Williams left end to LAR 26 for 4 yards (A.Reese). PENALTY on LAR-K.Mumpfield, Offensive Holding, 10 yards, enforced at LAR 22 - No Play."
2026,WEEK 2,Monday Night Football,September 21st,NYG,LAR,2nd Quarter,2,Los Angeles Rams,1,2,0,4 Yard Pass,1st & 20 at LAR 12,14:18 2nd Shotgun,— M.Stafford pass short right to D.Adams to LAR 16 for 4 yards (A.Reese).
2026,WEEK 2,Monday Night Football,September 21st,NYG,LAR,2nd Quarter,2,Los Angeles Rams,1,3,0,6 Yard Pass,2nd & 16 at LAR 16,13:36 2nd Shotgun,— M.Stafford pass short right to T.Ferguson to LAR 22 for 6 yards (T.Nubin) [B.Burns].
2026,WEEK 2,Monday Night Football,September 21st,NYG,LAR,2nd Quarter,2,Los Angeles Rams,1,4,0,64 Yard Pass,3rd & 10 at LAR 22,12:50 2nd Shotgun,— M.Stafford pass deep right to D.Adams to NYG 14 for 64 yards (J.Holland).
2026,WEEK 2,Monday Night Football,September 21st,NYG,LAR,2nd Quarter,2,Los Angeles Rams,1,5,0,Timeout,,12:01 2nd,— Timeout #1 by LAR at 12:01.
2026,WEEK 2,Monday Night Football,September 21st,NYG,LAR,2nd Quarter,2,Los Angeles Rams,1,6,0,4 Yard Run,1st & 10 at NYG 14,12:01 2nd,— K.Williams up the middle to NYG 10 for 4 yards (C.Golston).
2026,WEEK 2,Monday Night Football,September 21st,NYG,LAR,2nd Quarter,2,Los Angeles Rams,1,7,0,Pass Incomplete,2nd & 6 at NYG 10,11:18 2nd,— M.Stafford pass incomplete short right to X.Smith.
2026,WEEK 2,Monday Night Football,September 21st,NYG,LAR,2nd Quarter,2,Los Angeles Rams,1,8,1,Touchdown,3rd & 6 at NYG 10,11:13 2nd Shotgun,"— M.Stafford pass short left to K.Williams for 10 yards, TOUCHDOWN."
2026,WEEK 2,Monday Night Football,September 21st,NYG,LAR,2nd Quarter,2,Los Angeles Rams,1,9,1,Extra Point,,11:07 2nd,"— H.Mevis extra point is GOOD, Center-J.Cardona, Holder-E.Evans."
2026,WEEK 2,Monday Night Football,September 21st,NYG,LAR,2nd Quarter,3,New York Giants,0,1,0,Kickoff from LAR 35,,Kickoff,— H.Mevis kicks 57 yards from LAR 35 to NYG 8. T.Tracy to NYG 34 for 26 yards (O.Speights; H.Mevis).
2026,WEEK 2,Monday Night Football,September 21st,NYG,LAR,2nd Quarter,3,New York Giants,0,2,0,2 Yard Run,1st & 10 at NYG 34,11:01 2nd,— N.Harris left guard to NYG 36 for 2 yards (P.Ford). ** Injury Update: NYG-M.Nabers has returned to the game.
2026,WEEK 2,Monday Night Football,September 21st,NYG,LAR,2nd Quarter,3,New York Giants,0,3,0,33 Yard Pass,2nd & 8 at NYG 36,10:20 2nd,— J.Winston pass deep left to D.Mooney pushed ob at LAR 31 for 33 yards (K.Curl) [D.Johnson].
2026,WEEK 2,Monday Night Football,September 21st,NYG,LAR,2nd Quarter,3,New York Giants,0,4,0,4 Yard Run,1st & 10 at LAR 31,09:40 2nd,— N.Harris right tackle to LAR 27 for 4 yards (N.Landman).
2026,WEEK 2,Monday Night Football,September 21st,NYG,LAR,2nd Quarter,3,New York Giants,0,5,0,5 Yard Pass,2nd & 6 at LAR 27,09:08 2nd Shotgun,— J.Winston pass short middle to I.Likely to LAR 22 for 5 yards (J.Watson).
2026,WEEK 2,Monday Night Football,September 21st,NYG,LAR,2nd Quarter,3,New York Giants,0,6,0,0 Yard Run,3rd & 1 at LAR 22,08:29 2nd,— J.Winston up the middle to LAR 22 for no gain (P.Ford; K.Turner).
2026,WEEK 2,Monday Night Football,September 21st,NYG,LAR,2nd Quarter,3,New York Giants,0,7,0,1 Yard Run,4th & 1 at LAR 22,07:46 2nd,"— J.Winston right guard to LAR 21 for 1 yard (A.Donald; B.Young). (Virtual Measurement). Los Angeles Rams challenged the first down ruling, and the play was Upheld. The ruling on the field stands. (Timeout #2.)"
2026,WEEK 2,Monday Night Football,September 21st,NYG,LAR,2nd Quarter,3,New York Giants,0,8,0,Pass Incomplete,1st & 10 at LAR 21,07:16 2nd,— J.Winston pass incomplete deep left to T.Johnson.
2026,WEEK 2,Monday Night Football,September 21st,NYG,LAR,2nd Quarter,3,New York Giants,0,9,0,3 Yard Run,2nd & 10 at LAR 21,07:11 2nd Shotgun,— C.Skattebo right guard to LAR 18 for 3 yards (K.Turner).
2026,WEEK 2,Monday Night Football,September 21st,NYG,LAR,2nd Quarter,3,New York Giants,0,10,0,Interception,3rd & 7 at LAR 18,06:31 2nd Shotgun,— J.Winston pass deep middle intended for M.Nabers INTERCEPTED by T.McDuffie [B.Young] at LAR -1. T.McDuffie to LAR 21 for 22 yards (T.Johnson).
2026,WEEK 2,Monday Night Football,September 21st,NYG,LAR,2nd Quarter,4,Los Angeles Rams,0,1,0,5 Yard Run,1st & 10 at LAR 21,06:21 2nd,— B.Corum right guard to LAR 26 for 5 yards (C.Golston).
2026,WEEK 2,Monday Night Football,September 21st,NYG,LAR,2nd Quarter,4,Los Angeles Rams,0,2,0,Interception,2nd & 5 at LAR 26,05:37 2nd,— M.Stafford pass deep left intended for D.Adams INTERCEPTED by J.Holland at NYG 29. J.Holland to NYG 29 for no gain (D.Adams).
2026,WEEK 2,Monday Night Football,September 21st,NYG,LAR,2nd Quarter,5,New York Giants,0,1,0,19 Yard Pass,1st & 10 at NYG 29,05:27 2nd,— J.Winston pass short right to C.Skattebo pushed ob at NYG 48 for 19 yards (Q.Lake).
2026,WEEK 2,Monday Night Football,September 21st,NYG,LAR,2nd Quarter,5,New York Giants,0,2,0,Sack,1st & 10 at NYG 48,04:45 2nd,— J.Winston sacked at NYG 48 for 0 yards (W.Bailey).
2026,WEEK 2,Monday Night Football,September 21st,NYG,LAR,2nd Quarter,5,New York Giants,0,3,0,2 Yard Run,2nd & 10 at NYG 48,04:06 2nd,— D.Singletary up the middle to 50 for 2 yards (N.Landman; A.Donald).
2026,WEEK 2,Monday Night Football,September 21st,NYG,LAR,2nd Quarter,5,New York Giants,0,4,0,Pass Incomplete,3rd & 8 at 50,03:24 2nd Shotgun,— J.Winston pass incomplete short left to D.Mooney.
2026,WEEK 2,Monday Night Football,September 21st,NYG,LAR,2nd Quarter,5,New York Giants,0,5,0,Punt,4th & 8 at 50,03:21 2nd,"— J.Stout punts 42 yards to LAR 8, Center-B.Mann. X.Smith to LAR 6 for -2 yards (M.Fields)."
2026,WEEK 2,Monday Night Football,September 21st,NYG,LAR,2nd Quarter,6,Los Angeles Rams,0,1,0,Fumble,1st & 10 at LAR 6,03:11 2nd,"— K.Williams up the middle to LAR 11 for 5 yards (J.Holland; A.Reese). FUMBLES (J.Holland), RECOVERED by NYG-J.Holland at LAR 11."
2026,WEEK 2,Monday Night Football,September 21st,NYG,LAR,2nd Quarter,7,New York Giants,1,1,0,5 Yard Penalty,1st & 10 at LAR 11,03:06 2nd,"— T.Tracy left tackle to LAR 14 for -3 yards (O.Speights). PENALTY on LAR-B.Fiske, Defensive Offside, 5 yards, enforced at LAR 11 - No Play."
2026,WEEK 2,Monday Night Football,September 21st,NYG,LAR,2nd Quarter,7,New York Giants,1,2,0,0 Yard Run,1st & 5 at LAR 6,02:38 2nd,— C.Skattebo up the middle to LAR 6 for no gain (J.Stewart; P.Ford).
2026,WEEK 2,Monday Night Football,September 21st,NYG,LAR,2nd Quarter,7,New York Giants,1,3,0,3 Yard Run,2nd & 5 at LAR 6,02:00 2nd,— N.Harris left tackle to LAR 3 for 3 yards (Q.Lake).
2026,WEEK 2,Monday Night Football,September 21st,NYG,LAR,2nd Quarter,7,New York Giants,1,4,0,Timeout,,01:21 2nd,— Timeout #3 by LAR at 01:21.
2026,WEEK 2,Monday Night Football,September 21st,NYG,LAR,2nd Quarter,7,New York Giants,1,5,0,-3 Yard Run,3rd & 2 at LAR 3,01:21 2nd Shotgun,— N.Harris up the middle to LAR 6 for -3 yards (A.Donald).
2026,WEEK 2,Monday Night Football,September 21st,NYG,LAR,2nd Quarter,7,New York Giants,1,6,1,Field Goal,4th & 5 at LAR 6,00:29 2nd,"— D.Zvada 24 yard field goal is GOOD, Center-B.Mann, Holder-J.Stout."
2026,WEEK 2,Monday Night Football,September 21st,NYG,LAR,2nd Quarter,8,Los Angeles Rams,0,1,0,Kickoff from NYG 35,,Kickoff,"— D.Zvada kicks 65 yards from NYG 35 to end zone, Touchback to the LAR 35."
2026,WEEK 2,Monday Night Football,September 21st,NYG,LAR,2nd Quarter,8,Los Angeles Rams,0,2,0,13 Yard Run,1st & 10 at LAR 35,00:25 2nd Shotgun,— K.Williams right guard pushed ob at LAR 48 for 13 yards (G.Newsome).
2026,WEEK 2,Monday Night Football,September 21st,NYG,LAR,2nd Quarter,8,Los Angeles Rams,0,3,0,27 Yard Pass,1st & 10 at LAR 48,00:19 2nd Shotgun,— M.Stafford pass deep right to D.Adams to NYG 25 for 27 yards (G.Newsome).
2026,WEEK 2,Monday Night Football,September 21st,NYG,LAR,2nd Quarter,8,Los Angeles Rams,0,4,0,Pass Incomplete,1st & 10 at NYG 25,00:03 2nd No Huddle,— M.Stafford spiked the ball to stop the clock.
2026,WEEK 2,Monday Night Football,September 21st,NYG,LAR,2nd Quarter,8,Los Angeles Rams,0,5,0,Field Goal No Good,2nd & 10 at NYG 25,00:02 2nd,"— H.Mevis 43 yard field goal is No Good, Wide Left, Center-J.Cardona, Holder-E.Evans."
2026,WEEK 2,Monday Night Football,September 21st,NYG,LAR,3rd Quarter,1,Los Angeles Rams,0,1,0,Kickoff from NYG 35,,Kickoff,"— D.Zvada kicks 60 yards from NYG 35 to LAR 5. X.Smith MUFFS catch, and recovers at LAR 4. X.Smith to LAR 11 for 7 yards (T.Tracy; E.Campbell)."
2026,WEEK 2,Monday Night Football,September 21st,NYG,LAR,3rd Quarter,1,Los Angeles Rams,0,2,0,3 Yard Run,1st & 10 at LAR 11,14:54 3rd,— B.Corum right tackle to LAR 14 for 3 yards (A.Carter; J.Holland).
2026,WEEK 2,Monday Night Football,September 21st,NYG,LAR,3rd Quarter,1,Los Angeles Rams,0,3,0,19 Yard Pass,2nd & 7 at LAR 14,14:14 3rd,— M.Stafford pass deep left to T.Atwell ran ob at LAR 33 for 19 yards.
2026,WEEK 2,Monday Night Football,September 21st,NYG,LAR,3rd Quarter,1,Los Angeles Rams,0,4,0,Pass Incomplete,1st & 10 at LAR 33,13:38 3rd,— M.Stafford pass incomplete deep left to T.Atwell.
2026,WEEK 2,Monday Night Football,September 21st,NYG,LAR,3rd Quarter,1,Los Angeles Rams,0,5,0,Pass Incomplete,2nd & 10 at LAR 33,13:32 3rd Shotgun,— M.Stafford pass incomplete short left to T.Ferguson.
2026,WEEK 2,Monday Night Football,September 21st,NYG,LAR,3rd Quarter,1,Los Angeles Rams,0,6,0,Pass Incomplete,3rd & 10 at LAR 33,13:28 3rd Shotgun,— M.Stafford pass incomplete deep right to K.Mumpfield.
2026,WEEK 2,Monday Night Football,September 21st,NYG,LAR,3rd Quarter,1,Los Angeles Rams,0,7,0,Punt,4th & 10 at LAR 33,13:22 3rd,"— E.Evans punts 67 yards to end zone, Center-J.Cardona, Touchback."
2026,WEEK 2,Monday Night Football,September 21st,NYG,LAR,3rd Quarter,2,New York Giants,0,1,0,1 Yard Run,1st & 10 at NYG 20,13:14 3rd,— C.Skattebo left end to NYG 21 for 1 yard (B.Young).
2026,WEEK 2,Monday Night Football,September 21st,NYG,LAR,3rd Quarter,2,New York Giants,0,2,0,13 Yard Pass,2nd & 9 at NYG 21,12:37 3rd,"— J.Winston pass short left to I.Likely to NYG 34 for 13 yards (K.Curl). Penalty on LAR-J.Watson, Illegal Contact, declined."
2026,WEEK 2,Monday Night Football,September 21st,NYG,LAR,3rd Quarter,2,New York Giants,0,3,0,5 Yard Run,1st & 10 at NYG 34,12:00 3rd,— C.Skattebo up the middle to NYG 39 for 5 yards (B.Young).
2026,WEEK 2,Monday Night Football,September 21st,NYG,LAR,3rd Quarter,2,New York Giants,0,4,0,-5 Yard Penalty,2nd & 5 at NYG 39,11:22 3rd,"— PENALTY on NYG-T.Johnson, False Start, 5 yards, enforced at NYG 39 - No Play."
2026,WEEK 2,Monday Night Football,September 21st,NYG,LAR,3rd Quarter,2,New York Giants,0,5,0,-2 Yard Pass,2nd & 10 at NYG 34,10:57 3rd Shotgun,— J.Winston pass short left to C.Skattebo to NYG 32 for -2 yards (N.Landman).
2026,WEEK 2,Monday Night Football,September 21st,NYG,LAR,3rd Quarter,2,New York Giants,0,6,0,Pass Incomplete,3rd & 12 at NYG 32,10:16 3rd Shotgun,— J.Winston pass incomplete deep right to M.Nabers (T.McDuffie).
2026,WEEK 2,Monday Night Football,September 21st,NYG,LAR,3rd Quarter,2,New York Giants,0,7,0,Punt,4th & 12 at NYG 32,10:07 3rd,"— J.Stout punts 58 yards to LAR 10, Center-B.Mann. X.Smith to LAR 14 for 4 yards (E.Campbell)."
2026,WEEK 2,Monday Night Football,September 21st,NYG,LAR,3rd Quarter,3,Los Angeles Rams,1,1,0,5 Yard Run,1st & 10 at LAR 14,09:56 3rd Shotgun,— K.Williams up the middle to LAR 19 for 5 yards (B.Okoye; A.Reese).
2026,WEEK 2,Monday Night Football,September 21st,NYG,LAR,3rd Quarter,3,Los Angeles Rams,1,2,0,16 Yard Pass,2nd & 5 at LAR 19,09:29 3rd Shotgun,— M.Stafford pass short left to D.Adams to LAR 35 for 16 yards (G.Newsome).
2026,WEEK 2,Monday Night Football,September 21st,NYG,LAR,3rd Quarter,3,Los Angeles Rams,1,3,0,-9 Yard Sack,1st & 10 at LAR 35,08:53 3rd,— M.Stafford sacked at LAR 26 for -9 yards (A.Carter).
2026,WEEK 2,Monday Night Football,September 21st,NYG,LAR,3rd Quarter,3,Los Angeles Rams,1,4,0,20 Yard Pass,2nd & 19 at LAR 26,08:11 3rd Shotgun,— M.Stafford pass short middle to T.Ferguson to LAR 46 for 20 yards (A.Reese; T.Edmunds).
2026,WEEK 2,Monday Night Football,September 21st,NYG,LAR,3rd Quarter,3,Los Angeles Rams,1,5,0,23 Yard Pass,1st & 10 at LAR 46,"07:43 3rd No Huddle, Shotgun",— M.Stafford pass deep left to D.Adams pushed ob at NYG 31 for 23 yards (T.Nubin).
2026,WEEK 2,Monday Night Football,September 21st,NYG,LAR,3rd Quarter,3,Los Angeles Rams,1,6,0,20 Yard Run,1st & 10 at NYG 31,07:07 3rd,— K.Williams right end pushed ob at NYG 11 for 20 yards (J.Holland).
2026,WEEK 2,Monday Night Football,September 21st,NYG,LAR,3rd Quarter,3,Los Angeles Rams,1,7,1,Touchdown,1st & 10 at NYG 11,06:25 3rd,"— M.Stafford pass short left to D.Adams for 11 yards, TOUCHDOWN."
2026,WEEK 2,Monday Night Football,September 21st,NYG,LAR,3rd Quarter,3,Los Angeles Rams,1,8,1,Extra Point,,06:21 3rd,"— H.Mevis extra point is GOOD, Center-J.Cardona, Holder-E.Evans."
2026,WEEK 2,Monday Night Football,September 21st,NYG,LAR,3rd Quarter,4,New York Giants,1,1,0,Kickoff from LAR 35,,Kickoff,"— H.Mevis kicks 57 yards from LAR 35 to NYG 8. T.Tracy pushed ob at NYG 34 for 26 yards (J.Wallace). PENALTY on LAR-T.Ingle, Unnecessary Roughness, 15 yards, enforced at NYG 34."
2026,WEEK 2,Monday Night Football,September 21st,NYG,LAR,3rd Quarter,4,New York Giants,1,2,0,2 Yard Run,1st & 10 at NYG 49,06:17 3rd Shotgun,— C.Skattebo up the middle to LAR 49 for 2 yards (N.Landman; O.Speights).
2026,WEEK 2,Monday Night Football,September 21st,NYG,LAR,3rd Quarter,4,New York Giants,1,3,0,Pass Incomplete,2nd & 8 at LAR 49,"05:54 3rd No Huddle, Shotgun",— J.Winston pass incomplete short right to I.Likely (T.McDuffie).
2026,WEEK 2,Monday Night Football,September 21st,NYG,LAR,3rd Quarter,4,New York Giants,1,4,0,15 Yard Pass,3rd & 8 at LAR 49,05:50 3rd Shotgun,— J.Winston pass short middle to D.Mooney to LAR 34 for 15 yards (J.Wallace).
2026,WEEK 2,Monday Night Football,September 21st,NYG,LAR,3rd Quarter,4,New York Giants,1,5,0,Pass Incomplete,1st & 10 at LAR 34,"05:21 3rd No Huddle, Shotgun",— J.Winston pass incomplete short left to I.Likely.
2026,WEEK 2,Monday Night Football,September 21st,NYG,LAR,3rd Quarter,4,New York Giants,1,6,0,2 Yard Run,2nd & 10 at LAR 34,05:17 3rd Shotgun,— C.Skattebo left guard to LAR 32 for 2 yards (K.Turner; J.McCollough).
2026,WEEK 2,Monday Night Football,September 21st,NYG,LAR,3rd Quarter,4,New York Giants,1,7,0,-1 Yard Sack,3rd & 8 at LAR 32,04:40 3rd Shotgun,— J.Winston sacked at LAR 33 for -1 yards (B.Young).
2026,WEEK 2,Monday Night Football,September 21st,NYG,LAR,3rd Quarter,4,New York Giants,1,8,1,Field Goal,4th & 9 at LAR 33,03:55 3rd,"— D.Zvada 52 yard field goal is GOOD, Center-B.Mann, Holder-J.Stout."
2026,WEEK 2,Monday Night Football,September 21st,NYG,LAR,3rd Quarter,5,Los Angeles Rams,0,1,0,Kickoff from NYG 35,,Kickoff,— D.Zvada kicks 59 yards from NYG 35 to LAR 6. X.Smith to LAR 28 for 22 yards (E.Campbell; Z.Barnes).
2026,WEEK 2,Monday Night Football,September 21st,NYG,LAR,3rd Quarter,5,Los Angeles Rams,0,2,0,1 Yard Run,1st & 10 at LAR 28,03:44 3rd,— B.Corum right tackle to LAR 29 for 1 yard (D.Reader).
2026,WEEK 2,Monday Night Football,September 21st,NYG,LAR,3rd Quarter,5,Los Angeles Rams,0,3,0,12 Yard Pass,2nd & 9 at LAR 29,03:03 3rd Shotgun,— M.Stafford pass short left to K.Mumpfield to LAR 41 for 12 yards (T.Nubin).
2026,WEEK 2,Monday Night Football,September 21st,NYG,LAR,3rd Quarter,5,Los Angeles Rams,0,4,0,6 Yard Run,1st & 10 at LAR 41,02:15 3rd Shotgun,— B.Corum left guard to LAR 47 for 6 yards (B.Burns).
2026,WEEK 2,Monday Night Football,September 21st,NYG,LAR,3rd Quarter,5,Los Angeles Rams,0,5,0,13 Yard Run,2nd & 4 at LAR 47,01:32 3rd Shotgun,— B.Corum left end to NYG 40 for 13 yards (T.Nubin; T.Edmunds).
2026,WEEK 2,Monday Night Football,September 21st,NYG,LAR,3rd Quarter,5,Los Angeles Rams,0,6,0,2 Yard Run,1st & 10 at NYG 40,00:50 3rd,— M.Stafford scrambles right end pushed ob at NYG 38 for 2 yards (B.Burns).
2026,WEEK 2,Monday Night Football,September 21st,NYG,LAR,3rd Quarter,5,Los Angeles Rams,0,7,0,Timeout,,00:16 3rd,— Timeout #1 by LAR at 00:16.
2026,WEEK 2,Monday Night Football,September 21st,NYG,LAR,3rd Quarter,5,Los Angeles Rams,0,8,0,Pass Incomplete,2nd & 8 at NYG 38,00:16 3rd Shotgun,— M.Stafford pass incomplete short middle to T.Ferguson (T.Edmunds).
2026,WEEK 2,Monday Night Football,September 21st,NYG,LAR,3rd Quarter,5,Los Angeles Rams,0,9,0,Pass Incomplete,3rd & 8 at NYG 38,00:12 3rd Shotgun,— M.Stafford pass incomplete short left to T.Ferguson (T.Nubin).
2026,WEEK 2,Monday Night Football,September 21st,NYG,LAR,3rd Quarter,5,Los Angeles Rams,0,10,0,-5 Yard Penalty,4th & 8 at NYG 38,00:07 3rd Shotgun,"— PENALTY on LAR, Delay of Game, 5 yards, enforced at NYG 38 - No Play."
2026,WEEK 2,Monday Night Football,September 21st,NYG,LAR,3rd Quarter,5,Los Angeles Rams,0,11,0,Punt,4th & 13 at NYG 43,00:07 3rd,"— E.Evans punts 38 yards to NYG 5, Center-J.Cardona, fair catch by B.Berrios."
2026,WEEK 2,Monday Night Football,September 21st,NYG,LAR,4th Quarter,1,New York Giants,0,1,0,Pass Incomplete,1st & 10 at NYG 5,15:00 4th Shotgun,— J.Winston pass incomplete short right to I.Likely (Q.Lake).
2026,WEEK 2,Monday Night Football,September 21st,NYG,LAR,4th Quarter,1,New York Giants,0,2,0,Pass Incomplete,2nd & 10 at NYG 5,14:56 4th Shotgun,— J.Winston pass incomplete short middle to I.Likely [B.Fiske].
2026,WEEK 2,Monday Night Football,September 21st,NYG,LAR,4th Quarter,1,New York Giants,0,3,0,Pass Incomplete,3rd & 10 at NYG 5,14:52 4th Shotgun,— J.Winston pass incomplete deep middle to M.Fields.
2026,WEEK 2,Monday Night Football,September 21st,NYG,LAR,4th Quarter,1,New York Giants,0,4,0,Punt,4th & 10 at NYG 5,14:47 4th,"— J.Stout punts 78 yards to LAR 17, Center-B.Mann. X.Smith to LAR 36 for 19 yards (N.Jones; Z.Barnes)."
2026,WEEK 2,Monday Night Football,September 21st,NYG,LAR,4th Quarter,2,Los Angeles Rams,1,1,0,9 Yard Pass,1st & 10 at LAR 36,14:33 4th,— M.Stafford pass short right to T.Ferguson pushed ob at LAR 45 for 9 yards (G.Newsome).
2026,WEEK 2,Monday Night Football,September 21st,NYG,LAR,4th Quarter,2,Los Angeles Rams,1,2,0,16 Yard Run,2nd & 1 at LAR 45,13:59 4th,— K.Williams up the middle to NYG 39 for 16 yards (C.Golston).
2026,WEEK 2,Monday Night Football,September 21st,NYG,LAR,4th Quarter,2,Los Angeles Rams,1,3,0,6 Yard Run,1st & 10 at NYG 39,13:21 4th,— K.Williams up the middle to NYG 33 for 6 yards (T.Nubin).
2026,WEEK 2,Monday Night Football,September 21st,NYG,LAR,4th Quarter,2,Los Angeles Rams,1,4,0,3 Yard Run,2nd & 4 at NYG 33,12:44 4th,— K.Williams up the middle to NYG 30 for 3 yards (D.Reader).
2026,WEEK 2,Monday Night Football,September 21st,NYG,LAR,4th Quarter,2,Los Angeles Rams,1,5,0,8 Yard Pass,3rd & 1 at NYG 30,12:00 4th,— M.Stafford pass short right to C.Parkinson to NYG 22 for 8 yards (C.Hood).
2026,WEEK 2,Monday Night Football,September 21st,NYG,LAR,4th Quarter,2,Los Angeles Rams,1,6,0,1 Yard Run,1st & 10 at NYG 22,11:21 4th,"— B.Corum left guard to NYG 18 for 4 yards (J.Holland). FUMBLES (J.Holland), and recovers at NYG 21."
2026,WEEK 2,Monday Night Football,September 21st,NYG,LAR,4th Quarter,2,Los Angeles Rams,1,7,0,13 Yard Pass,2nd & 9 at NYG 21,10:34 4th Shotgun,— M.Stafford pass short left to B.Corum to NYG 8 for 13 yards (T.Edmunds; G.Newsome).
2026,WEEK 2,Monday Night Football,September 21st,NYG,LAR,4th Quarter,2,Los Angeles Rams,1,8,0,3 Yard Run,1st & 8 at NYG 8,09:47 4th,— K.Williams right end to NYG 5 for 3 yards (C.Hood; A.Carter).
2026,WEEK 2,Monday Night Football,September 21st,NYG,LAR,4th Quarter,2,Los Angeles Rams,1,9,1,Touchdown,2nd & 5 at NYG 5,09:02 4th Shotgun,"— M.Stafford pass short middle to T.Ferguson for 5 yards, TOUCHDOWN."
2026,WEEK 2,Monday Night Football,September 21st,NYG,LAR,4th Quarter,2,Los Angeles Rams,1,10,1,Extra Point,,08:57 4th,"— H.Mevis extra point is GOOD, Center-J.Cardona, Holder-E.Evans."
2026,WEEK 2,Monday Night Football,September 21st,NYG,LAR,4th Quarter,3,New York Giants,0,1,0,Kickoff from LAR 35,,Kickoff,"— H.Mevis kicks 65 yards from LAR 35 to end zone, Touchback to the NYG 35."
2026,WEEK 2,Monday Night Football,September 21st,NYG,LAR,4th Quarter,3,New York Giants,0,2,0,8 Yard Run,1st & 10 at NYG 35,08:57 4th Shotgun,— C.Skattebo left end pushed ob at NYG 43 for 8 yards (K.Curl).
2026,WEEK 2,Monday Night Football,September 21st,NYG,LAR,4th Quarter,3,New York Giants,0,3,0,6 Yard Pass,2nd & 2 at NYG 43,"08:37 4th No Huddle, Shotgun",— J.Winston pass short middle to I.Likely to NYG 49 for 6 yards (Q.Lake).
2026,WEEK 2,Monday Night Football,September 21st,NYG,LAR,4th Quarter,3,New York Giants,0,4,0,16 Yard Pass,1st & 10 at NYG 49,"08:10 4th No Huddle, Shotgun",— J.Winston pass short left to M.Fields to LAR 35 for 16 yards (J.Watson).
2026,WEEK 2,Monday Night Football,September 21st,NYG,LAR,4th Quarter,3,New York Giants,0,5,0,5 Yard Pass,1st & 10 at LAR 35,"07:42 4th No Huddle, Shotgun",— J.Winston pass short right to I.Likely to LAR 30 for 5 yards (T.McDuffie).
2026,WEEK 2,Monday Night Football,September 21st,NYG,LAR,4th Quarter,3,New York Giants,0,6,0,0 Yard Pass,2nd & 5 at LAR 30,"07:05 4th No Huddle, Shotgun","— J.Winston pass short right to C.Skattebo to LAR 30 for no gain (Q.Lake). FUMBLES (Q.Lake), ball out of bounds at LAR 30."
2026,WEEK 2,Monday Night Football,September 21st,NYG,LAR,4th Quarter,3,New York Giants,0,7,0,-5 Yard Penalty,3rd & 5 at LAR 30,06:21 4th Shotgun,"— PENALTY on NYG-F.Mauigoa, False Start, 5 yards, enforced at LAR 30 - No Play."
2026,WEEK 2,Monday Night Football,September 21st,NYG,LAR,4th Quarter,3,New York Giants,0,8,0,Pass Incomplete,3rd & 10 at LAR 35,06:21 4th Shotgun,— J.Winston pass incomplete short middle to M.Fields.
2026,WEEK 2,Monday Night Football,September 21st,NYG,LAR,4th Quarter,3,New York Giants,0,9,0,Pass Incomplete,4th & 10 at LAR 35,06:17 4th Shotgun,"— J.Winston pass incomplete deep right to M.Fields (E.Forbes). Penalty on NYG-M.Fields, Offensive Pass Interference, declined."
2026,WEEK 2,Monday Night Football,September 21st,NYG,LAR,4th Quarter,4,Los Angeles Rams,0,1,0,18 Yard Run,1st & 10 at LAR 35,06:12 4th,— B.Corum right end pushed ob at NYG 47 for 18 yards (J.Holland). NYG-B.Burns was injured during the play.
2026,WEEK 2,Monday Night Football,September 21st,NYG,LAR,4th Quarter,4,Los Angeles Rams,0,2,0,8 Yard Run,1st & 10 at NYG 47,05:42 4th,— B.Corum left tackle to NYG 39 for 8 yards (A.Reese).
2026,WEEK 2,Monday Night Football,September 21st,NYG,LAR,4th Quarter,4,Los Angeles Rams,0,3,0,5 Yard Run,2nd & 2 at NYG 39,04:57 4th,— B.Corum up the middle to NYG 34 for 5 yards (S.Harris).
2026,WEEK 2,Monday Night Football,September 21st,NYG,LAR,4th Quarter,4,Los Angeles Rams,0,4,0,6 Yard Run,1st & 10 at NYG 34,04:11 4th,— K.Williams right tackle to NYG 28 for 6 yards (J.Holland).
2026,WEEK 2,Monday Night Football,September 21st,NYG,LAR,4th Quarter,4,Los Angeles Rams,0,5,0,1 Yard Run,2nd & 4 at NYG 28,03:25 4th,— K.Williams up the middle to NYG 27 for 1 yard (A.Reese; T.Edmunds).
2026,WEEK 2,Monday Night Football,September 21st,NYG,LAR,4th Quarter,4,Los Angeles Rams,0,6,0,7 Yard Pass,3rd & 3 at NYG 27,02:38 4th,— M.Stafford pass short left to D.Allen to NYG 20 for 7 yards (N.Jones).
2026,WEEK 2,Monday Night Football,September 21st,NYG,LAR,4th Quarter,4,Los Angeles Rams,0,7,0,-1 Yard Run,1st & 10 at NYG 20,02:00 4th,— M.Stafford kneels to NYG 21 for -1 yards.
2026,WEEK 2,Monday Night Football,September 21st,NYG,LAR,4th Quarter,4,Los Angeles Rams,0,8,0,-1 Yard Run,2nd & 11 at NYG 21,01:17 4th,— M.Stafford kneels to NYG 22 for -1 yards.
2026,WEEK 2,Monday Night Football,September 21st,NYG,LAR,4th Quarter,4,Los Angeles Rams,0,9,0,-1 Yard Run,3rd & 12 at NYG 22,00:38 4th,— M.Stafford kneels to NYG 23 for -1 yards.
