Season,Week,GameSlot,Date,AwayTeam,HomeTeam,Quarter,DriveNumber,TeamWithPossession,IsScoringDrive,PlayNumberInDrive,IsScoringPlay,PlayOutcome,PlayStart,PlayTimeFormation,PlayDescription
2026,PRESEASON WEEK 1,Thursday,August 13th,DET,CIN,1st Quarter,1,Detroit Lions,0,1,0,Kickoff from CIN 35,,Kickoff,— E.McPherson kicks 64 yards from CIN 35 to DET 1. R.Blackshear to DET 29 for 28 yards (O.Burks; J.Newton).
2026,PRESEASON WEEK 1,Thursday,August 13th,DET,CIN,1st Quarter,1,Detroit Lions,0,2,0,0 Yard Pass,1st & 10 at DET 29,14:53 1st,— L.Altmyer pass short left to T.Conklin to DET 29 for no gain (K.Dugger).
2026,PRESEASON WEEK 1,Thursday,August 13th,DET,CIN,1st Quarter,1,Detroit Lions,0,3,0,7 Yard Run,2nd & 10 at DET 29,14:21 1st,— J.Saylors up the middle to DET 36 for 7 yards (B.Mafe; J.Battle).
2026,PRESEASON WEEK 1,Thursday,August 13th,DET,CIN,1st Quarter,1,Detroit Lions,0,4,0,8 Yard Pass,3rd & 3 at DET 36,13:43 1st Shotgun,— L.Altmyer pass short left to J.Saylors pushed ob at DET 44 for 8 yards (D.Knight).
2026,PRESEASON WEEK 1,Thursday,August 13th,DET,CIN,1st Quarter,1,Detroit Lions,0,5,0,23 Yard Pass,1st & 10 at DET 44,13:16 1st,"— L.Altmyer pass deep right to C.Wilson to CIN 33 for 23 yards (J.Battle). Penalty on CIN-K.Jenkins, Defensive Offside, declined."
2026,PRESEASON WEEK 1,Thursday,August 13th,DET,CIN,1st Quarter,1,Detroit Lions,0,6,0,Interception,1st & 10 at CIN 33,12:51 1st Shotgun,— L.Altmyer pass short right intended for I.TeSlaa INTERCEPTED by J.Battle at CIN 25. J.Battle to CIN 26 for 1 yard (I.TeSlaa).
2026,PRESEASON WEEK 1,Thursday,August 13th,DET,CIN,1st Quarter,2,Cincinnati Bengals,0,1,0,5 Yard Run,1st & 10 at CIN 26,12:44 1st,— C.Brown up the middle to CIN 31 for 5 yards (D.White).
2026,PRESEASON WEEK 1,Thursday,August 13th,DET,CIN,1st Quarter,2,Cincinnati Bengals,0,2,0,16 Yard Pass,2nd & 5 at CIN 31,12:07 1st,— J.Burrow pass deep middle to J.Chase to CIN 47 for 16 yards (E.Rakestraw).
2026,PRESEASON WEEK 1,Thursday,August 13th,DET,CIN,1st Quarter,2,Cincinnati Bengals,0,3,0,4 Yard Run,1st & 10 at CIN 47,11:25 1st,— C.Brown left guard to DET 49 for 4 yards (D.White).
2026,PRESEASON WEEK 1,Thursday,August 13th,DET,CIN,1st Quarter,2,Cincinnati Bengals,0,4,0,-9 Yard Sack,2nd & 6 at DET 49,10:43 1st,— J.Burrow sacked at CIN 42 for -9 yards (A.Hassanein).
2026,PRESEASON WEEK 1,Thursday,August 13th,DET,CIN,1st Quarter,2,Cincinnati Bengals,0,5,0,5 Yard Pass,3rd & 15 at CIN 42,10:03 1st Shotgun,— J.Burrow pass short right to S.Perine to CIN 47 for 5 yards (A.Hassanein; T.Nowaske).
2026,PRESEASON WEEK 1,Thursday,August 13th,DET,CIN,1st Quarter,2,Cincinnati Bengals,0,6,0,Punt,4th & 10 at CIN 47,09:30 1st,"— R.Rehkow punts 49 yards to DET 4, Center-W.Wagner. G.Dortch to DET 12 for 8 yards (J.Giles-Harris; K.Dugger)."
2026,PRESEASON WEEK 1,Thursday,August 13th,DET,CIN,1st Quarter,3,Detroit Lions,0,1,0,2 Yard Run,1st & 10 at DET 12,09:20 1st,— J.Saylors up the middle to DET 14 for 2 yards (K.Jenkins; B.Mafe).
2026,PRESEASON WEEK 1,Thursday,August 13th,DET,CIN,1st Quarter,3,Detroit Lions,0,2,0,-5 Yard Penalty,2nd & 8 at DET 14,08:48 1st,"— L.Altmyer pass short right to J.Saylors to DET 22 for 8 yards (B.Mafe). PENALTY on DET-C.Mahogany, Ineligible Downfield Pass, 5 yards, enforced at DET 14 - No Play."
2026,PRESEASON WEEK 1,Thursday,August 13th,DET,CIN,1st Quarter,3,Detroit Lions,0,3,0,Pass Incomplete,2nd & 13 at DET 9,08:25 1st Shotgun,— L.Altmyer pass incomplete short middle to G.Dortch (T.Slaton).
2026,PRESEASON WEEK 1,Thursday,August 13th,DET,CIN,1st Quarter,3,Detroit Lions,0,4,0,Pass Incomplete,3rd & 13 at DET 9,08:20 1st Shotgun,— L.Altmyer pass incomplete deep right to I.TeSlaa.
2026,PRESEASON WEEK 1,Thursday,August 13th,DET,CIN,1st Quarter,3,Detroit Lions,0,5,0,Punt,4th & 13 at DET 9,08:16 1st,"— J.Fox punts 51 yards to CIN 40, Center-H.Hatten. C.Jones to CIN 40 for no gain (T.Reeder). PENALTY on CIN-J.Newton, Offensive Holding, 10 yards, enforced at CIN 40."
2026,PRESEASON WEEK 1,Thursday,August 13th,DET,CIN,1st Quarter,4,Cincinnati Bengals,1,1,0,5 Yard Run,1st & 10 at CIN 30,08:05 1st Shotgun,— C.Brown left tackle to CIN 35 for 5 yards (A.Lucas).
2026,PRESEASON WEEK 1,Thursday,August 13th,DET,CIN,1st Quarter,4,Cincinnati Bengals,1,2,0,3 Yard Run,2nd & 5 at CIN 35,07:34 1st Shotgun,— C.Brown up the middle to CIN 38 for 3 yards (E.Rakestraw; C.Izien).
2026,PRESEASON WEEK 1,Thursday,August 13th,DET,CIN,1st Quarter,4,Cincinnati Bengals,1,3,0,2 Yard Pass,3rd & 2 at CIN 38,06:56 1st Shotgun,— J.Burrow pass short right to D.Sample to CIN 40 for 2 yards (E.Rakestraw; T.Nowaske).
2026,PRESEASON WEEK 1,Thursday,August 13th,DET,CIN,1st Quarter,4,Cincinnati Bengals,1,4,0,9 Yard Pass,1st & 10 at CIN 40,06:20 1st,— J.Burrow pass short right to A.Iosivas pushed ob at CIN 49 for 9 yards (T.Harper).
2026,PRESEASON WEEK 1,Thursday,August 13th,DET,CIN,1st Quarter,4,Cincinnati Bengals,1,5,0,7 Yard Run,2nd & 1 at CIN 49,05:45 1st,— S.Perine up the middle to DET 44 for 7 yards (C.Clark; N.Whiteside).
2026,PRESEASON WEEK 1,Thursday,August 13th,DET,CIN,1st Quarter,4,Cincinnati Bengals,1,6,0,7 Yard Pass,1st & 10 at DET 44,05:06 1st Shotgun,— J.Burrow pass short right to S.Perine to DET 37 for 7 yards (E.Rakestraw; C.Izien).
2026,PRESEASON WEEK 1,Thursday,August 13th,DET,CIN,1st Quarter,4,Cincinnati Bengals,1,7,0,-1 Yard Run,2nd & 3 at DET 37,04:29 1st,— C.Brown up the middle to DET 38 for -1 yards (T.Nowaske).
2026,PRESEASON WEEK 1,Thursday,August 13th,DET,CIN,1st Quarter,4,Cincinnati Bengals,1,8,0,Pass Incomplete,3rd & 4 at DET 38,03:52 1st Shotgun,— J.Burrow pass incomplete deep left to M.Gesicki [E.O'Neill].
2026,PRESEASON WEEK 1,Thursday,August 13th,DET,CIN,1st Quarter,4,Cincinnati Bengals,1,9,1,Field Goal,4th & 4 at DET 38,03:45 1st,"— E.McPherson 56 yard field goal is GOOD, Center-W.Wagner, Holder-R.Rehkow."
2026,PRESEASON WEEK 1,Thursday,August 13th,DET,CIN,1st Quarter,5,Detroit Lions,0,1,0,Kickoff from CIN 35,,Kickoff,— E.McPherson kicks 60 yards from CIN 35 to DET 5. R.Blackshear to DET 31 for 26 yards (O.Burks; J.Giles-Harris). DET-A.Hassanein was injured during the play.
2026,PRESEASON WEEK 1,Thursday,August 13th,DET,CIN,1st Quarter,5,Detroit Lions,0,2,0,16 Yard Pass,1st & 10 at DET 31,03:35 1st,— L.Altmyer pass short right to J.Saylors pushed ob at DET 47 for 16 yards (D.Ivey).
2026,PRESEASON WEEK 1,Thursday,August 13th,DET,CIN,1st Quarter,5,Detroit Lions,0,3,0,17 Yard Pass,1st & 10 at DET 47,03:06 1st,— L.Altmyer pass short right to J.Meeks pushed ob at CIN 36 for 17 yards (P.Jules).
2026,PRESEASON WEEK 1,Thursday,August 13th,DET,CIN,1st Quarter,5,Detroit Lions,0,4,0,2 Yard Run,1st & 10 at CIN 36,02:37 1st,— J.Saylors left tackle to CIN 34 for 2 yards (C.Johnson; M.Jackson).
2026,PRESEASON WEEK 1,Thursday,August 13th,DET,CIN,1st Quarter,5,Detroit Lions,0,5,0,5 Yard Pass,2nd & 8 at CIN 34,02:01 1st Shotgun,— L.Altmyer pass short middle to T.Conklin to CIN 29 for 5 yards (S.Bozeman; O.Burks).
2026,PRESEASON WEEK 1,Thursday,August 13th,DET,CIN,1st Quarter,5,Detroit Lions,0,6,0,0 Yard Run,3rd & 3 at CIN 29,01:23 1st Shotgun,— K.Robichaux up the middle to CIN 29 for no gain (O.Burks).
2026,PRESEASON WEEK 1,Thursday,August 13th,DET,CIN,1st Quarter,5,Detroit Lions,0,7,0,Pass Incomplete,4th & 3 at CIN 29,00:47 1st Shotgun,— L.Altmyer pass incomplete short left to I.TeSlaa (D.Ivey).
2026,PRESEASON WEEK 1,Thursday,August 13th,DET,CIN,2nd Quarter,1,Cincinnati Bengals,0,1,0,Pass Incomplete,1st & 10 at CIN 30,00:44 1st Shotgun,— J.Flacco pass incomplete short right to C.Young (E.Rakestraw).
2026,PRESEASON WEEK 1,Thursday,August 13th,DET,CIN,2nd Quarter,1,Cincinnati Bengals,0,2,0,-6 Yard Run,2nd & 10 at CIN 30,00:40 1st Shotgun,"— J.Flacco FUMBLES (Aborted) at CIN 25, and recovers at CIN 24. ** Injury Update: DET-A.Hassanein has returned to the game."
2026,PRESEASON WEEK 1,Thursday,August 13th,DET,CIN,2nd Quarter,1,Cincinnati Bengals,0,3,0,20 Yard Pass,3rd & 16 at CIN 24,15:00 2nd Shotgun,— J.Flacco pass deep left to C.Young to CIN 44 for 20 yards (T.Harper).
2026,PRESEASON WEEK 1,Thursday,August 13th,DET,CIN,2nd Quarter,1,Cincinnati Bengals,0,4,0,Pass Incomplete,1st & 10 at CIN 44,14:19 2nd,"— J.Flacco pass incomplete deep left. PENALTY on CIN-J.Flacco, Intentional Grounding, 10 yards, enforced at CIN 44."
2026,PRESEASON WEEK 1,Thursday,August 13th,DET,CIN,2nd Quarter,1,Cincinnati Bengals,0,5,0,11 Yard Pass,2nd & 20 at CIN 34,14:13 2nd Shotgun,— J.Flacco pass short left to A.Iosivas ran ob at CIN 45 for 11 yards.
2026,PRESEASON WEEK 1,Thursday,August 13th,DET,CIN,2nd Quarter,1,Cincinnati Bengals,0,6,0,8 Yard Pass,3rd & 9 at CIN 45,13:45 2nd Shotgun,— J.Flacco pass short left to C.Young ran ob at DET 47 for 8 yards.
2026,PRESEASON WEEK 1,Thursday,August 13th,DET,CIN,2nd Quarter,1,Cincinnati Bengals,0,7,0,2 Yard Run,4th & 1 at DET 47,13:14 2nd,— T.Brooks up the middle to DET 45 for 2 yards (C.Smith).
2026,PRESEASON WEEK 1,Thursday,August 13th,DET,CIN,2nd Quarter,1,Cincinnati Bengals,0,8,0,5 Yard Run,1st & 10 at DET 45,12:40 2nd Shotgun,— T.Brooks up the middle to DET 40 for 5 yards (T.Nowaske; D.White).
2026,PRESEASON WEEK 1,Thursday,August 13th,DET,CIN,2nd Quarter,1,Cincinnati Bengals,0,9,0,8 Yard Pass,2nd & 5 at DET 40,12:03 2nd,— J.Flacco pass short right to T.Brooks to DET 32 for 8 yards (E.Rakestraw). DET-E.Rakestraw was injured during the play.
2026,PRESEASON WEEK 1,Thursday,August 13th,DET,CIN,2nd Quarter,1,Cincinnati Bengals,0,10,0,7 Yard Run,1st & 10 at DET 32,11:38 2nd Shotgun,— K.Milton up the middle to DET 25 for 7 yards (T.Harper).
2026,PRESEASON WEEK 1,Thursday,August 13th,DET,CIN,2nd Quarter,1,Cincinnati Bengals,0,11,0,Pass Incomplete,2nd & 3 at DET 25,10:55 2nd Shotgun,— J.Flacco pass incomplete short left to T.Brooks.
2026,PRESEASON WEEK 1,Thursday,August 13th,DET,CIN,2nd Quarter,1,Cincinnati Bengals,0,12,0,Fumble,3rd & 3 at DET 25,10:48 2nd Shotgun,"— J.Flacco Aborted. J.Bayer FUMBLES at DET 27, recovered by CIN-K.Milton at DET 30. K.Milton to DET 24 for 6 yards. FUMBLES, touched at DET 11, RECOVERED by DET-K.Abney at DET 10. K.Abney to DET 13 for 3 yards (J.Rivers)."
2026,PRESEASON WEEK 1,Thursday,August 13th,DET,CIN,2nd Quarter,2,Detroit Lions,0,1,0,-6 Yard Penalty,1st & 10 at DET 13,10:37 2nd,"— L.Altmyer pass incomplete short right to T.Gordon [L.Robinson]. PENALTY on DET-M.Frazier, Offensive Holding, 6 yards, enforced at DET 13 - No Play."
2026,PRESEASON WEEK 1,Thursday,August 13th,DET,CIN,2nd Quarter,2,Detroit Lions,0,2,0,Fumble,1st & 16 at DET 7,10:31 2nd,"— L.Altmyer FUMBLES (Aborted) at DET 2, touched at DET 4, RECOVERED by CIN-C.Howell at DET 7."
2026,PRESEASON WEEK 1,Thursday,August 13th,DET,CIN,2nd Quarter,3,Cincinnati Bengals,1,1,0,3 Yard Run,1st & 7 at DET 7,10:21 2nd,— T.Brooks up the middle to DET 4 for 3 yards (A.Hassanein).
2026,PRESEASON WEEK 1,Thursday,August 13th,DET,CIN,2nd Quarter,3,Cincinnati Bengals,1,2,1,Touchdown,2nd & 4 at DET 4,09:40 2nd Shotgun,"— J.Flacco pass short right to J.Endries for 4 yards, TOUCHDOWN."
2026,PRESEASON WEEK 1,Thursday,August 13th,DET,CIN,2nd Quarter,3,Cincinnati Bengals,1,3,1,Extra Point,,09:35 2nd,"— E.McPherson extra point is GOOD, Center-W.Wagner, Holder-R.Rehkow."
2026,PRESEASON WEEK 1,Thursday,August 13th,DET,CIN,2nd Quarter,4,Detroit Lions,0,1,0,Kickoff from CIN 35,,Kickoff,— E.McPherson kicks 65 yards from CIN 35 to DET 0. D.Lovett to DET 27 for 27 yards (J.Giles-Harris).
2026,PRESEASON WEEK 1,Thursday,August 13th,DET,CIN,2nd Quarter,4,Detroit Lions,0,2,0,9 Yard Run,1st & 10 at DET 27,09:30 2nd,— J.Saylors up the middle to DET 36 for 9 yards (C.Johnson).
2026,PRESEASON WEEK 1,Thursday,August 13th,DET,CIN,2nd Quarter,4,Detroit Lions,0,3,0,3 Yard Run,2nd & 1 at DET 36,08:54 2nd,— J.Saylors right guard to DET 39 for 3 yards (K.Jenkins).
2026,PRESEASON WEEK 1,Thursday,August 13th,DET,CIN,2nd Quarter,4,Detroit Lions,0,4,0,Pass Incomplete,1st & 10 at DET 39,08:11 2nd,— J.Dobbs pass incomplete deep left to T.Gordon.
2026,PRESEASON WEEK 1,Thursday,August 13th,DET,CIN,2nd Quarter,4,Detroit Lions,0,5,0,15 Yard Pass,2nd & 10 at DET 39,08:05 2nd Shotgun,— J.Dobbs pass short middle to D.Lovett to CIN 46 for 15 yards (D.Ivey).
2026,PRESEASON WEEK 1,Thursday,August 13th,DET,CIN,2nd Quarter,4,Detroit Lions,0,6,0,4 Yard Run,1st & 10 at CIN 46,07:32 2nd,— K.Robichaux right tackle to CIN 42 for 4 yards (H.Cross; L.Robinson).
2026,PRESEASON WEEK 1,Thursday,August 13th,DET,CIN,2nd Quarter,4,Detroit Lions,0,7,0,9 Yard Run,2nd & 6 at CIN 42,06:52 2nd Shotgun,— J.Dobbs scrambles right end pushed ob at CIN 33 for 9 yards (C.Johnson).
2026,PRESEASON WEEK 1,Thursday,August 13th,DET,CIN,2nd Quarter,4,Detroit Lions,0,8,0,-10 Yard Penalty,1st & 10 at CIN 33,06:20 2nd,"— J.Saylors right guard to CIN 18 for 15 yards (O.Burks). PENALTY on DET-C.Mahogany, Offensive Holding, 10 yards, enforced at CIN 33 - No Play."
2026,PRESEASON WEEK 1,Thursday,August 13th,DET,CIN,2nd Quarter,4,Detroit Lions,0,9,0,5 Yard Penalty,1st & 20 at CIN 43,05:54 2nd Shotgun,"— J.Dobbs pass short left to D.Lovett to CIN 35 for 8 yards (O.Burks). PENALTY on CIN-B.Lux, Illegal Contact, 5 yards, enforced at CIN 43 - No Play."
2026,PRESEASON WEEK 1,Thursday,August 13th,DET,CIN,2nd Quarter,4,Detroit Lions,0,10,0,0 Yard Run,1st & 10 at CIN 38,05:26 2nd,— K.Robichaux up the middle to CIN 38 for no gain (K.Jenkins).
2026,PRESEASON WEEK 1,Thursday,August 13th,DET,CIN,2nd Quarter,4,Detroit Lions,0,11,0,Pass Incomplete,2nd & 10 at CIN 38,04:47 2nd,— J.Dobbs pass incomplete short right to J.Saylors.
2026,PRESEASON WEEK 1,Thursday,August 13th,DET,CIN,2nd Quarter,4,Detroit Lions,0,12,0,-5 Yard Sack,3rd & 10 at CIN 38,04:42 2nd Shotgun,— J.Dobbs sacked at CIN 43 for -5 yards (K.Jenkins).
2026,PRESEASON WEEK 1,Thursday,August 13th,DET,CIN,2nd Quarter,4,Detroit Lions,0,13,0,Punt,4th & 15 at CIN 43,03:57 2nd,"— J.Fox punts 38 yards to CIN 5, Center-H.Hatten, fair catch by C.Jones. PENALTY on DET-T.Harper, Face Mask, 15 yards, enforced at CIN 5."
2026,PRESEASON WEEK 1,Thursday,August 13th,DET,CIN,2nd Quarter,5,Cincinnati Bengals,0,1,0,1 Yard Run,1st & 10 at CIN 20,03:50 2nd,— T.Brooks right guard to CIN 21 for 1 yard (E.Hunter).
2026,PRESEASON WEEK 1,Thursday,August 13th,DET,CIN,2nd Quarter,5,Cincinnati Bengals,0,2,0,Pass Incomplete,2nd & 9 at CIN 21,03:10 2nd Shotgun,— J.Johnson pass incomplete short left to T.Brooks.
2026,PRESEASON WEEK 1,Thursday,August 13th,DET,CIN,2nd Quarter,5,Cincinnati Bengals,0,3,0,Pass Incomplete,3rd & 9 at CIN 21,03:07 2nd Shotgun,— J.Johnson pass incomplete deep left to C.Jones (N.Whiteside).
2026,PRESEASON WEEK 1,Thursday,August 13th,DET,CIN,2nd Quarter,5,Cincinnati Bengals,0,4,0,Punt,4th & 9 at CIN 21,03:02 2nd,"— R.Rehkow punts 56 yards to DET 23, Center-W.Wagner. D.Lovett to DET 36 for 13 yards (W.Wagner; S.Heyward)."
2026,PRESEASON WEEK 1,Thursday,August 13th,DET,CIN,2nd Quarter,6,Detroit Lions,1,1,0,4 Yard Pass,1st & 10 at DET 36,02:50 2nd,— J.Dobbs pass short right to J.Saylors to DET 40 for 4 yards (S.Bozeman; I.Foskey).
2026,PRESEASON WEEK 1,Thursday,August 13th,DET,CIN,2nd Quarter,6,Detroit Lions,1,2,0,-4 Yard Run,2nd & 6 at DET 40,02:13 2nd,— J.Saylors up the middle to DET 36 for -4 yards (S.Bozeman).
2026,PRESEASON WEEK 1,Thursday,August 13th,DET,CIN,2nd Quarter,6,Detroit Lions,1,3,0,15 Yard Penalty,3rd & 10 at DET 36,02:00 2nd Shotgun,"— J.Dobbs pass incomplete deep right to L.Jackson. PENALTY on CIN-P.Jules, Defensive Pass Interference, 15 yards, enforced at DET 36 - No Play."
2026,PRESEASON WEEK 1,Thursday,August 13th,DET,CIN,2nd Quarter,6,Detroit Lions,1,4,0,Pass Incomplete,1st & 10 at CIN 49,01:56 2nd Shotgun,— J.Dobbs pass incomplete short right to D.Lovett (B.Lux).
2026,PRESEASON WEEK 1,Thursday,August 13th,DET,CIN,2nd Quarter,6,Detroit Lions,1,5,0,27 Yard Run,2nd & 10 at CIN 49,01:51 2nd,— J.Saylors right guard to CIN 22 for 27 yards (C.Wright).
2026,PRESEASON WEEK 1,Thursday,August 13th,DET,CIN,2nd Quarter,6,Detroit Lions,1,6,0,-10 Yard Penalty,1st & 10 at CIN 22,01:14 2nd,"— K.Robichaux left guard to CIN 15 for 7 yards (I.Foskey; H.Cross). PENALTY on DET-M.Frazier, Offensive Holding, 10 yards, enforced at CIN 22 - No Play."
2026,PRESEASON WEEK 1,Thursday,August 13th,DET,CIN,2nd Quarter,6,Detroit Lions,1,7,0,1 Yard Run,1st & 20 at CIN 32,01:10 2nd Shotgun,— K.Robichaux up the middle to CIN 31 for 1 yard (M.Jackson).
2026,PRESEASON WEEK 1,Thursday,August 13th,DET,CIN,2nd Quarter,6,Detroit Lions,1,8,0,Timeout,,01:04 2nd,— Timeout #1 by CIN at 01:04.
2026,PRESEASON WEEK 1,Thursday,August 13th,DET,CIN,2nd Quarter,6,Detroit Lions,1,9,0,Pass Incomplete,2nd & 19 at CIN 31,01:04 2nd Shotgun,— J.Dobbs pass incomplete deep left to J.Saylors (S.Bozeman).
2026,PRESEASON WEEK 1,Thursday,August 13th,DET,CIN,2nd Quarter,6,Detroit Lions,1,10,0,-5 Yard Pass,3rd & 19 at CIN 31,00:57 2nd Shotgun,"— J.Dobbs pass short right to T.Kennedy to CIN 11 for 20 yards (I.Foskey). PENALTY on DET-M.Frazier, Offensive Holding, 10 yards, enforced at CIN 26."
2026,PRESEASON WEEK 1,Thursday,August 13th,DET,CIN,2nd Quarter,6,Detroit Lions,1,11,0,8 Yard Pass,3rd & 24 at CIN 36,00:50 2nd Shotgun,— J.Dobbs pass short right to M.Cunningham to CIN 28 for 8 yards (S.Heyward).
2026,PRESEASON WEEK 1,Thursday,August 13th,DET,CIN,2nd Quarter,6,Detroit Lions,1,12,0,Timeout,,00:43 2nd,— Timeout #2 by CIN at 00:43.
2026,PRESEASON WEEK 1,Thursday,August 13th,DET,CIN,2nd Quarter,6,Detroit Lions,1,13,0,Timeout,,00:38 2nd,— Timeout #1 by DET at 00:38.
2026,PRESEASON WEEK 1,Thursday,August 13th,DET,CIN,2nd Quarter,6,Detroit Lions,1,14,1,Field Goal,4th & 11 at CIN 23,00:38 2nd,"— J.Bates 41 yard field goal is GOOD, Center-H.Hatten, Holder-J.Fox."
2026,PRESEASON WEEK 1,Thursday,August 13th,DET,CIN,2nd Quarter,7,Cincinnati Bengals,0,1,0,Kickoff from DET 35,,Kickoff,— J.Bates kicks 60 yards from DET 35 to CIN 5. K.Williams to DET 47 for 48 yards (J.Bates).
2026,PRESEASON WEEK 1,Thursday,August 13th,DET,CIN,2nd Quarter,7,Cincinnati Bengals,0,2,0,3 Yard Run,1st & 10 at DET 47,00:27 2nd Shotgun,— G.Brightwell left guard to DET 44 for 3 yards (M.Wingo).
2026,PRESEASON WEEK 1,Thursday,August 13th,DET,CIN,2nd Quarter,7,Cincinnati Bengals,0,3,0,Timeout,,00:23 2nd,— Timeout #3 by CIN at 00:23.
2026,PRESEASON WEEK 1,Thursday,August 13th,DET,CIN,2nd Quarter,7,Cincinnati Bengals,0,4,0,Pass Incomplete,2nd & 7 at DET 44,00:23 2nd Shotgun,— J.Johnson pass incomplete short right to G.Brightwell [S.Gill-Howard]. DET-M.Wingo was injured during the play.
2026,PRESEASON WEEK 1,Thursday,August 13th,DET,CIN,2nd Quarter,7,Cincinnati Bengals,0,5,0,Timeout,,00:16 2nd,— Timeout #2 by DET at 00:16.
2026,PRESEASON WEEK 1,Thursday,August 13th,DET,CIN,2nd Quarter,7,Cincinnati Bengals,0,6,0,Pass Incomplete,3rd & 7 at DET 44,00:16 2nd Shotgun,— J.Johnson pass incomplete deep right to C.Young (T.Harper).
2026,PRESEASON WEEK 1,Thursday,August 13th,DET,CIN,2nd Quarter,7,Cincinnati Bengals,0,7,0,Pass Incomplete,4th & 7 at DET 44,00:11 2nd Shotgun,"— J.Johnson pass incomplete short middle [S.Gill-Howard]. PENALTY on CIN-J.Johnson, Intentional Grounding, 13 yards, enforced at DET 44."
2026,PRESEASON WEEK 1,Thursday,August 13th,DET,CIN,2nd Quarter,8,Detroit Lions,1,1,0,9 Yard Run,1st & 10 at CIN 43,00:07 2nd Shotgun,— J.Saylors right guard to CIN 34 for 9 yards (J.Giles-Harris).
2026,PRESEASON WEEK 1,Thursday,August 13th,DET,CIN,2nd Quarter,8,Detroit Lions,1,2,0,Timeout,,00:01 2nd,— Timeout #3 by DET at 00:01.
2026,PRESEASON WEEK 1,Thursday,August 13th,DET,CIN,2nd Quarter,8,Detroit Lions,1,3,1,Field Goal,2nd & 1 at CIN 34,00:01 2nd,"— J.Bates 52 yard field goal is GOOD, Center-H.Hatten, Holder-J.Fox."
2026,PRESEASON WEEK 1,Thursday,August 13th,DET,CIN,3rd Quarter,1,Cincinnati Bengals,0,1,0,Kickoff from DET 35,,Kickoff,— J.Bates kicks 60 yards from DET 35 to CIN 5. K.Williams to CIN 30 for 25 yards (D.Jackson).
2026,PRESEASON WEEK 1,Thursday,August 13th,DET,CIN,3rd Quarter,1,Cincinnati Bengals,0,2,0,-1 Yard Run,1st & 10 at CIN 30,14:56 3rd,— K.Milton left tackle to CIN 29 for -1 yards (A.Ogbongbemiga).
2026,PRESEASON WEEK 1,Thursday,August 13th,DET,CIN,3rd Quarter,1,Cincinnati Bengals,0,3,0,Pass Incomplete,2nd & 11 at CIN 29,14:15 3rd Shotgun,— J.Johnson pass incomplete short left to C.Jones (R.McCreary).
2026,PRESEASON WEEK 1,Thursday,August 13th,DET,CIN,3rd Quarter,1,Cincinnati Bengals,0,4,0,Pass Incomplete,3rd & 11 at CIN 29,14:12 3rd Shotgun,— J.Johnson pass incomplete short right to T.Hudson [A.Hassanein].
2026,PRESEASON WEEK 1,Thursday,August 13th,DET,CIN,3rd Quarter,1,Cincinnati Bengals,0,5,0,Punt,4th & 11 at CIN 29,14:03 3rd,"— R.Rehkow punts -3 yards to DET 22, Center-W.Wagner. D.Lovett MUFFS catch, and recovers at DET 19. D.Lovett to DET 17 for -54 yards (J.Haynes). PENALTY on DET-T.Harper, Illegal Block Above the Waist, 7 yards, enforced at DET 14."
2026,PRESEASON WEEK 1,Thursday,August 13th,DET,CIN,3rd Quarter,2,Detroit Lions,0,1,0,3 Yard Run,1st & 10 at DET 7,13:53 3rd,— K.Robichaux up the middle to DET 10 for 3 yards (K.Jenkins; J.Giles-Harris).
2026,PRESEASON WEEK 1,Thursday,August 13th,DET,CIN,3rd Quarter,2,Detroit Lions,0,2,0,Pass Incomplete,2nd & 7 at DET 10,13:20 3rd Shotgun,— L.Altmyer pass incomplete short left to D.Lovett.
2026,PRESEASON WEEK 1,Thursday,August 13th,DET,CIN,3rd Quarter,2,Detroit Lions,0,3,0,Pass Incomplete,3rd & 7 at DET 10,13:16 3rd Shotgun,— L.Altmyer pass incomplete short right to D.Lovett (H.Cross).
2026,PRESEASON WEEK 1,Thursday,August 13th,DET,CIN,3rd Quarter,2,Detroit Lions,0,4,0,Punt,4th & 7 at DET 10,13:13 3rd,"— J.Fox punts 54 yards to CIN 36, Center-H.Hatten. D.Meyers to CIN 47 for 11 yards (J.Bachie)."
2026,PRESEASON WEEK 1,Thursday,August 13th,DET,CIN,3rd Quarter,3,Cincinnati Bengals,1,1,0,13 Yard Run,1st & 10 at CIN 47,13:02 3rd,— D.Meyers right end ran ob at DET 40 for 13 yards (K.Abney).
2026,PRESEASON WEEK 1,Thursday,August 13th,DET,CIN,3rd Quarter,3,Cincinnati Bengals,1,2,0,1 Yard Run,1st & 10 at DET 40,12:25 3rd,— G.Brightwell right end pushed ob at DET 39 for 1 yard (K.Abney).
2026,PRESEASON WEEK 1,Thursday,August 13th,DET,CIN,3rd Quarter,3,Cincinnati Bengals,1,3,0,-5 Yard Penalty,2nd & 9 at DET 39,11:52 3rd Shotgun,"— J.Johnson pass short left to N.Thomas to DET 30 for 9 yards (K.Dorsey). PENALTY on CIN-G.Brightwell, Illegal Formation, 5 yards, enforced at DET 39 - No Play."
2026,PRESEASON WEEK 1,Thursday,August 13th,DET,CIN,3rd Quarter,3,Cincinnati Bengals,1,4,0,Timeout,,11:35 3rd,— Timeout #1 by CIN at 11:35.
2026,PRESEASON WEEK 1,Thursday,August 13th,DET,CIN,3rd Quarter,3,Cincinnati Bengals,1,5,0,3 Yard Pass,2nd & 14 at DET 44,11:35 3rd Shotgun,— J.Johnson pass short middle to N.Thomas to DET 41 for 3 yards (E.Hunter).
2026,PRESEASON WEEK 1,Thursday,August 13th,DET,CIN,3rd Quarter,3,Cincinnati Bengals,1,6,0,13 Yard Pass,3rd & 11 at DET 41,10:57 3rd Shotgun,— J.Johnson pass short middle to D.Meyers to DET 28 for 13 yards (K.Dorsey).
2026,PRESEASON WEEK 1,Thursday,August 13th,DET,CIN,3rd Quarter,3,Cincinnati Bengals,1,7,0,2 Yard Run,1st & 10 at DET 28,10:14 3rd Shotgun,— K.Milton left end pushed ob at DET 26 for 2 yards (K.Dorsey).
2026,PRESEASON WEEK 1,Thursday,August 13th,DET,CIN,3rd Quarter,3,Cincinnati Bengals,1,8,0,-5 Yard Penalty,2nd & 8 at DET 26,09:37 3rd Shotgun,"— PENALTY on CIN-A.Coker, False Start, 5 yards, enforced at DET 26 - No Play."
2026,PRESEASON WEEK 1,Thursday,August 13th,DET,CIN,3rd Quarter,3,Cincinnati Bengals,1,9,0,4 Yard Run,2nd & 13 at DET 31,09:17 3rd Shotgun,— K.Milton up the middle to DET 27 for 4 yards (E.O'Neill; M.Adams).
2026,PRESEASON WEEK 1,Thursday,August 13th,DET,CIN,3rd Quarter,3,Cincinnati Bengals,1,10,0,15 Yard Pass,3rd & 9 at DET 27,08:40 3rd Shotgun,— J.Johnson pass short left to T.Hudson to DET 12 for 15 yards (A.Brown).
2026,PRESEASON WEEK 1,Thursday,August 13th,DET,CIN,3rd Quarter,3,Cincinnati Bengals,1,11,0,5 Yard Run,1st & 10 at DET 12,07:58 3rd,— J.Johnson scrambles left end ran ob at DET 7 for 5 yards (L.Strickland). DET-L.Strickland was injured during the play.
2026,PRESEASON WEEK 1,Thursday,August 13th,DET,CIN,3rd Quarter,3,Cincinnati Bengals,1,12,0,Pass Incomplete,2nd & 5 at DET 7,07:44 3rd Shotgun,— J.Johnson pass incomplete short left to N.Thomas.
2026,PRESEASON WEEK 1,Thursday,August 13th,DET,CIN,3rd Quarter,3,Cincinnati Bengals,1,13,0,-8 Yard Sack,3rd & 5 at DET 7,07:41 3rd Shotgun,"— J.Johnson sacked at DET 16 for -9 yards (A.Hassanein). FUMBLES (A.Hassanein), recovered by CIN-J.Rivers at DET 15."
2026,PRESEASON WEEK 1,Thursday,August 13th,DET,CIN,3rd Quarter,3,Cincinnati Bengals,1,14,1,Field Goal,4th & 13 at DET 15,06:58 3rd,"— E.McPherson 33 yard field goal is GOOD, Center-W.Wagner, Holder-R.Rehkow."
2026,PRESEASON WEEK 1,Thursday,August 13th,DET,CIN,3rd Quarter,4,Detroit Lions,0,1,0,Kickoff from CIN 35,,Kickoff,— E.McPherson kicks 63 yards from CIN 35 to DET 2. R.Blackshear to DET 26 for 24 yards (T.Hudson).
2026,PRESEASON WEEK 1,Thursday,August 13th,DET,CIN,3rd Quarter,4,Detroit Lions,0,2,0,2 Yard Pass,1st & 10 at DET 26,06:50 3rd,— L.Altmyer pass short right to Z.Horton to DET 28 for 2 yards (J.Giles-Harris).
2026,PRESEASON WEEK 1,Thursday,August 13th,DET,CIN,3rd Quarter,4,Detroit Lions,0,3,0,3 Yard Pass,2nd & 8 at DET 28,06:12 3rd Shotgun,— L.Altmyer pass short left to Z.Horton to DET 31 for 3 yards (P.Jules).
2026,PRESEASON WEEK 1,Thursday,August 13th,DET,CIN,3rd Quarter,4,Detroit Lions,0,4,0,24 Yard Run,3rd & 5 at DET 31,05:36 3rd Shotgun,— R.Blackshear right guard to CIN 45 for 24 yards (D.Anthony).
2026,PRESEASON WEEK 1,Thursday,August 13th,DET,CIN,3rd Quarter,4,Detroit Lions,0,5,0,1 Yard Run,1st & 10 at CIN 45,04:56 3rd,— R.Blackshear up the middle to CIN 44 for 1 yard (S.Heyward; C.Johnson).
2026,PRESEASON WEEK 1,Thursday,August 13th,DET,CIN,3rd Quarter,4,Detroit Lions,0,6,0,1 Yard Run,2nd & 9 at CIN 44,04:21 3rd,— R.Blackshear left guard to CIN 43 for 1 yard (B.Lux).
2026,PRESEASON WEEK 1,Thursday,August 13th,DET,CIN,3rd Quarter,4,Detroit Lions,0,7,0,-7 Yard Run,3rd & 8 at CIN 43,03:42 3rd Shotgun,"— L.Altmyer Aborted. M.Niese FUMBLES at CIN 47, recovered by DET-R.Blackshear at 50."
2026,PRESEASON WEEK 1,Thursday,August 13th,DET,CIN,3rd Quarter,4,Detroit Lions,0,8,0,Punt,4th & 15 at 50,03:04 3rd,"— J.Fox punts 38 yards to CIN 12, Center-H.Hatten, fair catch by D.Meyers."
2026,PRESEASON WEEK 1,Thursday,August 13th,DET,CIN,4th Quarter,1,Cincinnati Bengals,1,1,0,4 Yard Pass,1st & 10 at CIN 12,02:57 3rd,— J.Johnson pass short right to J.Kattus to CIN 16 for 4 yards (K.Abney).
2026,PRESEASON WEEK 1,Thursday,August 13th,DET,CIN,4th Quarter,1,Cincinnati Bengals,1,2,0,1 Yard Run,2nd & 6 at CIN 16,02:21 3rd Shotgun,— G.Brightwell right tackle to CIN 17 for 1 yard (A.Brown).
2026,PRESEASON WEEK 1,Thursday,August 13th,DET,CIN,4th Quarter,1,Cincinnati Bengals,1,3,0,12 Yard Pass,3rd & 5 at CIN 17,01:48 3rd Shotgun,— J.Johnson pass short left to D.Meyers to CIN 29 for 12 yards (K.Abney).
2026,PRESEASON WEEK 1,Thursday,August 13th,DET,CIN,4th Quarter,1,Cincinnati Bengals,1,4,0,17 Yard Pass,1st & 10 at CIN 29,01:13 3rd,— J.Johnson pass short left to J.Endries to CIN 46 for 17 yards (T.Reeder).
2026,PRESEASON WEEK 1,Thursday,August 13th,DET,CIN,4th Quarter,1,Cincinnati Bengals,1,5,0,7 Yard Pass,1st & 10 at CIN 46,00:28 3rd,— J.Johnson pass short right to K.Milton to DET 47 for 7 yards (A.Ogbongbemiga; K.Abney).
2026,PRESEASON WEEK 1,Thursday,August 13th,DET,CIN,4th Quarter,1,Cincinnati Bengals,1,6,0,2 Yard Run,2nd & 3 at DET 47,15:00 4th,— K.Milton up the middle to DET 45 for 2 yards (E.Hunter).
2026,PRESEASON WEEK 1,Thursday,August 13th,DET,CIN,4th Quarter,1,Cincinnati Bengals,1,7,0,4 Yard Pass,3rd & 1 at DET 45,14:16 4th,— J.Johnson pass short right to J.Endries to DET 41 for 4 yards (A.Brown).
2026,PRESEASON WEEK 1,Thursday,August 13th,DET,CIN,4th Quarter,1,Cincinnati Bengals,1,8,0,4 Yard Pass,1st & 10 at DET 41,13:33 4th Shotgun,— J.Johnson pass short middle to D.Meyers to DET 37 for 4 yards (A.Brown).
2026,PRESEASON WEEK 1,Thursday,August 13th,DET,CIN,4th Quarter,1,Cincinnati Bengals,1,9,0,3 Yard Run,2nd & 6 at DET 37,12:56 4th Shotgun,— K.Milton right end to DET 34 for 3 yards (R.McCreary; T.Reeder). DET-A.Brown was injured during the play.
2026,PRESEASON WEEK 1,Thursday,August 13th,DET,CIN,4th Quarter,1,Cincinnati Bengals,1,10,0,5 Yard Pass,3rd & 3 at DET 34,12:30 4th Shotgun,— J.Johnson pass short right to T.Hudson to DET 29 for 5 yards (E.Hunter).
2026,PRESEASON WEEK 1,Thursday,August 13th,DET,CIN,4th Quarter,1,Cincinnati Bengals,1,11,0,Pass Incomplete,1st & 10 at DET 29,"12:10 4th No Huddle, Shotgun","— J.Johnson pass incomplete short left to D.Meyers (R.Cooper). Detroit challenged the incomplete pass ruling, and the play was Upheld. The ruling on the field stands. (Timeout #1.)"
2026,PRESEASON WEEK 1,Thursday,August 13th,DET,CIN,4th Quarter,1,Cincinnati Bengals,1,12,0,5 Yard Run,2nd & 10 at DET 29,12:04 4th,— G.Brightwell right end to DET 24 for 5 yards (R.McCreary). ** Injury Update: DET-A.Brown has returned to the game.
2026,PRESEASON WEEK 1,Thursday,August 13th,DET,CIN,4th Quarter,1,Cincinnati Bengals,1,13,0,1 Yard Run,3rd & 5 at DET 24,11:23 4th Shotgun,— J.Johnson scrambles left end to DET 23 for 1 yard (S.Gill-Howard).
2026,PRESEASON WEEK 1,Thursday,August 13th,DET,CIN,4th Quarter,1,Cincinnati Bengals,1,14,1,Field Goal,4th & 4 at DET 23,10:35 4th,"— E.McPherson 41 yard field goal is GOOD, Center-W.Wagner, Holder-R.Rehkow."
2026,PRESEASON WEEK 1,Thursday,August 13th,DET,CIN,4th Quarter,2,Detroit Lions,0,1,0,Kickoff from CIN 35,,Kickoff,— E.McPherson kicks 62 yards from CIN 35 to DET 3. K.Robichaux to DET 29 for 26 yards (T.Hudson; L.Anderson).
2026,PRESEASON WEEK 1,Thursday,August 13th,DET,CIN,4th Quarter,2,Detroit Lions,0,2,0,5 Yard Pass,1st & 10 at DET 29,10:26 4th Shotgun,— L.Altmyer pass short right to T.Gordon to DET 34 for 5 yards (S.Heyward; J.Kimber).
2026,PRESEASON WEEK 1,Thursday,August 13th,DET,CIN,4th Quarter,2,Detroit Lions,0,3,0,-10 Yard Penalty,2nd & 5 at DET 34,09:53 4th Shotgun,"— L.Altmyer pass deep left to T.Black pushed ob at CIN 31 for 35 yards (C.Wright). PENALTY on DET-T.Black, Offensive Pass Interference, 10 yards, enforced at DET 34 - No Play."
2026,PRESEASON WEEK 1,Thursday,August 13th,DET,CIN,4th Quarter,2,Detroit Lions,0,4,0,Pass Incomplete,2nd & 15 at DET 24,09:31 4th,— L.Altmyer pass incomplete deep left to T.Black.
2026,PRESEASON WEEK 1,Thursday,August 13th,DET,CIN,4th Quarter,2,Detroit Lions,0,5,0,-12 Yard Sack,3rd & 15 at DET 24,09:24 4th Shotgun,— L.Altmyer sacked at DET 12 for -12 yards (sack split by L.Robinson and A.Powell-Ryland).
2026,PRESEASON WEEK 1,Thursday,August 13th,DET,CIN,4th Quarter,2,Detroit Lions,0,6,0,Punt,4th & 27 at DET 12,08:43 4th,"— J.Fox punts 56 yards to CIN 32, Center-H.Hatten. K.Williams to CIN 39 for 7 yards (A.Brown). PENALTY on CIN-J.Dingle, Illegal Block Above the Waist, 10 yards, enforced at CIN 39."
2026,PRESEASON WEEK 1,Thursday,August 13th,DET,CIN,4th Quarter,3,Cincinnati Bengals,0,1,0,8 Yard Run,1st & 10 at CIN 29,08:32 4th,— K.Williams right end to CIN 37 for 8 yards (T.Reeder; R.McCreary).
2026,PRESEASON WEEK 1,Thursday,August 13th,DET,CIN,4th Quarter,3,Cincinnati Bengals,0,2,0,6 Yard Run,2nd & 2 at CIN 37,07:48 4th,— K.Bullock up the middle to CIN 43 for 6 yards (A.Lucas; A.Ogbongbemiga).
2026,PRESEASON WEEK 1,Thursday,August 13th,DET,CIN,4th Quarter,3,Cincinnati Bengals,0,3,0,Pass Incomplete,1st & 10 at CIN 43,07:08 4th,— S.Clifford pass incomplete short right.
2026,PRESEASON WEEK 1,Thursday,August 13th,DET,CIN,4th Quarter,3,Cincinnati Bengals,0,4,0,2 Yard Pass,2nd & 10 at CIN 43,07:02 4th Shotgun,— S.Clifford pass short left to G.Brightwell to CIN 45 for 2 yards (A.Ogbongbemiga).
2026,PRESEASON WEEK 1,Thursday,August 13th,DET,CIN,4th Quarter,3,Cincinnati Bengals,0,5,0,Pass Incomplete,3rd & 8 at CIN 45,06:22 4th Shotgun,— S.Clifford pass incomplete deep left to K.Williams.
2026,PRESEASON WEEK 1,Thursday,August 13th,DET,CIN,4th Quarter,3,Cincinnati Bengals,0,6,0,Punt,4th & 8 at CIN 45,06:15 4th,"— R.Rehkow punts 55 yards to end zone, Center-W.Wagner, Touchback."
2026,PRESEASON WEEK 1,Thursday,August 13th,DET,CIN,4th Quarter,4,Detroit Lions,1,1,0,4 Yard Run,1st & 10 at DET 20,06:09 4th,— K.Robichaux up the middle to DET 24 for 4 yards (J.Giles-Harris).
2026,PRESEASON WEEK 1,Thursday,August 13th,DET,CIN,4th Quarter,4,Detroit Lions,1,2,0,13 Yard Run,2nd & 6 at DET 24,05:31 4th Shotgun,— K.Robichaux left guard to DET 37 for 13 yards (R.Yeast).
2026,PRESEASON WEEK 1,Thursday,August 13th,DET,CIN,4th Quarter,4,Detroit Lions,1,3,0,6 Yard Run,1st & 10 at DET 37,04:58 4th,— K.Robichaux left guard to DET 43 for 6 yards (J.Giles-Harris).
2026,PRESEASON WEEK 1,Thursday,August 13th,DET,CIN,4th Quarter,4,Detroit Lions,1,4,0,3 Yard Run,2nd & 4 at DET 43,04:25 4th,— R.Blackshear left guard to DET 46 for 3 yards (L.Anderson; I.Foskey).
2026,PRESEASON WEEK 1,Thursday,August 13th,DET,CIN,4th Quarter,4,Detroit Lions,1,5,0,1 Yard Run,3rd & 1 at DET 46,03:53 4th,— L.Altmyer up the middle to DET 47 for 1 yard (R.Yeast; H.Cross).
2026,PRESEASON WEEK 1,Thursday,August 13th,DET,CIN,4th Quarter,4,Detroit Lions,1,6,0,-2 Yard Run,1st & 10 at DET 47,"03:29 4th No Huddle, Shotgun","— L.Altmyer Aborted. M.Niese FUMBLES at DET 43, recovered by DET-L.Altmyer at DET 41. L.Altmyer to DET 45 for 4 yards (J.Giles-Harris)."
2026,PRESEASON WEEK 1,Thursday,August 13th,DET,CIN,4th Quarter,4,Detroit Lions,1,7,0,14 Yard Pass,2nd & 12 at DET 45,"03:05 4th No Huddle, Shotgun",— L.Altmyer pass short left to T.Martin to CIN 41 for 14 yards (C.Wright).
2026,PRESEASON WEEK 1,Thursday,August 13th,DET,CIN,4th Quarter,4,Detroit Lions,1,8,0,4 Yard Run,1st & 10 at CIN 41,"02:37 4th No Huddle, Shotgun",— R.Blackshear up the middle to CIN 37 for 4 yards (L.Anderson).
2026,PRESEASON WEEK 1,Thursday,August 13th,DET,CIN,4th Quarter,4,Detroit Lions,1,9,0,2 Yard Pass,2nd & 6 at CIN 37,"02:16 4th No Huddle, Shotgun",— L.Altmyer pass short right to D.Lovett to CIN 35 for 2 yards (B.Lux).
2026,PRESEASON WEEK 1,Thursday,August 13th,DET,CIN,4th Quarter,4,Detroit Lions,1,10,0,11 Yard Pass,3rd & 4 at CIN 35,02:00 4th Shotgun,— L.Altmyer pass short middle to D.Lovett to CIN 24 for 11 yards (J.Kimber).
2026,PRESEASON WEEK 1,Thursday,August 13th,DET,CIN,4th Quarter,4,Detroit Lions,1,11,0,Pass Incomplete,1st & 10 at CIN 24,"01:40 4th No Huddle, Shotgun",— L.Altmyer pass incomplete deep right to D.Lovett. CIN-I.Foskey was injured during the play.
2026,PRESEASON WEEK 1,Thursday,August 13th,DET,CIN,4th Quarter,4,Detroit Lions,1,12,0,Timeout,,01:35 4th,— Timeout #2 by CIN at 01:35.
2026,PRESEASON WEEK 1,Thursday,August 13th,DET,CIN,4th Quarter,4,Detroit Lions,1,13,1,Touchdown,2nd & 10 at CIN 24,01:35 4th Shotgun,"— L.Altmyer pass short right to T.Black for 24 yards, TOUCHDOWN [L.Robinson]."
2026,PRESEASON WEEK 1,Thursday,August 13th,DET,CIN,4th Quarter,4,Detroit Lions,1,14,0,2 Point Conversion,,01:28 4th,— TWO-POINT CONVERSION ATTEMPT. L.Altmyer rushes left end. ATTEMPT SUCCEEDS.
2026,PRESEASON WEEK 1,Thursday,August 13th,DET,CIN,4th Quarter,5,Cincinnati Bengals,0,1,0,Kickoff from DET 35,,Kickoff,— J.Bates kicks onside 12 yards from DET 35 to DET 47. N.Thomas (didn't try to advance) to DET 42 for 5 yards.
2026,PRESEASON WEEK 1,Thursday,August 13th,DET,CIN,4th Quarter,5,Cincinnati Bengals,0,2,0,3 Yard Run,1st & 10 at DET 42,01:26 4th,— K.Milton left tackle to DET 39 for 3 yards (M.Adams).
2026,PRESEASON WEEK 1,Thursday,August 13th,DET,CIN,4th Quarter,5,Cincinnati Bengals,0,3,0,Timeout,,01:22 4th,— Timeout #2 by DET at 01:22.
2026,PRESEASON WEEK 1,Thursday,August 13th,DET,CIN,4th Quarter,5,Cincinnati Bengals,0,4,0,2 Yard Run,2nd & 7 at DET 39,01:22 4th,— K.Milton up the middle to DET 37 for 2 yards (M.Adams; B.Stille).
2026,PRESEASON WEEK 1,Thursday,August 13th,DET,CIN,4th Quarter,5,Cincinnati Bengals,0,5,0,Timeout,,01:18 4th,— Timeout #3 by DET at 01:18.
2026,PRESEASON WEEK 1,Thursday,August 13th,DET,CIN,4th Quarter,5,Cincinnati Bengals,0,6,0,-1 Yard Run,3rd & 5 at DET 37,01:18 4th,"— K.Milton left guard to DET 38 for -1 yards (E.O'Neill, R.McCreary)."
2026,PRESEASON WEEK 1,Thursday,August 13th,DET,CIN,4th Quarter,5,Cincinnati Bengals,0,7,0,-5 Yard Penalty,4th & 6 at DET 38,00:32 4th Run formation,"— PENALTY on CIN, Delay of Game, 5 yards, enforced at DET 38 - No Play."
2026,PRESEASON WEEK 1,Thursday,August 13th,DET,CIN,4th Quarter,5,Cincinnati Bengals,0,8,0,Punt,4th & 11 at DET 43,00:32 4th,"— R.Rehkow punts 34 yards to DET 9, Center-W.Wagner, fair catch by D.Lovett. ** Injury Update: CIN-I.Foskey has returned to the game."
2026,PRESEASON WEEK 1,Thursday,August 13th,DET,CIN,4th Quarter,6,Detroit Lions,0,1,0,Interception,1st & 10 at DET 9,00:25 4th Shotgun,"— L.Altmyer pass deep left intended for D.Lovett INTERCEPTED by R.Yeast at DET 36. R.Yeast pushed ob at DET 22 for 14 yards (T.Martin; K.Robichaux). PENALTY on DET-T.Martin, Face Mask, 11 yards, enforced at DET 22."
2026,PRESEASON WEEK 1,Thursday,August 13th,DET,CIN,4th Quarter,7,Cincinnati Bengals,0,1,0,-1 Yard Run,1st & 10 at DET 11,00:16 4th,— S.Clifford kneels to DET 12 for -1 yards.
2026,PRESEASON WEEK 1,Thursday,August 13th,GB,PIT,1st Quarter,1,Green Bay Packers,1,1,0,Kickoff from PIT 35,,Kickoff,"— C.Boswell kicks 65 yards from PIT 35 to end zone, Touchback to the GB 35."
2026,PRESEASON WEEK 1,Thursday,August 13th,GB,PIT,1st Quarter,1,Green Bay Packers,1,2,0,5 Yard Run,1st & 10 at GB 35,15:00 1st,— M.Lloyd left guard to GB 40 for 5 yards (A.Highsmith).
2026,PRESEASON WEEK 1,Thursday,August 13th,GB,PIT,1st Quarter,1,Green Bay Packers,1,3,0,Pass Incomplete,2nd & 5 at GB 40,14:30 1st Shotgun,— J.Love pass incomplete short right to C.Watson.
2026,PRESEASON WEEK 1,Thursday,August 13th,GB,PIT,1st Quarter,1,Green Bay Packers,1,4,0,19 Yard Pass,3rd & 5 at GB 40,14:27 1st Shotgun,— J.Love pass short middle to J.Reed to PIT 41 for 19 yards (D.Slaughter).
2026,PRESEASON WEEK 1,Thursday,August 13th,GB,PIT,1st Quarter,1,Green Bay Packers,1,5,0,2 Yard Run,1st & 10 at PIT 41,13:52 1st,— M.Lloyd up the middle to PIT 39 for 2 yards (Y.Black; D.Harmon).
2026,PRESEASON WEEK 1,Thursday,August 13th,GB,PIT,1st Quarter,1,Green Bay Packers,1,6,0,3 Yard Pass,2nd & 8 at PIT 39,13:10 1st Shotgun,— J.Love pass short left to J.Whyle to PIT 36 for 3 yards (R.Spears-Jennings).
2026,PRESEASON WEEK 1,Thursday,August 13th,GB,PIT,1st Quarter,1,Green Bay Packers,1,7,0,-4 Yard Pass,3rd & 5 at PIT 36,12:34 1st Shotgun,— J.Love pass short right to M.Lloyd to PIT 40 for -4 yards (D.Slaughter).
2026,PRESEASON WEEK 1,Thursday,August 13th,GB,PIT,1st Quarter,1,Green Bay Packers,1,8,0,2 Yard Run,1st & 10 at PIT 25,11:43 1st,— M.Lloyd left tackle to PIT 23 for 2 yards (A.Highsmith; R.Jenkins).
2026,PRESEASON WEEK 1,Thursday,August 13th,GB,PIT,1st Quarter,1,Green Bay Packers,1,9,0,4 Yard Run,2nd & 8 at PIT 23,10:59 1st Shotgun,— M.Lloyd left guard to PIT 19 for 4 yards (R.Jenkins; J.Sawyer).
2026,PRESEASON WEEK 1,Thursday,August 13th,GB,PIT,1st Quarter,1,Green Bay Packers,1,10,0,Pass Incomplete,3rd & 4 at PIT 19,10:17 1st Shotgun,— J.Love pass incomplete deep right to J.Reed (A.Samuel).
2026,PRESEASON WEEK 1,Thursday,August 13th,GB,PIT,1st Quarter,1,Green Bay Packers,1,11,1,Field Goal,4th & 4 at PIT 19,10:12 1st,"— T.Smack 37 yard field goal is GOOD, Center-C.Adomitis, Holder-D.Whelan."
2026,PRESEASON WEEK 1,Thursday,August 13th,GB,PIT,1st Quarter,2,Pittsburgh Steelers,0,1,0,Kickoff from GB 35,,Kickoff,"— T.Smack kicks 62 yards from GB 35 to PIT 3. K.Wetjen pushed ob at PIT 28 for 25 yards (B.Cisse). PENALTY on PIT-C.Holcomb, Offensive Holding, 10 yards, enforced at PIT 28. Penalty on PIT-C.Bruener, Offensive Holding, declined."
2026,PRESEASON WEEK 1,Thursday,August 13th,GB,PIT,1st Quarter,2,Pittsburgh Steelers,0,2,0,4 Yard Run,1st & 10 at PIT 18,10:02 1st,— T.Homer left end to PIT 22 for 4 yards (L.Van Ness).
2026,PRESEASON WEEK 1,Thursday,August 13th,GB,PIT,1st Quarter,2,Pittsburgh Steelers,0,3,0,-8 Yard Sack,2nd & 6 at PIT 22,09:28 1st Shotgun,— M.Rudolph sacked at PIT 14 for -8 yards (Z.Franklin).
2026,PRESEASON WEEK 1,Thursday,August 13th,GB,PIT,1st Quarter,2,Pittsburgh Steelers,0,4,0,7 Yard Pass,3rd & 14 at PIT 14,08:43 1st Shotgun,— M.Rudolph pass short left to G.Bernard to PIT 21 for 7 yards (X.McKinney).
2026,PRESEASON WEEK 1,Thursday,August 13th,GB,PIT,1st Quarter,2,Pittsburgh Steelers,0,5,0,Punt,4th & 7 at PIT 21,08:07 1st,"— C.Johnston punts 51 yards to GB 28, Center-C.Kuntz, out of bounds. PENALTY on PIT-B.Skowronek, Unnecessary Roughness, 15 yards, enforced at GB 28."
2026,PRESEASON WEEK 1,Thursday,August 13th,GB,PIT,1st Quarter,3,Green Bay Packers,0,1,0,Pass Incomplete,1st & 10 at GB 43,07:59 1st Shotgun,— T.Taylor pass incomplete short left.
2026,PRESEASON WEEK 1,Thursday,August 13th,GB,PIT,1st Quarter,3,Green Bay Packers,0,2,0,Pass Incomplete,2nd & 10 at GB 43,07:53 1st Shotgun,— T.Taylor pass incomplete deep right to S.Williams.
2026,PRESEASON WEEK 1,Thursday,August 13th,GB,PIT,1st Quarter,3,Green Bay Packers,0,3,0,7 Yard Pass,3rd & 10 at GB 43,07:49 1st Shotgun,— T.Taylor pass short right to B.Melton to 50 for 7 yards (P.Wilson).
2026,PRESEASON WEEK 1,Thursday,August 13th,GB,PIT,1st Quarter,3,Green Bay Packers,0,4,0,Punt,4th & 3 at 50,07:10 1st,"— D.Whelan punts 41 yards to PIT 9, Center-C.Adomitis. K.Wetjen to PIT 15 for 6 yards (N.Niemann; C.Adomitis)."
2026,PRESEASON WEEK 1,Thursday,August 13th,GB,PIT,2nd Quarter,1,Pittsburgh Steelers,0,1,0,-9 Yard Sack,1st & 10 at PIT 15,06:59 1st Shotgun,— M.Rudolph sacked at PIT 6 for -9 yards (B.Cox).
2026,PRESEASON WEEK 1,Thursday,August 13th,GB,PIT,2nd Quarter,1,Pittsburgh Steelers,0,2,0,13 Yard Pass,2nd & 19 at PIT 6,06:15 1st Shotgun,— M.Rudolph pass short middle to G.Bernard to PIT 19 for 13 yards (M.Kenion).
2026,PRESEASON WEEK 1,Thursday,August 13th,GB,PIT,2nd Quarter,1,Pittsburgh Steelers,0,3,0,19 Yard Pass,3rd & 6 at PIT 19,05:37 1st Shotgun,— M.Rudolph pass deep left to B.Skowronek to PIT 38 for 19 yards (M.Kenion).
2026,PRESEASON WEEK 1,Thursday,August 13th,GB,PIT,2nd Quarter,1,Pittsburgh Steelers,0,4,0,2 Yard Run,1st & 10 at PIT 38,05:01 1st,— T.Homer left guard to PIT 40 for 2 yards (A.Campbell).
2026,PRESEASON WEEK 1,Thursday,August 13th,GB,PIT,2nd Quarter,1,Pittsburgh Steelers,0,5,0,25 Yard Pass,2nd & 8 at PIT 40,04:27 1st Shotgun,— M.Rudolph pass short right to G.Bernard to GB 35 for 25 yards (M.Kenion).
2026,PRESEASON WEEK 1,Thursday,August 13th,GB,PIT,2nd Quarter,1,Pittsburgh Steelers,0,6,0,-5 Yard Penalty,1st & 10 at GB 35,03:47 1st,"— PENALTY on PIT-T.Fautanu, False Start, 5 yards, enforced at GB 35 - No Play."
2026,PRESEASON WEEK 1,Thursday,August 13th,GB,PIT,2nd Quarter,1,Pittsburgh Steelers,0,7,0,11 Yard Run,1st & 15 at GB 40,03:38 1st Shotgun,— L.Nichols up the middle to GB 29 for 11 yards (M.Kenion).
2026,PRESEASON WEEK 1,Thursday,August 13th,GB,PIT,2nd Quarter,1,Pittsburgh Steelers,0,8,0,2 Yard Run,2nd & 4 at GB 29,03:06 1st,— L.Nichols right guard to GB 27 for 2 yards (C.McClellan).
2026,PRESEASON WEEK 1,Thursday,August 13th,GB,PIT,2nd Quarter,1,Pittsburgh Steelers,0,9,0,4 Yard Pass,3rd & 2 at GB 27,"02:43 1st No Huddle, Shotgun",— M.Rudolph pass short left to B.Smith ran ob at GB 23 for 4 yards.
2026,PRESEASON WEEK 1,Thursday,August 13th,GB,PIT,2nd Quarter,1,Pittsburgh Steelers,0,10,0,2 Yard Pass,1st & 10 at GB 23,02:10 1st Shotgun,— M.Rudolph pass short left to T.Homer to GB 21 for 2 yards (M.Perry).
2026,PRESEASON WEEK 1,Thursday,August 13th,GB,PIT,2nd Quarter,1,Pittsburgh Steelers,0,11,0,7 Yard Pass,2nd & 8 at GB 21,01:30 1st Shotgun,— M.Rudolph pass short right to R.Wilson pushed ob at GB 14 for 7 yards (K.Nixon).
2026,PRESEASON WEEK 1,Thursday,August 13th,GB,PIT,2nd Quarter,1,Pittsburgh Steelers,0,12,0,8 Yard Pass,3rd & 1 at GB 14,01:00 1st,— M.Rudolph pass short right to T.Homer pushed ob at GB 6 for 8 yards (M.Perry).
2026,PRESEASON WEEK 1,Thursday,August 13th,GB,PIT,2nd Quarter,1,Pittsburgh Steelers,0,13,0,-9 Yard Run,1st & 6 at GB 6,00:23 1st,"— L.Nichols left end for 6 yards, TOUCHDOWN NULLIFIED by Penalty. PENALTY on PIT-T.Fautanu, Offensive Holding, 10 yards, enforced at GB 5."
2026,PRESEASON WEEK 1,Thursday,August 13th,GB,PIT,2nd Quarter,1,Pittsburgh Steelers,0,14,0,Timeout,,00:17 1st,— Timeout #1 by PIT at 00:17.
2026,PRESEASON WEEK 1,Thursday,August 13th,GB,PIT,2nd Quarter,1,Pittsburgh Steelers,0,15,0,6 Yard Pass,1st & 15 at GB 15,00:17 1st,— M.Rudolph pass short left to G.Bernard to GB 9 for 6 yards (B.Cisse).
2026,PRESEASON WEEK 1,Thursday,August 13th,GB,PIT,2nd Quarter,1,Pittsburgh Steelers,0,16,0,6 Yard Run,2nd & 9 at GB 9,15:00 2nd,— L.Nichols left end to GB 3 for 6 yards (B.Cisse).
2026,PRESEASON WEEK 1,Thursday,August 13th,GB,PIT,2nd Quarter,1,Pittsburgh Steelers,0,17,0,Pass Incomplete,3rd & 3 at GB 3,14:20 2nd Shotgun,— M.Rudolph pass incomplete short middle to G.Bernard (M.Kenion) [T.Hopper].
2026,PRESEASON WEEK 1,Thursday,August 13th,GB,PIT,2nd Quarter,1,Pittsburgh Steelers,0,18,0,Turnover on Downs,4th & 3 at GB 3,14:08 2nd Shotgun,— M.Rudolph pass short left to P.Freiermuth to GB 1 for 2 yards (M.Perry).
2026,PRESEASON WEEK 1,Thursday,August 13th,GB,PIT,2nd Quarter,2,Green Bay Packers,0,1,0,9 Yard Run,1st & 10 at GB 1,14:02 2nd Shotgun,— P.Strong right tackle to GB 10 for 9 yards (Ja.Davis; D.Jamison). PIT-D.Jamison was injured during the play.
2026,PRESEASON WEEK 1,Thursday,August 13th,GB,PIT,2nd Quarter,2,Green Bay Packers,0,2,0,4 Yard Run,2nd & 1 at GB 10,13:38 2nd,— P.Strong up the middle to GB 14 for 4 yards (J.Sawyer).
2026,PRESEASON WEEK 1,Thursday,August 13th,GB,PIT,2nd Quarter,2,Green Bay Packers,0,3,0,1 Yard Pass,1st & 10 at GB 14,13:04 2nd,— T.Taylor pass short left to S.Williams to GB 15 for 1 yard (Ja.Davis).
2026,PRESEASON WEEK 1,Thursday,August 13th,GB,PIT,2nd Quarter,2,Green Bay Packers,0,4,0,7 Yard Pass,2nd & 9 at GB 15,12:28 2nd Shotgun,— T.Taylor pass short left to S.Williams to GB 22 for 7 yards (C.Bruener). ** Injury Update: PIT-D.Jamison has returned to the game.
2026,PRESEASON WEEK 1,Thursday,August 13th,GB,PIT,2nd Quarter,2,Green Bay Packers,0,5,0,19 Yard Run,3rd & 2 at GB 22,11:49 2nd Shotgun,"— T.Taylor scrambles right tackle to GB 26 for 4 yards (C.Holcomb). PENALTY on PIT-C.Holcomb, Unnecessary Roughness, 15 yards, enforced at GB 26."
2026,PRESEASON WEEK 1,Thursday,August 13th,GB,PIT,2nd Quarter,2,Green Bay Packers,0,6,0,11 Yard Run,1st & 10 at GB 41,11:32 2nd,"— P.Strong left end to GB 37 for -4 yards (R.Spears-Jennings). PENALTY on PIT-D.Slaughter, Unnecessary Roughness, 15 yards, enforced at GB 37."
2026,PRESEASON WEEK 1,Thursday,August 13th,GB,PIT,2nd Quarter,2,Green Bay Packers,0,7,0,-5 Yard Penalty,1st & 10 at PIT 48,11:09 2nd,"— T.Taylor pass incomplete deep middle to B.Melton. PENALTY on GB, Illegal Formation, 5 yards, enforced at PIT 48 - No Play."
2026,PRESEASON WEEK 1,Thursday,August 13th,GB,PIT,2nd Quarter,2,Green Bay Packers,0,8,0,Pass Incomplete,1st & 15 at GB 47,11:02 2nd Shotgun,— T.Taylor pass incomplete short right to S.Moore (D.Slaughter).
2026,PRESEASON WEEK 1,Thursday,August 13th,GB,PIT,2nd Quarter,2,Green Bay Packers,0,9,0,6 Yard Pass,2nd & 15 at GB 47,10:59 2nd Shotgun,— T.Taylor pass short left to I.Neyor pushed ob at PIT 47 for 6 yards (C.Bruener; D.Everette).
2026,PRESEASON WEEK 1,Thursday,August 13th,GB,PIT,2nd Quarter,2,Green Bay Packers,0,10,0,Pass Incomplete,3rd & 9 at PIT 47,10:28 2nd Shotgun,— T.Taylor pass incomplete short middle to S.Moore (C.Holcomb).
2026,PRESEASON WEEK 1,Thursday,August 13th,GB,PIT,2nd Quarter,2,Green Bay Packers,0,11,0,Punt,4th & 9 at PIT 47,10:23 2nd,"— D.Whelan punts 47 yards to end zone, Center-C.Adomitis, Touchback."
2026,PRESEASON WEEK 1,Thursday,August 13th,GB,PIT,2nd Quarter,3,Pittsburgh Steelers,0,1,0,3 Yard Run,1st & 10 at PIT 20,10:14 2nd Shotgun,— T.Homer up the middle to PIT 23 for 3 yards (I.McDuffie).
2026,PRESEASON WEEK 1,Thursday,August 13th,GB,PIT,2nd Quarter,3,Pittsburgh Steelers,0,2,0,9 Yard Pass,2nd & 7 at PIT 23,09:38 2nd,— W.Howard pass short right to B.Smith to PIT 32 for 9 yards (B.St-Juste).
2026,PRESEASON WEEK 1,Thursday,August 13th,GB,PIT,2nd Quarter,3,Pittsburgh Steelers,0,3,0,Pass Incomplete,1st & 10 at PIT 32,"09:16 2nd No Huddle, Shotgun",— W.Howard pass incomplete short right.
2026,PRESEASON WEEK 1,Thursday,August 13th,GB,PIT,2nd Quarter,3,Pittsburgh Steelers,0,4,0,-1 Yard Run,2nd & 10 at PIT 32,09:09 2nd Shotgun,"— T.Homer up the middle to PIT 31 for -1 yards (W.Brinson, A.Campbell)."
2026,PRESEASON WEEK 1,Thursday,August 13th,GB,PIT,2nd Quarter,3,Pittsburgh Steelers,0,5,0,-2 Yard Sack,3rd & 11 at PIT 31,08:28 2nd Shotgun,— W.Howard sacked at PIT 29 for -2 yards (K.Oladapo).
2026,PRESEASON WEEK 1,Thursday,August 13th,GB,PIT,2nd Quarter,3,Pittsburgh Steelers,0,6,0,Punt,4th & 13 at PIT 29,07:58 2nd,"— C.Johnston punts 44 yards to GB 27, Center-C.Kuntz. S.Moore to GB 41 for 14 yards (D.Everette)."
2026,PRESEASON WEEK 1,Thursday,August 13th,GB,PIT,2nd Quarter,4,Green Bay Packers,0,1,0,-2 Yard Run,1st & 10 at GB 41,07:45 2nd,— J.Nixon right guard to GB 39 for -2 yards (D.Boykin).
2026,PRESEASON WEEK 1,Thursday,August 13th,GB,PIT,2nd Quarter,4,Green Bay Packers,0,2,0,11 Yard Pass,2nd & 12 at GB 39,07:14 2nd Shotgun,— K.McCord pass short middle to S.Moore to 50 for 11 yards (D.Boykin).
2026,PRESEASON WEEK 1,Thursday,August 13th,GB,PIT,2nd Quarter,4,Green Bay Packers,0,3,0,2 Yard Run,3rd & 1 at 50,06:41 2nd,— K.McCord up the middle to PIT 48 for 2 yards (C.Bruener).
2026,PRESEASON WEEK 1,Thursday,August 13th,GB,PIT,2nd Quarter,4,Green Bay Packers,0,4,0,6 Yard Run,1st & 10 at PIT 48,06:01 2nd,— S.Moore left end to PIT 42 for 6 yards (D.Everette; J.Welschof).
2026,PRESEASON WEEK 1,Thursday,August 13th,GB,PIT,2nd Quarter,4,Green Bay Packers,0,5,0,Pass Incomplete,2nd & 4 at PIT 42,05:20 2nd Shotgun,"— K.McCord pass incomplete deep right to S.Williams (D.Boykin, E.Otomewo)."
2026,PRESEASON WEEK 1,Thursday,August 13th,GB,PIT,2nd Quarter,4,Green Bay Packers,0,6,0,5 Yard Run,3rd & 4 at PIT 42,05:14 2nd Shotgun,— K.McCord scrambles left end pushed ob at PIT 37 for 5 yards (J.Sawyer).
2026,PRESEASON WEEK 1,Thursday,August 13th,GB,PIT,2nd Quarter,4,Green Bay Packers,0,7,0,-1 Yard Run,1st & 10 at PIT 37,04:43 2nd,— J.Nixon right end to PIT 38 for -1 yards (C.Holcomb).
2026,PRESEASON WEEK 1,Thursday,August 13th,GB,PIT,2nd Quarter,4,Green Bay Packers,0,8,0,1 Yard Run,2nd & 11 at PIT 38,04:08 2nd,— J.Nixon right guard to PIT 37 for 1 yard (G.Rubio).
2026,PRESEASON WEEK 1,Thursday,August 13th,GB,PIT,2nd Quarter,4,Green Bay Packers,0,9,0,-6 Yard Sack,3rd & 10 at PIT 37,03:28 2nd Shotgun,— K.McCord sacked at PIT 43 for -6 yards (sack split by Ja.Davis and J.Sawyer).
2026,PRESEASON WEEK 1,Thursday,August 13th,GB,PIT,2nd Quarter,4,Green Bay Packers,0,10,0,Punt,4th & 16 at PIT 43,02:49 2nd,"— D.Whelan punts 43 yards to end zone, Center-C.Adomitis, Touchback."
2026,PRESEASON WEEK 1,Thursday,August 13th,GB,PIT,2nd Quarter,5,Pittsburgh Steelers,1,1,0,4 Yard Run,1st & 10 at PIT 20,02:39 2nd,— L.Nichols up the middle to PIT 24 for 4 yards (N.Niemann).
2026,PRESEASON WEEK 1,Thursday,August 13th,GB,PIT,2nd Quarter,5,Pittsburgh Steelers,1,2,0,5 Yard Run,2nd & 6 at PIT 24,02:03 2nd Shotgun,— L.Nichols left guard to PIT 29 for 5 yards (M.Perry; C.Oliver).
2026,PRESEASON WEEK 1,Thursday,August 13th,GB,PIT,2nd Quarter,5,Pittsburgh Steelers,1,3,0,0 Yard Run,3rd & 1 at PIT 29,01:57 2nd Shotgun,"— L.Nichols left tackle to PIT 30 for 1 yard (C.Oliver; N.Kelly). The Replay Official reviewed the first down ruling, and the play was REVERSED. (Shotgun) L.Nichols left tackle to PIT 29 for no gain (C.Oliver; N.Kelly)."
2026,PRESEASON WEEK 1,Thursday,August 13th,GB,PIT,2nd Quarter,5,Pittsburgh Steelers,1,4,0,17 Yard Pass,4th & 1 at PIT 29,01:48 2nd,— W.Howard pass deep left to B.Skowronek to PIT 46 for 17 yards (M.Kenion).
2026,PRESEASON WEEK 1,Thursday,August 13th,GB,PIT,2nd Quarter,5,Pittsburgh Steelers,1,5,0,16 Yard Pass,1st & 10 at PIT 46,"01:27 2nd No Huddle, Shotgun",— W.Howard pass short left to R.Tonyan to GB 38 for 16 yards (M.Perry). GB-M.Perry was injured during the play.
2026,PRESEASON WEEK 1,Thursday,August 13th,GB,PIT,2nd Quarter,5,Pittsburgh Steelers,1,6,0,Timeout,,01:13 2nd,— Timeout #1 by GB at 01:13.
2026,PRESEASON WEEK 1,Thursday,August 13th,GB,PIT,2nd Quarter,5,Pittsburgh Steelers,1,7,0,15 Yard Pass,1st & 10 at GB 38,01:13 2nd Shotgun,— W.Howard pass short left to R.Tonyan to GB 23 for 15 yards (T.Hopper).
2026,PRESEASON WEEK 1,Thursday,August 13th,GB,PIT,2nd Quarter,5,Pittsburgh Steelers,1,8,0,22 Yard Pass,1st & 10 at GB 23,"00:53 2nd No Huddle, Shotgun","— W.Howard pass deep middle to R.Tonyan for 23 yards, TOUCHDOWN. The Replay Official reviewed the runner broke the plane ruling, and the play was REVERSED. (No Huddle, Shotgun) W.Howard pass deep middle to R.Tonyan to GB 1 for 22 yards (M.Kenion)."
2026,PRESEASON WEEK 1,Thursday,August 13th,GB,PIT,2nd Quarter,5,Pittsburgh Steelers,1,9,0,Timeout,,00:49 2nd,— Timeout #2 by GB at 00:49. 10-second runoff avoided.
2026,PRESEASON WEEK 1,Thursday,August 13th,GB,PIT,2nd Quarter,5,Pittsburgh Steelers,1,10,1,Touchdown,1st & 1 at GB 1,00:49 2nd,"— L.Nichols up the middle for 1 yard, TOUCHDOWN."
2026,PRESEASON WEEK 1,Thursday,August 13th,GB,PIT,2nd Quarter,5,Pittsburgh Steelers,1,11,1,Extra Point,,00:46 2nd,"— C.Boswell extra point is GOOD, Center-C.Kuntz, Holder-C.Johnston."
2026,PRESEASON WEEK 1,Thursday,August 13th,GB,PIT,2nd Quarter,6,Green Bay Packers,1,1,0,Kickoff from PIT 35,,Kickoff,— C.Boswell kicks 65 yards from PIT 35 to GB 0. S.Williams to GB 25 for 25 yards (C.Bruener).
2026,PRESEASON WEEK 1,Thursday,August 13th,GB,PIT,2nd Quarter,6,Green Bay Packers,1,2,0,10 Yard Pass,1st & 10 at GB 25,00:38 2nd Shotgun,— K.McCord pass short middle to S.Williams to GB 35 for 10 yards (R.Spears-Jennings).
2026,PRESEASON WEEK 1,Thursday,August 13th,GB,PIT,2nd Quarter,6,Green Bay Packers,1,3,0,12 Yard Pass,1st & 10 at GB 35,"00:23 2nd No Huddle, Shotgun",— K.McCord pass short left to I.Neyor ran ob at GB 47 for 12 yards.
2026,PRESEASON WEEK 1,Thursday,August 13th,GB,PIT,2nd Quarter,6,Green Bay Packers,1,4,0,5 Yard Pass,1st & 10 at GB 47,00:18 2nd Shotgun,— K.McCord pass short right to I.Neyor pushed ob at PIT 48 for 5 yards (D.Jamison).
2026,PRESEASON WEEK 1,Thursday,August 13th,GB,PIT,2nd Quarter,6,Green Bay Packers,1,5,0,Timeout,,00:12 2nd,— Timeout #3 by GB at 00:12.
2026,PRESEASON WEEK 1,Thursday,August 13th,GB,PIT,2nd Quarter,6,Green Bay Packers,1,6,0,8 Yard Pass,2nd & 5 at PIT 48,00:12 2nd Shotgun,— K.McCord pass short middle to W.Sheppard to PIT 40 for 8 yards (S.Castro).
2026,PRESEASON WEEK 1,Thursday,August 13th,GB,PIT,2nd Quarter,6,Green Bay Packers,1,7,0,Pass Incomplete,1st & 10 at PIT 40,00:02 2nd No Huddle,— K.McCord spiked the ball to stop the clock.
2026,PRESEASON WEEK 1,Thursday,August 13th,GB,PIT,2nd Quarter,6,Green Bay Packers,1,8,1,Field Goal,2nd & 10 at PIT 40,00:01 2nd,"— T.Smack 58 yard field goal is GOOD, Center-C.Adomitis, Holder-D.Whelan."
2026,PRESEASON WEEK 1,Thursday,August 13th,GB,PIT,3rd Quarter,1,Pittsburgh Steelers,0,1,0,Kickoff from GB 35,,Kickoff,"— T.Smack kicks 59 yards from GB 35 to PIT 6. K.Wetjen to PIT 23 for 17 yards (J.Sturdivant). PENALTY on PIT-J.Bell, Offensive Holding, 10 yards, enforced at PIT 23."
2026,PRESEASON WEEK 1,Thursday,August 13th,GB,PIT,3rd Quarter,1,Pittsburgh Steelers,0,2,0,-1 Yard Pass,1st & 10 at PIT 13,14:52 3rd,— W.Howard pass short left to L.Nichols to PIT 12 for -1 yards (T.Hopper). ** Injury Update: GB-M.Perry has returned to the game.
2026,PRESEASON WEEK 1,Thursday,August 13th,GB,PIT,3rd Quarter,1,Pittsburgh Steelers,0,3,0,7 Yard Run,2nd & 11 at PIT 12,14:13 3rd Shotgun,— L.Nichols left guard to PIT 19 for 7 yards (N.Niemann; N.Kelly).
2026,PRESEASON WEEK 1,Thursday,August 13th,GB,PIT,3rd Quarter,1,Pittsburgh Steelers,0,4,0,8 Yard Pass,3rd & 4 at PIT 19,13:30 3rd Shotgun,— W.Howard pass short middle to R.Tonyan to PIT 27 for 8 yards (T.Hopper).
2026,PRESEASON WEEK 1,Thursday,August 13th,GB,PIT,3rd Quarter,1,Pittsburgh Steelers,0,5,0,-1 Yard Run,1st & 10 at PIT 27,12:50 3rd,— L.Nichols left tackle to PIT 26 for -1 yards (J.Ford).
2026,PRESEASON WEEK 1,Thursday,August 13th,GB,PIT,3rd Quarter,1,Pittsburgh Steelers,0,6,0,2 Yard Run,2nd & 11 at PIT 26,12:08 3rd Shotgun,— W.Howard scrambles up the middle to PIT 28 for 2 yards (N.Niemann; T.Hopper).
2026,PRESEASON WEEK 1,Thursday,August 13th,GB,PIT,3rd Quarter,1,Pittsburgh Steelers,0,7,0,Pass Incomplete,3rd & 9 at PIT 28,11:30 3rd Shotgun,— W.Howard pass incomplete short middle to L.Wentz.
2026,PRESEASON WEEK 1,Thursday,August 13th,GB,PIT,3rd Quarter,1,Pittsburgh Steelers,0,8,0,Punt,4th & 4 at PIT 33,11:24 3rd,"— C.Johnston punts 52 yards to GB 15, Center-C.Kuntz. W.Sheppard to GB 23 for 8 yards (J.Windmon). PENALTY on GB-K.Oladapo, Illegal Block Above the Waist, 7 yards, enforced at GB 14."
2026,PRESEASON WEEK 1,Thursday,August 13th,GB,PIT,3rd Quarter,2,Green Bay Packers,1,1,0,4 Yard Pass,1st & 10 at GB 7,11:12 3rd Shotgun,— K.McCord pass short right to D.Dabney to GB 11 for 4 yards (D.Slaughter).
2026,PRESEASON WEEK 1,Thursday,August 13th,GB,PIT,3rd Quarter,2,Green Bay Packers,1,2,0,5 Yard Run,2nd & 6 at GB 11,10:36 3rd,— D.Martinez up the middle to GB 16 for 5 yards (S.Castro; E.Otomewo).
2026,PRESEASON WEEK 1,Thursday,August 13th,GB,PIT,3rd Quarter,2,Green Bay Packers,1,3,0,2 Yard Run,3rd & 1 at GB 16,09:59 3rd Shotgun,— D.Martinez up the middle to GB 18 for 2 yards (G.Rubio; E.Otomewo).
2026,PRESEASON WEEK 1,Thursday,August 13th,GB,PIT,3rd Quarter,2,Green Bay Packers,1,4,0,4 Yard Run,1st & 10 at GB 18,09:20 3rd Shotgun,— D.Martinez left tackle to GB 22 for 4 yards (D.Everette; D.Boykin).
2026,PRESEASON WEEK 1,Thursday,August 13th,GB,PIT,3rd Quarter,2,Green Bay Packers,1,5,0,9 Yard Pass,2nd & 6 at GB 22,08:49 3rd,— K.McCord pass short left to M.Swinson pushed ob at GB 31 for 9 yards (C.Bruener).
2026,PRESEASON WEEK 1,Thursday,August 13th,GB,PIT,3rd Quarter,2,Green Bay Packers,1,6,0,Pass Incomplete,1st & 10 at GB 31,08:18 3rd,— K.McCord pass incomplete deep middle to J.Sturdivant.
2026,PRESEASON WEEK 1,Thursday,August 13th,GB,PIT,3rd Quarter,2,Green Bay Packers,1,7,0,26 Yard Pass,2nd & 10 at GB 31,08:09 3rd Shotgun,"— K.McCord pass short left to I.Neyor to GB 42 for 11 yards (D.Everette). PENALTY on PIT-A.Goodlow, Roughing the Passer, 15 yards, enforced at GB 42."
2026,PRESEASON WEEK 1,Thursday,August 13th,GB,PIT,3rd Quarter,2,Green Bay Packers,1,8,0,3 Yard Run,1st & 10 at PIT 43,07:46 3rd,— J.Nixon up the middle to PIT 40 for 3 yards (D.Jamison; G.Rubio). GB-D.Kinnard was injured during the play.
2026,PRESEASON WEEK 1,Thursday,August 13th,GB,PIT,3rd Quarter,2,Green Bay Packers,1,9,0,1 Yard Run,2nd & 7 at PIT 40,07:22 3rd,— D.Martinez up the middle to PIT 39 for 1 yard (G.Rubio; S.Castro).
2026,PRESEASON WEEK 1,Thursday,August 13th,GB,PIT,3rd Quarter,2,Green Bay Packers,1,10,0,14 Yard Pass,3rd & 6 at PIT 39,06:38 3rd Shotgun,— K.McCord pass short middle to J.Sturdivant to PIT 25 for 14 yards (G.Rubio; C.Bruener).
2026,PRESEASON WEEK 1,Thursday,August 13th,GB,PIT,3rd Quarter,2,Green Bay Packers,1,11,0,1 Yard Run,1st & 10 at PIT 25,05:58 3rd,— D.Martinez left guard to PIT 24 for 1 yard (A.Goodlow).
2026,PRESEASON WEEK 1,Thursday,August 13th,GB,PIT,3rd Quarter,2,Green Bay Packers,1,12,0,4 Yard Run,2nd & 9 at PIT 24,05:21 3rd Shotgun,— D.Martinez up the middle to PIT 20 for 4 yards (K.Baugh).
2026,PRESEASON WEEK 1,Thursday,August 13th,GB,PIT,3rd Quarter,2,Green Bay Packers,1,13,0,Pass Incomplete,3rd & 5 at PIT 20,04:38 3rd Shotgun,— K.McCord pass incomplete short left to M.Swinson.
2026,PRESEASON WEEK 1,Thursday,August 13th,GB,PIT,3rd Quarter,2,Green Bay Packers,1,14,1,Field Goal,4th & 5 at PIT 20,04:32 3rd,"— T.Smack 38 yard field goal is GOOD, Center-C.Adomitis, Holder-D.Whelan."
2026,PRESEASON WEEK 1,Thursday,August 13th,GB,PIT,3rd Quarter,3,Pittsburgh Steelers,1,1,0,Kickoff from GB 35,,Kickoff,— T.Smack kicks 64 yards from GB 35 to PIT 1. K.Wetjen to PIT 20 for 19 yards (M.Castles; S.Bartholomew).
2026,PRESEASON WEEK 1,Thursday,August 13th,GB,PIT,3rd Quarter,3,Pittsburgh Steelers,1,2,0,2 Yard Run,1st & 10 at PIT 20,04:21 3rd,— K.Johnson up the middle to PIT 22 for 2 yards (T.Quinn; K.Welch).
2026,PRESEASON WEEK 1,Thursday,August 13th,GB,PIT,3rd Quarter,3,Pittsburgh Steelers,1,3,0,1 Yard Run,2nd & 8 at PIT 22,03:38 3rd,— K.Johnson right tackle to PIT 23 for 1 yard (K.Welch).
2026,PRESEASON WEEK 1,Thursday,August 13th,GB,PIT,3rd Quarter,3,Pittsburgh Steelers,1,4,0,74 Yard Pass,3rd & 7 at PIT 23,02:59 3rd Shotgun,— D.Allar pass short middle to K.Wetjen to GB 3 for 74 yards (S.Bartholomew; B.St-Juste). GB-A.Campbell was injured during the play.
2026,PRESEASON WEEK 1,Thursday,August 13th,GB,PIT,3rd Quarter,3,Pittsburgh Steelers,1,5,0,Pass Incomplete,1st & 3 at GB 3,02:34 3rd,— D.Allar pass incomplete short right to R.Nowakowski.
2026,PRESEASON WEEK 1,Thursday,August 13th,GB,PIT,3rd Quarter,3,Pittsburgh Steelers,1,6,1,Touchdown,2nd & 3 at GB 3,02:29 3rd Shotgun,"— D.Allar right end for 3 yards, TOUCHDOWN."
2026,PRESEASON WEEK 1,Thursday,August 13th,GB,PIT,3rd Quarter,3,Pittsburgh Steelers,1,7,1,Extra Point,,02:25 3rd,"— L.Marjan extra point is GOOD, Center-C.Kuntz, Holder-C.Johnston."
2026,PRESEASON WEEK 1,Thursday,August 13th,GB,PIT,4th Quarter,1,Green Bay Packers,0,1,0,Kickoff from PIT 35,,Kickoff,— L.Marjan kicks 60 yards from PIT 35 to GB 5. J.Sturdivant pushed ob at GB 30 for 25 yards (D.Boykin).
2026,PRESEASON WEEK 1,Thursday,August 13th,GB,PIT,4th Quarter,1,Green Bay Packers,0,2,0,4 Yard Pass,1st & 10 at GB 30,02:19 3rd,— K.McCord pass short right to M.Swinson pushed ob at GB 34 for 4 yards (Ja.Davis).
2026,PRESEASON WEEK 1,Thursday,August 13th,GB,PIT,4th Quarter,1,Green Bay Packers,0,3,0,8 Yard Pass,2nd & 6 at GB 34,01:48 3rd Shotgun,— K.McCord pass short right to J.Sturdivant to GB 42 for 8 yards (Ja.Davis).
2026,PRESEASON WEEK 1,Thursday,August 13th,GB,PIT,4th Quarter,1,Green Bay Packers,0,4,0,3 Yard Run,1st & 10 at GB 42,01:11 3rd,— K.McCord scrambles left end pushed ob at GB 45 for 3 yards (J.Welschof).
2026,PRESEASON WEEK 1,Thursday,August 13th,GB,PIT,4th Quarter,1,Green Bay Packers,0,5,0,-12 Yard Sack,2nd & 7 at GB 45,00:30 3rd,— K.McCord sacked at GB 33 for -12 yards (I.Mukuamu).
2026,PRESEASON WEEK 1,Thursday,August 13th,GB,PIT,4th Quarter,1,Green Bay Packers,0,6,0,6 Yard Pass,3rd & 19 at GB 33,15:00 4th Shotgun,— K.McCord pass short middle to J.Nixon to GB 39 for 6 yards (M.Harrison).
2026,PRESEASON WEEK 1,Thursday,August 13th,GB,PIT,4th Quarter,1,Green Bay Packers,0,7,0,Punt,4th & 13 at GB 39,14:22 4th,"— D.Whelan punts 43 yards to PIT 18, Center-C.Adomitis. K.Wetjen to PIT 22 for 4 yards (C.Oliver). PENALTY on PIT-I.Mukuamu, Illegal Blindside Block, 11 yards, enforced at PIT 22."
2026,PRESEASON WEEK 1,Thursday,August 13th,GB,PIT,4th Quarter,2,Pittsburgh Steelers,1,1,0,18 Yard Pass,1st & 10 at PIT 11,14:12 4th Shotgun,— D.Allar pass short right to M.Hurleman to PIT 29 for 18 yards (J.Simpson).
2026,PRESEASON WEEK 1,Thursday,August 13th,GB,PIT,4th Quarter,2,Pittsburgh Steelers,1,2,0,11 Yard Penalty,1st & 10 at PIT 29,13:25 4th,"— D.Allar pass incomplete short left to L.Wentz. PENALTY on GB-M.Devonshire, Defensive Pass Interference, 11 yards, enforced at PIT 29 - No Play."
2026,PRESEASON WEEK 1,Thursday,August 13th,GB,PIT,4th Quarter,2,Pittsburgh Steelers,1,3,0,2 Yard Run,1st & 10 at PIT 40,13:19 4th,— E.Heidenreich left tackle to PIT 42 for 2 yards (N.Stackhouse).
2026,PRESEASON WEEK 1,Thursday,August 13th,GB,PIT,4th Quarter,2,Pittsburgh Steelers,1,4,0,9 Yard Pass,2nd & 8 at PIT 42,12:39 4th Shotgun,— D.Allar pass short left to L.Wentz to GB 49 for 9 yards (M.Devonshire).
2026,PRESEASON WEEK 1,Thursday,August 13th,GB,PIT,4th Quarter,2,Pittsburgh Steelers,1,5,0,21 Yard Pass,1st & 10 at GB 49,12:03 4th Shotgun,— D.Allar pass short middle to M.Hurleman to GB 28 for 21 yards (T.Dean).
2026,PRESEASON WEEK 1,Thursday,August 13th,GB,PIT,4th Quarter,2,Pittsburgh Steelers,1,6,0,Pass Incomplete,1st & 10 at GB 28,11:18 4th Shotgun,— D.Allar pass incomplete deep right to M.Hurleman.
2026,PRESEASON WEEK 1,Thursday,August 13th,GB,PIT,4th Quarter,2,Pittsburgh Steelers,1,7,0,5 Yard Pass,2nd & 10 at GB 28,11:14 4th Shotgun,— D.Allar pass short right to L.McRee to GB 23 for 5 yards (S.Bartholomew).
2026,PRESEASON WEEK 1,Thursday,August 13th,GB,PIT,4th Quarter,2,Pittsburgh Steelers,1,8,0,7 Yard Pass,3rd & 5 at GB 23,10:35 4th Shotgun,— D.Allar pass short right to M.Hurleman to GB 16 for 7 yards (T.Dean).
2026,PRESEASON WEEK 1,Thursday,August 13th,GB,PIT,4th Quarter,2,Pittsburgh Steelers,1,9,0,4 Yard Pass,1st & 10 at GB 16,"10:13 4th No Huddle, Shotgun",— D.Allar pass short right to L.McRee ran ob at GB 12 for 4 yards.
2026,PRESEASON WEEK 1,Thursday,August 13th,GB,PIT,4th Quarter,2,Pittsburgh Steelers,1,10,0,3 Yard Run,2nd & 6 at GB 12,09:43 4th,— E.Heidenreich up the middle to GB 9 for 3 yards (J.Ford; K.Welch).
2026,PRESEASON WEEK 1,Thursday,August 13th,GB,PIT,4th Quarter,2,Pittsburgh Steelers,1,11,0,4 Yard Penalty,3rd & 3 at GB 9,09:02 4th Shotgun,"— D.Allar pass incomplete short left to K.Wetjen. PENALTY on GB-S.Bartholomew, Defensive Holding, 4 yards, enforced at GB 9 - No Play."
2026,PRESEASON WEEK 1,Thursday,August 13th,GB,PIT,4th Quarter,2,Pittsburgh Steelers,1,12,1,Touchdown,1st & 5 at GB 5,08:55 4th Shotgun,"— D.Allar pass short left to K.Wetjen for 5 yards, TOUCHDOWN."
2026,PRESEASON WEEK 1,Thursday,August 13th,GB,PIT,4th Quarter,2,Pittsburgh Steelers,1,13,1,Extra Point,,08:51 4th,"— L.Marjan extra point is GOOD, Center-C.Kuntz, Holder-C.Johnston."
2026,PRESEASON WEEK 1,Thursday,August 13th,GB,PIT,4th Quarter,3,Green Bay Packers,0,1,0,Kickoff from PIT 35,,Kickoff,"— L.Marjan kicks 61 yards from PIT 35 to GB 4. J.Nixon to GB 31 for 27 yards (M.Harrison). PENALTY on GB-I.Neyor, Offensive Holding, 10 yards, enforced at GB 31."
2026,PRESEASON WEEK 1,Thursday,August 13th,GB,PIT,4th Quarter,3,Green Bay Packers,0,2,0,1 Yard Run,1st & 10 at GB 21,08:43 4th Shotgun,— D.Martinez up the middle to GB 22 for 1 yard (G.Rubio; Ja.Davis).
2026,PRESEASON WEEK 1,Thursday,August 13th,GB,PIT,4th Quarter,3,Green Bay Packers,0,3,0,-15 Yard Sack,2nd & 9 at GB 22,08:00 4th,— K.Drones sacked at GB 7 for -15 yards (Ja.Davis).
2026,PRESEASON WEEK 1,Thursday,August 13th,GB,PIT,4th Quarter,3,Green Bay Packers,0,4,0,2 Yard Run,3rd & 24 at GB 7,07:13 4th Shotgun,— D.Martinez up the middle to GB 9 for 2 yards (M.Harrison).
2026,PRESEASON WEEK 1,Thursday,August 13th,GB,PIT,4th Quarter,3,Green Bay Packers,0,5,0,Punt,4th & 22 at GB 9,06:32 4th,"— D.Whelan punts 51 yards to PIT 40, Center-C.Adomitis. M.Hurleman to PIT 40 for no gain (S.Bartholomew; J.Sturdivant)."
2026,PRESEASON WEEK 1,Thursday,August 13th,GB,PIT,4th Quarter,4,Pittsburgh Steelers,1,1,0,6 Yard Run,1st & 10 at PIT 40,06:19 4th,"— E.Heidenreich left tackle to PIT 41 for 1 yard (J.Crumedy). PENALTY on GB-N.Stackhouse, Defensive Holding, 5 yards, enforced at PIT 41."
2026,PRESEASON WEEK 1,Thursday,August 13th,GB,PIT,4th Quarter,4,Pittsburgh Steelers,1,2,0,3 Yard Run,1st & 10 at PIT 46,05:52 4th,— E.Heidenreich left tackle to PIT 49 for 3 yards (T.Quinn).
2026,PRESEASON WEEK 1,Thursday,August 13th,GB,PIT,4th Quarter,4,Pittsburgh Steelers,1,3,0,6 Yard Pass,2nd & 7 at PIT 49,05:17 4th,— D.Allar pass short right to Jo.Davis to GB 45 for 6 yards (M.Devonshire).
2026,PRESEASON WEEK 1,Thursday,August 13th,GB,PIT,4th Quarter,4,Pittsburgh Steelers,1,4,0,1 Yard Run,3rd & 1 at GB 45,04:42 4th Shotgun,— E.Heidenreich up the middle to GB 44 for 1 yard (N.Kelly).
2026,PRESEASON WEEK 1,Thursday,August 13th,GB,PIT,4th Quarter,4,Pittsburgh Steelers,1,5,0,Pass Incomplete,1st & 10 at GB 44,04:02 4th Shotgun,— D.Allar pass incomplete short left to J.Keeney-James (J.Simpson).
2026,PRESEASON WEEK 1,Thursday,August 13th,GB,PIT,4th Quarter,4,Pittsburgh Steelers,1,6,0,2 Yard Run,2nd & 10 at GB 44,03:59 4th,— E.Heidenreich left guard to GB 42 for 2 yards (J.Crumedy; C.Oliver).
2026,PRESEASON WEEK 1,Thursday,August 13th,GB,PIT,4th Quarter,4,Pittsburgh Steelers,1,7,0,4 Yard Run,3rd & 8 at GB 42,03:10 4th Shotgun,— E.Heidenreich up the middle to GB 38 for 4 yards (C.Oliver; K.Welch).
2026,PRESEASON WEEK 1,Thursday,August 13th,GB,PIT,4th Quarter,4,Pittsburgh Steelers,1,8,0,24 Yard Penalty,4th & 4 at GB 38,02:26 4th Shotgun,"— D.Allar pass incomplete deep left to M.Hurleman. PENALTY on GB-J.Simpson, Defensive Pass Interference, 24 yards, enforced at GB 38 - No Play."
2026,PRESEASON WEEK 1,Thursday,August 13th,GB,PIT,4th Quarter,4,Pittsburgh Steelers,1,9,0,2 Yard Run,1st & 10 at GB 14,02:20 4th,— E.Heidenreich right end to GB 12 for 2 yards (A.Mosby).
2026,PRESEASON WEEK 1,Thursday,August 13th,GB,PIT,4th Quarter,4,Pittsburgh Steelers,1,10,0,3 Yard Run,2nd & 8 at GB 12,02:00 4th Shotgun,— E.Heidenreich left guard to GB 9 for 3 yards (J.Crumedy; T.Dean).
2026,PRESEASON WEEK 1,Thursday,August 13th,GB,PIT,4th Quarter,4,Pittsburgh Steelers,1,11,0,Timeout,,01:55 4th,— Timeout #1 by GB at 01:55.
2026,PRESEASON WEEK 1,Thursday,August 13th,GB,PIT,4th Quarter,4,Pittsburgh Steelers,1,12,0,5 Yard Penalty,3rd & 5 at GB 9,01:55 4th Shotgun,"— D.Allar pass incomplete short middle to Jo.Davis (M.Devonshire). PENALTY on GB-T.Dean, Defensive Holding, 5 yards, enforced at GB 9 - No Play."
2026,PRESEASON WEEK 1,Thursday,August 13th,GB,PIT,4th Quarter,4,Pittsburgh Steelers,1,13,1,Touchdown,1st & 4 at GB 4,01:51 4th,"— D.Allar pass short left to R.Nowakowski for 4 yards, TOUCHDOWN."
2026,PRESEASON WEEK 1,Thursday,August 13th,GB,PIT,4th Quarter,4,Pittsburgh Steelers,1,14,1,Extra Point,,01:46 4th,"— L.Marjan extra point is GOOD, Center-C.Kuntz, Holder-C.Johnston."
2026,PRESEASON WEEK 1,Thursday,August 13th,GB,PIT,4th Quarter,5,Green Bay Packers,0,1,0,Kickoff from PIT 35,,Kickoff,"— L.Marjan kicks 65 yards from PIT 35 to end zone, Touchback to the GB 35."
2026,PRESEASON WEEK 1,Thursday,August 13th,GB,PIT,4th Quarter,5,Green Bay Packers,0,2,0,-4 Yard Sack,1st & 10 at GB 35,01:46 4th Shotgun,— K.Drones sacked at GB 31 for -4 yards (J.Welschof).
2026,PRESEASON WEEK 1,Thursday,August 13th,GB,PIT,4th Quarter,5,Green Bay Packers,0,3,0,Pass Incomplete,2nd & 14 at GB 31,"01:24 4th No Huddle, Shotgun",— K.Drones pass incomplete short left to K.Johnson.
2026,PRESEASON WEEK 1,Thursday,August 13th,GB,PIT,4th Quarter,5,Green Bay Packers,0,4,0,-7 Yard Sack,3rd & 14 at GB 31,01:20 4th Shotgun,— K.Drones sacked at GB 24 for -7 yards (sack split by K.Baugh and Ja.Davis).
2026,PRESEASON WEEK 1,Thursday,August 13th,GB,PIT,4th Quarter,5,Green Bay Packers,0,5,0,Punt,4th & 21 at GB 24,00:41 4th,"— D.Whelan punts 49 yards to PIT 27, Center-C.Adomitis. M.Hurleman to PIT 36 for 9 yards (S.Bartholomew; M.Perry). PENALTY on PIT-I.Mukuamu, Unnecessary Roughness, 13 yards, enforced at PIT 27."
2026,PRESEASON WEEK 1,Thursday,August 13th,GB,PIT,4th Quarter,6,Pittsburgh Steelers,0,1,0,-1 Yard Run,1st & 10 at PIT 14,00:30 4th,— D.Allar kneels to PIT 13 for -1 yards.
2026,PRESEASON WEEK 1,Thursday,August 13th,IND,NE,1st Quarter,1,New England Patriots,1,1,0,Kickoff from IND 35,,Kickoff,"— B.Grupe kicks 65 yards from IND 35 to end zone, Touchback to the NE 35."
2026,PRESEASON WEEK 1,Thursday,August 13th,IND,NE,1st Quarter,1,New England Patriots,1,2,0,1 Yard Run,1st & 10 at NE 35,15:00 1st,— J.Miller right tackle to NE 36 for 1 yard (B.Boettcher; M.Blackmon).
2026,PRESEASON WEEK 1,Thursday,August 13th,IND,NE,1st Quarter,1,New England Patriots,1,3,0,6 Yard Pass,2nd & 9 at NE 36,14:29 1st,— T.DeVito pass short right to M.Hollins pushed ob at NE 42 for 6 yards (M.Blackmon).
2026,PRESEASON WEEK 1,Thursday,August 13th,IND,NE,1st Quarter,1,New England Patriots,1,4,0,9 Yard Penalty,3rd & 3 at NE 42,13:58 1st Shotgun,"— T.DeVito pass incomplete short right to K.Williams. PENALTY on IND-M.Blackmon, Defensive Pass Interference, 9 yards, enforced at NE 42 - No Play."
2026,PRESEASON WEEK 1,Thursday,August 13th,IND,NE,1st Quarter,1,New England Patriots,1,5,0,6 Yard Run,1st & 10 at IND 49,13:54 1st,— J.Miller left guard to IND 43 for 6 yards (C.Taylor-Britt).
2026,PRESEASON WEEK 1,Thursday,August 13th,IND,NE,1st Quarter,1,New England Patriots,1,6,0,4 Yard Run,2nd & 4 at IND 43,13:21 1st,— J.Miller left guard to IND 39 for 4 yards (A.Ajiake).
2026,PRESEASON WEEK 1,Thursday,August 13th,IND,NE,1st Quarter,1,New England Patriots,1,7,0,11 Yard Penalty,1st & 10 at IND 39,12:42 1st Shotgun,"— T.DeVito pass incomplete deep right to M.Hollins. PENALTY on IND-M.Blackmon, Defensive Pass Interference, 11 yards, enforced at IND 39 - No Play."
2026,PRESEASON WEEK 1,Thursday,August 13th,IND,NE,1st Quarter,1,New England Patriots,1,8,0,4 Yard Run,1st & 10 at IND 28,12:36 1st,— J.Miller left guard to IND 24 for 4 yards (A.Haulcy).
2026,PRESEASON WEEK 1,Thursday,August 13th,IND,NE,1st Quarter,1,New England Patriots,1,9,0,Pass Incomplete,2nd & 6 at IND 24,12:03 1st Shotgun,— T.DeVito pass incomplete short left to J.Miller.
2026,PRESEASON WEEK 1,Thursday,August 13th,IND,NE,1st Quarter,1,New England Patriots,1,10,0,3 Yard Pass,3rd & 6 at IND 24,12:00 1st Shotgun,— T.DeVito pass short right to E.Chism to IND 21 for 3 yards (A.Ajiake).
2026,PRESEASON WEEK 1,Thursday,August 13th,IND,NE,1st Quarter,1,New England Patriots,1,11,1,Field Goal,4th & 3 at IND 21,11:19 1st,"— A.Borregales 40 yard field goal is GOOD, Center-N.Lalos, Holder-B.Baringer."
2026,PRESEASON WEEK 1,Thursday,August 13th,IND,NE,1st Quarter,2,Indianapolis Colts,0,1,0,Kickoff from NE 35,,Kickoff,— A.Borregales kicks 55 yards from NE 35 to IND 10. C.Owen to IND 38 for 28 yards (H.Haskins; K.Vildor).
2026,PRESEASON WEEK 1,Thursday,August 13th,IND,NE,1st Quarter,2,Indianapolis Colts,0,2,0,Pass Incomplete,1st & 10 at IND 38,11:12 1st,— A.Richardson pass incomplete short left to W.Mallory.
2026,PRESEASON WEEK 1,Thursday,August 13th,IND,NE,1st Quarter,2,Indianapolis Colts,0,3,0,17 Yard Pass,2nd & 10 at IND 38,11:08 1st Shotgun,— A.Richardson pass short right to A.Ogletree to NE 45 for 17 yards (Q.Hutchins; J.Farmer).
2026,PRESEASON WEEK 1,Thursday,August 13th,IND,NE,1st Quarter,2,Indianapolis Colts,0,4,0,9 Yard Run,1st & 10 at NE 45,10:34 1st,— S.McGowan left guard to NE 36 for 9 yards (G.Jacas; K.Britt).
2026,PRESEASON WEEK 1,Thursday,August 13th,IND,NE,1st Quarter,2,Indianapolis Colts,0,5,0,3 Yard Run,2nd & 1 at NE 36,09:57 1st Shotgun,— S.McGowan up the middle to NE 33 for 3 yards (Q.Hutchins).
2026,PRESEASON WEEK 1,Thursday,August 13th,IND,NE,1st Quarter,2,Indianapolis Colts,0,6,0,Interception,1st & 10 at NE 33,09:17 1st Shotgun,— A.Richardson pass short right intended for C.Owen INTERCEPTED by K.Vildor at NE 33. K.Vildor to NE 33 for no gain (C.Owen).
2026,PRESEASON WEEK 1,Thursday,August 13th,IND,NE,1st Quarter,3,New England Patriots,0,1,0,2 Yard Run,1st & 10 at NE 33,09:11 1st,— L.Larison left tackle to NE 35 for 2 yards (J.Tuimoloau).
2026,PRESEASON WEEK 1,Thursday,August 13th,IND,NE,1st Quarter,3,New England Patriots,0,2,0,Pass Incomplete,2nd & 8 at NE 35,08:37 1st Shotgun,— T.DeVito pass incomplete short middle to M.Hollins.
2026,PRESEASON WEEK 1,Thursday,August 13th,IND,NE,1st Quarter,3,New England Patriots,0,3,0,Pass Incomplete,3rd & 8 at NE 35,08:33 1st Shotgun,— T.DeVito pass incomplete deep right to M.Hollins.
2026,PRESEASON WEEK 1,Thursday,August 13th,IND,NE,1st Quarter,3,New England Patriots,0,4,0,Punt,4th & 8 at NE 35,08:28 1st,"— B.Baringer punts 56 yards to IND 9, Center-N.Lalos, fair catch by C.Owen."
2026,PRESEASON WEEK 1,Thursday,August 13th,IND,NE,1st Quarter,4,Indianapolis Colts,0,1,0,0 Yard Run,1st & 10 at IND 9,08:21 1st,— S.McGowan right tackle to IND 9 for no gain (C.Muma; J.Saunders).
2026,PRESEASON WEEK 1,Thursday,August 13th,IND,NE,1st Quarter,4,Indianapolis Colts,0,2,0,7 Yard Run,2nd & 10 at IND 9,07:45 1st Shotgun,— A.Richardson scrambles right end pushed ob at IND 16 for 7 yards (G.Jacas).
2026,PRESEASON WEEK 1,Thursday,August 13th,IND,NE,1st Quarter,4,Indianapolis Colts,0,3,0,1 Yard Pass,3rd & 3 at IND 16,07:09 1st Shotgun,— A.Richardson pass short left to C.Owen to IND 17 for 1 yard (K.Prunty; C.Canada).
2026,PRESEASON WEEK 1,Thursday,August 13th,IND,NE,1st Quarter,4,Indianapolis Colts,0,4,0,Punt,4th & 2 at IND 17,06:31 1st,"— R.Sanchez punts 57 yards to NE 26, Center-L.Rhodes. K.Prentice to NE 34 for 8 yards (J.Owens; A.Ajiake)."
2026,PRESEASON WEEK 1,Thursday,August 13th,IND,NE,1st Quarter,5,New England Patriots,0,1,0,-5 Yard Penalty,1st & 10 at NE 34,06:19 1st,"— T.DeVito pass short right to E.Raridon to IND 42 for 24 yards (J.Owens; M.Blackmon). PENALTY on NE-C.Lomu, Ineligible Downfield Pass, 5 yards, enforced at NE 34 - No Play."
2026,PRESEASON WEEK 1,Thursday,August 13th,IND,NE,1st Quarter,5,New England Patriots,0,2,0,0 Yard Run,1st & 15 at NE 29,05:59 1st,"— J.Miller right tackle to NE 29 for no gain (J.Carlies, J.Tillery)."
2026,PRESEASON WEEK 1,Thursday,August 13th,IND,NE,1st Quarter,5,New England Patriots,0,3,0,3 Yard Pass,2nd & 15 at NE 29,05:27 1st Shotgun,"— T.DeVito pass short right to L.Larison to NE 45 for 16 yards (A.Haulcy). PENALTY on NE-E.Chism, Illegal Block Above the Waist, 10 yards, enforced at NE 42."
2026,PRESEASON WEEK 1,Thursday,August 13th,IND,NE,1st Quarter,5,New England Patriots,0,4,0,18 Yard Pass,2nd & 12 at NE 32,04:56 1st Shotgun,— T.DeVito pass deep middle to M.Hollins to 50 for 18 yards (M.Blackmon).
2026,PRESEASON WEEK 1,Thursday,August 13th,IND,NE,1st Quarter,5,New England Patriots,0,5,0,3 Yard Run,1st & 10 at 50,04:19 1st,— J.Miller right guard to IND 47 for 3 yards (A.Ajiake; M.Blackmon).
2026,PRESEASON WEEK 1,Thursday,August 13th,IND,NE,1st Quarter,5,New England Patriots,0,6,0,-2 Yard Sack,2nd & 7 at IND 47,03:43 1st,— T.DeVito sacked at IND 49 for -2 yards (G.Gumbs). NE-B.Brown was injured during the play.
2026,PRESEASON WEEK 1,Thursday,August 13th,IND,NE,1st Quarter,5,New England Patriots,0,7,0,8 Yard Pass,3rd & 9 at IND 49,03:06 1st Shotgun,— T.DeVito pass short right to E.Raridon pushed ob at IND 41 for 8 yards (A.Haulcy).
2026,PRESEASON WEEK 1,Thursday,August 13th,IND,NE,1st Quarter,5,New England Patriots,0,8,0,1 Yard Run,4th & 1 at IND 41,02:36 1st Shotgun,— L.Larison right guard to IND 40 for 1 yard (M.Clemons).
2026,PRESEASON WEEK 1,Thursday,August 13th,IND,NE,1st Quarter,5,New England Patriots,0,9,0,-4 Yard Run,1st & 10 at IND 40,02:02 1st,"— L.Larison right end to IND 44 for -4 yards (M.Blackmon, B.Boettcher)."
2026,PRESEASON WEEK 1,Thursday,August 13th,IND,NE,1st Quarter,5,New England Patriots,0,10,0,7 Yard Pass,2nd & 14 at IND 44,01:25 1st Shotgun,— T.DeVito pass short middle to L.Larison to IND 37 for 7 yards (A.Ajiake).
2026,PRESEASON WEEK 1,Thursday,August 13th,IND,NE,1st Quarter,5,New England Patriots,0,11,0,Pass Incomplete,3rd & 7 at IND 37,00:48 1st Shotgun,— T.DeVito pass incomplete short left to E.Raridon (J.Carlies).
2026,PRESEASON WEEK 1,Thursday,August 13th,IND,NE,1st Quarter,5,New England Patriots,0,12,0,Field Goal No Good,4th & 7 at IND 37,00:45 1st,"— A.Borregales 56 yard field goal is No Good, Wide Left, Center-N.Lalos, Holder-B.Baringer."
2026,PRESEASON WEEK 1,Thursday,August 13th,IND,NE,2nd Quarter,1,Indianapolis Colts,0,1,0,19 Yard Pass,1st & 10 at IND 46,00:41 1st Shotgun,— A.Richardson pass deep left to N.Westbrook-Ikhine to NE 35 for 19 yards (C.Canada; M.Brown).
2026,PRESEASON WEEK 1,Thursday,August 13th,IND,NE,2nd Quarter,1,Indianapolis Colts,0,2,0,22 Yard Run,1st & 10 at NE 35,15:00 2nd Shotgun,— A.Richardson left guard to NE 13 for 22 yards (D.Pettus).
2026,PRESEASON WEEK 1,Thursday,August 13th,IND,NE,2nd Quarter,1,Indianapolis Colts,0,3,0,6 Yard Run,1st & 10 at NE 13,14:21 2nd,— S.McGowan up the middle to NE 7 for 6 yards (L.Taylor).
2026,PRESEASON WEEK 1,Thursday,August 13th,IND,NE,2nd Quarter,1,Indianapolis Colts,0,4,0,6 Yard Run,2nd & 4 at NE 7,13:42 2nd Shotgun,— A.Richardson left end ran ob at NE 1 for 6 yards (K.Prunty).
2026,PRESEASON WEEK 1,Thursday,August 13th,IND,NE,2nd Quarter,1,Indianapolis Colts,0,5,0,Fumble,1st & 1 at NE 1,13:10 2nd Shotgun,"— S.McGowan up the middle to NE 1 for no gain (J.Pharms, J.Saunders). FUMBLES (J.Saunders), RECOVERED by NE-D.Pettus at NE 2."
2026,PRESEASON WEEK 1,Thursday,August 13th,IND,NE,2nd Quarter,2,New England Patriots,0,1,0,0 Yard Run,1st & 10 at NE 2,12:45 2nd,— J.Miller up the middle to NE 2 for no gain (H.Wohler).
2026,PRESEASON WEEK 1,Thursday,August 13th,IND,NE,2nd Quarter,2,New England Patriots,0,2,0,Pass Incomplete,2nd & 10 at NE 2,12:15 2nd,— T.DeVito pass incomplete deep right to E.Raridon.
2026,PRESEASON WEEK 1,Thursday,August 13th,IND,NE,2nd Quarter,2,New England Patriots,0,3,0,1 Yard Run,3rd & 10 at NE 2,12:09 2nd Shotgun,— L.Larison left guard to NE 3 for 1 yard (A.Adebawore).
2026,PRESEASON WEEK 1,Thursday,August 13th,IND,NE,2nd Quarter,2,New England Patriots,0,4,0,Punt,4th & 9 at NE 3,11:30 2nd,"— B.Baringer punts 53 yards to IND 44, Center-N.Lalos. C.Owen to NE 29 for 27 yards (K.Minor; M.Brown)."
2026,PRESEASON WEEK 1,Thursday,August 13th,IND,NE,2nd Quarter,3,Indianapolis Colts,0,1,0,-2 Yard Run,1st & 10 at NE 29,11:16 2nd,— U.Bentley right tackle to NE 31 for -2 yards (K.Britt).
2026,PRESEASON WEEK 1,Thursday,August 13th,IND,NE,2nd Quarter,3,Indianapolis Colts,0,2,0,Fumble,2nd & 12 at NE 31,10:39 2nd Shotgun,"— A.Richardson scrambles left end to NE 21 for 10 yards (K.Britt). FUMBLES (K.Britt), RECOVERED by NE-I.Iton at NE 18. The fumble was assisted by replay."
2026,PRESEASON WEEK 1,Thursday,August 13th,IND,NE,2nd Quarter,4,New England Patriots,1,1,0,1 Yard Run,1st & 10 at NE 18,10:30 2nd,— J.Miller left guard to NE 19 for 1 yard (J.Tillery; T.Washington).
2026,PRESEASON WEEK 1,Thursday,August 13th,IND,NE,2nd Quarter,4,New England Patriots,1,2,0,6 Yard Run,2nd & 9 at NE 19,09:56 2nd,— J.Miller right tackle to NE 25 for 6 yards (H.Wohler).
2026,PRESEASON WEEK 1,Thursday,August 13th,IND,NE,2nd Quarter,4,New England Patriots,1,3,0,2 Yard Pass,3rd & 3 at NE 25,09:21 2nd Shotgun,"— T.DeVito pass short right to L.Larison to NE 27 for 2 yards (J.Jones). Penalty on NE-K.Williams, Offensive Pass Interference, declined."
2026,PRESEASON WEEK 1,Thursday,August 13th,IND,NE,2nd Quarter,4,New England Patriots,1,4,0,3 Yard Run,4th & 1 at NE 27,09:00 2nd,— J.Miller up the middle to NE 30 for 3 yards (H.Wohler; J.Carlies).
2026,PRESEASON WEEK 1,Thursday,August 13th,IND,NE,2nd Quarter,4,New England Patriots,1,5,0,-5 Yard Penalty,1st & 10 at NE 30,08:22 2nd,"— T.DeVito pass deep middle to C.Dorner to IND 22 for 48 yards (J.Edwards) [J.Tillery]. PENALTY on NE-J.Hudson, Ineligible Downfield Pass, 5 yards, enforced at NE 30 - No Play."
2026,PRESEASON WEEK 1,Thursday,August 13th,IND,NE,2nd Quarter,4,New England Patriots,1,6,0,18 Yard Pass,1st & 15 at NE 25,07:55 2nd Shotgun,— T.DeVito pass short left to C.Dorner to NE 43 for 18 yards (J.Edwards; B.Boettcher).
2026,PRESEASON WEEK 1,Thursday,August 13th,IND,NE,2nd Quarter,4,New England Patriots,1,7,0,-3 Yard Pass,1st & 10 at NE 43,07:16 2nd Shotgun,— T.DeVito pass short right to E.Chism to NE 40 for -3 yards (R.Carter).
2026,PRESEASON WEEK 1,Thursday,August 13th,IND,NE,2nd Quarter,4,New England Patriots,1,8,0,9 Yard Pass,2nd & 13 at NE 40,06:41 2nd Shotgun,— T.DeVito pass short right to L.Larison to NE 49 for 9 yards (J.Jones).
2026,PRESEASON WEEK 1,Thursday,August 13th,IND,NE,2nd Quarter,4,New England Patriots,1,9,0,20 Yard Pass,3rd & 4 at NE 49,06:00 2nd Shotgun,— T.DeVito pass short right to E.Chism to IND 31 for 20 yards (J.Edwards).
2026,PRESEASON WEEK 1,Thursday,August 13th,IND,NE,2nd Quarter,4,New England Patriots,1,10,0,15 Yard Run,1st & 10 at IND 31,05:18 2nd,— J.Miller left end pushed ob at IND 16 for 15 yards (D.Scott).
2026,PRESEASON WEEK 1,Thursday,August 13th,IND,NE,2nd Quarter,4,New England Patriots,1,11,0,Pass Incomplete,1st & 10 at IND 16,04:50 2nd,— T.DeVito pass incomplete short right to E.Raridon.
2026,PRESEASON WEEK 1,Thursday,August 13th,IND,NE,2nd Quarter,4,New England Patriots,1,12,0,4 Yard Run,2nd & 10 at IND 16,04:45 2nd Shotgun,— J.Miller left tackle to IND 12 for 4 yards (D.Nnadi).
2026,PRESEASON WEEK 1,Thursday,August 13th,IND,NE,2nd Quarter,4,New England Patriots,1,13,1,Touchdown,3rd & 6 at IND 12,04:07 2nd Shotgun,"— T.DeVito pass short left to K.Williams for 12 yards, TOUCHDOWN."
2026,PRESEASON WEEK 1,Thursday,August 13th,IND,NE,2nd Quarter,4,New England Patriots,1,14,1,Extra Point,,04:03 2nd,"— A.Borregales extra point is GOOD, Center-N.Lalos, Holder-B.Baringer."
2026,PRESEASON WEEK 1,Thursday,August 13th,IND,NE,2nd Quarter,5,Indianapolis Colts,1,1,0,Kickoff from NE 35,,Kickoff,— A.Borregales kicks 60 yards from NE 35 to IND 5. C.Owen to IND 31 for 26 yards (G.Jacas).
2026,PRESEASON WEEK 1,Thursday,August 13th,IND,NE,2nd Quarter,5,Indianapolis Colts,1,2,0,2 Yard Run,1st & 10 at IND 31,03:59 2nd,— U.Bentley right guard to IND 33 for 2 yards (E.Gregory).
2026,PRESEASON WEEK 1,Thursday,August 13th,IND,NE,2nd Quarter,5,Indianapolis Colts,1,3,0,13 Yard Pass,2nd & 8 at IND 33,03:22 2nd Shotgun,— A.Richardson pass short middle to D.Montgomery to IND 46 for 13 yards (C.Canada).
2026,PRESEASON WEEK 1,Thursday,August 13th,IND,NE,2nd Quarter,5,Indianapolis Colts,1,4,0,18 Yard Pass,1st & 10 at IND 46,02:44 2nd Shotgun,— A.Richardson pass short right to W.Mallory to NE 36 for 18 yards (M.Brown).
2026,PRESEASON WEEK 1,Thursday,August 13th,IND,NE,2nd Quarter,5,Indianapolis Colts,1,5,0,19 Yard Pass,1st & 10 at NE 36,02:02 2nd,— A.Richardson pass deep right to W.Mallory to NE 17 for 19 yards (D.Pettus; M.Brown).
2026,PRESEASON WEEK 1,Thursday,August 13th,IND,NE,2nd Quarter,5,Indianapolis Colts,1,6,0,7 Yard Run,1st & 10 at NE 17,01:52 2nd Shotgun,— A.Richardson right end ran ob at NE 10 for 7 yards (C.Muma).
2026,PRESEASON WEEK 1,Thursday,August 13th,IND,NE,2nd Quarter,5,Indianapolis Colts,1,7,0,9 Yard Pass,2nd & 3 at NE 10,01:47 2nd Shotgun,"— A.Richardson pass short right to U.Bentley for 10 yards, TOUCHDOWN. The Replay Official reviewed the runner broke the plane ruling, and the play was REVERSED. (Shotgun) A.Richardson pass short right to U.Bentley to NE 1 for 9 yards (D.Pettus; C.Canada). 10-second runoff."
2026,PRESEASON WEEK 1,Thursday,August 13th,IND,NE,2nd Quarter,5,Indianapolis Colts,1,8,1,Touchdown,1st & 1 at NE 1,01:09 2nd,"— A.Richardson up the middle for 1 yard, TOUCHDOWN."
2026,PRESEASON WEEK 1,Thursday,August 13th,IND,NE,2nd Quarter,5,Indianapolis Colts,1,9,1,Extra Point,,01:04 2nd,"— B.Grupe extra point is GOOD, Center-L.Rhodes, Holder-R.Sanchez."
2026,PRESEASON WEEK 1,Thursday,August 13th,IND,NE,2nd Quarter,6,New England Patriots,0,1,0,Kickoff from IND 35,,Kickoff,— B.Grupe kicks 60 yards from IND 35 to NE 5. C.Canada to NE 32 for 27 yards (D.Montgomery).
2026,PRESEASON WEEK 1,Thursday,August 13th,IND,NE,2nd Quarter,6,New England Patriots,0,2,0,25 Yard Pass,1st & 10 at NE 32,00:59 2nd Shotgun,— T.DeVito pass deep left to K.Williams pushed ob at IND 43 for 25 yards (T.Washington) [M.Clemons].
2026,PRESEASON WEEK 1,Thursday,August 13th,IND,NE,2nd Quarter,6,New England Patriots,0,3,0,Pass Incomplete,1st & 10 at IND 43,00:51 2nd Shotgun,— T.DeVito pass incomplete deep left to K.Williams.
2026,PRESEASON WEEK 1,Thursday,August 13th,IND,NE,2nd Quarter,6,New England Patriots,0,4,0,Pass Incomplete,2nd & 10 at IND 43,00:45 2nd Shotgun,— T.DeVito pass incomplete short middle to K.Prentice (R.Carter).
2026,PRESEASON WEEK 1,Thursday,August 13th,IND,NE,2nd Quarter,6,New England Patriots,0,5,0,Pass Incomplete,3rd & 10 at IND 43,00:41 2nd Shotgun,— T.DeVito pass incomplete short left to T.Palmer.
2026,PRESEASON WEEK 1,Thursday,August 13th,IND,NE,2nd Quarter,6,New England Patriots,0,6,0,Punt,4th & 10 at IND 43,00:37 2nd,"— B.Baringer punts 35 yards to IND 8, Center-N.Lalos, downed by NE-K.Jacobs."
2026,PRESEASON WEEK 1,Thursday,August 13th,IND,NE,2nd Quarter,7,Indianapolis Colts,0,1,0,16 Yard Pass,1st & 10 at IND 8,00:28 2nd Shotgun,— A.Richardson pass short right to C.Owen to IND 24 for 16 yards (K.Jacobs; C.Canada).
2026,PRESEASON WEEK 1,Thursday,August 13th,IND,NE,2nd Quarter,7,Indianapolis Colts,0,2,0,Timeout,,00:23 2nd,— Timeout #1 by IND at 00:23.
2026,PRESEASON WEEK 1,Thursday,August 13th,IND,NE,2nd Quarter,7,Indianapolis Colts,0,3,0,11 Yard Pass,1st & 10 at IND 24,00:23 2nd Shotgun,— A.Richardson pass short right to E.Pancol to IND 35 for 11 yards (C.Canada).
2026,PRESEASON WEEK 1,Thursday,August 13th,IND,NE,2nd Quarter,7,Indianapolis Colts,0,4,0,Timeout,,00:18 2nd,— Timeout #2 by IND at 00:18.
2026,PRESEASON WEEK 1,Thursday,August 13th,IND,NE,2nd Quarter,7,Indianapolis Colts,0,5,0,15 Yard Pass,1st & 10 at IND 35,00:18 2nd Shotgun,— A.Richardson pass short right to W.Mallory pushed ob at 50 for 15 yards (C.Muma).
2026,PRESEASON WEEK 1,Thursday,August 13th,IND,NE,2nd Quarter,7,Indianapolis Colts,0,6,0,Pass Incomplete,1st & 10 at 50,00:13 2nd Shotgun,— A.Richardson pass incomplete short right to C.Owen.
2026,PRESEASON WEEK 1,Thursday,August 13th,IND,NE,2nd Quarter,7,Indianapolis Colts,0,7,0,7 Yard Pass,2nd & 10 at 50,00:10 2nd Shotgun,— A.Richardson pass short middle to E.Pancol to NE 43 for 7 yards (D.Pettus).
2026,PRESEASON WEEK 1,Thursday,August 13th,IND,NE,2nd Quarter,7,Indianapolis Colts,0,8,0,Timeout,,00:04 2nd,— Timeout #3 by IND at 00:04.
2026,PRESEASON WEEK 1,Thursday,August 13th,IND,NE,2nd Quarter,7,Indianapolis Colts,0,9,0,Field Goal No Good,3rd & 3 at NE 43,00:04 2nd,"— B.Grupe 61 yard field goal is No Good, Wide Right, Center-L.Rhodes, Holder-R.Sanchez."
2026,PRESEASON WEEK 1,Thursday,August 13th,IND,NE,3rd Quarter,1,Indianapolis Colts,0,1,0,Kickoff from NE 35,,Kickoff,"— A.Borregales kicks 61 yards from NE 35 to IND 4. S.McGowan to IND 43 for 39 yards (K.Prunty). PENALTY on IND-W.Weeks, Offensive Holding, 10 yards, enforced at IND 30."
2026,PRESEASON WEEK 1,Thursday,August 13th,IND,NE,3rd Quarter,1,Indianapolis Colts,0,2,0,9 Yard Pass,1st & 10 at IND 20,14:53 3rd,— R.Leonard pass short right to W.Mallory pushed ob at IND 29 for 9 yards (K.Minor; N.Obiazor) [J.Luketa].
2026,PRESEASON WEEK 1,Thursday,August 13th,IND,NE,3rd Quarter,1,Indianapolis Colts,0,3,0,2 Yard Run,2nd & 1 at IND 29,14:21 3rd,— A.Castle right guard to IND 31 for 2 yards (K.Jacobs).
2026,PRESEASON WEEK 1,Thursday,August 13th,IND,NE,3rd Quarter,1,Indianapolis Colts,0,4,0,Interception,1st & 10 at IND 31,13:44 3rd Shotgun,— R.Leonard pass deep middle intended for E.Pancol INTERCEPTED by J.Saunders [E.Gregory] at NE 31. J.Saunders to IND 43 for 26 yards (P.Brown).
2026,PRESEASON WEEK 1,Thursday,August 13th,IND,NE,3rd Quarter,2,New England Patriots,1,1,0,5 Yard Run,1st & 10 at IND 43,13:33 3rd,— J.Miller left tackle to IND 38 for 5 yards (D.Nnadi).
2026,PRESEASON WEEK 1,Thursday,August 13th,IND,NE,3rd Quarter,2,New England Patriots,1,2,0,3 Yard Run,2nd & 5 at IND 38,13:01 3rd,— J.Miller up the middle to IND 35 for 3 yards (C.Wooden; J.Carlies).
2026,PRESEASON WEEK 1,Thursday,August 13th,IND,NE,3rd Quarter,2,New England Patriots,1,3,0,1 Yard Run,3rd & 2 at IND 35,12:25 3rd,— L.Larison right guard to IND 34 for 1 yard (C.Curry; C.Wooden).
2026,PRESEASON WEEK 1,Thursday,August 13th,IND,NE,3rd Quarter,2,New England Patriots,1,4,0,Timeout,,11:42 3rd,— Timeout #1 by NE at 11:42.
2026,PRESEASON WEEK 1,Thursday,August 13th,IND,NE,3rd Quarter,2,New England Patriots,1,5,1,Field Goal,4th & 1 at IND 34,11:42 3rd,"— A.Borregales 52 yard field goal is GOOD, Center-N.Lalos, Holder-B.Baringer."
2026,PRESEASON WEEK 1,Thursday,August 13th,IND,NE,3rd Quarter,3,Indianapolis Colts,0,1,0,Kickoff from NE 35,,Kickoff,"— A.Borregales kicks 60 yards from NE 35 to IND 5. D.Burks to IND 30 for 25 yards (G.Jacas). PENALTY on IND-J.Thomas, Illegal Block Above the Waist, 10 yards, enforced at IND 30."
2026,PRESEASON WEEK 1,Thursday,August 13th,IND,NE,3rd Quarter,3,Indianapolis Colts,0,2,0,5 Yard Run,1st & 10 at IND 20,11:31 3rd,— A.Castle right tackle to IND 25 for 5 yards (K.Jacobs).
2026,PRESEASON WEEK 1,Thursday,August 13th,IND,NE,3rd Quarter,3,Indianapolis Colts,0,3,0,1 Yard Run,2nd & 5 at IND 25,10:56 3rd,— A.Castle right tackle to IND 26 for 1 yard (N.Obiazor).
2026,PRESEASON WEEK 1,Thursday,August 13th,IND,NE,3rd Quarter,3,Indianapolis Colts,0,4,0,-12 Yard Sack,3rd & 4 at IND 26,10:19 3rd Shotgun,— R.Leonard sacked at IND 14 for -12 yards (J.Farmer).
2026,PRESEASON WEEK 1,Thursday,August 13th,IND,NE,3rd Quarter,3,Indianapolis Colts,0,5,0,Punt,4th & 16 at IND 14,09:34 3rd,"— R.Sanchez punts 52 yards to NE 34, Center-L.Rhodes. K.Prentice to NE 39 for 5 yards (C.Taylor-Britt)."
2026,PRESEASON WEEK 1,Thursday,August 13th,IND,NE,3rd Quarter,4,New England Patriots,0,1,0,4 Yard Run,1st & 10 at NE 39,09:21 3rd Shotgun,— H.Haskins right guard to NE 43 for 4 yards (T.Washington; D.Scott).
2026,PRESEASON WEEK 1,Thursday,August 13th,IND,NE,3rd Quarter,4,New England Patriots,0,2,0,2 Yard Run,2nd & 6 at NE 43,08:45 3rd Shotgun,— H.Haskins left guard to NE 45 for 2 yards (R.Carter).
2026,PRESEASON WEEK 1,Thursday,August 13th,IND,NE,3rd Quarter,4,New England Patriots,0,3,0,13 Yard Pass,3rd & 4 at NE 45,08:14 3rd Shotgun,— B.Morton pass short right to K.Prentice to IND 42 for 13 yards (R.Carter).
2026,PRESEASON WEEK 1,Thursday,August 13th,IND,NE,3rd Quarter,4,New England Patriots,0,4,0,4 Yard Run,1st & 10 at IND 42,07:40 3rd,— H.Haskins left tackle to IND 38 for 4 yards (A.Adebawore; C.Curry).
2026,PRESEASON WEEK 1,Thursday,August 13th,IND,NE,3rd Quarter,4,New England Patriots,0,5,0,1 Yard Run,2nd & 6 at IND 38,07:04 3rd Shotgun,— B.Morton scrambles left guard to IND 37 for 1 yard (G.Gumbs).
2026,PRESEASON WEEK 1,Thursday,August 13th,IND,NE,3rd Quarter,4,New England Patriots,0,6,0,Pass Incomplete,3rd & 5 at IND 37,06:29 3rd Shotgun,— B.Morton pass incomplete short left to K.Prentice [C.Curry].
2026,PRESEASON WEEK 1,Thursday,August 13th,IND,NE,3rd Quarter,4,New England Patriots,0,7,0,Field Goal No Good,4th & 5 at IND 37,06:25 3rd,"— A.Borregales 55 yard field goal is No Good, Wide Left, Center-N.Lalos, Holder-B.Baringer."
2026,PRESEASON WEEK 1,Thursday,August 13th,IND,NE,3rd Quarter,5,Indianapolis Colts,0,1,0,9 Yard Pass,1st & 10 at IND 45,06:20 3rd Shotgun,— R.Leonard pass short left to D.Burks to NE 46 for 9 yards (N.Obiazor; K.Jacobs).
2026,PRESEASON WEEK 1,Thursday,August 13th,IND,NE,3rd Quarter,5,Indianapolis Colts,0,2,0,18 Yard Run,2nd & 1 at NE 46,05:39 3rd,— A.Castle left guard to NE 28 for 18 yards (P.Manuma; K.Prunty).
2026,PRESEASON WEEK 1,Thursday,August 13th,IND,NE,3rd Quarter,5,Indianapolis Colts,0,3,0,3 Yard Run,1st & 10 at NE 28,04:57 3rd,— A.Castle up the middle to NE 25 for 3 yards (C.Rogers).
2026,PRESEASON WEEK 1,Thursday,August 13th,IND,NE,3rd Quarter,5,Indianapolis Colts,0,4,0,Pass Incomplete,2nd & 7 at NE 25,04:20 3rd Shotgun,— R.Leonard pass incomplete short middle to R.Sharpe.
2026,PRESEASON WEEK 1,Thursday,August 13th,IND,NE,3rd Quarter,5,Indianapolis Colts,0,5,0,12 Yard Pass,3rd & 7 at NE 25,04:11 3rd Shotgun,— R.Leonard pass short right to W.Mallory to NE 13 for 12 yards (C.Canada).
2026,PRESEASON WEEK 1,Thursday,August 13th,IND,NE,3rd Quarter,5,Indianapolis Colts,0,6,0,7 Yard Pass,1st & 10 at NE 13,03:30 3rd,— R.Leonard pass short right to W.Mallory pushed ob at NE 6 for 7 yards (B.Crossley).
2026,PRESEASON WEEK 1,Thursday,August 13th,IND,NE,3rd Quarter,5,Indianapolis Colts,0,7,0,1 Yard Run,2nd & 3 at NE 6,02:58 3rd,— R.Williams left guard to NE 5 for 1 yard (B.Swinson).
2026,PRESEASON WEEK 1,Thursday,August 13th,IND,NE,3rd Quarter,5,Indianapolis Colts,0,8,0,-5 Yard Penalty,3rd & 2 at NE 5,02:18 3rd Shotgun,"— A.Castle up the middle to NE 3 for 2 yards (M.Dial; L.Taylor). PENALTY on IND-P.Brown, Illegal Formation, 5 yards, enforced at NE 5 - No Play."
2026,PRESEASON WEEK 1,Thursday,August 13th,IND,NE,3rd Quarter,5,Indianapolis Colts,0,9,0,4 Yard Run,3rd & 7 at NE 10,01:52 3rd Shotgun,— A.Castle left guard to NE 6 for 4 yards (K.Jacobs; N.Obiazor).
2026,PRESEASON WEEK 1,Thursday,August 13th,IND,NE,3rd Quarter,5,Indianapolis Colts,0,10,0,Pass Incomplete,4th & 3 at NE 6,01:15 3rd Shotgun,— R.Leonard pass incomplete short left to R.Sharpe (B.Swinson).
2026,PRESEASON WEEK 1,Thursday,August 13th,IND,NE,4th Quarter,1,New England Patriots,0,1,0,1 Yard Run,1st & 10 at NE 6,01:10 3rd,— J.Hasty left tackle to NE 7 for 1 yard (T.Chambers).
2026,PRESEASON WEEK 1,Thursday,August 13th,IND,NE,4th Quarter,1,New England Patriots,0,2,0,Pass Incomplete,2nd & 9 at NE 7,00:35 3rd Shotgun,— B.Morton pass incomplete deep left to C.Dorner (J.Jones). IND-J.Jones was injured during the play.
2026,PRESEASON WEEK 1,Thursday,August 13th,IND,NE,4th Quarter,1,New England Patriots,0,3,0,15 Yard Pass,3rd & 9 at NE 7,00:30 3rd Shotgun,— B.Morton pass short right to T.Palmer to NE 22 for 15 yards (M.Rodgers).
2026,PRESEASON WEEK 1,Thursday,August 13th,IND,NE,4th Quarter,1,New England Patriots,0,4,0,8 Yard Run,1st & 10 at NE 22,15:00 4th,— J.Hasty left end pushed ob at NE 30 for 8 yards (M.Rodgers).
2026,PRESEASON WEEK 1,Thursday,August 13th,IND,NE,4th Quarter,1,New England Patriots,0,5,0,2 Yard Run,2nd & 2 at NE 30,14:35 4th,— J.Hasty right tackle to NE 32 for 2 yards (T.Smith; T.Chambers).
2026,PRESEASON WEEK 1,Thursday,August 13th,IND,NE,4th Quarter,1,New England Patriots,0,6,0,4 Yard Run,1st & 10 at NE 32,13:58 4th Shotgun,— H.Haskins up the middle to NE 36 for 4 yards (C.Ball). NE-A.Rupcich was injured during the play.
2026,PRESEASON WEEK 1,Thursday,August 13th,IND,NE,4th Quarter,1,New England Patriots,0,7,0,Pass Incomplete,2nd & 6 at NE 36,13:39 4th,— B.Morton pass incomplete short middle to N.DeGennaro [C.Curry].
2026,PRESEASON WEEK 1,Thursday,August 13th,IND,NE,4th Quarter,1,New England Patriots,0,8,0,-10 Yard Sack,3rd & 6 at NE 36,13:35 4th Shotgun,— B.Morton sacked at NE 26 for -10 yards (C.Curry).
2026,PRESEASON WEEK 1,Thursday,August 13th,IND,NE,4th Quarter,1,New England Patriots,0,9,0,Punt,4th & 16 at NE 26,12:56 4th,"— B.Baringer punts 65 yards to IND 9, Center-N.Lalos. C.Owen pushed ob at IND 21 for 12 yards (C.Canada)."
2026,PRESEASON WEEK 1,Thursday,August 13th,IND,NE,4th Quarter,2,Indianapolis Colts,0,1,0,3 Yard Run,1st & 10 at IND 21,12:43 4th,— R.Williams right end to IND 24 for 3 yards (K.Harris; K.Jacobs).
2026,PRESEASON WEEK 1,Thursday,August 13th,IND,NE,4th Quarter,2,Indianapolis Colts,0,2,0,Pass Incomplete,2nd & 7 at IND 24,12:05 4th Shotgun,— R.Leonard pass incomplete short left to R.Sharpe (C.Rogers).
2026,PRESEASON WEEK 1,Thursday,August 13th,IND,NE,4th Quarter,2,Indianapolis Colts,0,3,0,Pass Incomplete,3rd & 7 at IND 24,12:00 4th Shotgun,— R.Leonard pass incomplete short left to E.Horton (L.Taylor) [J.Pharms].
2026,PRESEASON WEEK 1,Thursday,August 13th,IND,NE,4th Quarter,2,Indianapolis Colts,0,4,0,Punt,4th & 7 at IND 24,11:55 4th,"— R.Sanchez punts 51 yards to NE 25, Center-L.Rhodes. K.Prentice to NE 26 for 1 yard (J.Edwards)."
2026,PRESEASON WEEK 1,Thursday,August 13th,IND,NE,4th Quarter,3,New England Patriots,0,1,0,-9 Yard Run,1st & 10 at NE 26,11:45 4th,"— H.Haskins right guard to NE 39 for 13 yards (D.Scott). PENALTY on NE-L.Metz, Offensive Holding, 10 yards, enforced at NE 27."
2026,PRESEASON WEEK 1,Thursday,August 13th,IND,NE,4th Quarter,3,New England Patriots,0,2,0,-2 Yard Pass,1st & 19 at NE 17,11:26 4th Shotgun,— B.Morton pass short right to L.Larison to NE 15 for -2 yards (D.Scott).
2026,PRESEASON WEEK 1,Thursday,August 13th,IND,NE,4th Quarter,3,New England Patriots,0,3,0,Pass Incomplete,2nd & 21 at NE 15,10:53 4th Shotgun,— B.Morton pass incomplete short right to L.Larison.
2026,PRESEASON WEEK 1,Thursday,August 13th,IND,NE,4th Quarter,3,New England Patriots,0,4,0,9 Yard Pass,3rd & 21 at NE 15,10:47 4th Shotgun,— B.Morton pass short middle to L.Larison to NE 24 for 9 yards (W.Weeks).
2026,PRESEASON WEEK 1,Thursday,August 13th,IND,NE,4th Quarter,3,New England Patriots,0,5,0,Punt,4th & 12 at NE 24,10:10 4th,"— B.Baringer punts 46 yards to IND 30, Center-N.Lalos. C.Owen to IND 38 for 8 yards (K.Prunty)."
2026,PRESEASON WEEK 1,Thursday,August 13th,IND,NE,4th Quarter,4,Indianapolis Colts,1,1,0,3 Yard Run,1st & 10 at IND 38,09:58 4th Shotgun,— A.Castle up the middle to IND 41 for 3 yards (I.Iton; B.Crossley).
2026,PRESEASON WEEK 1,Thursday,August 13th,IND,NE,4th Quarter,4,Indianapolis Colts,1,2,0,17 Yard Pass,2nd & 7 at IND 41,09:21 4th Shotgun,— R.Leonard pass short middle to S.Hagans to NE 42 for 17 yards (K.Harris).
2026,PRESEASON WEEK 1,Thursday,August 13th,IND,NE,4th Quarter,4,Indianapolis Colts,1,3,0,14 Yard Pass,1st & 10 at NE 42,08:44 4th,— R.Leonard pass short right to R.Sharpe pushed ob at NE 28 for 14 yards (M.Brown).
2026,PRESEASON WEEK 1,Thursday,August 13th,IND,NE,4th Quarter,4,Indianapolis Colts,1,4,0,1 Yard Run,1st & 10 at NE 28,08:10 4th,"— R.Leonard FUMBLES (Aborted) at NE 29, and recovers at NE 29. R.Leonard to NE 27 for 2 yards (B.Swinson)."
2026,PRESEASON WEEK 1,Thursday,August 13th,IND,NE,4th Quarter,4,Indianapolis Colts,1,5,0,Pass Incomplete,2nd & 9 at NE 27,07:33 4th Shotgun,— R.Leonard pass incomplete short right to E.Horton (K.Harris).
2026,PRESEASON WEEK 1,Thursday,August 13th,IND,NE,4th Quarter,4,Indianapolis Colts,1,6,0,Pass Incomplete,3rd & 9 at NE 27,07:30 4th Shotgun,— R.Leonard pass incomplete short middle to S.Hagans.
2026,PRESEASON WEEK 1,Thursday,August 13th,IND,NE,4th Quarter,4,Indianapolis Colts,1,7,1,Field Goal,4th & 9 at NE 27,07:25 4th,"— S.Shrader 46 yard field goal is GOOD, Center-L.Rhodes, Holder-R.Sanchez."
2026,PRESEASON WEEK 1,Thursday,August 13th,IND,NE,4th Quarter,5,New England Patriots,0,1,0,Kickoff from IND 35,,Kickoff,— S.Shrader kicks 58 yards from IND 35 to NE 7. L.Larison to NE 31 for 24 yards (C.Curry).
2026,PRESEASON WEEK 1,Thursday,August 13th,IND,NE,4th Quarter,5,New England Patriots,0,2,0,1 Yard Run,1st & 10 at NE 31,07:14 4th Shotgun,— J.Hasty left guard to NE 32 for 1 yard (C.Curry; J.Thomas).
2026,PRESEASON WEEK 1,Thursday,August 13th,IND,NE,4th Quarter,5,New England Patriots,0,3,0,-1 Yard Run,2nd & 9 at NE 32,06:42 4th,— J.Hasty left tackle to NE 31 for -1 yards (T.Chambers).
2026,PRESEASON WEEK 1,Thursday,August 13th,IND,NE,4th Quarter,5,New England Patriots,0,4,0,4 Yard Pass,3rd & 10 at NE 31,06:08 4th Shotgun,— B.Morton pass short left to M.Van Vooren to NE 35 for 4 yards (T.Chambers).
2026,PRESEASON WEEK 1,Thursday,August 13th,IND,NE,4th Quarter,5,New England Patriots,0,5,0,Punt,4th & 6 at NE 35,05:26 4th,"— B.Baringer punts 54 yards to IND 11, Center-N.Lalos. C.Owen to IND 15 for 4 yards (G.Jacas; R.Wilson)."
2026,PRESEASON WEEK 1,Thursday,August 13th,IND,NE,4th Quarter,6,Indianapolis Colts,1,1,0,6 Yard Run,1st & 10 at IND 15,05:13 4th Shotgun,— A.Castle right guard to IND 21 for 6 yards (N.Obiazor; C.Rogers).
2026,PRESEASON WEEK 1,Thursday,August 13th,IND,NE,4th Quarter,6,Indianapolis Colts,1,2,0,9 Yard Pass,2nd & 4 at IND 21,04:41 4th Shotgun,— R.Leonard pass short left to R.Sharpe to IND 30 for 9 yards (B.Crossley).
2026,PRESEASON WEEK 1,Thursday,August 13th,IND,NE,4th Quarter,6,Indianapolis Colts,1,3,0,5 Yard Run,1st & 10 at IND 30,04:09 4th,— A.Castle left tackle to IND 35 for 5 yards (B.Swinson).
2026,PRESEASON WEEK 1,Thursday,August 13th,IND,NE,4th Quarter,6,Indianapolis Colts,1,4,0,11 Yard Run,2nd & 5 at IND 35,03:33 4th Shotgun,— R.Leonard scrambles right end ran ob at IND 46 for 11 yards (B.Crossley).
2026,PRESEASON WEEK 1,Thursday,August 13th,IND,NE,4th Quarter,6,Indianapolis Colts,1,5,0,Pass Incomplete,1st & 10 at IND 46,03:26 4th Shotgun,— R.Leonard pass incomplete deep left to R.Sharpe [C.Rogers].
2026,PRESEASON WEEK 1,Thursday,August 13th,IND,NE,4th Quarter,6,Indianapolis Colts,1,6,0,4 Yard Pass,2nd & 10 at IND 46,03:20 4th Shotgun,— R.Leonard pass short left to R.Sharpe to 50 for 4 yards (B.Crossley).
2026,PRESEASON WEEK 1,Thursday,August 13th,IND,NE,4th Quarter,6,Indianapolis Colts,1,7,0,5 Yard Penalty,3rd & 6 at 50,02:37 4th Shotgun,"— R.Leonard pass short right to P.Brown to NE 49 for 1 yard (B.Crossley; K.Harris) [I.Iton]. PENALTY on NE-I.Iton, Illegal Use of Hands, 5 yards, enforced at 50 - No Play."
2026,PRESEASON WEEK 1,Thursday,August 13th,IND,NE,4th Quarter,6,Indianapolis Colts,1,8,0,0 Yard Run,1st & 10 at NE 45,02:29 4th Shotgun,— R.Williams left tackle to NE 45 for no gain (A.Gainer).
2026,PRESEASON WEEK 1,Thursday,August 13th,IND,NE,4th Quarter,6,Indianapolis Colts,1,9,0,2 Yard Pass,2nd & 10 at NE 45,02:00 4th Shotgun,— R.Leonard pass short left to R.Sharpe to NE 43 for 2 yards (K.Minor).
2026,PRESEASON WEEK 1,Thursday,August 13th,IND,NE,4th Quarter,6,Indianapolis Colts,1,10,0,Pass Incomplete,3rd & 8 at NE 43,01:26 4th Shotgun,— R.Leonard pass incomplete deep left to E.Horton.
2026,PRESEASON WEEK 1,Thursday,August 13th,IND,NE,4th Quarter,6,Indianapolis Colts,1,11,1,Field Goal,4th & 8 at NE 43,01:21 4th,"— S.Shrader 61 yard field goal is GOOD, Center-L.Rhodes, Holder-R.Sanchez."
2026,PRESEASON WEEK 1,Thursday,August 13th,IND,NE,4th Quarter,7,New England Patriots,0,1,0,Kickoff from IND 35,,Kickoff,— S.Shrader kicks 63 yards from IND 35 to NE 2. N.DeGennaro to NE 27 for 25 yards (J.Thomas).
2026,PRESEASON WEEK 1,Thursday,August 13th,IND,NE,4th Quarter,7,New England Patriots,0,2,0,8 Yard Pass,1st & 10 at NE 27,01:10 4th Shotgun,— B.Morton pass short middle to K.Prentice to NE 35 for 8 yards (W.Weeks).
2026,PRESEASON WEEK 1,Thursday,August 13th,IND,NE,4th Quarter,7,New England Patriots,0,3,0,Pass Incomplete,2nd & 2 at NE 35,"00:50 4th No Huddle, Shotgun",— B.Morton pass incomplete short left to L.Larison (C.Curry).
2026,PRESEASON WEEK 1,Thursday,August 13th,IND,NE,4th Quarter,7,New England Patriots,0,4,0,34 Yard Pass,3rd & 2 at NE 35,00:45 4th Shotgun,"— B.Morton pass short left to K.Prentice to IND 46 for 19 yards (M.Rodgers). PENALTY on IND-M.Rodgers, Unnecessary Roughness, 15 yards, enforced at IND 46."
2026,PRESEASON WEEK 1,Thursday,August 13th,IND,NE,4th Quarter,7,New England Patriots,0,5,0,-3 Yard Run,1st & 10 at IND 31,00:39 4th,"— L.Larison up the middle to IND 34 for -3 yards (C.Curry, J.Thomas)."
2026,PRESEASON WEEK 1,Thursday,August 13th,IND,NE,4th Quarter,7,New England Patriots,0,6,0,Timeout,,00:19 4th,— Timeout #2 by NE at 00:19.
2026,PRESEASON WEEK 1,Thursday,August 13th,IND,NE,4th Quarter,7,New England Patriots,0,7,0,Pass Incomplete,2nd & 13 at IND 34,00:19 4th Shotgun,— B.Morton pass incomplete short left to T.Palmer (C.Curry).
2026,PRESEASON WEEK 1,Thursday,August 13th,IND,NE,4th Quarter,7,New England Patriots,0,8,0,3 Yard Run,3rd & 13 at IND 34,00:17 4th,— L.Larison left tackle to IND 31 for 3 yards (T.Smith).
2026,PRESEASON WEEK 1,Thursday,August 13th,IND,NE,4th Quarter,7,New England Patriots,0,9,0,Timeout,,00:13 4th,— Timeout #1 by IND at 00:13.
2026,PRESEASON WEEK 1,Thursday,August 13th,IND,NE,4th Quarter,7,New England Patriots,0,10,0,Field Goal No Good,4th & 10 at IND 31,00:13 4th,"— A.Borregales 49 yard field goal is No Good, Wide Left, Center-N.Lalos, Holder-B.Baringer."
2026,PRESEASON WEEK 1,Thursday,August 13th,IND,NE,4th Quarter,8,Indianapolis Colts,0,1,0,Pass Incomplete,1st & 10 at IND 39,00:10 4th Shotgun,— R.Leonard pass incomplete short left to P.Brown [B.Swinson].
2026,PRESEASON WEEK 1,Thursday,August 13th,IND,NE,4th Quarter,8,Indianapolis Colts,0,2,0,Timeout,,00:05 4th,— Timeout #2 by IND at 00:05.
2026,PRESEASON WEEK 1,Thursday,August 13th,IND,NE,4th Quarter,8,Indianapolis Colts,0,3,0,6 Yard Pass,2nd & 10 at IND 39,00:05 4th Shotgun,— R.Leonard pass short right to E.Horton to IND 45 for 6 yards (N.Obiazor).
2026,PRESEASON WEEK 1,Thursday,August 13th,IND,NE,4th Quarter,8,Indianapolis Colts,0,4,0,Timeout,,00:01 4th,— Timeout #3 by IND at 00:01.
2026,PRESEASON WEEK 1,Thursday,August 13th,IND,NE,4th Quarter,8,Indianapolis Colts,0,5,0,Pass Incomplete,3rd & 4 at IND 45,00:01 4th Shotgun,— R.Leonard pass incomplete deep right.
2026,PRESEASON WEEK 1,Thursday,August 13th,LAC,HOU,1st Quarter,1,Los Angeles Chargers,1,1,0,Kickoff from HOU 35,,Kickoff,— C.Freeman kicks 66 yards from HOU 35 to LAC -1. K.Lambert-Smith to LAC 27 for 28 yards (C.Stover).
2026,PRESEASON WEEK 1,Thursday,August 13th,LAC,HOU,1st Quarter,1,Los Angeles Chargers,1,2,0,-1 Yard Run,1st & 10 at LAC 27,14:55 1st,— K.Vidal right tackle to LAC 26 for -1 yards (S.Byrd).
2026,PRESEASON WEEK 1,Thursday,August 13th,LAC,HOU,1st Quarter,1,Los Angeles Chargers,1,3,0,15 Yard Penalty,2nd & 11 at LAC 26,14:17 1st,"— K.Vidal right end to LAC 26 for no gain (S.Byrd, J.Smith). PENALTY on HOU-S.Byrd, Face Mask, 15 yards, enforced at LAC 26 - No Play."
2026,PRESEASON WEEK 1,Thursday,August 13th,LAC,HOU,1st Quarter,1,Los Angeles Chargers,1,4,0,15 Yard Pass,1st & 10 at LAC 41,13:52 1st Shotgun,— T.Lance pass short middle to K.Lambert-Smith to HOU 44 for 15 yards (J.Hummel).
2026,PRESEASON WEEK 1,Thursday,August 13th,LAC,HOU,1st Quarter,1,Los Angeles Chargers,1,5,0,5 Yard Run,1st & 10 at HOU 44,13:19 1st,— K.Vidal right tackle to HOU 39 for 5 yards (M.Mapu; K.McDonald).
2026,PRESEASON WEEK 1,Thursday,August 13th,LAC,HOU,1st Quarter,1,Los Angeles Chargers,1,6,0,1 Yard Run,2nd & 5 at HOU 39,12:38 1st,"— K.Vidal right end to HOU 38 for 1 yard (J.Smith, S.Byrd)."
2026,PRESEASON WEEK 1,Thursday,August 13th,LAC,HOU,1st Quarter,1,Los Angeles Chargers,1,7,0,12 Yard Pass,3rd & 4 at HOU 38,11:55 1st Shotgun,— T.Lance pass short left to K.Lambert-Smith to HOU 26 for 12 yards (T.Smith).
2026,PRESEASON WEEK 1,Thursday,August 13th,LAC,HOU,1st Quarter,1,Los Angeles Chargers,1,8,0,7 Yard Pass,1st & 10 at HOU 26,11:20 1st,— T.Lance pass short right to O.Gadsden to HOU 19 for 7 yards (A.Huzzie).
2026,PRESEASON WEEK 1,Thursday,August 13th,LAC,HOU,1st Quarter,1,Los Angeles Chargers,1,9,0,4 Yard Run,2nd & 3 at HOU 19,10:40 1st,— K.Vidal left guard to HOU 15 for 4 yards (W.Woodaz).
2026,PRESEASON WEEK 1,Thursday,August 13th,LAC,HOU,1st Quarter,1,Los Angeles Chargers,1,10,0,Pass Incomplete,1st & 10 at HOU 15,10:00 1st Shotgun,— T.Lance pass incomplete short right to K.Vidal.
2026,PRESEASON WEEK 1,Thursday,August 13th,LAC,HOU,1st Quarter,1,Los Angeles Chargers,1,11,0,Pass Incomplete,2nd & 10 at HOU 15,09:54 1st Shotgun,— T.Lance pass incomplete short left to K.Lambert-Smith.
2026,PRESEASON WEEK 1,Thursday,August 13th,LAC,HOU,1st Quarter,1,Los Angeles Chargers,1,12,0,Pass Incomplete,3rd & 10 at HOU 15,09:49 1st Shotgun,— T.Lance pass incomplete short right to O.Gadsden.
2026,PRESEASON WEEK 1,Thursday,August 13th,LAC,HOU,1st Quarter,1,Los Angeles Chargers,1,13,1,Field Goal,4th & 10 at HOU 15,09:41 1st,"— C.Dicker 34 yard field goal is GOOD, Center-P.Bowden, Holder-J.Scott."
2026,PRESEASON WEEK 1,Thursday,August 13th,LAC,HOU,1st Quarter,2,Houston Texans,1,1,0,Kickoff from LAC 35,,Kickoff,— C.Dicker kicks 66 yards from LAC 35 to HOU -1. X.Hutchinson pushed ob at HOU 25 for 26 yards (N.Reed).
2026,PRESEASON WEEK 1,Thursday,August 13th,LAC,HOU,1st Quarter,2,Houston Texans,1,2,0,8 Yard Run,1st & 10 at HOU 25,09:29 1st,— X.Hutchinson right end to HOU 33 for 8 yards (N.Reed).
2026,PRESEASON WEEK 1,Thursday,August 13th,LAC,HOU,1st Quarter,2,Houston Texans,1,3,0,31 Yard Pass,2nd & 2 at HOU 33,08:54 1st Shotgun,— D.Mills pass deep middle to M.Klein to LAC 36 for 31 yards (R.Mickens).
2026,PRESEASON WEEK 1,Thursday,August 13th,LAC,HOU,1st Quarter,2,Houston Texans,1,4,0,5 Yard Run,1st & 10 at LAC 36,08:12 1st,— N.Whittington right end to LAC 31 for 5 yards (N.Reed; D.Phillips).
2026,PRESEASON WEEK 1,Thursday,August 13th,LAC,HOU,1st Quarter,2,Houston Texans,1,5,0,Pass Incomplete,2nd & 5 at LAC 31,07:28 1st Shotgun,— D.Mills pass incomplete short middle to X.Hutchinson.
2026,PRESEASON WEEK 1,Thursday,August 13th,LAC,HOU,1st Quarter,2,Houston Texans,1,6,0,4 Yard Pass,3rd & 5 at LAC 31,07:24 1st Shotgun,— D.Mills pass short right to J.Watson to LAC 27 for 4 yards (D.Leonard).
2026,PRESEASON WEEK 1,Thursday,August 13th,LAC,HOU,1st Quarter,2,Houston Texans,1,7,0,Timeout,,06:43 1st,— Timeout #1 by LAC at 06:43.
2026,PRESEASON WEEK 1,Thursday,August 13th,LAC,HOU,1st Quarter,2,Houston Texans,1,8,0,9 Yard Penalty,4th & 1 at LAC 27,06:43 1st,"— D.Mills pass incomplete deep right to M.Klein. PENALTY on LAC-G.Smith, Defensive Pass Interference, 9 yards, enforced at LAC 27 - No Play."
2026,PRESEASON WEEK 1,Thursday,August 13th,LAC,HOU,1st Quarter,2,Houston Texans,1,9,0,Pass Incomplete,1st & 10 at LAC 18,06:38 1st Shotgun,— D.Mills pass incomplete deep left to J.Wayne (G.Smith) [N.Tucker].
2026,PRESEASON WEEK 1,Thursday,August 13th,LAC,HOU,1st Quarter,2,Houston Texans,1,10,0,2 Yard Run,2nd & 10 at LAC 18,06:32 1st,— N.Whittington left tackle to LAC 16 for 2 yards (N.Tucker).
2026,PRESEASON WEEK 1,Thursday,August 13th,LAC,HOU,1st Quarter,2,Houston Texans,1,11,0,9 Yard Pass,3rd & 8 at LAC 16,05:49 1st Shotgun,— D.Mills pass short right to J.Wayne to LAC 7 for 9 yards (N.Reed).
2026,PRESEASON WEEK 1,Thursday,August 13th,LAC,HOU,1st Quarter,2,Houston Texans,1,12,0,-1 Yard Sack,1st & 7 at LAC 7,05:09 1st,— D.Mills sacked ob at LAC 8 for -1 yards (J.Carter).
2026,PRESEASON WEEK 1,Thursday,August 13th,LAC,HOU,1st Quarter,2,Houston Texans,1,13,0,3 Yard Run,2nd & 8 at LAC 8,04:35 1st,— N.Whittington left tackle to LAC 5 for 3 yards (G.Randolph; G.Smith).
2026,PRESEASON WEEK 1,Thursday,August 13th,LAC,HOU,1st Quarter,2,Houston Texans,1,14,1,Touchdown,3rd & 5 at LAC 5,03:56 1st Shotgun,"— D.Mills pass short right to J.Wayne for 5 yards, TOUCHDOWN."
2026,PRESEASON WEEK 1,Thursday,August 13th,LAC,HOU,1st Quarter,2,Houston Texans,1,15,1,Extra Point,,03:51 1st,"— C.Freeman extra point is GOOD, Center-A.Brinkman, Holder-K.Kroeger."
2026,PRESEASON WEEK 1,Thursday,August 13th,LAC,HOU,1st Quarter,3,Los Angeles Chargers,0,1,0,Kickoff from HOU 35,,Kickoff,— C.Freeman kicks 58 yards from HOU 35 to LAC 7. J.Patterson to LAC 22 for 15 yards (A.Fisher).
2026,PRESEASON WEEK 1,Thursday,August 13th,LAC,HOU,1st Quarter,3,Los Angeles Chargers,0,2,0,16 Yard Pass,1st & 10 at LAC 22,03:45 1st Shotgun,— T.Lance pass short middle to K.Lambert-Smith to LAC 38 for 16 yards (C.Wright).
2026,PRESEASON WEEK 1,Thursday,August 13th,LAC,HOU,1st Quarter,3,Los Angeles Chargers,0,3,0,-1 Yard Run,1st & 10 at LAC 38,03:13 1st,— K.Vidal right end to LAC 37 for -1 yards (J.Hummel).
2026,PRESEASON WEEK 1,Thursday,August 13th,LAC,HOU,1st Quarter,3,Los Angeles Chargers,0,4,0,-2 Yard Sack,2nd & 11 at LAC 37,02:33 1st Shotgun,— T.Lance sacked ob at LAC 35 for -2 yards (D.Robinson).
2026,PRESEASON WEEK 1,Thursday,August 13th,LAC,HOU,1st Quarter,3,Los Angeles Chargers,0,5,0,Pass Incomplete,3rd & 13 at LAC 35,01:56 1st Shotgun,— T.Lance pass incomplete deep middle to B.Thompson (J.Reed).
2026,PRESEASON WEEK 1,Thursday,August 13th,LAC,HOU,1st Quarter,3,Los Angeles Chargers,0,6,0,Punt,4th & 13 at LAC 35,01:49 1st,"— J.Scott punts 56 yards to HOU 9, Center-P.Bowden. L.Bond to HOU 27 for 18 yards (K.Kennard). PENALTY on HOU-M.Mapu, Offensive Holding, 5 yards, enforced at HOU 10."
2026,PRESEASON WEEK 1,Thursday,August 13th,LAC,HOU,1st Quarter,4,Houston Texans,0,1,0,3 Yard Run,1st & 10 at HOU 5,01:35 1st Shotgun,— J.Pitsenberger right guard to HOU 8 for 3 yards (M.Wax).
2026,PRESEASON WEEK 1,Thursday,August 13th,LAC,HOU,1st Quarter,4,Houston Texans,0,2,0,3 Yard Pass,2nd & 7 at HOU 8,00:52 1st Shotgun,— G.Mertz pass short left to J.Wayne to HOU 11 for 3 yards (J.Colson).
2026,PRESEASON WEEK 1,Thursday,August 13th,LAC,HOU,1st Quarter,4,Houston Texans,0,3,0,Pass Incomplete,3rd & 4 at HOU 11,00:13 1st Shotgun,— G.Mertz pass incomplete deep right to L.Bond (A.Smith).
2026,PRESEASON WEEK 1,Thursday,August 13th,LAC,HOU,1st Quarter,4,Houston Texans,0,4,0,Punt,4th & 4 at HOU 11,00:08 1st,"— K.Kroeger punts 46 yards to LAC 43, Center-A.Brinkman. D.Davis ran ob at HOU 35 for 22 yards (J.Smith). PENALTY on LAC-R.Mickens, Offensive Holding, 10 yards, enforced at LAC 43."
2026,PRESEASON WEEK 1,Thursday,August 13th,LAC,HOU,2nd Quarter,1,Los Angeles Chargers,1,1,0,14 Yard Pass,1st & 10 at LAC 33,15:00 2nd,— T.Lance pass short right to O.Gadsden pushed ob at LAC 47 for 14 yards (M.Mapu).
2026,PRESEASON WEEK 1,Thursday,August 13th,LAC,HOU,2nd Quarter,1,Los Angeles Chargers,1,2,0,14 Yard Pass,1st & 10 at LAC 47,14:26 2nd,— T.Lance pass short middle to B.Thompson to HOU 39 for 14 yards (J.Reed).
2026,PRESEASON WEEK 1,Thursday,August 13th,LAC,HOU,2nd Quarter,1,Los Angeles Chargers,1,3,0,6 Yard Run,1st & 10 at HOU 39,13:52 2nd,— J.Patterson right tackle to HOU 33 for 6 yards (W.Woodaz).
2026,PRESEASON WEEK 1,Thursday,August 13th,LAC,HOU,2nd Quarter,1,Los Angeles Chargers,1,4,0,8 Yard Run,2nd & 4 at HOU 33,13:13 2nd,— T.Lance scrambles left end to HOU 25 for 8 yards (J.Hummel).
2026,PRESEASON WEEK 1,Thursday,August 13th,LAC,HOU,2nd Quarter,1,Los Angeles Chargers,1,5,0,9 Yard Run,1st & 10 at HOU 25,12:30 2nd,— J.Patterson left end pushed ob at HOU 16 for 9 yards (S.Hall).
2026,PRESEASON WEEK 1,Thursday,August 13th,LAC,HOU,2nd Quarter,1,Los Angeles Chargers,1,6,0,3 Yard Run,2nd & 1 at HOU 16,11:55 2nd,— J.Patterson left tackle to HOU 13 for 3 yards (J.Reed; K.Hamilton).
2026,PRESEASON WEEK 1,Thursday,August 13th,LAC,HOU,2nd Quarter,1,Los Angeles Chargers,1,7,0,6 Yard Run,1st & 10 at HOU 13,11:15 2nd,— A.Johnson right tackle to HOU 7 for 6 yards (S.Byrd).
2026,PRESEASON WEEK 1,Thursday,August 13th,LAC,HOU,2nd Quarter,1,Los Angeles Chargers,1,8,1,Touchdown,2nd & 4 at HOU 7,10:37 2nd,"— A.Johnson right tackle for 7 yards, TOUCHDOWN."
2026,PRESEASON WEEK 1,Thursday,August 13th,LAC,HOU,2nd Quarter,1,Los Angeles Chargers,1,9,1,Extra Point,,10:32 2nd,"— C.Dicker extra point is GOOD, Center-P.Bowden, Holder-J.Scott."
2026,PRESEASON WEEK 1,Thursday,August 13th,LAC,HOU,2nd Quarter,2,Houston Texans,0,1,0,Kickoff from LAC 35,,Kickoff,— C.Dicker kicks 64 yards from LAC 35 to HOU 1. T.Saunders to HOU 35 for 34 yards (R.Mickens).
2026,PRESEASON WEEK 1,Thursday,August 13th,LAC,HOU,2nd Quarter,2,Houston Texans,0,2,0,7 Yard Pass,1st & 10 at HOU 35,10:25 2nd Shotgun,— G.Mertz pass short left to J.Watson to HOU 42 for 7 yards (M.Wax; T.Webb).
2026,PRESEASON WEEK 1,Thursday,August 13th,LAC,HOU,2nd Quarter,2,Houston Texans,0,3,0,6 Yard Run,2nd & 3 at HOU 42,09:43 2nd,— N.Whittington up the middle to HOU 48 for 6 yards (R.Mickens).
2026,PRESEASON WEEK 1,Thursday,August 13th,LAC,HOU,2nd Quarter,2,Houston Texans,0,4,0,11 Yard Run,1st & 10 at HOU 48,09:05 2nd,— N.Whittington right guard to LAC 41 for 11 yards (J.Colson; R.Mickens).
2026,PRESEASON WEEK 1,Thursday,August 13th,LAC,HOU,2nd Quarter,2,Houston Texans,0,5,0,17 Yard Pass,1st & 10 at LAC 41,08:24 2nd,— G.Mertz pass short middle to J.Kelly to LAC 24 for 17 yards (R.Mickens).
2026,PRESEASON WEEK 1,Thursday,August 13th,LAC,HOU,2nd Quarter,2,Houston Texans,0,6,0,8 Yard Run,1st & 10 at LAC 24,07:44 2nd,— N.Whittington up the middle to LAC 16 for 8 yards (K.Williamson).
2026,PRESEASON WEEK 1,Thursday,August 13th,LAC,HOU,2nd Quarter,2,Houston Texans,0,7,0,1 Yard Run,2nd & 2 at LAC 16,07:06 2nd,— J.Pitsenberger up the middle to LAC 15 for 1 yard (T.Edwards).
2026,PRESEASON WEEK 1,Thursday,August 13th,LAC,HOU,2nd Quarter,2,Houston Texans,0,8,0,0 Yard Run,3rd & 1 at LAC 15,06:31 2nd,— N.Whittington right guard to LAC 15 for no gain (J.Guillory; G.Randolph).
2026,PRESEASON WEEK 1,Thursday,August 13th,LAC,HOU,2nd Quarter,2,Houston Texans,0,9,0,Turnover on Downs,4th & 1 at LAC 15,05:49 2nd,— G.Mertz up the middle to LAC 15 for no gain (T.Edwards; J.Colson).
2026,PRESEASON WEEK 1,Thursday,August 13th,LAC,HOU,2nd Quarter,3,Los Angeles Chargers,0,1,0,0 Yard Run,1st & 10 at LAC 15,05:43 2nd Shotgun,— J.Patterson up the middle to LAC 15 for no gain (J.Reed; J.Hummel).
2026,PRESEASON WEEK 1,Thursday,August 13th,LAC,HOU,2nd Quarter,3,Los Angeles Chargers,0,2,0,Pass Incomplete,2nd & 10 at LAC 15,05:04 2nd Shotgun,— T.Lance pass incomplete short left to B.Thompson (K.Ramsey).
2026,PRESEASON WEEK 1,Thursday,August 13th,LAC,HOU,2nd Quarter,3,Los Angeles Chargers,0,3,0,Pass Incomplete,3rd & 10 at LAC 15,04:59 2nd Shotgun,— T.Lance pass incomplete deep right to K.Lambert-Smith.
2026,PRESEASON WEEK 1,Thursday,August 13th,LAC,HOU,2nd Quarter,3,Los Angeles Chargers,0,4,0,Punt,4th & 10 at LAC 15,04:51 2nd,"— J.Scott punts 49 yards to HOU 36, Center-P.Bowden. L.Bond to HOU 36 for no gain (L.Barton)."
2026,PRESEASON WEEK 1,Thursday,August 13th,LAC,HOU,2nd Quarter,4,Houston Texans,0,1,0,1 Yard Run,1st & 10 at HOU 36,04:39 2nd,— J.Pitsenberger right tackle to HOU 37 for 1 yard (T.Edwards).
2026,PRESEASON WEEK 1,Thursday,August 13th,LAC,HOU,2nd Quarter,4,Houston Texans,0,2,0,Pass Incomplete,2nd & 9 at HOU 37,04:04 2nd,— G.Mertz pass incomplete short right to J.Wayne.
2026,PRESEASON WEEK 1,Thursday,August 13th,LAC,HOU,2nd Quarter,4,Houston Texans,0,3,0,Pass Incomplete,3rd & 9 at HOU 37,03:58 2nd Shotgun,— G.Mertz pass incomplete deep right to C.Stover (R.Mickens) [M.Wax].
2026,PRESEASON WEEK 1,Thursday,August 13th,LAC,HOU,2nd Quarter,4,Houston Texans,0,4,0,Punt,4th & 9 at HOU 37,03:48 2nd,"— K.Kroeger punts 52 yards to LAC 11, Center-A.Brinkman. B.Thompson pushed ob at LAC 23 for 12 yards (F.Moreau)."
2026,PRESEASON WEEK 1,Thursday,August 13th,LAC,HOU,2nd Quarter,5,Los Angeles Chargers,0,1,0,5 Yard Penalty,1st & 10 at LAC 23,03:36 2nd,"— J.Patterson left end to LAC 27 for 4 yards (A.Gaye; A.Fisher). PENALTY on HOU-A.Gaye, Defensive Offside, 5 yards, enforced at LAC 23 - No Play."
2026,PRESEASON WEEK 1,Thursday,August 13th,LAC,HOU,2nd Quarter,5,Los Angeles Chargers,0,2,0,15 Yard Pass,1st & 5 at LAC 28,03:11 2nd,— T.Lance pass short left to K.Lambert-Smith to LAC 43 for 15 yards (J.Smith; A.Fisher).
2026,PRESEASON WEEK 1,Thursday,August 13th,LAC,HOU,2nd Quarter,5,Los Angeles Chargers,0,3,0,5 Yard Penalty,1st & 10 at LAC 43,02:23 2nd Shotgun,"— T.Lance pass incomplete deep left to S.Matlock. PENALTY on HOU-A.Gaye, Neutral Zone Infraction, 5 yards, enforced at LAC 43 - No Play."
2026,PRESEASON WEEK 1,Thursday,August 13th,LAC,HOU,2nd Quarter,5,Los Angeles Chargers,0,4,0,7 Yard Run,1st & 5 at LAC 48,02:17 2nd Shotgun,— J.Patterson left end pushed ob at HOU 45 for 7 yards (K.Merriweather).
2026,PRESEASON WEEK 1,Thursday,August 13th,LAC,HOU,2nd Quarter,5,Los Angeles Chargers,0,5,0,-10 Yard Penalty,1st & 10 at HOU 45,02:00 2nd Shotgun,"— J.Patterson right guard to HOU 43 for 2 yards (K.Merriweather). PENALTY on LAC-T.Penning, Offensive Holding, 10 yards, enforced at HOU 45 - No Play."
2026,PRESEASON WEEK 1,Thursday,August 13th,LAC,HOU,2nd Quarter,5,Los Angeles Chargers,0,6,0,Pass Incomplete,1st & 20 at LAC 45,01:55 2nd Shotgun,— T.Lance pass incomplete short right to B.Thompson (A.Huzzie).
2026,PRESEASON WEEK 1,Thursday,August 13th,LAC,HOU,2nd Quarter,5,Los Angeles Chargers,0,7,0,16 Yard Pass,2nd & 20 at LAC 45,01:52 2nd Shotgun,— T.Lance pass deep right to B.Thompson to HOU 39 for 16 yards (J.Ingram).
2026,PRESEASON WEEK 1,Thursday,August 13th,LAC,HOU,2nd Quarter,5,Los Angeles Chargers,0,8,0,15 Yard Pass,3rd & 4 at HOU 39,01:09 2nd Shotgun,— T.Lance pass short left to J.Patterson to HOU 24 for 15 yards (J.Hill).
2026,PRESEASON WEEK 1,Thursday,August 13th,LAC,HOU,2nd Quarter,5,Los Angeles Chargers,0,9,0,Timeout,,00:59 2nd,— Timeout #1 by HOU at 00:59.
2026,PRESEASON WEEK 1,Thursday,August 13th,LAC,HOU,2nd Quarter,5,Los Angeles Chargers,0,10,0,Interception,1st & 10 at HOU 24,00:59 2nd Shotgun,— T.Lance pass short right intended for B.Thompson INTERCEPTED by K.Ramsey at HOU 12. K.Ramsey ran ob at LAC 48 for 40 yards (T.Lance).
2026,PRESEASON WEEK 1,Thursday,August 13th,LAC,HOU,2nd Quarter,6,Houston Texans,0,1,0,-4 Yard Pass,1st & 10 at LAC 48,00:51 2nd Shotgun,— G.Mertz pass short left to N.Whittington to HOU 48 for -4 yards (E.Johnson).
2026,PRESEASON WEEK 1,Thursday,August 13th,LAC,HOU,2nd Quarter,6,Houston Texans,0,2,0,6 Yard Run,2nd & 14 at HOU 48,00:28 2nd Shotgun,— G.Mertz scrambles up the middle to LAC 46 for 6 yards (E.Johnson).
2026,PRESEASON WEEK 1,Thursday,August 13th,LAC,HOU,2nd Quarter,6,Houston Texans,0,3,0,Timeout,,00:21 2nd,— Timeout #2 by HOU at 00:21.
2026,PRESEASON WEEK 1,Thursday,August 13th,LAC,HOU,2nd Quarter,6,Houston Texans,0,4,0,-6 Yard Penalty,3rd & 8 at LAC 46,00:21 2nd Shotgun,"— PENALTY on HOU-B.Fisher, False Start, 6 yards, enforced at LAC 46 - No Play."
2026,PRESEASON WEEK 1,Thursday,August 13th,LAC,HOU,2nd Quarter,6,Houston Texans,0,5,0,9 Yard Run,3rd & 14 at HOU 48,00:21 2nd Shotgun,— G.Mertz scrambles right end to LAC 43 for 9 yards (M.Wax). HOU-G.Mertz was injured during the play.
2026,PRESEASON WEEK 1,Thursday,August 13th,LAC,HOU,2nd Quarter,6,Houston Texans,0,6,0,Timeout,,00:02 2nd,— Timeout #3 by HOU at 00:02.
2026,PRESEASON WEEK 1,Thursday,August 13th,LAC,HOU,2nd Quarter,6,Houston Texans,0,7,0,Field Goal No Good,4th & 5 at LAC 43,00:02 2nd,"— C.Freeman 61 yard field goal is No Good, Wide Right, Center-A.Brinkman, Holder-K.Kroeger."
2026,PRESEASON WEEK 1,Thursday,August 13th,LAC,HOU,3rd Quarter,1,Houston Texans,0,1,0,Kickoff from LAC 35,,Kickoff,"— C.Dicker kicks 61 yards from LAC 35 to HOU 4. J.Jackson to HOU 31 for 27 yards (A.Smith; L.Barton). PENALTY on HOU-D.Robinson, Offensive Holding, 10 yards, enforced at HOU 31."
2026,PRESEASON WEEK 1,Thursday,August 13th,LAC,HOU,3rd Quarter,1,Houston Texans,0,2,0,1 Yard Run,1st & 10 at HOU 21,14:54 3rd,— N.Whittington left tackle to HOU 22 for 1 yard (A.Carter; J.Guillory).
2026,PRESEASON WEEK 1,Thursday,August 13th,LAC,HOU,3rd Quarter,1,Houston Texans,0,3,0,3 Yard Run,2nd & 9 at HOU 22,14:14 3rd,— N.Whittington left tackle to HOU 25 for 3 yards (T.Edwards; G.Smith).
2026,PRESEASON WEEK 1,Thursday,August 13th,LAC,HOU,3rd Quarter,1,Houston Texans,0,4,0,7 Yard Pass,3rd & 6 at HOU 25,13:30 3rd Shotgun,— D.Mills pass short middle to J.Kelly to HOU 32 for 7 yards (J.Colson).
2026,PRESEASON WEEK 1,Thursday,August 13th,LAC,HOU,3rd Quarter,1,Houston Texans,0,5,0,Pass Incomplete,1st & 10 at HOU 32,12:47 3rd Shotgun,— D.Mills pass incomplete short right.
2026,PRESEASON WEEK 1,Thursday,August 13th,LAC,HOU,3rd Quarter,1,Houston Texans,0,6,0,-4 Yard Run,2nd & 10 at HOU 32,12:41 3rd,— N.Whittington up the middle to HOU 28 for -4 yards (K.Williamson).
2026,PRESEASON WEEK 1,Thursday,August 13th,LAC,HOU,3rd Quarter,1,Houston Texans,0,7,0,11 Yard Pass,3rd & 14 at HOU 28,12:01 3rd Shotgun,— D.Mills pass short middle to L.Bond to HOU 39 for 11 yards (E.Johnson).
2026,PRESEASON WEEK 1,Thursday,August 13th,LAC,HOU,3rd Quarter,1,Houston Texans,0,8,0,Punt,4th & 3 at HOU 39,11:15 3rd,"— K.Kroeger punts 46 yards to LAC 15, Center-A.Brinkman. L.Grimm pushed ob at LAC 21 for 6 yards (K.Ramsey; A.Fisher)."
2026,PRESEASON WEEK 1,Thursday,August 13th,LAC,HOU,3rd Quarter,2,Los Angeles Chargers,1,1,0,-2 Yard Run,1st & 10 at LAC 21,11:05 3rd,"— A.Johnson left tackle to LAC 19 for -2 yards (A.Huzzie, K.McDonald)."
2026,PRESEASON WEEK 1,Thursday,August 13th,LAC,HOU,3rd Quarter,2,Los Angeles Chargers,1,2,0,7 Yard Pass,2nd & 12 at LAC 19,10:27 3rd Shotgun,— T.Lance pass short middle to L.Grimm to LAC 26 for 7 yards (A.Fisher).
2026,PRESEASON WEEK 1,Thursday,August 13th,LAC,HOU,3rd Quarter,2,Los Angeles Chargers,1,3,0,15 Yard Run,3rd & 5 at LAC 26,09:46 3rd Shotgun,— T.Lance scrambles left end ran ob at LAC 41 for 15 yards (J.Reed).
2026,PRESEASON WEEK 1,Thursday,August 13th,LAC,HOU,3rd Quarter,2,Los Angeles Chargers,1,4,0,14 Yard Pass,1st & 10 at LAC 41,09:11 3rd,— T.Lance pass short left to J.Pascuzzi to HOU 45 for 14 yards (J.Ingram; S.Hall).
2026,PRESEASON WEEK 1,Thursday,August 13th,LAC,HOU,3rd Quarter,2,Los Angeles Chargers,1,5,0,19 Yard Pass,1st & 10 at HOU 45,08:32 3rd,— T.Lance pass short right to J.Pascuzzi to HOU 26 for 19 yards (T.Smith). HOU-J.Ingram was injured during the play.
2026,PRESEASON WEEK 1,Thursday,August 13th,LAC,HOU,3rd Quarter,2,Los Angeles Chargers,1,6,0,-5 Yard Penalty,1st & 10 at HOU 26,07:49 3rd,"— A.Johnson left guard to HOU 27 for -1 yards (A.Fisher). PENALTY on LAC, Illegal Formation, 5 yards, enforced at HOU 26 - No Play."
2026,PRESEASON WEEK 1,Thursday,August 13th,LAC,HOU,3rd Quarter,2,Los Angeles Chargers,1,7,0,-7 Yard Sack,1st & 15 at HOU 31,07:22 3rd Shotgun,— T.Lance sacked at HOU 38 for -7 yards (N.Jones).
2026,PRESEASON WEEK 1,Thursday,August 13th,LAC,HOU,3rd Quarter,2,Los Angeles Chargers,1,8,0,4 Yard Run,2nd & 22 at HOU 38,06:36 3rd Shotgun,— A.Johnson up the middle to HOU 34 for 4 yards (J.Hill; N.Jones).
2026,PRESEASON WEEK 1,Thursday,August 13th,LAC,HOU,3rd Quarter,2,Los Angeles Chargers,1,9,0,4 Yard Run,3rd & 18 at HOU 34,05:57 3rd Shotgun,— T.Lance scrambles right end pushed ob at HOU 30 for 4 yards (S.Byrd).
2026,PRESEASON WEEK 1,Thursday,August 13th,LAC,HOU,3rd Quarter,2,Los Angeles Chargers,1,10,1,Field Goal,4th & 14 at HOU 30,05:21 3rd,"— C.Dicker 48 yard field goal is GOOD, Center-P.Bowden, Holder-J.Scott."
2026,PRESEASON WEEK 1,Thursday,August 13th,LAC,HOU,3rd Quarter,3,Houston Texans,0,1,0,Kickoff from LAC 35,,Kickoff,"— C.Dicker kicks 62 yards from LAC 35 to HOU 3. N.Whittington to HOU 29 for 26 yards (N.Avinger). PENALTY on HOU-A.Fisher, Offensive Holding, 10 yards, enforced at HOU 26."
2026,PRESEASON WEEK 1,Thursday,August 13th,LAC,HOU,3rd Quarter,3,Houston Texans,0,2,0,Pass Incomplete,1st & 10 at HOU 16,05:09 3rd,— D.Mills pass incomplete short left to L.Bond (M.Wax).
2026,PRESEASON WEEK 1,Thursday,August 13th,LAC,HOU,3rd Quarter,3,Houston Texans,0,3,0,5 Yard Pass,2nd & 10 at HOU 16,05:04 3rd Shotgun,— D.Mills pass short right to L.Bond to HOU 21 for 5 yards (R.Shelley).
2026,PRESEASON WEEK 1,Thursday,August 13th,LAC,HOU,3rd Quarter,3,Houston Texans,0,4,0,4 Yard Pass,3rd & 5 at HOU 21,04:23 3rd Shotgun,— D.Mills pass short right to J.Kelly to HOU 25 for 4 yards (J.Colson).
2026,PRESEASON WEEK 1,Thursday,August 13th,LAC,HOU,3rd Quarter,3,Houston Texans,0,5,0,Punt,4th & 1 at HOU 25,03:39 3rd,"— K.Kroeger punts 60 yards to LAC 15, Center-A.Brinkman. D.Ross MUFFS catch, and recovers at LAC 10. D.Ross pushed ob at LAC 19 for 9 yards (N.Whittington)."
2026,PRESEASON WEEK 1,Thursday,August 13th,LAC,HOU,4th Quarter,1,Los Angeles Chargers,1,1,0,Pass Incomplete,1st & 10 at LAC 19,03:22 3rd,— D.Uiagalelei pass incomplete deep right to J.Jackson.
2026,PRESEASON WEEK 1,Thursday,August 13th,LAC,HOU,4th Quarter,1,Los Angeles Chargers,1,2,0,1 Yard Run,2nd & 10 at LAC 19,03:15 3rd,— A.Johnson right tackle to LAC 20 for 1 yard (A.Fisher).
2026,PRESEASON WEEK 1,Thursday,August 13th,LAC,HOU,4th Quarter,1,Los Angeles Chargers,1,3,0,5 Yard Penalty,3rd & 9 at LAC 20,02:36 3rd Shotgun,"— D.Uiagalelei pass incomplete deep left to D.Campbell. PENALTY on HOU-B.Codrington, Illegal Contact, 5 yards, enforced at LAC 20 - No Play."
2026,PRESEASON WEEK 1,Thursday,August 13th,LAC,HOU,4th Quarter,1,Los Angeles Chargers,1,4,0,-9 Yard Run,1st & 10 at LAC 25,02:31 3rd,"— G.Desrosiers right end to LAC 37 for 12 yards (J.Reed). PENALTY on LAC-D.Campbell, Offensive Holding, 10 yards, enforced at LAC 26."
2026,PRESEASON WEEK 1,Thursday,August 13th,LAC,HOU,4th Quarter,1,Los Angeles Chargers,1,5,0,3 Yard Run,1st & 19 at LAC 16,02:04 3rd,— G.Desrosiers right tackle to LAC 19 for 3 yards (D.Horton).
2026,PRESEASON WEEK 1,Thursday,August 13th,LAC,HOU,4th Quarter,1,Los Angeles Chargers,1,6,0,-5 Yard Penalty,2nd & 16 at LAC 19,01:18 3rd Shotgun,"— PENALTY on LAC, Delay of Game, 5 yards, enforced at LAC 19 - No Play."
2026,PRESEASON WEEK 1,Thursday,August 13th,LAC,HOU,4th Quarter,1,Los Angeles Chargers,1,7,0,13 Yard Pass,2nd & 21 at LAC 14,00:59 3rd Shotgun,— D.Uiagalelei pass short left to A.Johnson to LAC 27 for 13 yards (S.Hall; M.Mapu).
2026,PRESEASON WEEK 1,Thursday,August 13th,LAC,HOU,4th Quarter,1,Los Angeles Chargers,1,8,0,11 Yard Pass,3rd & 8 at LAC 27,00:16 3rd Shotgun,— D.Uiagalelei pass short right to D.Ross to LAC 38 for 11 yards (T.Smith).
2026,PRESEASON WEEK 1,Thursday,August 13th,LAC,HOU,4th Quarter,1,Los Angeles Chargers,1,9,0,Pass Incomplete,1st & 10 at LAC 38,15:00 4th,— D.Uiagalelei pass incomplete deep middle to J.Jackson (T.Smith).
2026,PRESEASON WEEK 1,Thursday,August 13th,LAC,HOU,4th Quarter,1,Los Angeles Chargers,1,10,0,6 Yard Pass,2nd & 10 at LAC 38,14:55 4th,— D.Uiagalelei pass short right to J.Pascuzzi pushed ob at LAC 44 for 6 yards (S.Hall).
2026,PRESEASON WEEK 1,Thursday,August 13th,LAC,HOU,4th Quarter,1,Los Angeles Chargers,1,11,0,55 Yard Pass,3rd & 4 at LAC 44,14:20 4th Shotgun,"— D.Uiagalelei pass short left to A.Johnson to HOU 1 for 55 yards (B.Codrington). PENALTY on HOU-S.Byrd, Roughing the Passer, 0 yards, enforced at HOU 1."
2026,PRESEASON WEEK 1,Thursday,August 13th,LAC,HOU,4th Quarter,1,Los Angeles Chargers,1,12,1,Touchdown,1st & 1 at HOU 1,13:46 4th Shotgun,"— A.Johnson left guard for 1 yard, TOUCHDOWN."
2026,PRESEASON WEEK 1,Thursday,August 13th,LAC,HOU,4th Quarter,1,Los Angeles Chargers,1,13,0,2 Point Conversion,,13:43 4th,— TWO-POINT CONVERSION ATTEMPT. A.Johnson rushes left end. ATTEMPT SUCCEEDS.
2026,PRESEASON WEEK 1,Thursday,August 13th,LAC,HOU,4th Quarter,2,Houston Texans,0,1,0,Kickoff from LAC 35,,Kickoff,"— C.Dicker kicks 63 yards from LAC 35 to HOU 2. T.Saunders to HOU 30 for 28 yards (E.Johnson). PENALTY on HOU-J.Kelly, Offensive Holding, 10 yards, enforced at HOU 30."
2026,PRESEASON WEEK 1,Thursday,August 13th,LAC,HOU,4th Quarter,2,Houston Texans,0,2,0,6 Yard Run,1st & 10 at HOU 20,13:37 4th,— O.Wright up the middle to HOU 26 for 6 yards (D.Grant).
2026,PRESEASON WEEK 1,Thursday,August 13th,LAC,HOU,4th Quarter,2,Houston Texans,0,3,0,Fumble,2nd & 4 at HOU 26,12:54 4th,"— D.Mills sacked at HOU 20 for -6 yards. FUMBLES, touched at HOU 20, RECOVERED by LAC-L.Barton at HOU 26. L.Barton to HOU 21 for 5 yards (C.Stover)."
2026,PRESEASON WEEK 1,Thursday,August 13th,LAC,HOU,4th Quarter,3,Los Angeles Chargers,1,1,0,7 Yard Run,1st & 10 at HOU 21,12:42 4th,— G.Desrosiers left guard to HOU 14 for 7 yards (K.Merriweather).
2026,PRESEASON WEEK 1,Thursday,August 13th,LAC,HOU,4th Quarter,3,Los Angeles Chargers,1,2,0,9 Yard Run,2nd & 3 at HOU 14,12:05 4th Shotgun,— G.Desrosiers right end pushed ob at HOU 5 for 9 yards (S.Hall).
2026,PRESEASON WEEK 1,Thursday,August 13th,LAC,HOU,4th Quarter,3,Los Angeles Chargers,1,3,0,3 Yard Run,1st & 5 at HOU 5,11:32 4th,— G.Desrosiers left guard to HOU 2 for 3 yards (A.Fisher).
2026,PRESEASON WEEK 1,Thursday,August 13th,LAC,HOU,4th Quarter,3,Los Angeles Chargers,1,4,0,-1 Yard Run,2nd & 2 at HOU 2,10:53 4th Shotgun,— G.Desrosiers right guard to HOU 3 for -1 yards (A.Fisher).
2026,PRESEASON WEEK 1,Thursday,August 13th,LAC,HOU,4th Quarter,3,Los Angeles Chargers,1,5,1,Touchdown,3rd & 3 at HOU 3,10:13 4th,"— D.Uiagalelei pass short left to D.Ross for 3 yards, TOUCHDOWN."
2026,PRESEASON WEEK 1,Thursday,August 13th,LAC,HOU,4th Quarter,3,Los Angeles Chargers,1,6,0,Extra Point No Good,,10:08 4th,"— C.Dicker extra point is No Good, Wide Left, Center-P.Bowden, Holder-J.Scott."
2026,PRESEASON WEEK 1,Thursday,August 13th,LAC,HOU,4th Quarter,4,Houston Texans,0,1,0,Kickoff from LAC 35,,Kickoff,— C.Dicker kicks 59 yards from LAC 35 to HOU 6. N.Whittington to HOU 30 for 24 yards (M.Purchase).
2026,PRESEASON WEEK 1,Thursday,August 13th,LAC,HOU,4th Quarter,4,Houston Texans,0,2,0,6 Yard Run,1st & 10 at HOU 30,10:02 4th Shotgun,— J.Pitsenberger up the middle to HOU 36 for 6 yards (N.Avinger).
2026,PRESEASON WEEK 1,Thursday,August 13th,LAC,HOU,4th Quarter,4,Houston Texans,0,3,0,16 Yard Run,2nd & 4 at HOU 36,09:24 4th,— J.Pitsenberger right guard to LAC 48 for 16 yards (E.Johnson; M.Purchase).
2026,PRESEASON WEEK 1,Thursday,August 13th,LAC,HOU,4th Quarter,4,Houston Texans,0,4,0,Pass Incomplete,1st & 10 at LAC 48,08:42 4th,— D.Mills pass incomplete short left to J.Pitsenberger.
2026,PRESEASON WEEK 1,Thursday,August 13th,LAC,HOU,4th Quarter,4,Houston Texans,0,5,0,3 Yard Run,2nd & 10 at LAC 48,08:36 4th,— J.Pitsenberger left end to LAC 45 for 3 yards (T.Webb; I.Waxter).
2026,PRESEASON WEEK 1,Thursday,August 13th,LAC,HOU,4th Quarter,4,Houston Texans,0,6,0,6 Yard Pass,3rd & 7 at LAC 45,07:51 4th Shotgun,— D.Mills pass short left to T.Saunders ran ob at LAC 39 for 6 yards.
2026,PRESEASON WEEK 1,Thursday,August 13th,LAC,HOU,4th Quarter,4,Houston Texans,0,7,0,Turnover on Downs,4th & 1 at LAC 39,07:23 4th,— J.Pitsenberger up the middle to LAC 39 for no gain (A.Smith; E.Johnson).
2026,PRESEASON WEEK 1,Thursday,August 13th,LAC,HOU,4th Quarter,5,Los Angeles Chargers,0,1,0,6 Yard Run,1st & 10 at LAC 39,07:19 4th,— G.Desrosiers right tackle to LAC 45 for 6 yards (K.Hamilton; M.Mapu).
2026,PRESEASON WEEK 1,Thursday,August 13th,LAC,HOU,4th Quarter,5,Los Angeles Chargers,0,2,0,-3 Yard Run,2nd & 4 at LAC 45,06:43 4th,— G.Desrosiers left end to LAC 42 for -3 yards (A.Gaye).
2026,PRESEASON WEEK 1,Thursday,August 13th,LAC,HOU,4th Quarter,5,Los Angeles Chargers,0,3,0,Pass Incomplete,3rd & 7 at LAC 42,06:01 4th Shotgun,— D.Uiagalelei pass incomplete short right to J.Jackson.
2026,PRESEASON WEEK 1,Thursday,August 13th,LAC,HOU,4th Quarter,5,Los Angeles Chargers,0,4,0,Punt,4th & 7 at LAC 42,05:57 4th,"— J.Scott punts 43 yards to HOU 15, Center-P.Bowden. T.Saunders to HOU 15 for no gain (G.Desrosiers)."
2026,PRESEASON WEEK 1,Thursday,August 13th,LAC,HOU,4th Quarter,6,Houston Texans,0,1,0,-2 Yard Run,1st & 10 at HOU 15,05:48 4th,— J.Pitsenberger left guard to HOU 13 for -2 yards (J.Carter).
2026,PRESEASON WEEK 1,Thursday,August 13th,LAC,HOU,4th Quarter,6,Houston Texans,0,2,0,9 Yard Run,2nd & 12 at HOU 13,05:10 4th,— T.Saunders right end to HOU 22 for 9 yards (D.Grant; E.Rogers).
2026,PRESEASON WEEK 1,Thursday,August 13th,LAC,HOU,4th Quarter,6,Houston Texans,0,3,0,Pass Incomplete,3rd & 3 at HOU 22,04:32 4th Shotgun,— D.Mills pass incomplete short left to T.Saunders (A.Carter).
2026,PRESEASON WEEK 1,Thursday,August 13th,LAC,HOU,4th Quarter,6,Houston Texans,0,4,0,Punt,4th & 3 at HOU 22,04:27 4th,"— K.Kroeger punts 51 yards to LAC 27, Center-A.Brinkman. D.Ross to LAC 31 for 4 yards (D.Sobkowicz)."
2026,PRESEASON WEEK 1,Thursday,August 13th,LAC,HOU,4th Quarter,7,Los Angeles Chargers,0,1,0,1 Yard Run,1st & 10 at LAC 31,04:17 4th,— G.Desrosiers left tackle to LAC 32 for 1 yard (K.Hamilton; S.Byrd).
2026,PRESEASON WEEK 1,Thursday,August 13th,LAC,HOU,4th Quarter,7,Los Angeles Chargers,0,2,0,1 Yard Run,2nd & 9 at LAC 32,03:36 4th,— G.Desrosiers right guard to LAC 33 for 1 yard (K.Ossai; K.Hamilton).
2026,PRESEASON WEEK 1,Thursday,August 13th,LAC,HOU,4th Quarter,7,Los Angeles Chargers,0,3,0,Timeout,,02:50 4th,— Timeout #1 by LAC at 02:50.
2026,PRESEASON WEEK 1,Thursday,August 13th,LAC,HOU,4th Quarter,7,Los Angeles Chargers,0,4,0,Fumble,3rd & 8 at LAC 33,02:50 4th Shotgun,"— D.Uiagalelei pass short right to D.Campbell to HOU 35 for 32 yards (B.Codrington). FUMBLES (B.Codrington), RECOVERED by HOU-A.Huzzie at HOU 27. A.Huzzie to HOU 32 for 5 yards (D.Campbell)."
2026,PRESEASON WEEK 1,Thursday,August 13th,LAC,HOU,4th Quarter,8,Houston Texans,0,1,0,5 Yard Run,1st & 10 at HOU 32,02:31 4th Shotgun,— J.Pitsenberger up the middle to HOU 37 for 5 yards (D.Grant).
2026,PRESEASON WEEK 1,Thursday,August 13th,LAC,HOU,4th Quarter,8,Houston Texans,0,2,0,3 Yard Run,2nd & 5 at HOU 37,02:00 4th,— N.Whittington right guard to HOU 40 for 3 yards (A.Smith; K.Kennard).
2026,PRESEASON WEEK 1,Thursday,August 13th,LAC,HOU,4th Quarter,8,Houston Texans,0,3,0,2 Yard Run,3rd & 2 at HOU 40,01:20 4th,— N.Whittington right guard to HOU 42 for 2 yards (T.Webb).
2026,PRESEASON WEEK 1,Thursday,August 13th,LAC,HOU,4th Quarter,8,Houston Texans,0,4,0,0 Yard Run,1st & 10 at HOU 42,00:37 4th,— N.Whittington left end to HOU 42 for no gain (E.Rogers).
2026,PRESEASON WEEK 1,Thursday,August 13th,AZ,LV,1st Quarter,1,Las Vegas Raiders,1,1,0,Kickoff from AZ 35,,Kickoff,— C.Ryland kicks 62 yards from AZ 35 to LV 3. D.Thompkins pushed ob at LV 32 for 29 yards (E.Leota).
2026,PRESEASON WEEK 1,Thursday,August 13th,AZ,LV,1st Quarter,1,Las Vegas Raiders,1,2,0,3 Yard Run,1st & 10 at LV 32,14:53 1st,— A.Jeanty left guard to LV 35 for 3 yards (Ma.Wilson; R.Lopez).
2026,PRESEASON WEEK 1,Thursday,August 13th,AZ,LV,1st Quarter,1,Las Vegas Raiders,1,3,0,Pass Incomplete,2nd & 7 at LV 35,14:15 1st Shotgun,— K.Cousins pass incomplete short right to A.Jeanty (L.Collier).
2026,PRESEASON WEEK 1,Thursday,August 13th,AZ,LV,1st Quarter,1,Las Vegas Raiders,1,4,0,10 Yard Pass,3rd & 7 at LV 35,14:10 1st Shotgun,— K.Cousins pass short left to J.Bech to LV 45 for 10 yards (W.Johnson).
2026,PRESEASON WEEK 1,Thursday,August 13th,AZ,LV,1st Quarter,1,Las Vegas Raiders,1,5,0,6 Yard Pass,1st & 10 at LV 45,13:33 1st,— K.Cousins pass short right to M.Mayer to AZ 49 for 6 yards (Z.Collins).
2026,PRESEASON WEEK 1,Thursday,August 13th,AZ,LV,1st Quarter,1,Las Vegas Raiders,1,6,0,3 Yard Run,2nd & 4 at AZ 49,12:58 1st,"— A.Jeanty up the middle to AZ 46 for 3 yards (W.Nolen, Ma.Wilson)."
2026,PRESEASON WEEK 1,Thursday,August 13th,AZ,LV,1st Quarter,1,Las Vegas Raiders,1,7,0,10 Yard Run,3rd & 1 at AZ 46,12:22 1st,— A.Jeanty left guard to AZ 36 for 10 yards (A.Wingard; D.Taylor-Demerson).
2026,PRESEASON WEEK 1,Thursday,August 13th,AZ,LV,1st Quarter,1,Las Vegas Raiders,1,8,0,16 Yard Pass,1st & 10 at AZ 36,11:41 1st Shotgun,— K.Cousins pass short left to T.Tucker pushed ob at AZ 20 for 16 yards (W.Johnson).
2026,PRESEASON WEEK 1,Thursday,August 13th,AZ,LV,1st Quarter,1,Las Vegas Raiders,1,9,0,2 Yard Run,1st & 10 at AZ 20,11:09 1st,— M.Washington left end to AZ 18 for 2 yards (A.Wingard; J.Gibbens).
2026,PRESEASON WEEK 1,Thursday,August 13th,AZ,LV,1st Quarter,1,Las Vegas Raiders,1,10,0,5 Yard Pass,2nd & 8 at AZ 18,10:29 1st,— K.Cousins pass short right to T.Tucker to AZ 13 for 5 yards (D.Burke).
2026,PRESEASON WEEK 1,Thursday,August 13th,AZ,LV,1st Quarter,1,Las Vegas Raiders,1,11,1,Touchdown,3rd & 3 at AZ 13,09:50 1st Shotgun,"— K.Cousins pass short left to M.Mayer for 13 yards, TOUCHDOWN."
2026,PRESEASON WEEK 1,Thursday,August 13th,AZ,LV,1st Quarter,1,Las Vegas Raiders,1,12,1,Extra Point,,09:44 1st,"— M.Gay extra point is GOOD, Center-A.Ward, Holder-A.Cole."
2026,PRESEASON WEEK 1,Thursday,August 13th,AZ,LV,1st Quarter,2,Arizona Cardinals,1,1,0,Kickoff from LV 35,,Kickoff,— M.Gay kicks 62 yards from LV 35 to AZ 3. I.Smith-Marsette to AZ 27 for 24 yards (B.Jackson; D.Ogunbowale).
2026,PRESEASON WEEK 1,Thursday,August 13th,AZ,LV,1st Quarter,2,Arizona Cardinals,1,2,0,3 Yard Run,1st & 10 at AZ 27,09:37 1st,— J.Love left guard to AZ 30 for 3 yards (T.Johnson).
2026,PRESEASON WEEK 1,Thursday,August 13th,AZ,LV,1st Quarter,2,Arizona Cardinals,1,3,0,5 Yard Pass,2nd & 7 at AZ 30,09:06 1st,— J.Brissett pass short right to M.Wilson pushed ob at AZ 35 for 5 yards (J.Chinn).
2026,PRESEASON WEEK 1,Thursday,August 13th,AZ,LV,1st Quarter,2,Arizona Cardinals,1,4,0,20 Yard Penalty,3rd & 2 at AZ 35,08:36 1st Shotgun,"— J.Brissett pass incomplete deep left to M.Harrison. PENALTY on LV-T.Johnson, Defensive Pass Interference, 20 yards, enforced at AZ 35 - No Play."
2026,PRESEASON WEEK 1,Thursday,August 13th,AZ,LV,1st Quarter,2,Arizona Cardinals,1,5,0,2 Yard Run,1st & 10 at LV 45,08:31 1st,— J.Love left guard to LV 43 for 2 yards (Q.Walker).
2026,PRESEASON WEEK 1,Thursday,August 13th,AZ,LV,1st Quarter,2,Arizona Cardinals,1,6,0,-5 Yard Penalty,2nd & 8 at LV 43,07:55 1st Shotgun,"— PENALTY on AZ-I.Seumalo, False Start, 5 yards, enforced at LV 43 - No Play."
2026,PRESEASON WEEK 1,Thursday,August 13th,AZ,LV,1st Quarter,2,Arizona Cardinals,1,7,0,2 Yard Pass,2nd & 13 at LV 48,07:46 1st Shotgun,— J.Brissett pass short right to J.Love to LV 46 for 2 yards (T.Johnson).
2026,PRESEASON WEEK 1,Thursday,August 13th,AZ,LV,1st Quarter,2,Arizona Cardinals,1,8,0,18 Yard Pass,3rd & 11 at LV 46,"07:18 1st No Huddle, Shotgun",— J.Brissett pass short right to M.Wilson pushed ob at LV 28 for 18 yards (E.Stokes).
2026,PRESEASON WEEK 1,Thursday,August 13th,AZ,LV,1st Quarter,2,Arizona Cardinals,1,9,0,7 Yard Run,1st & 10 at LV 28,06:51 1st,— T.Allgeier up the middle to LV 21 for 7 yards (N.Dean).
2026,PRESEASON WEEK 1,Thursday,August 13th,AZ,LV,1st Quarter,2,Arizona Cardinals,1,10,0,7 Yard Run,2nd & 3 at LV 21,06:18 1st,— T.Allgeier left end pushed ob at LV 14 for 7 yards (J.Chinn).
2026,PRESEASON WEEK 1,Thursday,August 13th,AZ,LV,1st Quarter,2,Arizona Cardinals,1,11,0,0 Yard Run,1st & 10 at LV 14,05:43 1st,— T.Allgeier right guard to LV 14 for no gain (Q.Walker).
2026,PRESEASON WEEK 1,Thursday,August 13th,AZ,LV,1st Quarter,2,Arizona Cardinals,1,12,0,-5 Yard Penalty,2nd & 10 at LV 14,05:01 1st,"— PENALTY on AZ-T.Quitoriano, False Start, 5 yards, enforced at LV 14 - No Play."
2026,PRESEASON WEEK 1,Thursday,August 13th,AZ,LV,1st Quarter,2,Arizona Cardinals,1,13,0,12 Yard Pass,2nd & 15 at LV 19,04:37 1st Shotgun,— J.Brissett pass short left to K.Bourne to LV 7 for 12 yards (N.Dean; J.Chinn).
2026,PRESEASON WEEK 1,Thursday,August 13th,AZ,LV,1st Quarter,2,Arizona Cardinals,1,14,1,Touchdown,3rd & 3 at LV 7,03:52 1st,"— J.Brissett pass short right to M.Harrison for 7 yards, TOUCHDOWN."
2026,PRESEASON WEEK 1,Thursday,August 13th,AZ,LV,1st Quarter,2,Arizona Cardinals,1,15,1,Extra Point,,03:47 1st,"— C.Ryland extra point is GOOD, Center-C.Kreiter, Holder-B.Gillikin. PENALTY on LV-A.Butler, Defensive Offside, 5 yards, enforced between downs."
2026,PRESEASON WEEK 1,Thursday,August 13th,AZ,LV,1st Quarter,3,Las Vegas Raiders,0,1,0,Kickoff from AZ 40,,Kickoff,"— C.Ryland kicks 57 yards from AZ 40 to LV 3. M.Washington to LV 30 for 27 yards (E.Leota; W.Williams). PENALTY on LV-C.Heyward, Offensive Holding, 10 yards, enforced at LV 25."
2026,PRESEASON WEEK 1,Thursday,August 13th,AZ,LV,1st Quarter,3,Las Vegas Raiders,0,2,0,2 Yard Run,1st & 10 at LV 15,03:39 1st,— M.Washington up the middle to LV 17 for 2 yards (J.Gibbens).
2026,PRESEASON WEEK 1,Thursday,August 13th,AZ,LV,1st Quarter,3,Las Vegas Raiders,0,3,0,Pass Incomplete,2nd & 8 at LV 17,03:03 1st Shotgun,— F.Mendoza pass incomplete short right.
2026,PRESEASON WEEK 1,Thursday,August 13th,AZ,LV,1st Quarter,3,Las Vegas Raiders,0,4,0,9 Yard Pass,3rd & 8 at LV 17,02:58 1st Shotgun,— F.Mendoza pass short right to J.Bech ran ob at LV 26 for 9 yards.
2026,PRESEASON WEEK 1,Thursday,August 13th,AZ,LV,1st Quarter,3,Las Vegas Raiders,0,5,0,2 Yard Run,1st & 10 at LV 26,02:29 1st,— M.Washington up the middle to LV 28 for 2 yards (J.Gibbens; R.Lopez).
2026,PRESEASON WEEK 1,Thursday,August 13th,AZ,LV,1st Quarter,3,Las Vegas Raiders,0,6,0,-10 Yard Penalty,2nd & 8 at LV 28,01:51 1st,"— F.Mendoza pass short middle to M.Washington to LV 33 for 5 yards (D.Taylor-Demerson). PENALTY on LV-C.Grant, Offensive Holding, 10 yards, enforced at LV 28 - No Play."
2026,PRESEASON WEEK 1,Thursday,August 13th,AZ,LV,1st Quarter,3,Las Vegas Raiders,0,7,0,Pass Incomplete,2nd & 18 at LV 18,01:29 1st Shotgun,— F.Mendoza pass incomplete short right to M.Washington (D.Burke) [E.Leota].
2026,PRESEASON WEEK 1,Thursday,August 13th,AZ,LV,1st Quarter,3,Las Vegas Raiders,0,8,0,8 Yard Run,3rd & 18 at LV 18,01:24 1st Shotgun,— D.Laube right guard to LV 26 for 8 yards (L.Collier; C.Simon).
2026,PRESEASON WEEK 1,Thursday,August 13th,AZ,LV,1st Quarter,3,Las Vegas Raiders,0,9,0,Punt,4th & 10 at LV 26,00:47 1st,"— A.Cole punts 60 yards to AZ 14, Center-A.Ward. D.Duvernay to AZ 22 for 8 yards (D.Johnson)."
2026,PRESEASON WEEK 1,Thursday,August 13th,AZ,LV,2nd Quarter,1,Arizona Cardinals,1,1,0,1 Yard Run,1st & 10 at AZ 22,00:37 1st,— J.Love up the middle to AZ 23 for 1 yard (T.Stukes; C.Lindenberg).
2026,PRESEASON WEEK 1,Thursday,August 13th,AZ,LV,2nd Quarter,1,Arizona Cardinals,1,2,0,5 Yard Pass,2nd & 9 at AZ 23,15:00 2nd Shotgun,— G.Minshew pass short middle to J.Love to AZ 28 for 5 yards (C.Lindenberg).
2026,PRESEASON WEEK 1,Thursday,August 13th,AZ,LV,2nd Quarter,1,Arizona Cardinals,1,3,0,9 Yard Pass,3rd & 4 at AZ 28,14:24 2nd Shotgun,— G.Minshew pass short left to J.Brooks to AZ 37 for 9 yards (H.Masses).
2026,PRESEASON WEEK 1,Thursday,August 13th,AZ,LV,2nd Quarter,1,Arizona Cardinals,1,4,0,2 Yard Run,1st & 10 at AZ 37,13:45 2nd,— J.Love left guard to AZ 39 for 2 yards (B.Jackson).
2026,PRESEASON WEEK 1,Thursday,August 13th,AZ,LV,2nd Quarter,1,Arizona Cardinals,1,5,0,23 Yard Run,2nd & 8 at AZ 39,13:09 2nd,"— J.Love right end to AZ 47 for 8 yards (B.Jackson). PENALTY on LV-T.Eichenberg, Unnecessary Roughness, 15 yards, enforced at AZ 47."
2026,PRESEASON WEEK 1,Thursday,August 13th,AZ,LV,2nd Quarter,1,Arizona Cardinals,1,6,0,1 Yard Run,1st & 10 at LV 38,12:32 2nd,— J.Love up the middle to LV 37 for 1 yard (C.Lindenberg).
2026,PRESEASON WEEK 1,Thursday,August 13th,AZ,LV,2nd Quarter,1,Arizona Cardinals,1,7,0,9 Yard Pass,2nd & 9 at LV 37,11:57 2nd Shotgun,— G.Minshew pass short right to J.Brooks pushed ob at LV 28 for 9 yards (J.McCoy).
2026,PRESEASON WEEK 1,Thursday,August 13th,AZ,LV,2nd Quarter,1,Arizona Cardinals,1,8,0,5 Yard Run,1st & 10 at LV 28,11:20 2nd,— T.Allgeier up the middle to LV 23 for 5 yards (H.Masses; C.Lindenberg).
2026,PRESEASON WEEK 1,Thursday,August 13th,AZ,LV,2nd Quarter,1,Arizona Cardinals,1,9,0,4 Yard Pass,2nd & 5 at LV 23,10:42 2nd,— G.Minshew pass short right to J.Brooks to LV 19 for 4 yards (G.Vance).
2026,PRESEASON WEEK 1,Thursday,August 13th,AZ,LV,2nd Quarter,1,Arizona Cardinals,1,10,0,Timeout,,10:00 2nd,— Timeout #1 by LV at 10:00.
2026,PRESEASON WEEK 1,Thursday,August 13th,AZ,LV,2nd Quarter,1,Arizona Cardinals,1,11,0,9 Yard Run,3rd & 1 at LV 19,10:00 2nd,— J.Love left end to LV 10 for 9 yards (K.Crawford; T.McCollum).
2026,PRESEASON WEEK 1,Thursday,August 13th,AZ,LV,2nd Quarter,1,Arizona Cardinals,1,12,1,Touchdown,1st & 10 at LV 10,09:20 2nd,"— G.Minshew pass short right to S.Fehoko for 10 yards, TOUCHDOWN."
2026,PRESEASON WEEK 1,Thursday,August 13th,AZ,LV,2nd Quarter,1,Arizona Cardinals,1,13,1,Extra Point,,09:16 2nd,"— C.Ryland extra point is GOOD, Center-C.Kreiter, Holder-B.Gillikin."
2026,PRESEASON WEEK 1,Thursday,August 13th,AZ,LV,2nd Quarter,2,Las Vegas Raiders,1,1,0,Kickoff from AZ 35,,Kickoff,— C.Ryland kicks 65 yards from AZ 35 to LV 0. M.Benson to LV 21 for 21 yards (K.Sharar).
2026,PRESEASON WEEK 1,Thursday,August 13th,AZ,LV,2nd Quarter,2,Las Vegas Raiders,1,2,0,19 Yard Pass,1st & 10 at LV 21,09:10 2nd,— F.Mendoza pass deep middle to M.Benson to LV 40 for 19 yards (K.Crawford).
2026,PRESEASON WEEK 1,Thursday,August 13th,AZ,LV,2nd Quarter,2,Las Vegas Raiders,1,3,0,Penalty,1st & 10 at LV 40,08:40 2nd,"— F.Mendoza pass incomplete short right. Penalty on LV-J.Powers-Johnson, Tripping, offsetting, enforced at LV 40 - No Play. Penalty on AZ-D.Burke, Illegal Contact, offsetting."
2026,PRESEASON WEEK 1,Thursday,August 13th,AZ,LV,2nd Quarter,2,Las Vegas Raiders,1,4,0,-8 Yard Run,1st & 10 at LV 40,08:31 2nd,"— M.Washington right end pushed ob at LV 47 for 7 yards (K.Crawford). PENALTY on LV-A.Okwuegbunam, Offensive Holding, 10 yards, enforced at LV 42."
2026,PRESEASON WEEK 1,Thursday,August 13th,AZ,LV,2nd Quarter,2,Las Vegas Raiders,1,5,0,53 Yard Run,1st & 18 at LV 32,08:03 2nd,— M.Washington up the middle pushed ob at AZ 15 for 53 yards (D.Taylor-Demerson).
2026,PRESEASON WEEK 1,Thursday,August 13th,AZ,LV,2nd Quarter,2,Las Vegas Raiders,1,6,0,-5 Yard Penalty,1st & 10 at AZ 15,07:12 2nd Shotgun,"— PENALTY on LV, False Start, 5 yards, enforced at AZ 15 - No Play."
2026,PRESEASON WEEK 1,Thursday,August 13th,AZ,LV,2nd Quarter,2,Las Vegas Raiders,1,7,0,Pass Incomplete,1st & 15 at AZ 20,06:48 2nd Shotgun,— F.Mendoza pass incomplete short left to M.Benson (D.Burke).
2026,PRESEASON WEEK 1,Thursday,August 13th,AZ,LV,2nd Quarter,2,Las Vegas Raiders,1,8,0,7 Yard Run,2nd & 15 at AZ 20,06:44 2nd Shotgun,— F.Mendoza scrambles left guard to AZ 13 for 7 yards (K.Crawford).
2026,PRESEASON WEEK 1,Thursday,August 13th,AZ,LV,2nd Quarter,2,Las Vegas Raiders,1,9,0,7 Yard Pass,3rd & 8 at AZ 13,06:02 2nd Shotgun,— F.Mendoza pass short right to M.Benson to AZ 6 for 7 yards (M.Melton).
2026,PRESEASON WEEK 1,Thursday,August 13th,AZ,LV,2nd Quarter,2,Las Vegas Raiders,1,10,0,2 Yard Run,4th & 1 at AZ 6,05:17 2nd,— M.Washington right guard to AZ 4 for 2 yards (J.Gibbens; C.Simon).
2026,PRESEASON WEEK 1,Thursday,August 13th,AZ,LV,2nd Quarter,2,Las Vegas Raiders,1,11,0,-8 Yard Sack,1st & 4 at AZ 4,04:39 2nd,— F.Mendoza sacked at AZ 12 for -8 yards (W.Nolen).
2026,PRESEASON WEEK 1,Thursday,August 13th,AZ,LV,2nd Quarter,2,Las Vegas Raiders,1,12,0,6 Yard Pass,2nd & 12 at AZ 12,03:59 2nd Shotgun,— F.Mendoza pass short right to I.Thomas to AZ 6 for 6 yards (S.Murphy-Bunting) [B.Ojulari].
2026,PRESEASON WEEK 1,Thursday,August 13th,AZ,LV,2nd Quarter,2,Las Vegas Raiders,1,13,1,Touchdown,3rd & 6 at AZ 6,03:16 2nd Shotgun,"— F.Mendoza pass short middle to J.Bech for 6 yards, TOUCHDOWN."
2026,PRESEASON WEEK 1,Thursday,August 13th,AZ,LV,2nd Quarter,2,Las Vegas Raiders,1,14,1,Extra Point,,03:13 2nd,"— M.Gay extra point is GOOD, Center-A.Ward, Holder-A.Cole."
2026,PRESEASON WEEK 1,Thursday,August 13th,AZ,LV,2nd Quarter,3,Arizona Cardinals,1,1,0,Kickoff from LV 35,,Kickoff,— M.Gay kicks 61 yards from LV 35 to AZ 4. D.Duvernay to AZ 25 for 21 yards (D.Young).
2026,PRESEASON WEEK 1,Thursday,August 13th,AZ,LV,2nd Quarter,3,Arizona Cardinals,1,2,0,2 Yard Run,1st & 10 at AZ 25,03:06 2nd,— J.Love right guard to AZ 27 for 2 yards (G.Vance).
2026,PRESEASON WEEK 1,Thursday,August 13th,AZ,LV,2nd Quarter,3,Arizona Cardinals,1,3,0,14 Yard Run,2nd & 8 at AZ 27,02:31 2nd,— J.Love left tackle to AZ 41 for 14 yards (J.Harvey; H.Masses).
2026,PRESEASON WEEK 1,Thursday,August 13th,AZ,LV,2nd Quarter,3,Arizona Cardinals,1,4,0,16 Yard Run,1st & 10 at AZ 41,02:00 2nd Shotgun,— J.Love right guard to LV 43 for 16 yards (G.Vance).
2026,PRESEASON WEEK 1,Thursday,August 13th,AZ,LV,2nd Quarter,3,Arizona Cardinals,1,5,0,0 Yard Run,1st & 10 at LV 43,01:31 2nd Shotgun,— J.Love right guard to LV 43 for no gain (P.Johnson).
2026,PRESEASON WEEK 1,Thursday,August 13th,AZ,LV,2nd Quarter,3,Arizona Cardinals,1,6,0,4 Yard Pass,2nd & 10 at LV 43,"01:08 2nd No Huddle, Shotgun",— G.Minshew pass short right to T.Quitoriano to LV 39 for 4 yards (T.Eichenberg).
2026,PRESEASON WEEK 1,Thursday,August 13th,AZ,LV,2nd Quarter,3,Arizona Cardinals,1,7,0,Timeout,,01:01 2nd,— Timeout #2 by LV at 01:01.
2026,PRESEASON WEEK 1,Thursday,August 13th,AZ,LV,2nd Quarter,3,Arizona Cardinals,1,8,0,14 Yard Pass,3rd & 6 at LV 39,01:00 2nd Shotgun,"— G.Minshew pass short left to J.Brooks to LV 25 for 14 yards (H.Masses, T.Stukes)."
2026,PRESEASON WEEK 1,Thursday,August 13th,AZ,LV,2nd Quarter,3,Arizona Cardinals,1,9,0,10 Yard Pass,1st & 10 at LV 25,"00:41 2nd No Huddle, Shotgun",— G.Minshew pass short left to J.Brooks to LV 15 for 10 yards (T.Eichenberg).
2026,PRESEASON WEEK 1,Thursday,August 13th,AZ,LV,2nd Quarter,3,Arizona Cardinals,1,10,0,Timeout,,00:33 2nd,— Timeout #1 by AZ at 00:33.
2026,PRESEASON WEEK 1,Thursday,August 13th,AZ,LV,2nd Quarter,3,Arizona Cardinals,1,11,0,7 Yard Pass,1st & 10 at LV 15,00:33 2nd Shotgun,— G.Minshew pass short middle to J.Love to LV 8 for 7 yards (T.Eichenberg).
2026,PRESEASON WEEK 1,Thursday,August 13th,AZ,LV,2nd Quarter,3,Arizona Cardinals,1,12,0,Timeout,,00:27 2nd,— Timeout #2 by AZ at 00:27.
2026,PRESEASON WEEK 1,Thursday,August 13th,AZ,LV,2nd Quarter,3,Arizona Cardinals,1,13,0,2 Yard Run,2nd & 3 at LV 8,00:27 2nd,— Z.Knight right guard to LV 6 for 2 yards (T.Eichenberg).
2026,PRESEASON WEEK 1,Thursday,August 13th,AZ,LV,2nd Quarter,3,Arizona Cardinals,1,14,0,Timeout,,00:20 2nd,— Timeout #3 by AZ at 00:20.
2026,PRESEASON WEEK 1,Thursday,August 13th,AZ,LV,2nd Quarter,3,Arizona Cardinals,1,15,0,Timeout,,00:20 2nd,— Timeout #3 by LV at 00:20.
2026,PRESEASON WEEK 1,Thursday,August 13th,AZ,LV,2nd Quarter,3,Arizona Cardinals,1,16,1,Touchdown,3rd & 1 at LV 6,00:20 2nd Shotgun,"— G.Minshew pass short right to J.Brooks for 6 yards, TOUCHDOWN."
2026,PRESEASON WEEK 1,Thursday,August 13th,AZ,LV,2nd Quarter,3,Arizona Cardinals,1,17,1,Extra Point,,00:17 2nd,"— C.Ryland extra point is GOOD, Center-C.Kreiter, Holder-B.Gillikin."
2026,PRESEASON WEEK 1,Thursday,August 13th,AZ,LV,2nd Quarter,4,Las Vegas Raiders,0,1,0,Kickoff from AZ 35,,Kickoff,"— C.Ryland kicks 65 yards from AZ 35 to end zone, Touchback to the LV 35."
2026,PRESEASON WEEK 1,Thursday,August 13th,AZ,LV,2nd Quarter,4,Las Vegas Raiders,0,2,0,-1 Yard Run,1st & 10 at LV 35,00:17 2nd,— F.Mendoza kneels to LV 34 for -1 yards.
2026,PRESEASON WEEK 1,Thursday,August 13th,AZ,LV,3rd Quarter,1,Arizona Cardinals,1,1,0,Kickoff from LV 35,,Kickoff,"— K.Matsuzawa kicks 41 yards from LV 35 to AZ 24, short of landing zone. PENALTY on LV-K.Matsuzawa, Kickoff Short of Landing Zone, placed at AZ 40."
2026,PRESEASON WEEK 1,Thursday,August 13th,AZ,LV,3rd Quarter,1,Arizona Cardinals,1,2,0,3 Yard Pass,1st & 10 at AZ 40,15:00 3rd,— G.Minshew pass short right to R.Fairweather to AZ 43 for 3 yards (G.Vance).
2026,PRESEASON WEEK 1,Thursday,August 13th,AZ,LV,3rd Quarter,1,Arizona Cardinals,1,3,0,12 Yard Run,2nd & 7 at AZ 43,14:16 3rd,— Z.Knight left guard to LV 45 for 12 yards (T.Stukes).
2026,PRESEASON WEEK 1,Thursday,August 13th,AZ,LV,3rd Quarter,1,Arizona Cardinals,1,4,0,1 Yard Run,1st & 10 at LV 45,13:34 3rd,— Z.Knight right guard to LV 44 for 1 yard (J.Pegues).
2026,PRESEASON WEEK 1,Thursday,August 13th,AZ,LV,3rd Quarter,1,Arizona Cardinals,1,5,0,Pass Incomplete,2nd & 9 at LV 44,12:58 3rd,— G.Minshew pass incomplete deep right to R.Virgil.
2026,PRESEASON WEEK 1,Thursday,August 13th,AZ,LV,3rd Quarter,1,Arizona Cardinals,1,6,0,7 Yard Pass,3rd & 9 at LV 44,12:52 3rd Shotgun,— G.Minshew pass short left to I.Smith-Marsette to LV 37 for 7 yards (G.Vance).
2026,PRESEASON WEEK 1,Thursday,August 13th,AZ,LV,3rd Quarter,1,Arizona Cardinals,1,7,0,2 Yard Pass,4th & 2 at LV 37,12:11 3rd Shotgun,— G.Minshew pass short left to S.Fehoko to LV 35 for 2 yards (H.Masses).
2026,PRESEASON WEEK 1,Thursday,August 13th,AZ,LV,3rd Quarter,1,Arizona Cardinals,1,8,0,Pass Incomplete,1st & 10 at LV 35,11:47 3rd No Huddle,"— G.Minshew pass incomplete short right [P.Johnson]. AZ-C.Bisontis was injured during the play. PENALTY on AZ-G.Minshew, Intentional Grounding, 10 yards, enforced at LV 35."
2026,PRESEASON WEEK 1,Thursday,August 13th,AZ,LV,3rd Quarter,1,Arizona Cardinals,1,9,0,11 Yard Pass,2nd & 20 at LV 45,11:36 3rd Shotgun,— G.Minshew pass short right to S.Fehoko ran ob at LV 34 for 11 yards.
2026,PRESEASON WEEK 1,Thursday,August 13th,AZ,LV,3rd Quarter,1,Arizona Cardinals,1,10,0,-3 Yard Sack,3rd & 9 at LV 34,11:17 3rd Shotgun,— G.Minshew sacked at LV 37 for -3 yards (P.Johnson).
2026,PRESEASON WEEK 1,Thursday,August 13th,AZ,LV,3rd Quarter,1,Arizona Cardinals,1,11,1,Field Goal,4th & 12 at LV 37,10:53 3rd,"— C.Ryland 56 yard field goal is GOOD, Center-C.Kreiter, Holder-B.Gillikin."
2026,PRESEASON WEEK 1,Thursday,August 13th,AZ,LV,3rd Quarter,2,Las Vegas Raiders,0,1,0,Kickoff from AZ 35,,Kickoff,"— C.Ryland kicks 65 yards from AZ 35 to LV 0. D.Thompkins to LV 29 for 29 yards (E.Jones, E.Leota)."
2026,PRESEASON WEEK 1,Thursday,August 13th,AZ,LV,3rd Quarter,2,Las Vegas Raiders,0,2,0,6 Yard Pass,1st & 10 at LV 29,10:41 3rd,— F.Mendoza pass short right to A.Okwuegbunam pushed ob at LV 35 for 6 yards (K.Sharar).
2026,PRESEASON WEEK 1,Thursday,August 13th,AZ,LV,3rd Quarter,2,Las Vegas Raiders,0,3,0,Pass Incomplete,2nd & 4 at LV 35,10:15 3rd,— F.Mendoza pass incomplete short left to M.Benson.
2026,PRESEASON WEEK 1,Thursday,August 13th,AZ,LV,3rd Quarter,2,Las Vegas Raiders,0,4,0,Pass Incomplete,3rd & 4 at LV 35,10:11 3rd Shotgun,— F.Mendoza pass incomplete short right [E.Brown].
2026,PRESEASON WEEK 1,Thursday,August 13th,AZ,LV,3rd Quarter,2,Las Vegas Raiders,0,5,0,Punt,4th & 4 at LV 35,10:02 3rd,"— A.Cole punts 65 yards to end zone, Center-T.Duzansky, Touchback."
2026,PRESEASON WEEK 1,Thursday,August 13th,AZ,LV,3rd Quarter,3,Arizona Cardinals,1,1,0,3 Yard Run,1st & 10 at AZ 20,09:53 3rd,— C.Kiner right tackle to AZ 23 for 3 yards (K.Crawford; G.Vance).
2026,PRESEASON WEEK 1,Thursday,August 13th,AZ,LV,3rd Quarter,3,Arizona Cardinals,1,2,0,9 Yard Pass,2nd & 7 at AZ 23,09:22 3rd,— K.Slovis pass short right to H.Wallace to AZ 32 for 9 yards (C.Offord).
2026,PRESEASON WEEK 1,Thursday,August 13th,AZ,LV,3rd Quarter,3,Arizona Cardinals,1,3,0,3 Yard Run,1st & 10 at AZ 32,08:49 3rd,— C.Kiner right guard to AZ 35 for 3 yards (D.Johnson).
2026,PRESEASON WEEK 1,Thursday,August 13th,AZ,LV,3rd Quarter,3,Arizona Cardinals,1,4,0,3 Yard Pass,2nd & 7 at AZ 35,08:13 3rd,— K.Slovis pass short middle to C.Kiner to AZ 38 for 3 yards (P.Johnson).
2026,PRESEASON WEEK 1,Thursday,August 13th,AZ,LV,3rd Quarter,3,Arizona Cardinals,1,5,0,24 Yard Pass,3rd & 4 at AZ 38,07:37 3rd Shotgun,— K.Slovis pass deep left to R.Virgil pushed ob at LV 38 for 24 yards (G.Vance).
2026,PRESEASON WEEK 1,Thursday,August 13th,AZ,LV,3rd Quarter,3,Arizona Cardinals,1,6,0,6 Yard Run,1st & 10 at LV 38,07:07 3rd,— C.Kiner left guard to LV 32 for 6 yards (P.Johnson).
2026,PRESEASON WEEK 1,Thursday,August 13th,AZ,LV,3rd Quarter,3,Arizona Cardinals,1,7,0,6 Yard Pass,2nd & 4 at LV 32,06:32 3rd,— K.Slovis pass short middle to J.Geers to LV 26 for 6 yards (S.Olubi).
2026,PRESEASON WEEK 1,Thursday,August 13th,AZ,LV,3rd Quarter,3,Arizona Cardinals,1,8,0,Timeout,,05:54 3rd,— Timeout #1 by AZ at 05:54.
2026,PRESEASON WEEK 1,Thursday,August 13th,AZ,LV,3rd Quarter,3,Arizona Cardinals,1,9,0,0 Yard Run,1st & 10 at LV 26,05:54 3rd,— E.Hull right guard to LV 26 for no gain (C.Slone).
2026,PRESEASON WEEK 1,Thursday,August 13th,AZ,LV,3rd Quarter,3,Arizona Cardinals,1,10,0,4 Yard Pass,2nd & 10 at LV 26,05:16 3rd Shotgun,— K.Slovis pass short left to E.Hull to LV 22 for 4 yards (G.Vance; S.Olubi).
2026,PRESEASON WEEK 1,Thursday,August 13th,AZ,LV,3rd Quarter,3,Arizona Cardinals,1,11,0,Pass Incomplete,3rd & 6 at LV 22,04:38 3rd Shotgun,— K.Slovis pass incomplete deep right to R.Virgil.
2026,PRESEASON WEEK 1,Thursday,August 13th,AZ,LV,3rd Quarter,3,Arizona Cardinals,1,12,1,Field Goal,4th & 6 at LV 22,04:33 3rd,"— C.Ryland 40 yard field goal is GOOD, Center-C.Kreiter, Holder-B.Gillikin."
2026,PRESEASON WEEK 1,Thursday,August 13th,AZ,LV,4th Quarter,1,Las Vegas Raiders,0,1,0,Kickoff from AZ 35,,Kickoff,— C.Ryland kicks 65 yards from AZ 35 to LV 0. D.Thompkins pushed ob at LV 33 for 33 yards (E.Jones).
2026,PRESEASON WEEK 1,Thursday,August 13th,AZ,LV,4th Quarter,1,Las Vegas Raiders,0,2,0,6 Yard Run,1st & 10 at LV 33,04:20 3rd,— D.Laube right guard to LV 39 for 6 yards (K.Sharar).
2026,PRESEASON WEEK 1,Thursday,August 13th,AZ,LV,4th Quarter,1,Las Vegas Raiders,0,3,0,2 Yard Run,2nd & 4 at LV 39,03:45 3rd Shotgun,— D.Laube up the middle to LV 41 for 2 yards (D.Williams).
2026,PRESEASON WEEK 1,Thursday,August 13th,AZ,LV,4th Quarter,1,Las Vegas Raiders,0,4,0,10 Yard Pass,3rd & 2 at LV 41,03:08 3rd Shotgun,— F.Mendoza pass short middle to D.Young pushed ob at AZ 49 for 10 yards (S.Thomas).
2026,PRESEASON WEEK 1,Thursday,August 13th,AZ,LV,4th Quarter,1,Las Vegas Raiders,0,5,0,-2 Yard Run,1st & 10 at AZ 49,02:36 3rd,— D.Laube right guard to LV 49 for -2 yards (Jo.Williams).
2026,PRESEASON WEEK 1,Thursday,August 13th,AZ,LV,4th Quarter,1,Las Vegas Raiders,0,6,0,14 Yard Pass,2nd & 12 at LV 49,01:57 3rd,— F.Mendoza pass short middle to Br.Johnson to AZ 37 for 14 yards (K.Sharar).
2026,PRESEASON WEEK 1,Thursday,August 13th,AZ,LV,4th Quarter,1,Las Vegas Raiders,0,7,0,14 Yard Pass,1st & 10 at AZ 37,"01:29 3rd No Huddle, Shotgun","— F.Mendoza pass short middle to D.Laube to AZ 23 for 14 yards (W.Williams, I.Oliver)."
2026,PRESEASON WEEK 1,Thursday,August 13th,AZ,LV,4th Quarter,1,Las Vegas Raiders,0,8,0,6 Yard Pass,1st & 10 at AZ 23,"01:05 3rd No Huddle, Shotgun",— F.Mendoza pass short middle to D.Thompkins to AZ 17 for 6 yards (O.Pappoe).
2026,PRESEASON WEEK 1,Thursday,August 13th,AZ,LV,4th Quarter,1,Las Vegas Raiders,0,9,0,-3 Yard Run,2nd & 4 at AZ 17,00:37 3rd,— D.Laube left guard to AZ 20 for -3 yards (K.Sharar).
2026,PRESEASON WEEK 1,Thursday,August 13th,AZ,LV,4th Quarter,1,Las Vegas Raiders,0,10,0,Pass Incomplete,3rd & 7 at AZ 20,15:00 4th Shotgun,— F.Mendoza pass incomplete deep right to D.Thompkins.
2026,PRESEASON WEEK 1,Thursday,August 13th,AZ,LV,4th Quarter,1,Las Vegas Raiders,0,11,0,Field Goal No Good,4th & 7 at AZ 20,14:54 4th,"— K.Matsuzawa 38 yard field goal is No Good, Hit Right Upright, Center-T.Duzansky, Holder-A.Cole."
2026,PRESEASON WEEK 1,Thursday,August 13th,AZ,LV,4th Quarter,2,Arizona Cardinals,0,1,0,3 Yard Run,1st & 10 at AZ 28,14:50 4th,— C.Kiner right guard to AZ 31 for 3 yards (D.Perkins).
2026,PRESEASON WEEK 1,Thursday,August 13th,AZ,LV,4th Quarter,2,Arizona Cardinals,0,2,0,-5 Yard Sack,2nd & 7 at AZ 31,14:18 4th Shotgun,— K.Slovis sacked at AZ 26 for -5 yards (C.Slone).
2026,PRESEASON WEEK 1,Thursday,August 13th,AZ,LV,4th Quarter,2,Arizona Cardinals,0,3,0,10 Yard Pass,3rd & 12 at AZ 26,13:37 4th Shotgun,"— K.Slovis pass short middle to C.Kiner to AZ 36 for 10 yards (S.Olubi, D.Johnson)."
2026,PRESEASON WEEK 1,Thursday,August 13th,AZ,LV,4th Quarter,2,Arizona Cardinals,0,4,0,Punt,4th & 2 at AZ 36,12:45 4th,"— B.Gillikin punts 53 yards to LV 11, Center-C.Kreiter. D.Thompkins to LV 21 for 10 yards (O.Pappoe)."
2026,PRESEASON WEEK 1,Thursday,August 13th,AZ,LV,4th Quarter,3,Las Vegas Raiders,0,1,0,-3 Yard Run,1st & 10 at LV 21,12:33 4th,— R.Hemby right end pushed ob at LV 18 for -3 yards (E.Jones).
2026,PRESEASON WEEK 1,Thursday,August 13th,AZ,LV,4th Quarter,3,Las Vegas Raiders,0,2,0,Pass Incomplete,2nd & 13 at LV 18,12:05 4th Shotgun,— A.O'Connell pass incomplete short left to P.Dorsett.
2026,PRESEASON WEEK 1,Thursday,August 13th,AZ,LV,4th Quarter,3,Las Vegas Raiders,0,3,0,13 Yard Pass,3rd & 13 at LV 18,11:59 4th Shotgun,— A.O'Connell pass short middle to P.Dorsett to LV 31 for 13 yards (I.Oliver).
2026,PRESEASON WEEK 1,Thursday,August 13th,AZ,LV,4th Quarter,3,Las Vegas Raiders,0,4,0,19 Yard Pass,1st & 10 at LV 31,"11:26 4th No Huddle, Shotgun",— A.O'Connell pass short right to S.Jackson to 50 for 19 yards (K.King).
2026,PRESEASON WEEK 1,Thursday,August 13th,AZ,LV,4th Quarter,3,Las Vegas Raiders,0,5,0,Pass Incomplete,1st & 10 at 50,"10:49 4th No Huddle, Shotgun",— A.O'Connell pass incomplete short middle to A.Okwuegbunam.
2026,PRESEASON WEEK 1,Thursday,August 13th,AZ,LV,4th Quarter,3,Las Vegas Raiders,0,6,0,8 Yard Run,2nd & 10 at 50,10:44 4th Shotgun,— R.Hemby right tackle to AZ 42 for 8 yards (E.Jones).
2026,PRESEASON WEEK 1,Thursday,August 13th,AZ,LV,4th Quarter,3,Las Vegas Raiders,0,7,0,Pass Incomplete,3rd & 2 at AZ 42,10:06 4th Shotgun,— A.O'Connell pass incomplete deep right to P.Dorsett.
2026,PRESEASON WEEK 1,Thursday,August 13th,AZ,LV,4th Quarter,3,Las Vegas Raiders,0,8,0,Pass Incomplete,4th & 2 at AZ 42,10:02 4th Shotgun,— A.O'Connell pass incomplete deep left to P.Dorsett.
2026,PRESEASON WEEK 1,Thursday,August 13th,AZ,LV,4th Quarter,4,Arizona Cardinals,0,1,0,2 Yard Run,1st & 10 at AZ 42,09:56 4th,— E.Hull up the middle to AZ 44 for 2 yards (Bu.Johnson).
2026,PRESEASON WEEK 1,Thursday,August 13th,AZ,LV,4th Quarter,4,Arizona Cardinals,0,2,0,4 Yard Run,2nd & 8 at AZ 44,09:18 4th,— E.Hull left guard to AZ 48 for 4 yards (Bu.Johnson; J.Harvey).
2026,PRESEASON WEEK 1,Thursday,August 13th,AZ,LV,4th Quarter,4,Arizona Cardinals,0,3,0,Pass Incomplete,3rd & 4 at AZ 48,08:39 4th Shotgun,— K.Slovis pass incomplete short right to H.Wallace.
2026,PRESEASON WEEK 1,Thursday,August 13th,AZ,LV,4th Quarter,4,Arizona Cardinals,0,4,0,Punt,4th & 4 at AZ 48,08:36 4th,"— B.Gillikin punts 50 yards to LV 2, Center-C.Kreiter, downed by AZ-S.Fehoko."
2026,PRESEASON WEEK 1,Thursday,August 13th,AZ,LV,4th Quarter,5,Las Vegas Raiders,0,1,0,Pass Incomplete,1st & 10 at LV 2,08:25 4th,— A.O'Connell pass incomplete short left to S.Jackson.
2026,PRESEASON WEEK 1,Thursday,August 13th,AZ,LV,4th Quarter,5,Las Vegas Raiders,0,2,0,2 Yard Run,2nd & 10 at LV 2,08:20 4th,— R.Hemby up the middle to LV 4 for 2 yards (O.Pappoe).
2026,PRESEASON WEEK 1,Thursday,August 13th,AZ,LV,4th Quarter,5,Las Vegas Raiders,0,3,0,Pass Incomplete,3rd & 8 at LV 4,07:36 4th Shotgun,— A.O'Connell pass incomplete short middle to P.Dorsett.
2026,PRESEASON WEEK 1,Thursday,August 13th,AZ,LV,4th Quarter,5,Las Vegas Raiders,0,4,0,Punt,4th & 8 at LV 4,07:33 4th,"— A.Cole punts 58 yards to AZ 38, Center-T.Duzansky. I.Smith-Marsette to AZ 42 for 4 yards (P.Johnson; T.Duzansky)."
2026,PRESEASON WEEK 1,Thursday,August 13th,AZ,LV,4th Quarter,6,Arizona Cardinals,0,1,0,19 Yard Pass,1st & 10 at AZ 42,07:19 4th,— K.Slovis pass deep right to R.Virgil ran ob at LV 39 for 19 yards (D.Perkins).
2026,PRESEASON WEEK 1,Thursday,August 13th,AZ,LV,4th Quarter,6,Arizona Cardinals,0,2,0,5 Yard Run,1st & 10 at LV 39,06:50 4th,— C.Kiner up the middle to LV 34 for 5 yards (T.Ma'ae; P.Johnson).
2026,PRESEASON WEEK 1,Thursday,August 13th,AZ,LV,4th Quarter,6,Arizona Cardinals,0,3,0,Timeout,,06:44 4th,— Timeout #1 by LV at 06:44.
2026,PRESEASON WEEK 1,Thursday,August 13th,AZ,LV,4th Quarter,6,Arizona Cardinals,0,4,0,15 Yard Run,2nd & 5 at LV 34,06:44 4th,— C.Kiner left tackle to LV 19 for 15 yards (G.Vance).
2026,PRESEASON WEEK 1,Thursday,August 13th,AZ,LV,4th Quarter,6,Arizona Cardinals,0,5,0,Timeout,,06:38 4th,— Timeout #2 by LV at 06:38.
2026,PRESEASON WEEK 1,Thursday,August 13th,AZ,LV,4th Quarter,6,Arizona Cardinals,0,6,0,4 Yard Run,1st & 10 at LV 19,06:38 4th,— C.Kiner right guard to LV 15 for 4 yards (D.Lafayette; D.Johnson).
2026,PRESEASON WEEK 1,Thursday,August 13th,AZ,LV,4th Quarter,6,Arizona Cardinals,0,7,0,Timeout,,06:33 4th,— Timeout #3 by LV at 06:33.
2026,PRESEASON WEEK 1,Thursday,August 13th,AZ,LV,4th Quarter,6,Arizona Cardinals,0,8,0,2 Yard Run,2nd & 6 at LV 15,06:33 4th,— C.Kiner up the middle to LV 13 for 2 yards (X.Sorey; K.Crawford).
2026,PRESEASON WEEK 1,Thursday,August 13th,AZ,LV,4th Quarter,6,Arizona Cardinals,0,9,0,3 Yard Run,3rd & 4 at LV 13,05:57 4th Shotgun,— C.Kiner right guard to LV 10 for 3 yards (X.Sorey; K.Crawford).
2026,PRESEASON WEEK 1,Thursday,August 13th,AZ,LV,4th Quarter,6,Arizona Cardinals,0,10,0,-5 Yard Penalty,4th & 1 at LV 10,05:12 4th Run formation,"— PENALTY on AZ-S.Bowman, False Start, 5 yards, enforced at LV 10 - No Play."
2026,PRESEASON WEEK 1,Thursday,August 13th,AZ,LV,4th Quarter,6,Arizona Cardinals,0,11,0,Field Goal No Good,4th & 6 at LV 15,05:12 4th,"— C.Ryland 33 yard field goal is No Good, Wide Right, Center-C.Kreiter, Holder-B.Gillikin."
2026,PRESEASON WEEK 1,Thursday,August 13th,AZ,LV,4th Quarter,7,Las Vegas Raiders,0,1,0,41 Yard Pass,1st & 10 at LV 23,05:08 4th Shotgun,— A.O'Connell pass deep left to E.Williams pushed ob at AZ 36 for 41 yards (E.Culp) [Jo.Williams].
2026,PRESEASON WEEK 1,Thursday,August 13th,AZ,LV,4th Quarter,7,Las Vegas Raiders,0,2,0,12 Yard Pass,1st & 10 at AZ 36,"04:38 4th No Huddle, Shotgun",— A.O'Connell pass short left to C.Roberts to AZ 24 for 12 yards (B.Ojulari).
2026,PRESEASON WEEK 1,Thursday,August 13th,AZ,LV,4th Quarter,7,Las Vegas Raiders,0,3,0,Pass Incomplete,1st & 10 at AZ 24,"04:16 4th No Huddle, Shotgun",— A.O'Connell pass incomplete short middle to C.Roberts.
2026,PRESEASON WEEK 1,Thursday,August 13th,AZ,LV,4th Quarter,7,Las Vegas Raiders,0,4,0,Pass Incomplete,2nd & 10 at AZ 24,04:13 4th Shotgun,— A.O'Connell pass incomplete deep left to E.Williams.
2026,PRESEASON WEEK 1,Thursday,August 13th,AZ,LV,4th Quarter,7,Las Vegas Raiders,0,5,0,-10 Yard Sack,3rd & 10 at AZ 24,04:08 4th Shotgun,— A.O'Connell sacked at AZ 34 for -10 yards (E.Brown).
2026,PRESEASON WEEK 1,Thursday,August 13th,AZ,LV,4th Quarter,7,Las Vegas Raiders,0,6,0,Pass Incomplete,4th & 20 at AZ 34,"03:42 4th No Huddle, Shotgun",— A.O'Connell pass incomplete deep left to P.Dorsett.
2026,PRESEASON WEEK 1,Thursday,August 13th,AZ,LV,4th Quarter,8,Arizona Cardinals,0,1,0,1 Yard Run,1st & 10 at AZ 35,03:36 4th,— E.Hull right guard to AZ 36 for 1 yard (B.Cleveland; J.Harvey).
2026,PRESEASON WEEK 1,Thursday,August 13th,AZ,LV,4th Quarter,8,Arizona Cardinals,0,2,0,1 Yard Run,2nd & 9 at AZ 36,02:51 4th,— E.Hull left tackle to AZ 37 for 1 yard (J.Harvey; C.Slone).
2026,PRESEASON WEEK 1,Thursday,August 13th,AZ,LV,4th Quarter,8,Arizona Cardinals,0,3,0,15 Yard Run,3rd & 8 at AZ 37,02:06 4th,— C.Kiner up the middle to LV 48 for 15 yards (G.Vance).
2026,PRESEASON WEEK 1,Thursday,August 13th,AZ,LV,4th Quarter,8,Arizona Cardinals,0,4,0,-1 Yard Run,1st & 10 at LV 48,02:00 4th,— K.Slovis kneels to LV 49 for -1 yards.
2026,PRESEASON WEEK 1,Thursday,August 13th,AZ,LV,4th Quarter,8,Arizona Cardinals,0,5,0,-1 Yard Run,2nd & 11 at LV 49,01:18 4th,— K.Slovis kneels to 50 for -1 yards.
2026,PRESEASON WEEK 1,Thursday,August 13th,AZ,LV,4th Quarter,8,Arizona Cardinals,0,6,0,-1 Yard Run,3rd & 12 at 50,00:38 4th,— K.Slovis kneels to AZ 49 for -1 yards.
2026,PRESEASON WEEK 1,Thursday,August 13th,TEN,SF,1st Quarter,1,San Francisco 49ers,0,1,0,Kickoff from TEN 35,,Kickoff,— J.Slye kicks 58 yards from TEN 35 to SF 7. S.McCormick to SF 34 for 27 yards (M.Kinsey; Ja.Williams).
2026,PRESEASON WEEK 1,Thursday,August 13th,TEN,SF,1st Quarter,1,San Francisco 49ers,0,2,0,6 Yard Pass,1st & 10 at SF 34,14:55 1st Shotgun,— K.Rourke pass short left to D.Stribling to SF 40 for 6 yards (A.Taylor).
2026,PRESEASON WEEK 1,Thursday,August 13th,TEN,SF,1st Quarter,1,San Francisco 49ers,0,3,0,5 Yard Run,2nd & 4 at SF 40,14:29 1st,— K.Rourke scrambles right end to SF 45 for 5 yards (K.Faulk).
2026,PRESEASON WEEK 1,Thursday,August 13th,TEN,SF,1st Quarter,1,San Francisco 49ers,0,4,0,-4 Yard Run,1st & 10 at SF 45,13:54 1st,— P.Taylor left end to SF 41 for -4 yards (C.Barton).
2026,PRESEASON WEEK 1,Thursday,August 13th,TEN,SF,1st Quarter,1,San Francisco 49ers,0,5,0,10 Yard Pass,2nd & 14 at SF 41,13:19 1st Shotgun,— K.Rourke pass short right to M.Turner to TEN 49 for 10 yards (C.Flott).
2026,PRESEASON WEEK 1,Thursday,August 13th,TEN,SF,1st Quarter,1,San Francisco 49ers,0,6,0,Pass Incomplete,3rd & 4 at TEN 49,12:41 1st Shotgun,— K.Rourke pass incomplete short left to D.Stribling.
2026,PRESEASON WEEK 1,Thursday,August 13th,TEN,SF,1st Quarter,1,San Francisco 49ers,0,7,0,11 Yard Run,4th & 4 at TEN 49,12:38 1st Shotgun,"— K.Rourke scrambles up the middle to TEN 43 for 6 yards (C.Gray). PENALTY on TEN-A.Taylor, Defensive Holding, 5 yards, enforced at TEN 43."
2026,PRESEASON WEEK 1,Thursday,August 13th,TEN,SF,1st Quarter,1,San Francisco 49ers,0,8,0,-5 Yard Pass,1st & 10 at TEN 38,12:11 1st Shotgun,— K.Rourke pass short middle to D.Stribling to TEN 43 for -5 yards (O.Oladejo).
2026,PRESEASON WEEK 1,Thursday,August 13th,TEN,SF,1st Quarter,1,San Francisco 49ers,0,9,0,4 Yard Run,2nd & 15 at TEN 43,11:32 1st,— S.McCormick up the middle to TEN 39 for 4 yards (C.Barton).
2026,PRESEASON WEEK 1,Thursday,August 13th,TEN,SF,1st Quarter,1,San Francisco 49ers,0,10,0,-10 Yard Penalty,3rd & 11 at TEN 39,10:50 1st Shotgun,"— K.Rourke pass deep left to J.Watkins to TEN 18 for 21 yards (A.Taylor; K.Winston). PENALTY on SF-R.Jones, Offensive Holding, 10 yards, enforced at TEN 39 - No Play."
2026,PRESEASON WEEK 1,Thursday,August 13th,TEN,SF,1st Quarter,1,San Francisco 49ers,0,11,0,7 Yard Pass,3rd & 21 at TEN 49,10:32 1st Shotgun,— K.Rourke pass short right to P.Taylor pushed ob at TEN 42 for 7 yards (C.Gray; A.Hooker).
2026,PRESEASON WEEK 1,Thursday,August 13th,TEN,SF,1st Quarter,1,San Francisco 49ers,0,12,0,Punt,4th & 14 at TEN 42,09:59 1st,"— C.Waitman punts 37 yards to TEN 5, Center-J.Weeks, fair catch by C.Dike."
2026,PRESEASON WEEK 1,Thursday,August 13th,TEN,SF,1st Quarter,2,Tennessee Titans,1,1,0,17 Yard Run,1st & 10 at TEN 5,09:52 1st,"— T.Pollard up the middle to TEN 17 for 12 yards (S.Valdez). PENALTY on SF-R.Height, Illegal Use of Hands, 5 yards, enforced at TEN 17."
2026,PRESEASON WEEK 1,Thursday,August 13th,TEN,SF,1st Quarter,2,Tennessee Titans,1,2,0,2 Yard Run,1st & 10 at TEN 22,09:27 1st,— C.Ward scrambles right end to TEN 24 for 2 yards (J.Dugger).
2026,PRESEASON WEEK 1,Thursday,August 13th,TEN,SF,1st Quarter,2,Tennessee Titans,1,3,0,5 Yard Run,2nd & 8 at TEN 24,08:46 1st Shotgun,— T.Pollard up the middle to TEN 29 for 5 yards (N.Martin).
2026,PRESEASON WEEK 1,Thursday,August 13th,TEN,SF,1st Quarter,2,Tennessee Titans,1,4,0,18 Yard Pass,3rd & 3 at TEN 29,08:07 1st Shotgun,— C.Ward pass short right to C.Ridley pushed ob at TEN 47 for 18 yards (G.Wallow).
2026,PRESEASON WEEK 1,Thursday,August 13th,TEN,SF,1st Quarter,2,Tennessee Titans,1,5,0,0 Yard Run,1st & 10 at TEN 47,07:34 1st,— T.Pollard up the middle to TEN 47 for no gain (G.Halton; R.Height).
2026,PRESEASON WEEK 1,Thursday,August 13th,TEN,SF,1st Quarter,2,Tennessee Titans,1,6,0,Pass Incomplete,2nd & 10 at TEN 47,06:57 1st Shotgun,— C.Ward pass incomplete short left to W.Robinson.
2026,PRESEASON WEEK 1,Thursday,August 13th,TEN,SF,1st Quarter,2,Tennessee Titans,1,7,0,16 Yard Pass,3rd & 10 at TEN 47,06:55 1st Shotgun,— C.Ward pass short right to G.Helm to SF 37 for 16 yards (M.Sigle).
2026,PRESEASON WEEK 1,Thursday,August 13th,TEN,SF,1st Quarter,2,Tennessee Titans,1,8,0,25 Yard Run,1st & 10 at SF 37,06:15 1st,— T.Spears up the middle to SF 12 for 25 yards (A.Davis).
2026,PRESEASON WEEK 1,Thursday,August 13th,TEN,SF,1st Quarter,2,Tennessee Titans,1,9,0,7 Yard Run,1st & 10 at SF 12,05:30 1st Shotgun,— T.Spears up the middle to SF 5 for 7 yards (J.Thompson; A.Davis).
2026,PRESEASON WEEK 1,Thursday,August 13th,TEN,SF,1st Quarter,2,Tennessee Titans,1,10,0,Pass Incomplete,2nd & 3 at SF 5,04:49 1st Shotgun,— C.Ward pass incomplete short right to C.Tate (E.Prysock).
2026,PRESEASON WEEK 1,Thursday,August 13th,TEN,SF,1st Quarter,2,Tennessee Titans,1,11,1,Touchdown,3rd & 3 at SF 5,04:46 1st,"— T.Pollard up the middle for 5 yards, TOUCHDOWN."
2026,PRESEASON WEEK 1,Thursday,August 13th,TEN,SF,1st Quarter,2,Tennessee Titans,1,12,1,Extra Point,,04:42 1st,"— J.Slye extra point is GOOD, Center-M.Cox, Holder-T.Townsend."
2026,PRESEASON WEEK 1,Thursday,August 13th,TEN,SF,1st Quarter,3,San Francisco 49ers,0,1,0,Kickoff from TEN 35,,Kickoff,"— J.Slye kicks 60 yards from TEN 35 to SF 5, out of bounds. PENALTY on TEN-J.Slye, Kickoff Out of Bounds, placed at SF 40."
2026,PRESEASON WEEK 1,Thursday,August 13th,TEN,SF,1st Quarter,3,San Francisco 49ers,0,2,0,10 Yard Pass,1st & 10 at SF 40,04:42 1st,— K.Rourke pass short right to D.Stribling to 50 for 10 yards (C.Flott).
2026,PRESEASON WEEK 1,Thursday,August 13th,TEN,SF,1st Quarter,3,San Francisco 49ers,0,3,0,-2 Yard Run,1st & 10 at 50,04:12 1st,— P.Taylor right tackle to SF 48 for -2 yards (M.Herring).
2026,PRESEASON WEEK 1,Thursday,August 13th,TEN,SF,1st Quarter,3,San Francisco 49ers,0,4,0,6 Yard Pass,2nd & 12 at SF 48,03:32 1st Shotgun,— K.Rourke pass short right to P.Taylor pushed ob at TEN 46 for 6 yards (C.Gray).
2026,PRESEASON WEEK 1,Thursday,August 13th,TEN,SF,1st Quarter,3,San Francisco 49ers,0,5,0,5 Yard Pass,3rd & 6 at TEN 46,02:55 1st Shotgun,— K.Rourke pass short left to D.Stribling to TEN 41 for 5 yards (M.Harris).
2026,PRESEASON WEEK 1,Thursday,August 13th,TEN,SF,1st Quarter,3,San Francisco 49ers,0,6,0,-4 Yard Penalty,4th & 1 at TEN 41,02:22 1st Run formation,"— PENALTY on SF-B.Parker, False Start, 4 yards, enforced at TEN 41 - No Play."
2026,PRESEASON WEEK 1,Thursday,August 13th,TEN,SF,1st Quarter,3,San Francisco 49ers,0,7,0,Punt,4th & 5 at TEN 45,02:13 1st,"— C.Waitman punts 37 yards to TEN 8, Center-J.Weeks, fair catch by K.Osborn."
2026,PRESEASON WEEK 1,Thursday,August 13th,TEN,SF,2nd Quarter,1,Tennessee Titans,0,1,0,4 Yard Run,1st & 10 at TEN 8,02:06 1st,— T.Spears right tackle to TEN 12 for 4 yards (J.Dugger).
2026,PRESEASON WEEK 1,Thursday,August 13th,TEN,SF,2nd Quarter,1,Tennessee Titans,0,2,0,7 Yard Pass,2nd & 6 at TEN 12,01:30 1st Shotgun,— C.Ward pass short left to W.Robinson pushed ob at TEN 19 for 7 yards (J.Robinson).
2026,PRESEASON WEEK 1,Thursday,August 13th,TEN,SF,2nd Quarter,1,Tennessee Titans,0,3,0,Pass Incomplete,1st & 10 at TEN 19,01:00 1st,"— C.Ward pass incomplete short right [T.Leo]. PENALTY on TEN-C.Ward, Intentional Grounding, 16 yards, enforced at TEN 19."
2026,PRESEASON WEEK 1,Thursday,August 13th,TEN,SF,2nd Quarter,1,Tennessee Titans,0,4,0,12 Yard Pass,2nd & 26 at TEN 3,00:52 1st Shotgun,— C.Ward pass short middle to W.Robinson to TEN 15 for 12 yards (J.Robinson).
2026,PRESEASON WEEK 1,Thursday,August 13th,TEN,SF,2nd Quarter,1,Tennessee Titans,0,5,0,4 Yard Pass,3rd & 14 at TEN 15,00:12 1st Shotgun,— C.Ward pass short left to T.Spears to TEN 19 for 4 yards (G.Wallow).
2026,PRESEASON WEEK 1,Thursday,August 13th,TEN,SF,2nd Quarter,1,Tennessee Titans,0,6,0,Punt,4th & 10 at TEN 19,15:00 2nd,"— T.Townsend punts 54 yards to SF 27, Center-M.Cox, fair catch by J.Watkins. PENALTY on TEN-B.Oliver, Player Out of Bounds on Kick, 5 yards, enforced at SF 27."
2026,PRESEASON WEEK 1,Thursday,August 13th,TEN,SF,2nd Quarter,2,San Francisco 49ers,1,1,0,1 Yard Run,1st & 10 at SF 32,14:54 2nd,— P.Taylor right tackle to SF 33 for 1 yard (K.Faulk).
2026,PRESEASON WEEK 1,Thursday,August 13th,TEN,SF,2nd Quarter,2,San Francisco 49ers,1,2,0,4 Yard Pass,2nd & 9 at SF 33,14:09 2nd Shotgun,— K.Rourke pass short right to D.Stribling to SF 37 for 4 yards (C.Flott).
2026,PRESEASON WEEK 1,Thursday,August 13th,TEN,SF,2nd Quarter,2,San Francisco 49ers,1,3,0,32 Yard Pass,3rd & 5 at SF 37,13:32 2nd Shotgun,— K.Rourke pass deep right to D.Stribling to TEN 31 for 32 yards (C.Flott).
2026,PRESEASON WEEK 1,Thursday,August 13th,TEN,SF,2nd Quarter,2,San Francisco 49ers,1,4,0,Pass Incomplete,1st & 10 at TEN 31,13:04 2nd,— K.Rourke pass incomplete short middle to B.Willis [S.Thomas].
2026,PRESEASON WEEK 1,Thursday,August 13th,TEN,SF,2nd Quarter,2,San Francisco 49ers,1,5,0,-1 Yard Run,2nd & 10 at TEN 31,12:58 2nd Shotgun,"— P.Taylor right end to TEN 32 for -1 yards (K.Winston, J.Holmes)."
2026,PRESEASON WEEK 1,Thursday,August 13th,TEN,SF,2nd Quarter,2,San Francisco 49ers,1,6,0,13 Yard Pass,3rd & 11 at TEN 32,12:15 2nd Shotgun,— K.Rourke pass short right to M.Turner to TEN 19 for 13 yards (A.Hooker).
2026,PRESEASON WEEK 1,Thursday,August 13th,TEN,SF,2nd Quarter,2,San Francisco 49ers,1,7,0,2 Yard Run,1st & 10 at TEN 19,11:36 2nd,— S.McCormick right tackle to TEN 17 for 2 yards (O.Oladejo; E.Brown).
2026,PRESEASON WEEK 1,Thursday,August 13th,TEN,SF,2nd Quarter,2,San Francisco 49ers,1,8,0,2 Yard Pass,2nd & 8 at TEN 17,11:03 2nd Shotgun,— K.Rourke pass short left to J.Watkins to TEN 15 for 2 yards (Ja.Williams).
2026,PRESEASON WEEK 1,Thursday,August 13th,TEN,SF,2nd Quarter,2,San Francisco 49ers,1,9,0,11 Yard Pass,3rd & 6 at TEN 15,10:21 2nd Shotgun,"— K.Rourke pass short right to D.Stribling to TEN 4 for 11 yards (M.Harris; C.Flott). Tennessee challenged the runner was inbounds ruling, and the play was Upheld. The ruling on the field stands. (Timeout #1.)"
2026,PRESEASON WEEK 1,Thursday,August 13th,TEN,SF,2nd Quarter,2,San Francisco 49ers,1,10,0,3 Yard Run,1st & 4 at TEN 4,09:58 2nd Shotgun,— K.Rourke up the middle to TEN 1 for 3 yards (A.Hooker; C.Barton).
2026,PRESEASON WEEK 1,Thursday,August 13th,TEN,SF,2nd Quarter,2,San Francisco 49ers,1,11,0,-4 Yard Penalty,2nd & 1 at TEN 1,09:12 2nd,"— PENALTY on SF, Delay of Game, 4 yards, enforced at TEN 1 - No Play."
2026,PRESEASON WEEK 1,Thursday,August 13th,TEN,SF,2nd Quarter,2,San Francisco 49ers,1,12,0,4 Yard Penalty,2nd & 5 at TEN 5,08:51 2nd Shotgun,"— K.Rourke pass short right to P.Taylor for 5 yards, TOUCHDOWN NULLIFIED by Penalty [J.Johnson]. PENALTY on TEN-C.Flott, Defensive Pass Interference, 4 yards, enforced at TEN 5 - No Play. Penalty on TEN-C.Gray, Defensive Holding, declined. The Replay Official reviewed the pass completion ruling, and the play was REVERSED. (Shotgun) K.Rourke pass incomplete short right to P.Taylor (C.Flott) [J.Johnson]. PENALTY on TEN-C.Flott, Defensive Pass Interference, 4 yards, enforced at TEN 5 - No Play. Penalty on TEN-C.Gray, Defensive Holding, declined."
2026,PRESEASON WEEK 1,Thursday,August 13th,TEN,SF,2nd Quarter,2,San Francisco 49ers,1,13,1,Touchdown,1st & 1 at TEN 1,08:44 2nd,"— P.Taylor up the middle for 1 yard, TOUCHDOWN."
2026,PRESEASON WEEK 1,Thursday,August 13th,TEN,SF,2nd Quarter,2,San Francisco 49ers,1,14,1,Extra Point,,08:38 2nd,"— E.Pineiro extra point is GOOD, Center-J.Weeks, Holder-C.Waitman."
2026,PRESEASON WEEK 1,Thursday,August 13th,TEN,SF,2nd Quarter,3,Tennessee Titans,0,1,0,Kickoff from SF 35,,Kickoff,"— E.Pineiro kicks 65 yards from SF 35 to end zone, Touchback to the TEN 35."
2026,PRESEASON WEEK 1,Thursday,August 13th,TEN,SF,2nd Quarter,3,Tennessee Titans,0,2,0,Pass Incomplete,1st & 10 at TEN 35,08:38 2nd Shotgun,— C.Ward pass incomplete short right to C.Tate.
2026,PRESEASON WEEK 1,Thursday,August 13th,TEN,SF,2nd Quarter,3,Tennessee Titans,0,3,0,Pass Incomplete,2nd & 10 at TEN 35,08:34 2nd Shotgun,— C.Ward pass incomplete short middle to W.Robinson.
2026,PRESEASON WEEK 1,Thursday,August 13th,TEN,SF,2nd Quarter,3,Tennessee Titans,0,4,0,5 Yard Penalty,3rd & 10 at TEN 35,08:32 2nd Shotgun,"— C.Ward sacked at TEN 21 for -14 yards (G.Halton). PENALTY on SF-J.Robinson, Defensive Holding, 5 yards, enforced at TEN 35 - No Play."
2026,PRESEASON WEEK 1,Thursday,August 13th,TEN,SF,2nd Quarter,3,Tennessee Titans,0,5,0,-1 Yard Run,1st & 10 at TEN 40,08:20 2nd Shotgun,— T.Spears left guard to TEN 39 for -1 yards (G.Halton).
2026,PRESEASON WEEK 1,Thursday,August 13th,TEN,SF,2nd Quarter,3,Tennessee Titans,0,6,0,Pass Incomplete,2nd & 11 at TEN 39,07:57 2nd,— C.Ward pass incomplete short left to E.Ayomanor.
2026,PRESEASON WEEK 1,Thursday,August 13th,TEN,SF,2nd Quarter,3,Tennessee Titans,0,7,0,Pass Incomplete,3rd & 11 at TEN 39,07:54 2nd Shotgun,— C.Ward pass incomplete short middle to C.Tate (A.Davis).
2026,PRESEASON WEEK 1,Thursday,August 13th,TEN,SF,2nd Quarter,3,Tennessee Titans,0,8,0,Punt,4th & 11 at TEN 39,07:49 2nd,"— T.Townsend punts 40 yards to SF 21, Center-M.Cox. J.Watkins to SF 25 for 4 yards (K.Osborn; E.Hallett)."
2026,PRESEASON WEEK 1,Thursday,August 13th,TEN,SF,2nd Quarter,4,San Francisco 49ers,0,1,0,7 Yard Run,1st & 10 at SF 25,07:38 2nd,— S.McCormick up the middle to SF 32 for 7 yards (O.Oladejo; N.Johnson).
2026,PRESEASON WEEK 1,Thursday,August 13th,TEN,SF,2nd Quarter,4,San Francisco 49ers,0,2,0,2 Yard Run,2nd & 3 at SF 32,07:12 2nd,— S.McCormick right tackle to SF 34 for 2 yards (O.Oladejo; A.Hill).
2026,PRESEASON WEEK 1,Thursday,August 13th,TEN,SF,2nd Quarter,4,San Francisco 49ers,0,3,0,2 Yard Run,3rd & 1 at SF 34,06:37 2nd,— S.McCormick up the middle to SF 36 for 2 yards (J.Reed).
2026,PRESEASON WEEK 1,Thursday,August 13th,TEN,SF,2nd Quarter,4,San Francisco 49ers,0,4,0,13 Yard Pass,1st & 10 at SF 36,05:59 2nd,— A.Martinez pass short middle to J.Watkins to SF 49 for 13 yards (J.Reed; Ja.Williams).
2026,PRESEASON WEEK 1,Thursday,August 13th,TEN,SF,2nd Quarter,4,San Francisco 49ers,0,5,0,2 Yard Run,1st & 10 at SF 49,05:22 2nd,— K.Herbert up the middle to TEN 49 for 2 yards (T.Horne; K.Faulk).
2026,PRESEASON WEEK 1,Thursday,August 13th,TEN,SF,2nd Quarter,4,San Francisco 49ers,0,6,0,5 Yard Run,2nd & 8 at TEN 49,04:43 2nd Shotgun,— S.McCormick left tackle to TEN 44 for 5 yards (J.Reed).
2026,PRESEASON WEEK 1,Thursday,August 13th,TEN,SF,2nd Quarter,4,San Francisco 49ers,0,7,0,Pass Incomplete,3rd & 3 at TEN 44,04:03 2nd Shotgun,"— D.Nugent to TEN 44 for no gain. FUMBLES, recovered by SF-A.Martinez at TEN 44. A.Martinez pass incomplete short left to J.Watkins [K.Faulk]."
2026,PRESEASON WEEK 1,Thursday,August 13th,TEN,SF,2nd Quarter,4,San Francisco 49ers,0,8,0,Pass Incomplete,4th & 3 at TEN 44,03:58 2nd Shotgun,— A.Martinez pass incomplete short right to M.Turner.
2026,PRESEASON WEEK 1,Thursday,August 13th,TEN,SF,2nd Quarter,5,Tennessee Titans,1,1,0,8 Yard Run,1st & 10 at TEN 44,03:55 2nd,— N.Singleton up the middle to SF 48 for 8 yards (M.Sigle; N.Martin).
2026,PRESEASON WEEK 1,Thursday,August 13th,TEN,SF,2nd Quarter,5,Tennessee Titans,1,2,0,6 Yard Run,2nd & 2 at SF 48,03:23 2nd,— N.Singleton right guard to SF 42 for 6 yards (N.Martin; T.Bethune).
2026,PRESEASON WEEK 1,Thursday,August 13th,TEN,SF,2nd Quarter,5,Tennessee Titans,1,3,0,17 Yard Pass,1st & 10 at SF 42,02:39 2nd,— M.Trubisky pass deep left to C.Dike ran ob at SF 25 for 17 yards.
2026,PRESEASON WEEK 1,Thursday,August 13th,TEN,SF,2nd Quarter,5,Tennessee Titans,1,4,0,3 Yard Run,1st & 10 at SF 25,02:06 2nd,— N.Singleton up the middle to SF 22 for 3 yards (Q.Bell; O.Okoronkwo).
2026,PRESEASON WEEK 1,Thursday,August 13th,TEN,SF,2nd Quarter,5,Tennessee Titans,1,5,0,1 Yard Run,2nd & 7 at SF 22,02:00 2nd Shotgun,— N.Singleton left guard to SF 21 for 1 yard (G.Halton).
2026,PRESEASON WEEK 1,Thursday,August 13th,TEN,SF,2nd Quarter,5,Tennessee Titans,1,6,0,Pass Incomplete,3rd & 6 at SF 21,"01:28 2nd No Huddle, Shotgun",— M.Trubisky pass incomplete short right to E.Ayomanor.
2026,PRESEASON WEEK 1,Thursday,August 13th,TEN,SF,2nd Quarter,5,Tennessee Titans,1,7,1,Field Goal,4th & 6 at SF 21,01:25 2nd,"— J.Slye 39 yard field goal is GOOD, Center-M.Cox, Holder-T.Townsend."
2026,PRESEASON WEEK 1,Thursday,August 13th,TEN,SF,2nd Quarter,6,San Francisco 49ers,0,1,0,Kickoff from TEN 35,,Kickoff,— J.Slye kicks 63 yards from TEN 35 to SF 2. W.Pauling to SF 30 for 28 yards (J.Kanak).
2026,PRESEASON WEEK 1,Thursday,August 13th,TEN,SF,2nd Quarter,6,San Francisco 49ers,0,2,0,Pass Incomplete,1st & 10 at SF 30,01:15 2nd Shotgun,— A.Martinez pass incomplete short left to B.Willis.
2026,PRESEASON WEEK 1,Thursday,August 13th,TEN,SF,2nd Quarter,6,San Francisco 49ers,0,3,0,Pass Incomplete,2nd & 10 at SF 30,01:10 2nd Shotgun,— A.Martinez pass incomplete deep left to M.Turner.
2026,PRESEASON WEEK 1,Thursday,August 13th,TEN,SF,2nd Quarter,6,San Francisco 49ers,0,4,0,18 Yard Pass,3rd & 10 at SF 30,01:06 2nd Shotgun,— A.Martinez pass deep middle to T.Irwin to SF 48 for 18 yards (Ja.Williams).
2026,PRESEASON WEEK 1,Thursday,August 13th,TEN,SF,2nd Quarter,6,San Francisco 49ers,0,5,0,10 Yard Run,1st & 10 at SF 48,"00:48 2nd No Huddle, Shotgun",— A.Martinez scrambles left end ran ob at TEN 42 for 10 yards (N.Johnson).
2026,PRESEASON WEEK 1,Thursday,August 13th,TEN,SF,2nd Quarter,6,San Francisco 49ers,0,6,0,9 Yard Pass,1st & 10 at TEN 42,00:42 2nd Shotgun,— A.Martinez pass short right to J.Watkins pushed ob at TEN 33 for 9 yards (M.Robinson).
2026,PRESEASON WEEK 1,Thursday,August 13th,TEN,SF,2nd Quarter,6,San Francisco 49ers,0,7,0,Pass Incomplete,2nd & 1 at TEN 33,00:37 2nd Shotgun,— A.Martinez pass incomplete short right to S.McCormick.
2026,PRESEASON WEEK 1,Thursday,August 13th,TEN,SF,2nd Quarter,6,San Francisco 49ers,0,8,0,4 Yard Run,3rd & 1 at TEN 33,00:34 2nd Shotgun,— S.McCormick up the middle to TEN 29 for 4 yards (J.Harrell).
2026,PRESEASON WEEK 1,Thursday,August 13th,TEN,SF,2nd Quarter,6,San Francisco 49ers,0,9,0,Timeout,,00:30 2nd,— Timeout #1 by SF at 00:30.
2026,PRESEASON WEEK 1,Thursday,August 13th,TEN,SF,2nd Quarter,6,San Francisco 49ers,0,10,0,Pass Incomplete,1st & 10 at TEN 29,00:30 2nd Shotgun,— A.Martinez pass incomplete short middle to K.Hodge (M.Herring).
2026,PRESEASON WEEK 1,Thursday,August 13th,TEN,SF,2nd Quarter,6,San Francisco 49ers,0,11,0,Pass Incomplete,2nd & 10 at TEN 29,00:27 2nd Shotgun,— A.Martinez pass incomplete deep middle to J.Deguara.
2026,PRESEASON WEEK 1,Thursday,August 13th,TEN,SF,2nd Quarter,6,San Francisco 49ers,0,12,0,-14 Yard Sack,3rd & 10 at TEN 29,00:24 2nd Shotgun,— A.Martinez sacked ob at TEN 43 for -14 yards (J.Holmes).
2026,PRESEASON WEEK 1,Thursday,August 13th,TEN,SF,2nd Quarter,6,San Francisco 49ers,0,13,0,Field Goal No Good,4th & 24 at TEN 43,00:18 2nd,"— E.Pineiro 61 yard field goal is No Good, Short, Center-J.Weeks, Holder-C.Waitman."
2026,PRESEASON WEEK 1,Thursday,August 13th,TEN,SF,2nd Quarter,7,Tennessee Titans,1,1,0,6 Yard Pass,1st & 10 at SF 49,00:13 2nd Shotgun,— M.Trubisky pass short right to X.Restrepo to SF 43 for 6 yards (J.Stroman).
2026,PRESEASON WEEK 1,Thursday,August 13th,TEN,SF,2nd Quarter,7,Tennessee Titans,1,2,0,Timeout,,00:09 2nd,— Timeout #2 by TEN at 00:09.
2026,PRESEASON WEEK 1,Thursday,August 13th,TEN,SF,2nd Quarter,7,Tennessee Titans,1,3,0,6 Yard Run,2nd & 4 at SF 43,00:09 2nd Shotgun,— M.Carter up the middle to SF 37 for 6 yards (X.Thomas; T.Bethune).
2026,PRESEASON WEEK 1,Thursday,August 13th,TEN,SF,2nd Quarter,7,Tennessee Titans,1,4,0,Timeout,,00:02 2nd,— Timeout #3 by TEN at 00:02.
2026,PRESEASON WEEK 1,Thursday,August 13th,TEN,SF,2nd Quarter,7,Tennessee Titans,1,5,1,Field Goal,1st & 10 at SF 37,00:02 2nd,"— J.Slye 55 yard field goal is GOOD, Center-M.Cox, Holder-T.Townsend."
2026,PRESEASON WEEK 1,Thursday,August 13th,TEN,SF,3rd Quarter,1,Tennessee Titans,0,1,0,Kickoff from SF 35,,Kickoff,"— E.Pineiro kicks 65 yards from SF 35 to TEN 0. C.Jackson to TEN 28 for 28 yards (S.Valdez; K.Herbert). PENALTY on TEN-D.Mausi, Offensive Holding, 10 yards, enforced at TEN 23. Penalty on TEN-M.Kinsey, Offensive Holding, declined."
2026,PRESEASON WEEK 1,Thursday,August 13th,TEN,SF,3rd Quarter,1,Tennessee Titans,0,2,0,8 Yard Run,1st & 10 at TEN 13,14:55 3rd Shotgun,— W.Levis up the middle to TEN 21 for 8 yards (S.Valdez).
2026,PRESEASON WEEK 1,Thursday,August 13th,TEN,SF,3rd Quarter,1,Tennessee Titans,0,3,0,8 Yard Run,2nd & 2 at TEN 21,14:18 3rd,— N.Singleton up the middle to TEN 29 for 8 yards (N.Martin).
2026,PRESEASON WEEK 1,Thursday,August 13th,TEN,SF,3rd Quarter,1,Tennessee Titans,0,4,0,6 Yard Run,1st & 10 at TEN 29,13:37 3rd Shotgun,— W.Levis right guard to TEN 35 for 6 yards (T.Bethune; N.Martin).
2026,PRESEASON WEEK 1,Thursday,August 13th,TEN,SF,3rd Quarter,1,Tennessee Titans,0,5,0,-3 Yard Run,2nd & 4 at TEN 35,12:57 3rd,— N.Singleton right end to TEN 32 for -3 yards (S.Valdez).
2026,PRESEASON WEEK 1,Thursday,August 13th,TEN,SF,3rd Quarter,1,Tennessee Titans,0,6,0,Pass Incomplete,3rd & 7 at TEN 32,12:14 3rd Shotgun,— W.Levis pass incomplete deep left to E.Ayomanor (D.Luter).
2026,PRESEASON WEEK 1,Thursday,August 13th,TEN,SF,3rd Quarter,1,Tennessee Titans,0,7,0,Punt,4th & 7 at TEN 32,12:08 3rd,"— T.Townsend punts 58 yards to SF 10, Center-M.Cox. W.Pauling to SF 15 for 5 yards (D.Hampton)."
2026,PRESEASON WEEK 1,Thursday,August 13th,TEN,SF,3rd Quarter,2,San Francisco 49ers,0,1,0,3 Yard Run,1st & 10 at SF 15,11:56 3rd,— S.McCormick up the middle to SF 18 for 3 yards (M.Herring; J.Reed).
2026,PRESEASON WEEK 1,Thursday,August 13th,TEN,SF,3rd Quarter,2,San Francisco 49ers,0,2,0,Pass Incomplete,2nd & 7 at SF 18,11:19 3rd,— A.Martinez pass incomplete deep left to M.Turner.
2026,PRESEASON WEEK 1,Thursday,August 13th,TEN,SF,3rd Quarter,2,San Francisco 49ers,0,3,0,Pass Incomplete,3rd & 7 at SF 18,11:14 3rd Shotgun,— A.Martinez pass incomplete short left to J.Watkins [O.Oladejo].
2026,PRESEASON WEEK 1,Thursday,August 13th,TEN,SF,3rd Quarter,2,San Francisco 49ers,0,4,0,Punt,4th & 7 at SF 18,11:10 3rd,"— C.Waitman punts 55 yards to TEN 27, Center-J.Weeks. C.Jackson MUFFS catch, and recovers at TEN 24."
2026,PRESEASON WEEK 1,Thursday,August 13th,TEN,SF,3rd Quarter,3,Tennessee Titans,0,1,0,0 Yard Run,1st & 10 at TEN 24,11:01 3rd,— N.Singleton left guard to TEN 24 for no gain (J.Thompson; D.Luter).
2026,PRESEASON WEEK 1,Thursday,August 13th,TEN,SF,3rd Quarter,3,Tennessee Titans,0,2,0,Pass Incomplete,2nd & 10 at TEN 24,"10:34 3rd No Huddle, Shotgun",— W.Levis pass incomplete deep middle to X.Restrepo.
2026,PRESEASON WEEK 1,Thursday,August 13th,TEN,SF,3rd Quarter,3,Tennessee Titans,0,3,0,-8 Yard Sack,3rd & 10 at TEN 24,10:33 3rd Shotgun,— W.Levis sacked at TEN 16 for -8 yards (O.Okoronkwo).
2026,PRESEASON WEEK 1,Thursday,August 13th,TEN,SF,3rd Quarter,3,Tennessee Titans,0,4,0,Punt,4th & 18 at TEN 16,09:50 3rd,"— T.Townsend punts 45 yards to SF 39, Center-M.Cox. W.Pauling to SF 45 for 6 yards (T.Jones)."
2026,PRESEASON WEEK 1,Thursday,August 13th,TEN,SF,3rd Quarter,4,San Francisco 49ers,1,1,0,Pass Incomplete,1st & 10 at SF 45,09:38 3rd,— A.Martinez pass incomplete deep left to J.Watkins.
2026,PRESEASON WEEK 1,Thursday,August 13th,TEN,SF,3rd Quarter,4,San Francisco 49ers,1,2,0,2 Yard Run,2nd & 10 at SF 45,09:34 3rd Shotgun,— S.McCormick up the middle to SF 47 for 2 yards (J.Harrell).
2026,PRESEASON WEEK 1,Thursday,August 13th,TEN,SF,3rd Quarter,4,San Francisco 49ers,1,3,0,15 Yard Pass,3rd & 8 at SF 47,08:49 3rd Shotgun,— A.Martinez pass short middle to K.Hodge to TEN 38 for 15 yards (K.Brooks).
2026,PRESEASON WEEK 1,Thursday,August 13th,TEN,SF,3rd Quarter,4,San Francisco 49ers,1,4,0,7 Yard Run,1st & 10 at TEN 38,08:12 3rd Shotgun,— S.McCormick right tackle to TEN 31 for 7 yards (Ja.Williams; J.Reed).
2026,PRESEASON WEEK 1,Thursday,August 13th,TEN,SF,3rd Quarter,4,San Francisco 49ers,1,5,0,2 Yard Run,2nd & 3 at TEN 31,07:38 3rd,— K.Herbert up the middle to TEN 29 for 2 yards (K.Brooks; N.Johnson).
2026,PRESEASON WEEK 1,Thursday,August 13th,TEN,SF,3rd Quarter,4,San Francisco 49ers,1,6,0,-5 Yard Penalty,3rd & 1 at TEN 29,06:56 3rd,"— A.Martinez pass short right to S.McCormick to TEN 27 for 2 yards (Ja.Williams). PENALTY on SF-I.Alarcon, Ineligible Downfield Pass, 5 yards, enforced at TEN 29 - No Play."
2026,PRESEASON WEEK 1,Thursday,August 13th,TEN,SF,3rd Quarter,4,San Francisco 49ers,1,7,0,Pass Incomplete,3rd & 6 at TEN 34,06:26 3rd Shotgun,— A.Martinez pass incomplete deep left to M.Turner.
2026,PRESEASON WEEK 1,Thursday,August 13th,TEN,SF,3rd Quarter,4,San Francisco 49ers,1,8,1,Field Goal,4th & 6 at TEN 34,06:22 3rd,"— E.Pineiro 52 yard field goal is GOOD, Center-J.Weeks, Holder-C.Waitman."
2026,PRESEASON WEEK 1,Thursday,August 13th,TEN,SF,3rd Quarter,5,Tennessee Titans,1,1,0,Kickoff from SF 35,,Kickoff,— E.Pineiro kicks 65 yards from SF 35 to TEN 0. M.Carter to TEN 30 for 30 yards (K.Herbert).
2026,PRESEASON WEEK 1,Thursday,August 13th,TEN,SF,3rd Quarter,5,Tennessee Titans,1,2,0,-10 Yard Sack,1st & 10 at TEN 30,06:10 3rd,— W.Levis sacked at TEN 20 for -10 yards (T.Bethune).
2026,PRESEASON WEEK 1,Thursday,August 13th,TEN,SF,3rd Quarter,5,Tennessee Titans,1,3,0,32 Yard Pass,2nd & 20 at TEN 20,05:28 3rd Shotgun,"— W.Levis pass short right to D.Martin-Robinson to TEN 37 for 17 yards (N.Martin). PENALTY on SF-N.Martin, Unnecessary Roughness, 15 yards, enforced at TEN 37."
2026,PRESEASON WEEK 1,Thursday,August 13th,TEN,SF,3rd Quarter,5,Tennessee Titans,1,4,0,8 Yard Run,1st & 10 at SF 48,05:06 3rd,— N.Singleton left end to SF 40 for 8 yards (S.Valdez).
2026,PRESEASON WEEK 1,Thursday,August 13th,TEN,SF,3rd Quarter,5,Tennessee Titans,1,5,0,3 Yard Run,2nd & 2 at SF 40,04:25 3rd,— J.Chestnut right guard to SF 37 for 3 yards (T.Bethune).
2026,PRESEASON WEEK 1,Thursday,August 13th,TEN,SF,3rd Quarter,5,Tennessee Titans,1,6,0,Pass Incomplete,1st & 10 at SF 37,03:48 3rd,— W.Levis pass incomplete deep middle to B.Oliver [Q.Bell].
2026,PRESEASON WEEK 1,Thursday,August 13th,TEN,SF,3rd Quarter,5,Tennessee Titans,1,7,0,Pass Incomplete,2nd & 10 at SF 37,03:40 3rd Shotgun,— W.Levis pass incomplete short left.
2026,PRESEASON WEEK 1,Thursday,August 13th,TEN,SF,3rd Quarter,5,Tennessee Titans,1,8,0,2 Yard Run,3rd & 10 at SF 37,03:36 3rd Shotgun,— W.Levis up the middle to SF 35 for 2 yards (N.Martin; T.Bethune).
2026,PRESEASON WEEK 1,Thursday,August 13th,TEN,SF,3rd Quarter,5,Tennessee Titans,1,9,1,Field Goal,4th & 8 at SF 35,02:52 3rd,"— J.Slye 53 yard field goal is GOOD, Center-M.Cox, Holder-T.Townsend."
2026,PRESEASON WEEK 1,Thursday,August 13th,TEN,SF,4th Quarter,1,San Francisco 49ers,0,1,0,Kickoff from TEN 35,,Kickoff,— J.Slye kicks 63 yards from TEN 35 to SF 2. W.Pauling to SF 26 for 24 yards (J.Chestnut).
2026,PRESEASON WEEK 1,Thursday,August 13th,TEN,SF,4th Quarter,1,San Francisco 49ers,0,2,0,8 Yard Run,1st & 10 at SF 26,02:42 3rd,— K.Herbert right guard to SF 34 for 8 yards (B.Fitzgerald; D.Canteen).
2026,PRESEASON WEEK 1,Thursday,August 13th,TEN,SF,4th Quarter,1,San Francisco 49ers,0,3,0,7 Yard Run,2nd & 2 at SF 34,02:09 3rd,— K.Herbert up the middle to SF 41 for 7 yards (D.Mausi; B.Fitzgerald).
2026,PRESEASON WEEK 1,Thursday,August 13th,TEN,SF,4th Quarter,1,San Francisco 49ers,0,4,0,-8 Yard Sack,1st & 10 at SF 41,01:35 3rd,— A.Martinez sacked at SF 33 for -8 yards (sack split by T.Horne and M.Powell).
2026,PRESEASON WEEK 1,Thursday,August 13th,TEN,SF,4th Quarter,1,San Francisco 49ers,0,5,0,7 Yard Pass,2nd & 18 at SF 33,00:53 3rd Shotgun,— A.Martinez pass short left to J.Watkins to SF 40 for 7 yards (K.Saunders; A.Hill). TEN-J.Harrell was injured during the play.
2026,PRESEASON WEEK 1,Thursday,August 13th,TEN,SF,4th Quarter,1,San Francisco 49ers,0,6,0,19 Yard Pass,3rd & 11 at SF 40,00:23 3rd Shotgun,— A.Martinez pass short left to K.Herbert pushed ob at TEN 41 for 19 yards (N.Johnson).
2026,PRESEASON WEEK 1,Thursday,August 13th,TEN,SF,4th Quarter,1,San Francisco 49ers,0,7,0,20 Yard Pass,1st & 10 at TEN 41,15:00 4th Shotgun,— A.Martinez pass short middle to J.Watkins to TEN 21 for 20 yards (D.Canteen; N.Johnson).
2026,PRESEASON WEEK 1,Thursday,August 13th,TEN,SF,4th Quarter,1,San Francisco 49ers,0,8,0,8 Yard Pass,1st & 10 at TEN 21,14:22 4th,— A.Martinez pass short right to J.Watkins to TEN 13 for 8 yards (M.Robinson).
2026,PRESEASON WEEK 1,Thursday,August 13th,TEN,SF,4th Quarter,1,San Francisco 49ers,0,9,0,-1 Yard Run,2nd & 2 at TEN 13,13:39 4th,— Z.White right guard to TEN 14 for -1 yards (O.Oladejo).
2026,PRESEASON WEEK 1,Thursday,August 13th,TEN,SF,4th Quarter,1,San Francisco 49ers,0,10,0,1 Yard Run,3rd & 3 at TEN 14,13:00 4th Shotgun,— K.Herbert up the middle to TEN 13 for 1 yard (J.Holmes; K.Saunders).
2026,PRESEASON WEEK 1,Thursday,August 13th,TEN,SF,4th Quarter,1,San Francisco 49ers,0,11,0,Pass Incomplete,4th & 2 at TEN 13,12:16 4th Shotgun,— A.Martinez pass incomplete short right to J.Watkins.
2026,PRESEASON WEEK 1,Thursday,August 13th,TEN,SF,4th Quarter,2,Tennessee Titans,0,1,0,4 Yard Run,1st & 10 at TEN 13,12:11 4th,— M.Carter up the middle to TEN 17 for 4 yards (T.Leo).
2026,PRESEASON WEEK 1,Thursday,August 13th,TEN,SF,4th Quarter,2,Tennessee Titans,0,2,0,6 Yard Run,2nd & 6 at TEN 17,11:36 4th Shotgun,— W.Levis scrambles left end ran ob at TEN 23 for 6 yards (E.Prysock).
2026,PRESEASON WEEK 1,Thursday,August 13th,TEN,SF,4th Quarter,2,Tennessee Titans,0,3,0,13 Yard Pass,1st & 10 at TEN 23,11:04 4th Shotgun,— W.Levis pass short left to M.Carter to TEN 36 for 13 yards (L.Worth).
2026,PRESEASON WEEK 1,Thursday,August 13th,TEN,SF,4th Quarter,2,Tennessee Titans,0,4,0,Pass Incomplete,1st & 10 at TEN 36,10:25 4th Shotgun,— W.Levis pass incomplete deep right to H.Beatty (E.Apple).
2026,PRESEASON WEEK 1,Thursday,August 13th,TEN,SF,4th Quarter,2,Tennessee Titans,0,5,0,-9 Yard Sack,2nd & 10 at TEN 36,10:20 4th Shotgun,— W.Levis sacked at TEN 27 for -9 yards (sack split by J.Thompson and L.Worth).
2026,PRESEASON WEEK 1,Thursday,August 13th,TEN,SF,4th Quarter,2,Tennessee Titans,0,6,0,12 Yard Pass,3rd & 19 at TEN 27,09:36 4th Shotgun,— W.Levis pass short left to B.Oliver to TEN 39 for 12 yards (J.Graham).
2026,PRESEASON WEEK 1,Thursday,August 13th,TEN,SF,4th Quarter,2,Tennessee Titans,0,7,0,Punt,4th & 7 at TEN 39,08:55 4th,"— T.Townsend punts 47 yards to SF 14, Center-M.Cox. W.Pauling to SF 17 for 3 yards (L.McCutcheon; E.Hallett)."
2026,PRESEASON WEEK 1,Thursday,August 13th,TEN,SF,4th Quarter,3,San Francisco 49ers,0,1,0,17 Yard Pass,1st & 10 at SF 17,08:45 4th Shotgun,"— A.Martinez pass short right to W.Pauling to SF 19 for 2 yards (D.Canteen). PENALTY on TEN-J.Reed, Face Mask, 15 yards, enforced at SF 19."
2026,PRESEASON WEEK 1,Thursday,August 13th,TEN,SF,4th Quarter,3,San Francisco 49ers,0,2,0,7 Yard Pass,1st & 10 at SF 34,08:24 4th Shotgun,— A.Martinez pass short middle to W.Grimes to SF 41 for 7 yards (D.Hampton).
2026,PRESEASON WEEK 1,Thursday,August 13th,TEN,SF,4th Quarter,3,San Francisco 49ers,0,3,0,2 Yard Run,2nd & 3 at SF 41,07:42 4th,— Z.White left guard to SF 43 for 2 yards (M.Powell; M.Goodrich).
2026,PRESEASON WEEK 1,Thursday,August 13th,TEN,SF,4th Quarter,3,San Francisco 49ers,0,4,0,-2 Yard Run,3rd & 1 at SF 43,07:06 4th,— K.Herbert up the middle to SF 41 for -2 yards (K.Saunders).
2026,PRESEASON WEEK 1,Thursday,August 13th,TEN,SF,4th Quarter,3,San Francisco 49ers,0,5,0,Punt,4th & 3 at SF 41,06:22 4th,"— C.Waitman punts 43 yards to TEN 16, Center-J.Weeks, fair catch by H.Beatty. PENALTY on TEN-K.Osborn, Offensive Holding, 8 yards, enforced at TEN 16."
2026,PRESEASON WEEK 1,Thursday,August 13th,TEN,SF,4th Quarter,4,Tennessee Titans,1,1,0,-4 Yard Penalty,1st & 10 at TEN 8,06:14 4th,"— PENALTY on TEN-D.Moss, False Start, 4 yards, enforced at TEN 8 - No Play."
2026,PRESEASON WEEK 1,Thursday,August 13th,TEN,SF,4th Quarter,4,Tennessee Titans,1,2,0,6 Yard Run,1st & 14 at TEN 4,06:14 4th,— J.Chestnut left guard to TEN 10 for 6 yards (G.Halton; N.Martin).
2026,PRESEASON WEEK 1,Thursday,August 13th,TEN,SF,4th Quarter,4,Tennessee Titans,1,3,0,34 Yard Run,2nd & 8 at TEN 10,05:38 4th Shotgun,— J.Chestnut left guard to TEN 44 for 34 yards (J.Stroman).
2026,PRESEASON WEEK 1,Thursday,August 13th,TEN,SF,4th Quarter,4,Tennessee Titans,1,4,0,3 Yard Run,1st & 10 at TEN 44,04:54 4th Shotgun,— J.Chestnut up the middle to TEN 47 for 3 yards (L.Worth).
2026,PRESEASON WEEK 1,Thursday,August 13th,TEN,SF,4th Quarter,4,Tennessee Titans,1,5,0,1 Yard Run,2nd & 7 at TEN 47,04:17 4th Shotgun,— J.Chestnut up the middle to TEN 48 for 1 yard (B.Eason; Q.Bell).
2026,PRESEASON WEEK 1,Thursday,August 13th,TEN,SF,4th Quarter,4,Tennessee Titans,1,6,0,10 Yard Pass,3rd & 6 at TEN 48,03:35 4th Shotgun,— H.Hooker pass short right to X.Restrepo pushed ob at SF 42 for 10 yards (E.Apple).
2026,PRESEASON WEEK 1,Thursday,August 13th,TEN,SF,4th Quarter,4,Tennessee Titans,1,7,0,-5 Yard Run,1st & 10 at SF 42,03:30 4th,"— H.Hooker FUMBLES (Aborted) at SF 44, and recovers at SF 45. H.Hooker to SF 46 for -1 yards. FUMBLES, touched at SF 44, and recovers at SF 47."
2026,PRESEASON WEEK 1,Thursday,August 13th,TEN,SF,4th Quarter,4,Tennessee Titans,1,8,0,7 Yard Pass,2nd & 15 at SF 47,02:46 4th Shotgun,— H.Hooker pass short left to C.Jackson to SF 40 for 7 yards (E.Prysock).
2026,PRESEASON WEEK 1,Thursday,August 13th,TEN,SF,4th Quarter,4,Tennessee Titans,1,9,0,Timeout,,02:32 4th,— Timeout #1 by SF at 02:32.
2026,PRESEASON WEEK 1,Thursday,August 13th,TEN,SF,4th Quarter,4,Tennessee Titans,1,10,0,Pass Incomplete,3rd & 8 at SF 40,02:32 4th Shotgun,— H.Hooker pass incomplete short left to X.Restrepo.
2026,PRESEASON WEEK 1,Thursday,August 13th,TEN,SF,4th Quarter,4,Tennessee Titans,1,11,1,Field Goal,4th & 8 at SF 40,02:28 4th,"— J.Slye 58 yard field goal is GOOD, Center-M.Cox, Holder-T.Townsend."
2026,PRESEASON WEEK 1,Thursday,August 13th,TEN,SF,4th Quarter,5,San Francisco 49ers,1,1,0,Kickoff from TEN 35,,Kickoff,— J.Slye kicks 54 yards from TEN 35 to SF 11. W.Pauling to SF 28 for 17 yards (D.Mausi).
2026,PRESEASON WEEK 1,Thursday,August 13th,TEN,SF,4th Quarter,5,San Francisco 49ers,1,2,0,8 Yard Run,1st & 10 at SF 28,02:19 4th Shotgun,— A.Martinez scrambles right end ran ob at SF 36 for 8 yards (J.McMurray).
2026,PRESEASON WEEK 1,Thursday,August 13th,TEN,SF,4th Quarter,5,San Francisco 49ers,1,3,0,1 Yard Pass,2nd & 2 at SF 36,02:10 4th Shotgun,— A.Martinez pass short right to J.Deguara to SF 37 for 1 yard (S.Brown).
2026,PRESEASON WEEK 1,Thursday,August 13th,TEN,SF,4th Quarter,5,San Francisco 49ers,1,4,0,11 Yard Pass,3rd & 1 at SF 37,02:00 4th Shotgun,— A.Martinez pass short right to J.Deguara pushed ob at SF 48 for 11 yards (D.Canteen).
2026,PRESEASON WEEK 1,Thursday,August 13th,TEN,SF,4th Quarter,5,San Francisco 49ers,1,5,0,Pass Incomplete,1st & 10 at SF 48,01:54 4th Shotgun,— A.Martinez pass incomplete short left to J.Deguara.
2026,PRESEASON WEEK 1,Thursday,August 13th,TEN,SF,4th Quarter,5,San Francisco 49ers,1,6,0,0 Yard Pass,2nd & 10 at SF 48,01:48 4th Shotgun,— A.Martinez pass short left to W.Pauling to SF 48 for no gain (T.Jones).
2026,PRESEASON WEEK 1,Thursday,August 13th,TEN,SF,4th Quarter,5,San Francisco 49ers,1,7,0,6 Yard Pass,3rd & 10 at SF 48,"01:29 4th No Huddle, Shotgun",— A.Martinez pass short right to W.Pauling to TEN 46 for 6 yards (J.McMurray; M.Powell).
2026,PRESEASON WEEK 1,Thursday,August 13th,TEN,SF,4th Quarter,5,San Francisco 49ers,1,8,0,Timeout,,01:23 4th,— Timeout #2 by SF at 01:23.
2026,PRESEASON WEEK 1,Thursday,August 13th,TEN,SF,4th Quarter,5,San Francisco 49ers,1,9,0,7 Yard Pass,4th & 4 at TEN 46,01:23 4th Shotgun,— A.Martinez pass short middle to T.Irwin to TEN 39 for 7 yards (D.Canteen).
2026,PRESEASON WEEK 1,Thursday,August 13th,TEN,SF,4th Quarter,5,San Francisco 49ers,1,10,0,16 Yard Pass,1st & 10 at TEN 39,"01:07 4th No Huddle, Shotgun",— A.Martinez pass short right to K.Herbert to TEN 23 for 16 yards (M.Powell).
2026,PRESEASON WEEK 1,Thursday,August 13th,TEN,SF,4th Quarter,5,San Francisco 49ers,1,11,0,Pass Incomplete,1st & 10 at TEN 23,00:52 4th No Huddle,— A.Martinez spiked the ball to stop the clock.
2026,PRESEASON WEEK 1,Thursday,August 13th,TEN,SF,4th Quarter,5,San Francisco 49ers,1,12,1,Field Goal,2nd & 10 at TEN 23,00:51 4th,"— E.Pineiro 41 yard field goal is GOOD, Center-J.Weeks, Holder-C.Waitman."
2026,PRESEASON WEEK 1,Thursday,August 13th,TEN,SF,4th Quarter,6,Tennessee Titans,0,1,0,Kickoff from SF 35,,Kickoff,"— E.Pineiro kicks onside 14 yards from SF 35 to SF 49, impetus ends at SF 49, out of bounds."
2026,PRESEASON WEEK 1,Thursday,August 13th,TEN,SF,4th Quarter,6,Tennessee Titans,0,2,0,-1 Yard Run,1st & 10 at SF 49,00:47 4th,— H.Hooker kneels to 50 for -1 yards.
2026,PRESEASON WEEK 1,Thursday,August 13th,TEN,SF,4th Quarter,6,Tennessee Titans,0,3,0,-1 Yard Run,2nd & 11 at 50,00:20 4th,— H.Hooker kneels to TEN 49 for -1 yards.
2026,PRESEASON WEEK 1,Friday,August 14th,DEN,ATL,1st Quarter,1,Denver Broncos,1,1,0,Kickoff from ATL 35,,Kickoff,— N.Folk kicks 55 yards from ATL 35 to DEN 10. C.Ross to DEN 31 for 21 yards (J.Bertrand; S.Brown).
2026,PRESEASON WEEK 1,Friday,August 14th,DEN,ATL,1st Quarter,1,Denver Broncos,1,2,0,15 Yard Pass,1st & 10 at DEN 31,14:56 1st,— J.Stidham pass deep right to P.Bryant to DEN 46 for 15 yards (K.Daniels; M.Hughes).
2026,PRESEASON WEEK 1,Friday,August 14th,DEN,ATL,1st Quarter,1,Denver Broncos,1,3,0,5 Yard Run,1st & 10 at DEN 46,14:21 1st,— R.Harvey up the middle to ATL 49 for 5 yards (B.Dorlus).
2026,PRESEASON WEEK 1,Friday,August 14th,DEN,ATL,1st Quarter,1,Denver Broncos,1,4,0,4 Yard Pass,2nd & 5 at ATL 49,13:48 1st Shotgun,— J.Stidham pass short right to C.Sutton to ATL 45 for 4 yards (A.Terrell).
2026,PRESEASON WEEK 1,Friday,August 14th,DEN,ATL,1st Quarter,1,Denver Broncos,1,5,0,4 Yard Run,3rd & 1 at ATL 45,13:12 1st,— A.Prentice up the middle to ATL 41 for 4 yards (C.Thomas; A.Terrell).
2026,PRESEASON WEEK 1,Friday,August 14th,DEN,ATL,1st Quarter,1,Denver Broncos,1,6,0,40 Yard Pass,1st & 10 at ATL 41,12:30 1st Shotgun,— J.Stidham pass deep left to C.Sutton to ATL 1 for 40 yards (M.Hughes).
2026,PRESEASON WEEK 1,Friday,August 14th,DEN,ATL,1st Quarter,1,Denver Broncos,1,7,1,Touchdown,1st & 1 at ATL 1,11:43 1st,"— A.Prentice up the middle for 1 yard, TOUCHDOWN."
2026,PRESEASON WEEK 1,Friday,August 14th,DEN,ATL,1st Quarter,1,Denver Broncos,1,8,1,Extra Point,,11:39 1st,"— W.Lutz extra point is GOOD, Center-M.Fraboni, Holder-J.Crawshaw."
2026,PRESEASON WEEK 1,Friday,August 14th,DEN,ATL,1st Quarter,2,Atlanta Falcons,0,1,0,Kickoff from DEN 35,,Kickoff,— W.Lutz kicks 58 yards from DEN 35 to ATL 7. O.Zaccheaus to ATL 31 for 24 yards (L.Humphrey; J.Skinner).
2026,PRESEASON WEEK 1,Friday,August 14th,DEN,ATL,1st Quarter,2,Atlanta Falcons,0,2,0,0 Yard Run,1st & 10 at ATL 31,11:33 1st,— Br.Robinson up the middle to ATL 31 for no gain (J.Cooper).
2026,PRESEASON WEEK 1,Friday,August 14th,DEN,ATL,1st Quarter,2,Atlanta Falcons,0,3,0,-4 Yard Run,2nd & 10 at ATL 31,11:00 1st Shotgun,"— T.Tagovailoa FUMBLES (Aborted) at ATL 27, and recovers at ATL 27."
2026,PRESEASON WEEK 1,Friday,August 14th,DEN,ATL,1st Quarter,2,Atlanta Falcons,0,4,0,6 Yard Pass,3rd & 14 at ATL 27,10:25 1st Shotgun,— T.Tagovailoa pass short right to K.Pitts pushed ob at ATL 33 for 6 yards (J.Barron; A.Singleton).
2026,PRESEASON WEEK 1,Friday,August 14th,DEN,ATL,1st Quarter,2,Atlanta Falcons,0,5,0,Punt,4th & 8 at ATL 33,10:03 1st,"— J.Bailey punts 57 yards to DEN 10, Center-L.McCullough. S.Fresch to DEN 16 for 6 yards (D.Hellams)."
2026,PRESEASON WEEK 1,Friday,August 14th,DEN,ATL,1st Quarter,3,Denver Broncos,0,1,0,3 Yard Run,1st & 10 at DEN 16,09:51 1st,— R.Harvey right guard to DEN 19 for 3 yards (C.Thomas; B.Dorlus).
2026,PRESEASON WEEK 1,Friday,August 14th,DEN,ATL,1st Quarter,3,Denver Broncos,0,2,0,6 Yard Run,2nd & 7 at DEN 19,09:12 1st,— R.Harvey up the middle to DEN 25 for 6 yards (C.Harris).
2026,PRESEASON WEEK 1,Friday,August 14th,DEN,ATL,1st Quarter,3,Denver Broncos,0,3,0,2 Yard Run,3rd & 1 at DEN 25,08:31 1st,— R.Harvey right guard to DEN 27 for 2 yards (C.Thomas).
2026,PRESEASON WEEK 1,Friday,August 14th,DEN,ATL,1st Quarter,3,Denver Broncos,0,4,0,0 Yard Run,1st & 10 at DEN 27,07:47 1st,— R.Harvey left tackle to DEN 27 for no gain (C.Harris; M.Hughes).
2026,PRESEASON WEEK 1,Friday,August 14th,DEN,ATL,1st Quarter,3,Denver Broncos,0,5,0,16 Yard Pass,2nd & 10 at DEN 27,07:10 1st Shotgun,— J.Stidham pass deep left to C.Sutton to DEN 43 for 16 yards (C.Henderson).
2026,PRESEASON WEEK 1,Friday,August 14th,DEN,ATL,1st Quarter,3,Denver Broncos,0,6,0,3 Yard Run,1st & 10 at DEN 43,"06:41 1st No Huddle, Shotgun",— J.Coleman left guard to DEN 46 for 3 yards (S.Ebukam).
2026,PRESEASON WEEK 1,Friday,August 14th,DEN,ATL,1st Quarter,3,Denver Broncos,0,7,0,1 Yard Run,2nd & 7 at DEN 46,06:04 1st Shotgun,— J.Coleman left guard to DEN 47 for 1 yard (A.Ojulari).
2026,PRESEASON WEEK 1,Friday,August 14th,DEN,ATL,1st Quarter,3,Denver Broncos,0,8,0,Pass Incomplete,3rd & 6 at DEN 47,05:26 1st Shotgun,— J.Stidham pass incomplete short middle to E.Engram.
2026,PRESEASON WEEK 1,Friday,August 14th,DEN,ATL,1st Quarter,3,Denver Broncos,0,9,0,Punt,4th & 6 at DEN 47,05:18 1st,"— J.Crawshaw punts 38 yards to ATL 15, Center-M.Fraboni, fair catch by Z.Branch."
2026,PRESEASON WEEK 1,Friday,August 14th,DEN,ATL,1st Quarter,4,Atlanta Falcons,0,1,0,6 Yard Run,1st & 10 at ATL 15,05:12 1st,— Br.Robinson up the middle to ATL 21 for 6 yards (J.Cooper).
2026,PRESEASON WEEK 1,Friday,August 14th,DEN,ATL,1st Quarter,4,Atlanta Falcons,0,2,0,11 Yard Pass,2nd & 4 at ATL 21,04:44 1st,"— T.Tagovailoa pass short left to K.Pitts pushed ob at ATL 32 for 11 yards (A.Singleton). Penalty on DEN-J.McMillian, Defensive Holding, declined."
2026,PRESEASON WEEK 1,Friday,August 14th,DEN,ATL,1st Quarter,4,Atlanta Falcons,0,3,0,Pass Incomplete,1st & 10 at ATL 32,04:20 1st,— T.Tagovailoa pass incomplete short right to K.Pitts.
2026,PRESEASON WEEK 1,Friday,August 14th,DEN,ATL,1st Quarter,4,Atlanta Falcons,0,4,0,-5 Yard Penalty,2nd & 10 at ATL 32,04:14 1st Shotgun,"— PENALTY on ATL-M.Jerrell, False Start, 5 yards, enforced at ATL 32 - No Play."
2026,PRESEASON WEEK 1,Friday,August 14th,DEN,ATL,1st Quarter,4,Atlanta Falcons,0,5,0,5 Yard Pass,2nd & 15 at ATL 27,04:14 1st Shotgun,— T.Tagovailoa pass short left to K.Pitts to ATL 32 for 5 yards (J.Strnad).
2026,PRESEASON WEEK 1,Friday,August 14th,DEN,ATL,1st Quarter,4,Atlanta Falcons,0,6,0,Pass Incomplete,3rd & 10 at ATL 32,03:39 1st Shotgun,— T.Tagovailoa pass incomplete short middle [J.Cooper].
2026,PRESEASON WEEK 1,Friday,August 14th,DEN,ATL,1st Quarter,4,Atlanta Falcons,0,7,0,Punt,4th & 10 at ATL 32,03:31 1st,"— J.Bailey punts 47 yards to DEN 21, Center-L.McCullough. C.Ross to DEN 36 for 15 yards (H.Perkins). PENALTY on DEN-J.Skinner, Offensive Holding, 10 yards, enforced at DEN 21."
2026,PRESEASON WEEK 1,Friday,August 14th,DEN,ATL,2nd Quarter,1,Denver Broncos,1,1,0,-5 Yard Penalty,1st & 10 at DEN 11,03:20 1st,"— J.Stidham pass incomplete short right to E.Engram. PENALTY on DEN-M.McGlinchey, Ineligible Downfield Pass, 5 yards, enforced at DEN 11 - No Play."
2026,PRESEASON WEEK 1,Friday,August 14th,DEN,ATL,2nd Quarter,1,Denver Broncos,1,2,0,24 Yard Pass,1st & 15 at DEN 6,03:17 1st Shotgun,— J.Stidham pass deep right to E.Engram to DEN 30 for 24 yards (S.Brown; K.Daniels).
2026,PRESEASON WEEK 1,Friday,August 14th,DEN,ATL,2nd Quarter,1,Denver Broncos,1,3,0,-10 Yard Penalty,1st & 10 at DEN 30,02:34 1st,"— J.Coleman right tackle to DEN 39 for 9 yards (C.Henderson). PENALTY on DEN-M.McGlinchey, Offensive Holding, 10 yards, enforced at DEN 30 - No Play."
2026,PRESEASON WEEK 1,Friday,August 14th,DEN,ATL,2nd Quarter,1,Denver Broncos,1,4,0,Pass Incomplete,1st & 20 at DEN 20,02:13 1st Shotgun,— J.Stidham pass incomplete short left to E.Engram (D.Holmes).
2026,PRESEASON WEEK 1,Friday,August 14th,DEN,ATL,2nd Quarter,1,Denver Broncos,1,5,0,5 Yard Penalty,2nd & 20 at DEN 20,02:09 1st Shotgun,"— J.Stidham pass short left to J.Coleman to DEN 25 for 5 yards (K.Daniels). PENALTY on ATL-D.Holmes, Illegal Contact, 5 yards, enforced at DEN 20 - No Play."
2026,PRESEASON WEEK 1,Friday,August 14th,DEN,ATL,2nd Quarter,1,Denver Broncos,1,6,0,13 Yard Run,1st & 10 at DEN 25,01:45 1st,— J.Coleman left guard to DEN 38 for 13 yards (C.Harris; S.Brown).
2026,PRESEASON WEEK 1,Friday,August 14th,DEN,ATL,2nd Quarter,1,Denver Broncos,1,7,0,5 Yard Penalty,1st & 10 at DEN 38,01:04 1st,"— PENALTY on ATL-C.Williams, Encroachment, 5 yards, enforced at DEN 38 - No Play."
2026,PRESEASON WEEK 1,Friday,August 14th,DEN,ATL,2nd Quarter,1,Denver Broncos,1,8,0,7 Yard Run,1st & 5 at DEN 43,00:47 1st,— J.Coleman right guard to 50 for 7 yards (D.Hellams).
2026,PRESEASON WEEK 1,Friday,August 14th,DEN,ATL,2nd Quarter,1,Denver Broncos,1,9,0,23 Yard Pass,1st & 10 at 50,00:13 1st,— J.Stidham pass deep left to T.Franklin pushed ob at ATL 27 for 23 yards (D.Hellams; C.Phillips).
2026,PRESEASON WEEK 1,Friday,August 14th,DEN,ATL,2nd Quarter,1,Denver Broncos,1,10,0,Pass Incomplete,1st & 10 at ATL 27,15:00 2nd Shotgun,— J.Stidham pass incomplete deep right to T.Franklin.
2026,PRESEASON WEEK 1,Friday,August 14th,DEN,ATL,2nd Quarter,1,Denver Broncos,1,11,0,-1 Yard Sack,2nd & 10 at ATL 27,14:56 2nd Shotgun,— J.Stidham sacked at ATL 28 for -1 yards (sack split by A.Ojulari and K.Daniels).
2026,PRESEASON WEEK 1,Friday,August 14th,DEN,ATL,2nd Quarter,1,Denver Broncos,1,12,0,3 Yard Pass,3rd & 11 at ATL 28,14:16 2nd Shotgun,— J.Stidham pass short right to L.Humphrey to ATL 25 for 3 yards (D.Hellams).
2026,PRESEASON WEEK 1,Friday,August 14th,DEN,ATL,2nd Quarter,1,Denver Broncos,1,13,1,Field Goal,4th & 8 at ATL 25,13:39 2nd,"— W.Lutz 43 yard field goal is GOOD, Center-M.Fraboni, Holder-J.Crawshaw."
2026,PRESEASON WEEK 1,Friday,August 14th,DEN,ATL,2nd Quarter,2,Atlanta Falcons,0,1,0,Kickoff from DEN 35,,Kickoff,— W.Lutz kicks 58 yards from DEN 35 to ATL 7. V.Anthony to ATL 39 for 32 yards (L.Bailey).
2026,PRESEASON WEEK 1,Friday,August 14th,DEN,ATL,2nd Quarter,2,Atlanta Falcons,0,2,0,Pass Incomplete,1st & 10 at ATL 39,13:28 2nd Shotgun,— C.Rush pass incomplete short left to D.Drummond (M.Roach).
2026,PRESEASON WEEK 1,Friday,August 14th,DEN,ATL,2nd Quarter,2,Atlanta Falcons,0,3,0,Interception,2nd & 10 at ATL 39,13:25 2nd Shotgun,— C.Rush pass short right intended for D.Drummond INTERCEPTED by R.Moss (J.Elliss) at 50. R.Moss to ATL 48 for 2 yards (D.Drummond).
2026,PRESEASON WEEK 1,Friday,August 14th,DEN,ATL,2nd Quarter,3,Denver Broncos,1,1,0,3 Yard Run,1st & 10 at ATL 48,13:18 2nd Shotgun,— T.Badie left guard to ATL 45 for 3 yards (J.Pearce).
2026,PRESEASON WEEK 1,Friday,August 14th,DEN,ATL,2nd Quarter,3,Denver Broncos,1,2,0,12 Yard Run,2nd & 7 at ATL 45,12:45 2nd,— J.McLaughlin right tackle to ATL 33 for 12 yards (C.Harris; S.Brown).
2026,PRESEASON WEEK 1,Friday,August 14th,DEN,ATL,2nd Quarter,3,Denver Broncos,1,3,0,28 Yard Run,1st & 10 at ATL 33,12:05 2nd,— C.Ross right end pushed ob at ATL 5 for 28 yards (C.Phillips).
2026,PRESEASON WEEK 1,Friday,August 14th,DEN,ATL,2nd Quarter,3,Denver Broncos,1,4,0,0 Yard Run,1st & 5 at ATL 5,11:30 2nd,— J.McLaughlin left guard to ATL 5 for no gain (S.Brown; C.Phillips).
2026,PRESEASON WEEK 1,Friday,August 14th,DEN,ATL,2nd Quarter,3,Denver Broncos,1,5,1,Touchdown,2nd & 5 at ATL 5,10:54 2nd,"— J.Stidham pass short right to J.McLaughlin for 5 yards, TOUCHDOWN. ATL-D.Hellams was injured during the play."
2026,PRESEASON WEEK 1,Friday,August 14th,DEN,ATL,2nd Quarter,3,Denver Broncos,1,6,1,Extra Point,,10:47 2nd,"— W.Lutz extra point is GOOD, Center-M.Fraboni, Holder-J.Crawshaw."
2026,PRESEASON WEEK 1,Friday,August 14th,DEN,ATL,2nd Quarter,4,Atlanta Falcons,0,1,0,Kickoff from DEN 35,,Kickoff,— W.Lutz kicks 61 yards from DEN 35 to ATL 4. V.Anthony to ATL 34 for 30 yards (J.McLaughlin; D.Sanders).
2026,PRESEASON WEEK 1,Friday,August 14th,DEN,ATL,2nd Quarter,4,Atlanta Falcons,0,2,0,4 Yard Run,1st & 10 at ATL 34,10:41 2nd,— N.Carter up the middle to ATL 38 for 4 yards (K.Reid).
2026,PRESEASON WEEK 1,Friday,August 14th,DEN,ATL,2nd Quarter,4,Atlanta Falcons,0,3,0,2 Yard Run,2nd & 6 at ATL 38,10:08 2nd,— N.Carter left guard to ATL 40 for 2 yards (J.Elliss).
2026,PRESEASON WEEK 1,Friday,August 14th,DEN,ATL,2nd Quarter,4,Atlanta Falcons,0,4,0,Pass Incomplete,3rd & 4 at ATL 40,09:28 2nd Shotgun,— C.Rush pass incomplete deep right to Z.Branch (J.Elliss).
2026,PRESEASON WEEK 1,Friday,August 14th,DEN,ATL,2nd Quarter,4,Atlanta Falcons,0,5,0,Punt,4th & 4 at ATL 40,09:24 2nd,"— J.Bailey punts 42 yards to DEN 18, Center-L.McCullough, fair catch by S.Fresch."
2026,PRESEASON WEEK 1,Friday,August 14th,DEN,ATL,2nd Quarter,5,Denver Broncos,0,1,0,0 Yard Run,1st & 10 at DEN 18,09:17 2nd,— J.McLaughlin right guard to DEN 18 for no gain (Z.Harrison). ** Injury Update: ATL-D.Hellams has returned to the game.
2026,PRESEASON WEEK 1,Friday,August 14th,DEN,ATL,2nd Quarter,5,Denver Broncos,0,2,0,-9 Yard Penalty,2nd & 10 at DEN 18,08:41 2nd Shotgun,"— J.Stidham scrambles right end ran ob at DEN 21 for 3 yards (C.Henderson). PENALTY on DEN-R.Holskey, Offensive Holding, 9 yards, enforced at DEN 18 - No Play."
2026,PRESEASON WEEK 1,Friday,August 14th,DEN,ATL,2nd Quarter,5,Denver Broncos,0,3,0,Pass Incomplete,2nd & 19 at DEN 9,08:16 2nd Shotgun,— J.Stidham pass incomplete short left to J.McLaughlin.
2026,PRESEASON WEEK 1,Friday,August 14th,DEN,ATL,2nd Quarter,5,Denver Broncos,0,4,0,1 Yard Pass,3rd & 19 at DEN 9,08:10 2nd Shotgun,— J.Stidham pass short left to C.Ross to DEN 10 for 1 yard (C.Williams; D.Holmes).
2026,PRESEASON WEEK 1,Friday,August 14th,DEN,ATL,2nd Quarter,5,Denver Broncos,0,5,0,Punt,4th & 18 at DEN 10,07:32 2nd,"— J.Crawshaw punts 62 yards to ATL 28, Center-M.Fraboni. Z.Branch to ATL 34 for 6 yards (R.Taylor)."
2026,PRESEASON WEEK 1,Friday,August 14th,DEN,ATL,2nd Quarter,6,Denver Broncos,1,1,0,3 Yard Run,1st & 10 at ATL 34,07:19 2nd,— Z.Branch right end pushed ob at ATL 37 for 3 yards (D.Key).
2026,PRESEASON WEEK 1,Friday,August 14th,DEN,ATL,2nd Quarter,6,Denver Broncos,1,2,0,2 Yard Run,2nd & 7 at ATL 37,06:57 2nd,— T.Goodson left guard to ATL 39 for 2 yards (D.Tillman; D.Key).
2026,PRESEASON WEEK 1,Friday,August 14th,DEN,ATL,2nd Quarter,6,Denver Broncos,1,3,0,-5 Yard Penalty,3rd & 5 at ATL 39,06:21 2nd Shotgun,"— PENALTY on ATL-M.Jerrell, False Start, 5 yards, enforced at ATL 39 - No Play."
2026,PRESEASON WEEK 1,Friday,August 14th,DEN,ATL,2nd Quarter,6,Denver Broncos,1,4,0,14 Yard Pass,3rd & 10 at ATL 34,06:02 2nd Shotgun,— C.Rush pass short left to D.Drummond to ATL 48 for 14 yards (J.Skinner) [Q.Robinson].
2026,PRESEASON WEEK 1,Friday,August 14th,DEN,ATL,2nd Quarter,6,Denver Broncos,1,5,0,2 Yard Run,1st & 10 at ATL 48,05:42 2nd No Huddle,— T.Goodson right guard to 50 for 2 yards (D.Tillman).
2026,PRESEASON WEEK 1,Friday,August 14th,DEN,ATL,2nd Quarter,6,Denver Broncos,1,6,0,16 Yard Pass,2nd & 8 at 50,05:12 2nd Shotgun,— C.Rush pass short right to C.Blair to DEN 34 for 16 yards (D.Key).
2026,PRESEASON WEEK 1,Friday,August 14th,DEN,ATL,2nd Quarter,6,Denver Broncos,1,7,0,-1 Yard Pass,1st & 10 at DEN 34,04:36 2nd,— C.Rush pass short right to Z.Branch pushed ob at DEN 35 for -1 yards (J.Skinner).
2026,PRESEASON WEEK 1,Friday,August 14th,DEN,ATL,2nd Quarter,6,Denver Broncos,1,8,0,8 Yard Run,2nd & 11 at DEN 35,04:06 2nd,— T.Goodson left end to DEN 27 for 8 yards (J.Barron).
2026,PRESEASON WEEK 1,Friday,August 14th,DEN,ATL,2nd Quarter,6,Denver Broncos,1,9,0,4 Yard Run,3rd & 3 at DEN 27,03:24 2nd Shotgun,— T.Goodson up the middle to DEN 23 for 4 yards (K.Reid).
2026,PRESEASON WEEK 1,Friday,August 14th,DEN,ATL,2nd Quarter,6,Denver Broncos,1,10,0,0 Yard Pass,1st & 10 at DEN 23,02:49 2nd,— C.Rush pass short left to T.Goodson to DEN 23 for no gain (R.Murdock).
2026,PRESEASON WEEK 1,Friday,August 14th,DEN,ATL,2nd Quarter,6,Denver Broncos,1,11,0,5 Yard Pass,2nd & 10 at DEN 23,02:08 2nd,— C.Rush pass short left to V.Anthony pushed ob at DEN 18 for 5 yards (R.Murdock).
2026,PRESEASON WEEK 1,Friday,August 14th,DEN,ATL,2nd Quarter,6,Denver Broncos,1,12,0,7 Yard Pass,3rd & 5 at DEN 18,02:00 2nd Shotgun,— C.Rush pass short right to Z.Branch to DEN 11 for 7 yards (R.Taylor).
2026,PRESEASON WEEK 1,Friday,August 14th,DEN,ATL,2nd Quarter,6,Denver Broncos,1,13,0,Timeout,,01:53 2nd,— Timeout #1 by DEN at 01:53.
2026,PRESEASON WEEK 1,Friday,August 14th,DEN,ATL,2nd Quarter,6,Denver Broncos,1,14,0,Pass Incomplete,1st & 10 at DEN 11,01:53 2nd,— C.Rush pass incomplete short right.
2026,PRESEASON WEEK 1,Friday,August 14th,DEN,ATL,2nd Quarter,6,Denver Broncos,1,15,0,4 Yard Run,2nd & 10 at DEN 11,01:48 2nd Shotgun,— T.Goodson up the middle to DEN 7 for 4 yards (J.Barron).
2026,PRESEASON WEEK 1,Friday,August 14th,DEN,ATL,2nd Quarter,6,Denver Broncos,1,16,0,Timeout,,01:41 2nd,— Timeout #2 by DEN at 01:41.
2026,PRESEASON WEEK 1,Friday,August 14th,DEN,ATL,2nd Quarter,6,Denver Broncos,1,17,1,Touchdown,3rd & 6 at DEN 7,01:41 2nd Shotgun,"— C.Rush pass short left intended for C.Blair INTERCEPTED by J.Barron (K.Reid) at DEN 3. J.Barron for 97 yards, TOUCHDOWN."
2026,PRESEASON WEEK 1,Friday,August 14th,DEN,ATL,2nd Quarter,7,Atlanta Falcons,0,1,0,Kickoff from DEN 35,,Kickoff,"— W.Lutz kicks 63 yards from DEN 35 to ATL 2. V.Anthony to ATL 35 for 33 yards (B.Austin). DEN-J.McLaughlin was injured during the play. PENALTY on ATL-C.Thomas, Offensive Holding, 10 yards, enforced at ATL 30."
2026,PRESEASON WEEK 1,Friday,August 14th,DEN,ATL,2nd Quarter,7,Atlanta Falcons,0,2,0,Pass Incomplete,1st & 10 at ATL 20,01:22 2nd Shotgun,— C.Rush pass incomplete short right.
2026,PRESEASON WEEK 1,Friday,August 14th,DEN,ATL,2nd Quarter,7,Atlanta Falcons,0,3,0,Pass Incomplete,2nd & 10 at ATL 20,01:16 2nd Shotgun,— C.Rush pass incomplete short middle to D.Drummond (J.Jackson).
2026,PRESEASON WEEK 1,Friday,August 14th,DEN,ATL,2nd Quarter,7,Atlanta Falcons,0,4,0,Pass Incomplete,3rd & 10 at ATL 20,01:11 2nd Shotgun,— C.Rush pass incomplete short left to D.Drummond.
2026,PRESEASON WEEK 1,Friday,August 14th,DEN,ATL,2nd Quarter,7,Atlanta Falcons,0,5,0,Punt,4th & 10 at ATL 20,01:07 2nd,"— J.Bailey punts 52 yards to DEN 28, Center-L.McCullough. C.Ross pushed ob at DEN 33 for 5 yards (M.DeWalt)."
2026,PRESEASON WEEK 1,Friday,August 14th,DEN,ATL,2nd Quarter,8,Denver Broncos,0,1,0,Pass Incomplete,1st & 10 at DEN 33,00:59 2nd Shotgun,— J.Stidham pass incomplete short right to C.Ross.
2026,PRESEASON WEEK 1,Friday,August 14th,DEN,ATL,2nd Quarter,8,Denver Broncos,0,2,0,-5 Yard Penalty,2nd & 10 at DEN 33,00:54 2nd Shotgun,"— PENALTY on DEN-Da.Key, False Start, 5 yards, enforced at DEN 33 - No Play."
2026,PRESEASON WEEK 1,Friday,August 14th,DEN,ATL,2nd Quarter,8,Denver Broncos,0,3,0,6 Yard Run,2nd & 15 at DEN 28,00:54 2nd Shotgun,— J.Stidham scrambles left end ran ob at DEN 34 for 6 yards (S.Brown).
2026,PRESEASON WEEK 1,Friday,August 14th,DEN,ATL,2nd Quarter,8,Denver Broncos,0,4,0,Pass Incomplete,3rd & 9 at DEN 34,00:45 2nd Shotgun,— J.Stidham pass incomplete deep right to H.Butler (C.Phillips).
2026,PRESEASON WEEK 1,Friday,August 14th,DEN,ATL,2nd Quarter,8,Denver Broncos,0,5,0,Punt,4th & 9 at DEN 34,00:40 2nd,"— J.Crawshaw punts 47 yards to ATL 19, Center-M.Fraboni, out of bounds."
2026,PRESEASON WEEK 1,Friday,August 14th,DEN,ATL,2nd Quarter,9,Atlanta Falcons,0,1,0,Pass Incomplete,1st & 10 at ATL 19,00:32 2nd Shotgun,— C.Rush pass incomplete short right.
2026,PRESEASON WEEK 1,Friday,August 14th,DEN,ATL,2nd Quarter,9,Atlanta Falcons,0,2,0,21 Yard Pass,2nd & 10 at ATL 19,00:25 2nd Shotgun,— C.Rush pass deep left to C.Blair to ATL 40 for 21 yards (J.Skinner).
2026,PRESEASON WEEK 1,Friday,August 14th,DEN,ATL,2nd Quarter,9,Atlanta Falcons,0,3,0,Timeout,,00:19 2nd,— Timeout #1 by ATL at 00:19.
2026,PRESEASON WEEK 1,Friday,August 14th,DEN,ATL,2nd Quarter,9,Atlanta Falcons,0,4,0,Pass Incomplete,1st & 10 at ATL 40,00:19 2nd,— C.Rush pass incomplete deep middle to J.Velling.
2026,PRESEASON WEEK 1,Friday,August 14th,DEN,ATL,2nd Quarter,9,Atlanta Falcons,0,5,0,Pass Incomplete,2nd & 10 at ATL 40,00:15 2nd Shotgun,— C.Rush pass incomplete short right to J.Velling.
2026,PRESEASON WEEK 1,Friday,August 14th,DEN,ATL,2nd Quarter,9,Atlanta Falcons,0,6,0,Pass Incomplete,3rd & 10 at ATL 40,00:11 2nd Shotgun,— C.Rush pass incomplete short right to Z.Branch.
2026,PRESEASON WEEK 1,Friday,August 14th,DEN,ATL,2nd Quarter,9,Atlanta Falcons,0,7,0,Punt,4th & 10 at ATL 40,00:02 2nd,"— M.Hayball punts 44 yards to DEN 16, Center-L.McCullough, downed by ATL-M.DeWalt."
2026,PRESEASON WEEK 1,Friday,August 14th,DEN,ATL,3rd Quarter,1,Atlanta Falcons,0,1,0,Kickoff from DEN 35,,Kickoff,— W.Lutz kicks 59 yards from DEN 35 to ATL 6. T.Goodson to ATL 36 for 30 yards (P.Robertson).
2026,PRESEASON WEEK 1,Friday,August 14th,DEN,ATL,3rd Quarter,1,Atlanta Falcons,0,2,0,2 Yard Run,1st & 10 at ATL 36,14:54 3rd,— N.Carter right guard to ATL 38 for 2 yards (Q.Robinson).
2026,PRESEASON WEEK 1,Friday,August 14th,DEN,ATL,3rd Quarter,1,Atlanta Falcons,0,3,0,0 Yard Run,2nd & 8 at ATL 38,14:21 3rd,— N.Carter up the middle to ATL 38 for no gain (J.Elliss).
2026,PRESEASON WEEK 1,Friday,August 14th,DEN,ATL,3rd Quarter,1,Atlanta Falcons,0,4,0,3 Yard Pass,3rd & 8 at ATL 38,13:45 3rd Shotgun,— J.Strand pass short right to N.Carter to ATL 41 for 3 yards (R.Murdock).
2026,PRESEASON WEEK 1,Friday,August 14th,DEN,ATL,3rd Quarter,1,Atlanta Falcons,0,5,0,Punt,4th & 5 at ATL 41,13:07 3rd,"— M.Hayball punts 59 yards to end zone, Center-L.McCullough, Touchback."
2026,PRESEASON WEEK 1,Friday,August 14th,DEN,ATL,3rd Quarter,2,Denver Broncos,0,1,0,5 Yard Run,1st & 10 at DEN 20,12:58 3rd,— T.Badie up the middle to DEN 25 for 5 yards (M.Tuipulotu; J.Woods).
2026,PRESEASON WEEK 1,Friday,August 14th,DEN,ATL,3rd Quarter,2,Denver Broncos,0,2,0,5 Yard Run,2nd & 5 at DEN 25,12:19 3rd,— T.Badie up the middle to DEN 30 for 5 yards (D.Maxwell; M.Tuipulotu).
2026,PRESEASON WEEK 1,Friday,August 14th,DEN,ATL,3rd Quarter,2,Denver Broncos,0,3,0,4 Yard Run,1st & 10 at DEN 30,11:40 3rd Shotgun,— T.Badie right guard to DEN 34 for 4 yards (J.Pearce; J.Robinson).
2026,PRESEASON WEEK 1,Friday,August 14th,DEN,ATL,3rd Quarter,2,Denver Broncos,0,4,0,7 Yard Pass,2nd & 6 at DEN 34,10:56 3rd Shotgun,— S.Ehlinger pass short left to J.Manjack to DEN 41 for 7 yards (J.Robinson).
2026,PRESEASON WEEK 1,Friday,August 14th,DEN,ATL,3rd Quarter,2,Denver Broncos,0,5,0,20 Yard Pass,1st & 10 at DEN 41,10:23 3rd,— S.Ehlinger pass deep middle to J.Manjack to ATL 39 for 20 yards (C.Bryant).
2026,PRESEASON WEEK 1,Friday,August 14th,DEN,ATL,3rd Quarter,2,Denver Broncos,0,6,0,4 Yard Pass,1st & 10 at ATL 39,09:42 3rd Shotgun,— S.Ehlinger pass short right to L.Krull to ATL 35 for 4 yards (D.Hall).
2026,PRESEASON WEEK 1,Friday,August 14th,DEN,ATL,3rd Quarter,2,Denver Broncos,0,7,0,1 Yard Run,2nd & 6 at ATL 35,09:04 3rd,— T.Badie left guard to ATL 34 for 1 yard (K.Banks; J.Woods).
2026,PRESEASON WEEK 1,Friday,August 14th,DEN,ATL,3rd Quarter,2,Denver Broncos,0,8,0,2 Yard Pass,3rd & 5 at ATL 34,08:19 3rd Shotgun,— S.Ehlinger pass short left to Da.Key pushed ob at ATL 32 for 2 yards (C.Bryant).
2026,PRESEASON WEEK 1,Friday,August 14th,DEN,ATL,3rd Quarter,2,Denver Broncos,0,9,0,-5 Yard Penalty,4th & 3 at ATL 32,07:43 3rd Shotgun,"— PENALTY on DEN-M.Peart, False Start, 5 yards, enforced at ATL 32 - No Play."
2026,PRESEASON WEEK 1,Friday,August 14th,DEN,ATL,3rd Quarter,3,Atlanta Falcons,0,1,0,18 Yard Pass,1st & 10 at ATL 41,07:33 3rd,— J.Strand pass short right to J.Simon to DEN 41 for 18 yards (Q.Robinson; T.York).
2026,PRESEASON WEEK 1,Friday,August 14th,DEN,ATL,3rd Quarter,3,Atlanta Falcons,0,2,0,3 Yard Run,1st & 10 at DEN 41,06:51 3rd Shotgun,— T.Goodson up the middle to DEN 38 for 3 yards (J.Skinner; Q.Robinson).
2026,PRESEASON WEEK 1,Friday,August 14th,DEN,ATL,3rd Quarter,3,Atlanta Falcons,0,3,0,Pass Incomplete,2nd & 7 at DEN 38,06:09 3rd Shotgun,— J.Strand pass incomplete short middle to V.Anthony (J.Skinner).
2026,PRESEASON WEEK 1,Friday,August 14th,DEN,ATL,3rd Quarter,3,Atlanta Falcons,0,4,0,Pass Incomplete,3rd & 7 at DEN 38,06:04 3rd Shotgun,— J.Strand pass incomplete deep left to V.Anthony.
2026,PRESEASON WEEK 1,Friday,August 14th,DEN,ATL,3rd Quarter,3,Atlanta Falcons,0,5,0,Punt,4th & 7 at DEN 38,05:58 3rd,"— M.Hayball punts 33 yards to DEN 5, Center-L.McCullough, fair catch by C.Ross."
2026,PRESEASON WEEK 1,Friday,August 14th,DEN,ATL,3rd Quarter,4,Denver Broncos,0,1,0,6 Yard Run,1st & 10 at DEN 5,05:52 3rd,— J.McLaughlin up the middle to DEN 11 for 6 yards (J.Robinson). ** Injury Update: DEN-J.McLaughlin has returned to the game.
2026,PRESEASON WEEK 1,Friday,August 14th,DEN,ATL,3rd Quarter,4,Denver Broncos,0,2,0,3 Yard Run,2nd & 4 at DEN 11,05:14 3rd Shotgun,— J.McLaughlin left tackle to DEN 14 for 3 yards (C.Bryant).
2026,PRESEASON WEEK 1,Friday,August 14th,DEN,ATL,3rd Quarter,4,Denver Broncos,0,3,0,Fumble,3rd & 1 at DEN 14,04:37 3rd Shotgun,"— J.McLaughlin up the middle to DEN 17 for 3 yards (J.Woods, J.Bertrand). FUMBLES (J.Bertrand), RECOVERED by ATL-J.Robinson at DEN 17."
2026,PRESEASON WEEK 1,Friday,August 14th,DEN,ATL,3rd Quarter,5,Atlanta Falcons,1,1,0,1 Yard Run,1st & 10 at DEN 17,04:28 3rd,— N.Carter up the middle to DEN 16 for 1 yard (D.Tillman).
2026,PRESEASON WEEK 1,Friday,August 14th,DEN,ATL,3rd Quarter,5,Atlanta Falcons,1,2,0,11 Yard Pass,2nd & 9 at DEN 16,03:55 3rd Shotgun,— J.Strand pass short middle to J.Simon to DEN 5 for 11 yards (R.Murdock; T.Anderson).
2026,PRESEASON WEEK 1,Friday,August 14th,DEN,ATL,3rd Quarter,5,Atlanta Falcons,1,3,0,-1 Yard Run,1st & 5 at DEN 5,03:18 3rd,— N.Carter up the middle to DEN 6 for -1 yards (T.York).
2026,PRESEASON WEEK 1,Friday,August 14th,DEN,ATL,3rd Quarter,5,Atlanta Falcons,1,4,0,Timeout,,02:59 3rd,— Timeout #1 by DEN at 02:59.
2026,PRESEASON WEEK 1,Friday,August 14th,DEN,ATL,3rd Quarter,5,Atlanta Falcons,1,5,0,5 Yard Run,2nd & 6 at DEN 6,02:59 3rd,— T.Goodson left tackle to DEN 1 for 5 yards (Q.Robinson; J.Miller).
2026,PRESEASON WEEK 1,Friday,August 14th,DEN,ATL,3rd Quarter,5,Atlanta Falcons,1,6,1,Touchdown,3rd & 1 at DEN 1,02:16 3rd,"— J.Strand up the middle for 1 yard, TOUCHDOWN."
2026,PRESEASON WEEK 1,Friday,August 14th,DEN,ATL,3rd Quarter,5,Atlanta Falcons,1,7,1,Extra Point,,02:05 3rd,"— N.Folk extra point is GOOD, Center-L.McCullough, Holder-J.Bailey."
2026,PRESEASON WEEK 1,Friday,August 14th,DEN,ATL,4th Quarter,1,Denver Broncos,0,1,0,Kickoff from ATL 35,,Kickoff,"— N.Folk kicks 62 yards from ATL 35 to DEN 3. K.Katsis pushed ob at DEN 38 for 35 yards (K.Smith). PENALTY on DEN-J.Joly, Offensive Holding, 10 yards, enforced at DEN 25."
2026,PRESEASON WEEK 1,Friday,August 14th,DEN,ATL,4th Quarter,1,Denver Broncos,0,2,0,Pass Incomplete,1st & 10 at DEN 15,01:58 3rd Shotgun,— S.Ehlinger pass incomplete deep right to K.Rowan (C.Bryant).
2026,PRESEASON WEEK 1,Friday,August 14th,DEN,ATL,4th Quarter,1,Denver Broncos,0,3,0,-5 Yard Run,2nd & 10 at DEN 15,01:50 3rd Shotgun,"— S.Ehlinger left end ran ob at DEN 33 for 18 yards (J.Robinson). PENALTY on DEN-K.Rowan, Offensive Holding, 10 yards, enforced at DEN 20."
2026,PRESEASON WEEK 1,Friday,August 14th,DEN,ATL,4th Quarter,1,Denver Broncos,0,4,0,14 Yard Run,2nd & 15 at DEN 10,01:44 3rd,— C.Schrader left guard to DEN 24 for 14 yards (J.Woods).
2026,PRESEASON WEEK 1,Friday,August 14th,DEN,ATL,4th Quarter,1,Denver Broncos,0,5,0,2 Yard Pass,3rd & 1 at DEN 24,01:15 3rd,— S.Ehlinger pass short right to C.Schrader to DEN 26 for 2 yards (A.Woods).
2026,PRESEASON WEEK 1,Friday,August 14th,DEN,ATL,4th Quarter,1,Denver Broncos,0,6,0,0 Yard Pass,1st & 10 at DEN 26,"00:47 3rd No Huddle, Shotgun",— S.Ehlinger pass short right to J.Joly to DEN 26 for no gain (D.Hall).
2026,PRESEASON WEEK 1,Friday,August 14th,DEN,ATL,4th Quarter,1,Denver Broncos,0,7,0,-2 Yard Run,2nd & 10 at DEN 26,00:09 3rd Shotgun,— C.Schrader left end pushed ob at DEN 24 for -2 yards (J.Woods).
2026,PRESEASON WEEK 1,Friday,August 14th,DEN,ATL,4th Quarter,1,Denver Broncos,0,8,0,15 Yard Pass,3rd & 12 at DEN 24,15:00 4th Shotgun,— S.Ehlinger pass short right to K.Katsis to DEN 39 for 15 yards (M.DeWalt).
2026,PRESEASON WEEK 1,Friday,August 14th,DEN,ATL,4th Quarter,1,Denver Broncos,0,9,0,13 Yard Pass,1st & 10 at DEN 39,"14:33 4th No Huddle, Shotgun",— S.Ehlinger pass short right to J.Manjack to ATL 48 for 13 yards (C.Bryant) [D.Maxwell].
2026,PRESEASON WEEK 1,Friday,August 14th,DEN,ATL,4th Quarter,1,Denver Broncos,0,10,0,5 Yard Run,1st & 10 at ATL 48,13:47 4th,— C.Schrader up the middle to ATL 43 for 5 yards (M.Tuipulotu).
2026,PRESEASON WEEK 1,Friday,August 14th,DEN,ATL,4th Quarter,1,Denver Broncos,0,11,0,Pass Incomplete,2nd & 5 at ATL 43,13:09 4th Shotgun,"— S.Ehlinger pass deep right intended for Da.Key INTERCEPTED by M.DeWalt at ATL 2. M.DeWalt to ATL 2 for no gain (Da.Key). The Replay Official reviewed the interception ruling, and the play was REVERSED. (Shotgun) S.Ehlinger pass incomplete deep right to Da.Key (M.DeWalt)."
2026,PRESEASON WEEK 1,Friday,August 14th,DEN,ATL,4th Quarter,1,Denver Broncos,0,12,0,5 Yard Penalty,3rd & 5 at ATL 43,13:01 4th Shotgun,"— S.Ehlinger pass incomplete short left to H.Butler. PENALTY on ATL-C.Bryant, Defensive Holding, 5 yards, enforced at ATL 43 - No Play."
2026,PRESEASON WEEK 1,Friday,August 14th,DEN,ATL,4th Quarter,1,Denver Broncos,0,13,0,-4 Yard Run,1st & 10 at ATL 38,12:58 4th,— C.Schrader right end to ATL 42 for -4 yards (A.Woods).
2026,PRESEASON WEEK 1,Friday,August 14th,DEN,ATL,4th Quarter,1,Denver Broncos,0,14,0,4 Yard Pass,2nd & 14 at ATL 42,12:21 4th Shotgun,— S.Ehlinger pass short middle to C.Schrader to ATL 38 for 4 yards (J.Woods).
2026,PRESEASON WEEK 1,Friday,August 14th,DEN,ATL,4th Quarter,1,Denver Broncos,0,15,0,Pass Incomplete,3rd & 10 at ATL 38,11:37 4th Shotgun,— S.Ehlinger pass incomplete short left to K.Katsis.
2026,PRESEASON WEEK 1,Friday,August 14th,DEN,ATL,4th Quarter,1,Denver Broncos,0,16,0,Field Goal No Good,4th & 10 at ATL 38,11:33 4th,"— W.Lutz 55 yard field goal is No Good, Wide Left, Center-L.Basso, Holder-J.Crawshaw."
2026,PRESEASON WEEK 1,Friday,August 14th,DEN,ATL,4th Quarter,2,Atlanta Falcons,0,1,0,2 Yard Run,1st & 10 at ATL 46,11:30 4th,— C.Jones up the middle to ATL 48 for 2 yards (K.Williams; S.Fresch).
2026,PRESEASON WEEK 1,Friday,August 14th,DEN,ATL,4th Quarter,2,Atlanta Falcons,0,2,0,3 Yard Pass,2nd & 8 at ATL 48,10:55 4th Shotgun,— J.Strand pass short right to N.Muse to DEN 49 for 3 yards (M.Scott).
2026,PRESEASON WEEK 1,Friday,August 14th,DEN,ATL,4th Quarter,2,Atlanta Falcons,0,3,0,-1 Yard Sack,3rd & 5 at DEN 49,10:14 4th Shotgun,— J.Strand sacked at 50 for -1 yards (D.Sanders).
2026,PRESEASON WEEK 1,Friday,August 14th,DEN,ATL,4th Quarter,2,Atlanta Falcons,0,4,0,Punt,4th & 6 at 50,09:29 4th,"— M.Hayball punts 42 yards to DEN 8, Center-L.McCullough. C.Ross to DEN 10 for 2 yards (M.DeWalt)."
2026,PRESEASON WEEK 1,Friday,August 14th,DEN,ATL,4th Quarter,3,Denver Broncos,1,1,0,1 Yard Run,1st & 10 at DEN 10,09:20 4th,— C.Schrader right guard to DEN 11 for 1 yard (M.Tuipulotu; D.Maxwell).
2026,PRESEASON WEEK 1,Friday,August 14th,DEN,ATL,4th Quarter,3,Denver Broncos,1,2,0,8 Yard Run,2nd & 9 at DEN 11,08:42 4th Shotgun,— S.Ehlinger right end pushed ob at DEN 19 for 8 yards (K.Smith).
2026,PRESEASON WEEK 1,Friday,August 14th,DEN,ATL,4th Quarter,3,Denver Broncos,1,3,0,2 Yard Run,3rd & 1 at DEN 19,08:07 4th,— C.Schrader up the middle to DEN 21 for 2 yards (D.Rayner).
2026,PRESEASON WEEK 1,Friday,August 14th,DEN,ATL,4th Quarter,3,Denver Broncos,1,4,0,3 Yard Run,1st & 10 at DEN 21,07:29 4th,— A.Prentice up the middle to DEN 24 for 3 yards (C.Allen).
2026,PRESEASON WEEK 1,Friday,August 14th,DEN,ATL,4th Quarter,3,Denver Broncos,1,5,0,33 Yard Penalty,2nd & 7 at DEN 24,06:48 4th Shotgun,"— S.Ehlinger pass incomplete deep left to K.Katsis. PENALTY on ATL-C.Bryant, Defensive Pass Interference, 33 yards, enforced at DEN 24 - No Play."
2026,PRESEASON WEEK 1,Friday,August 14th,DEN,ATL,4th Quarter,3,Denver Broncos,1,6,0,14 Yard Run,1st & 10 at ATL 43,06:41 4th Shotgun,"— S.Ehlinger scrambles left end pushed ob at ATL 34 for 9 yards (D.Rayner). PENALTY on ATL-C.Bryant, Defensive Holding, 5 yards, enforced at ATL 34."
2026,PRESEASON WEEK 1,Friday,August 14th,DEN,ATL,4th Quarter,3,Denver Broncos,1,7,0,1 Yard Run,1st & 10 at ATL 29,06:28 4th Shotgun,— C.Schrader right guard to ATL 28 for 1 yard (M.DeWalt).
2026,PRESEASON WEEK 1,Friday,August 14th,DEN,ATL,4th Quarter,3,Denver Broncos,1,8,0,0 Yard Pass,2nd & 9 at ATL 28,05:47 4th Shotgun,— S.Ehlinger pass short left to C.Ross to ATL 28 for no gain (M.Ford).
2026,PRESEASON WEEK 1,Friday,August 14th,DEN,ATL,4th Quarter,3,Denver Broncos,1,9,0,Pass Incomplete,3rd & 9 at ATL 28,05:03 4th Shotgun,— S.Ehlinger pass incomplete short middle to H.Butler [K.Banks].
2026,PRESEASON WEEK 1,Friday,August 14th,DEN,ATL,4th Quarter,3,Denver Broncos,1,10,1,Field Goal,4th & 9 at ATL 28,04:54 4th,"— W.Lutz 46 yard field goal is GOOD, Center-L.Basso, Holder-J.Crawshaw."
2026,PRESEASON WEEK 1,Friday,August 14th,DEN,ATL,4th Quarter,4,Atlanta Falcons,0,1,0,Kickoff from DEN 35,,Kickoff,"— W.Lutz kicks 65 yards from DEN 35 to end zone, Touchback to the ATL 35."
2026,PRESEASON WEEK 1,Friday,August 14th,DEN,ATL,4th Quarter,4,Atlanta Falcons,0,2,0,Pass Incomplete,1st & 10 at ATL 35,04:53 4th Shotgun,— J.Strand pass incomplete short left to T.Sermon.
2026,PRESEASON WEEK 1,Friday,August 14th,DEN,ATL,4th Quarter,4,Atlanta Falcons,0,3,0,10 Yard Pass,2nd & 10 at ATL 35,04:50 4th Shotgun,— J.Strand pass short middle to N.Muse to ATL 45 for 10 yards (T.Anderson; R.Murdock).
2026,PRESEASON WEEK 1,Friday,August 14th,DEN,ATL,4th Quarter,4,Atlanta Falcons,0,4,0,3 Yard Run,1st & 10 at ATL 45,04:08 4th,— T.Sermon right guard to ATL 48 for 3 yards (S.Jones; R.Murdock).
2026,PRESEASON WEEK 1,Friday,August 14th,DEN,ATL,4th Quarter,4,Atlanta Falcons,0,5,0,4 Yard Run,2nd & 7 at ATL 48,03:30 4th,— C.Jones left end pushed ob at DEN 48 for 4 yards (B.Austin).
2026,PRESEASON WEEK 1,Friday,August 14th,DEN,ATL,4th Quarter,4,Atlanta Falcons,0,6,0,2 Yard Run,3rd & 3 at DEN 48,03:23 4th Shotgun,— C.Jones up the middle to DEN 46 for 2 yards (R.Murdock; K.Williams).
2026,PRESEASON WEEK 1,Friday,August 14th,DEN,ATL,4th Quarter,4,Atlanta Falcons,0,7,0,2 Yard Run,4th & 1 at DEN 46,02:48 4th,— J.Strand up the middle to DEN 44 for 2 yards (R.Murdock).
2026,PRESEASON WEEK 1,Friday,August 14th,DEN,ATL,4th Quarter,4,Atlanta Falcons,0,8,0,5 Yard Pass,1st & 10 at DEN 44,02:16 4th Shotgun,— J.Strand pass short right to K.Wilkerson to DEN 39 for 5 yards (R.Hallman).
2026,PRESEASON WEEK 1,Friday,August 14th,DEN,ATL,4th Quarter,4,Atlanta Falcons,0,9,0,-5 Yard Penalty,2nd & 5 at DEN 39,02:00 4th Shotgun,"— PENALTY on ATL-J.Brockermeyer, False Start, 5 yards, enforced at DEN 39 - No Play."
2026,PRESEASON WEEK 1,Friday,August 14th,DEN,ATL,4th Quarter,4,Atlanta Falcons,0,10,0,Pass Incomplete,2nd & 10 at DEN 44,02:00 4th Shotgun,— J.Strand pass incomplete short right to C.Jones.
2026,PRESEASON WEEK 1,Friday,August 14th,DEN,ATL,4th Quarter,4,Atlanta Falcons,0,11,0,Pass Incomplete,3rd & 10 at DEN 44,01:58 4th Shotgun,— J.Strand pass incomplete deep left to K.Wilkerson (S.Fresch).
2026,PRESEASON WEEK 1,Friday,August 14th,DEN,ATL,4th Quarter,4,Atlanta Falcons,0,12,0,Pass Incomplete,4th & 10 at DEN 44,01:54 4th Shotgun,— J.Strand pass incomplete deep left to K.Wilkerson.
2026,PRESEASON WEEK 1,Friday,August 14th,DEN,ATL,4th Quarter,5,Denver Broncos,0,1,0,0 Yard Run,1st & 10 at DEN 44,01:48 4th,— S.Ehlinger kneels to DEN 44 for no gain.
2026,PRESEASON WEEK 1,Friday,August 14th,DEN,ATL,4th Quarter,5,Denver Broncos,0,2,0,0 Yard Run,2nd & 10 at DEN 44,01:06 4th,— S.Ehlinger kneels to DEN 44 for no gain.
2026,PRESEASON WEEK 1,Friday,August 14th,DEN,ATL,4th Quarter,5,Denver Broncos,0,3,0,-1 Yard Run,3rd & 10 at DEN 44,00:38 4th,— S.Ehlinger kneels to DEN 43 for -1 yards.
2026,PRESEASON WEEK 1,Friday,August 14th,TB,NYJ,1st Quarter,1,Tampa Bay Buccaneers,0,1,0,Kickoff from NYJ 35,,Kickoff,— J.Sanders kicks 56 yards from NYJ 35 to TB 9. K.Calloway to TB 38 for 29 yards (M.Walker; D.Belton).
2026,PRESEASON WEEK 1,Friday,August 14th,TB,NYJ,1st Quarter,1,Tampa Bay Buccaneers,0,2,0,Pass Incomplete,1st & 10 at TB 38,14:52 1st,— C.Bazelak pass incomplete deep right to T.Hurst (A.Thomas).
2026,PRESEASON WEEK 1,Friday,August 14th,TB,NYJ,1st Quarter,1,Tampa Bay Buccaneers,0,3,0,4 Yard Run,2nd & 10 at TB 38,14:47 1st Shotgun,— S.Tucker up the middle to TB 42 for 4 yards (H.Phillips; D.Bailey).
2026,PRESEASON WEEK 1,Friday,August 14th,TB,NYJ,1st Quarter,1,Tampa Bay Buccaneers,0,4,0,-7 Yard Sack,3rd & 6 at TB 42,14:02 1st Shotgun,— C.Bazelak sacked at TB 35 for -7 yards (W.McDonald).
2026,PRESEASON WEEK 1,Friday,August 14th,TB,NYJ,1st Quarter,1,Tampa Bay Buccaneers,0,5,0,Punt,4th & 13 at TB 35,13:26 1st,"— R.Dixon punts 53 yards to NYJ 12, Center-E.Deckers. J.Pritchett to NYJ 26 for 14 yards (D.Walker)."
2026,PRESEASON WEEK 1,Friday,August 14th,TB,NYJ,1st Quarter,2,New York Jets,1,1,0,12 Yard Pass,1st & 10 at NYJ 26,13:13 1st Shotgun,— C.Klubnik pass short left to M.Taylor pushed ob at NYJ 38 for 12 yards (N.Jackson).
2026,PRESEASON WEEK 1,Friday,August 14th,TB,NYJ,1st Quarter,2,New York Jets,1,2,0,-5 Yard Run,1st & 10 at NYJ 38,12:38 1st Shotgun,— B.Hall left end to NYJ 33 for -5 yards (A.Garnes).
2026,PRESEASON WEEK 1,Friday,August 14th,TB,NYJ,1st Quarter,2,New York Jets,1,3,0,7 Yard Pass,2nd & 15 at NYJ 33,12:03 1st Shotgun,— C.Klubnik pass short middle to M.Taylor to NYJ 40 for 7 yards (K.Scott).
2026,PRESEASON WEEK 1,Friday,August 14th,TB,NYJ,1st Quarter,2,New York Jets,1,4,0,21 Yard Pass,3rd & 8 at NYJ 40,11:25 1st Shotgun,— C.Klubnik pass deep middle to G.Wilson to TB 39 for 21 yards (D.Williams).
2026,PRESEASON WEEK 1,Friday,August 14th,TB,NYJ,1st Quarter,2,New York Jets,1,5,0,Pass Incomplete,1st & 10 at TB 39,10:41 1st,— C.Klubnik pass incomplete short left.
2026,PRESEASON WEEK 1,Friday,August 14th,TB,NYJ,1st Quarter,2,New York Jets,1,6,0,5 Yard Run,2nd & 10 at TB 39,10:32 1st Shotgun,— B.Hall up the middle to TB 34 for 5 yards (R.Wisdom; J.Trotter).
2026,PRESEASON WEEK 1,Friday,August 14th,TB,NYJ,1st Quarter,2,New York Jets,1,7,0,11 Yard Pass,3rd & 5 at TB 34,09:47 1st Shotgun,— C.Klubnik pass short right to G.Wilson pushed ob at TB 23 for 11 yards (R.Wisdom).
2026,PRESEASON WEEK 1,Friday,August 14th,TB,NYJ,1st Quarter,2,New York Jets,1,8,0,14 Yard Run,1st & 10 at TB 23,09:17 1st,— B.Hall left end ran ob at TB 9 for 14 yards (A.Garnes).
2026,PRESEASON WEEK 1,Friday,August 14th,TB,NYJ,1st Quarter,2,New York Jets,1,9,0,2 Yard Run,1st & 9 at TB 9,08:37 1st,— B.Hall left tackle to TB 7 for 2 yards (J.Jones; R.Wisdom).
2026,PRESEASON WEEK 1,Friday,August 14th,TB,NYJ,1st Quarter,2,New York Jets,1,10,0,-2 Yard Sack,2nd & 7 at TB 7,07:55 1st Shotgun,— C.Klubnik sacked ob at TB 9 for -2 yards (D.Williams).
2026,PRESEASON WEEK 1,Friday,August 14th,TB,NYJ,1st Quarter,2,New York Jets,1,11,0,Pass Incomplete,3rd & 9 at TB 9,07:19 1st Shotgun,— C.Klubnik pass incomplete short right to G.Wilson.
2026,PRESEASON WEEK 1,Friday,August 14th,TB,NYJ,1st Quarter,2,New York Jets,1,12,1,Field Goal,4th & 9 at TB 9,07:12 1st,"— C.York 27 yard field goal is GOOD, Center-T.Hennessy, Holder-A.McNamara."
2026,PRESEASON WEEK 1,Friday,August 14th,TB,NYJ,1st Quarter,3,Tampa Bay Buccaneers,0,1,0,Kickoff from NYJ 35,,Kickoff,"— C.York kicks 66 yards from NYJ 35 to TB -1. K.Calloway MUFFS catch, and recovers at TB 1. K.Calloway to TB 11 for 10 yards (D.Belton; D.Clark)."
2026,PRESEASON WEEK 1,Friday,August 14th,TB,NYJ,1st Quarter,3,Tampa Bay Buccaneers,0,2,0,4 Yard Run,1st & 10 at TB 11,07:02 1st,— S.Tucker left tackle to TB 15 for 4 yards (H.Phillips).
2026,PRESEASON WEEK 1,Friday,August 14th,TB,NYJ,1st Quarter,3,Tampa Bay Buccaneers,0,3,0,7 Yard Pass,2nd & 6 at TB 15,06:19 1st Shotgun,— C.Bazelak pass short left to T.Hurst to TB 22 for 7 yards (M.Fitzpatrick).
2026,PRESEASON WEEK 1,Friday,August 14th,TB,NYJ,1st Quarter,3,Tampa Bay Buccaneers,0,4,0,Pass Incomplete,1st & 10 at TB 22,05:32 1st,"— C.Bazelak pass incomplete deep right to T.Hurst. Tampa Bay challenged the incomplete pass ruling, and the play was Upheld. The ruling on the field stands. (Timeout #1.)"
2026,PRESEASON WEEK 1,Friday,August 14th,TB,NYJ,1st Quarter,3,Tampa Bay Buccaneers,0,5,0,Pass Incomplete,2nd & 10 at TB 22,05:26 1st Shotgun,— C.Bazelak pass incomplete short right to D.Patterson.
2026,PRESEASON WEEK 1,Friday,August 14th,TB,NYJ,1st Quarter,3,Tampa Bay Buccaneers,0,6,0,6 Yard Pass,3rd & 10 at TB 22,05:17 1st Shotgun,— C.Bazelak pass short right to D.Patterson to TB 28 for 6 yards (J.Brownlee; A.Thomas).
2026,PRESEASON WEEK 1,Friday,August 14th,TB,NYJ,1st Quarter,3,Tampa Bay Buccaneers,0,7,0,Punt,4th & 9 at TB 23,04:25 1st,"— R.Dixon punts 44 yards to NYJ 33, Center-E.Deckers. J.Pritchett to TB 48 for 19 yards (D.Culp)."
2026,PRESEASON WEEK 1,Friday,August 14th,TB,NYJ,1st Quarter,4,New York Jets,1,1,0,5 Yard Pass,1st & 10 at TB 48,04:13 1st,— C.Klubnik pass short right to O.Cooper to TB 43 for 5 yards (K.Scott).
2026,PRESEASON WEEK 1,Friday,August 14th,TB,NYJ,1st Quarter,4,New York Jets,1,2,0,8 Yard Run,2nd & 5 at TB 43,03:34 1st,— B.Allen right guard to TB 35 for 8 yards (I.Melifonwu).
2026,PRESEASON WEEK 1,Friday,August 14th,TB,NYJ,1st Quarter,4,New York Jets,1,3,0,4 Yard Run,1st & 10 at TB 35,02:53 1st,— B.Allen right tackle to TB 31 for 4 yards (J.Trotter).
2026,PRESEASON WEEK 1,Friday,August 14th,TB,NYJ,1st Quarter,4,New York Jets,1,4,1,Touchdown,2nd & 6 at TB 31,02:15 1st Shotgun,"— B.Allen right guard for 31 yards, TOUCHDOWN."
2026,PRESEASON WEEK 1,Friday,August 14th,TB,NYJ,1st Quarter,4,New York Jets,1,5,1,Extra Point,,02:07 1st,"— J.Sanders extra point is GOOD, Center-T.Hennessy, Holder-A.McNamara."
2026,PRESEASON WEEK 1,Friday,August 14th,TB,NYJ,2nd Quarter,1,Tampa Bay Buccaneers,1,1,0,Kickoff from NYJ 35,,Kickoff,— J.Sanders kicks 61 yards from NYJ 35 to TB 4. G.Greene to TB 32 for 28 yards (A.Beck).
2026,PRESEASON WEEK 1,Friday,August 14th,TB,NYJ,2nd Quarter,1,Tampa Bay Buccaneers,1,2,0,4 Yard Pass,1st & 10 at TB 32,01:59 1st,— C.Bazelak pass short right to D.Houston to TB 36 for 4 yards (J.Clark; M.Bamba).
2026,PRESEASON WEEK 1,Friday,August 14th,TB,NYJ,2nd Quarter,1,Tampa Bay Buccaneers,1,3,0,8 Yard Pass,2nd & 6 at TB 36,"01:29 1st No Huddle, Shotgun",— C.Bazelak pass short middle to S.Tucker to TB 44 for 8 yards (F.Mauigoa).
2026,PRESEASON WEEK 1,Friday,August 14th,TB,NYJ,2nd Quarter,1,Tampa Bay Buccaneers,1,4,0,3 Yard Pass,1st & 10 at TB 44,00:50 1st,— C.Bazelak pass short left to S.Tucker to TB 47 for 3 yards (M.McCrary-Ball).
2026,PRESEASON WEEK 1,Friday,August 14th,TB,NYJ,2nd Quarter,1,Tampa Bay Buccaneers,1,5,0,8 Yard Run,2nd & 7 at TB 47,00:06 1st Shotgun,— C.Bazelak right tackle to NYJ 45 for 8 yards (D.Belton).
2026,PRESEASON WEEK 1,Friday,August 14th,TB,NYJ,2nd Quarter,1,Tampa Bay Buccaneers,1,6,0,5 Yard Pass,1st & 10 at NYJ 45,15:00 2nd Shotgun,— C.Bazelak pass short right to D.Patterson to NYJ 40 for 5 yards (J.Clark).
2026,PRESEASON WEEK 1,Friday,August 14th,TB,NYJ,2nd Quarter,1,Tampa Bay Buccaneers,1,7,0,0 Yard Run,2nd & 5 at NYJ 40,14:20 2nd,— D.Houston right end to NYJ 40 for no gain (N.Voorhis).
2026,PRESEASON WEEK 1,Friday,August 14th,TB,NYJ,2nd Quarter,1,Tampa Bay Buccaneers,1,8,0,12 Yard Pass,3rd & 5 at NYJ 40,13:40 2nd Shotgun,— C.Bazelak pass short right to T.Hurst to NYJ 28 for 12 yards (T.Brown).
2026,PRESEASON WEEK 1,Friday,August 14th,TB,NYJ,2nd Quarter,1,Tampa Bay Buccaneers,1,9,0,Timeout,,12:48 2nd,— Timeout #2 by TB at 12:48.
2026,PRESEASON WEEK 1,Friday,August 14th,TB,NYJ,2nd Quarter,1,Tampa Bay Buccaneers,1,10,0,2 Yard Run,1st & 10 at NYJ 28,12:48 2nd,— S.Tucker left tackle to NYJ 26 for 2 yards (F.Mauigoa; J.Clark).
2026,PRESEASON WEEK 1,Friday,August 14th,TB,NYJ,2nd Quarter,1,Tampa Bay Buccaneers,1,11,0,Pass Incomplete,2nd & 8 at NYJ 26,12:09 2nd Shotgun,— C.Bazelak pass incomplete short middle to T.Hurst (M.Bamba).
2026,PRESEASON WEEK 1,Friday,August 14th,TB,NYJ,2nd Quarter,1,Tampa Bay Buccaneers,1,12,0,19 Yard Pass,3rd & 8 at NYJ 26,12:05 2nd Shotgun,— C.Bazelak pass short middle to D.Houston to NYJ 7 for 19 yards (A.Cisco).
2026,PRESEASON WEEK 1,Friday,August 14th,TB,NYJ,2nd Quarter,1,Tampa Bay Buccaneers,1,13,0,2 Yard Run,1st & 7 at NYJ 7,11:22 2nd Shotgun,— S.Tucker up the middle to NYJ 5 for 2 yards (B.McGregor; J.Briggs).
2026,PRESEASON WEEK 1,Friday,August 14th,TB,NYJ,2nd Quarter,1,Tampa Bay Buccaneers,1,14,0,0 Yard Pass,2nd & 5 at NYJ 5,10:49 2nd,— C.Bazelak pass short left to D.Patterson to NYJ 5 for no gain (J.Clark).
2026,PRESEASON WEEK 1,Friday,August 14th,TB,NYJ,2nd Quarter,1,Tampa Bay Buccaneers,1,15,0,Pass Incomplete,3rd & 5 at NYJ 5,10:04 2nd Shotgun,— C.Bazelak pass incomplete short left to T.Hurst (M.Bamba).
2026,PRESEASON WEEK 1,Friday,August 14th,TB,NYJ,2nd Quarter,1,Tampa Bay Buccaneers,1,16,1,Field Goal,4th & 5 at NYJ 5,09:59 2nd,"— C.McLaughlin 23 yard field goal is GOOD, Center-E.Deckers, Holder-R.Dixon."
2026,PRESEASON WEEK 1,Friday,August 14th,TB,NYJ,2nd Quarter,2,Tampa Bay Buccaneers,1,1,0,Kickoff from TB 35,,Kickoff,"— C.McLaughlin kicks 65 yards from TB 35 to end zone, Touchback to the NYJ 35."
2026,PRESEASON WEEK 1,Friday,August 14th,TB,NYJ,2nd Quarter,2,Tampa Bay Buccaneers,1,2,0,2 Yard Pass,1st & 10 at NYJ 35,09:55 2nd Shotgun,— B.Zappe pass short right to J.Woods to NYJ 37 for 2 yards (X.Williams).
2026,PRESEASON WEEK 1,Friday,August 14th,TB,NYJ,2nd Quarter,2,Tampa Bay Buccaneers,1,3,0,1 Yard Run,2nd & 8 at NYJ 37,09:21 2nd,— B.Allen left guard to NYJ 38 for 1 yard (X.Williams).
2026,PRESEASON WEEK 1,Friday,August 14th,TB,NYJ,2nd Quarter,2,Tampa Bay Buccaneers,1,4,1,Touchdown,3rd & 7 at NYJ 38,08:43 2nd Shotgun,"— B.Zappe pass short left intended for J.Woods INTERCEPTED by A.Garnes at NYJ 47. A.Garnes for 47 yards, TOUCHDOWN."
2026,PRESEASON WEEK 1,Friday,August 14th,TB,NYJ,2nd Quarter,3,New York Jets,0,1,0,Kickoff from TB 35,,Kickoff,"— C.McLaughlin kicks 65 yards from TB 35 to end zone, Touchback to the NYJ 35."
2026,PRESEASON WEEK 1,Friday,August 14th,TB,NYJ,2nd Quarter,3,New York Jets,0,2,0,-9 Yard Sack,1st & 10 at NYJ 35,08:31 2nd,— B.Zappe sacked at NYJ 26 for -9 yards (E.Roberts).
2026,PRESEASON WEEK 1,Friday,August 14th,TB,NYJ,2nd Quarter,3,New York Jets,0,3,0,Interception,2nd & 19 at NYJ 26,07:53 2nd Shotgun,— B.Zappe pass short left intended for A.Smith INTERCEPTED by R.Wisdom at NYJ 40. R.Wisdom ran ob at NYJ 38 for 2 yards (K.Nwangwu).
2026,PRESEASON WEEK 1,Friday,August 14th,TB,NYJ,2nd Quarter,4,Tampa Bay Buccaneers,0,1,0,-10 Yard Penalty,1st & 10 at NYJ 38,07:44 2nd,"— J.Williams right tackle to NYJ 29 for 9 yards (M.Moore; J.Clark). PENALTY on TB-L.Haggard, Offensive Holding, 10 yards, enforced at NYJ 38 - No Play."
2026,PRESEASON WEEK 1,Friday,August 14th,TB,NYJ,2nd Quarter,4,Tampa Bay Buccaneers,0,2,0,7 Yard Pass,1st & 20 at NYJ 48,07:20 2nd Shotgun,— C.Bazelak pass short left to D.Patterson to NYJ 41 for 7 yards (M.McCrary-Ball).
2026,PRESEASON WEEK 1,Friday,August 14th,TB,NYJ,2nd Quarter,4,Tampa Bay Buccaneers,0,3,0,2 Yard Pass,2nd & 13 at NYJ 41,06:37 2nd Shotgun,"— C.Bazelak pass short left to J.Williams to NYJ 39 for 2 yards (M.McCrary-Ball). FUMBLES (M.McCrary-Ball), ball out of bounds at NYJ 37."
2026,PRESEASON WEEK 1,Friday,August 14th,TB,NYJ,2nd Quarter,4,Tampa Bay Buccaneers,0,4,0,Pass Incomplete,3rd & 11 at NYJ 39,05:57 2nd Shotgun,— C.Bazelak pass incomplete short left to G.Greene (M.Bamba).
2026,PRESEASON WEEK 1,Friday,August 14th,TB,NYJ,2nd Quarter,4,Tampa Bay Buccaneers,0,5,0,Punt,4th & 11 at NYJ 39,05:52 2nd,"— R.Dixon punts 39 yards to end zone, Center-E.Deckers, Touchback."
2026,PRESEASON WEEK 1,Friday,August 14th,TB,NYJ,2nd Quarter,5,New York Jets,0,1,0,5 Yard Run,1st & 10 at NYJ 20,05:44 2nd Shotgun,— K.Nwangwu right end pushed ob at NYJ 25 for 5 yards (N.Jackson).
2026,PRESEASON WEEK 1,Friday,August 14th,TB,NYJ,2nd Quarter,5,New York Jets,0,2,0,-4 Yard Run,2nd & 5 at NYJ 25,05:11 2nd,"— K.Nwangwu left guard to NYJ 21 for -4 yards (E.Roberts, D.Williams)."
2026,PRESEASON WEEK 1,Friday,August 14th,TB,NYJ,2nd Quarter,5,New York Jets,0,3,0,Pass Incomplete,3rd & 9 at NYJ 21,04:28 2nd Shotgun,— B.Zappe pass incomplete deep right to M.McClain.
2026,PRESEASON WEEK 1,Friday,August 14th,TB,NYJ,2nd Quarter,5,New York Jets,0,4,0,Punt,4th & 9 at NYJ 21,04:22 2nd,"— A.McNamara punts 48 yards to TB 31, Center-T.Hennessy, fair catch by G.Greene."
2026,PRESEASON WEEK 1,Friday,August 14th,TB,NYJ,2nd Quarter,6,Tampa Bay Buccaneers,0,1,0,Pass Incomplete,1st & 10 at TB 31,04:14 2nd,— C.Bazelak pass incomplete short right to J.Williams.
2026,PRESEASON WEEK 1,Friday,August 14th,TB,NYJ,2nd Quarter,6,Tampa Bay Buccaneers,0,2,0,Pass Incomplete,2nd & 10 at TB 31,04:09 2nd Shotgun,— C.Bazelak pass incomplete short left to G.Greene (M.Bamba).
2026,PRESEASON WEEK 1,Friday,August 14th,TB,NYJ,2nd Quarter,6,Tampa Bay Buccaneers,0,3,0,-1 Yard Pass,3rd & 10 at TB 31,04:04 2nd Shotgun,— C.Bazelak pass short right to B.Sharp to TB 30 for -1 yards (M.McCrary-Ball).
2026,PRESEASON WEEK 1,Friday,August 14th,TB,NYJ,2nd Quarter,6,Tampa Bay Buccaneers,0,4,0,Punt,4th & 11 at TB 30,03:29 2nd,"— R.Dixon punts 57 yards to NYJ 13, Center-E.Deckers. J.Pritchett to NYJ 26 for 13 yards (E.Deckers; A.Nelson)."
2026,PRESEASON WEEK 1,Friday,August 14th,TB,NYJ,2nd Quarter,7,New York Jets,1,1,0,11 Yard Pass,1st & 10 at NYJ 26,03:16 2nd,— B.Zappe pass short right to J.Pritchett ran ob at NYJ 37 for 11 yards (D.Williams).
2026,PRESEASON WEEK 1,Friday,August 14th,TB,NYJ,2nd Quarter,7,New York Jets,1,2,0,4 Yard Run,1st & 10 at NYJ 37,02:39 2nd,— K.Nwangwu right guard to NYJ 41 for 4 yards (N.Jackson; R.Parodie).
2026,PRESEASON WEEK 1,Friday,August 14th,TB,NYJ,2nd Quarter,7,New York Jets,1,3,0,5 Yard Run,2nd & 6 at NYJ 41,02:00 2nd,— K.Nwangwu right guard to NYJ 46 for 5 yards (D.Williams).
2026,PRESEASON WEEK 1,Friday,August 14th,TB,NYJ,2nd Quarter,7,New York Jets,1,4,0,4 Yard Run,3rd & 1 at NYJ 46,01:22 2nd Shotgun,— K.Nwangwu up the middle to 50 for 4 yards (X.Williams).
2026,PRESEASON WEEK 1,Friday,August 14th,TB,NYJ,2nd Quarter,7,New York Jets,1,5,0,4 Yard Pass,1st & 10 at 50,00:53 2nd Shotgun,— B.Zappe pass short left to K.Nwangwu to TB 46 for 4 yards (R.Parodie).
2026,PRESEASON WEEK 1,Friday,August 14th,TB,NYJ,2nd Quarter,7,New York Jets,1,6,0,26 Yard Pass,2nd & 6 at TB 46,"00:33 2nd No Huddle, Shotgun",— B.Zappe pass deep right to O.Cooper to TB 20 for 26 yards (A.Garnes).
2026,PRESEASON WEEK 1,Friday,August 14th,TB,NYJ,2nd Quarter,7,New York Jets,1,7,0,Timeout,,00:24 2nd,— Timeout #1 by NYJ at 00:24.
2026,PRESEASON WEEK 1,Friday,August 14th,TB,NYJ,2nd Quarter,7,New York Jets,1,8,0,Pass Incomplete,1st & 10 at TB 20,00:24 2nd Shotgun,"— B.Zappe pass incomplete deep right to O.Cooper (J.Jones, D.Williams)."
2026,PRESEASON WEEK 1,Friday,August 14th,TB,NYJ,2nd Quarter,7,New York Jets,1,9,0,-8 Yard Run,2nd & 10 at TB 20,00:18 2nd Shotgun,— K.Nwangwu left end to TB 28 for -8 yards (M.Kamara).
2026,PRESEASON WEEK 1,Friday,August 14th,TB,NYJ,2nd Quarter,7,New York Jets,1,10,0,Timeout,,00:09 2nd,— Timeout #2 by NYJ at 00:09.
2026,PRESEASON WEEK 1,Friday,August 14th,TB,NYJ,2nd Quarter,7,New York Jets,1,11,0,Timeout,,00:09 2nd,— Timeout #3 by TB at 00:09.
2026,PRESEASON WEEK 1,Friday,August 14th,TB,NYJ,2nd Quarter,7,New York Jets,1,12,0,8 Yard Pass,3rd & 18 at TB 28,00:09 2nd Shotgun,— B.Zappe pass short left to M.McClain to TB 20 for 8 yards (J.Bullock).
2026,PRESEASON WEEK 1,Friday,August 14th,TB,NYJ,2nd Quarter,7,New York Jets,1,13,0,Timeout,,00:05 2nd,— Timeout #3 by NYJ at 00:05.
2026,PRESEASON WEEK 1,Friday,August 14th,TB,NYJ,2nd Quarter,7,New York Jets,1,14,1,Field Goal,4th & 10 at TB 20,00:05 2nd,"— C.York 38 yard field goal is GOOD, Center-T.Hennessy, Holder-A.McNamara."
2026,PRESEASON WEEK 1,Friday,August 14th,TB,NYJ,3rd Quarter,1,New York Jets,0,1,0,Kickoff from TB 35,,Kickoff,— B.Potter kicks 65 yards from TB 35 to NYJ 0. J.Pritchett to NYJ 32 for 32 yards (B.Sharp).
2026,PRESEASON WEEK 1,Friday,August 14th,TB,NYJ,3rd Quarter,1,New York Jets,0,2,0,3 Yard Run,1st & 10 at NYJ 32,14:54 3rd Shotgun,— C.Trayanum right tackle to NYJ 35 for 3 yards (D.Williams; J.Jones).
2026,PRESEASON WEEK 1,Friday,August 14th,TB,NYJ,3rd Quarter,1,New York Jets,0,3,0,4 Yard Pass,2nd & 7 at NYJ 35,14:17 3rd Shotgun,— B.Zappe pass short right to C.Trayanum to NYJ 39 for 4 yards (C.Fordham).
2026,PRESEASON WEEK 1,Friday,August 14th,TB,NYJ,3rd Quarter,1,New York Jets,0,4,0,-7 Yard Sack,3rd & 3 at NYJ 39,13:45 3rd Shotgun,— B.Zappe sacked at NYJ 32 for -7 yards (J.Pyburn).
2026,PRESEASON WEEK 1,Friday,August 14th,TB,NYJ,3rd Quarter,1,New York Jets,0,5,0,Punt,4th & 10 at NYJ 32,13:09 3rd,"— A.McNamara punts 48 yards to TB 20, Center-T.Hennessy. G.Greene to TB 20 for no gain (M.Bamba)."
2026,PRESEASON WEEK 1,Friday,August 14th,TB,NYJ,3rd Quarter,2,Tampa Bay Buccaneers,1,1,0,1 Yard Run,1st & 10 at TB 20,12:58 3rd,— J.Williams left guard to TB 21 for 1 yard (N.Voorhis).
2026,PRESEASON WEEK 1,Friday,August 14th,TB,NYJ,3rd Quarter,2,Tampa Bay Buccaneers,1,2,0,5 Yard Pass,2nd & 9 at TB 21,12:18 3rd Shotgun,"— J.Daniels pass short right to B.Sharp to TB 26 for 5 yards (M.Walker). FUMBLES (M.Walker), ball out of bounds at TB 30."
2026,PRESEASON WEEK 1,Friday,August 14th,TB,NYJ,3rd Quarter,2,Tampa Bay Buccaneers,1,3,0,5 Yard Run,3rd & 4 at TB 26,11:40 3rd Shotgun,— J.Daniels scrambles left tackle to TB 31 for 5 yards (F.Mauigoa).
2026,PRESEASON WEEK 1,Friday,August 14th,TB,NYJ,3rd Quarter,2,Tampa Bay Buccaneers,1,4,0,-10 Yard Penalty,1st & 10 at TB 31,10:58 3rd,"— J.Daniels scrambles right end ran ob at TB 35 for 4 yards (T.Brown). PENALTY on TB-P.Rubelt, Offensive Holding, 10 yards, enforced at TB 31 - No Play."
2026,PRESEASON WEEK 1,Friday,August 14th,TB,NYJ,3rd Quarter,2,Tampa Bay Buccaneers,1,5,0,3 Yard Run,1st & 20 at TB 21,10:31 3rd Shotgun,— J.Daniels scrambles left end ran ob at TB 24 for 3 yards (J.Heflin).
2026,PRESEASON WEEK 1,Friday,August 14th,TB,NYJ,3rd Quarter,2,Tampa Bay Buccaneers,1,6,0,4 Yard Pass,2nd & 17 at TB 24,09:51 3rd Shotgun,— J.Daniels pass short left to G.Greene to TB 28 for 4 yards (M.Bamba).
2026,PRESEASON WEEK 1,Friday,August 14th,TB,NYJ,3rd Quarter,2,Tampa Bay Buccaneers,1,7,0,35 Yard Pass,3rd & 13 at TB 28,09:09 3rd Shotgun,— J.Daniels pass deep left to G.Greene to NYJ 37 for 35 yards (J.Monroe).
2026,PRESEASON WEEK 1,Friday,August 14th,TB,NYJ,3rd Quarter,2,Tampa Bay Buccaneers,1,8,0,7 Yard Run,1st & 10 at NYJ 37,08:18 3rd,— J.Williams left guard to NYJ 30 for 7 yards (F.Mauigoa; P.Ekeji).
2026,PRESEASON WEEK 1,Friday,August 14th,TB,NYJ,3rd Quarter,2,Tampa Bay Buccaneers,1,9,0,2 Yard Run,2nd & 3 at NYJ 30,07:39 3rd,— J.Williams right end to NYJ 28 for 2 yards (M.Walker).
2026,PRESEASON WEEK 1,Friday,August 14th,TB,NYJ,3rd Quarter,2,Tampa Bay Buccaneers,1,10,0,3 Yard Run,3rd & 1 at NYJ 28,06:58 3rd,— J.Williams up the middle to NYJ 25 for 3 yards (F.Mauigoa).
2026,PRESEASON WEEK 1,Friday,August 14th,TB,NYJ,3rd Quarter,2,Tampa Bay Buccaneers,1,11,0,Pass Incomplete,1st & 10 at NYJ 25,06:19 3rd,— J.Daniels pass incomplete short left to B.Sharp.
2026,PRESEASON WEEK 1,Friday,August 14th,TB,NYJ,3rd Quarter,2,Tampa Bay Buccaneers,1,12,0,13 Yard Pass,2nd & 10 at NYJ 25,06:14 3rd Shotgun,— J.Daniels pass short right to B.Sharp to NYJ 12 for 13 yards (J.Clark; J.Monroe).
2026,PRESEASON WEEK 1,Friday,August 14th,TB,NYJ,3rd Quarter,2,Tampa Bay Buccaneers,1,13,1,Touchdown,1st & 10 at NYJ 12,05:30 3rd,"— J.Williams right guard for 12 yards, TOUCHDOWN."
2026,PRESEASON WEEK 1,Friday,August 14th,TB,NYJ,3rd Quarter,2,Tampa Bay Buccaneers,1,14,1,Extra Point,,05:24 3rd,"— B.Potter extra point is GOOD, Center-S.Daly, Holder-R.Dixon."
2026,PRESEASON WEEK 1,Friday,August 14th,TB,NYJ,3rd Quarter,3,New York Jets,0,1,0,Kickoff from TB 35,,Kickoff,"— B.Potter kicks 62 yards from TB 35 to NYJ 3. D.Sheffield to NYJ 35 for 32 yards (B.Sharp). PENALTY on NYJ-C.Trayanum, Offensive Holding, 10 yards, enforced at NYJ 30."
2026,PRESEASON WEEK 1,Friday,August 14th,TB,NYJ,3rd Quarter,3,New York Jets,0,2,0,8 Yard Pass,1st & 10 at NYJ 20,05:18 3rd,— B.Cook pass short right to J.Pritchett to NYJ 28 for 8 yards (D.Williams).
2026,PRESEASON WEEK 1,Friday,August 14th,TB,NYJ,3rd Quarter,3,New York Jets,0,3,0,5 Yard Penalty,2nd & 2 at NYJ 28,04:36 3rd,"— C.Trayanum right tackle to NYJ 30 for 2 yards (C.Fordham; Y.Holmes). PENALTY on TB-Y.Holmes, Defensive Offside, 5 yards, enforced at NYJ 28 - No Play."
2026,PRESEASON WEEK 1,Friday,August 14th,TB,NYJ,3rd Quarter,3,New York Jets,0,4,0,Pass Incomplete,1st & 10 at NYJ 33,04:14 3rd,— B.Cook pass incomplete short right to C.Curtis.
2026,PRESEASON WEEK 1,Friday,August 14th,TB,NYJ,3rd Quarter,3,New York Jets,0,5,0,8 Yard Pass,2nd & 10 at NYJ 33,04:07 3rd Shotgun,— B.Cook pass short right to C.Trayanum to NYJ 41 for 8 yards (D.Williams; J.Wright).
2026,PRESEASON WEEK 1,Friday,August 14th,TB,NYJ,3rd Quarter,3,New York Jets,0,6,0,3 Yard Run,3rd & 2 at NYJ 41,03:24 3rd Shotgun,— C.Trayanum left guard to NYJ 44 for 3 yards (X.Williams; D.Capehart).
2026,PRESEASON WEEK 1,Friday,August 14th,TB,NYJ,3rd Quarter,3,New York Jets,0,7,0,Pass Incomplete,1st & 10 at NYJ 44,02:41 3rd Shotgun,— B.Cook pass incomplete short right to C.Curtis (C.Fordham).
2026,PRESEASON WEEK 1,Friday,August 14th,TB,NYJ,3rd Quarter,3,New York Jets,0,8,0,8 Yard Run,2nd & 10 at NYJ 44,02:37 3rd Shotgun,— B.Cook scrambles up the middle to TB 48 for 8 yards (D.Williams).
2026,PRESEASON WEEK 1,Friday,August 14th,TB,NYJ,3rd Quarter,3,New York Jets,0,9,0,-2 Yard Run,3rd & 2 at TB 48,01:53 3rd,"— C.Trayanum right guard to 50 for -2 yards (C.Fordham, J.Green)."
2026,PRESEASON WEEK 1,Friday,August 14th,TB,NYJ,3rd Quarter,3,New York Jets,0,10,0,Punt,4th & 4 at 50,01:10 3rd,"— A.McNamara punts 48 yards to TB 2, impetus ends at TB 1, Center-T.Hennessy, downed by NYJ-D.Clark."
2026,PRESEASON WEEK 1,Friday,August 14th,TB,NYJ,4th Quarter,1,Tampa Bay Buccaneers,0,1,0,1 Yard Run,1st & 10 at TB 2,01:00 3rd,— J.Williams up the middle to TB 3 for 1 yard (J.Monroe; D.Clark).
2026,PRESEASON WEEK 1,Friday,August 14th,TB,NYJ,4th Quarter,1,Tampa Bay Buccaneers,0,2,0,2 Yard Run,2nd & 9 at TB 3,00:19 3rd,— J.Williams left guard to TB 5 for 2 yards (M.Walker; P.Page).
2026,PRESEASON WEEK 1,Friday,August 14th,TB,NYJ,4th Quarter,1,Tampa Bay Buccaneers,0,3,0,-2 Yard Penalty,3rd & 7 at TB 5,15:00 4th Shotgun,"— PENALTY on TB-P.Rubelt, False Start, 2 yards, enforced at TB 5 - No Play."
2026,PRESEASON WEEK 1,Friday,August 14th,TB,NYJ,4th Quarter,1,Tampa Bay Buccaneers,0,4,0,-1 Yard Run,3rd & 9 at TB 3,15:00 4th Shotgun,— J.Williams left tackle to TB 2 for -1 yards (J.Heflin).
2026,PRESEASON WEEK 1,Friday,August 14th,TB,NYJ,4th Quarter,1,Tampa Bay Buccaneers,0,5,0,Punt,4th & 10 at TB 2,14:23 4th,"— R.Dixon punts 43 yards to TB 45, Center-S.Daly. D.Sheffield MUFFS catch, and recovers at TB 45. D.Sheffield to TB 42 for 3 yards (A.Nelson; D.Walker)."
2026,PRESEASON WEEK 1,Friday,August 14th,TB,NYJ,4th Quarter,2,New York Jets,1,1,0,9 Yard Pass,1st & 10 at TB 42,14:11 4th Shotgun,— B.Cook pass short left to S.Scott to TB 33 for 9 yards (M.Kamara).
2026,PRESEASON WEEK 1,Friday,August 14th,TB,NYJ,4th Quarter,2,New York Jets,1,2,0,-10 Yard Penalty,2nd & 1 at TB 33,13:35 4th Shotgun,"— S.Scott right end to TB 23 for 10 yards (I.Melifonwu; X.Williams). PENALTY on NYJ-C.Ford, Offensive Holding, 10 yards, enforced at TB 33 - No Play."
2026,PRESEASON WEEK 1,Friday,August 14th,TB,NYJ,4th Quarter,2,New York Jets,1,3,0,10 Yard Pass,2nd & 11 at TB 43,13:06 4th Shotgun,— B.Cook pass short right to C.Curtis to TB 33 for 10 yards (J.Wright).
2026,PRESEASON WEEK 1,Friday,August 14th,TB,NYJ,4th Quarter,2,New York Jets,1,4,0,3 Yard Run,3rd & 1 at TB 33,12:27 4th Shotgun,— S.Scott right guard to TB 30 for 3 yards (D.Capehart; J.Pyburn).
2026,PRESEASON WEEK 1,Friday,August 14th,TB,NYJ,4th Quarter,2,New York Jets,1,5,0,-10 Yard Penalty,1st & 10 at TB 30,11:48 4th Shotgun,"— B.Cook pass short right to A.Beck to TB 29 for 1 yard (J.Bullock). PENALTY on NYJ-C.Ford, Offensive Holding, 10 yards, enforced at TB 30 - No Play."
2026,PRESEASON WEEK 1,Friday,August 14th,TB,NYJ,4th Quarter,2,New York Jets,1,6,0,5 Yard Pass,1st & 20 at TB 40,11:24 4th Shotgun,— B.Cook pass short left to J.Pritchett to TB 35 for 5 yards (D.Williams).
2026,PRESEASON WEEK 1,Friday,August 14th,TB,NYJ,4th Quarter,2,New York Jets,1,7,0,Pass Incomplete,2nd & 15 at TB 35,10:41 4th Shotgun,— B.Cook pass incomplete short right.
2026,PRESEASON WEEK 1,Friday,August 14th,TB,NYJ,4th Quarter,2,New York Jets,1,8,0,-5 Yard Penalty,3rd & 15 at TB 35,10:34 4th Shotgun,"— PENALTY on NYJ-L.Young, False Start, 5 yards, enforced at TB 35 - No Play."
2026,PRESEASON WEEK 1,Friday,August 14th,TB,NYJ,4th Quarter,2,New York Jets,1,9,0,11 Yard Pass,3rd & 20 at TB 40,10:34 4th Shotgun,— B.Cook pass short left to Q.Skinner to TB 29 for 11 yards (D.Williams; C.Fordham).
2026,PRESEASON WEEK 1,Friday,August 14th,TB,NYJ,4th Quarter,2,New York Jets,1,10,1,Field Goal,4th & 9 at TB 29,09:53 4th,"— J.Sanders 47 yard field goal is GOOD, Center-T.Hennessy, Holder-A.McNamara."
2026,PRESEASON WEEK 1,Friday,August 14th,TB,NYJ,4th Quarter,3,Tampa Bay Buccaneers,1,1,0,Kickoff from NYJ 35,,Kickoff,"— C.York kicks 65 yards from NYJ 35 to end zone, Touchback to the TB 35."
2026,PRESEASON WEEK 1,Friday,August 14th,TB,NYJ,4th Quarter,3,Tampa Bay Buccaneers,1,2,0,12 Yard Pass,1st & 10 at TB 35,09:48 4th,— J.Daniels pass short right to E.Rivers pushed ob at TB 47 for 12 yards (T.Brown).
2026,PRESEASON WEEK 1,Friday,August 14th,TB,NYJ,4th Quarter,3,Tampa Bay Buccaneers,1,3,0,-5 Yard Penalty,1st & 10 at TB 47,09:14 4th,"— PENALTY on TB-N.Hutmacher, False Start, 5 yards, enforced at TB 47 - No Play."
2026,PRESEASON WEEK 1,Friday,August 14th,TB,NYJ,4th Quarter,3,Tampa Bay Buccaneers,1,4,0,2 Yard Run,1st & 15 at TB 42,09:14 4th,— K.Calloway right guard to TB 44 for 2 yards (J.Heflin).
2026,PRESEASON WEEK 1,Friday,August 14th,TB,NYJ,4th Quarter,3,Tampa Bay Buccaneers,1,5,0,14 Yard Pass,2nd & 13 at TB 44,"08:54 4th No Huddle, Shotgun",— J.Daniels pass short left to D.Culp to NYJ 42 for 14 yards (M.Walker).
2026,PRESEASON WEEK 1,Friday,August 14th,TB,NYJ,4th Quarter,3,Tampa Bay Buccaneers,1,6,0,Pass Incomplete,1st & 10 at NYJ 42,08:13 4th,— J.Daniels pass incomplete deep left to G.Greene.
2026,PRESEASON WEEK 1,Friday,August 14th,TB,NYJ,4th Quarter,3,Tampa Bay Buccaneers,1,7,0,Pass Incomplete,2nd & 10 at NYJ 42,08:07 4th Shotgun,— J.Daniels pass incomplete short right to D.Patterson.
2026,PRESEASON WEEK 1,Friday,August 14th,TB,NYJ,4th Quarter,3,Tampa Bay Buccaneers,1,8,0,Pass Incomplete,3rd & 10 at NYJ 42,08:02 4th Shotgun,— J.Daniels pass incomplete deep left to D.Houston.
2026,PRESEASON WEEK 1,Friday,August 14th,TB,NYJ,4th Quarter,3,Tampa Bay Buccaneers,1,9,0,7 Yard Pass,4th & 5 at NYJ 37,07:47 4th Shotgun,— J.Daniels pass short left to B.Sharp to NYJ 30 for 7 yards (J.Monroe).
2026,PRESEASON WEEK 1,Friday,August 14th,TB,NYJ,4th Quarter,3,Tampa Bay Buccaneers,1,10,0,0 Yard Run,1st & 10 at NYJ 30,07:09 4th,— K.Calloway up the middle to NYJ 30 for no gain (M.Walker; J.Keller).
2026,PRESEASON WEEK 1,Friday,August 14th,TB,NYJ,4th Quarter,3,Tampa Bay Buccaneers,1,11,0,4 Yard Pass,2nd & 10 at NYJ 30,06:26 4th Shotgun,— J.Daniels pass short left to G.Greene to NYJ 26 for 4 yards (M.Bamba).
2026,PRESEASON WEEK 1,Friday,August 14th,TB,NYJ,4th Quarter,3,Tampa Bay Buccaneers,1,12,0,6 Yard Pass,3rd & 6 at NYJ 26,05:42 4th Shotgun,— J.Daniels pass short right to D.Patterson to NYJ 20 for 6 yards (J.Clark).
2026,PRESEASON WEEK 1,Friday,August 14th,TB,NYJ,4th Quarter,3,Tampa Bay Buccaneers,1,13,0,Pass Incomplete,1st & 10 at NYJ 20,05:07 4th,— J.Daniels pass incomplete short left to D.Culp.
2026,PRESEASON WEEK 1,Friday,August 14th,TB,NYJ,4th Quarter,3,Tampa Bay Buccaneers,1,14,0,11 Yard Pass,2nd & 10 at NYJ 20,05:02 4th Shotgun,— J.Daniels pass short left to G.Greene to NYJ 9 for 11 yards (B.McGregor; M.Bamba).
2026,PRESEASON WEEK 1,Friday,August 14th,TB,NYJ,4th Quarter,3,Tampa Bay Buccaneers,1,15,0,2 Yard Run,1st & 9 at NYJ 9,04:16 4th,— K.Calloway up the middle to NYJ 7 for 2 yards (M.Walker).
2026,PRESEASON WEEK 1,Friday,August 14th,TB,NYJ,4th Quarter,3,Tampa Bay Buccaneers,1,16,0,5 Yard Run,2nd & 7 at NYJ 7,03:37 4th,"— K.Calloway right tackle to NYJ 4 for 3 yards (B.Barten). PENALTY on NYJ-B.Barten, Defensive Holding, 2 yards, enforced at NYJ 4."
2026,PRESEASON WEEK 1,Friday,August 14th,TB,NYJ,4th Quarter,3,Tampa Bay Buccaneers,1,17,0,1 Yard Run,1st & 2 at NYJ 2,03:31 4th,— K.Calloway left tackle to NYJ 1 for 1 yard (J.Monroe).
2026,PRESEASON WEEK 1,Friday,August 14th,TB,NYJ,4th Quarter,3,Tampa Bay Buccaneers,1,18,0,Timeout,,03:27 4th,— Timeout #1 by NYJ at 03:27.
2026,PRESEASON WEEK 1,Friday,August 14th,TB,NYJ,4th Quarter,3,Tampa Bay Buccaneers,1,19,1,Touchdown,2nd & 1 at NYJ 1,03:27 4th,"— J.Daniels up the middle for 1 yard, TOUCHDOWN."
2026,PRESEASON WEEK 1,Friday,August 14th,TB,NYJ,4th Quarter,3,Tampa Bay Buccaneers,1,20,1,Extra Point,,03:24 4th,"— B.Potter extra point is GOOD, Center-S.Daly, Holder-R.Dixon."
2026,PRESEASON WEEK 1,Friday,August 14th,TB,NYJ,4th Quarter,4,New York Jets,0,1,0,Kickoff from TB 35,,Kickoff,— B.Potter kicks 60 yards from TB 35 to NYJ 5. D.Sheffield to NYJ 32 for 27 yards (M.Kamara; J.Bullock).
2026,PRESEASON WEEK 1,Friday,August 14th,TB,NYJ,4th Quarter,4,New York Jets,0,2,0,13 Yard Pass,1st & 10 at NYJ 32,03:18 4th Shotgun,— B.Cook pass short right to C.Camper to NYJ 45 for 13 yards (J.Wright).
2026,PRESEASON WEEK 1,Friday,August 14th,TB,NYJ,4th Quarter,4,New York Jets,0,3,0,5 Yard Run,1st & 10 at NYJ 45,"02:52 4th No Huddle, Shotgun",— S.Scott left tackle to 50 for 5 yards (R.Wisdom).
2026,PRESEASON WEEK 1,Friday,August 14th,TB,NYJ,4th Quarter,4,New York Jets,0,4,0,24 Yard Pass,2nd & 5 at 50,"02:30 4th No Huddle, Shotgun",— B.Cook pass deep right to C.Camper to TB 26 for 24 yards (D.Williams).
2026,PRESEASON WEEK 1,Friday,August 14th,TB,NYJ,4th Quarter,4,New York Jets,0,5,0,5 Yard Run,1st & 10 at TB 26,"02:09 4th No Huddle, Shotgun",— S.Scott left guard to TB 21 for 5 yards (M.Kamara; J.Wright).
2026,PRESEASON WEEK 1,Friday,August 14th,TB,NYJ,4th Quarter,4,New York Jets,0,6,0,-8 Yard Sack,2nd & 5 at TB 21,02:00 4th Shotgun,— B.Cook sacked at TB 29 for -8 yards (J.Pyburn).
2026,PRESEASON WEEK 1,Friday,August 14th,TB,NYJ,4th Quarter,4,New York Jets,0,7,0,Pass Incomplete,3rd & 13 at TB 29,"01:31 4th No Huddle, Shotgun",— B.Cook pass incomplete deep left to C.Camper.
2026,PRESEASON WEEK 1,Friday,August 14th,TB,NYJ,4th Quarter,4,New York Jets,0,8,0,Pass Incomplete,4th & 13 at TB 29,01:26 4th Shotgun,— B.Cook pass incomplete deep right to J.Pritchett (K.Scott).
2026,PRESEASON WEEK 1,Friday,August 14th,TB,NYJ,4th Quarter,5,Tampa Bay Buccaneers,0,1,0,-1 Yard Run,1st & 10 at TB 29,01:19 4th,— K.Calloway left tackle to TB 28 for -1 yards (J.Monroe).
2026,PRESEASON WEEK 1,Friday,August 14th,TB,NYJ,4th Quarter,5,Tampa Bay Buccaneers,0,2,0,Timeout,,01:14 4th,— Timeout #2 by NYJ at 01:14.
2026,PRESEASON WEEK 1,Friday,August 14th,TB,NYJ,4th Quarter,5,Tampa Bay Buccaneers,0,3,0,1 Yard Run,2nd & 11 at TB 28,01:14 4th,— K.Calloway left guard to TB 29 for 1 yard (C.Wilson; J.Monroe).
2026,PRESEASON WEEK 1,Friday,August 14th,TB,NYJ,4th Quarter,5,Tampa Bay Buccaneers,0,4,0,Timeout,,01:09 4th,— Timeout #3 by NYJ at 01:09.
2026,PRESEASON WEEK 1,Friday,August 14th,TB,NYJ,4th Quarter,5,Tampa Bay Buccaneers,0,5,0,5 Yard Run,3rd & 10 at TB 29,01:09 4th,— K.Calloway up the middle to TB 34 for 5 yards (J.Keller).
2026,PRESEASON WEEK 1,Friday,August 14th,TB,NYJ,4th Quarter,5,Tampa Bay Buccaneers,0,6,0,Timeout,,00:21 4th,— Timeout #1 by TB at 00:21.
2026,PRESEASON WEEK 1,Friday,August 14th,TB,NYJ,4th Quarter,5,Tampa Bay Buccaneers,0,7,0,Punt,4th & 5 at TB 34,00:21 4th,"— R.Dixon punts 36 yards to NYJ 30, Center-S.Daly, out of bounds."
2026,PRESEASON WEEK 1,Friday,August 14th,TB,NYJ,4th Quarter,6,New York Jets,0,1,0,Pass Incomplete,1st & 10 at NYJ 30,00:12 4th Shotgun,— B.Cook pass incomplete deep right to C.Camper (R.Parodie).
2026,PRESEASON WEEK 1,Friday,August 14th,TB,NYJ,4th Quarter,6,New York Jets,0,2,0,20 Yard Pass,2nd & 10 at NYJ 30,00:06 4th Shotgun,— B.Cook pass short middle to Q.Skinner to 50 for 20 yards (R.Wisdom).
2026,PRESEASON WEEK 1,Friday,August 14th,MIA,WAS,1st Quarter,1,Miami Dolphins,1,1,0,Kickoff from WAS 35,,Kickoff,"— J.Moody kicks 60 yards from WAS 35 to MIA 5. J.Wright MUFFS catch, and recovers at MIA 13. J.Wright ran ob at MIA 13 for no gain. PENALTY on MIA-T.Dodson, Offensive Holding, 6 yards, enforced at MIA 13."
2026,PRESEASON WEEK 1,Friday,August 14th,MIA,WAS,1st Quarter,1,Miami Dolphins,1,2,0,4 Yard Pass,1st & 10 at MIA 7,14:57 1st Shotgun,— M.Willis pass short left to M.Washington to MIA 11 for 4 yards (F.Moreau).
2026,PRESEASON WEEK 1,Friday,August 14th,MIA,WAS,1st Quarter,1,Miami Dolphins,1,3,0,8 Yard Pass,2nd & 6 at MIA 11,14:25 1st,— M.Willis pass short right to M.Washington pushed ob at MIA 19 for 8 yards (J.Josephs).
2026,PRESEASON WEEK 1,Friday,August 14th,MIA,WAS,1st Quarter,1,Miami Dolphins,1,4,0,5 Yard Run,1st & 10 at MIA 19,13:58 1st,— D.Achane up the middle to MIA 24 for 5 yards (J.Jean-Baptiste).
2026,PRESEASON WEEK 1,Friday,August 14th,MIA,WAS,1st Quarter,1,Miami Dolphins,1,5,0,14 Yard Run,2nd & 5 at MIA 24,13:25 1st,— D.Achane right guard to MIA 38 for 14 yards (J.Josephs).
2026,PRESEASON WEEK 1,Friday,August 14th,MIA,WAS,1st Quarter,1,Miami Dolphins,1,6,0,Pass Incomplete,1st & 10 at MIA 38,12:46 1st,— M.Willis pass incomplete deep right to C.Douglas.
2026,PRESEASON WEEK 1,Friday,August 14th,MIA,WAS,1st Quarter,1,Miami Dolphins,1,7,0,5 Yard Run,2nd & 10 at MIA 38,12:40 1st,— D.Achane left guard to MIA 43 for 5 yards (Q.Martin).
2026,PRESEASON WEEK 1,Friday,August 14th,MIA,WAS,1st Quarter,1,Miami Dolphins,1,8,0,28 Yard Pass,3rd & 5 at MIA 43,11:57 1st Shotgun,"— M.Willis pass deep right to C.Douglas to WAS 29 for 28 yards (A.Hamilton). Penalty on WAS-A.Hamilton, Defensive Pass Interference, declined."
2026,PRESEASON WEEK 1,Friday,August 14th,MIA,WAS,1st Quarter,1,Miami Dolphins,1,9,0,3 Yard Pass,1st & 10 at WAS 29,11:33 1st Shotgun,— M.Willis pass short left to M.Washington to WAS 26 for 3 yards (T.Owens).
2026,PRESEASON WEEK 1,Friday,August 14th,MIA,WAS,1st Quarter,1,Miami Dolphins,1,10,0,6 Yard Run,2nd & 7 at WAS 26,10:56 1st Shotgun,— M.Willis scrambles up the middle to WAS 20 for 6 yards (S.Styles).
2026,PRESEASON WEEK 1,Friday,August 14th,MIA,WAS,1st Quarter,1,Miami Dolphins,1,11,0,7 Yard Run,3rd & 1 at WAS 20,10:16 1st,— D.Achane up the middle to WAS 13 for 7 yards (S.Styles; J.Jean-Baptiste).
2026,PRESEASON WEEK 1,Friday,August 14th,MIA,WAS,1st Quarter,1,Miami Dolphins,1,12,0,6 Yard Run,1st & 10 at WAS 13,09:34 1st,— D.Achane right tackle to WAS 7 for 6 yards (L.Chenal).
2026,PRESEASON WEEK 1,Friday,August 14th,MIA,WAS,1st Quarter,1,Miami Dolphins,1,13,0,5 Yard Run,2nd & 4 at WAS 7,08:55 1st,"— M.Willis scrambles left end pushed ob at WAS 4 for 3 yards (B.Cowart). PENALTY on WAS-B.Cowart, Horse Collar Tackle, 2 yards, enforced at WAS 4."
2026,PRESEASON WEEK 1,Friday,August 14th,MIA,WAS,1st Quarter,1,Miami Dolphins,1,14,0,1 Yard Run,1st & 2 at WAS 2,08:39 1st,— D.Achane right guard to WAS 1 for 1 yard (J.Newton; S.Styles).
2026,PRESEASON WEEK 1,Friday,August 14th,MIA,WAS,1st Quarter,1,Miami Dolphins,1,15,1,Touchdown,2nd & 1 at WAS 1,07:57 1st,"— D.Achane left guard for 1 yard, TOUCHDOWN."
2026,PRESEASON WEEK 1,Friday,August 14th,MIA,WAS,1st Quarter,1,Miami Dolphins,1,16,1,Extra Point,,07:54 1st,"— R.Patterson extra point is GOOD, Center-T.Addington, Holder-B.Pinion."
2026,PRESEASON WEEK 1,Friday,August 14th,MIA,WAS,1st Quarter,2,Washington Commanders,0,1,0,Kickoff from MIA 35,,Kickoff,— R.Patterson kicks 63 yards from MIA 35 to WAS 2. J.Ford to WAS 29 for 27 yards (T.Moore; R.Beal).
2026,PRESEASON WEEK 1,Friday,August 14th,MIA,WAS,1st Quarter,2,Washington Commanders,0,2,0,Pass Incomplete,1st & 10 at WAS 29,07:49 1st,— M.Mariota pass incomplete deep left to T.Burks.
2026,PRESEASON WEEK 1,Friday,August 14th,MIA,WAS,1st Quarter,2,Washington Commanders,0,3,0,2 Yard Run,2nd & 10 at WAS 29,07:43 1st,"— K.Allen right tackle to WAS 31 for 2 yards (M.Taaffe). Penalty on WAS, Illegal Formation, declined."
2026,PRESEASON WEEK 1,Friday,August 14th,MIA,WAS,1st Quarter,2,Washington Commanders,0,4,0,22 Yard Pass,3rd & 8 at WAS 31,07:15 1st Shotgun,— M.Mariota pass deep left to D.Brown pushed ob at MIA 47 for 22 yards (M.Taaffe) [T.Dodson].
2026,PRESEASON WEEK 1,Friday,August 14th,MIA,WAS,1st Quarter,2,Washington Commanders,0,5,0,1 Yard Run,1st & 10 at MIA 47,06:44 1st Shotgun,— K.Allen left end to MIA 46 for 1 yard (J.Phillips; T.Dodson). WAS-M.Mariota was injured during the play.
2026,PRESEASON WEEK 1,Friday,August 14th,MIA,WAS,1st Quarter,2,Washington Commanders,0,6,0,1 Yard Run,2nd & 9 at MIA 46,06:18 1st,— S.Hartman scrambles right end to MIA 45 for 1 yard (W.Gay).
2026,PRESEASON WEEK 1,Friday,August 14th,MIA,WAS,1st Quarter,2,Washington Commanders,0,7,0,1 Yard Pass,3rd & 8 at MIA 45,05:38 1st Shotgun,— S.Hartman pass short left to K.Allen to MIA 44 for 1 yard (Z.Anderson).
2026,PRESEASON WEEK 1,Friday,August 14th,MIA,WAS,1st Quarter,2,Washington Commanders,0,8,0,Punt,4th & 7 at MIA 44,04:57 1st,"— M.Haack punts 39 yards to MIA 5, Center-T.Ott, downed by WAS-T.Ott."
2026,PRESEASON WEEK 1,Friday,August 14th,MIA,WAS,1st Quarter,3,Miami Dolphins,0,1,0,Pass Incomplete,1st & 10 at MIA 5,04:48 1st Shotgun,"— Q.Ewers pass incomplete deep right to J.Wright. Penalty on MIA, Illegal Formation, declined."
2026,PRESEASON WEEK 1,Friday,August 14th,MIA,WAS,1st Quarter,3,Miami Dolphins,0,2,0,13 Yard Run,2nd & 10 at MIA 5,04:42 1st,— J.Wright up the middle to MIA 18 for 13 yards (W.Harris).
2026,PRESEASON WEEK 1,Friday,August 14th,MIA,WAS,1st Quarter,3,Miami Dolphins,0,3,0,Pass Incomplete,1st & 10 at MIA 18,04:09 1st,— Q.Ewers pass incomplete deep middle to T.Atwell.
2026,PRESEASON WEEK 1,Friday,August 14th,MIA,WAS,1st Quarter,3,Miami Dolphins,0,4,0,27 Yard Pass,2nd & 10 at MIA 18,04:04 1st Shotgun,— Q.Ewers pass short left to J.Tolbert ran ob at MIA 45 for 27 yards (Q.Martin; A.Hamilton).
2026,PRESEASON WEEK 1,Friday,August 14th,MIA,WAS,1st Quarter,3,Miami Dolphins,0,5,0,9 Yard Run,1st & 10 at MIA 45,03:28 1st,— O.Gordon up the middle to WAS 46 for 9 yards (A.Kaho).
2026,PRESEASON WEEK 1,Friday,August 14th,MIA,WAS,1st Quarter,3,Miami Dolphins,0,6,0,-5 Yard Penalty,2nd & 1 at WAS 46,02:53 1st,"— PENALTY on MIA-T.Washington, False Start, 5 yards, enforced at WAS 46 - No Play."
2026,PRESEASON WEEK 1,Friday,August 14th,MIA,WAS,1st Quarter,3,Miami Dolphins,0,7,0,3 Yard Run,2nd & 6 at MIA 49,02:29 1st Shotgun,— O.Gordon right guard to WAS 48 for 3 yards (R.Barber).
2026,PRESEASON WEEK 1,Friday,August 14th,MIA,WAS,1st Quarter,3,Miami Dolphins,0,8,0,Pass Incomplete,3rd & 3 at WAS 48,01:51 1st Shotgun,— Q.Ewers pass incomplete short right to J.Reagor.
2026,PRESEASON WEEK 1,Friday,August 14th,MIA,WAS,1st Quarter,3,Miami Dolphins,0,9,0,Turnover on Downs,4th & 3 at WAS 48,01:47 1st Shotgun,— Q.Ewers scrambles up the middle to WAS 47 for 1 yard (J.Newton; R.Barber).
2026,PRESEASON WEEK 1,Friday,August 14th,MIA,WAS,1st Quarter,4,Washington Commanders,0,1,0,7 Yard Run,1st & 10 at WAS 47,01:42 1st,— K.Allen left guard to MIA 46 for 7 yards (W.Gay).
2026,PRESEASON WEEK 1,Friday,August 14th,MIA,WAS,1st Quarter,4,Washington Commanders,0,2,0,Pass Incomplete,2nd & 3 at MIA 46,01:12 1st Shotgun,— S.Hartman pass incomplete short right to L.McCaffrey (R.Beal).
2026,PRESEASON WEEK 1,Friday,August 14th,MIA,WAS,1st Quarter,4,Washington Commanders,0,3,0,16 Yard Pass,3rd & 3 at MIA 46,01:07 1st Shotgun,"— S.Hartman pass short middle to T.Burks to MIA 30 for 16 yards (E.Bonner). Penalty on MIA-E.Bonner, Defensive Holding, declined."
2026,PRESEASON WEEK 1,Friday,August 14th,MIA,WAS,1st Quarter,4,Washington Commanders,0,4,0,0 Yard Run,1st & 10 at MIA 30,00:50 1st,— K.Allen right guard to MIA 30 for no gain (J.Uche).
2026,PRESEASON WEEK 1,Friday,August 14th,MIA,WAS,1st Quarter,4,Washington Commanders,0,5,0,Pass Incomplete,2nd & 10 at MIA 30,00:13 1st Shotgun,— S.Hartman pass incomplete short right to K.Allen.
2026,PRESEASON WEEK 1,Friday,August 14th,MIA,WAS,1st Quarter,4,Washington Commanders,0,6,0,Interception,3rd & 10 at MIA 30,00:08 1st Shotgun,— S.Hartman pass deep left intended for D.Brown INTERCEPTED by M.Wilson at MIA 3. M.Wilson to MIA 8 for 5 yards (D.Brown).
2026,PRESEASON WEEK 1,Friday,August 14th,MIA,WAS,2nd Quarter,1,Miami Dolphins,0,1,0,4 Yard Run,1st & 10 at MIA 8,15:00 2nd,— J.Wright left guard to MIA 12 for 4 yards (R.Barber).
2026,PRESEASON WEEK 1,Friday,August 14th,MIA,WAS,2nd Quarter,1,Miami Dolphins,0,2,0,-1 Yard Run,2nd & 6 at MIA 12,14:19 2nd,— J.Wright right tackle to MIA 11 for -1 yards (S.Tuttle).
2026,PRESEASON WEEK 1,Friday,August 14th,MIA,WAS,2nd Quarter,1,Miami Dolphins,0,3,0,Interception,3rd & 7 at MIA 11,13:42 2nd Shotgun,— Q.Ewers pass deep left intended for J.Tolbert INTERCEPTED by Q.Martin at MIA 35. Q.Martin ran ob at MIA 35 for no gain.
2026,PRESEASON WEEK 1,Friday,August 14th,MIA,WAS,2nd Quarter,2,Washington Commanders,1,1,0,11 Yard Run,1st & 10 at MIA 35,13:35 2nd,— R.Henry left guard to MIA 24 for 11 yards (L.Johnson).
2026,PRESEASON WEEK 1,Friday,August 14th,MIA,WAS,2nd Quarter,2,Washington Commanders,1,2,0,4 Yard Run,1st & 10 at MIA 24,12:56 2nd Shotgun,— R.Henry left guard to MIA 20 for 4 yards (M.Butler; R.Beal).
2026,PRESEASON WEEK 1,Friday,August 14th,MIA,WAS,2nd Quarter,2,Washington Commanders,1,3,0,14 Yard Pass,2nd & 6 at MIA 20,12:17 2nd Shotgun,— S.Hartman pass short middle to V.Jefferson to MIA 6 for 14 yards (C.Johnson).
2026,PRESEASON WEEK 1,Friday,August 14th,MIA,WAS,2nd Quarter,2,Washington Commanders,1,4,0,2 Yard Run,1st & 6 at MIA 6,11:38 2nd,— R.Henry right guard to MIA 4 for 2 yards (M.Butler; C.Johnson).
2026,PRESEASON WEEK 1,Friday,August 14th,MIA,WAS,2nd Quarter,2,Washington Commanders,1,5,0,Pass Incomplete,2nd & 4 at MIA 4,10:57 2nd Shotgun,— S.Hartman pass incomplete short right to J.Lane.
2026,PRESEASON WEEK 1,Friday,August 14th,MIA,WAS,2nd Quarter,2,Washington Commanders,1,6,0,-7 Yard Sack,3rd & 4 at MIA 4,10:53 2nd Shotgun,— S.Hartman sacked at MIA 11 for -7 yards (sack split by D.Ojabo and M.Llewellyn).
2026,PRESEASON WEEK 1,Friday,August 14th,MIA,WAS,2nd Quarter,2,Washington Commanders,1,7,1,Field Goal,4th & 11 at MIA 11,10:17 2nd,"— J.Moody 29 yard field goal is GOOD, Center-T.Ott, Holder-T.Way."
2026,PRESEASON WEEK 1,Friday,August 14th,MIA,WAS,2nd Quarter,3,Miami Dolphins,0,1,0,Kickoff from WAS 35,,Kickoff,"— D.Stevens kicks 65 yards from WAS 35 to end zone, Touchback to the MIA 35."
2026,PRESEASON WEEK 1,Friday,August 14th,MIA,WAS,2nd Quarter,3,Miami Dolphins,0,2,0,4 Yard Run,1st & 10 at MIA 35,10:13 2nd,— Q.Ewers scrambles left end pushed ob at MIA 39 for 4 yards (J.Magee).
2026,PRESEASON WEEK 1,Friday,August 14th,MIA,WAS,2nd Quarter,3,Miami Dolphins,0,3,0,3 Yard Run,2nd & 6 at MIA 39,09:36 2nd,— J.Wright left guard to MIA 42 for 3 yards (J.Magee).
2026,PRESEASON WEEK 1,Friday,August 14th,MIA,WAS,2nd Quarter,3,Miami Dolphins,0,4,0,1 Yard Run,3rd & 3 at MIA 42,08:54 2nd Shotgun,— J.Wright right tackle to MIA 43 for 1 yard (S.Tuttle; J.Josephs).
2026,PRESEASON WEEK 1,Friday,August 14th,MIA,WAS,2nd Quarter,3,Miami Dolphins,0,5,0,Punt,4th & 2 at MIA 43,08:14 2nd,"— B.Pinion punts 25 yards to WAS 32, Center-T.Addington, out of bounds."
2026,PRESEASON WEEK 1,Friday,August 14th,MIA,WAS,2nd Quarter,4,Washington Commanders,1,1,0,3 Yard Run,1st & 10 at WAS 32,08:09 2nd,— R.Henry right tackle to WAS 35 for 3 yards (M.Llewellyn).
2026,PRESEASON WEEK 1,Friday,August 14th,MIA,WAS,2nd Quarter,4,Washington Commanders,1,2,0,6 Yard Pass,2nd & 7 at WAS 35,07:37 2nd Shotgun,— S.Hartman pass short left to J.Lane to WAS 41 for 6 yards (D.Ojabo; M.Burns).
2026,PRESEASON WEEK 1,Friday,August 14th,MIA,WAS,2nd Quarter,4,Washington Commanders,1,3,0,4 Yard Run,3rd & 1 at WAS 41,07:00 2nd,— J.Ford right guard to WAS 45 for 4 yards (W.Gay).
2026,PRESEASON WEEK 1,Friday,August 14th,MIA,WAS,2nd Quarter,4,Washington Commanders,1,4,0,7 Yard Pass,1st & 10 at WAS 45,06:24 2nd Shotgun,— S.Hartman pass short middle to C.Yankoff to MIA 48 for 7 yards (J.Rodriguez).
2026,PRESEASON WEEK 1,Friday,August 14th,MIA,WAS,2nd Quarter,4,Washington Commanders,1,5,0,15 Yard Run,2nd & 3 at MIA 48,05:48 2nd,— R.Henry right end to MIA 33 for 15 yards (W.Gay).
2026,PRESEASON WEEK 1,Friday,August 14th,MIA,WAS,2nd Quarter,4,Washington Commanders,1,6,0,11 Yard Pass,1st & 10 at MIA 33,05:11 2nd,— S.Hartman pass short right to B.Sinnott to MIA 22 for 11 yards (L.Johnson).
2026,PRESEASON WEEK 1,Friday,August 14th,MIA,WAS,2nd Quarter,4,Washington Commanders,1,7,1,Touchdown,1st & 10 at MIA 22,04:34 2nd Shotgun,"— R.Henry right end for 22 yards, TOUCHDOWN."
2026,PRESEASON WEEK 1,Friday,August 14th,MIA,WAS,2nd Quarter,4,Washington Commanders,1,8,0,-5 Yard Penalty,,04:28 2nd,"— (Kick formation) PENALTY on WAS-M.Gulbin, False Start, 5 yards, enforced at MIA 15 - No Play."
2026,PRESEASON WEEK 1,Friday,August 14th,MIA,WAS,2nd Quarter,4,Washington Commanders,1,9,1,Extra Point,,04:28 2nd,"— D.Stevens extra point is GOOD, Center-T.Ott, Holder-T.Way."
2026,PRESEASON WEEK 1,Friday,August 14th,MIA,WAS,2nd Quarter,5,Miami Dolphins,0,1,0,Kickoff from WAS 35,,Kickoff,— J.Moody kicks 66 yards from WAS 35 to MIA -1. J.Reagor to MIA 24 for 25 yards (A.Hamilton).
2026,PRESEASON WEEK 1,Friday,August 14th,MIA,WAS,2nd Quarter,5,Miami Dolphins,0,2,0,Sack,1st & 10 at MIA 24,04:23 2nd,— Q.Ewers sacked at MIA 24 for 0 yards (R.Barber).
2026,PRESEASON WEEK 1,Friday,August 14th,MIA,WAS,2nd Quarter,5,Miami Dolphins,0,3,0,2 Yard Run,2nd & 10 at MIA 24,03:45 2nd,— J.Wright left tackle to MIA 26 for 2 yards (R.Barber; S.Tuttle).
2026,PRESEASON WEEK 1,Friday,August 14th,MIA,WAS,2nd Quarter,5,Miami Dolphins,0,4,0,Pass Incomplete,3rd & 8 at MIA 26,03:08 2nd Shotgun,— Q.Ewers pass incomplete deep right to A.Henning [R.Barber].
2026,PRESEASON WEEK 1,Friday,August 14th,MIA,WAS,2nd Quarter,5,Miami Dolphins,0,5,0,Punt,4th & 3 at MIA 31,03:04 2nd,"— B.Pinion punts 46 yards to WAS 23, Center-T.Addington. R.Cracraft to WAS 35 for 12 yards (K.Louis; M.Wilson)."
2026,PRESEASON WEEK 1,Friday,August 14th,MIA,WAS,2nd Quarter,6,Washington Commanders,1,1,0,16 Yard Run,1st & 10 at WAS 35,02:54 2nd,— K.Allen left tackle to MIA 49 for 16 yards (M.Burns).
2026,PRESEASON WEEK 1,Friday,August 14th,MIA,WAS,2nd Quarter,6,Washington Commanders,1,2,0,3 Yard Run,1st & 10 at MIA 49,02:09 2nd,— K.Allen left tackle to MIA 46 for 3 yards (K.Cooper).
2026,PRESEASON WEEK 1,Friday,August 14th,MIA,WAS,2nd Quarter,6,Washington Commanders,1,3,0,3 Yard Run,2nd & 7 at MIA 46,02:00 2nd Shotgun,— K.Allen left guard to MIA 43 for 3 yards (M.Butler; K.Cooper).
2026,PRESEASON WEEK 1,Friday,August 14th,MIA,WAS,2nd Quarter,6,Washington Commanders,1,4,0,11 Yard Run,3rd & 4 at MIA 43,01:17 2nd Shotgun,— S.Hartman scrambles right end pushed ob at MIA 32 for 11 yards (T.Dodson).
2026,PRESEASON WEEK 1,Friday,August 14th,MIA,WAS,2nd Quarter,6,Washington Commanders,1,5,0,3 Yard Run,1st & 10 at MIA 32,01:09 2nd,— K.Allen left end to MIA 29 for 3 yards (A.Austin; E.Bonner).
2026,PRESEASON WEEK 1,Friday,August 14th,MIA,WAS,2nd Quarter,6,Washington Commanders,1,6,0,Timeout,,01:03 2nd,— Timeout #1 by MIA at 01:03.
2026,PRESEASON WEEK 1,Friday,August 14th,MIA,WAS,2nd Quarter,6,Washington Commanders,1,7,0,8 Yard Pass,2nd & 7 at MIA 29,01:03 2nd Shotgun,— S.Hartman pass short middle to J.Lane to MIA 21 for 8 yards (M.Burns).
2026,PRESEASON WEEK 1,Friday,August 14th,MIA,WAS,2nd Quarter,6,Washington Commanders,1,8,0,Pass Incomplete,1st & 10 at MIA 21,00:31 2nd Shotgun,— S.Hartman pass incomplete deep left to A.Williams.
2026,PRESEASON WEEK 1,Friday,August 14th,MIA,WAS,2nd Quarter,6,Washington Commanders,1,9,0,17 Yard Pass,2nd & 10 at MIA 21,00:26 2nd Shotgun,— S.Hartman pass deep middle to J.Lane to MIA 4 for 17 yards (A.Austin).
2026,PRESEASON WEEK 1,Friday,August 14th,MIA,WAS,2nd Quarter,6,Washington Commanders,1,10,0,Timeout,,00:20 2nd,— Timeout #1 by WAS at 00:20.
2026,PRESEASON WEEK 1,Friday,August 14th,MIA,WAS,2nd Quarter,6,Washington Commanders,1,11,0,Pass Incomplete,1st & 4 at MIA 4,00:20 2nd Shotgun,— S.Hartman pass incomplete short left to L.McCaffrey (E.Bonner).
2026,PRESEASON WEEK 1,Friday,August 14th,MIA,WAS,2nd Quarter,6,Washington Commanders,1,12,0,3 Yard Run,2nd & 4 at MIA 4,00:17 2nd,— K.Allen right guard to MIA 1 for 3 yards (K.Cooper).
2026,PRESEASON WEEK 1,Friday,August 14th,MIA,WAS,2nd Quarter,6,Washington Commanders,1,13,0,Timeout,,00:11 2nd,— Timeout #2 by WAS at 00:11.
2026,PRESEASON WEEK 1,Friday,August 14th,MIA,WAS,2nd Quarter,6,Washington Commanders,1,14,1,Touchdown,3rd & 1 at MIA 1,00:11 2nd,"— K.Allen up the middle for 1 yard, TOUCHDOWN."
2026,PRESEASON WEEK 1,Friday,August 14th,MIA,WAS,2nd Quarter,6,Washington Commanders,1,15,1,Extra Point,,00:08 2nd,"— J.Moody extra point is GOOD, Center-T.Ott, Holder-T.Way."
2026,PRESEASON WEEK 1,Friday,August 14th,MIA,WAS,2nd Quarter,7,Miami Dolphins,0,1,0,Kickoff from WAS 35,,Kickoff,— D.Stevens kicks 64 yards from WAS 35 to MIA 1. J.Reagor to MIA 20 for 19 yards (T.Maguranyanga).
2026,PRESEASON WEEK 1,Friday,August 14th,MIA,WAS,2nd Quarter,7,Miami Dolphins,0,2,0,Pass Incomplete,1st & 10 at MIA 20,00:02 2nd Shotgun,— Q.Ewers pass incomplete short left to T.Washington (A.Hamilton).
2026,PRESEASON WEEK 1,Friday,August 14th,MIA,WAS,3rd Quarter,1,Washington Commanders,0,1,0,Kickoff from MIA 35,,Kickoff,"— R.Patterson kicks 62 yards from MIA 35 to WAS 3. R.Henry to WAS 33 for 30 yards (M.Burns; D.Herman). PENALTY on WAS-K.Medrano, Offensive Holding, 10 yards, enforced at WAS 33."
2026,PRESEASON WEEK 1,Friday,August 14th,MIA,WAS,3rd Quarter,1,Washington Commanders,0,2,0,4 Yard Run,1st & 10 at WAS 23,14:55 3rd,— R.Henry right guard to WAS 27 for 4 yards (R.Beal).
2026,PRESEASON WEEK 1,Friday,August 14th,MIA,WAS,3rd Quarter,1,Washington Commanders,0,3,0,Pass Incomplete,2nd & 6 at WAS 27,14:20 3rd Shotgun,— S.Hartman pass incomplete short right to A.Williams.
2026,PRESEASON WEEK 1,Friday,August 14th,MIA,WAS,3rd Quarter,1,Washington Commanders,0,4,0,1 Yard Run,3rd & 6 at WAS 27,14:16 3rd Shotgun,— S.Hartman scrambles left end to WAS 28 for 1 yard (M.Burns).
2026,PRESEASON WEEK 1,Friday,August 14th,MIA,WAS,3rd Quarter,1,Washington Commanders,0,5,0,Punt,4th & 5 at WAS 28,13:36 3rd,"— M.Haack punts 47 yards to MIA 25, Center-T.Ott. T.Atwell to MIA 24 for -1 yards (F.Davis)."
2026,PRESEASON WEEK 1,Friday,August 14th,MIA,WAS,3rd Quarter,2,Miami Dolphins,0,1,0,2 Yard Run,1st & 10 at MIA 24,13:28 3rd,— O.Gordon left guard to MIA 26 for 2 yards (D.Jackson; K.Medrano).
2026,PRESEASON WEEK 1,Friday,August 14th,MIA,WAS,3rd Quarter,2,Miami Dolphins,0,2,0,-11 Yard Run,2nd & 8 at MIA 26,12:49 3rd Shotgun,"— O.Gordon up the middle to MIA 29 for 3 yards (A.Kaho). PENALTY on MIA-O.Gordon, Unsportsmanlike Conduct, 14 yards, enforced at MIA 29."
2026,PRESEASON WEEK 1,Friday,August 14th,MIA,WAS,3rd Quarter,2,Miami Dolphins,0,3,0,Pass Incomplete,3rd & 19 at MIA 15,12:15 3rd Shotgun,— Q.Ewers pass incomplete deep right to C.Turner.
2026,PRESEASON WEEK 1,Friday,August 14th,MIA,WAS,3rd Quarter,2,Miami Dolphins,0,4,0,Punt,4th & 19 at MIA 15,12:11 3rd,"— B.Pinion punts 51 yards to WAS 34, Center-T.Addington. R.Henry to WAS 41 for 7 yards (S.Traore; C.Washington). PENALTY on WAS-F.Davis, Unnecessary Roughness, 15 yards, enforced at WAS 34."
2026,PRESEASON WEEK 1,Friday,August 14th,MIA,WAS,3rd Quarter,3,Washington Commanders,0,1,0,16 Yard Pass,1st & 10 at WAS 19,11:59 3rd,— A.Kaliakmanis pass short right to A.Williams ran ob at WAS 35 for 16 yards.
2026,PRESEASON WEEK 1,Friday,August 14th,MIA,WAS,3rd Quarter,3,Washington Commanders,0,2,0,2 Yard Run,1st & 10 at WAS 35,11:30 3rd Shotgun,— K.Allen right tackle to WAS 37 for 2 yards (J.Woodard).
2026,PRESEASON WEEK 1,Friday,August 14th,MIA,WAS,3rd Quarter,3,Washington Commanders,0,3,0,17 Yard Pass,2nd & 8 at WAS 37,10:53 3rd,— A.Kaliakmanis pass deep right to C.Yankoff ran ob at MIA 46 for 17 yards.
2026,PRESEASON WEEK 1,Friday,August 14th,MIA,WAS,3rd Quarter,3,Washington Commanders,0,4,0,2 Yard Run,1st & 10 at MIA 46,10:17 3rd,— K.Allen right end to MIA 44 for 2 yards (T.Moore).
2026,PRESEASON WEEK 1,Friday,August 14th,MIA,WAS,3rd Quarter,3,Washington Commanders,0,5,0,-5 Yard Penalty,2nd & 8 at MIA 44,09:43 3rd Shotgun,"— PENALTY on WAS-T.Togiai, False Start, 5 yards, enforced at MIA 44 - No Play."
2026,PRESEASON WEEK 1,Friday,August 14th,MIA,WAS,3rd Quarter,3,Washington Commanders,0,6,0,Pass Incomplete,2nd & 13 at MIA 49,09:28 3rd Shotgun,— A.Kaliakmanis pass incomplete short middle to C.Yankoff (A.Huntley).
2026,PRESEASON WEEK 1,Friday,August 14th,MIA,WAS,3rd Quarter,3,Washington Commanders,0,7,0,Pass Incomplete,3rd & 13 at MIA 49,09:22 3rd Shotgun,— A.Kaliakmanis pass incomplete deep left to J.Jones (M.Battle).
2026,PRESEASON WEEK 1,Friday,August 14th,MIA,WAS,3rd Quarter,3,Washington Commanders,0,8,0,Punt,4th & 13 at MIA 49,09:14 3rd,"— M.Haack punts 41 yards to MIA 8, Center-T.Ott, fair catch by T.Atwell."
2026,PRESEASON WEEK 1,Friday,August 14th,MIA,WAS,3rd Quarter,4,Miami Dolphins,0,1,0,2 Yard Run,1st & 10 at MIA 8,09:06 3rd,"— C.Miller FUMBLES (Aborted) at MIA 8, and recovers at MIA 8. C.Miller to MIA 10 for 2 yards (K.Medrano; C.Jacobs)."
2026,PRESEASON WEEK 1,Friday,August 14th,MIA,WAS,3rd Quarter,4,Miami Dolphins,0,2,0,6 Yard Pass,2nd & 8 at MIA 10,08:25 3rd Shotgun,— C.Miller pass short left to C.Turner pushed ob at MIA 16 for 6 yards (C.Jacobs; T.Owens).
2026,PRESEASON WEEK 1,Friday,August 14th,MIA,WAS,3rd Quarter,4,Miami Dolphins,0,3,0,Pass Incomplete,3rd & 2 at MIA 16,07:45 3rd Shotgun,— C.Miller pass incomplete deep left to T.Wease.
2026,PRESEASON WEEK 1,Friday,August 14th,MIA,WAS,3rd Quarter,4,Miami Dolphins,0,4,0,Punt,4th & 2 at MIA 16,07:40 3rd,"— B.Pinion punts 51 yards to WAS 33, Center-T.Addington, fair catch by R.Henry. PENALTY on MIA-A.Austin, Player Out of Bounds on Kick, 5 yards, enforced at WAS 33."
2026,PRESEASON WEEK 1,Friday,August 14th,MIA,WAS,3rd Quarter,5,Washington Commanders,0,1,0,0 Yard Run,1st & 10 at WAS 38,07:32 3rd,— R.Henry left guard to WAS 38 for no gain (F.Mulbah).
2026,PRESEASON WEEK 1,Friday,August 14th,MIA,WAS,3rd Quarter,5,Washington Commanders,0,2,0,3 Yard Run,2nd & 10 at WAS 38,07:00 3rd,— R.Henry up the middle to WAS 41 for 3 yards (J.Woodard).
2026,PRESEASON WEEK 1,Friday,August 14th,MIA,WAS,3rd Quarter,5,Washington Commanders,0,3,0,-11 Yard Sack,3rd & 7 at WAS 41,06:20 3rd Shotgun,— A.Kaliakmanis sacked at WAS 30 for -11 yards (C.Goode).
2026,PRESEASON WEEK 1,Friday,August 14th,MIA,WAS,3rd Quarter,5,Washington Commanders,0,4,0,Punt,4th & 18 at WAS 30,05:39 3rd,"— M.Haack punts 52 yards to MIA 18, Center-T.Ott. T.Atwell to MIA 38 for 20 yards (Q.Moore)."
2026,PRESEASON WEEK 1,Friday,August 14th,MIA,WAS,3rd Quarter,6,Miami Dolphins,0,1,0,Pass Incomplete,1st & 10 at MIA 38,05:28 3rd,— C.Miller pass incomplete short right to D.Herman.
2026,PRESEASON WEEK 1,Friday,August 14th,MIA,WAS,3rd Quarter,6,Miami Dolphins,0,2,0,Pass Incomplete,2nd & 10 at MIA 38,05:20 3rd Shotgun,— C.Miller pass incomplete short left to T.Washington (K.Medrano).
2026,PRESEASON WEEK 1,Friday,August 14th,MIA,WAS,3rd Quarter,6,Miami Dolphins,0,3,0,Pass Incomplete,3rd & 10 at MIA 38,05:17 3rd Shotgun,— C.Miller pass incomplete short right to S.Traore.
2026,PRESEASON WEEK 1,Friday,August 14th,MIA,WAS,3rd Quarter,6,Miami Dolphins,0,4,0,Punt,4th & 10 at MIA 38,05:13 3rd,"— B.Pinion punts 53 yards to WAS 9, Center-T.Addington, fair catch by R.Henry."
2026,PRESEASON WEEK 1,Friday,August 14th,MIA,WAS,3rd Quarter,7,Washington Commanders,0,1,0,9 Yard Pass,1st & 10 at WAS 9,05:07 3rd Shotgun,— A.Kaliakmanis pass short right to J.Bradley to WAS 18 for 9 yards (K.Louis).
2026,PRESEASON WEEK 1,Friday,August 14th,MIA,WAS,3rd Quarter,7,Washington Commanders,0,2,0,3 Yard Run,2nd & 1 at WAS 18,04:24 3rd,— K.Allen up the middle to WAS 21 for 3 yards (L.Moore).
2026,PRESEASON WEEK 1,Friday,August 14th,MIA,WAS,3rd Quarter,7,Washington Commanders,0,3,0,28 Yard Pass,1st & 10 at WAS 21,03:44 3rd,— A.Kaliakmanis pass deep left to J.Jones to WAS 49 for 28 yards (L.Moore).
2026,PRESEASON WEEK 1,Friday,August 14th,MIA,WAS,3rd Quarter,7,Washington Commanders,0,4,0,1 Yard Run,1st & 10 at WAS 49,02:57 3rd,— K.Allen left guard to 50 for 1 yard (J.Woodard; F.Mulbah).
2026,PRESEASON WEEK 1,Friday,August 14th,MIA,WAS,3rd Quarter,7,Washington Commanders,0,5,0,5 Yard Pass,2nd & 9 at 50,02:17 3rd Shotgun,— A.Kaliakmanis pass short middle to J.Jones to MIA 45 for 5 yards (L.Moore).
2026,PRESEASON WEEK 1,Friday,August 14th,MIA,WAS,3rd Quarter,7,Washington Commanders,0,6,0,Pass Incomplete,3rd & 4 at MIA 45,01:39 3rd Shotgun,— A.Kaliakmanis pass incomplete short right to J.Bradley (A.Green).
2026,PRESEASON WEEK 1,Friday,August 14th,MIA,WAS,3rd Quarter,7,Washington Commanders,0,7,0,Punt,4th & 4 at MIA 45,01:35 3rd,"— M.Haack punts 45 yards to end zone, Center-T.Ott, Touchback."
2026,PRESEASON WEEK 1,Friday,August 14th,MIA,WAS,4th Quarter,1,Miami Dolphins,0,1,0,5 Yard Run,1st & 10 at MIA 20,01:29 3rd,— O.Gordon up the middle to MIA 25 for 5 yards (J.M'ba; C.Jacobs).
2026,PRESEASON WEEK 1,Friday,August 14th,MIA,WAS,4th Quarter,1,Miami Dolphins,0,2,0,12 Yard Run,2nd & 5 at MIA 25,00:46 3rd,— O.Gordon up the middle to MIA 37 for 12 yards (D.Johnson).
2026,PRESEASON WEEK 1,Friday,August 14th,MIA,WAS,4th Quarter,1,Miami Dolphins,0,3,0,5 Yard Run,1st & 10 at MIA 37,00:09 3rd,— O.Gordon left guard to MIA 42 for 5 yards (J.M'ba).
2026,PRESEASON WEEK 1,Friday,August 14th,MIA,WAS,4th Quarter,1,Miami Dolphins,0,4,0,-10 Yard Penalty,2nd & 5 at MIA 42,15:00 4th,"— C.Miller pass incomplete deep right to T.Marshall. PENALTY on MIA-C.Turner, Offensive Holding, 10 yards, enforced at MIA 42 - No Play."
2026,PRESEASON WEEK 1,Friday,August 14th,MIA,WAS,4th Quarter,1,Miami Dolphins,0,5,0,Pass Incomplete,2nd & 15 at MIA 32,14:54 4th Shotgun,— C.Miller pass incomplete short left to O.Gordon.
2026,PRESEASON WEEK 1,Friday,August 14th,MIA,WAS,4th Quarter,1,Miami Dolphins,0,6,0,24 Yard Pass,3rd & 15 at MIA 32,14:52 4th Shotgun,— C.Miller pass deep left to A.Henning to WAS 44 for 24 yards (M.Spencer).
2026,PRESEASON WEEK 1,Friday,August 14th,MIA,WAS,4th Quarter,1,Miami Dolphins,0,7,0,-11 Yard Penalty,1st & 10 at WAS 44,14:12 4th,"— O.Gordon right end to WAS 33 for 11 yards (Q.Knight). PENALTY on MIA-D.Herman, Offensive Holding, 11 yards, enforced at WAS 44 - No Play."
2026,PRESEASON WEEK 1,Friday,August 14th,MIA,WAS,4th Quarter,1,Miami Dolphins,0,8,0,1 Yard Run,1st & 21 at MIA 45,13:42 4th,— C.Washington left guard to MIA 46 for 1 yard (B.Cowart).
2026,PRESEASON WEEK 1,Friday,August 14th,MIA,WAS,4th Quarter,1,Miami Dolphins,0,9,0,9 Yard Pass,2nd & 20 at MIA 46,12:59 4th Shotgun,— C.Miller pass short left to T.Marshall to WAS 45 for 9 yards (F.Davis).
2026,PRESEASON WEEK 1,Friday,August 14th,MIA,WAS,4th Quarter,1,Miami Dolphins,0,10,0,Pass Incomplete,3rd & 11 at WAS 45,12:25 4th Shotgun,— C.Miller pass incomplete deep right to J.Tolbert. WAS-F.Davis was injured during the play.
2026,PRESEASON WEEK 1,Friday,August 14th,MIA,WAS,4th Quarter,1,Miami Dolphins,0,11,0,Punt,4th & 11 at WAS 45,12:22 4th,"— B.Pinion punts 43 yards to WAS 2, Center-T.Addington, downed by MIA-T.Washington."
2026,PRESEASON WEEK 1,Friday,August 14th,MIA,WAS,4th Quarter,2,Washington Commanders,0,1,0,3 Yard Run,1st & 10 at WAS 2,12:13 4th,— K.Allen right guard to WAS 5 for 3 yards (R.McGraw).
2026,PRESEASON WEEK 1,Friday,August 14th,MIA,WAS,4th Quarter,2,Washington Commanders,0,2,0,3 Yard Run,2nd & 7 at WAS 5,11:41 4th,— K.Allen left tackle to WAS 8 for 3 yards (F.Mulbah; J.Woodard).
2026,PRESEASON WEEK 1,Friday,August 14th,MIA,WAS,4th Quarter,2,Washington Commanders,0,3,0,12 Yard Pass,3rd & 4 at WAS 8,10:58 4th Shotgun,— A.Kaliakmanis pass short left to J.Bradley pushed ob at WAS 20 for 12 yards (N.McCloud).
2026,PRESEASON WEEK 1,Friday,August 14th,MIA,WAS,4th Quarter,2,Washington Commanders,0,4,0,2 Yard Run,1st & 10 at WAS 20,10:20 4th,— R.Henry right guard to WAS 22 for 2 yards (F.Mulbah; J.Woodard).
2026,PRESEASON WEEK 1,Friday,August 14th,MIA,WAS,4th Quarter,2,Washington Commanders,0,5,0,-11 Yard Sack,2nd & 8 at WAS 22,09:37 4th Shotgun,— A.Kaliakmanis sacked at WAS 11 for -11 yards (M.Reiger).
2026,PRESEASON WEEK 1,Friday,August 14th,MIA,WAS,4th Quarter,2,Washington Commanders,0,6,0,Pass Incomplete,3rd & 19 at WAS 11,08:55 4th Shotgun,— A.Kaliakmanis pass incomplete short right to J.Bradley (M.Llewellyn).
2026,PRESEASON WEEK 1,Friday,August 14th,MIA,WAS,4th Quarter,2,Washington Commanders,0,7,0,Punt,4th & 19 at WAS 11,08:51 4th,"— M.Haack punts 44 yards to MIA 45, Center-T.Ott. T.Atwell to MIA 44 for -1 yards (D.Rush)."
2026,PRESEASON WEEK 1,Friday,August 14th,MIA,WAS,4th Quarter,3,Miami Dolphins,0,1,0,Interception,1st & 10 at MIA 44,08:42 4th Shotgun,— C.Miller pass short right intended for T.Washington INTERCEPTED by A.Kaho [B.Cowart] at WAS 45. A.Kaho to MIA 33 for 22 yards (D.Edwards).
2026,PRESEASON WEEK 1,Friday,August 14th,MIA,WAS,4th Quarter,4,Washington Commanders,1,1,0,5 Yard Run,1st & 10 at MIA 33,08:32 4th,— K.Allen right end to MIA 28 for 5 yards (J.Woodard; M.Reiger).
2026,PRESEASON WEEK 1,Friday,August 14th,MIA,WAS,4th Quarter,4,Washington Commanders,1,2,0,2 Yard Run,2nd & 5 at MIA 28,07:52 4th,— K.Allen left tackle to MIA 26 for 2 yards (R.McGraw).
2026,PRESEASON WEEK 1,Friday,August 14th,MIA,WAS,4th Quarter,4,Washington Commanders,1,3,0,2 Yard Run,3rd & 3 at MIA 26,07:13 4th,— K.Allen right guard to MIA 24 for 2 yards (J.Woodard; A.Green).
2026,PRESEASON WEEK 1,Friday,August 14th,MIA,WAS,4th Quarter,4,Washington Commanders,1,4,1,Field Goal,4th & 1 at MIA 24,06:29 4th,"— D.Stevens 41 yard field goal is GOOD, Center-T.Ott, Holder-T.Way."
2026,PRESEASON WEEK 1,Friday,August 14th,MIA,WAS,4th Quarter,5,Miami Dolphins,0,1,0,Kickoff from WAS 35,,Kickoff,"— J.Moody kicks 65 yards from WAS 35 to end zone, Touchback to the MIA 35."
2026,PRESEASON WEEK 1,Friday,August 14th,MIA,WAS,4th Quarter,5,Miami Dolphins,0,2,0,Timeout,,06:25 4th,— Timeout #1 by WAS at 06:25.
2026,PRESEASON WEEK 1,Friday,August 14th,MIA,WAS,4th Quarter,5,Miami Dolphins,0,3,0,-1 Yard Run,1st & 10 at MIA 35,06:25 4th,— D.Edwards left tackle to MIA 34 for -1 yards (A.Hamilton).
2026,PRESEASON WEEK 1,Friday,August 14th,MIA,WAS,4th Quarter,5,Miami Dolphins,0,4,0,1 Yard Run,2nd & 11 at MIA 34,05:49 4th,— C.Washington up the middle to MIA 35 for 1 yard (A.Hamilton).
2026,PRESEASON WEEK 1,Friday,August 14th,MIA,WAS,4th Quarter,5,Miami Dolphins,0,5,0,Interception,3rd & 10 at MIA 35,05:07 4th Shotgun,— C.Miller pass deep middle intended for J.Franklin INTERCEPTED by M.Spencer [B.Cowart] at WAS 41. M.Spencer to WAS 41 for no gain (J.Franklin).
2026,PRESEASON WEEK 1,Friday,August 14th,MIA,WAS,4th Quarter,6,Washington Commanders,0,1,0,6 Yard Run,1st & 10 at WAS 41,05:01 4th,— R.Henry right tackle to WAS 47 for 6 yards (T.Wall; A.Huntley).
2026,PRESEASON WEEK 1,Friday,August 14th,MIA,WAS,4th Quarter,6,Washington Commanders,0,2,0,3 Yard Run,2nd & 4 at WAS 47,04:17 4th,— R.Henry left end to 50 for 3 yards (K.Louis; L.Moore).
2026,PRESEASON WEEK 1,Friday,August 14th,MIA,WAS,4th Quarter,6,Washington Commanders,0,3,0,17 Yard Run,3rd & 1 at 50,03:33 4th,"— K.Allen left guard to MIA 48 for 2 yards (F.Mulbah). PENALTY on MIA-A.Harvey, Face Mask, 15 yards, enforced at MIA 48."
2026,PRESEASON WEEK 1,Friday,August 14th,MIA,WAS,4th Quarter,6,Washington Commanders,0,4,0,2 Yard Run,1st & 10 at MIA 33,03:25 4th,— K.Allen right tackle to MIA 31 for 2 yards (T.Wall).
2026,PRESEASON WEEK 1,Friday,August 14th,MIA,WAS,4th Quarter,6,Washington Commanders,0,5,0,-5 Yard Penalty,2nd & 8 at MIA 31,02:44 4th Shotgun,"— PENALTY on WAS, Illegal Substitution, 5 yards, enforced at MIA 31 - No Play."
2026,PRESEASON WEEK 1,Friday,August 14th,MIA,WAS,4th Quarter,6,Washington Commanders,0,6,0,7 Yard Run,2nd & 13 at MIA 36,02:44 4th Shotgun,— K.Allen right end to MIA 29 for 7 yards (K.Cooper).
2026,PRESEASON WEEK 1,Friday,August 14th,MIA,WAS,4th Quarter,6,Washington Commanders,0,7,0,12 Yard Run,3rd & 6 at MIA 29,02:00 4th,— K.Allen right tackle to MIA 17 for 12 yards (K.Louis).
2026,PRESEASON WEEK 1,Friday,August 14th,MIA,WAS,4th Quarter,6,Washington Commanders,0,8,0,-2 Yard Run,1st & 10 at MIA 17,01:14 4th,— A.Kaliakmanis kneels to MIA 19 for -2 yards.
2026,PRESEASON WEEK 1,Friday,August 14th,MIA,WAS,4th Quarter,6,Washington Commanders,0,9,0,-1 Yard Run,2nd & 12 at MIA 19,00:38 4th,— A.Kaliakmanis kneels to MIA 20 for -1 yards.
2026,PRESEASON WEEK 1,Saturday,August 15th,CAR,BUF,1st Quarter,1,Buffalo Bills,1,1,0,Kickoff from CAR 35,,Kickoff,— R.Fitzgerald kicks 64 yards from CAR 35 to BUF 1. D.Pettis to BUF 31 for 30 yards (I.Simmons).
2026,PRESEASON WEEK 1,Saturday,August 15th,CAR,BUF,1st Quarter,1,Buffalo Bills,1,2,0,21 Yard Pass,1st & 10 at BUF 31,14:53 1st,— J.Allen pass deep right to K.Shakir to CAR 48 for 21 yards (M.Jackson).
2026,PRESEASON WEEK 1,Saturday,August 15th,CAR,BUF,1st Quarter,1,Buffalo Bills,1,3,0,3 Yard Run,1st & 10 at CAR 48,14:14 1st,— J.Cook right tackle to CAR 45 for 3 yards (C.Cherelus).
2026,PRESEASON WEEK 1,Saturday,August 15th,CAR,BUF,1st Quarter,1,Buffalo Bills,1,4,0,32 Yard Pass,2nd & 7 at CAR 45,13:39 1st,— J.Allen pass short left to D.Moore to CAR 13 for 32 yards (N.Scott).
2026,PRESEASON WEEK 1,Saturday,August 15th,CAR,BUF,1st Quarter,1,Buffalo Bills,1,5,0,6 Yard Run,1st & 10 at CAR 13,12:52 1st,— J.Cook right guard to CAR 7 for 6 yards (D.Lloyd).
2026,PRESEASON WEEK 1,Saturday,August 15th,CAR,BUF,1st Quarter,1,Buffalo Bills,1,6,0,-8 Yard Sack,2nd & 4 at CAR 7,12:15 1st Shotgun,— J.Allen sacked at CAR 15 for -8 yards (J.Phillips).
2026,PRESEASON WEEK 1,Saturday,August 15th,CAR,BUF,1st Quarter,1,Buffalo Bills,1,7,0,Pass Incomplete,3rd & 12 at CAR 15,11:31 1st Shotgun,— J.Allen pass incomplete short right to D.Moore.
2026,PRESEASON WEEK 1,Saturday,August 15th,CAR,BUF,1st Quarter,1,Buffalo Bills,1,8,1,Field Goal,4th & 12 at CAR 15,11:25 1st,"— T.Bass 33 yard field goal is GOOD, Center-R.Ferguson, Holder-T.Doman."
2026,PRESEASON WEEK 1,Saturday,August 15th,CAR,BUF,1st Quarter,2,Carolina Panthers,0,1,0,Kickoff from BUF 35,,Kickoff,— T.Bass kicks 58 yards from BUF 35 to CAR 7. Ji.Horn pushed ob at CAR 37 for 30 yards (S.Franklin).
2026,PRESEASON WEEK 1,Saturday,August 15th,CAR,BUF,1st Quarter,2,Carolina Panthers,0,2,0,0 Yard Run,1st & 10 at CAR 37,11:16 1st,— J.Brooks right guard to CAR 37 for no gain (D.Walker).
2026,PRESEASON WEEK 1,Saturday,August 15th,CAR,BUF,1st Quarter,2,Carolina Panthers,0,3,0,6 Yard Pass,2nd & 10 at CAR 37,10:44 1st Shotgun,— B.Young pass short left to T.Tremble to CAR 43 for 6 yards (T.Bernard).
2026,PRESEASON WEEK 1,Saturday,August 15th,CAR,BUF,1st Quarter,2,Carolina Panthers,0,4,0,Pass Incomplete,3rd & 4 at CAR 43,10:03 1st Shotgun,— B.Young pass incomplete short left to X.Legette.
2026,PRESEASON WEEK 1,Saturday,August 15th,CAR,BUF,1st Quarter,2,Carolina Panthers,0,5,0,Punt,4th & 4 at CAR 43,09:58 1st,"— S.Martin punts 57 yards to end zone, Center-J.Jansen, Touchback."
2026,PRESEASON WEEK 1,Saturday,August 15th,CAR,BUF,1st Quarter,3,Buffalo Bills,1,1,0,-1 Yard Run,1st & 10 at BUF 20,09:49 1st,— J.Cook left end to BUF 19 for -1 yards (D.Lloyd).
2026,PRESEASON WEEK 1,Saturday,August 15th,CAR,BUF,1st Quarter,3,Buffalo Bills,1,2,0,11 Yard Pass,2nd & 11 at BUF 19,09:14 1st Shotgun,— J.Allen pass short right to D.Moore pushed ob at BUF 30 for 11 yards (M.Jackson) [P.Umanmielen].
2026,PRESEASON WEEK 1,Saturday,August 15th,CAR,BUF,1st Quarter,3,Buffalo Bills,1,3,0,13 Yard Run,1st & 10 at BUF 30,08:24 1st,— J.Cook left tackle to BUF 43 for 13 yards (N.Scott; J.Phillips).
2026,PRESEASON WEEK 1,Saturday,August 15th,CAR,BUF,1st Quarter,3,Buffalo Bills,1,4,0,20 Yard Pass,1st & 10 at BUF 43,07:41 1st,— J.Allen pass short left to K.Shakir pushed ob at CAR 37 for 20 yards (D.Lloyd; C.Cherelus).
2026,PRESEASON WEEK 1,Saturday,August 15th,CAR,BUF,1st Quarter,3,Buffalo Bills,1,5,0,0 Yard Run,1st & 10 at CAR 37,07:02 1st,— J.Cook up the middle to CAR 37 for no gain (T.Incoom).
2026,PRESEASON WEEK 1,Saturday,August 15th,CAR,BUF,1st Quarter,3,Buffalo Bills,1,6,0,Pass Incomplete,2nd & 10 at CAR 37,06:25 1st Shotgun,— J.Allen pass incomplete deep right to K.Coleman.
2026,PRESEASON WEEK 1,Saturday,August 15th,CAR,BUF,1st Quarter,3,Buffalo Bills,1,7,0,-5 Yard Penalty,3rd & 10 at CAR 37,06:19 1st Shotgun,"— PENALTY on BUF-D.Dawkins, False Start, 5 yards, enforced at CAR 37 - No Play."
2026,PRESEASON WEEK 1,Saturday,August 15th,CAR,BUF,1st Quarter,3,Buffalo Bills,1,8,0,15 Yard Penalty,3rd & 15 at CAR 42,06:19 1st Shotgun,"— J.Allen sacked at BUF 49 for -9 yards (T.Gipson). PENALTY on CAR-T.Gipson, Face Mask, 15 yards, enforced at CAR 42 - No Play."
2026,PRESEASON WEEK 1,Saturday,August 15th,CAR,BUF,1st Quarter,3,Buffalo Bills,1,9,0,18 Yard Pass,1st & 10 at CAR 27,05:55 1st,— J.Allen pass deep left to D.Moore pushed ob at CAR 9 for 18 yards (Z.Wheatley).
2026,PRESEASON WEEK 1,Saturday,August 15th,CAR,BUF,1st Quarter,3,Buffalo Bills,1,10,1,Touchdown,1st & 9 at CAR 9,05:18 1st,"— J.Allen pass short middle to K.Coleman for 9 yards, TOUCHDOWN."
2026,PRESEASON WEEK 1,Saturday,August 15th,CAR,BUF,1st Quarter,3,Buffalo Bills,1,11,1,Extra Point,,05:12 1st,"— T.Bass extra point is GOOD, Center-R.Ferguson, Holder-T.Doman."
2026,PRESEASON WEEK 1,Saturday,August 15th,CAR,BUF,1st Quarter,4,Carolina Panthers,0,1,0,Kickoff from BUF 35,,Kickoff,— T.Bass kicks 57 yards from BUF 35 to CAR 8. T.Etienne to CAR 30 for 22 yards (T.Sherfield; S.Franklin).
2026,PRESEASON WEEK 1,Saturday,August 15th,CAR,BUF,1st Quarter,4,Carolina Panthers,0,2,0,9 Yard Pass,1st & 10 at CAR 30,05:05 1st Shotgun,— B.Young pass short right to J.Brooks pushed ob at CAR 39 for 9 yards (K.Elarms-Orr; D.Alford).
2026,PRESEASON WEEK 1,Saturday,August 15th,CAR,BUF,1st Quarter,4,Carolina Panthers,0,3,0,-1 Yard Run,2nd & 1 at CAR 39,"04:32 1st No Huddle, Shotgun","— J.Brooks up the middle to CAR 38 for -1 yards (B.Chubb, D.Walker)."
2026,PRESEASON WEEK 1,Saturday,August 15th,CAR,BUF,1st Quarter,4,Carolina Panthers,0,4,0,Pass Incomplete,3rd & 2 at CAR 38,03:50 1st Shotgun,— B.Young pass incomplete short left to T.Tremble (T.Bernard).
2026,PRESEASON WEEK 1,Saturday,August 15th,CAR,BUF,1st Quarter,4,Carolina Panthers,0,5,0,Punt,4th & 2 at CAR 38,03:47 1st,"— S.Martin punts 57 yards to BUF 5, Center-J.Jansen. M.Hardman to BUF 17 for 12 yards (I.Simmons)."
2026,PRESEASON WEEK 1,Saturday,August 15th,CAR,BUF,2nd Quarter,1,Buffalo Bills,0,1,0,5 Yard Run,1st & 10 at BUF 17,03:34 1st,— R.Davis up the middle to BUF 22 for 5 yards (A.Hall).
2026,PRESEASON WEEK 1,Saturday,August 15th,CAR,BUF,2nd Quarter,1,Buffalo Bills,0,2,0,6 Yard Pass,2nd & 5 at BUF 22,02:56 1st Shotgun,— K.Allen pass short left to J.Hawes to BUF 28 for 6 yards (C.Cherelus).
2026,PRESEASON WEEK 1,Saturday,August 15th,CAR,BUF,2nd Quarter,1,Buffalo Bills,0,3,0,27 Yard Run,1st & 10 at BUF 28,02:16 1st,— M.Hardman left end to CAR 45 for 27 yards (L.Ransom).
2026,PRESEASON WEEK 1,Saturday,August 15th,CAR,BUF,2nd Quarter,1,Buffalo Bills,0,4,0,-7 Yard Sack,1st & 10 at CAR 45,01:31 1st,— K.Allen sacked at BUF 48 for -7 yards (C.Gill).
2026,PRESEASON WEEK 1,Saturday,August 15th,CAR,BUF,2nd Quarter,1,Buffalo Bills,0,5,0,12 Yard Pass,2nd & 17 at BUF 48,00:48 1st Shotgun,— K.Allen pass short left to R.Davis to CAR 40 for 12 yards (Z.Wheatley; T.Wallace).
2026,PRESEASON WEEK 1,Saturday,August 15th,CAR,BUF,2nd Quarter,1,Buffalo Bills,0,6,0,2 Yard Run,3rd & 5 at CAR 40,00:03 1st Shotgun,— K.Allen scrambles left end to CAR 38 for 2 yards (C.Smith-Wade).
2026,PRESEASON WEEK 1,Saturday,August 15th,CAR,BUF,2nd Quarter,1,Buffalo Bills,0,7,0,6 Yard Pass,4th & 3 at CAR 38,15:00 2nd Shotgun,— K.Allen pass short right to K.Coleman to CAR 32 for 6 yards (C.Smith-Wade).
2026,PRESEASON WEEK 1,Saturday,August 15th,CAR,BUF,2nd Quarter,1,Buffalo Bills,0,8,0,4 Yard Run,1st & 10 at CAR 32,14:16 2nd Shotgun,— R.Davis right guard to CAR 28 for 4 yards (C.Gill). BUF-A.Anderson was injured during the play.
2026,PRESEASON WEEK 1,Saturday,August 15th,CAR,BUF,2nd Quarter,1,Buffalo Bills,0,9,0,Pass Incomplete,2nd & 6 at CAR 28,13:47 2nd,— K.Allen pass incomplete short left [P.Umanmielen].
2026,PRESEASON WEEK 1,Saturday,August 15th,CAR,BUF,2nd Quarter,1,Buffalo Bills,0,10,0,2 Yard Pass,3rd & 6 at CAR 28,13:42 2nd Shotgun,— K.Allen pass short right to K.Coleman to CAR 26 for 2 yards (T.Wallace). ** Injury Update: BUF-A.Anderson has returned to the game.
2026,PRESEASON WEEK 1,Saturday,August 15th,CAR,BUF,2nd Quarter,1,Buffalo Bills,0,11,0,Field Goal No Good,4th & 4 at CAR 26,12:58 2nd,"— T.Bass 45 yard field goal is No Good, Wide Right, Center-R.Ferguson, Holder-T.Doman."
2026,PRESEASON WEEK 1,Saturday,August 15th,CAR,BUF,2nd Quarter,2,Carolina Panthers,0,1,0,6 Yard Run,1st & 10 at CAR 35,12:54 2nd Shotgun,— J.Brooks up the middle to CAR 41 for 6 yards (B.Chubb).
2026,PRESEASON WEEK 1,Saturday,August 15th,CAR,BUF,2nd Quarter,2,Carolina Panthers,0,2,0,-5 Yard Penalty,2nd & 4 at CAR 41,12:16 2nd Shotgun,"— B.Young pass short right to J.Coker to 50 for 9 yards (D.Igbinosun; D.Williams). PENALTY on CAR-L.Fortner, Ineligible Downfield Pass, 5 yards, enforced at CAR 41 - No Play."
2026,PRESEASON WEEK 1,Saturday,August 15th,CAR,BUF,2nd Quarter,2,Carolina Panthers,0,3,0,3 Yard Pass,2nd & 9 at CAR 36,11:56 2nd Shotgun,— B.Young pass short right to J.Sanders to CAR 39 for 3 yards (D.Williams).
2026,PRESEASON WEEK 1,Saturday,August 15th,CAR,BUF,2nd Quarter,2,Carolina Panthers,0,4,0,-6 Yard Sack,3rd & 6 at CAR 39,11:11 2nd Shotgun,— B.Young sacked at CAR 33 for -6 yards (D.Walker).
2026,PRESEASON WEEK 1,Saturday,August 15th,CAR,BUF,2nd Quarter,2,Carolina Panthers,0,5,0,Punt,4th & 12 at CAR 33,10:30 2nd,"— S.Martin punts 45 yards to BUF 22, Center-J.Jansen, fair catch by M.Hardman."
2026,PRESEASON WEEK 1,Saturday,August 15th,CAR,BUF,2nd Quarter,3,Buffalo Bills,1,1,0,-10 Yard Penalty,1st & 10 at BUF 22,10:22 2nd,"— K.Allen pass incomplete short left to T.Sherfield. PENALTY on BUF-A.Reed-Adams, Offensive Holding, 10 yards, enforced at BUF 22 - No Play."
2026,PRESEASON WEEK 1,Saturday,August 15th,CAR,BUF,2nd Quarter,3,Buffalo Bills,1,2,0,8 Yard Run,1st & 20 at BUF 12,10:18 2nd Shotgun,— F.Gore up the middle to BUF 20 for 8 yards (Z.Wheatley; L.Ransom).
2026,PRESEASON WEEK 1,Saturday,August 15th,CAR,BUF,2nd Quarter,3,Buffalo Bills,1,3,0,13 Yard Pass,2nd & 12 at BUF 20,09:37 2nd Shotgun,— K.Allen pass short right to K.Latu to BUF 33 for 13 yards (B.Martin-Scott).
2026,PRESEASON WEEK 1,Saturday,August 15th,CAR,BUF,2nd Quarter,3,Buffalo Bills,1,4,0,8 Yard Pass,1st & 10 at BUF 33,08:56 2nd Shotgun,— K.Allen pass short left to T.Sherfield pushed ob at BUF 41 for 8 yards (W.Lee).
2026,PRESEASON WEEK 1,Saturday,August 15th,CAR,BUF,2nd Quarter,3,Buffalo Bills,1,5,0,4 Yard Run,2nd & 2 at BUF 41,08:24 2nd,— F.Gore right tackle to BUF 45 for 4 yards (L.Ransom).
2026,PRESEASON WEEK 1,Saturday,August 15th,CAR,BUF,2nd Quarter,3,Buffalo Bills,1,6,0,18 Yard Pass,1st & 10 at BUF 45,07:44 2nd,— K.Allen pass short right to S.Gosnell to CAR 37 for 18 yards (Z.Wheatley).
2026,PRESEASON WEEK 1,Saturday,August 15th,CAR,BUF,2nd Quarter,3,Buffalo Bills,1,7,0,-5 Yard Penalty,1st & 10 at CAR 37,07:05 2nd,"— F.Gore left guard to CAR 35 for 2 yards (W.Lee). PENALTY on BUF-S.Gosnell, Illegal Shift, 5 yards, enforced at CAR 37 - No Play."
2026,PRESEASON WEEK 1,Saturday,August 15th,CAR,BUF,2nd Quarter,3,Buffalo Bills,1,8,0,9 Yard Pass,1st & 15 at CAR 42,06:42 2nd,— K.Allen pass short left to R.Davis to CAR 33 for 9 yards (Z.Wheatley).
2026,PRESEASON WEEK 1,Saturday,August 15th,CAR,BUF,2nd Quarter,3,Buffalo Bills,1,9,0,12 Yard Run,2nd & 6 at CAR 33,06:03 2nd Shotgun,"— R.Davis right guard to CAR 21 for 12 yards (L.Ransom, Z.Wheatley)."
2026,PRESEASON WEEK 1,Saturday,August 15th,CAR,BUF,2nd Quarter,3,Buffalo Bills,1,10,0,4 Yard Pass,1st & 10 at CAR 21,05:27 2nd Shotgun,— K.Allen pass short right to T.Sherfield to CAR 17 for 4 yards (A.Evans).
2026,PRESEASON WEEK 1,Saturday,August 15th,CAR,BUF,2nd Quarter,3,Buffalo Bills,1,11,0,-2 Yard Pass,2nd & 6 at CAR 17,04:51 2nd Shotgun,"— K.Allen pass short left to K.Latu to CAR 19 for -2 yards (C.Smith-Wade, T.Gipson)."
2026,PRESEASON WEEK 1,Saturday,August 15th,CAR,BUF,2nd Quarter,3,Buffalo Bills,1,12,0,-9 Yard Sack,3rd & 8 at CAR 19,04:10 2nd Shotgun,— K.Allen sacked at CAR 28 for -9 yards (sack split by T.Gipson and A.Hall).
2026,PRESEASON WEEK 1,Saturday,August 15th,CAR,BUF,2nd Quarter,3,Buffalo Bills,1,13,1,Field Goal,4th & 17 at CAR 28,03:25 2nd,"— T.Bass 46 yard field goal is GOOD, Center-R.Ferguson, Holder-T.Doman."
2026,PRESEASON WEEK 1,Saturday,August 15th,CAR,BUF,2nd Quarter,4,Carolina Panthers,1,1,0,Kickoff from BUF 35,,Kickoff,"— T.Bass kicks 61 yards from BUF 35 to CAR 4. Ji.Horn pushed ob at CAR 30 for 26 yards (T.Sherfield). PENALTY on CAR-F.Franks, Offensive Holding, 10 yards, enforced at CAR 27."
2026,PRESEASON WEEK 1,Saturday,August 15th,CAR,BUF,2nd Quarter,4,Carolina Panthers,1,2,0,3 Yard Run,1st & 10 at CAR 17,03:15 2nd Shotgun,— T.Etienne left guard to CAR 20 for 3 yards (K.Jenkins).
2026,PRESEASON WEEK 1,Saturday,August 15th,CAR,BUF,2nd Quarter,4,Carolina Panthers,1,3,0,1 Yard Run,2nd & 7 at CAR 20,02:38 2nd Shotgun,— T.Etienne right guard to CAR 21 for 1 yard (J.Hancock).
2026,PRESEASON WEEK 1,Saturday,August 15th,CAR,BUF,2nd Quarter,4,Carolina Panthers,1,4,0,16 Yard Run,3rd & 6 at CAR 21,02:00 2nd Shotgun,"— K.Pickett scrambles right tackle to CAR 22 for 1 yard (J.Solomon; L.Jackson). PENALTY on BUF-G.Stone, Face Mask, 15 yards, enforced at CAR 22."
2026,PRESEASON WEEK 1,Saturday,August 15th,CAR,BUF,2nd Quarter,4,Carolina Panthers,1,5,0,3 Yard Run,1st & 10 at CAR 37,01:53 2nd Shotgun,— T.Etienne up the middle to CAR 40 for 3 yards (L.Jackson; D.Williams).
2026,PRESEASON WEEK 1,Saturday,August 15th,CAR,BUF,2nd Quarter,4,Carolina Panthers,1,6,0,11 Yard Pass,2nd & 7 at CAR 40,"01:33 2nd No Huddle, Shotgun",— K.Pickett pass short middle to Ji.Horn to BUF 49 for 11 yards (T.Pride).
2026,PRESEASON WEEK 1,Saturday,August 15th,CAR,BUF,2nd Quarter,4,Carolina Panthers,1,7,0,25 Yard Penalty,1st & 10 at BUF 49,"01:15 2nd No Huddle, Shotgun","— K.Pickett pass incomplete deep left to J.Reed. PENALTY on BUF-T.Pride, Defensive Pass Interference, 25 yards, enforced at BUF 49 - No Play."
2026,PRESEASON WEEK 1,Saturday,August 15th,CAR,BUF,2nd Quarter,4,Carolina Panthers,1,8,0,11 Yard Pass,1st & 10 at BUF 24,01:12 2nd Shotgun,— K.Pickett pass short right to T.Etienne pushed ob at BUF 13 for 11 yards (G.Stone).
2026,PRESEASON WEEK 1,Saturday,August 15th,CAR,BUF,2nd Quarter,4,Carolina Panthers,1,9,0,1 Yard Run,1st & 10 at BUF 13,"01:06 2nd No Huddle, Shotgun",— T.Etienne right guard to BUF 12 for 1 yard (D.Hamlin; D.Carter).
2026,PRESEASON WEEK 1,Saturday,August 15th,CAR,BUF,2nd Quarter,4,Carolina Panthers,1,10,0,Timeout,,01:02 2nd,— Timeout #1 by BUF at 01:02.
2026,PRESEASON WEEK 1,Saturday,August 15th,CAR,BUF,2nd Quarter,4,Carolina Panthers,1,11,0,10 Yard Run,2nd & 9 at BUF 12,01:02 2nd Shotgun,— K.Pickett scrambles left guard to BUF 2 for 10 yards (D.Williams).
2026,PRESEASON WEEK 1,Saturday,August 15th,CAR,BUF,2nd Quarter,4,Carolina Panthers,1,12,0,-4 Yard Run,1st & 2 at BUF 2,"00:36 2nd No Huddle, Shotgun",— T.Etienne up the middle to BUF 6 for -4 yards (J.Hancock).
2026,PRESEASON WEEK 1,Saturday,August 15th,CAR,BUF,2nd Quarter,4,Carolina Panthers,1,13,0,Timeout,,00:33 2nd,— Timeout #1 by CAR at 00:33.
2026,PRESEASON WEEK 1,Saturday,August 15th,CAR,BUF,2nd Quarter,4,Carolina Panthers,1,14,1,Touchdown,2nd & 6 at BUF 6,00:33 2nd Shotgun,"— K.Pickett pass short middle to J.Reed for 6 yards, TOUCHDOWN."
2026,PRESEASON WEEK 1,Saturday,August 15th,CAR,BUF,2nd Quarter,4,Carolina Panthers,1,15,1,Extra Point,,00:29 2nd,"— R.Fitzgerald extra point is GOOD, Center-J.Jansen, Holder-S.Martin."
2026,PRESEASON WEEK 1,Saturday,August 15th,CAR,BUF,2nd Quarter,5,Buffalo Bills,0,1,0,Kickoff from CAR 35,,Kickoff,"— R.Fitzgerald kicks 67 yards from CAR 35 to BUF -2. D.Pettis to BUF 27 for 29 yards (B.Martin-Scott; I.Smith). FUMBLES (B.Martin-Scott), and recovers at BUF 28."
2026,PRESEASON WEEK 1,Saturday,August 15th,CAR,BUF,2nd Quarter,5,Buffalo Bills,0,2,0,6 Yard Pass,1st & 10 at BUF 28,00:23 2nd Shotgun,— K.Allen pass short left to R.Davis to BUF 34 for 6 yards (I.Simmons).
2026,PRESEASON WEEK 1,Saturday,August 15th,CAR,BUF,2nd Quarter,5,Buffalo Bills,0,3,0,Timeout,,00:18 2nd,— Timeout #2 by BUF at 00:18.
2026,PRESEASON WEEK 1,Saturday,August 15th,CAR,BUF,2nd Quarter,5,Buffalo Bills,0,4,0,18 Yard Pass,2nd & 4 at BUF 34,00:18 2nd Shotgun,— K.Allen pass short middle to S.Gosnell to CAR 48 for 18 yards (J.Kuwatch).
2026,PRESEASON WEEK 1,Saturday,August 15th,CAR,BUF,2nd Quarter,5,Buffalo Bills,0,5,0,Timeout,,00:13 2nd,— Timeout #3 by BUF at 00:13.
2026,PRESEASON WEEK 1,Saturday,August 15th,CAR,BUF,2nd Quarter,5,Buffalo Bills,0,6,0,Timeout,,00:13 2nd,— Timeout #2 by CAR at 00:13.
2026,PRESEASON WEEK 1,Saturday,August 15th,CAR,BUF,2nd Quarter,5,Buffalo Bills,0,7,0,-5 Yard Penalty,1st & 10 at CAR 48,00:13 2nd Shotgun,"— PENALTY on BUF-S.Van Pran-Granger, False Start, 5 yards, enforced at CAR 48 - No Play."
2026,PRESEASON WEEK 1,Saturday,August 15th,CAR,BUF,2nd Quarter,5,Buffalo Bills,0,8,0,5 Yard Pass,1st & 15 at BUF 47,00:13 2nd Shotgun,— K.Allen pass short right to R.Davis pushed ob at CAR 48 for 5 yards (J.Kuwatch) [C.Gill].
2026,PRESEASON WEEK 1,Saturday,August 15th,CAR,BUF,2nd Quarter,5,Buffalo Bills,0,9,0,Timeout,,00:07 2nd,— Timeout #3 by CAR at 00:07.
2026,PRESEASON WEEK 1,Saturday,August 15th,CAR,BUF,2nd Quarter,5,Buffalo Bills,0,10,0,Pass Incomplete,2nd & 10 at CAR 48,00:07 2nd Shotgun,— K.Allen pass incomplete short right to S.Zylstra.
2026,PRESEASON WEEK 1,Saturday,August 15th,CAR,BUF,2nd Quarter,5,Buffalo Bills,0,11,0,3 Yard Pass,3rd & 10 at CAR 48,00:02 2nd Shotgun,— K.Allen pass short left to M.Hardman to CAR 45 for 3 yards (J.Kuwatch).
2026,PRESEASON WEEK 1,Saturday,August 15th,CAR,BUF,3rd Quarter,1,Carolina Panthers,0,1,0,Kickoff from BUF 35,,Kickoff,— T.Bass kicks 63 yards from BUF 35 to CAR 2. J.Metchie to CAR 30 for 28 yards (A.Jones).
2026,PRESEASON WEEK 1,Saturday,August 15th,CAR,BUF,3rd Quarter,1,Carolina Panthers,0,2,0,4 Yard Pass,1st & 10 at CAR 30,14:53 3rd,— K.Pickett pass short left to T.Etienne pushed ob at CAR 34 for 4 yards (J.Solomon).
2026,PRESEASON WEEK 1,Saturday,August 15th,CAR,BUF,3rd Quarter,1,Carolina Panthers,0,3,0,5 Yard Run,2nd & 6 at CAR 34,14:20 3rd Shotgun,— K.Pickett scrambles left guard to CAR 39 for 5 yards (J.Solomon).
2026,PRESEASON WEEK 1,Saturday,August 15th,CAR,BUF,3rd Quarter,1,Carolina Panthers,0,4,0,2 Yard Pass,3rd & 1 at CAR 39,13:44 3rd,— K.Pickett pass short left to F.Franks pushed ob at CAR 41 for 2 yards (K.Elarms-Orr). CAR-J.Carter was injured during the play.
2026,PRESEASON WEEK 1,Saturday,August 15th,CAR,BUF,3rd Quarter,1,Carolina Panthers,0,5,0,3 Yard Run,1st & 10 at CAR 41,13:09 3rd,— T.Etienne left tackle to CAR 44 for 3 yards (K.Jenkins).
2026,PRESEASON WEEK 1,Saturday,August 15th,CAR,BUF,3rd Quarter,1,Carolina Panthers,0,6,0,7 Yard Pass,2nd & 7 at CAR 44,12:33 3rd Shotgun,— K.Pickett pass short left to T.Etienne to BUF 49 for 7 yards (D.Igbinosun). The first down was assisted by replay.
2026,PRESEASON WEEK 1,Saturday,August 15th,CAR,BUF,3rd Quarter,1,Carolina Panthers,0,7,0,-4 Yard Sack,1st & 10 at BUF 49,11:48 3rd,— K.Pickett sacked at CAR 47 for -4 yards (T.Parker). ** Injury Update: CAR-J.Carter has returned to the game.
2026,PRESEASON WEEK 1,Saturday,August 15th,CAR,BUF,3rd Quarter,1,Carolina Panthers,0,8,0,4 Yard Pass,2nd & 14 at CAR 47,11:08 3rd Shotgun,— K.Pickett pass short right to F.Franks to BUF 49 for 4 yards (J.Hancock).
2026,PRESEASON WEEK 1,Saturday,August 15th,CAR,BUF,3rd Quarter,1,Carolina Panthers,0,9,0,7 Yard Pass,3rd & 10 at BUF 49,10:26 3rd Shotgun,— K.Pickett pass short right to J.Reed to BUF 42 for 7 yards (T.Pride).
2026,PRESEASON WEEK 1,Saturday,August 15th,CAR,BUF,3rd Quarter,1,Carolina Panthers,0,10,0,7 Yard Pass,4th & 3 at BUF 42,09:46 3rd Shotgun,— K.Pickett pass short left to J.Mitchell pushed ob at BUF 35 for 7 yards (J.Kilgore).
2026,PRESEASON WEEK 1,Saturday,August 15th,CAR,BUF,3rd Quarter,1,Carolina Panthers,0,11,0,-4 Yard Pass,1st & 10 at BUF 35,09:17 3rd Shotgun,— K.Pickett pass short right to T.Etienne to BUF 39 for -4 yards (J.Hancock).
2026,PRESEASON WEEK 1,Saturday,August 15th,CAR,BUF,3rd Quarter,1,Carolina Panthers,0,12,0,Pass Incomplete,2nd & 14 at BUF 39,08:38 3rd Shotgun,— K.Pickett pass incomplete deep left to Ji.Horn.
2026,PRESEASON WEEK 1,Saturday,August 15th,CAR,BUF,3rd Quarter,1,Carolina Panthers,0,13,0,-5 Yard Penalty,3rd & 14 at BUF 39,08:33 3rd Shotgun,"— PENALTY on CAR-J.Curhan, False Start, 5 yards, enforced at BUF 39 - No Play."
2026,PRESEASON WEEK 1,Saturday,August 15th,CAR,BUF,3rd Quarter,1,Carolina Panthers,0,14,0,17 Yard Penalty,3rd & 19 at BUF 44,08:33 3rd Shotgun,"— K.Pickett pass incomplete deep middle to J.Mitchell. PENALTY on BUF-K.Elarms-Orr, Defensive Pass Interference, 17 yards, enforced at BUF 44 - No Play."
2026,PRESEASON WEEK 1,Saturday,August 15th,CAR,BUF,3rd Quarter,1,Carolina Panthers,0,15,0,-5 Yard Pass,1st & 10 at BUF 27,08:29 3rd,"— K.Pickett pass short right to J.Mitchell to BUF 32 for -5 yards (L.Jackson, J.Solomon)."
2026,PRESEASON WEEK 1,Saturday,August 15th,CAR,BUF,3rd Quarter,1,Carolina Panthers,0,16,0,4 Yard Pass,2nd & 15 at BUF 32,07:53 3rd Shotgun,— K.Pickett pass short right to J.Reed to BUF 28 for 4 yards (T.Pride).
2026,PRESEASON WEEK 1,Saturday,August 15th,CAR,BUF,3rd Quarter,1,Carolina Panthers,0,17,0,9 Yard Pass,3rd & 11 at BUF 28,07:18 3rd Shotgun,— K.Pickett pass short right to A.Dillon to BUF 19 for 9 yards (K.Elarms-Orr).
2026,PRESEASON WEEK 1,Saturday,August 15th,CAR,BUF,3rd Quarter,1,Carolina Panthers,0,18,0,Pass Incomplete,4th & 2 at BUF 19,06:39 3rd Shotgun,— K.Pickett pass incomplete short right to F.Franks (J.Kilgore).
2026,PRESEASON WEEK 1,Saturday,August 15th,CAR,BUF,3rd Quarter,2,Buffalo Bills,1,1,0,19 Yard Pass,1st & 10 at BUF 19,06:37 3rd,— S.Buechele pass short right to K.Latu to BUF 38 for 19 yards (D.Smith).
2026,PRESEASON WEEK 1,Saturday,August 15th,CAR,BUF,3rd Quarter,2,Buffalo Bills,1,2,0,6 Yard Run,1st & 10 at BUF 38,05:59 3rd,"— F.Gore right tackle to BUF 39 for 1 yard (K.Barrs). PENALTY on CAR-T.Incoom, Illegal Use of Hands, 5 yards, enforced at BUF 39."
2026,PRESEASON WEEK 1,Saturday,August 15th,CAR,BUF,3rd Quarter,2,Buffalo Bills,1,3,0,4 Yard Pass,1st & 10 at BUF 44,05:44 3rd,— S.Buechele pass short right to B.VanSumeren pushed ob at BUF 48 for 4 yards (A.Evans).
2026,PRESEASON WEEK 1,Saturday,August 15th,CAR,BUF,3rd Quarter,2,Buffalo Bills,1,4,0,4 Yard Run,2nd & 6 at BUF 48,05:13 3rd,"— F.Gore right end to CAR 48 for 4 yards (B.Martin-Scott, Z.Wheatley)."
2026,PRESEASON WEEK 1,Saturday,August 15th,CAR,BUF,3rd Quarter,2,Buffalo Bills,1,5,0,7 Yard Pass,3rd & 2 at CAR 48,04:27 3rd Shotgun,— S.Buechele pass short left to F.Gore to CAR 41 for 7 yards (C.Thornton).
2026,PRESEASON WEEK 1,Saturday,August 15th,CAR,BUF,3rd Quarter,2,Buffalo Bills,1,6,0,-8 Yard Run,1st & 10 at CAR 41,03:47 3rd,"— F.Gore up the middle to CAR 24 for 17 yards (D.Smith). PENALTY on BUF-J.Bowry, Offensive Holding, 10 yards, enforced at CAR 39."
2026,PRESEASON WEEK 1,Saturday,August 15th,CAR,BUF,3rd Quarter,2,Buffalo Bills,1,7,0,Pass Incomplete,1st & 18 at CAR 49,03:23 3rd,— S.Buechele pass incomplete deep left to D.Pettis.
2026,PRESEASON WEEK 1,Saturday,August 15th,CAR,BUF,3rd Quarter,2,Buffalo Bills,1,8,0,8 Yard Pass,2nd & 18 at CAR 49,03:16 3rd Shotgun,— S.Buechele pass short left to S.Gosnell to CAR 41 for 8 yards (C.Thornton).
2026,PRESEASON WEEK 1,Saturday,August 15th,CAR,BUF,3rd Quarter,2,Buffalo Bills,1,9,0,27 Yard Penalty,3rd & 10 at CAR 41,02:34 3rd Shotgun,"— S.Buechele pass incomplete deep left to S.Gosnell [A.Hall]. PENALTY on CAR-C.Thornton, Defensive Pass Interference, 27 yards, enforced at CAR 41 - No Play."
2026,PRESEASON WEEK 1,Saturday,August 15th,CAR,BUF,3rd Quarter,2,Buffalo Bills,1,10,0,3 Yard Run,1st & 10 at CAR 14,02:28 3rd,"— I.Wheeler right guard to CAR 11 for 3 yards (J.Moon, A.Hall)."
2026,PRESEASON WEEK 1,Saturday,August 15th,CAR,BUF,3rd Quarter,2,Buffalo Bills,1,11,0,Pass Incomplete,2nd & 7 at CAR 11,01:44 3rd,— S.Buechele pass incomplete short middle.
2026,PRESEASON WEEK 1,Saturday,August 15th,CAR,BUF,3rd Quarter,2,Buffalo Bills,1,12,0,Pass Incomplete,3rd & 7 at CAR 11,01:41 3rd Shotgun,— S.Buechele pass incomplete short right [B.Martin-Scott].
2026,PRESEASON WEEK 1,Saturday,August 15th,CAR,BUF,3rd Quarter,2,Buffalo Bills,1,13,1,Field Goal,4th & 7 at CAR 11,01:32 3rd,"— T.Bass 29 yard field goal is GOOD, Center-R.Ferguson, Holder-T.Doman."
2026,PRESEASON WEEK 1,Saturday,August 15th,CAR,BUF,4th Quarter,1,Carolina Panthers,0,1,0,Kickoff from BUF 35,,Kickoff,— T.Bass kicks 63 yards from BUF 35 to CAR 2. M.Davis to CAR 27 for 25 yards (S.Zylstra; A.Jones).
2026,PRESEASON WEEK 1,Saturday,August 15th,CAR,BUF,4th Quarter,1,Carolina Panthers,0,2,0,3 Yard Pass,1st & 10 at CAR 27,01:22 3rd,— K.Pickett pass short left to F.Franks to CAR 30 for 3 yards (T.Pride).
2026,PRESEASON WEEK 1,Saturday,August 15th,CAR,BUF,4th Quarter,1,Carolina Panthers,0,3,0,6 Yard Run,2nd & 7 at CAR 30,00:48 3rd Shotgun,— A.Tyus up the middle to CAR 36 for 6 yards (J.Andreessen; T.Sanders).
2026,PRESEASON WEEK 1,Saturday,August 15th,CAR,BUF,4th Quarter,1,Carolina Panthers,0,4,0,20 Yard Pass,3rd & 1 at CAR 36,00:09 3rd Shotgun,— K.Pickett pass short left to A.Dillon pushed ob at BUF 44 for 20 yards (J.Andreessen).
2026,PRESEASON WEEK 1,Saturday,August 15th,CAR,BUF,4th Quarter,1,Carolina Panthers,0,5,0,-3 Yard Sack,1st & 10 at BUF 44,15:00 4th Shotgun,— K.Pickett sacked at BUF 47 for -3 yards (M.Danna).
2026,PRESEASON WEEK 1,Saturday,August 15th,CAR,BUF,4th Quarter,1,Carolina Panthers,0,6,0,6 Yard Pass,2nd & 13 at BUF 47,14:17 4th Shotgun,— K.Pickett pass short left to E.Cooks pushed ob at BUF 41 for 6 yards (T.Pride).
2026,PRESEASON WEEK 1,Saturday,August 15th,CAR,BUF,4th Quarter,1,Carolina Panthers,0,7,0,Pass Incomplete,3rd & 7 at BUF 41,13:40 4th Shotgun,— K.Pickett pass incomplete deep right to D.Moore.
2026,PRESEASON WEEK 1,Saturday,August 15th,CAR,BUF,4th Quarter,1,Carolina Panthers,0,8,0,Turnover on Downs,4th & 7 at BUF 41,13:34 4th Shotgun,— K.Pickett sacked at CAR 49 for -10 yards (M.Danna).
2026,PRESEASON WEEK 1,Saturday,August 15th,CAR,BUF,4th Quarter,2,Buffalo Bills,1,1,0,2 Yard Run,1st & 10 at CAR 49,13:29 4th Shotgun,— S.Buechele scrambles right end pushed ob at CAR 47 for 2 yards (T.Malone).
2026,PRESEASON WEEK 1,Saturday,August 15th,CAR,BUF,4th Quarter,2,Buffalo Bills,1,2,0,8 Yard Run,2nd & 8 at CAR 47,12:55 4th,— I.Wheeler up the middle to CAR 39 for 8 yards (I.Simmons; B.Martin-Scott).
2026,PRESEASON WEEK 1,Saturday,August 15th,CAR,BUF,4th Quarter,2,Buffalo Bills,1,3,0,10 Yard Run,1st & 10 at CAR 39,12:08 4th,— I.Wheeler left guard to CAR 29 for 10 yards (I.Simmons).
2026,PRESEASON WEEK 1,Saturday,August 15th,CAR,BUF,4th Quarter,2,Buffalo Bills,1,4,0,4 Yard Run,1st & 10 at CAR 29,11:30 4th,— I.Wheeler up the middle to CAR 25 for 4 yards (P.Petersen; D.Smith).
2026,PRESEASON WEEK 1,Saturday,August 15th,CAR,BUF,4th Quarter,2,Buffalo Bills,1,5,0,9 Yard Pass,2nd & 6 at CAR 25,10:53 4th,— S.Buechele pass short left to J.Maclin ran ob at CAR 16 for 9 yards (M.Njongmeta).
2026,PRESEASON WEEK 1,Saturday,August 15th,CAR,BUF,4th Quarter,2,Buffalo Bills,1,6,0,5 Yard Run,1st & 10 at CAR 16,10:15 4th,— I.Wheeler right guard to CAR 11 for 5 yards (P.Petersen; J.Moon).
2026,PRESEASON WEEK 1,Saturday,August 15th,CAR,BUF,4th Quarter,2,Buffalo Bills,1,7,0,5 Yard Run,2nd & 5 at CAR 11,09:33 4th,— I.Wheeler left guard to CAR 6 for 5 yards (M.Njongmeta).
2026,PRESEASON WEEK 1,Saturday,August 15th,CAR,BUF,4th Quarter,2,Buffalo Bills,1,8,1,Touchdown,1st & 6 at CAR 6,08:49 4th,"— I.Wheeler up the middle for 6 yards, TOUCHDOWN."
2026,PRESEASON WEEK 1,Saturday,August 15th,CAR,BUF,4th Quarter,2,Buffalo Bills,1,9,0,1 Yard Penalty,,08:46 4th,"— (Kick formation) PENALTY on CAR, Defensive Too Many Men on Field, 1 yard, enforced at CAR 15 - No Play."
2026,PRESEASON WEEK 1,Saturday,August 15th,CAR,BUF,4th Quarter,2,Buffalo Bills,1,10,0,2PT Conversion Fails,,08:46 4th,— TWO-POINT CONVERSION ATTEMPT. S.Buechele pass to J.Maclin is incomplete. ATTEMPT FAILS.
2026,PRESEASON WEEK 1,Saturday,August 15th,CAR,BUF,4th Quarter,3,Carolina Panthers,0,1,0,Kickoff from BUF 35,,Kickoff,— T.Bass kicks 64 yards from BUF 35 to CAR 1. A.Tyus to CAR 32 for 31 yards (S.Zylstra).
2026,PRESEASON WEEK 1,Saturday,August 15th,CAR,BUF,4th Quarter,3,Carolina Panthers,0,2,0,0 Yard Run,1st & 10 at CAR 32,08:39 4th Shotgun,— M.Davis up the middle to CAR 32 for no gain (Z.Durant; C.Denhoff).
2026,PRESEASON WEEK 1,Saturday,August 15th,CAR,BUF,4th Quarter,3,Carolina Panthers,0,3,0,11 Yard Pass,2nd & 10 at CAR 32,08:01 4th Shotgun,— K.Trask pass short left to C.Washington to CAR 43 for 11 yards (W.Owens; J.Dunbar).
2026,PRESEASON WEEK 1,Saturday,August 15th,CAR,BUF,4th Quarter,3,Carolina Panthers,0,4,0,0 Yard Run,1st & 10 at CAR 43,07:15 4th Shotgun,— M.Davis left guard to CAR 43 for no gain (T.Gaines; J.Dunbar).
2026,PRESEASON WEEK 1,Saturday,August 15th,CAR,BUF,4th Quarter,3,Carolina Panthers,0,5,0,-10 Yard Penalty,2nd & 10 at CAR 43,06:35 4th Shotgun,"— K.Trask scrambles left tackle to BUF 46 for 11 yards (J.Kilgore; C.Denhoff). PENALTY on CAR-I.Glass, Offensive Holding, 10 yards, enforced at CAR 43 - No Play."
2026,PRESEASON WEEK 1,Saturday,August 15th,CAR,BUF,4th Quarter,3,Carolina Panthers,0,6,0,Interception,2nd & 20 at CAR 33,06:07 4th Shotgun,— K.Trask pass short right intended for M.Davis INTERCEPTED by K.Walker at CAR 26. K.Walker to CAR 22 for 4 yards (D.Moore).
2026,PRESEASON WEEK 1,Saturday,August 15th,CAR,BUF,4th Quarter,4,Buffalo Bills,1,1,0,16 Yard Run,1st & 10 at CAR 22,06:02 4th,— F.Gore right tackle to CAR 6 for 16 yards (I.Simmons).
2026,PRESEASON WEEK 1,Saturday,August 15th,CAR,BUF,4th Quarter,4,Buffalo Bills,1,2,0,3 Yard Pass,1st & 6 at CAR 6,05:18 4th,— S.Buechele pass short right to K.Latu to CAR 3 for 3 yards (M.Njongmeta).
2026,PRESEASON WEEK 1,Saturday,August 15th,CAR,BUF,4th Quarter,4,Buffalo Bills,1,3,1,Touchdown,2nd & 3 at CAR 3,04:35 4th,"— F.Gore left guard for 3 yards, TOUCHDOWN."
2026,PRESEASON WEEK 1,Saturday,August 15th,CAR,BUF,4th Quarter,4,Buffalo Bills,1,4,1,Extra Point,,04:33 4th,"— T.Bass extra point is GOOD, Center-R.Ferguson, Holder-T.Doman."
2026,PRESEASON WEEK 1,Saturday,August 15th,CAR,BUF,4th Quarter,5,Carolina Panthers,1,1,0,Kickoff from BUF 35,,Kickoff,— T.Bass kicks 65 yards from BUF 35 to CAR 0. J.Reed to CAR 25 for 25 yards (T.Pride).
2026,PRESEASON WEEK 1,Saturday,August 15th,CAR,BUF,4th Quarter,5,Carolina Panthers,1,2,0,3 Yard Run,1st & 10 at CAR 25,04:27 4th,— A.Tyus right tackle to CAR 28 for 3 yards (J.Ciarlo; D.Miller).
2026,PRESEASON WEEK 1,Saturday,August 15th,CAR,BUF,4th Quarter,5,Carolina Panthers,1,3,0,Pass Incomplete,2nd & 7 at CAR 28,03:53 4th Shotgun,— K.Trask pass incomplete short right to E.Cooks.
2026,PRESEASON WEEK 1,Saturday,August 15th,CAR,BUF,4th Quarter,5,Carolina Panthers,1,4,0,6 Yard Pass,3rd & 7 at CAR 28,03:48 4th Shotgun,"— K.Trask pass short right to A.Tyus to CAR 34 for 6 yards (J.Dunbar; Z.Logue). Buffalo challenged the runner was down by contact ruling, and the play was Upheld. The ruling on the field stands. (Timeout #1.)"
2026,PRESEASON WEEK 1,Saturday,August 15th,CAR,BUF,4th Quarter,5,Carolina Panthers,1,5,0,2 Yard Run,4th & 1 at CAR 34,02:59 4th,— A.Tyus up the middle to CAR 36 for 2 yards (J.Ciarlo).
2026,PRESEASON WEEK 1,Saturday,August 15th,CAR,BUF,4th Quarter,5,Carolina Panthers,1,6,0,17 Yard Run,1st & 10 at CAR 36,02:27 4th Shotgun,— A.Tyus right tackle pushed ob at BUF 47 for 17 yards (W.Owens).
2026,PRESEASON WEEK 1,Saturday,August 15th,CAR,BUF,4th Quarter,5,Carolina Panthers,1,7,0,13 Yard Pass,1st & 10 at BUF 47,02:18 4th,— K.Trask pass short right to R.Taylor to BUF 34 for 13 yards (J.Dunbar).
2026,PRESEASON WEEK 1,Saturday,August 15th,CAR,BUF,4th Quarter,5,Carolina Panthers,1,8,0,Pass Incomplete,1st & 10 at BUF 34,02:00 4th Shotgun,— K.Trask pass incomplete deep left to E.Cooks (A.Kendall).
2026,PRESEASON WEEK 1,Saturday,August 15th,CAR,BUF,4th Quarter,5,Carolina Panthers,1,9,0,5 Yard Pass,2nd & 10 at BUF 34,01:53 4th Shotgun,— K.Trask pass short right to E.Cooks pushed ob at BUF 29 for 5 yards (D.Miller).
2026,PRESEASON WEEK 1,Saturday,August 15th,CAR,BUF,4th Quarter,5,Carolina Panthers,1,10,0,6 Yard Penalty,3rd & 5 at BUF 29,01:49 4th Shotgun,"— K.Trask pass incomplete short left to E.Cooks. PENALTY on BUF-D.Miller, Defensive Holding, 6 yards, enforced at BUF 29 - No Play."
2026,PRESEASON WEEK 1,Saturday,August 15th,CAR,BUF,4th Quarter,5,Carolina Panthers,1,11,0,1 Yard Run,1st & 10 at BUF 23,01:45 4th Shotgun,— M.Davis right tackle to BUF 22 for 1 yard (A.Jones; T.Gaines).
2026,PRESEASON WEEK 1,Saturday,August 15th,CAR,BUF,4th Quarter,5,Carolina Panthers,1,12,0,4 Yard Run,2nd & 9 at BUF 22,01:13 4th Shotgun,— M.Davis up the middle to BUF 18 for 4 yards (T.Gaines).
2026,PRESEASON WEEK 1,Saturday,August 15th,CAR,BUF,4th Quarter,5,Carolina Panthers,1,13,0,9 Yard Pass,3rd & 5 at BUF 18,00:33 4th Shotgun,— K.Trask pass short right to C.Washington to BUF 9 for 9 yards (T.Couch) [J.Ciarlo].
2026,PRESEASON WEEK 1,Saturday,August 15th,CAR,BUF,4th Quarter,5,Carolina Panthers,1,14,0,Timeout,,00:25 4th,— Timeout #1 by CAR at 00:25.
2026,PRESEASON WEEK 1,Saturday,August 15th,CAR,BUF,4th Quarter,5,Carolina Panthers,1,15,1,Touchdown,1st & 9 at BUF 9,00:25 4th Shotgun,"— K.Trask pass short right to J.Metchie for 9 yards, TOUCHDOWN."
2026,PRESEASON WEEK 1,Saturday,August 15th,CAR,BUF,4th Quarter,5,Carolina Panthers,1,16,1,Extra Point,,00:20 4th,"— R.Fitzgerald extra point is GOOD, Center-J.Jansen, Holder-S.Martin."
2026,PRESEASON WEEK 1,Saturday,August 15th,CAR,BUF,4th Quarter,6,Buffalo Bills,0,1,0,Kickoff from CAR 35,,Kickoff,"— R.Fitzgerald kicks 55 yards from CAR 35 to BUF 10, out of bounds. PENALTY on CAR-R.Fitzgerald, Kickoff Out of Bounds, placed at BUF 40."
2026,PRESEASON WEEK 1,Saturday,August 15th,CAR,BUF,4th Quarter,6,Buffalo Bills,0,2,0,-1 Yard Run,1st & 10 at BUF 40,00:20 4th,— S.Buechele kneels to BUF 39 for -1 yards.
2026,PRESEASON WEEK 1,Saturday,August 15th,CLE,CHI,1st Quarter,1,Cleveland Browns,0,1,0,Kickoff from CHI 35,,Kickoff,— C.Santos kicks 63 yards from CHI 35 to CLE 2. T.Wallace to CLE 25 for 23 yards (D.Manning).
2026,PRESEASON WEEK 1,Saturday,August 15th,CLE,CHI,1st Quarter,1,Cleveland Browns,0,2,0,2 Yard Run,1st & 10 at CLE 25,14:53 1st,— Q.Judkins left guard to CLE 27 for 2 yards (D.Jackson).
2026,PRESEASON WEEK 1,Saturday,August 15th,CLE,CHI,1st Quarter,1,Cleveland Browns,0,3,0,6 Yard Run,2nd & 8 at CLE 27,14:19 1st Shotgun,— Q.Judkins right end pushed ob at CLE 33 for 6 yards (D.Thieneman).
2026,PRESEASON WEEK 1,Saturday,August 15th,CLE,CHI,1st Quarter,1,Cleveland Browns,0,4,0,0 Yard Run,3rd & 2 at CLE 33,13:52 1st,— Q.Judkins right guard to CLE 33 for no gain (D.Bush).
2026,PRESEASON WEEK 1,Saturday,August 15th,CLE,CHI,1st Quarter,1,Cleveland Browns,0,5,0,Punt,4th & 2 at CLE 33,13:14 1st,"— C.Bojorquez punts 51 yards to CHI 16, Center-R.Sunahara. M.Alexander pushed ob at CHI 22 for 6 yards (D.McMillon)."
2026,PRESEASON WEEK 1,Saturday,August 15th,CLE,CHI,1st Quarter,2,Chicago Bears,0,1,0,3 Yard Pass,1st & 10 at CHI 22,13:04 1st Shotgun,— T.Bagent pass short left to R.Johnson to CHI 25 for 3 yards (Q.Williams).
2026,PRESEASON WEEK 1,Saturday,August 15th,CLE,CHI,1st Quarter,2,Chicago Bears,0,2,0,3 Yard Run,2nd & 7 at CHI 25,12:33 1st Shotgun,— R.Johnson left guard to CHI 28 for 3 yards (R.Hickman).
2026,PRESEASON WEEK 1,Saturday,August 15th,CLE,CHI,1st Quarter,2,Chicago Bears,0,3,0,Pass Incomplete,3rd & 4 at CHI 28,12:01 1st Shotgun,— T.Bagent pass incomplete deep middle to M.Alexander [M.Graham].
2026,PRESEASON WEEK 1,Saturday,August 15th,CLE,CHI,1st Quarter,2,Chicago Bears,0,4,0,Punt,4th & 4 at CHI 28,11:57 1st,"— T.Taylor punts 60 yards to CLE 12, Center-B.Gardner. K.Concepcion to CLE 43 for 31 yards (H.Large)."
2026,PRESEASON WEEK 1,Saturday,August 15th,CLE,CHI,1st Quarter,3,Cleveland Browns,1,1,0,-15 Yard Penalty,1st & 10 at CLE 43,11:40 1st Shotgun,"— D.Watson scrambles left end to CLE 48 for 5 yards (J.Sanborn). PENALTY on CLE-T.Howard, Tripping, 15 yards, enforced at CLE 43 - No Play."
2026,PRESEASON WEEK 1,Saturday,August 15th,CLE,CHI,1st Quarter,3,Cleveland Browns,1,2,0,6 Yard Pass,1st & 25 at CLE 28,11:14 1st Shotgun,— D.Watson pass short middle to B.Whiteheart to CLE 34 for 6 yards (J.Sanborn).
2026,PRESEASON WEEK 1,Saturday,August 15th,CLE,CHI,1st Quarter,3,Cleveland Browns,1,3,0,14 Yard Pass,2nd & 19 at CLE 34,10:35 1st Shotgun,— D.Watson pass short middle to J.Jeudy to CLE 48 for 14 yards (C.Lewis; J.Blackwell).
2026,PRESEASON WEEK 1,Saturday,August 15th,CLE,CHI,1st Quarter,3,Cleveland Browns,1,4,0,15 Yard Pass,3rd & 5 at CLE 48,09:56 1st Shotgun,— D.Watson pass short left to D.Boston to CHI 37 for 15 yards (J.Blackwell).
2026,PRESEASON WEEK 1,Saturday,August 15th,CLE,CHI,1st Quarter,3,Cleveland Browns,1,5,0,1 Yard Run,1st & 10 at CHI 37,09:10 1st,— Q.Judkins right guard to CHI 36 for 1 yard (M.Muhammad; D.Hardy).
2026,PRESEASON WEEK 1,Saturday,August 15th,CLE,CHI,1st Quarter,3,Cleveland Browns,1,6,0,4 Yard Pass,2nd & 9 at CHI 36,08:34 1st Shotgun,— D.Watson pass short middle to J.Jeudy to CHI 32 for 4 yards (D.Jackson).
2026,PRESEASON WEEK 1,Saturday,August 15th,CLE,CHI,1st Quarter,3,Cleveland Browns,1,7,0,Pass Incomplete,3rd & 5 at CHI 32,07:52 1st Shotgun,— D.Watson pass incomplete short middle to H.Fannin.
2026,PRESEASON WEEK 1,Saturday,August 15th,CLE,CHI,1st Quarter,3,Cleveland Browns,1,8,1,Field Goal,4th & 5 at CHI 32,07:47 1st,"— A.Szmyt 50 yard field goal is GOOD, Center-R.Sunahara, Holder-W.Pahl."
2026,PRESEASON WEEK 1,Saturday,August 15th,CLE,CHI,1st Quarter,4,Chicago Bears,0,1,0,Kickoff from CLE 35,,Kickoff,— A.Szmyt kicks 67 yards from CLE 35 to CHI -2. M.Alexander to CHI 28 for 30 yards (W.Reid; M.Corley).
2026,PRESEASON WEEK 1,Saturday,August 15th,CLE,CHI,1st Quarter,4,Chicago Bears,0,2,0,2 Yard Run,1st & 10 at CHI 28,07:35 1st,— R.Johnson left guard to CHI 30 for 2 yards (I.McGuire).
2026,PRESEASON WEEK 1,Saturday,August 15th,CLE,CHI,1st Quarter,4,Chicago Bears,0,3,0,6 Yard Run,2nd & 8 at CHI 30,07:12 1st No Huddle,— R.Johnson right end to CHI 36 for 6 yards (E.Mascarenas-Arnold; W.Reid).
2026,PRESEASON WEEK 1,Saturday,August 15th,CLE,CHI,1st Quarter,4,Chicago Bears,0,4,0,Pass Incomplete,3rd & 2 at CHI 36,06:34 1st Shotgun,— T.Bagent pass incomplete short middle to S.Roush.
2026,PRESEASON WEEK 1,Saturday,August 15th,CLE,CHI,1st Quarter,4,Chicago Bears,0,5,0,Punt,4th & 2 at CHI 36,06:29 1st,"— T.Taylor punts 53 yards to CLE 11, Center-B.Gardner. G.Larvadain to CLE 19 for 8 yards (H.Large; S.Thomas)."
2026,PRESEASON WEEK 1,Saturday,August 15th,CLE,CHI,2nd Quarter,1,Cleveland Browns,1,1,0,0 Yard Pass,1st & 10 at CLE 19,06:18 1st,— D.Watson pass short left to D.Sampson to CLE 19 for no gain (M.Muhammad).
2026,PRESEASON WEEK 1,Saturday,August 15th,CLE,CHI,2nd Quarter,1,Cleveland Browns,1,2,0,Timeout,,05:39 1st,— Timeout #1 by CLE at 05:39.
2026,PRESEASON WEEK 1,Saturday,August 15th,CLE,CHI,2nd Quarter,1,Cleveland Browns,1,3,0,9 Yard Pass,2nd & 10 at CLE 19,05:39 1st Shotgun,— D.Watson pass short right to K.Concepcion to CLE 28 for 9 yards (R.Hyppolite).
2026,PRESEASON WEEK 1,Saturday,August 15th,CLE,CHI,2nd Quarter,1,Cleveland Browns,1,4,0,0 Yard Run,3rd & 1 at CLE 28,05:03 1st,— D.Sampson right guard to CLE 28 for no gain (D.Jackson; D.Odeyingbo).
2026,PRESEASON WEEK 1,Saturday,August 15th,CLE,CHI,2nd Quarter,1,Cleveland Browns,1,5,0,2 Yard Run,4th & 1 at CLE 28,04:33 1st,— D.Watson up the middle to CLE 30 for 2 yards (R.Hyppolite).
2026,PRESEASON WEEK 1,Saturday,August 15th,CLE,CHI,2nd Quarter,1,Cleveland Browns,1,6,0,-5 Yard Penalty,1st & 10 at CLE 30,03:46 1st Shotgun,"— PENALTY on CLE, Delay of Game, 5 yards, enforced at CLE 30 - No Play."
2026,PRESEASON WEEK 1,Saturday,August 15th,CLE,CHI,2nd Quarter,1,Cleveland Browns,1,7,0,0 Yard Run,1st & 15 at CLE 25,03:21 1st,— D.Sampson up the middle to CLE 25 for no gain (D.Jackson; J.van den Berg).
2026,PRESEASON WEEK 1,Saturday,August 15th,CLE,CHI,2nd Quarter,1,Cleveland Browns,1,8,0,43 Yard Pass,2nd & 15 at CLE 25,02:39 1st Shotgun,— D.Watson pass short left to D.Sampson pushed ob at CHI 32 for 43 yards (X.Woods).
2026,PRESEASON WEEK 1,Saturday,August 15th,CLE,CHI,2nd Quarter,1,Cleveland Browns,1,9,0,1 Yard Run,1st & 10 at CHI 32,01:59 1st,— D.Watson scrambles left guard to CHI 31 for 1 yard (D.Hardy).
2026,PRESEASON WEEK 1,Saturday,August 15th,CLE,CHI,2nd Quarter,1,Cleveland Browns,1,10,0,6 Yard Run,2nd & 9 at CHI 31,01:18 1st Shotgun,— A.Marshall left guard to CHI 25 for 6 yards (J.Loving; J.Lynch).
2026,PRESEASON WEEK 1,Saturday,August 15th,CLE,CHI,2nd Quarter,1,Cleveland Browns,1,11,0,11 Yard Pass,3rd & 3 at CHI 25,00:41 1st Shotgun,— D.Watson pass short right to K.Concepcion to CHI 14 for 11 yards (M.Muhammad).
2026,PRESEASON WEEK 1,Saturday,August 15th,CLE,CHI,2nd Quarter,1,Cleveland Browns,1,12,1,Touchdown,1st & 10 at CHI 14,15:00 2nd,"— K.Concepcion right end for 14 yards, TOUCHDOWN. The Replay Official reviewed the runner broke the plane ruling, and the play was Upheld. The ruling on the field stands."
2026,PRESEASON WEEK 1,Saturday,August 15th,CLE,CHI,2nd Quarter,1,Cleveland Browns,1,13,1,Extra Point,,14:53 2nd,"— A.Szmyt extra point is GOOD, Center-R.Sunahara, Holder-W.Pahl."
2026,PRESEASON WEEK 1,Saturday,August 15th,CLE,CHI,2nd Quarter,2,Chicago Bears,0,1,0,Kickoff from CLE 35,,Kickoff,— A.Szmyt kicks 65 yards from CLE 35 to CHI 0. M.Alexander to CHI 22 for 22 yards (A.Marshall; D.Thomas).
2026,PRESEASON WEEK 1,Saturday,August 15th,CLE,CHI,2nd Quarter,2,Chicago Bears,0,2,0,41 Yard Pass,1st & 10 at CHI 22,14:46 2nd,— T.Bagent pass deep middle to K.Davis to CLE 37 for 41 yards (E.McNeil-Warren) [T.Sapp].
2026,PRESEASON WEEK 1,Saturday,August 15th,CLE,CHI,2nd Quarter,2,Chicago Bears,0,3,0,Pass Incomplete,1st & 10 at CLE 37,"14:13 2nd No Huddle, Shotgun",— T.Bagent pass incomplete short right to R.Johnson (W.Reid).
2026,PRESEASON WEEK 1,Saturday,August 15th,CLE,CHI,2nd Quarter,2,Chicago Bears,0,4,0,Pass Incomplete,2nd & 10 at CLE 37,14:09 2nd Shotgun,"— T.Bagent pass incomplete short right to K.Davis (N.Evans, W.Reid)."
2026,PRESEASON WEEK 1,Saturday,August 15th,CLE,CHI,2nd Quarter,2,Chicago Bears,0,5,0,5 Yard Penalty,3rd & 10 at CLE 37,14:02 2nd Shotgun,"— PENALTY on CLE-J.Okwara, Neutral Zone Infraction, 5 yards, enforced at CLE 37 - No Play."
2026,PRESEASON WEEK 1,Saturday,August 15th,CLE,CHI,2nd Quarter,2,Chicago Bears,0,6,0,Pass Incomplete,3rd & 5 at CLE 32,14:02 2nd Shotgun,— T.Bagent pass incomplete short left to M.Alexander (M.Coats).
2026,PRESEASON WEEK 1,Saturday,August 15th,CLE,CHI,2nd Quarter,2,Chicago Bears,0,7,0,Field Goal No Good,4th & 5 at CLE 32,13:57 2nd,"— C.Santos 50 yard field goal is No Good, Wide Left, Center-B.Gardner, Holder-T.Taylor."
2026,PRESEASON WEEK 1,Saturday,August 15th,CLE,CHI,2nd Quarter,3,Cleveland Browns,0,1,0,8 Yard Pass,1st & 10 at CLE 40,13:52 2nd Shotgun,— D.Watson pass short left to I.Bond to CLE 48 for 8 yards (M.Muhammad).
2026,PRESEASON WEEK 1,Saturday,August 15th,CLE,CHI,2nd Quarter,3,Cleveland Browns,0,2,0,4 Yard Run,2nd & 2 at CLE 48,13:20 2nd,— D.Sampson right tackle to CHI 48 for 4 yards (D.Hardy).
2026,PRESEASON WEEK 1,Saturday,August 15th,CLE,CHI,2nd Quarter,3,Cleveland Browns,0,3,0,7 Yard Pass,1st & 10 at CHI 48,12:39 2nd Shotgun,— D.Watson pass short middle to K.Concepcion ran ob at CHI 41 for 7 yards (R.Hyppolite; M.Muhammad).
2026,PRESEASON WEEK 1,Saturday,August 15th,CLE,CHI,2nd Quarter,3,Cleveland Browns,0,4,0,2 Yard Run,2nd & 3 at CHI 41,12:11 2nd,— D.Sampson right tackle to CHI 39 for 2 yards (J.Sanborn).
2026,PRESEASON WEEK 1,Saturday,August 15th,CLE,CHI,2nd Quarter,3,Cleveland Browns,0,5,0,-1 Yard Run,3rd & 1 at CHI 39,11:32 2nd,"— A.Marshall left guard to CHI 40 for -1 yards (R.Hyppolite, Ne.Sewell)."
2026,PRESEASON WEEK 1,Saturday,August 15th,CLE,CHI,2nd Quarter,3,Cleveland Browns,0,6,0,Fumble,4th & 2 at CHI 40,10:53 2nd Shotgun,"— D.Watson sacked at CHI 47 for -7 yards (J.Kromah). FUMBLES (J.Kromah), touched at CHI 45, RECOVERED by CHI-J.Kromah at CHI 49."
2026,PRESEASON WEEK 1,Saturday,August 15th,CLE,CHI,2nd Quarter,4,Chicago Bears,1,1,0,7 Yard Pass,1st & 10 at CHI 49,10:47 2nd,— T.Bagent pass short right to S.Roush pushed ob at CLE 44 for 7 yards (C.Edmonds).
2026,PRESEASON WEEK 1,Saturday,August 15th,CLE,CHI,2nd Quarter,4,Chicago Bears,1,2,0,0 Yard Run,2nd & 3 at CLE 44,10:22 2nd,— R.Johnson right guard to CLE 44 for no gain (W.Reid; K.Sydnor).
2026,PRESEASON WEEK 1,Saturday,August 15th,CLE,CHI,2nd Quarter,4,Chicago Bears,1,3,0,19 Yard Run,3rd & 3 at CLE 44,09:44 2nd Shotgun,— R.Johnson right tackle pushed ob at CLE 25 for 19 yards (C.Edmonds).
2026,PRESEASON WEEK 1,Saturday,August 15th,CLE,CHI,2nd Quarter,4,Chicago Bears,1,4,1,Touchdown,1st & 10 at CLE 25,"09:22 2nd No Huddle, Shotgun","— T.Bagent pass short right to M.Alexander for 25 yards, TOUCHDOWN."
2026,PRESEASON WEEK 1,Saturday,August 15th,CLE,CHI,2nd Quarter,4,Chicago Bears,1,5,1,Extra Point,,09:16 2nd,"— C.Santos extra point is GOOD, Center-B.Gardner, Holder-T.Taylor."
2026,PRESEASON WEEK 1,Saturday,August 15th,CLE,CHI,2nd Quarter,5,Cleveland Browns,0,1,0,Kickoff from CHI 35,,Kickoff,"— C.Santos kicks 65 yards from CHI 35 to end zone, Touchback to the CLE 35."
2026,PRESEASON WEEK 1,Saturday,August 15th,CLE,CHI,2nd Quarter,5,Cleveland Browns,0,2,0,-1 Yard Run,1st & 10 at CLE 35,09:16 2nd,"— A.Marshall left end to CLE 34 for -1 yards (N.Gallimore, J.Lynch)."
2026,PRESEASON WEEK 1,Saturday,August 15th,CLE,CHI,2nd Quarter,5,Cleveland Browns,0,3,0,Pass Incomplete,2nd & 11 at CLE 34,08:38 2nd Shotgun,— D.Watson pass incomplete short left to K.Concepcion.
2026,PRESEASON WEEK 1,Saturday,August 15th,CLE,CHI,2nd Quarter,5,Cleveland Browns,0,4,0,9 Yard Pass,3rd & 11 at CLE 34,08:33 2nd Shotgun,— D.Watson pass short left to A.Marshall to CLE 43 for 9 yards (A.Johnson; R.Hyppolite).
2026,PRESEASON WEEK 1,Saturday,August 15th,CLE,CHI,2nd Quarter,5,Cleveland Browns,0,5,0,Punt,4th & 2 at CLE 43,07:44 2nd,"— W.Pahl punts 41 yards to CHI 16, Center-R.Sunahara. M.Alexander to CHI 18 for 2 yards (R.Sunahara)."
2026,PRESEASON WEEK 1,Saturday,August 15th,CLE,CHI,2nd Quarter,6,Chicago Bears,0,1,0,2 Yard Run,1st & 10 at CHI 18,07:32 2nd,— R.Johnson left guard to CHI 20 for 2 yards (W.Reid).
2026,PRESEASON WEEK 1,Saturday,August 15th,CLE,CHI,2nd Quarter,6,Chicago Bears,0,2,0,15 Yard Pass,2nd & 8 at CHI 20,06:59 2nd Shotgun,— T.Bagent pass short left to S.Miller pushed ob at CHI 35 for 15 yards (E.McNeil-Warren).
2026,PRESEASON WEEK 1,Saturday,August 15th,CLE,CHI,2nd Quarter,6,Chicago Bears,0,3,0,Pass Incomplete,1st & 10 at CHI 35,06:31 2nd Shotgun,— T.Bagent pass incomplete short right to M.Alexander.
2026,PRESEASON WEEK 1,Saturday,August 15th,CLE,CHI,2nd Quarter,6,Chicago Bears,0,4,0,5 Yard Pass,2nd & 10 at CHI 35,06:26 2nd Shotgun,— T.Bagent pass short middle to K.Davis to CHI 40 for 5 yards (E.McNeil-Warren).
2026,PRESEASON WEEK 1,Saturday,August 15th,CLE,CHI,2nd Quarter,6,Chicago Bears,0,5,0,5 Yard Penalty,3rd & 5 at CHI 40,05:51 2nd Shotgun,"— T.Bagent pass incomplete deep right to K.Davis. PENALTY on CLE-N.Evans, Defensive Holding, 5 yards, enforced at CHI 40 - No Play."
2026,PRESEASON WEEK 1,Saturday,August 15th,CLE,CHI,2nd Quarter,6,Chicago Bears,0,6,0,1 Yard Run,1st & 10 at CHI 45,05:46 2nd,— R.Johnson right tackle to CHI 46 for 1 yard (A.Huntington).
2026,PRESEASON WEEK 1,Saturday,August 15th,CLE,CHI,2nd Quarter,6,Chicago Bears,0,7,0,1 Yard Run,2nd & 9 at CHI 46,05:11 2nd,— R.Johnson left end to CHI 47 for 1 yard (E.Mascarenas-Arnold).
2026,PRESEASON WEEK 1,Saturday,August 15th,CLE,CHI,2nd Quarter,6,Chicago Bears,0,8,0,8 Yard Pass,3rd & 8 at CHI 47,04:35 2nd Shotgun,— T.Bagent pass short left to M.Alexander to CLE 45 for 8 yards (M.Coats).
2026,PRESEASON WEEK 1,Saturday,August 15th,CLE,CHI,2nd Quarter,6,Chicago Bears,0,9,0,5 Yard Run,1st & 10 at CLE 45,03:54 2nd,— S.Ahmed right guard to CLE 40 for 5 yards (E.McNeil-Warren; E.Mascarenas-Arnold).
2026,PRESEASON WEEK 1,Saturday,August 15th,CLE,CHI,2nd Quarter,6,Chicago Bears,0,10,0,8 Yard Pass,2nd & 5 at CLE 40,03:21 2nd,— T.Bagent pass short middle to S.Roush to CLE 32 for 8 yards (W.Reid).
2026,PRESEASON WEEK 1,Saturday,August 15th,CLE,CHI,2nd Quarter,6,Chicago Bears,0,11,0,-9 Yard Sack,1st & 10 at CLE 32,02:37 2nd,— T.Bagent sacked at CLE 41 for -9 yards (J.Okwara).
2026,PRESEASON WEEK 1,Saturday,August 15th,CLE,CHI,2nd Quarter,6,Chicago Bears,0,12,0,Interception,2nd & 19 at CLE 41,02:00 2nd Shotgun,— T.Bagent pass short right intended for S.Carlson INTERCEPTED by M.Coats at CLE 36. M.Coats to CLE 38 for 2 yards (S.Carlson).
2026,PRESEASON WEEK 1,Saturday,August 15th,CLE,CHI,2nd Quarter,7,Cleveland Browns,0,1,0,5 Yard Penalty,1st & 10 at CLE 38,01:52 2nd Shotgun,"— D.Watson sacked at CLE 34 for -4 yards (J.Lynch). CLE-A.Barber was injured during the play. PENALTY on CHI-M.Muhammad, Defensive Holding, 5 yards, enforced at CLE 38 - No Play."
2026,PRESEASON WEEK 1,Saturday,August 15th,CLE,CHI,2nd Quarter,7,Cleveland Browns,0,2,0,Timeout,,01:47 2nd,— Timeout #2 by CLE at 01:47.
2026,PRESEASON WEEK 1,Saturday,August 15th,CLE,CHI,2nd Quarter,7,Cleveland Browns,0,3,0,1 Yard Run,1st & 10 at CLE 43,01:47 2nd Shotgun,— D.Watson scrambles right end ran ob at CLE 44 for 1 yard (Ne.Sewell).
2026,PRESEASON WEEK 1,Saturday,August 15th,CLE,CHI,2nd Quarter,7,Cleveland Browns,0,4,0,Pass Incomplete,2nd & 9 at CLE 44,01:40 2nd Shotgun,— D.Watson pass incomplete short middle to D.Boston [J.Lynch].
2026,PRESEASON WEEK 1,Saturday,August 15th,CLE,CHI,2nd Quarter,7,Cleveland Browns,0,5,0,Pass Incomplete,3rd & 9 at CLE 44,01:35 2nd Shotgun,— D.Watson pass incomplete short left to A.Marshall.
2026,PRESEASON WEEK 1,Saturday,August 15th,CLE,CHI,2nd Quarter,7,Cleveland Browns,0,6,0,Punt,4th & 9 at CLE 44,01:30 2nd,"— N.Constantinou punts 42 yards to CHI 14, Center-R.Sunahara, fair catch by M.Alexander."
2026,PRESEASON WEEK 1,Saturday,August 15th,CLE,CHI,2nd Quarter,8,Chicago Bears,1,1,0,1 Yard Pass,1st & 10 at CHI 14,01:24 2nd Shotgun,— T.Bagent pass short right to S.Ahmed to CHI 15 for 1 yard (W.Reid).
2026,PRESEASON WEEK 1,Saturday,August 15th,CLE,CHI,2nd Quarter,8,Chicago Bears,1,2,0,5 Yard Pass,2nd & 9 at CHI 15,"01:03 2nd No Huddle, Shotgun",— T.Bagent pass short left to S.Ahmed to CHI 20 for 5 yards (M.Coats).
2026,PRESEASON WEEK 1,Saturday,August 15th,CLE,CHI,2nd Quarter,8,Chicago Bears,1,3,0,Timeout,,00:53 2nd,— Timeout #3 by CLE at 00:53.
2026,PRESEASON WEEK 1,Saturday,August 15th,CLE,CHI,2nd Quarter,8,Chicago Bears,1,4,0,9 Yard Pass,3rd & 4 at CHI 20,00:53 2nd Shotgun,— T.Bagent pass short middle to M.Alexander to CHI 29 for 9 yards (T.Hall).
2026,PRESEASON WEEK 1,Saturday,August 15th,CLE,CHI,2nd Quarter,8,Chicago Bears,1,5,0,Timeout,,00:48 2nd,— Timeout #1 by CHI at 00:48.
2026,PRESEASON WEEK 1,Saturday,August 15th,CLE,CHI,2nd Quarter,8,Chicago Bears,1,6,0,21 Yard Pass,1st & 10 at CHI 29,00:48 2nd Shotgun,— T.Bagent pass deep left to K.Davis pushed ob at 50 for 21 yards (C.Edmonds).
2026,PRESEASON WEEK 1,Saturday,August 15th,CLE,CHI,2nd Quarter,8,Chicago Bears,1,7,0,7 Yard Run,1st & 10 at 50,00:42 2nd Shotgun,— T.Bagent scrambles right guard to CLE 43 for 7 yards (E.Mascarenas-Arnold).
2026,PRESEASON WEEK 1,Saturday,August 15th,CLE,CHI,2nd Quarter,8,Chicago Bears,1,8,0,Timeout,,00:35 2nd,— Timeout #2 by CHI at 00:35.
2026,PRESEASON WEEK 1,Saturday,August 15th,CLE,CHI,2nd Quarter,8,Chicago Bears,1,9,0,21 Yard Pass,2nd & 3 at CLE 43,00:35 2nd Shotgun,— T.Bagent pass deep right to K.Davis to CLE 22 for 21 yards (N.Evans).
2026,PRESEASON WEEK 1,Saturday,August 15th,CLE,CHI,2nd Quarter,8,Chicago Bears,1,10,0,Timeout,,00:28 2nd,— Timeout #3 by CHI at 00:28.
2026,PRESEASON WEEK 1,Saturday,August 15th,CLE,CHI,2nd Quarter,8,Chicago Bears,1,11,0,Pass Incomplete,1st & 10 at CLE 22,00:28 2nd Shotgun,"— T.Bagent pass incomplete short middle to S.Miller (W.Reid, T.Hall)."
2026,PRESEASON WEEK 1,Saturday,August 15th,CLE,CHI,2nd Quarter,8,Chicago Bears,1,12,0,-11 Yard Sack,2nd & 10 at CLE 22,00:23 2nd Shotgun,— T.Bagent sacked at CLE 33 for -11 yards (K.Sydnor).
2026,PRESEASON WEEK 1,Saturday,August 15th,CLE,CHI,2nd Quarter,8,Chicago Bears,1,13,0,Pass Incomplete,3rd & 21 at CLE 33,00:04 2nd No Huddle,— T.Bagent spiked the ball to stop the clock.
2026,PRESEASON WEEK 1,Saturday,August 15th,CLE,CHI,2nd Quarter,8,Chicago Bears,1,14,1,Field Goal,4th & 21 at CLE 33,00:03 2nd,"— C.Santos 51 yard field goal is GOOD, Center-B.Gardner, Holder-T.Taylor."
2026,PRESEASON WEEK 1,Saturday,August 15th,CLE,CHI,3rd Quarter,1,Chicago Bears,1,1,0,Kickoff from CLE 35,,Kickoff,— W.Pahl kicks 61 yards from CLE 35 to CHI 4. O.Kelly to CHI 22 for 18 yards (A.Marshall).
2026,PRESEASON WEEK 1,Saturday,August 15th,CLE,CHI,3rd Quarter,1,Chicago Bears,1,2,0,11 Yard Pass,1st & 10 at CHI 22,14:55 3rd,— C.Keenum pass short right to S.Carlson pushed ob at CHI 33 for 11 yards (N.Watson).
2026,PRESEASON WEEK 1,Saturday,August 15th,CLE,CHI,3rd Quarter,1,Chicago Bears,1,3,0,12 Yard Run,1st & 10 at CHI 33,14:30 3rd,— S.Ahmed left end pushed ob at CHI 45 for 12 yards (C.Edmonds).
2026,PRESEASON WEEK 1,Saturday,August 15th,CLE,CHI,3rd Quarter,1,Chicago Bears,1,4,0,6 Yard Run,1st & 10 at CHI 45,13:56 3rd,— C.Keenum scrambles left tackle to CLE 49 for 6 yards (N.Watson; J.Jefferson).
2026,PRESEASON WEEK 1,Saturday,August 15th,CLE,CHI,3rd Quarter,1,Chicago Bears,1,5,1,Touchdown,2nd & 4 at CLE 49,13:19 3rd,"— C.Keenum pass short left to S.Ahmed for 49 yards, TOUCHDOWN."
2026,PRESEASON WEEK 1,Saturday,August 15th,CLE,CHI,3rd Quarter,1,Chicago Bears,1,6,1,Extra Point,,13:05 3rd,"— C.Santos extra point is GOOD, Center-B.Gardner, Holder-T.Taylor."
2026,PRESEASON WEEK 1,Saturday,August 15th,CLE,CHI,3rd Quarter,2,Cleveland Browns,0,1,0,Kickoff from CHI 35,,Kickoff,— C.Santos kicks 60 yards from CHI 35 to CLE 5. R.Sanders to CLE 30 for 25 yards (J.Walker).
2026,PRESEASON WEEK 1,Saturday,August 15th,CLE,CHI,3rd Quarter,2,Cleveland Browns,0,2,0,24 Yard Pass,1st & 10 at CLE 30,13:00 3rd,— S.Sanders pass short left to G.Larvadain pushed ob at CHI 46 for 24 yards (S.Thomas). ** Injury Update: CLE-A.Barber has returned to the game.
2026,PRESEASON WEEK 1,Saturday,August 15th,CLE,CHI,3rd Quarter,2,Cleveland Browns,0,3,0,-1 Yard Run,1st & 10 at CHI 46,12:29 3rd,"— S.Sanders FUMBLES (Aborted) at CHI 46, touched at CHI 47, recovered by CLE-A.Marshall at CHI 49."
2026,PRESEASON WEEK 1,Saturday,August 15th,CLE,CHI,3rd Quarter,2,Cleveland Browns,0,4,0,Pass Incomplete,2nd & 13 at CHI 49,11:48 3rd Shotgun,— S.Sanders pass incomplete short left to G.Larvadain (J.Lynch).
2026,PRESEASON WEEK 1,Saturday,August 15th,CLE,CHI,3rd Quarter,2,Cleveland Browns,0,5,0,35 Yard Pass,3rd & 13 at CHI 49,11:43 3rd Shotgun,— S.Sanders pass deep middle to L.Floriea to CHI 14 for 35 yards (J.Blackwell) [J.Kromah].
2026,PRESEASON WEEK 1,Saturday,August 15th,CLE,CHI,3rd Quarter,2,Cleveland Browns,0,6,0,2 Yard Run,1st & 10 at CHI 14,10:57 3rd,— A.Marshall right end to CHI 12 for 2 yards (J.Rhattigan).
2026,PRESEASON WEEK 1,Saturday,August 15th,CLE,CHI,3rd Quarter,2,Cleveland Browns,0,7,0,3 Yard Run,2nd & 8 at CHI 12,10:18 3rd Shotgun,— S.Sanders scrambles right guard to CHI 9 for 3 yards (N.Gallimore).
2026,PRESEASON WEEK 1,Saturday,August 15th,CLE,CHI,3rd Quarter,2,Cleveland Browns,0,8,0,4 Yard Pass,3rd & 5 at CHI 9,09:33 3rd Shotgun,— S.Sanders pass short right to A.Marshall pushed ob at CHI 5 for 4 yards (R.Hyppolite).
2026,PRESEASON WEEK 1,Saturday,August 15th,CLE,CHI,3rd Quarter,2,Cleveland Browns,0,9,0,Turnover on Downs,4th & 1 at CHI 5,08:58 3rd,"— A.Marshall right guard to CHI 6 for -1 yards (J.Kromah, J.Rhattigan)."
2026,PRESEASON WEEK 1,Saturday,August 15th,CLE,CHI,3rd Quarter,3,Chicago Bears,0,1,0,18 Yard Pass,1st & 10 at CHI 6,08:53 3rd,— C.Keenum pass short left to S.Miller to CHI 24 for 18 yards (J.Lukus).
2026,PRESEASON WEEK 1,Saturday,August 15th,CLE,CHI,3rd Quarter,3,Chicago Bears,0,2,0,16 Yard Pass,1st & 10 at CHI 24,08:19 3rd Shotgun,— C.Keenum pass short right to J.Richardson to CHI 40 for 16 yards (D.McMillon).
2026,PRESEASON WEEK 1,Saturday,August 15th,CLE,CHI,3rd Quarter,3,Chicago Bears,0,3,0,2 Yard Run,1st & 10 at CHI 40,07:45 3rd,— B.Brown right end to CHI 42 for 2 yards (T.Bell).
2026,PRESEASON WEEK 1,Saturday,August 15th,CLE,CHI,3rd Quarter,3,Chicago Bears,0,4,0,Pass Incomplete,2nd & 8 at CHI 42,07:08 3rd Shotgun,— C.Keenum pass incomplete short right to R.McCloud.
2026,PRESEASON WEEK 1,Saturday,August 15th,CLE,CHI,3rd Quarter,3,Chicago Bears,0,5,0,4 Yard Pass,3rd & 8 at CHI 42,07:01 3rd Shotgun,— C.Keenum pass short middle to S.Miller to CHI 46 for 4 yards (T.Hall).
2026,PRESEASON WEEK 1,Saturday,August 15th,CLE,CHI,3rd Quarter,3,Chicago Bears,0,6,0,Punt,4th & 4 at CHI 46,06:21 3rd,"— T.Taylor punts 32 yards to CLE 22, Center-B.Gardner, fair catch by G.Larvadain."
2026,PRESEASON WEEK 1,Saturday,August 15th,CLE,CHI,3rd Quarter,4,Cleveland Browns,0,1,0,-1 Yard Run,1st & 10 at CLE 22,06:13 3rd,— A.Marshall left tackle to CLE 21 for -1 yards (N.Gallimore).
2026,PRESEASON WEEK 1,Saturday,August 15th,CLE,CHI,3rd Quarter,4,Cleveland Browns,0,2,0,6 Yard Pass,2nd & 11 at CLE 21,05:30 3rd Shotgun,— S.Sanders pass short left to A.Marshall to CLE 27 for 6 yards (B.Bishop).
2026,PRESEASON WEEK 1,Saturday,August 15th,CLE,CHI,3rd Quarter,4,Cleveland Browns,0,3,0,Pass Incomplete,3rd & 5 at CLE 27,04:43 3rd Shotgun,— S.Sanders pass incomplete short left to M.Corley (B.Bishop).
2026,PRESEASON WEEK 1,Saturday,August 15th,CLE,CHI,3rd Quarter,4,Cleveland Browns,0,4,0,Punt,4th & 5 at CLE 27,04:39 3rd,"— W.Pahl punts 45 yards to CHI 28, Center-R.Sunahara. R.McCloud to CHI 39 for 11 yards (R.Sunahara)."
2026,PRESEASON WEEK 1,Saturday,August 15th,CLE,CHI,3rd Quarter,5,Chicago Bears,1,1,0,13 Yard Pass,1st & 10 at CHI 39,04:28 3rd,— C.Keenum pass short left to R.McCloud ran ob at CLE 48 for 13 yards.
2026,PRESEASON WEEK 1,Saturday,August 15th,CLE,CHI,3rd Quarter,5,Chicago Bears,1,2,0,3 Yard Run,1st & 10 at CLE 48,04:00 3rd,— B.Brown right guard to CLE 45 for 3 yards (T.Bell).
2026,PRESEASON WEEK 1,Saturday,August 15th,CLE,CHI,3rd Quarter,5,Chicago Bears,1,3,0,6 Yard Pass,2nd & 7 at CLE 45,03:26 3rd Shotgun,— C.Keenum pass short right to B.Brown to CLE 39 for 6 yards (J.Jefferson).
2026,PRESEASON WEEK 1,Saturday,August 15th,CLE,CHI,3rd Quarter,5,Chicago Bears,1,4,0,-1 Yard Run,3rd & 1 at CLE 39,02:46 3rd Shotgun,— B.Brown right tackle to CLE 40 for -1 yards (C.Edmonds).
2026,PRESEASON WEEK 1,Saturday,August 15th,CLE,CHI,3rd Quarter,5,Chicago Bears,1,5,0,28 Yard Pass,4th & 2 at CLE 40,02:07 3rd,— C.Keenum pass deep left to R.McCloud pushed ob at CLE 12 for 28 yards (C.Edmonds).
2026,PRESEASON WEEK 1,Saturday,August 15th,CLE,CHI,3rd Quarter,5,Chicago Bears,1,6,0,6 Yard Run,1st & 10 at CLE 12,01:29 3rd,— B.Brown left guard to CLE 6 for 6 yards (T.Sapp).
2026,PRESEASON WEEK 1,Saturday,August 15th,CLE,CHI,3rd Quarter,5,Chicago Bears,1,7,1,Touchdown,2nd & 4 at CLE 6,00:47 3rd Shotgun,"— C.Keenum pass short left to B.Brown for 6 yards, TOUCHDOWN."
2026,PRESEASON WEEK 1,Saturday,August 15th,CLE,CHI,3rd Quarter,5,Chicago Bears,1,8,1,Extra Point,,00:42 3rd,"— C.Santos extra point is GOOD, Center-B.Gardner, Holder-T.Taylor."
2026,PRESEASON WEEK 1,Saturday,August 15th,CLE,CHI,4th Quarter,1,Cleveland Browns,0,1,0,Kickoff from CHI 35,,Kickoff,— C.Santos kicks 62 yards from CHI 35 to CLE 3. D.Booth to CLE 30 for 27 yards (D.Manning).
2026,PRESEASON WEEK 1,Saturday,August 15th,CLE,CHI,4th Quarter,1,Cleveland Browns,0,2,0,Pass Incomplete,1st & 10 at CLE 30,00:34 3rd,"— S.Sanders pass incomplete deep right to G.Larvadain (S.Thomas, R.Hyppolite)."
2026,PRESEASON WEEK 1,Saturday,August 15th,CLE,CHI,4th Quarter,1,Cleveland Browns,0,3,0,5 Yard Run,2nd & 10 at CLE 30,00:28 3rd Shotgun,— R.Sanders right end to CLE 35 for 5 yards (J.Kromah).
2026,PRESEASON WEEK 1,Saturday,August 15th,CLE,CHI,4th Quarter,1,Cleveland Browns,0,4,0,8 Yard Pass,3rd & 5 at CLE 35,15:00 4th Shotgun,— S.Sanders pass short left to G.Larvadain pushed ob at CLE 43 for 8 yards (D.Manning) [J.van den Berg].
2026,PRESEASON WEEK 1,Saturday,August 15th,CLE,CHI,4th Quarter,1,Cleveland Browns,0,5,0,2 Yard Pass,1st & 10 at CLE 43,14:27 4th Shotgun,— S.Sanders pass short middle to R.Sanders to CLE 45 for 2 yards (M.Sewell).
2026,PRESEASON WEEK 1,Saturday,August 15th,CLE,CHI,4th Quarter,1,Cleveland Browns,0,6,0,Pass Incomplete,2nd & 8 at CLE 45,13:45 4th Shotgun,— S.Sanders pass incomplete short middle to L.Floriea (J.Loving).
2026,PRESEASON WEEK 1,Saturday,August 15th,CLE,CHI,4th Quarter,1,Cleveland Browns,0,7,0,Interception,3rd & 8 at CLE 45,13:40 4th Shotgun,— S.Sanders pass deep right intended for M.Corley INTERCEPTED by B.Bishop at CHI 30. B.Bishop pushed ob at CLE 36 for 34 yards (R.Sanders).
2026,PRESEASON WEEK 1,Saturday,August 15th,CLE,CHI,4th Quarter,2,Chicago Bears,0,1,0,-2 Yard Run,1st & 10 at CLE 36,13:28 4th Shotgun,— B.Brown left tackle to CLE 38 for -2 yards (C.Izzard).
2026,PRESEASON WEEK 1,Saturday,August 15th,CLE,CHI,4th Quarter,2,Chicago Bears,0,2,0,Pass Incomplete,2nd & 12 at CLE 38,12:50 4th Shotgun,— M.Moss pass incomplete short left to Q.Ismail.
2026,PRESEASON WEEK 1,Saturday,August 15th,CLE,CHI,4th Quarter,2,Chicago Bears,0,3,0,Timeout,,12:44 4th,— Timeout #1 by CHI at 12:44.
2026,PRESEASON WEEK 1,Saturday,August 15th,CLE,CHI,4th Quarter,2,Chicago Bears,0,4,0,-5 Yard Penalty,3rd & 12 at CLE 38,12:44 4th Shotgun,"— PENALTY on CHI-Q.Ismail, False Start, 5 yards, enforced at CLE 38 - No Play."
2026,PRESEASON WEEK 1,Saturday,August 15th,CLE,CHI,4th Quarter,2,Chicago Bears,0,5,0,Pass Incomplete,3rd & 17 at CLE 43,12:44 4th Shotgun,— M.Moss pass incomplete deep right to R.McCloud (J.McClendon).
2026,PRESEASON WEEK 1,Saturday,August 15th,CLE,CHI,4th Quarter,2,Chicago Bears,0,6,0,Punt,4th & 17 at CLE 43,12:36 4th,"— T.Taylor punts 43 yards to end zone, Center-B.Gardner, Touchback."
2026,PRESEASON WEEK 1,Saturday,August 15th,CLE,CHI,4th Quarter,3,Cleveland Browns,0,1,0,4 Yard Run,1st & 10 at CLE 20,12:26 4th,— R.Sanders right guard to CLE 24 for 4 yards (J.Kromah).
2026,PRESEASON WEEK 1,Saturday,August 15th,CLE,CHI,4th Quarter,3,Cleveland Browns,0,2,0,5 Yard Pass,2nd & 6 at CLE 24,11:52 4th Shotgun,— D.Gabriel pass short middle to R.Sanders to CLE 29 for 5 yards (R.Hyppolite; J.Martin).
2026,PRESEASON WEEK 1,Saturday,August 15th,CLE,CHI,4th Quarter,3,Cleveland Browns,0,3,0,6 Yard Run,3rd & 1 at CLE 29,11:12 4th Shotgun,— D.Gabriel right end to CLE 35 for 6 yards (B.Bishop).
2026,PRESEASON WEEK 1,Saturday,August 15th,CLE,CHI,4th Quarter,3,Cleveland Browns,0,4,0,-9 Yard Sack,1st & 10 at CLE 35,10:34 4th Shotgun,— D.Gabriel sacked at CLE 26 for -9 yards (J.Martin).
2026,PRESEASON WEEK 1,Saturday,August 15th,CLE,CHI,4th Quarter,3,Cleveland Browns,0,5,0,6 Yard Pass,2nd & 19 at CLE 26,09:55 4th Shotgun,— D.Gabriel pass short left to C.Ryan to CLE 32 for 6 yards (Ne.Sewell; S.Thomas).
2026,PRESEASON WEEK 1,Saturday,August 15th,CLE,CHI,4th Quarter,3,Cleveland Browns,0,6,0,Interception,3rd & 13 at CLE 32,09:12 4th Shotgun,— D.Gabriel pass deep right intended for K.Wilson INTERCEPTED by B.Bishop at CHI 48. B.Bishop to CLE 31 for 21 yards (K.Wilson).
2026,PRESEASON WEEK 1,Saturday,August 15th,CLE,CHI,4th Quarter,4,Chicago Bears,1,1,0,Pass Incomplete,1st & 10 at CLE 31,09:03 4th,— M.Moss pass incomplete deep left to K.Davis.
2026,PRESEASON WEEK 1,Saturday,August 15th,CLE,CHI,4th Quarter,4,Chicago Bears,1,2,0,Pass Incomplete,2nd & 10 at CLE 31,08:56 4th,"— M.Moss pass short right to J.Richardson to CLE 23 for 8 yards (J.McClendon) [B.Whitley]. Cleveland challenged the pass completion ruling, and the play was REVERSED. M.Moss pass incomplete short right to J.Richardson [B.Whitley]."
2026,PRESEASON WEEK 1,Saturday,August 15th,CLE,CHI,4th Quarter,4,Chicago Bears,1,3,0,Pass Incomplete,3rd & 10 at CLE 31,08:52 4th Shotgun,— M.Moss pass incomplete short middle to Q.Ismail (P.Jenkins).
2026,PRESEASON WEEK 1,Saturday,August 15th,CLE,CHI,4th Quarter,4,Chicago Bears,1,4,1,Field Goal,4th & 10 at CLE 31,08:46 4th,"— C.Santos 49 yard field goal is GOOD, Center-B.Gardner, Holder-T.Taylor."
2026,PRESEASON WEEK 1,Saturday,August 15th,CLE,CHI,4th Quarter,5,Cleveland Browns,0,1,0,Kickoff from CHI 35,,Kickoff,— T.Taylor kicks 58 yards from CHI 35 to CLE 7. K.Wilson to CLE 29 for 22 yards (J.Walker). CHI-Ne.Sewell was injured during the play.
2026,PRESEASON WEEK 1,Saturday,August 15th,CLE,CHI,4th Quarter,5,Cleveland Browns,0,2,0,1 Yard Run,1st & 10 at CLE 29,08:36 4th,— D.Booth left guard to CLE 30 for 1 yard (J.Sanborn; J.Kromah).
2026,PRESEASON WEEK 1,Saturday,August 15th,CLE,CHI,4th Quarter,5,Cleveland Browns,0,3,0,5 Yard Pass,2nd & 9 at CLE 30,07:56 4th Shotgun,— D.Gabriel pass short middle to G.Larvadain to CLE 35 for 5 yards (J.Sanborn; M.Sewell).
2026,PRESEASON WEEK 1,Saturday,August 15th,CLE,CHI,4th Quarter,5,Cleveland Browns,0,4,0,-8 Yard Sack,3rd & 4 at CLE 35,07:18 4th Shotgun,— D.Gabriel sacked at CLE 27 for -8 yards (J.Kromah).
2026,PRESEASON WEEK 1,Saturday,August 15th,CLE,CHI,4th Quarter,5,Cleveland Browns,0,5,0,Punt,4th & 12 at CLE 27,06:40 4th,"— N.Constantinou punts 66 yards to CHI 7, Center-R.Sunahara. K.Davis ran ob at CHI 30 for 23 yards (B.Bates)."
2026,PRESEASON WEEK 1,Saturday,August 15th,CLE,CHI,4th Quarter,6,Chicago Bears,1,1,0,8 Yard Pass,1st & 10 at CHI 30,06:26 4th,— M.Moss pass short right to Q.Ismail to CHI 38 for 8 yards (J.Jefferson).
2026,PRESEASON WEEK 1,Saturday,August 15th,CLE,CHI,4th Quarter,6,Chicago Bears,1,2,0,-3 Yard Run,2nd & 2 at CHI 38,05:40 4th,"— C.Bennett left guard to CHI 35 for -3 yards (E.Ulofoshio, T.Bell)."
2026,PRESEASON WEEK 1,Saturday,August 15th,CLE,CHI,4th Quarter,6,Chicago Bears,1,3,0,18 Yard Pass,3rd & 5 at CHI 35,05:00 4th Shotgun,— M.Moss pass short right to J.Richardson to CLE 47 for 18 yards (J.McClendon).
2026,PRESEASON WEEK 1,Saturday,August 15th,CLE,CHI,4th Quarter,6,Chicago Bears,1,4,0,22 Yard Pass,1st & 10 at CLE 47,04:17 4th,— M.Moss pass deep right to R.McCloud to CLE 25 for 22 yards (J.Lukus).
2026,PRESEASON WEEK 1,Saturday,August 15th,CLE,CHI,4th Quarter,6,Chicago Bears,1,5,0,14 Yard Run,1st & 10 at CLE 25,03:35 4th,"— C.Bennett left guard to CLE 23 for 2 yards (T.Sapp; E.Ulofoshio). PENALTY on CLE-T.Sapp, Face Mask, 12 yards, enforced at CLE 23."
2026,PRESEASON WEEK 1,Saturday,August 15th,CLE,CHI,4th Quarter,6,Chicago Bears,1,6,0,8 Yard Run,1st & 10 at CLE 11,03:29 4th,— C.Bennett right tackle to CLE 3 for 8 yards (B.Whitley; Z.Washington).
2026,PRESEASON WEEK 1,Saturday,August 15th,CLE,CHI,4th Quarter,6,Chicago Bears,1,7,1,Touchdown,2nd & 2 at CLE 3,02:44 4th,"— C.Bennett left end for 3 yards, TOUCHDOWN."
2026,PRESEASON WEEK 1,Saturday,August 15th,CLE,CHI,4th Quarter,6,Chicago Bears,1,8,1,Extra Point,,02:38 4th,"— C.Santos extra point is GOOD, Center-B.Gardner, Holder-T.Taylor."
2026,PRESEASON WEEK 1,Saturday,August 15th,CLE,CHI,4th Quarter,7,Cleveland Browns,0,1,0,Kickoff from CHI 35,,Kickoff,— T.Taylor kicks 58 yards from CHI 35 to CLE 7. K.Wilson to CLE 32 for 25 yards (M.Sewell; D.Manning).
2026,PRESEASON WEEK 1,Saturday,August 15th,CLE,CHI,4th Quarter,7,Cleveland Browns,0,2,0,7 Yard Pass,1st & 10 at CLE 32,02:31 4th Shotgun,— D.Gabriel pass short left to K.Wilson to CLE 39 for 7 yards (M.Sewell; J.Blackwell).
2026,PRESEASON WEEK 1,Saturday,August 15th,CLE,CHI,4th Quarter,7,Cleveland Browns,0,3,0,28 Yard Run,2nd & 3 at CLE 39,02:00 4th Shotgun,— D.Booth left tackle pushed ob at CHI 33 for 28 yards (S.Thomas; J.Loving).
2026,PRESEASON WEEK 1,Saturday,August 15th,CLE,CHI,4th Quarter,7,Cleveland Browns,0,4,0,Pass Incomplete,1st & 10 at CHI 33,01:51 4th Shotgun,— D.Gabriel pass incomplete short left to C.Ryan (J.Rhattigan).
2026,PRESEASON WEEK 1,Saturday,August 15th,CLE,CHI,4th Quarter,7,Cleveland Browns,0,5,0,2 Yard Run,2nd & 10 at CHI 33,01:42 4th Shotgun,— D.Booth right end to CHI 31 for 2 yards (J.Blackwell).
2026,PRESEASON WEEK 1,Saturday,August 15th,CLE,CHI,4th Quarter,7,Cleveland Browns,0,6,0,22 Yard Run,3rd & 8 at CHI 31,01:02 4th Shotgun,— D.Booth up the middle to CHI 9 for 22 yards (J.Sanborn).
2026,PRESEASON WEEK 1,Saturday,August 15th,CLE,CHI,4th Quarter,7,Cleveland Browns,0,7,0,Pass Incomplete,1st & 9 at CHI 9,00:20 4th Shotgun,— D.Gabriel pass incomplete short left to G.Larvadain.
2026,PRESEASON WEEK 1,Saturday,August 15th,CLE,CHI,4th Quarter,7,Cleveland Browns,0,8,0,0 Yard Pass,2nd & 9 at CHI 9,00:15 4th Shotgun,— D.Gabriel pass short left to G.Larvadain to CHI 9 for no gain (D.Manning).
2026,PRESEASON WEEK 1,Saturday,August 15th,MIN,NYG,1st Quarter,1,Minnesota Vikings,1,1,0,Kickoff from NYG 35,,Kickoff,— B.Sauls kicks 64 yards from NYG 35 to MIN 1. D.Claiborne to MIN 29 for 28 yards (Z.Barnes).
2026,PRESEASON WEEK 1,Saturday,August 15th,MIN,NYG,1st Quarter,1,Minnesota Vikings,1,2,0,18 Yard Run,1st & 10 at MIN 29,14:54 1st,— A.Jones left end to MIN 47 for 18 yards (A.Washington).
2026,PRESEASON WEEK 1,Saturday,August 15th,MIN,NYG,1st Quarter,1,Minnesota Vikings,1,3,0,2 Yard Pass,1st & 10 at MIN 47,14:13 1st,— K.Murray pass short left to M.Bredeson to MIN 49 for 2 yards (D.Banks; T.Nubin).
2026,PRESEASON WEEK 1,Saturday,August 15th,MIN,NYG,1st Quarter,1,Minnesota Vikings,1,4,0,1 Yard Run,2nd & 8 at MIN 49,13:33 1st,— J.Mason left guard to 50 for 1 yard (A.Reese).
2026,PRESEASON WEEK 1,Saturday,August 15th,MIN,NYG,1st Quarter,1,Minnesota Vikings,1,5,0,8 Yard Pass,3rd & 7 at 50,12:55 1st Shotgun,"— K.Murray pass short right to J.Addison to NYG 42 for 8 yards (C.Hood). New York Giants challenged the pass completion ruling, and the play was Upheld. The ruling on the field stands. (Timeout #1.)"
2026,PRESEASON WEEK 1,Saturday,August 15th,MIN,NYG,1st Quarter,1,Minnesota Vikings,1,6,0,4 Yard Run,1st & 10 at NYG 42,12:18 1st,— A.Jones right tackle to NYG 38 for 4 yards (D.Alexander).
2026,PRESEASON WEEK 1,Saturday,August 15th,MIN,NYG,1st Quarter,1,Minnesota Vikings,1,7,0,15 Yard Run,2nd & 6 at NYG 38,11:34 1st,— J.Mason left guard to NYG 23 for 15 yards (A.Reese; C.Hood).
2026,PRESEASON WEEK 1,Saturday,August 15th,MIN,NYG,1st Quarter,1,Minnesota Vikings,1,8,0,1 Yard Run,1st & 10 at NYG 23,10:50 1st,— J.Mason right guard to NYG 22 for 1 yard (K.Thibodeaux).
2026,PRESEASON WEEK 1,Saturday,August 15th,MIN,NYG,1st Quarter,1,Minnesota Vikings,1,9,0,5 Yard Run,2nd & 9 at NYG 22,10:09 1st Shotgun,— A.Jones right guard to NYG 17 for 5 yards (J.Tupou).
2026,PRESEASON WEEK 1,Saturday,August 15th,MIN,NYG,1st Quarter,1,Minnesota Vikings,1,10,0,Pass Incomplete,3rd & 4 at NYG 17,09:34 1st Shotgun,— K.Murray pass incomplete short middle to A.Jones.
2026,PRESEASON WEEK 1,Saturday,August 15th,MIN,NYG,1st Quarter,1,Minnesota Vikings,1,11,1,Field Goal,4th & 4 at NYG 17,09:29 1st,"— W.Reichard 35 yard field goal is GOOD, Center-A.DePaola, Holder-J.Hekker."
2026,PRESEASON WEEK 1,Saturday,August 15th,MIN,NYG,1st Quarter,2,New York Giants,0,1,0,Kickoff from MIN 35,,Kickoff,— W.Reichard kicks 64 yards from MIN 35 to NYG 1. D.Banks to NYG 28 for 27 yards (C.Chambliss).
2026,PRESEASON WEEK 1,Saturday,August 15th,MIN,NYG,1st Quarter,2,New York Giants,0,2,0,5 Yard Run,1st & 10 at NYG 28,09:20 1st,— C.Skattebo up the middle to NYG 33 for 5 yards (D.Turner).
2026,PRESEASON WEEK 1,Saturday,August 15th,MIN,NYG,1st Quarter,2,New York Giants,0,3,0,2 Yard Run,2nd & 5 at NYG 33,08:45 1st,— C.Skattebo right guard to NYG 35 for 2 yards (J.Metellus; E.Wilson).
2026,PRESEASON WEEK 1,Saturday,August 15th,MIN,NYG,1st Quarter,2,New York Giants,0,4,0,5 Yard Pass,3rd & 3 at NYG 35,08:00 1st Shotgun,— J.Dart pass short left to I.Likely to NYG 40 for 5 yards (T.Jackson).
2026,PRESEASON WEEK 1,Saturday,August 15th,MIN,NYG,1st Quarter,2,New York Giants,0,5,0,0 Yard Run,1st & 10 at NYG 40,07:25 1st,— T.Tracy right tackle to NYG 40 for no gain (B.Cashman; E.Wilson).
2026,PRESEASON WEEK 1,Saturday,August 15th,MIN,NYG,1st Quarter,2,New York Giants,0,6,0,Pass Incomplete,2nd & 10 at NYG 40,06:40 1st Shotgun,— J.Dart pass incomplete short right to T.Tracy.
2026,PRESEASON WEEK 1,Saturday,August 15th,MIN,NYG,1st Quarter,2,New York Giants,0,7,0,-7 Yard Sack,3rd & 10 at NYG 40,06:37 1st Shotgun,— J.Dart sacked at NYG 33 for -7 yards (D.Turner).
2026,PRESEASON WEEK 1,Saturday,August 15th,MIN,NYG,1st Quarter,2,New York Giants,0,8,0,Punt,4th & 17 at NYG 33,05:59 1st,"— J.Stout punts 40 yards to MIN 27, Center-B.Mann, downed by NYG-J.Pinnock."
2026,PRESEASON WEEK 1,Saturday,August 15th,MIN,NYG,1st Quarter,3,Minnesota Vikings,0,1,0,1 Yard Run,1st & 10 at MIN 27,05:46 1st,— J.McCarthy right end pushed ob at MIN 28 for 1 yard (A.Carter; A.Washington).
2026,PRESEASON WEEK 1,Saturday,August 15th,MIN,NYG,1st Quarter,3,Minnesota Vikings,0,2,0,6 Yard Run,2nd & 9 at MIN 28,05:13 1st,— D.Claiborne left end pushed ob at MIN 34 for 6 yards (J.Pinnock).
2026,PRESEASON WEEK 1,Saturday,August 15th,MIN,NYG,1st Quarter,3,Minnesota Vikings,0,3,0,Pass Incomplete,3rd & 3 at MIN 34,04:37 1st Shotgun,— J.McCarthy pass incomplete deep right to J.Jones.
2026,PRESEASON WEEK 1,Saturday,August 15th,MIN,NYG,1st Quarter,3,Minnesota Vikings,0,4,0,Punt,4th & 3 at MIN 34,04:32 1st,"— J.Hekker punts 44 yards to NYG 22, Center-A.DePaola. B.Berrios to NYG 37 for 15 yards (M.Bredeson)."
2026,PRESEASON WEEK 1,Saturday,August 15th,MIN,NYG,2nd Quarter,1,New York Giants,1,1,0,9 Yard Run,1st & 10 at NYG 37,04:21 1st,— D.Singletary up the middle to NYG 46 for 9 yards (J.Golday; D.Orange).
2026,PRESEASON WEEK 1,Saturday,August 15th,MIN,NYG,2nd Quarter,1,New York Giants,1,2,0,-4 Yard Run,2nd & 1 at NYG 46,03:41 1st Shotgun,— D.Singletary up the middle to NYG 42 for -4 yards (J.Adams).
2026,PRESEASON WEEK 1,Saturday,August 15th,MIN,NYG,2nd Quarter,1,New York Giants,1,3,0,6 Yard Pass,3rd & 5 at NYG 42,02:57 1st Shotgun,— J.Dart pass short right to I.Likely pushed ob at NYG 48 for 6 yards (J.Pierre).
2026,PRESEASON WEEK 1,Saturday,August 15th,MIN,NYG,2nd Quarter,1,New York Giants,1,4,0,7 Yard Run,1st & 10 at NYG 48,02:24 1st,— C.Skattebo right end to MIN 45 for 7 yards (T.Jackson).
2026,PRESEASON WEEK 1,Saturday,August 15th,MIN,NYG,2nd Quarter,1,New York Giants,1,5,0,5 Yard Run,2nd & 3 at MIN 45,01:46 1st,— C.Skattebo right end pushed ob at MIN 40 for 5 yards (J.Pierre).
2026,PRESEASON WEEK 1,Saturday,August 15th,MIN,NYG,2nd Quarter,1,New York Giants,1,6,0,-5 Yard Penalty,1st & 10 at MIN 40,01:11 1st Shotgun,"— PENALTY on NYG-B.Berrios, False Start, 5 yards, enforced at MIN 40 - No Play."
2026,PRESEASON WEEK 1,Saturday,August 15th,MIN,NYG,2nd Quarter,1,New York Giants,1,7,0,5 Yard Run,1st & 15 at MIN 45,00:53 1st,— T.Tracy right tackle to MIN 40 for 5 yards (J.Pierre; I.Pace).
2026,PRESEASON WEEK 1,Saturday,August 15th,MIN,NYG,2nd Quarter,1,New York Giants,1,8,0,-8 Yard Sack,2nd & 10 at MIN 40,00:10 1st Shotgun,— J.Dart sacked at MIN 48 for -8 yards (J.Ward).
2026,PRESEASON WEEK 1,Saturday,August 15th,MIN,NYG,2nd Quarter,1,New York Giants,1,9,0,-5 Yard Penalty,3rd & 18 at MIN 48,15:00 2nd Shotgun,"— PENALTY on NYG-M.Mbow, False Start, 5 yards, enforced at MIN 48 - No Play."
2026,PRESEASON WEEK 1,Saturday,August 15th,MIN,NYG,2nd Quarter,1,New York Giants,1,10,0,40 Yard Pass,3rd & 23 at NYG 47,15:00 2nd Shotgun,— J.Winston pass short right to D.Singletary pushed ob at MIN 13 for 40 yards (J.Ward).
2026,PRESEASON WEEK 1,Saturday,August 15th,MIN,NYG,2nd Quarter,1,New York Giants,1,11,0,-2 Yard Run,1st & 10 at MIN 13,14:23 2nd,"— D.Singletary left tackle to MIN 15 for -2 yards (I.Pace, C.Banks)."
2026,PRESEASON WEEK 1,Saturday,August 15th,MIN,NYG,2nd Quarter,1,New York Giants,1,12,1,Touchdown,2nd & 12 at MIN 15,13:40 2nd Shotgun,"— J.Dart pass short left to M.Fields for 15 yards, TOUCHDOWN."
2026,PRESEASON WEEK 1,Saturday,August 15th,MIN,NYG,2nd Quarter,1,New York Giants,1,13,1,Extra Point,,13:32 2nd,"— B.Sauls extra point is GOOD, Center-B.Mann, Holder-J.Stout."
2026,PRESEASON WEEK 1,Saturday,August 15th,MIN,NYG,2nd Quarter,2,Minnesota Vikings,0,1,0,Kickoff from NYG 35,,Kickoff,— B.Sauls kicks 62 yards from NYG 35 to MIN 3. D.Claiborne to MIN 25 for 22 yards (B.Brade).
2026,PRESEASON WEEK 1,Saturday,August 15th,MIN,NYG,2nd Quarter,2,Minnesota Vikings,0,2,0,7 Yard Pass,1st & 10 at MIN 25,13:26 2nd,— J.McCarthy pass short right to B.Yurosek pushed ob at MIN 32 for 7 yards (J.Kelly).
2026,PRESEASON WEEK 1,Saturday,August 15th,MIN,NYG,2nd Quarter,2,Minnesota Vikings,0,3,0,2 Yard Run,2nd & 3 at MIN 32,12:56 2nd,— D.Claiborne right end to MIN 34 for 2 yards (C.Golston).
2026,PRESEASON WEEK 1,Saturday,August 15th,MIN,NYG,2nd Quarter,2,Minnesota Vikings,0,4,0,7 Yard Run,3rd & 1 at MIN 34,12:13 2nd,— D.Claiborne left guard to MIN 41 for 7 yards (D.Banks).
2026,PRESEASON WEEK 1,Saturday,August 15th,MIN,NYG,2nd Quarter,2,Minnesota Vikings,0,5,0,17 Yard Pass,1st & 10 at MIN 41,11:32 2nd,"— J.McCarthy pass deep right to M.Price to NYG 42 for 17 yards (C.Hood). Penalty on NYG-C.Hood, Illegal Contact, declined. Penalty on NYG-D.Banks, Defensive Holding, declined."
2026,PRESEASON WEEK 1,Saturday,August 15th,MIN,NYG,2nd Quarter,2,Minnesota Vikings,0,6,0,-2 Yard Run,1st & 10 at NYG 42,11:08 2nd,— D.Claiborne left end to NYG 44 for -2 yards (C.Golston).
2026,PRESEASON WEEK 1,Saturday,August 15th,MIN,NYG,2nd Quarter,2,Minnesota Vikings,0,7,0,5 Yard Penalty,2nd & 12 at NYG 44,10:26 2nd Shotgun,"— J.McCarthy pass incomplete short left to J.Jones. PENALTY on NYG-D.Banks, Illegal Contact, 5 yards, enforced at NYG 44 - No Play."
2026,PRESEASON WEEK 1,Saturday,August 15th,MIN,NYG,2nd Quarter,2,Minnesota Vikings,0,8,0,-10 Yard Penalty,1st & 10 at NYG 39,10:21 2nd,"— J.McCarthy pass incomplete short right to M.Price (T.Nubin). PENALTY on MIN-C.Tiernan, Offensive Holding, 10 yards, enforced at NYG 39 - No Play."
2026,PRESEASON WEEK 1,Saturday,August 15th,MIN,NYG,2nd Quarter,2,Minnesota Vikings,0,9,0,-5 Yard Penalty,1st & 20 at NYG 49,10:15 2nd Shotgun,"— PENALTY on MIN-C.Tiernan, False Start, 5 yards, enforced at NYG 49 - No Play."
2026,PRESEASON WEEK 1,Saturday,August 15th,MIN,NYG,2nd Quarter,2,Minnesota Vikings,0,10,0,5 Yard Pass,1st & 25 at MIN 46,10:15 2nd Shotgun,— J.McCarthy pass short right to M.Price pushed ob at NYG 49 for 5 yards (N.Jones).
2026,PRESEASON WEEK 1,Saturday,August 15th,MIN,NYG,2nd Quarter,2,Minnesota Vikings,0,11,0,Pass Incomplete,2nd & 20 at NYG 49,09:32 2nd Shotgun,— J.McCarthy pass incomplete deep right to T.Felton.
2026,PRESEASON WEEK 1,Saturday,August 15th,MIN,NYG,2nd Quarter,2,Minnesota Vikings,0,12,0,Pass Incomplete,3rd & 20 at NYG 49,09:27 2nd Shotgun,— J.McCarthy pass incomplete short right to G.Bartholomew [C.Golston].
2026,PRESEASON WEEK 1,Saturday,August 15th,MIN,NYG,2nd Quarter,2,Minnesota Vikings,0,13,0,Punt,4th & 20 at NYG 49,09:22 2nd,"— J.Hekker punts 35 yards to NYG 14, Center-A.DePaola, fair catch by B.Berrios."
2026,PRESEASON WEEK 1,Saturday,August 15th,MIN,NYG,2nd Quarter,3,New York Giants,0,1,0,11 Yard Pass,1st & 10 at NYG 14,09:15 2nd Shotgun,— J.Winston pass short right to M.Fields to NYG 25 for 11 yards (C.Demmings).
2026,PRESEASON WEEK 1,Saturday,August 15th,MIN,NYG,2nd Quarter,3,New York Giants,0,2,0,2 Yard Run,1st & 10 at NYG 25,08:36 2nd,"— J.Winston FUMBLES (Aborted) at NYG 24, and recovers at NYG 24. J.Winston to NYG 27 for 3 yards (I.Pace)."
2026,PRESEASON WEEK 1,Saturday,August 15th,MIN,NYG,2nd Quarter,3,New York Giants,0,3,0,6 Yard Pass,2nd & 8 at NYG 27,07:52 2nd Shotgun,— J.Winston pass short right to T.Johnson to NYG 33 for 6 yards (J.Golday).
2026,PRESEASON WEEK 1,Saturday,August 15th,MIN,NYG,2nd Quarter,3,New York Giants,0,4,0,1 Yard Run,3rd & 2 at NYG 33,07:13 2nd Shotgun,— E.Gray right guard to NYG 34 for 1 yard (J.Golday; T.Ingram-Dawkins).
2026,PRESEASON WEEK 1,Saturday,August 15th,MIN,NYG,2nd Quarter,3,New York Giants,0,5,0,1 Yard Run,4th & 1 at NYG 34,06:33 2nd,— J.Winston up the middle to NYG 35 for 1 yard (C.Banks).
2026,PRESEASON WEEK 1,Saturday,August 15th,MIN,NYG,2nd Quarter,3,New York Giants,0,6,0,6 Yard Run,1st & 10 at NYG 35,05:56 2nd,— D.Miller left tackle to NYG 41 for 6 yards (C.Banks).
2026,PRESEASON WEEK 1,Saturday,August 15th,MIN,NYG,2nd Quarter,3,New York Giants,0,7,0,1 Yard Run,2nd & 4 at NYG 41,05:18 2nd,— D.Miller left tackle to NYG 42 for 1 yard (I.Pace).
2026,PRESEASON WEEK 1,Saturday,August 15th,MIN,NYG,2nd Quarter,3,New York Giants,0,8,0,-1 Yard Sack,3rd & 3 at NYG 42,04:39 2nd Shotgun,— J.Winston sacked at NYG 41 for -1 yards (E.Williams).
2026,PRESEASON WEEK 1,Saturday,August 15th,MIN,NYG,2nd Quarter,3,New York Giants,0,9,0,Punt,4th & 4 at NYG 41,03:56 2nd,"— J.Stout punts 43 yards to MIN 16, Center-B.Mann. T.Felton to MIN 28 for 12 yards (A.Green). PENALTY on MIN-J.Roberts, Offensive Holding, 8 yards, enforced at MIN 16."
2026,PRESEASON WEEK 1,Saturday,August 15th,MIN,NYG,2nd Quarter,4,Minnesota Vikings,0,1,0,4 Yard Run,1st & 10 at MIN 8,03:44 2nd Shotgun,— Z.Scott up the middle to MIN 12 for 4 yards (J.Tupou; M.McFadden).
2026,PRESEASON WEEK 1,Saturday,August 15th,MIN,NYG,2nd Quarter,4,Minnesota Vikings,0,2,0,5 Yard Pass,2nd & 6 at MIN 12,03:02 2nd Shotgun,— J.McCarthy pass short middle to T.Felton to MIN 17 for 5 yards (M.McFadden) [C.Golston].
2026,PRESEASON WEEK 1,Saturday,August 15th,MIN,NYG,2nd Quarter,4,Minnesota Vikings,0,3,0,-4 Yard Penalty,3rd & 1 at MIN 17,02:11 2nd,"— PENALTY on MIN, Illegal Shift, 4 yards, enforced at MIN 17 - No Play."
2026,PRESEASON WEEK 1,Saturday,August 15th,MIN,NYG,2nd Quarter,4,Minnesota Vikings,0,4,0,-4 Yard Sack,3rd & 5 at MIN 13,02:00 2nd Shotgun,— J.McCarthy sacked at MIN 9 for -4 yards (D.Alexander).
2026,PRESEASON WEEK 1,Saturday,August 15th,MIN,NYG,2nd Quarter,4,Minnesota Vikings,0,5,0,Punt,4th & 9 at MIN 9,01:22 2nd,"— B.Thorson punts 50 yards to NYG 41, Center-A.DePaola. B.Berrios ran ob at MIN 44 for 15 yards (M.Bredeson)."
2026,PRESEASON WEEK 1,Saturday,August 15th,MIN,NYG,2nd Quarter,5,New York Giants,1,1,0,6 Yard Pass,1st & 10 at MIN 44,01:11 2nd Shotgun,— J.Winston pass short left to O.Beckham to MIN 38 for 6 yards (J.Pierre; Jac.Thomas).
2026,PRESEASON WEEK 1,Saturday,August 15th,MIN,NYG,2nd Quarter,5,New York Giants,1,2,0,-10 Yard Penalty,2nd & 4 at MIN 38,"00:42 2nd No Huddle, Shotgun","— J.Winston pass short left to E.Gray pushed ob at MIN 34 for 4 yards (J.Ward). PENALTY on NYG-B.Hudson, Offensive Holding, 10 yards, enforced at MIN 38 - No Play."
2026,PRESEASON WEEK 1,Saturday,August 15th,MIN,NYG,2nd Quarter,5,New York Giants,1,3,0,9 Yard Pass,2nd & 14 at MIN 48,00:35 2nd Shotgun,— J.Winston pass short left to E.Gray ran ob at MIN 39 for 9 yards (J.Pierre).
2026,PRESEASON WEEK 1,Saturday,August 15th,MIN,NYG,2nd Quarter,5,New York Giants,1,4,0,8 Yard Pass,3rd & 5 at MIN 39,"00:31 2nd No Huddle, Shotgun",— J.Winston pass short left to M.Fields to MIN 31 for 8 yards (J.Pierre).
2026,PRESEASON WEEK 1,Saturday,August 15th,MIN,NYG,2nd Quarter,5,New York Giants,1,5,0,Timeout,,00:26 2nd,— Timeout #2 by NYG at 00:26.
2026,PRESEASON WEEK 1,Saturday,August 15th,MIN,NYG,2nd Quarter,5,New York Giants,1,6,0,Pass Incomplete,1st & 10 at MIN 31,00:26 2nd Shotgun,— J.Winston pass incomplete short middle to B.Berrios.
2026,PRESEASON WEEK 1,Saturday,August 15th,MIN,NYG,2nd Quarter,5,New York Giants,1,7,0,4 Yard Run,2nd & 10 at MIN 31,00:23 2nd Shotgun,— E.Gray left tackle to MIN 27 for 4 yards (J.Golday).
2026,PRESEASON WEEK 1,Saturday,August 15th,MIN,NYG,2nd Quarter,5,New York Giants,1,8,0,Timeout,,00:03 2nd,— Timeout #3 by NYG at 00:03.
2026,PRESEASON WEEK 1,Saturday,August 15th,MIN,NYG,2nd Quarter,5,New York Giants,1,9,1,Field Goal,3rd & 6 at MIN 27,00:03 2nd,"— B.Sauls 46 yard field goal is GOOD, Center-B.Mann, Holder-J.Stout."
2026,PRESEASON WEEK 1,Saturday,August 15th,MIN,NYG,3rd Quarter,1,New York Giants,0,1,0,Kickoff from MIN 35,,Kickoff,— W.Reichard kicks 61 yards from MIN 35 to NYG 4. D.Miller to NYG 26 for 22 yards (C.Demmings).
2026,PRESEASON WEEK 1,Saturday,August 15th,MIN,NYG,3rd Quarter,1,New York Giants,0,2,0,-1 Yard Run,1st & 10 at NYG 26,14:50 3rd,— E.Gray up the middle to NYG 25 for -1 yards (I.Loudermilk).
2026,PRESEASON WEEK 1,Saturday,August 15th,MIN,NYG,3rd Quarter,1,New York Giants,0,3,0,0 Yard Pass,2nd & 11 at NYG 25,14:14 3rd Shotgun,— J.Winston pass short right to O.Beckham to NYG 25 for no gain (Z.Vaughn).
2026,PRESEASON WEEK 1,Saturday,August 15th,MIN,NYG,3rd Quarter,1,New York Giants,0,4,0,9 Yard Pass,3rd & 11 at NYG 25,13:30 3rd Shotgun,— J.Winston pass short left to B.Berrios to NYG 34 for 9 yards (C.Chambliss).
2026,PRESEASON WEEK 1,Saturday,August 15th,MIN,NYG,3rd Quarter,1,New York Giants,0,5,0,Punt,4th & 2 at NYG 34,12:41 3rd,"— B.Mann to NYG 20 for -14 yards. FUMBLES, recovered by NYG-J.Stout at NYG 19. J.Stout punts 58 yards to MIN 8. T.Felton to MIN 16 for 8 yards (D.Cambre). PENALTY on MIN-D.Bell, Illegal Blindside Block, 8 yards, enforced at MIN 16."
2026,PRESEASON WEEK 1,Saturday,August 15th,MIN,NYG,3rd Quarter,2,Minnesota Vikings,1,1,0,3 Yard Run,1st & 10 at MIN 8,12:28 3rd,— D.Claiborne right tackle to MIN 11 for 3 yards (J.Pinnock).
2026,PRESEASON WEEK 1,Saturday,August 15th,MIN,NYG,3rd Quarter,2,Minnesota Vikings,1,2,0,28 Yard Pass,2nd & 7 at MIN 11,11:46 3rd,— C.Wentz pass deep left to M.Price to MIN 39 for 28 yards (J.Pinnock; J.Kelly).
2026,PRESEASON WEEK 1,Saturday,August 15th,MIN,NYG,3rd Quarter,2,Minnesota Vikings,1,3,0,3 Yard Run,1st & 10 at MIN 39,10:58 3rd,— D.Claiborne right tackle to MIN 42 for 3 yards (Z.Barnes).
2026,PRESEASON WEEK 1,Saturday,August 15th,MIN,NYG,3rd Quarter,2,Minnesota Vikings,1,4,0,17 Yard Pass,2nd & 7 at MIN 42,10:14 3rd Shotgun,— C.Wentz pass deep right to J.Jones ran ob at NYG 41 for 17 yards.
2026,PRESEASON WEEK 1,Saturday,August 15th,MIN,NYG,3rd Quarter,2,Minnesota Vikings,1,5,0,4 Yard Run,1st & 10 at NYG 41,09:42 3rd,— D.Claiborne right guard to NYG 37 for 4 yards (R.Layne; J.Kelly).
2026,PRESEASON WEEK 1,Saturday,August 15th,MIN,NYG,3rd Quarter,2,Minnesota Vikings,1,6,0,2 Yard Run,2nd & 6 at NYG 37,08:58 3rd,— D.Claiborne right guard to NYG 35 for 2 yards (K.Kareem).
2026,PRESEASON WEEK 1,Saturday,August 15th,MIN,NYG,3rd Quarter,2,Minnesota Vikings,1,7,0,Pass Incomplete,3rd & 4 at NYG 35,08:13 3rd Shotgun,— C.Wentz pass incomplete short middle to B.Nesbit (K.Black).
2026,PRESEASON WEEK 1,Saturday,August 15th,MIN,NYG,3rd Quarter,2,Minnesota Vikings,1,8,1,Field Goal,4th & 4 at NYG 35,08:07 3rd,"— W.Reichard 54 yard field goal is GOOD, Center-A.DePaola, Holder-B.Thorson."
2026,PRESEASON WEEK 1,Saturday,August 15th,MIN,NYG,3rd Quarter,3,New York Giants,0,1,0,Kickoff from MIN 35,,Kickoff,— W.Reichard kicks 66 yards from MIN 35 to NYG -1. D.Miller to NYG 24 for 25 yards (C.Chambliss).
2026,PRESEASON WEEK 1,Saturday,August 15th,MIN,NYG,3rd Quarter,3,New York Giants,0,2,0,Interception,1st & 10 at NYG 24,07:57 3rd,— B.Allen pass short middle intended for O.Beckham INTERCEPTED by J.Roberts at NYG 33. J.Roberts to NYG 27 for 6 yards (D.Miller).
2026,PRESEASON WEEK 1,Saturday,August 15th,MIN,NYG,3rd Quarter,4,Minnesota Vikings,1,1,0,7 Yard Pass,1st & 10 at NYG 27,07:49 3rd,— C.Wentz pass short right to B.Nesbit to NYG 20 for 7 yards (N.Jones; J.Kelly) [K.Kareem].
2026,PRESEASON WEEK 1,Saturday,August 15th,MIN,NYG,3rd Quarter,4,Minnesota Vikings,1,2,0,9 Yard Run,2nd & 3 at NYG 20,07:07 3rd,— D.Claiborne right end ran ob at NYG 11 for 9 yards (K.Black).
2026,PRESEASON WEEK 1,Saturday,August 15th,MIN,NYG,3rd Quarter,4,Minnesota Vikings,1,3,0,0 Yard Run,1st & 10 at NYG 11,06:31 3rd,— D.Claiborne left tackle to NYG 11 for no gain (T.Ford; A.Green).
2026,PRESEASON WEEK 1,Saturday,August 15th,MIN,NYG,3rd Quarter,4,Minnesota Vikings,1,4,0,Pass Incomplete,2nd & 10 at NYG 11,05:47 3rd Shotgun,— C.Wentz pass incomplete short right to Z.Scott (L.Fotu).
2026,PRESEASON WEEK 1,Saturday,August 15th,MIN,NYG,3rd Quarter,4,Minnesota Vikings,1,5,0,10 Yard Penalty,3rd & 10 at NYG 11,05:44 3rd Shotgun,"— C.Wentz pass incomplete short right to D.Fleming. PENALTY on NYG-K.Black, Defensive Pass Interference, 10 yards, enforced at NYG 11 - No Play."
2026,PRESEASON WEEK 1,Saturday,August 15th,MIN,NYG,3rd Quarter,4,Minnesota Vikings,1,6,0,0 Yard Run,1st & 1 at NYG 1,05:38 3rd,— D.Claiborne left guard to NYG 1 for no gain (C.Murphy).
2026,PRESEASON WEEK 1,Saturday,August 15th,MIN,NYG,3rd Quarter,4,Minnesota Vikings,1,7,0,0 Yard Run,2nd & 1 at NYG 1,04:59 3rd,— D.Claiborne up the middle to NYG 1 for no gain (J.Kelly).
2026,PRESEASON WEEK 1,Saturday,August 15th,MIN,NYG,3rd Quarter,4,Minnesota Vikings,1,8,0,Timeout,,04:13 3rd,— Timeout #1 by MIN at 04:13.
2026,PRESEASON WEEK 1,Saturday,August 15th,MIN,NYG,3rd Quarter,4,Minnesota Vikings,1,9,0,Penalty,3rd & 1 at NYG 1,04:13 3rd Shotgun,"— C.Wentz pass incomplete short left to D.Fleming. PENALTY on NYG-A.Green, Defensive Pass Interference, 0 yards, enforced at NYG 1 - No Play."
2026,PRESEASON WEEK 1,Saturday,August 15th,MIN,NYG,3rd Quarter,4,Minnesota Vikings,1,10,1,Touchdown,1st & 1 at NYG 1,04:08 3rd,"— C.Wentz pass short right to M.Price for 1 yard, TOUCHDOWN."
2026,PRESEASON WEEK 1,Saturday,August 15th,MIN,NYG,3rd Quarter,4,Minnesota Vikings,1,11,1,Extra Point,,04:04 3rd,"— W.Reichard extra point is GOOD, Center-A.DePaola, Holder-B.Thorson."
2026,PRESEASON WEEK 1,Saturday,August 15th,MIN,NYG,3rd Quarter,5,New York Giants,0,1,0,Kickoff from MIN 35,,Kickoff,— W.Reichard kicks 63 yards from MIN 35 to NYG 2. D.Miller to NYG 24 for 22 yards (J.Ross).
2026,PRESEASON WEEK 1,Saturday,August 15th,MIN,NYG,3rd Quarter,5,New York Giants,0,2,0,4 Yard Run,1st & 10 at NYG 24,03:58 3rd,— D.Miller up the middle to NYG 28 for 4 yards (J.Roberts).
2026,PRESEASON WEEK 1,Saturday,August 15th,MIN,NYG,3rd Quarter,5,New York Giants,0,3,0,2 Yard Run,2nd & 6 at NYG 28,03:20 3rd Shotgun,— D.Miller left guard to NYG 30 for 2 yards (J.Roberts).
2026,PRESEASON WEEK 1,Saturday,August 15th,MIN,NYG,3rd Quarter,5,New York Giants,0,4,0,-13 Yard Sack,3rd & 4 at NYG 30,02:39 3rd Shotgun,— B.Allen sacked at NYG 17 for -13 yards (B.Richter).
2026,PRESEASON WEEK 1,Saturday,August 15th,MIN,NYG,3rd Quarter,5,New York Giants,0,5,0,Punt,4th & 17 at NYG 17,01:56 3rd,"— J.Stout punts 55 yards to MIN 28, Center-B.Mann. D.Fleming to NYG 46 for 26 yards (M.Fields). PENALTY on MIN-B.Kamara, Offensive Holding, 10 yards, enforced at MIN 46."
2026,PRESEASON WEEK 1,Saturday,August 15th,MIN,NYG,3rd Quarter,6,Minnesota Vikings,0,1,0,2 Yard Run,1st & 10 at MIN 36,01:45 3rd,— Z.Scott left tackle to MIN 38 for 2 yards (K.Kareem).
2026,PRESEASON WEEK 1,Saturday,August 15th,MIN,NYG,3rd Quarter,6,Minnesota Vikings,0,2,0,6 Yard Pass,2nd & 8 at MIN 38,01:04 3rd,— M.Brosmer pass short left to Z.Scott to MIN 44 for 6 yards (R.Layne).
2026,PRESEASON WEEK 1,Saturday,August 15th,MIN,NYG,3rd Quarter,6,Minnesota Vikings,0,3,0,Pass Incomplete,3rd & 2 at MIN 44,00:17 3rd Shotgun,— M.Brosmer pass incomplete deep right to D.Fleming (K.Black).
2026,PRESEASON WEEK 1,Saturday,August 15th,MIN,NYG,3rd Quarter,6,Minnesota Vikings,0,4,0,Punt,4th & 2 at MIN 44,00:13 3rd,"— B.Thorson punts 43 yards to NYG 13, Center-A.DePaola. X.Gipson ran ob at NYG 23 for 10 yards (Jac.Thomas)."
2026,PRESEASON WEEK 1,Saturday,August 15th,MIN,NYG,4th Quarter,1,New York Giants,0,1,0,3 Yard Run,1st & 10 at NYG 23,00:02 3rd,— D.Bankston up the middle to NYG 26 for 3 yards (T.Thomas; J.Ross).
2026,PRESEASON WEEK 1,Saturday,August 15th,MIN,NYG,4th Quarter,1,New York Giants,0,2,0,1 Yard Pass,2nd & 7 at NYG 26,15:00 4th,— B.Allen pass short right to X.Gipson to NYG 27 for 1 yard (Jac.Thomas).
2026,PRESEASON WEEK 1,Saturday,August 15th,MIN,NYG,4th Quarter,1,New York Giants,0,3,0,Interception,3rd & 6 at NYG 27,14:10 4th Shotgun,— B.Allen pass deep left intended for R.Miller INTERCEPTED by Jac.Thomas at MIN 44. Jac.Thomas ran ob at MIN 44 for no gain.
2026,PRESEASON WEEK 1,Saturday,August 15th,MIN,NYG,4th Quarter,2,Minnesota Vikings,0,1,0,17 Yard Run,1st & 10 at MIN 44,14:04 4th,— D.Bell left end to NYG 39 for 17 yards (B.Brade).
2026,PRESEASON WEEK 1,Saturday,August 15th,MIN,NYG,4th Quarter,2,Minnesota Vikings,0,2,0,Pass Incomplete,1st & 10 at NYG 39,13:25 4th,— C.Wentz pass incomplete short right to D.Bell.
2026,PRESEASON WEEK 1,Saturday,August 15th,MIN,NYG,4th Quarter,2,Minnesota Vikings,0,3,0,-3 Yard Pass,2nd & 10 at NYG 39,13:19 4th Shotgun,— C.Wentz pass short right to D.Fleming to NYG 42 for -3 yards (N.Jones).
2026,PRESEASON WEEK 1,Saturday,August 15th,MIN,NYG,4th Quarter,2,Minnesota Vikings,0,4,0,Timeout,,12:33 4th,— Timeout #2 by MIN at 12:33.
2026,PRESEASON WEEK 1,Saturday,August 15th,MIN,NYG,4th Quarter,2,Minnesota Vikings,0,5,0,Pass Incomplete,3rd & 13 at NYG 42,12:33 4th Shotgun,— C.Wentz pass incomplete short left to B.Nesbit (M.Davidson).
2026,PRESEASON WEEK 1,Saturday,August 15th,MIN,NYG,4th Quarter,2,Minnesota Vikings,0,6,0,Punt,4th & 13 at NYG 42,12:27 4th,"— J.Hekker punts 34 yards to NYG 8, Center-A.DePaola, fair catch by X.Gipson."
2026,PRESEASON WEEK 1,Saturday,August 15th,MIN,NYG,4th Quarter,3,New York Giants,0,1,0,-1 Yard Run,1st & 10 at NYG 8,12:20 4th,— D.Bankston up the middle to NYG 7 for -1 yards (B.Kamara).
2026,PRESEASON WEEK 1,Saturday,August 15th,MIN,NYG,4th Quarter,3,New York Giants,0,2,0,4 Yard Run,2nd & 11 at NYG 7,11:42 4th,"— D.Bankston right end to NYG 11 for 4 yards (J.Ross). Penalty on NYG-T.Fidone, Offensive Holding, declined."
2026,PRESEASON WEEK 1,Saturday,August 15th,MIN,NYG,4th Quarter,3,New York Giants,0,3,0,Pass Incomplete,3rd & 7 at NYG 11,11:15 4th Shotgun,— B.Allen pass incomplete short right to T.Fidone (C.Stewart).
2026,PRESEASON WEEK 1,Saturday,August 15th,MIN,NYG,4th Quarter,3,New York Giants,0,4,0,Penalty,4th & 7 at NYG 11,11:11 4th,"— J.Stout punts 65 yards to MIN 24, Center-B.Mann. D.Fleming MUFFS catch, and recovers at MIN 24. D.Fleming to MIN 38 for 14 yards (R.Layne; D.Muasau). Penalty on NYG-T.Fidone, Illegal Formation, offsetting, enforced at NYG 11 - No Play. Penalty on MIN-M.Sanders, Offensive Holding, offsetting."
2026,PRESEASON WEEK 1,Saturday,August 15th,MIN,NYG,4th Quarter,3,New York Giants,0,5,0,Punt,4th & 7 at NYG 11,10:57 4th,"— J.Stout punts 60 yards to MIN 29, Center-B.Mann. D.Fleming to MIN 38 for 9 yards (D.Muasau; T.Fidone)."
2026,PRESEASON WEEK 1,Saturday,August 15th,MIN,NYG,4th Quarter,4,Minnesota Vikings,0,1,0,3 Yard Run,1st & 10 at MIN 38,10:44 4th,— Je.Jefferson right end to MIN 41 for 3 yards (A.Orji).
2026,PRESEASON WEEK 1,Saturday,August 15th,MIN,NYG,4th Quarter,4,Minnesota Vikings,0,2,0,6 Yard Pass,2nd & 7 at MIN 41,10:02 4th Shotgun,— C.Wentz pass short right to B.Nesbit to MIN 47 for 6 yards (D.Muasau).
2026,PRESEASON WEEK 1,Saturday,August 15th,MIN,NYG,4th Quarter,4,Minnesota Vikings,0,3,0,Pass Incomplete,3rd & 1 at MIN 47,09:17 4th Shotgun,— C.Wentz pass incomplete short right to M.Briscoe (T.Ford).
2026,PRESEASON WEEK 1,Saturday,August 15th,MIN,NYG,4th Quarter,4,Minnesota Vikings,0,4,0,Punt,4th & 1 at MIN 47,09:13 4th,"— B.Thorson punts 48 yards to NYG 5, Center-A.DePaola, fair catch by X.Gipson."
2026,PRESEASON WEEK 1,Saturday,August 15th,MIN,NYG,4th Quarter,5,New York Giants,0,1,0,2 Yard Run,1st & 10 at NYG 5,09:07 4th,— E.Gray left tackle to NYG 7 for 2 yards (J.Ritzie; B.Kamara).
2026,PRESEASON WEEK 1,Saturday,August 15th,MIN,NYG,4th Quarter,5,New York Giants,0,2,0,14 Yard Pass,2nd & 8 at NYG 7,08:29 4th Shotgun,— B.Allen pass short right to R.Miller to NYG 21 for 14 yards (D.McGlothern).
2026,PRESEASON WEEK 1,Saturday,August 15th,MIN,NYG,4th Quarter,5,New York Giants,0,3,0,4 Yard Run,1st & 10 at NYG 21,07:58 4th Shotgun,— E.Gray left guard to NYG 25 for 4 yards (K.Hailassie).
2026,PRESEASON WEEK 1,Saturday,August 15th,MIN,NYG,4th Quarter,5,New York Giants,0,4,0,3 Yard Run,2nd & 6 at NYG 25,07:19 4th,— E.Gray right tackle to NYG 28 for 3 yards (B.Kamara).
2026,PRESEASON WEEK 1,Saturday,August 15th,MIN,NYG,4th Quarter,5,New York Giants,0,5,0,20 Yard Pass,3rd & 3 at NYG 28,06:38 4th Shotgun,— B.Allen pass short right to D.Cambre pushed ob at NYG 48 for 20 yards (K.Hailassie).
2026,PRESEASON WEEK 1,Saturday,August 15th,MIN,NYG,4th Quarter,5,New York Giants,0,6,0,3 Yard Run,1st & 10 at NYG 48,06:00 4th,— E.Gray right tackle to MIN 49 for 3 yards (B.Kamara).
2026,PRESEASON WEEK 1,Saturday,August 15th,MIN,NYG,4th Quarter,5,New York Giants,0,7,0,8 Yard Pass,2nd & 7 at MIN 49,05:22 4th Shotgun,— B.Allen pass short right to E.Gray to MIN 41 for 8 yards (J.Ritzie; J.Roberts).
2026,PRESEASON WEEK 1,Saturday,August 15th,MIN,NYG,4th Quarter,5,New York Giants,0,8,0,4 Yard Run,1st & 10 at MIN 41,04:37 4th,— E.Gray up the middle to MIN 37 for 4 yards (A.Walker; Jac.Thomas).
2026,PRESEASON WEEK 1,Saturday,August 15th,MIN,NYG,4th Quarter,5,New York Giants,0,9,0,1 Yard Run,2nd & 6 at MIN 37,04:00 4th Shotgun,— D.Miller right guard to MIN 36 for 1 yard (B.Kamara).
2026,PRESEASON WEEK 1,Saturday,August 15th,MIN,NYG,4th Quarter,5,New York Giants,0,10,0,-10 Yard Penalty,3rd & 5 at MIN 36,03:17 4th Shotgun,"— B.Allen pass short left to D.Cambre to MIN 25 for 11 yards (A.Walker; K.Hailassie). PENALTY on NYG-I.Hodgins, Offensive Pass Interference, 10 yards, enforced at MIN 36 - No Play."
2026,PRESEASON WEEK 1,Saturday,August 15th,MIN,NYG,4th Quarter,5,New York Giants,0,11,0,2 Yard Pass,3rd & 15 at MIN 46,03:11 4th Shotgun,— B.Allen pass short left to I.Hodgins to MIN 44 for 2 yards (A.Walker; M.Allen).
2026,PRESEASON WEEK 1,Saturday,August 15th,MIN,NYG,4th Quarter,5,New York Giants,0,12,0,Punt,4th & 13 at MIN 44,02:29 4th,"— J.Stout punts 36 yards to MIN 8, Center-B.Mann, fair catch by T.Rudolph. PENALTY on MIN-Je.Jefferson, Offensive Holding, 4 yards, enforced at MIN 8."
2026,PRESEASON WEEK 1,Saturday,August 15th,MIN,NYG,4th Quarter,6,Minnesota Vikings,0,1,0,0 Yard Run,1st & 10 at MIN 4,02:22 4th,— Je.Jefferson up the middle to MIN 4 for no gain (A.Orji).
2026,PRESEASON WEEK 1,Saturday,August 15th,MIN,NYG,4th Quarter,6,Minnesota Vikings,0,2,0,7 Yard Pass,2nd & 10 at MIN 4,02:00 4th Shotgun,— C.Wentz pass short left to D.Fleming pushed ob at MIN 11 for 7 yards (S.Webb).
2026,PRESEASON WEEK 1,Saturday,August 15th,MIN,NYG,4th Quarter,6,Minnesota Vikings,0,3,0,12 Yard Pass,3rd & 3 at MIN 11,01:55 4th,— C.Wentz pass short right to M.Lang to MIN 23 for 12 yards (S.Webb).
2026,PRESEASON WEEK 1,Saturday,August 15th,MIN,NYG,4th Quarter,6,Minnesota Vikings,0,4,0,Timeout,,01:35 4th,— Timeout #1 by NYG at 01:35.
2026,PRESEASON WEEK 1,Saturday,August 15th,MIN,NYG,4th Quarter,6,Minnesota Vikings,0,5,0,-3 Yard Run,1st & 10 at MIN 23,01:35 4th,— Je.Jefferson left tackle to MIN 20 for -3 yards (T.Ford).
2026,PRESEASON WEEK 1,Saturday,August 15th,MIN,NYG,4th Quarter,6,Minnesota Vikings,0,6,0,Timeout,,01:30 4th,— Timeout #2 by NYG at 01:30.
2026,PRESEASON WEEK 1,Saturday,August 15th,MIN,NYG,4th Quarter,6,Minnesota Vikings,0,7,0,10 Yard Run,2nd & 13 at MIN 20,01:30 4th,— D.Bell left end to MIN 30 for 10 yards (B.Brade; K.Kareem).
2026,PRESEASON WEEK 1,Saturday,August 15th,MIN,NYG,4th Quarter,6,Minnesota Vikings,0,8,0,Timeout,,01:24 4th,— Timeout #3 by NYG at 01:24.
2026,PRESEASON WEEK 1,Saturday,August 15th,MIN,NYG,4th Quarter,6,Minnesota Vikings,0,9,0,6 Yard Pass,3rd & 3 at MIN 30,01:24 4th Shotgun,— C.Wentz pass short right to D.Fleming to MIN 36 for 6 yards (U.Amadi).
2026,PRESEASON WEEK 1,Saturday,August 15th,MIN,NYG,4th Quarter,6,Minnesota Vikings,0,10,0,-1 Yard Run,1st & 10 at MIN 36,00:38 4th,— C.Wentz kneels to MIN 35 for -1 yards.
2026,PRESEASON WEEK 1,Saturday,August 15th,LAR,KC,1st Quarter,1,Los Angeles Rams,0,1,0,Kickoff from KC 35,,Kickoff,— H.Butker kicks 62 yards from KC 35 to LAR 3. M.Williams to LAR 27 for 24 yards (K.Knowles; Ty.Smith).
2026,PRESEASON WEEK 1,Saturday,August 15th,LAR,KC,1st Quarter,1,Los Angeles Rams,0,2,0,2 Yard Run,1st & 10 at LAR 27,14:56 1st,— J.Hunter right guard to LAR 29 for 2 yards (N.Williams; J.Bassa).
2026,PRESEASON WEEK 1,Saturday,August 15th,LAR,KC,1st Quarter,1,Los Angeles Rams,0,3,0,5 Yard Run,2nd & 8 at LAR 29,14:24 1st,— J.Hunter up the middle to LAR 34 for 5 yards (C.Roland-Wallace; K.Tonga).
2026,PRESEASON WEEK 1,Saturday,August 15th,LAR,KC,1st Quarter,1,Los Angeles Rams,0,4,0,Pass Incomplete,3rd & 3 at LAR 34,13:51 1st Shotgun,— S.Bennett pass incomplete short right to C.Daniels.
2026,PRESEASON WEEK 1,Saturday,August 15th,LAR,KC,1st Quarter,1,Los Angeles Rams,0,5,0,Punt,4th & 3 at LAR 34,13:48 1st,"— E.Evans punts 58 yards to KC 8, Center-J.Cardona. N.Remigio pushed ob at KC 27 for 19 yards (D.Connors)."
2026,PRESEASON WEEK 1,Saturday,August 15th,LAR,KC,1st Quarter,2,Kansas City Chiefs,0,1,0,6 Yard Pass,1st & 10 at KC 27,13:35 1st Shotgun,— J.Fields pass short left to J.Royals pushed ob at KC 33 for 6 yards (A.Hamilton).
2026,PRESEASON WEEK 1,Saturday,August 15th,LAR,KC,1st Quarter,2,Kansas City Chiefs,0,2,0,8 Yard Pass,2nd & 4 at KC 33,13:05 1st Shotgun,— J.Fields pass short right to B.Smith to KC 41 for 8 yards (N.Valcarcel).
2026,PRESEASON WEEK 1,Saturday,August 15th,LAR,KC,1st Quarter,2,Kansas City Chiefs,0,3,0,3 Yard Run,1st & 10 at KC 41,12:25 1st,— B.Smith left tackle to KC 44 for 3 yards (D.Johnson).
2026,PRESEASON WEEK 1,Saturday,August 15th,LAR,KC,1st Quarter,2,Kansas City Chiefs,0,4,0,-10 Yard Penalty,2nd & 7 at KC 44,11:50 1st Shotgun,"— J.Fields pass short right to C.Allen to KC 43 for -1 yards (N.Valcarcel). PENALTY on KC-J.Royals, Offensive Pass Interference, 10 yards, enforced at KC 44 - No Play."
2026,PRESEASON WEEK 1,Saturday,August 15th,LAR,KC,1st Quarter,2,Kansas City Chiefs,0,5,0,-1 Yard Run,2nd & 17 at KC 34,11:24 1st Shotgun,— B.Smith left end to KC 33 for -1 yards (N.Andersen).
2026,PRESEASON WEEK 1,Saturday,August 15th,LAR,KC,1st Quarter,2,Kansas City Chiefs,0,6,0,10 Yard Pass,3rd & 18 at KC 33,10:41 1st Shotgun,— J.Fields pass short middle to N.Gray to KC 43 for 10 yards (N.Valcarcel; N.Andersen).
2026,PRESEASON WEEK 1,Saturday,August 15th,LAR,KC,1st Quarter,2,Kansas City Chiefs,0,7,0,Punt,4th & 8 at KC 43,10:01 1st,"— M.Araiza punts 47 yards to LAR 10, Center-J.Winchester. X.Smith to LAR 21 for 11 yards (M.Smith)."
2026,PRESEASON WEEK 1,Saturday,August 15th,LAR,KC,1st Quarter,3,Los Angeles Rams,1,1,0,13 Yard Pass,1st & 10 at LAR 21,09:50 1st,— S.Bennett pass short right to X.Smith pushed ob at LAR 34 for 13 yards (N.Williams).
2026,PRESEASON WEEK 1,Saturday,August 15th,LAR,KC,1st Quarter,3,Los Angeles Rams,1,2,0,13 Yard Run,1st & 10 at LAR 34,09:24 1st,— J.Hunter left end pushed ob at LAR 47 for 13 yards (J.Hicks; M.Smith).
2026,PRESEASON WEEK 1,Saturday,August 15th,LAR,KC,1st Quarter,3,Los Angeles Rams,1,3,0,2 Yard Pass,1st & 10 at LAR 47,08:50 1st,— S.Bennett pass short right to X.Smith to LAR 49 for 2 yards (N.Williams).
2026,PRESEASON WEEK 1,Saturday,August 15th,LAR,KC,1st Quarter,3,Los Angeles Rams,1,4,0,8 Yard Run,2nd & 8 at LAR 49,08:15 1st Shotgun,— J.Waters right guard to KC 43 for 8 yards (N.Williams; J.Hicks).
2026,PRESEASON WEEK 1,Saturday,August 15th,LAR,KC,1st Quarter,3,Los Angeles Rams,1,5,0,2 Yard Run,1st & 10 at KC 43,07:43 1st No Huddle,— J.Hunter right end to KC 41 for 2 yards (J.Bassa).
2026,PRESEASON WEEK 1,Saturday,August 15th,LAR,KC,1st Quarter,3,Los Angeles Rams,1,6,0,21 Yard Pass,2nd & 8 at KC 41,07:09 1st,— S.Bennett pass short left to B.Presley pushed ob at KC 20 for 21 yards (A.Gilman).
2026,PRESEASON WEEK 1,Saturday,August 15th,LAR,KC,1st Quarter,3,Los Angeles Rams,1,7,0,8 Yard Run,1st & 10 at KC 20,06:36 1st,— J.Hunter right guard to KC 12 for 8 yards (J.Cochrane; A.Gilman).
2026,PRESEASON WEEK 1,Saturday,August 15th,LAR,KC,1st Quarter,3,Los Angeles Rams,1,8,0,1 Yard Run,2nd & 2 at KC 12,05:59 1st,— J.Hunter right guard to KC 11 for 1 yard (F.Anudike-Uzomah; C.Roland-Wallace).
2026,PRESEASON WEEK 1,Saturday,August 15th,LAR,KC,1st Quarter,3,Los Angeles Rams,1,9,0,2 Yard Pass,3rd & 1 at KC 11,05:25 1st Shotgun,— S.Bennett pass short right to M.Redman to KC 9 for 2 yards (J.Hicks).
2026,PRESEASON WEEK 1,Saturday,August 15th,LAR,KC,1st Quarter,3,Los Angeles Rams,1,10,0,2 Yard Run,1st & 9 at KC 9,04:48 1st,— J.Hunter left guard to KC 7 for 2 yards (R.Thomas; A.Gilman).
2026,PRESEASON WEEK 1,Saturday,August 15th,LAR,KC,1st Quarter,3,Los Angeles Rams,1,11,0,1 Yard Run,2nd & 7 at KC 7,04:12 1st Shotgun,— J.Hunter left guard to KC 6 for 1 yard (R.Thomas; M.Smith).
2026,PRESEASON WEEK 1,Saturday,August 15th,LAR,KC,1st Quarter,3,Los Angeles Rams,1,12,0,Pass Incomplete,3rd & 6 at KC 6,03:32 1st Shotgun,— S.Bennett pass incomplete short left to M.Klare (J.Hicks).
2026,PRESEASON WEEK 1,Saturday,August 15th,LAR,KC,1st Quarter,3,Los Angeles Rams,1,13,1,Field Goal,4th & 6 at KC 6,03:27 1st,"— H.Mevis 25 yard field goal is GOOD, Center-J.Cardona, Holder-E.Evans."
2026,PRESEASON WEEK 1,Saturday,August 15th,LAR,KC,1st Quarter,4,Kansas City Chiefs,0,1,0,Kickoff from LAR 35,,Kickoff,"— H.Mevis kicks 65 yards from LAR 35 to end zone, Touchback to the KC 35."
2026,PRESEASON WEEK 1,Saturday,August 15th,LAR,KC,1st Quarter,4,Kansas City Chiefs,0,2,0,0 Yard Run,1st & 10 at KC 35,03:25 1st,— B.Smith left end to KC 35 for no gain (T.Hamilton).
2026,PRESEASON WEEK 1,Saturday,August 15th,LAR,KC,1st Quarter,4,Kansas City Chiefs,0,3,0,17 Yard Pass,2nd & 10 at KC 35,02:54 1st,— J.Fields pass short left to A.Armstrong pushed ob at LAR 48 for 17 yards (T.Ingle).
2026,PRESEASON WEEK 1,Saturday,August 15th,LAR,KC,1st Quarter,4,Kansas City Chiefs,0,4,0,1 Yard Run,1st & 10 at LAR 48,02:22 1st,— J.Fields scrambles right end ran ob at LAR 47 for 1 yard (C.Lampkin).
2026,PRESEASON WEEK 1,Saturday,August 15th,LAR,KC,1st Quarter,4,Kansas City Chiefs,0,5,0,-1 Yard Run,2nd & 9 at LAR 47,01:55 1st Shotgun,— B.Smith right end to LAR 48 for -1 yards (D.Rickert).
2026,PRESEASON WEEK 1,Saturday,August 15th,LAR,KC,1st Quarter,4,Kansas City Chiefs,0,6,0,-10 Yard Penalty,3rd & 10 at LAR 48,01:11 1st Shotgun,"— J.Fields pass short right to B.Smith to LAR 39 for 9 yards (N.Hill-Green; A.Johnson). PENALTY on KC-E.Driskell, Offensive Holding, 10 yards, enforced at LAR 48 - No Play."
2026,PRESEASON WEEK 1,Saturday,August 15th,LAR,KC,1st Quarter,4,Kansas City Chiefs,0,7,0,8 Yard Run,3rd & 20 at KC 42,00:49 1st Shotgun,— J.Fields scrambles right end ran ob at 50 for 8 yards (T.Ingle).
2026,PRESEASON WEEK 1,Saturday,August 15th,LAR,KC,1st Quarter,4,Kansas City Chiefs,0,8,0,Punt,4th & 12 at 50,00:18 1st,"— M.Araiza punts 40 yards to LAR 10, Center-J.Winchester, fair catch by X.Smith."
2026,PRESEASON WEEK 1,Saturday,August 15th,LAR,KC,2nd Quarter,1,Los Angeles Rams,0,1,0,1 Yard Run,1st & 10 at LAR 10,00:11 1st,— J.Hunter right end to LAR 11 for 1 yard (K.Fulton; J.Cochrane).
2026,PRESEASON WEEK 1,Saturday,August 15th,LAR,KC,2nd Quarter,1,Los Angeles Rams,0,2,0,7 Yard Pass,2nd & 9 at LAR 11,15:00 2nd,— T.Simpson pass short right to M.Klare to LAR 18 for 7 yards (J.Cochrane; J.Bassa).
2026,PRESEASON WEEK 1,Saturday,August 15th,LAR,KC,2nd Quarter,1,Los Angeles Rams,0,3,0,Pass Incomplete,3rd & 2 at LAR 18,14:19 2nd Shotgun,"— T.Simpson pass incomplete short right [F.Anudike-Uzomah]. Penalty on LAR-B.Hance, Offensive Holding, declined."
2026,PRESEASON WEEK 1,Saturday,August 15th,LAR,KC,2nd Quarter,1,Los Angeles Rams,0,4,0,Punt,4th & 2 at LAR 18,14:14 2nd,"— E.Evans punts 61 yards to KC 21, Center-J.Cardona. B.Smith to KC 35 for 14 yards (D.Peterson; N.Andersen)."
2026,PRESEASON WEEK 1,Saturday,August 15th,LAR,KC,2nd Quarter,2,Kansas City Chiefs,1,1,0,9 Yard Pass,1st & 10 at KC 35,14:01 2nd,— G.Nussmeier pass short left to J.Briningstool ran ob at KC 44 for 9 yards (N.Andersen).
2026,PRESEASON WEEK 1,Saturday,August 15th,LAR,KC,2nd Quarter,2,Kansas City Chiefs,1,2,0,3 Yard Run,2nd & 1 at KC 44,13:27 2nd,— E.Johnson up the middle to KC 47 for 3 yards (W.Bailey; T.Keenan).
2026,PRESEASON WEEK 1,Saturday,August 15th,LAR,KC,2nd Quarter,2,Kansas City Chiefs,1,3,0,Pass Incomplete,1st & 10 at KC 47,12:50 2nd Shotgun,— G.Nussmeier pass incomplete deep right to C.Allen.
2026,PRESEASON WEEK 1,Saturday,August 15th,LAR,KC,2nd Quarter,2,Kansas City Chiefs,1,4,0,3 Yard Pass,2nd & 10 at KC 47,12:43 2nd Shotgun,— G.Nussmeier pass short right to N.Remigio to 50 for 3 yards (A.Cook).
2026,PRESEASON WEEK 1,Saturday,August 15th,LAR,KC,2nd Quarter,2,Kansas City Chiefs,1,5,0,17 Yard Pass,3rd & 7 at 50,12:03 2nd Shotgun,— G.Nussmeier pass short left to N.Remigio to LAR 33 for 17 yards (N.Andersen). LAR-A.Cook was injured during the play.
2026,PRESEASON WEEK 1,Saturday,August 15th,LAR,KC,2nd Quarter,2,Kansas City Chiefs,1,6,0,5 Yard Pass,1st & 10 at LAR 33,11:39 2nd,— G.Nussmeier pass short left to T.Watson to LAR 28 for 5 yards (M.Rice; A.Johnson).
2026,PRESEASON WEEK 1,Saturday,August 15th,LAR,KC,2nd Quarter,2,Kansas City Chiefs,1,7,0,3 Yard Run,2nd & 5 at LAR 28,11:00 2nd,— E.Johnson up the middle to LAR 25 for 3 yards (T.Hamilton; J.Moi).
2026,PRESEASON WEEK 1,Saturday,August 15th,LAR,KC,2nd Quarter,2,Kansas City Chiefs,1,8,0,3 Yard Run,3rd & 2 at LAR 25,10:23 2nd Shotgun,— E.Johnson up the middle to LAR 22 for 3 yards (K.Thomas).
2026,PRESEASON WEEK 1,Saturday,August 15th,LAR,KC,2nd Quarter,2,Kansas City Chiefs,1,9,0,18 Yard Run,1st & 10 at LAR 22,09:42 2nd,"— E.Johnson right end to LAR 9 for 13 yards (D.Peterson; C.Lampkin). PENALTY on LAR-D.Peterson, Horse Collar Tackle, 5 yards, enforced at LAR 9."
2026,PRESEASON WEEK 1,Saturday,August 15th,LAR,KC,2nd Quarter,2,Kansas City Chiefs,1,10,0,-10 Yard Penalty,1st & 4 at LAR 4,09:21 2nd,"— E.Johnson up the middle for 4 yards, TOUCHDOWN NULLIFIED by Penalty. PENALTY on KC-H.Nourzad, Offensive Holding, 10 yards, enforced at LAR 4 - No Play."
2026,PRESEASON WEEK 1,Saturday,August 15th,LAR,KC,2nd Quarter,2,Kansas City Chiefs,1,11,0,-6 Yard Pass,1st & 14 at LAR 14,09:17 2nd Shotgun,"— G.Nussmeier pass short right to E.Johnson to LAR 20 for -6 yards (M.Rice, B.Norton) [P.Zdroik]."
2026,PRESEASON WEEK 1,Saturday,August 15th,LAR,KC,2nd Quarter,2,Kansas City Chiefs,1,12,0,Pass Incomplete,2nd & 20 at LAR 20,08:30 2nd Shotgun,— G.Nussmeier pass incomplete short right to C.Allen (A.Hamilton).
2026,PRESEASON WEEK 1,Saturday,August 15th,LAR,KC,2nd Quarter,2,Kansas City Chiefs,1,13,0,1 Yard Run,3rd & 20 at LAR 20,08:25 2nd Shotgun,— E.Johnson up the middle to LAR 19 for 1 yard (W.Bailey). ** Injury Update: LAR-A.Cook has returned to the game.
2026,PRESEASON WEEK 1,Saturday,August 15th,LAR,KC,2nd Quarter,2,Kansas City Chiefs,1,14,1,Field Goal,4th & 19 at LAR 19,07:47 2nd,"— H.Butker 37 yard field goal is GOOD, Center-J.Winchester, Holder-M.Araiza."
2026,PRESEASON WEEK 1,Saturday,August 15th,LAR,KC,2nd Quarter,3,Los Angeles Rams,1,1,0,Kickoff from KC 35,,Kickoff,— H.Butker kicks 56 yards from KC 35 to LAR 9. M.Williams to LAR 36 for 27 yards (J.Brownlee).
2026,PRESEASON WEEK 1,Saturday,August 15th,LAR,KC,2nd Quarter,3,Los Angeles Rams,1,2,0,3 Yard Run,1st & 10 at LAR 36,07:37 2nd,— J.Waters up the middle to LAR 39 for 3 yards (J.Bassa).
2026,PRESEASON WEEK 1,Saturday,August 15th,LAR,KC,2nd Quarter,3,Los Angeles Rams,1,3,0,23 Yard Pass,2nd & 7 at LAR 39,07:03 2nd,— T.Simpson pass short right to M.Redman to KC 38 for 23 yards (J.Hicks).
2026,PRESEASON WEEK 1,Saturday,August 15th,LAR,KC,2nd Quarter,3,Los Angeles Rams,1,4,0,13 Yard Pass,1st & 10 at KC 38,06:20 2nd,— T.Simpson pass short right to T.Scott to KC 25 for 13 yards.
2026,PRESEASON WEEK 1,Saturday,August 15th,LAR,KC,2nd Quarter,3,Los Angeles Rams,1,5,0,3 Yard Pass,1st & 10 at KC 25,05:48 2nd,— T.Simpson pass short left to X.Smith to KC 22 for 3 yards (K.Elam).
2026,PRESEASON WEEK 1,Saturday,August 15th,LAR,KC,2nd Quarter,3,Los Angeles Rams,1,6,0,-2 Yard Run,2nd & 7 at KC 22,05:05 2nd,"— J.Waters up the middle to KC 24 for -2 yards (J.Hicks, J.Cochrane)."
2026,PRESEASON WEEK 1,Saturday,August 15th,LAR,KC,2nd Quarter,3,Los Angeles Rams,1,7,0,2 Yard Pass,3rd & 9 at KC 24,04:24 2nd Shotgun,— T.Simpson pass short left to C.Daniels to KC 22 for 2 yards (J.Hicks).
2026,PRESEASON WEEK 1,Saturday,August 15th,LAR,KC,2nd Quarter,3,Los Angeles Rams,1,8,1,Field Goal,4th & 7 at KC 22,03:44 2nd,"— H.Mevis 40 yard field goal is GOOD, Center-J.Cardona, Holder-E.Evans."
2026,PRESEASON WEEK 1,Saturday,August 15th,LAR,KC,2nd Quarter,4,Kansas City Chiefs,1,1,0,Kickoff from LAR 35,,Kickoff,— H.Mevis kicks 54 yards from LAR 35 to KC 11. E.Smith to KC 41 for 30 yards (T.Ingle).
2026,PRESEASON WEEK 1,Saturday,August 15th,LAR,KC,2nd Quarter,4,Kansas City Chiefs,1,2,0,11 Yard Pass,1st & 10 at KC 41,03:34 2nd Shotgun,— G.Nussmeier pass short right to J.Royals to LAR 48 for 11 yards (N.Fourqurean; N.Andersen).
2026,PRESEASON WEEK 1,Saturday,August 15th,LAR,KC,2nd Quarter,4,Kansas City Chiefs,1,3,0,9 Yard Pass,1st & 10 at LAR 48,02:50 2nd,"— G.Nussmeier pass incomplete short right to J.Wiley (N.Fourqurean). Kansas City challenged the incomplete pass ruling, and the play was REVERSED. G.Nussmeier pass short right to J.Wiley pushed ob at LAR 39 for 9 yards (N.Fourqurean)."
2026,PRESEASON WEEK 1,Saturday,August 15th,LAR,KC,2nd Quarter,4,Kansas City Chiefs,1,4,0,-4 Yard Penalty,2nd & 1 at LAR 39,02:37 2nd Shotgun,"— G.Nussmeier pass incomplete deep left to A.Armstrong. PENALTY on KC-P.Nygra, Ineligible Downfield Pass, 4 yards, enforced at LAR 39 - No Play."
2026,PRESEASON WEEK 1,Saturday,August 15th,LAR,KC,2nd Quarter,4,Kansas City Chiefs,1,5,0,4 Yard Penalty,2nd & 5 at LAR 43,02:31 2nd Shotgun,"— G.Nussmeier sacked at KC 46 for -11 yards (K.Thomas). PENALTY on LAR-K.Thomas, Defensive Offside, 4 yards, enforced at LAR 43 - No Play."
2026,PRESEASON WEEK 1,Saturday,August 15th,LAR,KC,2nd Quarter,4,Kansas City Chiefs,1,6,0,-9 Yard Penalty,2nd & 1 at LAR 39,02:19 2nd,"— E.Johnson right end to LAR 35 for 4 yards (N.Andersen). PENALTY on KC-E.Driskell, Offensive Holding, 9 yards, enforced at LAR 39 - No Play."
2026,PRESEASON WEEK 1,Saturday,August 15th,LAR,KC,2nd Quarter,4,Kansas City Chiefs,1,7,0,7 Yard Pass,2nd & 10 at LAR 48,02:00 2nd Shotgun,— G.Nussmeier pass short left to C.Allen to LAR 41 for 7 yards (C.Lampkin).
2026,PRESEASON WEEK 1,Saturday,August 15th,LAR,KC,2nd Quarter,4,Kansas City Chiefs,1,8,0,-5 Yard Pass,3rd & 3 at LAR 41,01:26 2nd Shotgun,"— G.Nussmeier pass short left to E.Johnson pushed ob at LAR 30 for 11 yards (M.Rice). PENALTY on KC-M.Caliendo, Offensive Holding, 10 yards, enforced at LAR 36."
2026,PRESEASON WEEK 1,Saturday,August 15th,LAR,KC,2nd Quarter,4,Kansas City Chiefs,1,9,0,13 Yard Pass,3rd & 8 at LAR 46,01:19 2nd Shotgun,— G.Nussmeier pass short right to C.Allen to LAR 33 for 13 yards (N.Hill-Green).
2026,PRESEASON WEEK 1,Saturday,August 15th,LAR,KC,2nd Quarter,4,Kansas City Chiefs,1,10,0,Timeout,,01:13 2nd,— Timeout #1 by KC at 01:13.
2026,PRESEASON WEEK 1,Saturday,August 15th,LAR,KC,2nd Quarter,4,Kansas City Chiefs,1,11,0,11 Yard Pass,1st & 10 at LAR 33,01:13 2nd Shotgun,— G.Nussmeier pass short middle to E.Johnson to LAR 22 for 11 yards (J.Moi).
2026,PRESEASON WEEK 1,Saturday,August 15th,LAR,KC,2nd Quarter,4,Kansas City Chiefs,1,12,0,Timeout,,01:07 2nd,— Timeout #2 by KC at 01:07.
2026,PRESEASON WEEK 1,Saturday,August 15th,LAR,KC,2nd Quarter,4,Kansas City Chiefs,1,13,0,Pass Incomplete,1st & 10 at LAR 22,01:07 2nd Shotgun,— G.Nussmeier pass incomplete short right [K.Thomas].
2026,PRESEASON WEEK 1,Saturday,August 15th,LAR,KC,2nd Quarter,4,Kansas City Chiefs,1,14,0,-5 Yard Penalty,2nd & 10 at LAR 22,01:01 2nd Shotgun,"— PENALTY on KC-P.Nygra, False Start, 5 yards, enforced at LAR 22 - No Play. 10-second runoff avoided."
2026,PRESEASON WEEK 1,Saturday,August 15th,LAR,KC,2nd Quarter,4,Kansas City Chiefs,1,15,0,10 Yard Pass,2nd & 15 at LAR 27,01:01 2nd,— G.Nussmeier pass short middle to J.Briningstool to LAR 17 for 10 yards (T.Ingle).
2026,PRESEASON WEEK 1,Saturday,August 15th,LAR,KC,2nd Quarter,4,Kansas City Chiefs,1,16,0,Timeout,,00:42 2nd,— Timeout #1 by LAR at 00:42.
2026,PRESEASON WEEK 1,Saturday,August 15th,LAR,KC,2nd Quarter,4,Kansas City Chiefs,1,17,0,Pass Incomplete,3rd & 5 at LAR 17,00:42 2nd Shotgun,— G.Nussmeier pass incomplete deep right to C.Allen.
2026,PRESEASON WEEK 1,Saturday,August 15th,LAR,KC,2nd Quarter,4,Kansas City Chiefs,1,18,1,Field Goal,4th & 5 at LAR 17,00:37 2nd,"— H.Butker 35 yard field goal is GOOD, Center-J.Winchester, Holder-M.Araiza."
2026,PRESEASON WEEK 1,Saturday,August 15th,LAR,KC,2nd Quarter,5,Los Angeles Rams,0,1,0,Kickoff from KC 35,,Kickoff,— H.Butker kicks 63 yards from KC 35 to LAR 2. B.Presley pushed ob at LAR 31 for 29 yards (V.Anthony).
2026,PRESEASON WEEK 1,Saturday,August 15th,LAR,KC,2nd Quarter,5,Los Angeles Rams,0,2,0,4 Yard Pass,1st & 10 at LAR 31,00:25 2nd Shotgun,— T.Simpson pass short right to M.Klare ran ob at LAR 35 for 4 yards.
2026,PRESEASON WEEK 1,Saturday,August 15th,LAR,KC,2nd Quarter,5,Los Angeles Rams,0,3,0,11 Yard Pass,2nd & 6 at LAR 35,"00:18 2nd No Huddle, Shotgun",— T.Simpson pass short right to M.Klare pushed ob at LAR 46 for 11 yards (K.Fulton).
2026,PRESEASON WEEK 1,Saturday,August 15th,LAR,KC,2nd Quarter,5,Los Angeles Rams,0,4,0,8 Yard Pass,1st & 10 at LAR 46,"00:12 2nd No Huddle, Shotgun",— T.Simpson pass short left to X.Smith ran ob at KC 46 for 8 yards (K.Elam).
2026,PRESEASON WEEK 1,Saturday,August 15th,LAR,KC,2nd Quarter,5,Los Angeles Rams,0,5,0,3 Yard Pass,2nd & 2 at KC 46,00:06 2nd Shotgun,— T.Simpson pass short left to M.Klare pushed ob at KC 43 for 3 yards (X.Nwankpa).
2026,PRESEASON WEEK 1,Saturday,August 15th,LAR,KC,2nd Quarter,5,Los Angeles Rams,0,6,0,Timeout,,00:01 2nd,— Timeout #2 by LAR at 00:01.
2026,PRESEASON WEEK 1,Saturday,August 15th,LAR,KC,2nd Quarter,5,Los Angeles Rams,0,7,0,Pass Incomplete,1st & 10 at KC 43,00:01 2nd Shotgun,— T.Simpson pass incomplete short middle (R.Thomas) [R.Thomas].
2026,PRESEASON WEEK 1,Saturday,August 15th,LAR,KC,3rd Quarter,1,Kansas City Chiefs,0,1,0,Kickoff from LAR 35,,Kickoff,"— H.Mevis kicks 65 yards from LAR 35 to end zone, Touchback to the KC 35."
2026,PRESEASON WEEK 1,Saturday,August 15th,LAR,KC,3rd Quarter,1,Kansas City Chiefs,0,2,0,3 Yard Run,1st & 10 at KC 35,15:00 3rd,— B.Smith right end to KC 38 for 3 yards (T.Keenan; B.Norton).
2026,PRESEASON WEEK 1,Saturday,August 15th,LAR,KC,3rd Quarter,1,Kansas City Chiefs,0,3,0,Sack,2nd & 7 at KC 38,14:23 3rd Shotgun,— G.Nussmeier sacked ob at KC 38 for 0 yards (T.Keenan).
2026,PRESEASON WEEK 1,Saturday,August 15th,LAR,KC,3rd Quarter,1,Kansas City Chiefs,0,4,0,4 Yard Pass,3rd & 7 at KC 38,13:46 3rd Shotgun,— G.Nussmeier pass short left to B.Smith to KC 42 for 4 yards (T.Ingle).
2026,PRESEASON WEEK 1,Saturday,August 15th,LAR,KC,3rd Quarter,1,Kansas City Chiefs,0,5,0,Punt,4th & 3 at KC 42,13:04 3rd,"— M.Araiza punts 45 yards to LAR 13, Center-J.Winchester. X.Smith to LAR 23 for 10 yards (W.Bissainthe). PENALTY on LAR-D.Villari, Offensive Holding, 7 yards, enforced at LAR 14."
2026,PRESEASON WEEK 1,Saturday,August 15th,LAR,KC,3rd Quarter,2,Los Angeles Rams,0,1,0,4 Yard Run,1st & 10 at LAR 7,12:54 3rd,— D.Connors right guard to LAR 11 for 4 yards (J.Canady; V.Anthony).
2026,PRESEASON WEEK 1,Saturday,August 15th,LAR,KC,3rd Quarter,2,Los Angeles Rams,0,2,0,11 Yard Run,2nd & 6 at LAR 11,12:11 3rd Shotgun,— D.Connors up the middle to LAR 22 for 11 yards (J.Hicks).
2026,PRESEASON WEEK 1,Saturday,August 15th,LAR,KC,3rd Quarter,2,Los Angeles Rams,0,3,0,0 Yard Run,1st & 10 at LAR 22,11:35 3rd,— D.Connors up the middle to LAR 22 for no gain (C.McDonald).
2026,PRESEASON WEEK 1,Saturday,August 15th,LAR,KC,3rd Quarter,2,Los Angeles Rams,0,4,0,5 Yard Pass,2nd & 10 at LAR 22,11:01 3rd Shotgun,— T.Simpson pass short right to M.Klare to LAR 27 for 5 yards (X.Nwankpa).
2026,PRESEASON WEEK 1,Saturday,August 15th,LAR,KC,3rd Quarter,2,Los Angeles Rams,0,5,0,1 Yard Pass,3rd & 5 at LAR 27,"10:32 3rd No Huddle, Shotgun",— T.Simpson pass short right to M.Klare pushed ob at LAR 28 for 1 yard (D.Singleton).
2026,PRESEASON WEEK 1,Saturday,August 15th,LAR,KC,3rd Quarter,2,Los Angeles Rams,0,6,0,Punt,4th & 4 at LAR 28,10:06 3rd,"— E.Evans punts 65 yards to KC 7, Center-J.Cardona. J.De Jesus to KC 13 for 6 yards (Z.McPhearson)."
2026,PRESEASON WEEK 1,Saturday,August 15th,LAR,KC,3rd Quarter,3,Kansas City Chiefs,1,1,0,5 Yard Run,1st & 10 at KC 13,09:54 3rd Shotgun,— E.Johnson up the middle to KC 18 for 5 yards (D.Rickert; D.Peterson).
2026,PRESEASON WEEK 1,Saturday,August 15th,LAR,KC,3rd Quarter,3,Kansas City Chiefs,1,2,0,4 Yard Run,2nd & 5 at KC 18,09:18 3rd,— E.Johnson right end to KC 22 for 4 yards (D.Rickert).
2026,PRESEASON WEEK 1,Saturday,August 15th,LAR,KC,3rd Quarter,3,Kansas City Chiefs,1,3,0,7 Yard Run,3rd & 1 at KC 22,08:44 3rd Shotgun,— E.Johnson up the middle to KC 29 for 7 yards (A.Cook; N.Andersen).
2026,PRESEASON WEEK 1,Saturday,August 15th,LAR,KC,3rd Quarter,3,Kansas City Chiefs,1,4,0,Pass Incomplete,1st & 10 at KC 29,08:01 3rd,— G.Nussmeier pass incomplete short right to J.Briningstool.
2026,PRESEASON WEEK 1,Saturday,August 15th,LAR,KC,3rd Quarter,3,Kansas City Chiefs,1,5,0,12 Yard Run,2nd & 10 at KC 29,07:56 3rd,— E.Johnson left end to KC 41 for 12 yards (N.Andersen; A.Hamilton).
2026,PRESEASON WEEK 1,Saturday,August 15th,LAR,KC,3rd Quarter,3,Kansas City Chiefs,1,6,0,7 Yard Run,1st & 10 at KC 41,07:15 3rd,— B.Smith left guard to KC 48 for 7 yards (D.Rickert; B.Norton).
2026,PRESEASON WEEK 1,Saturday,August 15th,LAR,KC,3rd Quarter,3,Kansas City Chiefs,1,7,0,7 Yard Run,2nd & 3 at KC 48,06:38 3rd,— B.Smith left tackle to LAR 45 for 7 yards (A.Hamilton).
2026,PRESEASON WEEK 1,Saturday,August 15th,LAR,KC,3rd Quarter,3,Kansas City Chiefs,1,8,0,3 Yard Run,1st & 10 at LAR 45,06:02 3rd Shotgun,— B.Smith left guard to LAR 42 for 3 yards (N.Hill-Green).
2026,PRESEASON WEEK 1,Saturday,August 15th,LAR,KC,3rd Quarter,3,Kansas City Chiefs,1,9,0,3 Yard Run,2nd & 7 at LAR 42,05:28 3rd,— E.Johnson left end to LAR 39 for 3 yards (T.Keenan; D.Rickert).
2026,PRESEASON WEEK 1,Saturday,August 15th,LAR,KC,3rd Quarter,3,Kansas City Chiefs,1,10,0,3 Yard Run,3rd & 4 at LAR 39,04:45 3rd,— E.Johnson right end to LAR 36 for 3 yards (D.Peterson).
2026,PRESEASON WEEK 1,Saturday,August 15th,LAR,KC,3rd Quarter,3,Kansas City Chiefs,1,11,0,-5 Yard Penalty,4th & 1 at LAR 36,04:05 3rd Run formation,"— PENALTY on KC-H.Nourzad, False Start, 5 yards, enforced at LAR 36 - No Play."
2026,PRESEASON WEEK 1,Saturday,August 15th,LAR,KC,3rd Quarter,3,Kansas City Chiefs,1,12,1,Field Goal,4th & 6 at LAR 41,03:57 3rd,"— H.Butker 59 yard field goal is GOOD, Center-J.Winchester, Holder-M.Araiza."
2026,PRESEASON WEEK 1,Saturday,August 15th,LAR,KC,3rd Quarter,4,Los Angeles Rams,0,1,0,Kickoff from KC 35,,Kickoff,— H.Butker kicks 63 yards from KC 35 to LAR 2. B.Presley to LAR 32 for 30 yards (E.Demercado; W.Bissainthe).
2026,PRESEASON WEEK 1,Saturday,August 15th,LAR,KC,3rd Quarter,4,Los Angeles Rams,0,2,0,-10 Yard Penalty,1st & 10 at LAR 32,03:46 3rd,"— D.Connors right tackle to LAR 37 for 5 yards (X.Nwankpa). PENALTY on LAR-M.Klare, Offensive Holding, 10 yards, enforced at LAR 32 - No Play."
2026,PRESEASON WEEK 1,Saturday,August 15th,LAR,KC,3rd Quarter,4,Los Angeles Rams,0,3,0,1 Yard Run,1st & 20 at LAR 22,03:22 3rd Shotgun,— D.Connors right guard to LAR 23 for 1 yard (K.Fulton; V.Anthony).
2026,PRESEASON WEEK 1,Saturday,August 15th,LAR,KC,3rd Quarter,4,Los Angeles Rams,0,4,0,6 Yard Pass,2nd & 19 at LAR 23,02:45 3rd Shotgun,— T.Simpson pass short right to M.Klare to LAR 29 for 6 yards (C.McDonald; X.Nwankpa).
2026,PRESEASON WEEK 1,Saturday,August 15th,LAR,KC,3rd Quarter,4,Los Angeles Rams,0,5,0,5 Yard Pass,3rd & 13 at LAR 29,02:09 3rd Shotgun,— T.Simpson pass short right to D.Connors ran ob at LAR 34 for 5 yards.
2026,PRESEASON WEEK 1,Saturday,August 15th,LAR,KC,3rd Quarter,4,Los Angeles Rams,0,6,0,Punt,4th & 8 at LAR 34,01:33 3rd,"— E.Evans punts 59 yards to KC 7, Center-J.Cardona. J.De Jesus to KC 17 for 10 yards (J.Cardona)."
2026,PRESEASON WEEK 1,Saturday,August 15th,LAR,KC,4th Quarter,1,Kansas City Chiefs,0,1,0,-13 Yard Sack,1st & 10 at KC 17,01:20 3rd Shotgun,— G.Nussmeier sacked at KC 4 for -13 yards (D.Johnson).
2026,PRESEASON WEEK 1,Saturday,August 15th,LAR,KC,4th Quarter,1,Kansas City Chiefs,0,2,0,Timeout,,00:40 3rd,— Timeout #1 by KC at 00:40.
2026,PRESEASON WEEK 1,Saturday,August 15th,LAR,KC,4th Quarter,1,Kansas City Chiefs,0,3,0,2 Yard Run,2nd & 23 at KC 4,00:40 3rd,— E.Johnson up the middle to KC 6 for 2 yards (A.Cook; N.Hill-Green).
2026,PRESEASON WEEK 1,Saturday,August 15th,LAR,KC,4th Quarter,1,Kansas City Chiefs,0,4,0,Pass Incomplete,3rd & 21 at KC 6,15:00 4th Shotgun,— G.Nussmeier pass incomplete deep left to J.Brownlee (N.Andersen).
2026,PRESEASON WEEK 1,Saturday,August 15th,LAR,KC,4th Quarter,1,Kansas City Chiefs,0,5,0,Punt,4th & 21 at KC 6,14:52 4th,"— M.Araiza punts 57 yards to LAR 37, Center-J.Winchester. X.Smith pushed ob at KC 23 for 40 yards (M.Araiza)."
2026,PRESEASON WEEK 1,Saturday,August 15th,LAR,KC,4th Quarter,2,Los Angeles Rams,1,1,0,8 Yard Pass,1st & 10 at KC 23,14:40 4th,— T.Simpson pass short right to B.Presley pushed ob at KC 15 for 8 yards (J.Canady).
2026,PRESEASON WEEK 1,Saturday,August 15th,LAR,KC,4th Quarter,2,Los Angeles Rams,1,2,0,6 Yard Run,2nd & 2 at KC 15,14:08 4th,— D.Connors right guard to KC 9 for 6 yards (J.Canady).
2026,PRESEASON WEEK 1,Saturday,August 15th,LAR,KC,4th Quarter,2,Los Angeles Rams,1,3,0,0 Yard Run,1st & 9 at KC 9,13:23 4th,— D.Connors right guard to KC 9 for no gain (T.McCalister; E.Hurkett).
2026,PRESEASON WEEK 1,Saturday,August 15th,LAR,KC,4th Quarter,2,Los Angeles Rams,1,4,1,Touchdown,2nd & 9 at KC 9,12:44 4th Shotgun,"— T.Simpson pass short right to D.Connors for 9 yards, TOUCHDOWN."
2026,PRESEASON WEEK 1,Saturday,August 15th,LAR,KC,4th Quarter,2,Los Angeles Rams,1,5,1,Extra Point,,12:37 4th,"— H.Mevis extra point is GOOD, Center-J.Cardona, Holder-E.Evans."
2026,PRESEASON WEEK 1,Saturday,August 15th,LAR,KC,4th Quarter,3,Kansas City Chiefs,0,1,0,Kickoff from LAR 35,,Kickoff,"— H.Mevis kicks 65 yards from LAR 35 to end zone, Touchback to the KC 35."
2026,PRESEASON WEEK 1,Saturday,August 15th,LAR,KC,4th Quarter,3,Kansas City Chiefs,0,2,0,5 Yard Run,1st & 10 at KC 35,12:37 4th,— E.Demercado right guard to KC 40 for 5 yards (T.Keenan; N.Valcarcel).
2026,PRESEASON WEEK 1,Saturday,August 15th,LAR,KC,4th Quarter,3,Kansas City Chiefs,0,3,0,Pass Incomplete,2nd & 5 at KC 40,11:58 4th Shotgun,"— C.Oladokun pass short right intended for O.Evans INTERCEPTED by Z.McPhearson at KC 47. Z.McPhearson to KC 47 for no gain (O.Evans). The Replay Official reviewed the interception ruling, and the play was REVERSED. (Shotgun) C.Oladokun pass incomplete short right to O.Evans (Z.McPhearson)."
2026,PRESEASON WEEK 1,Saturday,August 15th,LAR,KC,4th Quarter,3,Kansas City Chiefs,0,4,0,15 Yard Run,3rd & 5 at KC 40,11:55 4th Shotgun,— C.Oladokun scrambles left end ran ob at LAR 45 for 15 yards (N.Valcarcel).
2026,PRESEASON WEEK 1,Saturday,August 15th,LAR,KC,4th Quarter,3,Kansas City Chiefs,0,5,0,2 Yard Run,1st & 10 at LAR 45,11:29 4th,— E.Demercado right end to LAR 43 for 2 yards (P.Zdroik).
2026,PRESEASON WEEK 1,Saturday,August 15th,LAR,KC,4th Quarter,3,Kansas City Chiefs,0,6,0,2 Yard Run,2nd & 8 at LAR 43,10:52 4th,— E.Demercado up the middle to LAR 41 for 2 yards (B.Norton; P.Zdroik).
2026,PRESEASON WEEK 1,Saturday,August 15th,LAR,KC,4th Quarter,3,Kansas City Chiefs,0,7,0,-5 Yard Penalty,3rd & 6 at LAR 41,10:10 4th Shotgun,"— PENALTY on KC-E.Driskell, False Start, 5 yards, enforced at LAR 41 - No Play."
2026,PRESEASON WEEK 1,Saturday,August 15th,LAR,KC,4th Quarter,3,Kansas City Chiefs,0,8,0,Pass Incomplete,3rd & 11 at LAR 46,10:09 4th Shotgun,— C.Oladokun pass incomplete deep right to O.Evans (N.Andersen).
2026,PRESEASON WEEK 1,Saturday,August 15th,LAR,KC,4th Quarter,3,Kansas City Chiefs,0,9,0,Punt,4th & 11 at LAR 46,10:02 4th,"— M.Araiza punts 33 yards to LAR 13, Center-J.Winchester, fair catch by X.Smith."
2026,PRESEASON WEEK 1,Saturday,August 15th,LAR,KC,4th Quarter,4,Los Angeles Rams,1,1,0,5 Yard Penalty,1st & 10 at LAR 13,09:56 4th,"— T.Simpson pass incomplete short right to M.Redman. PENALTY on KC-J.Canady, Defensive Holding, 5 yards, enforced at LAR 13 - No Play."
2026,PRESEASON WEEK 1,Saturday,August 15th,LAR,KC,4th Quarter,4,Los Angeles Rams,1,2,0,Pass Incomplete,1st & 10 at LAR 18,09:50 4th Shotgun,— T.Simpson pass incomplete short right to C.Daniels.
2026,PRESEASON WEEK 1,Saturday,August 15th,LAR,KC,4th Quarter,4,Los Angeles Rams,1,3,0,22 Yard Pass,2nd & 10 at LAR 18,09:46 4th Shotgun,— T.Simpson pass deep left to M.Redman to LAR 40 for 22 yards (J.Canady). KC-J.Canady was injured during the play.
2026,PRESEASON WEEK 1,Saturday,August 15th,LAR,KC,4th Quarter,4,Los Angeles Rams,1,4,0,13 Yard Pass,1st & 10 at LAR 40,09:23 4th Shotgun,— T.Simpson pass short right to D.Connors pushed ob at KC 47 for 13 yards (K.Arnold).
2026,PRESEASON WEEK 1,Saturday,August 15th,LAR,KC,4th Quarter,4,Los Angeles Rams,1,5,0,23 Yard Pass,1st & 10 at KC 47,08:45 4th,— T.Simpson pass deep right to B.Presley to KC 24 for 23 yards (K.Knowles).
2026,PRESEASON WEEK 1,Saturday,August 15th,LAR,KC,4th Quarter,4,Los Angeles Rams,1,6,0,16 Yard Pass,1st & 10 at KC 24,08:02 4th Shotgun,— T.Simpson pass short middle to C.Daniels to KC 8 for 16 yards (K.Arnold).
2026,PRESEASON WEEK 1,Saturday,August 15th,LAR,KC,4th Quarter,4,Los Angeles Rams,1,7,0,6 Yard Pass,1st & 8 at KC 8,07:23 4th,— T.Simpson pass short left to B.Presley to KC 2 for 6 yards (W.Bissainthe; D.Singleton).
2026,PRESEASON WEEK 1,Saturday,August 15th,LAR,KC,4th Quarter,4,Los Angeles Rams,1,8,0,Timeout,,06:40 4th,— Timeout #1 by LAR at 06:40.
2026,PRESEASON WEEK 1,Saturday,August 15th,LAR,KC,4th Quarter,4,Los Angeles Rams,1,9,0,Pass Incomplete,2nd & 2 at KC 2,06:40 4th Shotgun,— T.Simpson pass incomplete short left to C.Daniels.
2026,PRESEASON WEEK 1,Saturday,August 15th,LAR,KC,4th Quarter,4,Los Angeles Rams,1,10,1,Touchdown,3rd & 2 at KC 2,06:36 4th Shotgun,"— T.Simpson pass short left to D.Connors for 2 yards, TOUCHDOWN."
2026,PRESEASON WEEK 1,Saturday,August 15th,LAR,KC,4th Quarter,4,Los Angeles Rams,1,11,1,Extra Point,,06:32 4th,"— H.Mevis extra point is GOOD, Center-J.Cardona, Holder-E.Evans."
2026,PRESEASON WEEK 1,Saturday,August 15th,LAR,KC,4th Quarter,5,Kansas City Chiefs,1,1,0,Kickoff from LAR 35,,Kickoff,— H.Mevis kicks 62 yards from LAR 35 to KC 3. O.Evans to KC 27 for 24 yards (A.Cook; D.Peterson).
2026,PRESEASON WEEK 1,Saturday,August 15th,LAR,KC,4th Quarter,5,Kansas City Chiefs,1,2,0,8 Yard Pass,1st & 10 at KC 27,06:24 4th Shotgun,— C.Oladokun pass short middle to J.Weimer to KC 35 for 8 yards (M.Rice).
2026,PRESEASON WEEK 1,Saturday,August 15th,LAR,KC,4th Quarter,5,Kansas City Chiefs,1,3,0,-5 Yard Penalty,2nd & 2 at KC 35,05:52 4th Shotgun,"— PENALTY on KC-M.Waletzko, False Start, 5 yards, enforced at KC 35 - No Play."
2026,PRESEASON WEEK 1,Saturday,August 15th,LAR,KC,4th Quarter,5,Kansas City Chiefs,1,4,0,13 Yard Pass,2nd & 7 at KC 30,05:52 4th Shotgun,— C.Oladokun pass short right to J.Ott to KC 43 for 13 yards (Z.McPhearson; B.Norton).
2026,PRESEASON WEEK 1,Saturday,August 15th,LAR,KC,4th Quarter,5,Kansas City Chiefs,1,5,0,Pass Incomplete,1st & 10 at KC 43,05:13 4th Shotgun,— C.Oladokun pass incomplete deep left to J.Caldwell.
2026,PRESEASON WEEK 1,Saturday,August 15th,LAR,KC,4th Quarter,5,Kansas City Chiefs,1,6,0,8 Yard Run,2nd & 10 at KC 43,05:07 4th,— C.Oladokun scrambles up the middle to LAR 49 for 8 yards (N.Fourqurean).
2026,PRESEASON WEEK 1,Saturday,August 15th,LAR,KC,4th Quarter,5,Kansas City Chiefs,1,7,0,5 Yard Pass,3rd & 2 at LAR 49,04:30 4th Shotgun,— C.Oladokun pass short left to T.Watson to LAR 44 for 5 yards (N.Valcarcel).
2026,PRESEASON WEEK 1,Saturday,August 15th,LAR,KC,4th Quarter,5,Kansas City Chiefs,1,8,0,-5 Yard Penalty,1st & 10 at LAR 44,03:51 4th Shotgun,"— PENALTY on KC-E.Driskell, False Start, 5 yards, enforced at LAR 44 - No Play."
2026,PRESEASON WEEK 1,Saturday,August 15th,LAR,KC,4th Quarter,5,Kansas City Chiefs,1,9,0,Pass Incomplete,1st & 15 at LAR 49,03:51 4th Shotgun,— C.Oladokun pass incomplete deep right to J.De Jesus.
2026,PRESEASON WEEK 1,Saturday,August 15th,LAR,KC,4th Quarter,5,Kansas City Chiefs,1,10,0,10 Yard Pass,2nd & 15 at LAR 49,03:46 4th Shotgun,— C.Oladokun pass short right to J.Briningstool to LAR 39 for 10 yards (N.Fourqurean).
2026,PRESEASON WEEK 1,Saturday,August 15th,LAR,KC,4th Quarter,5,Kansas City Chiefs,1,11,0,27 Yard Pass,3rd & 5 at LAR 39,03:08 4th Shotgun,— C.Oladokun pass short right to J.Ott pushed ob at LAR 12 for 27 yards (N.Andersen).
2026,PRESEASON WEEK 1,Saturday,August 15th,LAR,KC,4th Quarter,5,Kansas City Chiefs,1,12,0,Pass Incomplete,1st & 10 at LAR 12,02:58 4th Shotgun,— C.Oladokun pass incomplete short right to J.Ott.
2026,PRESEASON WEEK 1,Saturday,August 15th,LAR,KC,4th Quarter,5,Kansas City Chiefs,1,13,0,Pass Incomplete,2nd & 10 at LAR 12,02:55 4th Shotgun,— C.Oladokun pass incomplete short right [K.Thomas].
2026,PRESEASON WEEK 1,Saturday,August 15th,LAR,KC,4th Quarter,5,Kansas City Chiefs,1,14,0,4 Yard Run,3rd & 10 at LAR 12,02:42 4th Shotgun,— C.Oladokun scrambles up the middle to LAR 8 for 4 yards (P.Zdroik).
2026,PRESEASON WEEK 1,Saturday,August 15th,LAR,KC,4th Quarter,5,Kansas City Chiefs,1,15,1,Field Goal,4th & 6 at LAR 8,02:02 4th,"— H.Butker 26 yard field goal is GOOD, Center-J.Winchester, Holder-M.Araiza."
2026,PRESEASON WEEK 1,Saturday,August 15th,LAR,KC,4th Quarter,6,Los Angeles Rams,0,1,0,Kickoff from KC 35,,Kickoff,— H.Butker kicks onside 7 yards from KC 35 to KC 42. D.Villari (didn't try to advance) to KC 42 for no gain. ** Injury Update: KC-J.Canady has returned to the game.
2026,PRESEASON WEEK 1,Saturday,August 15th,LAR,KC,4th Quarter,6,Los Angeles Rams,0,2,0,26 Yard Run,1st & 10 at KC 42,01:57 4th,— J.Waters up the middle to KC 16 for 26 yards (D.Perkins-McAllister).
2026,PRESEASON WEEK 1,Saturday,August 15th,LAR,KC,4th Quarter,6,Los Angeles Rams,0,3,0,2 Yard Run,1st & 10 at KC 16,01:08 4th,— J.Waters right guard to KC 14 for 2 yards (D.Singleton; W.Bissainthe).
2026,PRESEASON WEEK 1,Saturday,August 15th,LAR,KC,4th Quarter,6,Los Angeles Rams,0,4,0,-1 Yard Run,2nd & 8 at KC 14,00:25 4th,— T.Simpson kneels to KC 15 for -1 yards.
2026,PRESEASON WEEK 1,Saturday,August 15th,JAX,NO,1st Quarter,1,New Orleans Saints,1,1,0,Kickoff from JAX 35,,Kickoff,— C.Little kicks 60 yards from JAX 35 to NO 5. T.Chandler to JAX 9 for 86 yards (J.Huskey).
2026,PRESEASON WEEK 1,Saturday,August 15th,JAX,NO,1st Quarter,1,New Orleans Saints,1,2,1,Touchdown,1st & 9 at JAX 9,14:47 1st Shotgun,"— A.Estime up the middle for 9 yards, TOUCHDOWN. Penalty on JAX-R.Orhorhoro, Defensive Holding, declined."
2026,PRESEASON WEEK 1,Saturday,August 15th,JAX,NO,1st Quarter,1,New Orleans Saints,1,3,1,Extra Point,,14:39 1st,"— C.Smyth extra point is GOOD, Center-Z.Wood, Holder-Ry.Wright."
2026,PRESEASON WEEK 1,Saturday,August 15th,JAX,NO,1st Quarter,2,Jacksonville Jaguars,0,1,0,Kickoff from NO 35,,Kickoff,— C.Smyth kicks 57 yards from NO 35 to JAX 8. J.Cameron to JAX 33 for 25 yards (J.Ford; F.Diggs).
2026,PRESEASON WEEK 1,Saturday,August 15th,JAX,NO,1st Quarter,2,Jacksonville Jaguars,0,2,0,2 Yard Run,1st & 10 at JAX 33,14:34 1st,— D.Dallas right end to JAX 35 for 2 yards (F.Diggs). JAX-C.Edoga was injured during the play.
2026,PRESEASON WEEK 1,Saturday,August 15th,JAX,NO,1st Quarter,2,Jacksonville Jaguars,0,3,0,Pass Incomplete,2nd & 8 at JAX 35,14:07 1st Shotgun,— N.Mullens pass incomplete short left to T.Koziol.
2026,PRESEASON WEEK 1,Saturday,August 15th,JAX,NO,1st Quarter,2,Jacksonville Jaguars,0,4,0,11 Yard Pass,3rd & 8 at JAX 35,14:03 1st Shotgun,— N.Mullens pass short left to C.Williams ran ob at JAX 46 for 11 yards.
2026,PRESEASON WEEK 1,Saturday,August 15th,JAX,NO,1st Quarter,2,Jacksonville Jaguars,0,5,0,6 Yard Run,1st & 10 at JAX 46,13:36 1st,— D.Dallas right guard to NO 48 for 6 yards (J.Ford; K.Boyd).
2026,PRESEASON WEEK 1,Saturday,August 15th,JAX,NO,1st Quarter,2,Jacksonville Jaguars,0,6,0,6 Yard Run,2nd & 4 at NO 48,13:01 1st,— D.Dallas up the middle to NO 42 for 6 yards (J.Ford; E.Davison).
2026,PRESEASON WEEK 1,Saturday,August 15th,JAX,NO,1st Quarter,2,Jacksonville Jaguars,0,7,0,17 Yard Pass,1st & 10 at NO 42,12:24 1st,— N.Mullens pass short right to J.Cameron to NO 25 for 17 yards (J.Ford; J.Howden).
2026,PRESEASON WEEK 1,Saturday,August 15th,JAX,NO,1st Quarter,2,Jacksonville Jaguars,0,8,0,3 Yard Run,1st & 10 at NO 25,11:41 1st,— J.Taylor up the middle to NO 22 for 3 yards (C.Miller; M.Williams).
2026,PRESEASON WEEK 1,Saturday,August 15th,JAX,NO,1st Quarter,2,Jacksonville Jaguars,0,9,0,5 Yard Run,2nd & 7 at NO 22,11:01 1st,— J.Taylor left end to NO 17 for 5 yards (I.Stalbird; J.Howden).
2026,PRESEASON WEEK 1,Saturday,August 15th,JAX,NO,1st Quarter,2,Jacksonville Jaguars,0,10,0,1 Yard Run,3rd & 2 at NO 17,10:19 1st,— J.Taylor up the middle to NO 16 for 1 yard (J.Ford).
2026,PRESEASON WEEK 1,Saturday,August 15th,JAX,NO,1st Quarter,2,Jacksonville Jaguars,0,11,0,2 Yard Run,4th & 1 at NO 16,09:34 1st,— N.Mullens up the middle to NO 14 for 2 yards (I.Stalbird).
2026,PRESEASON WEEK 1,Saturday,August 15th,JAX,NO,1st Quarter,2,Jacksonville Jaguars,0,12,0,Interception,1st & 10 at NO 14,08:49 1st Shotgun,"— N.Mullens pass short right intended for J.Cameron INTERCEPTED by J.Ford at NO 4. J.Ford to NO 24 for 20 yards (N.Mullens). PENALTY on NO-G.Nelson, Illegal Blindside Block, 9 yards, enforced at NO 18."
2026,PRESEASON WEEK 1,Saturday,August 15th,JAX,NO,1st Quarter,3,New Orleans Saints,0,1,0,Pass Incomplete,1st & 10 at NO 9,08:39 1st Shotgun,— S.Rattler pass incomplete short left to K.Austin.
2026,PRESEASON WEEK 1,Saturday,August 15th,JAX,NO,1st Quarter,3,New Orleans Saints,0,2,0,5 Yard Run,2nd & 10 at NO 9,08:36 1st,— A.Estime left guard to NO 14 for 5 yards (D.Striggow).
2026,PRESEASON WEEK 1,Saturday,August 15th,JAX,NO,1st Quarter,3,New Orleans Saints,0,3,0,-5 Yard Sack,3rd & 5 at NO 14,07:58 1st Shotgun,— S.Rattler sacked at NO 9 for -5 yards (sack split by R.Orhorhoro and D.Striggow).
2026,PRESEASON WEEK 1,Saturday,August 15th,JAX,NO,1st Quarter,3,New Orleans Saints,0,4,0,Punt,4th & 10 at NO 9,07:16 1st,"— Ry.Wright punts 55 yards to JAX 36, Center-Z.Wood. J.Cameron to JAX 46 for 10 yards (J.Price)."
2026,PRESEASON WEEK 1,Saturday,August 15th,JAX,NO,1st Quarter,4,Jacksonville Jaguars,0,1,0,0 Yard Run,1st & 10 at JAX 46,07:04 1st,— D.Dallas right guard to JAX 46 for no gain (G.Nelson; J.Ford).
2026,PRESEASON WEEK 1,Saturday,August 15th,JAX,NO,1st Quarter,4,Jacksonville Jaguars,0,2,0,5 Yard Pass,2nd & 10 at JAX 46,06:25 1st Shotgun,— N.Mullens pass short middle to A.Trammell to NO 49 for 5 yards (J.Ford).
2026,PRESEASON WEEK 1,Saturday,August 15th,JAX,NO,1st Quarter,4,Jacksonville Jaguars,0,3,0,-6 Yard Sack,3rd & 5 at NO 49,05:50 1st Shotgun,— N.Mullens sacked at JAX 45 for -6 yards (G.Nelson).
2026,PRESEASON WEEK 1,Saturday,August 15th,JAX,NO,1st Quarter,4,Jacksonville Jaguars,0,4,0,Punt,4th & 11 at JAX 45,05:12 1st,"— L.Cooke punts 40 yards to NO 15, Center-R.Matiscik. B.Brown to NO 8 for -7 yards (Y.Abdullah)."
2026,PRESEASON WEEK 1,Saturday,August 15th,JAX,NO,1st Quarter,5,New Orleans Saints,0,1,0,6 Yard Run,1st & 10 at NO 8,05:01 1st,— A.Estime up the middle to NO 14 for 6 yards (Z.Durfee; B.Combs).
2026,PRESEASON WEEK 1,Saturday,August 15th,JAX,NO,1st Quarter,5,New Orleans Saints,0,2,0,3 Yard Run,2nd & 4 at NO 14,04:31 1st Shotgun,— A.Estime up the middle to NO 17 for 3 yards (C.Ransaw; R.Orhorhoro).
2026,PRESEASON WEEK 1,Saturday,August 15th,JAX,NO,1st Quarter,5,New Orleans Saints,0,3,0,0 Yard Run,3rd & 1 at NO 17,03:53 1st,— C.Donaldson up the middle to NO 17 for no gain (R.Orhorhoro; D.Striggow).
2026,PRESEASON WEEK 1,Saturday,August 15th,JAX,NO,1st Quarter,5,New Orleans Saints,0,4,0,Punt,4th & 1 at NO 17,03:13 1st,"— Ry.Wright punts 15 yards to NO 32, Center-Z.Wood, out of bounds."
2026,PRESEASON WEEK 1,Saturday,August 15th,JAX,NO,1st Quarter,6,Jacksonville Jaguars,1,1,0,Pass Incomplete,1st & 10 at NO 32,03:06 1st,— N.Mullens pass incomplete short right to C.Williams (M.Emerson).
2026,PRESEASON WEEK 1,Saturday,August 15th,JAX,NO,1st Quarter,6,Jacksonville Jaguars,1,2,0,1 Yard Run,2nd & 10 at NO 32,03:00 1st Shotgun,— J.Taylor left guard to NO 31 for 1 yard (C.Miller).
2026,PRESEASON WEEK 1,Saturday,August 15th,JAX,NO,1st Quarter,6,Jacksonville Jaguars,1,3,0,-5 Yard Penalty,3rd & 9 at NO 31,02:23 1st Shotgun,"— PENALTY on JAX-G.Christian, False Start, 5 yards, enforced at NO 31 - No Play."
2026,PRESEASON WEEK 1,Saturday,August 15th,JAX,NO,1st Quarter,6,Jacksonville Jaguars,1,4,0,Pass Incomplete,3rd & 14 at NO 36,02:05 1st Shotgun,— N.Mullens pass incomplete short middle to A.Trammell (J.Price) [J.Ford].
2026,PRESEASON WEEK 1,Saturday,August 15th,JAX,NO,1st Quarter,6,Jacksonville Jaguars,1,5,1,Field Goal,4th & 14 at NO 36,02:00 1st,"— C.Little 54 yard field goal is GOOD, Center-R.Matiscik, Holder-L.Cooke."
2026,PRESEASON WEEK 1,Saturday,August 15th,JAX,NO,1st Quarter,7,New Orleans Saints,0,1,0,Kickoff from JAX 35,,Kickoff,"— C.Little kicks 55 yards from JAX 35 to NO 10. T.Palmer to NO 32 for 22 yards (J.Huskey). PENALTY on NO-O.Delp, Offensive Holding, 10 yards, enforced at NO 30."
2026,PRESEASON WEEK 1,Saturday,August 15th,JAX,NO,1st Quarter,7,New Orleans Saints,0,2,0,Fumble,1st & 10 at NO 20,01:49 1st,"— S.Rattler sacked at NO 10 for -10 yards (Y.Abdullah). FUMBLES (Y.Abdullah) [Y.Abdullah], RECOVERED by JAX-B.Green at NO 9. B.Green to NO 7 for 2 yards (A.Estime; M.Matavao)."
2026,PRESEASON WEEK 1,Saturday,August 15th,JAX,NO,1st Quarter,8,Jacksonville Jaguars,1,1,0,-7 Yard Run,1st & 7 at NO 7,01:39 1st,— D.Dallas up the middle to NO 14 for -7 yards (M.Cole).
2026,PRESEASON WEEK 1,Saturday,August 15th,JAX,NO,1st Quarter,8,Jacksonville Jaguars,1,2,0,5 Yard Penalty,2nd & 14 at NO 14,00:56 1st Shotgun,"— PENALTY on NO-M.Williams, Neutral Zone Infraction, 5 yards, enforced at NO 14 - No Play."
2026,PRESEASON WEEK 1,Saturday,August 15th,JAX,NO,1st Quarter,8,Jacksonville Jaguars,1,3,0,Pass Incomplete,2nd & 9 at NO 9,00:44 1st Shotgun,— C.Bradley pass incomplete short right to T.Koziol (M.Emerson).
2026,PRESEASON WEEK 1,Saturday,August 15th,JAX,NO,1st Quarter,8,Jacksonville Jaguars,1,4,0,-5 Yard Sack,3rd & 9 at NO 9,00:39 1st Shotgun,"— C.Bradley sacked at NO 14 for -5 yards (M.Heldman). Penalty on JAX-G.Christian, Offensive Holding, declined."
2026,PRESEASON WEEK 1,Saturday,August 15th,JAX,NO,1st Quarter,8,Jacksonville Jaguars,1,5,1,Field Goal,4th & 14 at NO 14,00:20 1st,"— C.Little 32 yard field goal is GOOD, Center-R.Matiscik, Holder-L.Cooke."
2026,PRESEASON WEEK 1,Saturday,August 15th,JAX,NO,2nd Quarter,1,New Orleans Saints,1,1,0,Kickoff from JAX 35,,Kickoff,"— C.Little kicks 62 yards from JAX 35 to NO 3. T.Palmer to NO 36 for 33 yards (C.Williams). PENALTY on NO-J.Sirmon, Face Mask, 12 yards, enforced at NO 24."
2026,PRESEASON WEEK 1,Saturday,August 15th,JAX,NO,2nd Quarter,1,New Orleans Saints,1,2,0,2 Yard Run,1st & 10 at NO 12,00:10 1st,— T.Chandler left end to NO 14 for 2 yards (W.Williams).
2026,PRESEASON WEEK 1,Saturday,August 15th,JAX,NO,2nd Quarter,1,New Orleans Saints,1,3,0,8 Yard Pass,2nd & 8 at NO 14,15:00 2nd Shotgun,— S.Rattler pass short left to B.Brown to NO 22 for 8 yards (J.Muhammad).
2026,PRESEASON WEEK 1,Saturday,August 15th,JAX,NO,2nd Quarter,1,New Orleans Saints,1,4,0,7 Yard Pass,1st & 10 at NO 22,14:20 2nd,— S.Rattler pass short right to B.Means to NO 29 for 7 yards (C.Ballentine).
2026,PRESEASON WEEK 1,Saturday,August 15th,JAX,NO,2nd Quarter,1,New Orleans Saints,1,5,0,6 Yard Run,2nd & 3 at NO 29,13:40 2nd,— T.Chandler left guard to NO 35 for 6 yards (Z.Durfee; C.Braswell).
2026,PRESEASON WEEK 1,Saturday,August 15th,JAX,NO,2nd Quarter,1,New Orleans Saints,1,6,0,9 Yard Pass,1st & 10 at NO 35,13:04 2nd Shotgun,— S.Rattler pass short right to K.Austin to NO 44 for 9 yards (C.Ballentine).
2026,PRESEASON WEEK 1,Saturday,August 15th,JAX,NO,2nd Quarter,1,New Orleans Saints,1,7,0,2 Yard Run,2nd & 1 at NO 44,12:37 2nd No Huddle,— T.Chandler up the middle to NO 46 for 2 yards (V.Miller).
2026,PRESEASON WEEK 1,Saturday,August 15th,JAX,NO,2nd Quarter,1,New Orleans Saints,1,8,0,9 Yard Pass,1st & 10 at NO 46,11:57 2nd Shotgun,— S.Rattler pass short left to B.Brown to JAX 45 for 9 yards (J.Muhammad).
2026,PRESEASON WEEK 1,Saturday,August 15th,JAX,NO,2nd Quarter,1,New Orleans Saints,1,9,0,6 Yard Pass,2nd & 1 at JAX 45,"11:32 2nd No Huddle, Shotgun",— S.Rattler pass short right to K.Austin pushed ob at JAX 39 for 6 yards (C.Braswell; C.Ballentine).
2026,PRESEASON WEEK 1,Saturday,August 15th,JAX,NO,2nd Quarter,1,New Orleans Saints,1,10,0,5 Yard Run,1st & 10 at JAX 39,11:00 2nd,— A.Estime up the middle to JAX 34 for 5 yards (J.Tavai).
2026,PRESEASON WEEK 1,Saturday,August 15th,JAX,NO,2nd Quarter,1,New Orleans Saints,1,11,0,Pass Incomplete,2nd & 5 at JAX 34,10:16 2nd,— S.Rattler pass incomplete short right to O.Delp (J.Huskey).
2026,PRESEASON WEEK 1,Saturday,August 15th,JAX,NO,2nd Quarter,1,New Orleans Saints,1,12,0,9 Yard Pass,3rd & 5 at JAX 34,10:08 2nd Shotgun,— S.Rattler pass short left to K.Austin to JAX 25 for 9 yards (C.Braswell; B.Combs).
2026,PRESEASON WEEK 1,Saturday,August 15th,JAX,NO,2nd Quarter,1,New Orleans Saints,1,13,0,0 Yard Pass,1st & 10 at JAX 25,09:26 2nd Shotgun,— S.Rattler pass short left to T.Chandler to JAX 25 for no gain (B.Combs; J.Tavai).
2026,PRESEASON WEEK 1,Saturday,August 15th,JAX,NO,2nd Quarter,1,New Orleans Saints,1,14,0,-6 Yard Pass,2nd & 10 at JAX 25,08:40 2nd,— S.Rattler pass short left to A.Estime to JAX 31 for -6 yards (J.Muhammad).
2026,PRESEASON WEEK 1,Saturday,August 15th,JAX,NO,2nd Quarter,1,New Orleans Saints,1,15,0,Pass Incomplete,3rd & 16 at JAX 31,07:57 2nd Shotgun,— S.Rattler pass incomplete short right.
2026,PRESEASON WEEK 1,Saturday,August 15th,JAX,NO,2nd Quarter,1,New Orleans Saints,1,16,1,Field Goal,4th & 16 at JAX 31,07:53 2nd,"— T.Brown 49 yard field goal is GOOD, Center-Z.Wood, Holder-Ry.Wright."
2026,PRESEASON WEEK 1,Saturday,August 15th,JAX,NO,2nd Quarter,2,Jacksonville Jaguars,0,1,0,Kickoff from NO 35,,Kickoff,— T.Brown kicks 64 yards from NO 35 to JAX 1. C.Brayboy to JAX 33 for 32 yards (T.Chandler).
2026,PRESEASON WEEK 1,Saturday,August 15th,JAX,NO,2nd Quarter,2,Jacksonville Jaguars,0,2,0,17 Yard Pass,1st & 10 at JAX 33,07:40 2nd,— C.Bradley pass short middle to C.Williams to 50 for 17 yards (J.Sirmon).
2026,PRESEASON WEEK 1,Saturday,August 15th,JAX,NO,2nd Quarter,2,Jacksonville Jaguars,0,3,0,Pass Incomplete,1st & 10 at 50,06:55 2nd Shotgun,— C.Bradley pass incomplete short middle to H.Long (M.Emerson).
2026,PRESEASON WEEK 1,Saturday,August 15th,JAX,NO,2nd Quarter,2,Jacksonville Jaguars,0,4,0,3 Yard Run,2nd & 10 at 50,06:50 2nd Shotgun,— J.Taylor up the middle to NO 47 for 3 yards (C.Miller; M.Reid).
2026,PRESEASON WEEK 1,Saturday,August 15th,JAX,NO,2nd Quarter,2,Jacksonville Jaguars,0,5,0,-5 Yard Penalty,3rd & 7 at NO 47,06:11 2nd Shotgun,"— PENALTY on JAX-J.Obidegwu, False Start, 5 yards, enforced at NO 47 - No Play."
2026,PRESEASON WEEK 1,Saturday,August 15th,JAX,NO,2nd Quarter,2,Jacksonville Jaguars,0,6,0,Pass Incomplete,3rd & 12 at JAX 48,05:50 2nd Shotgun,— C.Bradley pass incomplete short right to J.Cameron [J.Sirmon].
2026,PRESEASON WEEK 1,Saturday,August 15th,JAX,NO,2nd Quarter,2,Jacksonville Jaguars,0,7,0,Punt,4th & 12 at JAX 48,05:44 2nd,"— L.Cooke punts 38 yards to NO 14, Center-R.Matiscik, fair catch by T.Palmer."
2026,PRESEASON WEEK 1,Saturday,August 15th,JAX,NO,2nd Quarter,3,New Orleans Saints,0,1,0,0 Yard Run,1st & 10 at NO 14,05:37 2nd Shotgun,— C.Donaldson up the middle to NO 14 for no gain (B.Green).
2026,PRESEASON WEEK 1,Saturday,August 15th,JAX,NO,2nd Quarter,3,New Orleans Saints,0,2,0,Pass Incomplete,2nd & 10 at NO 14,05:02 2nd Shotgun,— Z.Wilson pass incomplete short right to M.Matavao (B.Combs).
2026,PRESEASON WEEK 1,Saturday,August 15th,JAX,NO,2nd Quarter,3,New Orleans Saints,0,3,0,Pass Incomplete,3rd & 10 at NO 14,04:58 2nd Shotgun,— Z.Wilson pass incomplete short right to O.Delp (R.Lane).
2026,PRESEASON WEEK 1,Saturday,August 15th,JAX,NO,2nd Quarter,3,New Orleans Saints,0,4,0,Punt,4th & 10 at NO 14,04:54 2nd,"— Ry.Wright punts 52 yards to JAX 34, Center-Z.Wood, fair catch by J.Cameron."
2026,PRESEASON WEEK 1,Saturday,August 15th,JAX,NO,2nd Quarter,4,Jacksonville Jaguars,0,1,0,-10 Yard Penalty,1st & 10 at JAX 34,04:46 2nd,"— D.Dallas up the middle to JAX 37 for 3 yards (K.Saunders). PENALTY on JAX-R.Lee, Offensive Holding, 10 yards, enforced at JAX 34 - No Play."
2026,PRESEASON WEEK 1,Saturday,August 15th,JAX,NO,2nd Quarter,4,Jacksonville Jaguars,0,2,0,6 Yard Pass,1st & 20 at JAX 24,04:19 2nd Shotgun,— C.Bradley pass short right to D.Dallas to JAX 30 for 6 yards (M.Reid).
2026,PRESEASON WEEK 1,Saturday,August 15th,JAX,NO,2nd Quarter,4,Jacksonville Jaguars,0,3,0,Pass Incomplete,2nd & 14 at JAX 30,03:35 2nd Shotgun,— C.Bradley pass incomplete short left to C.Williams.
2026,PRESEASON WEEK 1,Saturday,August 15th,JAX,NO,2nd Quarter,4,Jacksonville Jaguars,0,4,0,-5 Yard Penalty,3rd & 14 at JAX 30,03:31 2nd Shotgun,"— PENALTY on JAX-J.Obidegwu, False Start, 5 yards, enforced at JAX 30 - No Play."
2026,PRESEASON WEEK 1,Saturday,August 15th,JAX,NO,2nd Quarter,4,Jacksonville Jaguars,0,5,0,Interception,3rd & 19 at JAX 25,03:31 2nd,— C.Bradley pass short right intended for C.Williams INTERCEPTED by J.Price at JAX 40. J.Price ran ob at JAX 28 for 12 yards (Q.Morris).
2026,PRESEASON WEEK 1,Saturday,August 15th,JAX,NO,2nd Quarter,5,New Orleans Saints,1,1,0,27 Yard Pass,1st & 10 at JAX 28,03:22 2nd,"— Z.Wilson pass deep right to B.Means for 28 yards, TOUCHDOWN. The Replay Official reviewed the runner broke the plane ruling, and the play was REVERSED. Z.Wilson pass deep right to B.Means ran ob at JAX 1 for 27 yards."
2026,PRESEASON WEEK 1,Saturday,August 15th,JAX,NO,2nd Quarter,5,New Orleans Saints,1,2,1,Touchdown,1st & 1 at JAX 1,03:07 2nd Shotgun,"— Z.Wilson pass short right to O.Delp for 1 yard, TOUCHDOWN."
2026,PRESEASON WEEK 1,Saturday,August 15th,JAX,NO,2nd Quarter,5,New Orleans Saints,1,3,1,Extra Point,,03:02 2nd,"— C.Smyth extra point is GOOD, Center-Z.Wood, Holder-Ry.Wright."
2026,PRESEASON WEEK 1,Saturday,August 15th,JAX,NO,2nd Quarter,6,Jacksonville Jaguars,0,1,0,Kickoff from NO 35,,Kickoff,— C.Smyth kicks 58 yards from NO 35 to JAX 7. C.Brayboy to JAX 30 for 23 yards (J.Sirmon; D.Jones).
2026,PRESEASON WEEK 1,Saturday,August 15th,JAX,NO,2nd Quarter,6,Jacksonville Jaguars,0,2,0,13 Yard Pass,1st & 10 at JAX 30,02:56 2nd Shotgun,— C.Bradley pass short middle to A.Trammell pushed ob at JAX 43 for 13 yards (J.Ford).
2026,PRESEASON WEEK 1,Saturday,August 15th,JAX,NO,2nd Quarter,6,Jacksonville Jaguars,0,3,0,-5 Yard Sack,1st & 10 at JAX 43,02:23 2nd Shotgun,— C.Bradley sacked at JAX 38 for -5 yards (M.Heldman).
2026,PRESEASON WEEK 1,Saturday,August 15th,JAX,NO,2nd Quarter,6,Jacksonville Jaguars,0,4,0,7 Yard Run,2nd & 15 at JAX 38,02:00 2nd Shotgun,— J.Taylor right guard to JAX 45 for 7 yards (M.Heldman; T.Hall).
2026,PRESEASON WEEK 1,Saturday,August 15th,JAX,NO,2nd Quarter,6,Jacksonville Jaguars,0,5,0,0 Yard Run,3rd & 8 at JAX 45,01:21 2nd Shotgun,— J.Taylor up the middle to JAX 45 for no gain (M.Williams; C.Miller).
2026,PRESEASON WEEK 1,Saturday,August 15th,JAX,NO,2nd Quarter,6,Jacksonville Jaguars,0,6,0,Timeout,,01:17 2nd,— Timeout #1 by NO at 01:17.
2026,PRESEASON WEEK 1,Saturday,August 15th,JAX,NO,2nd Quarter,6,Jacksonville Jaguars,0,7,0,Punt,4th & 8 at JAX 45,01:17 2nd,"— L.Cooke punts 46 yards to NO 9, Center-R.Matiscik. T.Palmer pushed ob at NO 24 for 15 yards (P.Herbert). PENALTY on NO-D.Beanum, Offensive Holding, 5 yards, enforced at NO 10."
2026,PRESEASON WEEK 1,Saturday,August 15th,JAX,NO,2nd Quarter,7,New Orleans Saints,1,1,0,6 Yard Pass,1st & 10 at NO 5,01:02 2nd Shotgun,— Z.Wilson pass short middle to B.Means ran ob at NO 11 for 6 yards (C.Ballentine).
2026,PRESEASON WEEK 1,Saturday,August 15th,JAX,NO,2nd Quarter,7,New Orleans Saints,1,2,0,Pass Incomplete,2nd & 4 at NO 11,00:55 2nd Shotgun,— Z.Wilson pass incomplete short right to O.Delp.
2026,PRESEASON WEEK 1,Saturday,August 15th,JAX,NO,2nd Quarter,7,New Orleans Saints,1,3,0,37 Yard Pass,3rd & 4 at NO 11,00:51 2nd Shotgun,— Z.Wilson pass deep right to B.Means ran ob at NO 48 for 37 yards (C.Ballentine).
2026,PRESEASON WEEK 1,Saturday,August 15th,JAX,NO,2nd Quarter,7,New Orleans Saints,1,4,0,5 Yard Pass,1st & 10 at NO 48,00:43 2nd Shotgun,— Z.Wilson pass short middle to O.Delp to JAX 47 for 5 yards (J.Huskey).
2026,PRESEASON WEEK 1,Saturday,August 15th,JAX,NO,2nd Quarter,7,New Orleans Saints,1,5,0,Timeout,,00:39 2nd,— Timeout #2 by NO at 00:39.
2026,PRESEASON WEEK 1,Saturday,August 15th,JAX,NO,2nd Quarter,7,New Orleans Saints,1,6,0,28 Yard Pass,2nd & 5 at JAX 47,00:39 2nd Shotgun,— Z.Wilson pass deep right to B.Brown pushed ob at JAX 19 for 28 yards (J.Huskey).
2026,PRESEASON WEEK 1,Saturday,August 15th,JAX,NO,2nd Quarter,7,New Orleans Saints,1,7,0,8 Yard Pass,1st & 10 at JAX 19,00:34 2nd Shotgun,— Z.Wilson pass short left to B.Brown to JAX 11 for 8 yards (C.Braswell) [Bry.Thomas].
2026,PRESEASON WEEK 1,Saturday,August 15th,JAX,NO,2nd Quarter,7,New Orleans Saints,1,8,0,Pass Incomplete,2nd & 2 at JAX 11,"00:12 2nd No Huddle, Shotgun",— Z.Wilson pass incomplete short left to R.Bell.
2026,PRESEASON WEEK 1,Saturday,August 15th,JAX,NO,2nd Quarter,7,New Orleans Saints,1,9,0,Timeout,,00:08 2nd,— Timeout #3 by NO at 00:08.
2026,PRESEASON WEEK 1,Saturday,August 15th,JAX,NO,2nd Quarter,7,New Orleans Saints,1,10,0,Pass Incomplete,3rd & 2 at JAX 11,00:08 2nd Shotgun,— Z.Wilson pass incomplete short right to B.Means.
2026,PRESEASON WEEK 1,Saturday,August 15th,JAX,NO,2nd Quarter,7,New Orleans Saints,1,11,1,Field Goal,4th & 2 at JAX 11,00:04 2nd,"— T.Brown 29 yard field goal is GOOD, Center-Z.Wood, Holder-Ry.Wright."
2026,PRESEASON WEEK 1,Saturday,August 15th,JAX,NO,3rd Quarter,1,Jacksonville Jaguars,1,1,0,Kickoff from NO 35,,Kickoff,— T.Brown kicks 64 yards from NO 35 to JAX 1. M.Wortham to JAX 21 for 20 yards (G.Nelson). NO-G.Nelson was injured during the play.
2026,PRESEASON WEEK 1,Saturday,August 15th,JAX,NO,3rd Quarter,1,Jacksonville Jaguars,1,2,0,9 Yard Pass,1st & 10 at JAX 21,14:55 3rd Shotgun,— C.Bradley pass short right to T.Pena to JAX 30 for 9 yards (D.Beanum).
2026,PRESEASON WEEK 1,Saturday,August 15th,JAX,NO,3rd Quarter,1,Jacksonville Jaguars,1,3,0,13 Yard Pass,2nd & 1 at JAX 30,14:16 3rd,— C.Bradley pass short right to C.Brayboy to JAX 43 for 13 yards (D.Beanum; I.Stalbird) [M.Heldman].
2026,PRESEASON WEEK 1,Saturday,August 15th,JAX,NO,3rd Quarter,1,Jacksonville Jaguars,1,4,0,7 Yard Run,1st & 10 at JAX 43,13:31 3rd,— J.Taylor up the middle to 50 for 7 yards (J.Sirmon; I.Stalbird). ** Injury Update: NO-G.Nelson has returned to the game.
2026,PRESEASON WEEK 1,Saturday,August 15th,JAX,NO,3rd Quarter,1,Jacksonville Jaguars,1,5,0,12 Yard Pass,2nd & 3 at 50,12:48 3rd Shotgun,— C.Bradley pass short right to C.Brayboy pushed ob at NO 38 for 12 yards (D.Beanum).
2026,PRESEASON WEEK 1,Saturday,August 15th,JAX,NO,3rd Quarter,1,Jacksonville Jaguars,1,6,0,2 Yard Run,1st & 10 at NO 38,12:21 3rd,— J.Taylor left tackle to NO 36 for 2 yards (K.Saunders; I.Stalbird).
2026,PRESEASON WEEK 1,Saturday,August 15th,JAX,NO,3rd Quarter,1,Jacksonville Jaguars,1,7,0,13 Yard Run,2nd & 8 at NO 36,11:43 3rd Shotgun,— J.Taylor up the middle to NO 23 for 13 yards (D.Beanum).
2026,PRESEASON WEEK 1,Saturday,August 15th,JAX,NO,3rd Quarter,1,Jacksonville Jaguars,1,8,0,10 Yard Run,1st & 10 at NO 23,11:04 3rd,— J.Taylor left tackle to NO 13 for 10 yards (E.Davison; M.Reid).
2026,PRESEASON WEEK 1,Saturday,August 15th,JAX,NO,3rd Quarter,1,Jacksonville Jaguars,1,9,0,8 Yard Run,1st & 10 at NO 13,10:26 3rd,— T.Pena right end to NO 5 for 8 yards (J.Sirmon; D.Beanum).
2026,PRESEASON WEEK 1,Saturday,August 15th,JAX,NO,3rd Quarter,1,Jacksonville Jaguars,1,10,0,4 Yard Run,2nd & 2 at NO 5,09:44 3rd Shotgun,— D.Dallas up the middle to NO 1 for 4 yards (M.Reid).
2026,PRESEASON WEEK 1,Saturday,August 15th,JAX,NO,3rd Quarter,1,Jacksonville Jaguars,1,11,1,Touchdown,1st & 1 at NO 1,08:59 3rd,"— C.Bradley pass short left to H.Long for 1 yard, TOUCHDOWN."
2026,PRESEASON WEEK 1,Saturday,August 15th,JAX,NO,3rd Quarter,1,Jacksonville Jaguars,1,12,0,2 Point Conversion,,08:53 3rd,— TWO-POINT CONVERSION ATTEMPT. J.Taylor rushes up the middle. ATTEMPT SUCCEEDS.
2026,PRESEASON WEEK 1,Saturday,August 15th,JAX,NO,3rd Quarter,2,New Orleans Saints,0,1,0,Kickoff from JAX 35,,Kickoff,— C.Little kicks 60 yards from JAX 35 to NO 5. J.Moreno-Cropper to NO 39 for 34 yards (D.Marshall; P.Herbert).
2026,PRESEASON WEEK 1,Saturday,August 15th,JAX,NO,3rd Quarter,2,New Orleans Saints,0,2,0,2 Yard Run,1st & 10 at NO 39,08:46 3rd,— T.Chandler up the middle to NO 41 for 2 yards (J.Tavai; A.Burney).
2026,PRESEASON WEEK 1,Saturday,August 15th,JAX,NO,3rd Quarter,2,New Orleans Saints,0,3,0,5 Yard Penalty,2nd & 8 at NO 41,08:09 3rd,"— Z.Wilson pass incomplete deep left to T.Palmer. PENALTY on JAX-D.Marshall, Defensive Holding, 5 yards, enforced at NO 41 - No Play."
2026,PRESEASON WEEK 1,Saturday,August 15th,JAX,NO,3rd Quarter,2,New Orleans Saints,0,4,0,4 Yard Pass,1st & 10 at NO 46,08:04 3rd,— Z.Wilson pass short left to O.Delp pushed ob at 50 for 4 yards (J.Huskey).
2026,PRESEASON WEEK 1,Saturday,August 15th,JAX,NO,3rd Quarter,2,New Orleans Saints,0,5,0,1 Yard Run,2nd & 6 at 50,07:37 3rd,— C.Donaldson right guard to JAX 49 for 1 yard (Bry.Thomas; J.Tavai).
2026,PRESEASON WEEK 1,Saturday,August 15th,JAX,NO,3rd Quarter,2,New Orleans Saints,0,6,0,7 Yard Pass,3rd & 5 at JAX 49,07:03 3rd Shotgun,— Z.Wilson pass short right to T.Welch pushed ob at JAX 42 for 7 yards (C.Ransaw).
2026,PRESEASON WEEK 1,Saturday,August 15th,JAX,NO,3rd Quarter,2,New Orleans Saints,0,7,0,-1 Yard Run,1st & 10 at JAX 42,06:37 3rd Shotgun,— C.Donaldson right guard to JAX 43 for -1 yards (K.Rose).
2026,PRESEASON WEEK 1,Saturday,August 15th,JAX,NO,3rd Quarter,2,New Orleans Saints,0,8,0,6 Yard Penalty,2nd & 11 at JAX 43,05:59 3rd Shotgun,"— Z.Wilson pass incomplete short right to T.Palmer. PENALTY on JAX-J.Muhammad, Defensive Pass Interference, 6 yards, enforced at JAX 43 - No Play."
2026,PRESEASON WEEK 1,Saturday,August 15th,JAX,NO,3rd Quarter,2,New Orleans Saints,0,9,0,-14 Yard Sack,1st & 10 at JAX 37,05:56 3rd,— Z.Wilson sacked at NO 49 for -14 yards (A.Regis).
2026,PRESEASON WEEK 1,Saturday,August 15th,JAX,NO,3rd Quarter,2,New Orleans Saints,0,10,0,8 Yard Pass,2nd & 24 at NO 49,05:11 3rd Shotgun,— Z.Wilson pass short right to T.Palmer to JAX 43 for 8 yards (J.Muhammad).
2026,PRESEASON WEEK 1,Saturday,August 15th,JAX,NO,3rd Quarter,2,New Orleans Saints,0,11,0,-5 Yard Penalty,3rd & 16 at JAX 43,04:23 3rd Shotgun,"— PENALTY on NO-A.Richards, False Start, 5 yards, enforced at JAX 43 - No Play."
2026,PRESEASON WEEK 1,Saturday,August 15th,JAX,NO,3rd Quarter,2,New Orleans Saints,0,12,0,14 Yard Pass,3rd & 21 at JAX 48,04:06 3rd Shotgun,— Z.Wilson pass short left to J.Moreno-Cropper to JAX 34 for 14 yards (D.Marshall).
2026,PRESEASON WEEK 1,Saturday,August 15th,JAX,NO,3rd Quarter,2,New Orleans Saints,0,13,0,Field Goal No Good,4th & 7 at JAX 34,03:24 3rd,"— C.Smyth 52 yard field goal is No Good, Wide Right, Center-Z.Wood, Holder-Ry.Wright."
2026,PRESEASON WEEK 1,Saturday,August 15th,JAX,NO,4th Quarter,1,Jacksonville Jaguars,1,1,0,Pass Incomplete,1st & 10 at JAX 42,03:20 3rd,— C.Bradley pass incomplete short right to D.Dallas.
2026,PRESEASON WEEK 1,Saturday,August 15th,JAX,NO,4th Quarter,1,Jacksonville Jaguars,1,2,0,-8 Yard Sack,2nd & 10 at JAX 42,03:16 3rd Shotgun,— C.Bradley sacked at JAX 34 for -8 yards (F.Diggs).
2026,PRESEASON WEEK 1,Saturday,August 15th,JAX,NO,4th Quarter,1,Jacksonville Jaguars,1,3,0,19 Yard Pass,3rd & 18 at JAX 34,02:34 3rd Shotgun,— C.Bradley pass deep right to B.Boyd to NO 47 for 19 yards (D.Beanum).
2026,PRESEASON WEEK 1,Saturday,August 15th,JAX,NO,4th Quarter,1,Jacksonville Jaguars,1,4,0,3 Yard Run,1st & 10 at NO 47,01:59 3rd,— D.Dallas left guard to NO 44 for 3 yards (G.Nelson).
2026,PRESEASON WEEK 1,Saturday,August 15th,JAX,NO,4th Quarter,1,Jacksonville Jaguars,1,5,0,-3 Yard Run,2nd & 7 at NO 44,01:22 3rd Shotgun,— J.Taylor left guard to NO 47 for -3 yards (M.Heldman).
2026,PRESEASON WEEK 1,Saturday,August 15th,JAX,NO,4th Quarter,1,Jacksonville Jaguars,1,6,0,9 Yard Pass,3rd & 10 at NO 47,00:41 3rd Shotgun,— C.Bradley pass short right to M.Wortham to NO 38 for 9 yards (D.Beanum).
2026,PRESEASON WEEK 1,Saturday,August 15th,JAX,NO,4th Quarter,1,Jacksonville Jaguars,1,7,0,3 Yard Run,4th & 1 at NO 38,15:00 4th Shotgun,— C.Bradley left end to NO 35 for 3 yards (M.Reid).
2026,PRESEASON WEEK 1,Saturday,August 15th,JAX,NO,4th Quarter,1,Jacksonville Jaguars,1,8,0,2 Yard Run,1st & 10 at NO 35,14:15 4th,— J.Taylor left guard to NO 33 for 2 yards (M.Reid).
2026,PRESEASON WEEK 1,Saturday,August 15th,JAX,NO,4th Quarter,1,Jacksonville Jaguars,1,9,0,5 Yard Run,2nd & 8 at NO 33,13:36 4th,— J.Taylor right guard to NO 28 for 5 yards (D.Jones; M.Heldman).
2026,PRESEASON WEEK 1,Saturday,August 15th,JAX,NO,4th Quarter,1,Jacksonville Jaguars,1,10,0,5 Yard Run,3rd & 3 at NO 28,13:01 4th,— J.Taylor right guard to NO 23 for 5 yards (J.Sirmon; M.Heldman).
2026,PRESEASON WEEK 1,Saturday,August 15th,JAX,NO,4th Quarter,1,Jacksonville Jaguars,1,11,0,3 Yard Run,1st & 10 at NO 23,12:24 4th Shotgun,— J.Taylor up the middle to NO 20 for 3 yards (G.Nelson).
2026,PRESEASON WEEK 1,Saturday,August 15th,JAX,NO,4th Quarter,1,Jacksonville Jaguars,1,12,0,6 Yard Run,2nd & 7 at NO 20,11:48 4th,— J.Taylor right tackle to NO 14 for 6 yards (D.Beanum; J.Sirmon).
2026,PRESEASON WEEK 1,Saturday,August 15th,JAX,NO,4th Quarter,1,Jacksonville Jaguars,1,13,0,1 Yard Run,3rd & 1 at NO 14,11:03 4th,— C.Bradley up the middle to NO 13 for 1 yard (J.Sirmon).
2026,PRESEASON WEEK 1,Saturday,August 15th,JAX,NO,4th Quarter,1,Jacksonville Jaguars,1,14,0,-10 Yard Penalty,1st & 10 at NO 13,10:25 4th,"— J.Taylor left end to NO 13 for no gain (F.Diggs). PENALTY on JAX-S.Mustipher, Offensive Holding, 10 yards, enforced at NO 13 - No Play."
2026,PRESEASON WEEK 1,Saturday,August 15th,JAX,NO,4th Quarter,1,Jacksonville Jaguars,1,15,0,6 Yard Pass,1st & 20 at NO 23,10:03 4th Shotgun,— C.Bradley pass short right to T.Pena to NO 17 for 6 yards (D.Beanum).
2026,PRESEASON WEEK 1,Saturday,August 15th,JAX,NO,4th Quarter,1,Jacksonville Jaguars,1,16,0,0 Yard Run,2nd & 14 at NO 17,09:25 4th Shotgun,— J.Taylor up the middle to NO 17 for no gain (B.Taylor).
2026,PRESEASON WEEK 1,Saturday,August 15th,JAX,NO,4th Quarter,1,Jacksonville Jaguars,1,17,0,Pass Incomplete,3rd & 14 at NO 17,08:44 4th Shotgun,— C.Bradley pass incomplete deep middle to T.Pena.
2026,PRESEASON WEEK 1,Saturday,August 15th,JAX,NO,4th Quarter,1,Jacksonville Jaguars,1,18,1,Field Goal,4th & 14 at NO 17,08:39 4th,"— C.Little 36 yard field goal is GOOD, Center-R.Matiscik, Holder-L.Cooke."
2026,PRESEASON WEEK 1,Saturday,August 15th,JAX,NO,4th Quarter,2,New Orleans Saints,0,1,0,Kickoff from JAX 35,,Kickoff,"— C.Little kicks 60 yards from JAX 35 to NO 5. J.Price pushed ob at NO 33 for 28 yards (P.Hodge). PENALTY on NO-Z.Mitchell-Paden, Offensive Holding, 10 yards, enforced at NO 29."
2026,PRESEASON WEEK 1,Saturday,August 15th,JAX,NO,4th Quarter,2,New Orleans Saints,0,2,0,Pass Incomplete,1st & 10 at NO 19,08:27 4th Shotgun,— H.Dekkers pass incomplete short right to T.Palmer.
2026,PRESEASON WEEK 1,Saturday,August 15th,JAX,NO,4th Quarter,2,New Orleans Saints,0,3,0,0 Yard Pass,2nd & 10 at NO 19,08:24 4th Shotgun,— H.Dekkers pass short left to C.Donaldson to NO 19 for no gain (J.Muhammad).
2026,PRESEASON WEEK 1,Saturday,August 15th,JAX,NO,4th Quarter,2,New Orleans Saints,0,4,0,Pass Incomplete,3rd & 10 at NO 19,07:52 4th Shotgun,— H.Dekkers pass incomplete short middle to J.Moreno-Cropper (C.Silmon-Craig).
2026,PRESEASON WEEK 1,Saturday,August 15th,JAX,NO,4th Quarter,2,New Orleans Saints,0,5,0,Punt,4th & 10 at NO 19,07:46 4th,"— Ry.Wright punts 46 yards to JAX 35, Center-Z.Wood. T.Pena to JAX 43 for 8 yards (E.Davison; Z.Mitchell-Paden)."
2026,PRESEASON WEEK 1,Saturday,August 15th,JAX,NO,4th Quarter,3,Jacksonville Jaguars,1,1,0,6 Yard Run,1st & 10 at JAX 43,07:35 4th,— D.Dallas right end to JAX 49 for 6 yards (D.Beanum; M.Cole).
2026,PRESEASON WEEK 1,Saturday,August 15th,JAX,NO,4th Quarter,3,Jacksonville Jaguars,1,2,0,3 Yard Run,2nd & 4 at JAX 49,06:55 4th,— D.Dallas up the middle to NO 48 for 3 yards (D.Jones; E.Davison).
2026,PRESEASON WEEK 1,Saturday,August 15th,JAX,NO,4th Quarter,3,Jacksonville Jaguars,1,3,0,3 Yard Run,3rd & 1 at NO 48,06:17 4th,— D.Dallas right tackle to NO 45 for 3 yards (M.Williams; M.Reid).
2026,PRESEASON WEEK 1,Saturday,August 15th,JAX,NO,4th Quarter,3,Jacksonville Jaguars,1,4,0,43 Yard Pass,1st & 10 at NO 45,05:33 4th,"— J.Aguilar pass deep left to T.Pena to NO 2 for 43 yards (T.Hall). Penalty on NO-T.Hall, Defensive Pass Interference, declined. Penalty on NO-T.Hall, Illegal Contact, declined."
2026,PRESEASON WEEK 1,Saturday,August 15th,JAX,NO,4th Quarter,3,Jacksonville Jaguars,1,5,1,Touchdown,1st & 2 at NO 2,05:00 4th,"— J.Taylor left guard for 2 yards, TOUCHDOWN."
2026,PRESEASON WEEK 1,Saturday,August 15th,JAX,NO,4th Quarter,3,Jacksonville Jaguars,1,6,1,Extra Point,,04:55 4th,"— C.Little extra point is GOOD, Center-R.Matiscik, Holder-L.Cooke."
2026,PRESEASON WEEK 1,Saturday,August 15th,JAX,NO,4th Quarter,4,New Orleans Saints,0,1,0,Kickoff from JAX 35,,Kickoff,"— C.Little kicks 65 yards from JAX 35 to end zone, Touchback to the NO 35."
2026,PRESEASON WEEK 1,Saturday,August 15th,JAX,NO,4th Quarter,4,New Orleans Saints,0,2,0,4 Yard Run,1st & 10 at NO 35,04:55 4th Shotgun,— H.Dekkers left end to NO 39 for 4 yards (D.Neal; A.Burney).
2026,PRESEASON WEEK 1,Saturday,August 15th,JAX,NO,4th Quarter,4,New Orleans Saints,0,3,0,9 Yard Run,2nd & 6 at NO 39,04:21 4th,— T.Chandler up the middle to NO 48 for 9 yards (Bry.Thomas).
2026,PRESEASON WEEK 1,Saturday,August 15th,JAX,NO,4th Quarter,4,New Orleans Saints,0,4,0,3 Yard Run,1st & 10 at NO 48,03:47 4th,— T.Chandler left tackle to JAX 49 for 3 yards (Bry.Thomas).
2026,PRESEASON WEEK 1,Saturday,August 15th,JAX,NO,4th Quarter,4,New Orleans Saints,0,5,0,Pass Incomplete,2nd & 7 at JAX 49,03:06 4th Shotgun,— H.Dekkers pass incomplete deep right to J.Moreno-Cropper.
2026,PRESEASON WEEK 1,Saturday,August 15th,JAX,NO,4th Quarter,4,New Orleans Saints,0,6,0,-5 Yard Sack,3rd & 7 at JAX 49,03:00 4th Shotgun,— H.Dekkers sacked at NO 46 for -5 yards (Bry.Thomas).
2026,PRESEASON WEEK 1,Saturday,August 15th,JAX,NO,4th Quarter,4,New Orleans Saints,0,7,0,Punt,4th & 12 at NO 46,02:28 4th,"— Ry.Wright punts 45 yards to JAX 9, Center-Z.Wood, downed by NO-D.Beanum."
2026,PRESEASON WEEK 1,Saturday,August 15th,JAX,NO,4th Quarter,5,Jacksonville Jaguars,0,1,0,3 Yard Run,1st & 10 at JAX 9,02:18 4th,— J.Taylor right tackle to JAX 12 for 3 yards (J.Sirmon; D.Beanum).
2026,PRESEASON WEEK 1,Saturday,August 15th,JAX,NO,4th Quarter,5,Jacksonville Jaguars,0,2,0,Timeout,,02:14 4th,— Timeout #1 by NO at 02:14.
2026,PRESEASON WEEK 1,Saturday,August 15th,JAX,NO,4th Quarter,5,Jacksonville Jaguars,0,3,0,3 Yard Run,2nd & 7 at JAX 12,02:14 4th,— J.Taylor up the middle to JAX 15 for 3 yards (F.Diggs).
2026,PRESEASON WEEK 1,Saturday,August 15th,JAX,NO,4th Quarter,5,Jacksonville Jaguars,0,4,0,Timeout,,02:09 4th,— Timeout #2 by NO at 02:09.
2026,PRESEASON WEEK 1,Saturday,August 15th,JAX,NO,4th Quarter,5,Jacksonville Jaguars,0,5,0,0 Yard Run,3rd & 4 at JAX 15,02:09 4th Shotgun,— J.Taylor up the middle to JAX 15 for no gain (M.Cole; F.Diggs).
2026,PRESEASON WEEK 1,Saturday,August 15th,JAX,NO,4th Quarter,5,Jacksonville Jaguars,0,6,0,Punt,4th & 4 at JAX 15,02:00 4th,"— L.Cooke punts 50 yards to NO 35, Center-R.Matiscik. J.Price to NO 35 for no gain (C.Brayboy)."
2026,PRESEASON WEEK 1,Saturday,August 15th,JAX,NO,4th Quarter,6,New Orleans Saints,0,1,0,3 Yard Pass,1st & 10 at NO 35,01:50 4th Shotgun,— H.Dekkers pass short middle to T.Palmer pushed ob at NO 38 for 3 yards (J.Tavai).
2026,PRESEASON WEEK 1,Saturday,August 15th,JAX,NO,4th Quarter,6,New Orleans Saints,0,2,0,3 Yard Pass,2nd & 7 at NO 38,01:43 4th Shotgun,— H.Dekkers pass short right to T.Welch to NO 41 for 3 yards (D.Marshall; A.Burney).
2026,PRESEASON WEEK 1,Saturday,August 15th,JAX,NO,4th Quarter,6,New Orleans Saints,0,3,0,6 Yard Pass,3rd & 4 at NO 41,"01:24 4th No Huddle, Shotgun",— H.Dekkers pass short right to T.Welch pushed ob at NO 47 for 6 yards (A.Burney).
2026,PRESEASON WEEK 1,Saturday,August 15th,JAX,NO,4th Quarter,6,New Orleans Saints,0,4,0,6 Yard Pass,1st & 10 at NO 47,01:20 4th Shotgun,"— H.Dekkers pass short right to T.Palmer to JAX 47 for 6 yards (D.Marshall). The Replay Official reviewed the pass completion ruling, and the play was Upheld. The ruling on the field stands."
2026,PRESEASON WEEK 1,Saturday,August 15th,JAX,NO,4th Quarter,6,New Orleans Saints,0,5,0,22 Yard Pass,2nd & 4 at JAX 47,01:02 4th Shotgun,— H.Dekkers pass short middle to J.Moreno-Cropper to JAX 25 for 22 yards (J.Tavai).
2026,PRESEASON WEEK 1,Saturday,August 15th,JAX,NO,4th Quarter,6,New Orleans Saints,0,6,0,-10 Yard Penalty,1st & 10 at JAX 25,"00:42 4th No Huddle, Shotgun","— H.Dekkers pass incomplete deep left. PENALTY on NO-X.Truss, Offensive Holding, 10 yards, enforced at JAX 25 - No Play."
2026,PRESEASON WEEK 1,Saturday,August 15th,JAX,NO,4th Quarter,6,New Orleans Saints,0,7,0,Pass Incomplete,1st & 20 at JAX 35,00:36 4th Shotgun,— H.Dekkers pass incomplete deep left to C.Donaldson.
2026,PRESEASON WEEK 1,Saturday,August 15th,JAX,NO,4th Quarter,6,New Orleans Saints,0,8,0,16 Yard Pass,2nd & 20 at JAX 35,00:29 4th Shotgun,— H.Dekkers pass deep left to T.Palmer to JAX 19 for 16 yards (J.Muhammad).
2026,PRESEASON WEEK 1,Saturday,August 15th,JAX,NO,4th Quarter,6,New Orleans Saints,0,9,0,Timeout,,00:21 4th,— Timeout #3 by NO at 00:21.
2026,PRESEASON WEEK 1,Saturday,August 15th,JAX,NO,4th Quarter,6,New Orleans Saints,0,10,0,Pass Incomplete,3rd & 4 at JAX 19,00:21 4th Shotgun,— H.Dekkers pass incomplete deep right to T.Palmer (D.Marshall).
2026,PRESEASON WEEK 1,Saturday,August 15th,JAX,NO,4th Quarter,6,New Orleans Saints,0,11,0,Timeout,,00:16 4th,— Timeout #1 by JAX at 00:16.
2026,PRESEASON WEEK 1,Saturday,August 15th,JAX,NO,4th Quarter,6,New Orleans Saints,0,12,0,4 Yard Penalty,4th & 4 at JAX 19,00:16 4th Shotgun,"— H.Dekkers pass incomplete short left to B.Brown. PENALTY on JAX-J.Muhammad, Defensive Pass Interference, 4 yards, enforced at JAX 19 - No Play."
2026,PRESEASON WEEK 1,Saturday,August 15th,JAX,NO,4th Quarter,6,New Orleans Saints,0,13,0,13 Yard Pass,1st & 10 at JAX 15,00:13 4th Shotgun,— H.Dekkers pass short middle to J.Moreno-Cropper to JAX 2 for 13 yards (C.Silmon-Craig).
2026,PRESEASON WEEK 1,Saturday,August 15th,JAX,NO,4th Quarter,6,New Orleans Saints,0,14,0,Pass Incomplete,1st & 2 at JAX 2,00:02 4th No Huddle,— H.Dekkers spiked the ball to stop the clock.
2026,PRESEASON WEEK 1,Saturday,August 15th,JAX,NO,4th Quarter,6,New Orleans Saints,0,15,0,Pass Incomplete,2nd & 2 at JAX 2,00:01 4th Shotgun,— H.Dekkers pass incomplete short left to J.Moreno-Cropper (J.Muhammad).
2026,PRESEASON WEEK 1,Saturday,August 15th,PHI,BAL,1st Quarter,1,Philadelphia Eagles,0,1,0,Kickoff from BAL 35,,Kickoff,— T.Loop kicks 60 yards from BAL 35 to PHI 5. Q.Watkins to PHI 29 for 24 yards (J.Higgins; C.Rivers).
2026,PRESEASON WEEK 1,Saturday,August 15th,PHI,BAL,1st Quarter,1,Philadelphia Eagles,0,2,0,-10 Yard Penalty,1st & 10 at PHI 29,14:52 1st,"— T.Bigsby right end to PHI 36 for 7 yards (J.Higgins). PENALTY on PHI-E.Stowers, Offensive Holding, 10 yards, enforced at PHI 29 - No Play."
2026,PRESEASON WEEK 1,Saturday,August 15th,PHI,BAL,1st Quarter,1,Philadelphia Eagles,0,3,0,8 Yard Pass,1st & 20 at PHI 19,14:30 1st Shotgun,— A.Dalton pass short right to D.Cooper pushed ob at PHI 27 for 8 yards (B.Kone).
2026,PRESEASON WEEK 1,Saturday,August 15th,PHI,BAL,1st Quarter,1,Philadelphia Eagles,0,4,0,2 Yard Run,2nd & 12 at PHI 27,14:01 1st,— E.Moore right end pushed ob at PHI 29 for 2 yards (K.Martin).
2026,PRESEASON WEEK 1,Saturday,August 15th,PHI,BAL,1st Quarter,1,Philadelphia Eagles,0,5,0,-5 Yard Penalty,3rd & 10 at PHI 29,13:29 1st Shotgun,"— PENALTY on PHI-F.Johnson, False Start, 5 yards, enforced at PHI 29 - No Play."
2026,PRESEASON WEEK 1,Saturday,August 15th,PHI,BAL,1st Quarter,1,Philadelphia Eagles,0,6,0,8 Yard Pass,3rd & 15 at PHI 24,13:14 1st Shotgun,— A.Dalton pass short left to G.Calcaterra to PHI 32 for 8 yards (D.DeLuca; J.Higgins).
2026,PRESEASON WEEK 1,Saturday,August 15th,PHI,BAL,1st Quarter,1,Philadelphia Eagles,0,7,0,Punt,4th & 7 at PHI 32,12:26 1st,"— B.Mann punts 53 yards to BAL 15, Center-R.Underwood. L.Wester pushed ob at BAL 28 for 13 yards (M.Pulley)."
2026,PRESEASON WEEK 1,Saturday,August 15th,PHI,BAL,1st Quarter,2,Baltimore Ravens,0,1,0,2 Yard Run,1st & 10 at BAL 28,12:15 1st,— A.Randall left end to BAL 30 for 2 yards (A.Epenesa).
2026,PRESEASON WEEK 1,Saturday,August 15th,PHI,BAL,1st Quarter,2,Baltimore Ravens,0,2,0,29 Yard Pass,2nd & 8 at BAL 30,11:40 1st Shotgun,— T.Huntley pass deep left to M.Hibner pushed ob at PHI 41 for 29 yards (A.Sam).
2026,PRESEASON WEEK 1,Saturday,August 15th,PHI,BAL,1st Quarter,2,Baltimore Ravens,0,3,0,2 Yard Run,1st & 10 at PHI 41,11:11 1st,— A.Randall right guard to PHI 39 for 2 yards (J.Trotter).
2026,PRESEASON WEEK 1,Saturday,August 15th,PHI,BAL,1st Quarter,2,Baltimore Ravens,0,4,0,6 Yard Pass,2nd & 8 at PHI 39,10:35 1st,— T.Huntley pass short middle to E.Tau-Tolliver to PHI 33 for 6 yards (A.Epenesa).
2026,PRESEASON WEEK 1,Saturday,August 15th,PHI,BAL,1st Quarter,2,Baltimore Ravens,0,5,0,5 Yard Run,3rd & 2 at PHI 33,09:58 1st Shotgun,— E.Tau-Tolliver left guard to PHI 28 for 5 yards (G.Hall).
2026,PRESEASON WEEK 1,Saturday,August 15th,PHI,BAL,1st Quarter,2,Baltimore Ravens,0,6,0,Sack,1st & 10 at PHI 28,09:23 1st Shotgun,— T.Huntley sacked at PHI 28 for 0 yards (J.Trotter). PHI-J.Bennett was injured during the play.
2026,PRESEASON WEEK 1,Saturday,August 15th,PHI,BAL,1st Quarter,2,Baltimore Ravens,0,7,0,-7 Yard Sack,2nd & 10 at PHI 28,08:52 1st Shotgun,— T.Huntley sacked at PHI 35 for -7 yards (T.Robinson).
2026,PRESEASON WEEK 1,Saturday,August 15th,PHI,BAL,1st Quarter,2,Baltimore Ravens,0,8,0,4 Yard Pass,3rd & 17 at PHI 35,08:13 1st Shotgun,— T.Huntley pass short middle to D.Walker to PHI 31 for 4 yards (J.Campbell) [J.Ramirez].
2026,PRESEASON WEEK 1,Saturday,August 15th,PHI,BAL,1st Quarter,2,Baltimore Ravens,0,9,0,Field Goal No Good,4th & 13 at PHI 31,07:30 1st,"— T.Loop 49 yard field goal is No Good, Wide Right, Center-N.Moore, Holder-R.Eckley."
2026,PRESEASON WEEK 1,Saturday,August 15th,PHI,BAL,1st Quarter,3,Philadelphia Eagles,0,1,0,4 Yard Pass,1st & 10 at PHI 39,07:25 1st,— A.Dalton pass short left to M.Brown to PHI 43 for 4 yards (T.Tampa).
2026,PRESEASON WEEK 1,Saturday,August 15th,PHI,BAL,1st Quarter,3,Philadelphia Eagles,0,2,0,Pass Incomplete,2nd & 6 at PHI 43,06:51 1st,"— A.Dalton pass short right intended for T.Bigsby INTERCEPTED by A.Isaac at PHI 42. A.Isaac for 42 yards, TOUCHDOWN. The Replay Official reviewed the interception ruling, and the play was REVERSED. A.Dalton pass incomplete short right to T.Bigsby."
2026,PRESEASON WEEK 1,Saturday,August 15th,PHI,BAL,1st Quarter,3,Philadelphia Eagles,0,3,0,Pass Incomplete,3rd & 6 at PHI 43,06:46 1st Shotgun,— A.Dalton pass incomplete deep middle to D.Cooper.
2026,PRESEASON WEEK 1,Saturday,August 15th,PHI,BAL,1st Quarter,3,Philadelphia Eagles,0,4,0,Punt,4th & 6 at PHI 43,06:43 1st,"— B.Mann punts 47 yards to BAL 10, Center-R.Underwood, fair catch by L.Wester."
2026,PRESEASON WEEK 1,Saturday,August 15th,PHI,BAL,1st Quarter,4,Baltimore Ravens,0,1,0,2 Yard Run,1st & 10 at BAL 10,06:37 1st,— A.Randall right end to BAL 12 for 2 yards (J.Campbell; A.Thomas).
2026,PRESEASON WEEK 1,Saturday,August 15th,PHI,BAL,1st Quarter,4,Baltimore Ravens,0,2,0,8 Yard Pass,2nd & 8 at BAL 12,05:57 1st,— T.Huntley pass short right to M.Hibner ran ob at BAL 20 for 8 yards (A.Thomas).
2026,PRESEASON WEEK 1,Saturday,August 15th,PHI,BAL,1st Quarter,4,Baltimore Ravens,0,3,0,18 Yard Pass,1st & 10 at BAL 20,05:26 1st,— T.Huntley pass short middle to J.Lane to BAL 38 for 18 yards (M.McWilliams).
2026,PRESEASON WEEK 1,Saturday,August 15th,PHI,BAL,1st Quarter,4,Baltimore Ravens,0,4,0,3 Yard Run,1st & 10 at BAL 38,04:53 1st Shotgun,— A.Randall right guard to BAL 41 for 3 yards (A.Epenesa).
2026,PRESEASON WEEK 1,Saturday,August 15th,PHI,BAL,1st Quarter,4,Baltimore Ravens,0,5,0,-10 Yard Penalty,2nd & 7 at BAL 41,04:18 1st Shotgun,"— T.Huntley scrambles right end to BAL 43 for 2 yards (B.Young). PENALTY on BAL-D.Pinter, Offensive Holding, 10 yards, enforced at BAL 41 - No Play."
2026,PRESEASON WEEK 1,Saturday,August 15th,PHI,BAL,1st Quarter,4,Baltimore Ravens,0,6,0,Pass Incomplete,2nd & 17 at BAL 31,03:55 1st Shotgun,— T.Huntley pass incomplete short right to L.Wester.
2026,PRESEASON WEEK 1,Saturday,August 15th,PHI,BAL,1st Quarter,4,Baltimore Ravens,0,7,0,11 Yard Pass,3rd & 17 at BAL 31,03:49 1st Shotgun,— T.Huntley pass short middle to J.Cuevas to BAL 42 for 11 yards (J.Campbell; M.McWilliams).
2026,PRESEASON WEEK 1,Saturday,August 15th,PHI,BAL,1st Quarter,4,Baltimore Ravens,0,8,0,Punt,4th & 6 at BAL 42,03:08 1st,"— R.Eckley punts 27 yards to PHI 31, Center-N.Moore, out of bounds."
2026,PRESEASON WEEK 1,Saturday,August 15th,PHI,BAL,1st Quarter,5,Philadelphia Eagles,0,1,0,3 Yard Run,1st & 10 at PHI 31,03:02 1st,— T.Bigsby right guard to PHI 34 for 3 yards (B.Washington).
2026,PRESEASON WEEK 1,Saturday,August 15th,PHI,BAL,1st Quarter,5,Philadelphia Eagles,0,2,0,2 Yard Run,2nd & 7 at PHI 34,02:30 1st,— T.Bigsby left tackle to PHI 36 for 2 yards (B.Washington).
2026,PRESEASON WEEK 1,Saturday,August 15th,PHI,BAL,1st Quarter,5,Philadelphia Eagles,0,3,0,Pass Incomplete,3rd & 5 at PHI 36,01:53 1st Shotgun,— A.Dalton pass incomplete short left to D.Cooper.
2026,PRESEASON WEEK 1,Saturday,August 15th,PHI,BAL,1st Quarter,5,Philadelphia Eagles,0,4,0,Punt,4th & 5 at PHI 36,01:49 1st,"— B.Mann punts 48 yards to BAL 16, Center-R.Underwood. L.Wester to BAL 20 for 4 yards (R.Underwood; M.Pulley)."
2026,PRESEASON WEEK 1,Saturday,August 15th,PHI,BAL,2nd Quarter,1,Baltimore Ravens,0,1,0,13 Yard Pass,1st & 10 at BAL 20,01:35 1st,— J.Fagnano pass short right to M.Hibner to BAL 33 for 13 yards (J.Trotter; S.Mondon).
2026,PRESEASON WEEK 1,Saturday,August 15th,PHI,BAL,2nd Quarter,1,Baltimore Ravens,0,2,0,1 Yard Run,1st & 10 at BAL 33,00:56 1st,— E.Tau-Tolliver right guard to BAL 34 for 1 yard (Z.Wilson).
2026,PRESEASON WEEK 1,Saturday,August 15th,PHI,BAL,2nd Quarter,1,Baltimore Ravens,0,3,0,8 Yard Pass,2nd & 9 at BAL 34,00:18 1st Shotgun,— J.Fagnano pass short right to D.Walker pushed ob at BAL 42 for 8 yards (A.Thomas).
2026,PRESEASON WEEK 1,Saturday,August 15th,PHI,BAL,2nd Quarter,1,Baltimore Ravens,0,4,0,4 Yard Pass,3rd & 1 at BAL 42,15:00 2nd Shotgun,— J.Fagnano pass short middle to J.Lane to BAL 46 for 4 yards (M.McWilliams).
2026,PRESEASON WEEK 1,Saturday,August 15th,PHI,BAL,2nd Quarter,1,Baltimore Ravens,0,5,0,4 Yard Run,1st & 10 at BAL 46,14:23 2nd,— A.Randall up the middle to 50 for 4 yards (T.Robinson).
2026,PRESEASON WEEK 1,Saturday,August 15th,PHI,BAL,2nd Quarter,1,Baltimore Ravens,0,6,0,Pass Incomplete,2nd & 6 at 50,13:42 2nd Shotgun,— J.Fagnano pass incomplete deep right to L.Wester.
2026,PRESEASON WEEK 1,Saturday,August 15th,PHI,BAL,2nd Quarter,1,Baltimore Ravens,0,7,0,Pass Incomplete,3rd & 6 at 50,13:36 2nd Shotgun,— J.Fagnano pass incomplete short middle to L.Wester.
2026,PRESEASON WEEK 1,Saturday,August 15th,PHI,BAL,2nd Quarter,1,Baltimore Ravens,0,8,0,Punt,4th & 6 at 50,13:33 2nd,"— R.Eckley punts 40 yards to PHI 10, Center-N.Moore, fair catch by B.Covey."
2026,PRESEASON WEEK 1,Saturday,August 15th,PHI,BAL,2nd Quarter,2,Philadelphia Eagles,0,1,0,2 Yard Run,1st & 10 at PHI 10,13:26 2nd,— W.Shipley up the middle to PHI 12 for 2 yards (T.Tampa; D.DeLuca).
2026,PRESEASON WEEK 1,Saturday,August 15th,PHI,BAL,2nd Quarter,2,Philadelphia Eagles,0,2,0,5 Yard Pass,2nd & 8 at PHI 12,12:52 2nd,— T.McKee pass short left to B.Covey pushed ob at PHI 17 for 5 yards (D.DeLuca; K.Rucker).
2026,PRESEASON WEEK 1,Saturday,August 15th,PHI,BAL,2nd Quarter,2,Philadelphia Eagles,0,3,0,Pass Incomplete,3rd & 3 at PHI 17,12:17 2nd Shotgun,— T.McKee pass incomplete short left to G.Calcaterra.
2026,PRESEASON WEEK 1,Saturday,August 15th,PHI,BAL,2nd Quarter,2,Philadelphia Eagles,0,4,0,Punt,4th & 3 at PHI 17,12:13 2nd,"— B.Mann punts 49 yards to BAL 34, Center-R.Underwood. L.Wester to PHI 47 for 19 yards (K.Gushiken; J.Ramirez)."
2026,PRESEASON WEEK 1,Saturday,August 15th,PHI,BAL,2nd Quarter,3,Baltimore Ravens,1,1,0,7 Yard Run,1st & 10 at PHI 47,12:03 2nd,— A.Randall left tackle to PHI 40 for 7 yards (J.Trotter; D.Blay).
2026,PRESEASON WEEK 1,Saturday,August 15th,PHI,BAL,2nd Quarter,3,Baltimore Ravens,1,2,0,19 Yard Pass,2nd & 3 at PHI 40,11:26 2nd,— J.Fagnano pass deep middle to D.Walker to PHI 21 for 19 yards (M.McWilliams).
2026,PRESEASON WEEK 1,Saturday,August 15th,PHI,BAL,2nd Quarter,3,Baltimore Ravens,1,3,0,3 Yard Run,1st & 10 at PHI 21,10:51 2nd,— A.Randall left guard to PHI 18 for 3 yards (M.Carter; J.Trotter).
2026,PRESEASON WEEK 1,Saturday,August 15th,PHI,BAL,2nd Quarter,3,Baltimore Ravens,1,4,0,2 Yard Pass,2nd & 7 at PHI 18,10:08 2nd Shotgun,— J.Fagnano pass short right to M.Hibner to PHI 16 for 2 yards (A.Sam).
2026,PRESEASON WEEK 1,Saturday,August 15th,PHI,BAL,2nd Quarter,3,Baltimore Ravens,1,5,1,Touchdown,3rd & 5 at PHI 16,09:29 2nd Shotgun,"— J.Fagnano pass short middle to J.Lane for 16 yards, TOUCHDOWN."
2026,PRESEASON WEEK 1,Saturday,August 15th,PHI,BAL,2nd Quarter,3,Baltimore Ravens,1,6,1,Extra Point,,09:24 2nd,"— T.Loop extra point is GOOD, Center-N.Moore, Holder-R.Eckley."
2026,PRESEASON WEEK 1,Saturday,August 15th,PHI,BAL,2nd Quarter,4,Philadelphia Eagles,0,1,0,Kickoff from BAL 35,,Kickoff,— T.Loop kicks 54 yards from BAL 35 to PHI 11. Q.Watkins to PHI 23 for 12 yards (D.Walker).
2026,PRESEASON WEEK 1,Saturday,August 15th,PHI,BAL,2nd Quarter,4,Philadelphia Eagles,0,2,0,8 Yard Run,1st & 10 at PHI 23,09:19 2nd,— W.Shipley right end to PHI 31 for 8 yards (K.Wallace).
2026,PRESEASON WEEK 1,Saturday,August 15th,PHI,BAL,2nd Quarter,4,Philadelphia Eagles,0,3,0,13 Yard Pass,2nd & 2 at PHI 31,08:38 2nd Shotgun,— T.McKee pass short right to D.Cooper to PHI 44 for 13 yards (B.Kone; J.Higgins). BAL-J.Higgins was injured during the play.
2026,PRESEASON WEEK 1,Saturday,August 15th,PHI,BAL,2nd Quarter,4,Philadelphia Eagles,0,4,0,8 Yard Run,1st & 10 at PHI 44,08:11 2nd,— W.Shipley right end to BAL 48 for 8 yards (K.Wallace; B.Kone).
2026,PRESEASON WEEK 1,Saturday,August 15th,PHI,BAL,2nd Quarter,4,Philadelphia Eagles,0,5,0,4 Yard Run,2nd & 2 at BAL 48,07:30 2nd Shotgun,— W.Shipley left tackle to BAL 44 for 4 yards (B.Okoye).
2026,PRESEASON WEEK 1,Saturday,August 15th,PHI,BAL,2nd Quarter,4,Philadelphia Eagles,0,6,0,2 Yard Run,1st & 10 at BAL 44,06:52 2nd,— W.Shipley left end to BAL 42 for 2 yards (M.Green; R.Williford).
2026,PRESEASON WEEK 1,Saturday,August 15th,PHI,BAL,2nd Quarter,4,Philadelphia Eagles,0,7,0,-9 Yard Run,2nd & 8 at BAL 42,06:12 2nd,"— W.Shipley right guard to BAL 34 for 8 yards (K.Wallace). PENALTY on PHI-J.Majors, Offensive Holding, 10 yards, enforced at BAL 41."
2026,PRESEASON WEEK 1,Saturday,August 15th,PHI,BAL,2nd Quarter,4,Philadelphia Eagles,0,8,0,5 Yard Pass,2nd & 17 at PHI 49,05:51 2nd Shotgun,— T.McKee pass short right to B.Covey to BAL 46 for 5 yards (Z.Young).
2026,PRESEASON WEEK 1,Saturday,August 15th,PHI,BAL,2nd Quarter,4,Philadelphia Eagles,0,9,0,Pass Incomplete,3rd & 12 at BAL 46,05:12 2nd Shotgun,— T.McKee pass incomplete short middle to D.Gray.
2026,PRESEASON WEEK 1,Saturday,August 15th,PHI,BAL,2nd Quarter,4,Philadelphia Eagles,0,10,0,Punt,4th & 12 at BAL 46,05:08 2nd,"— B.Mann punts 35 yards to BAL 11, Center-R.Underwood, downed by PHI-K.Gushiken."
2026,PRESEASON WEEK 1,Saturday,August 15th,PHI,BAL,2nd Quarter,5,Baltimore Ravens,0,1,0,15 Yard Pass,1st & 10 at BAL 11,04:59 2nd Shotgun,— J.Fagnano pass short middle to X.Guillory to BAL 26 for 15 yards (J.Gray).
2026,PRESEASON WEEK 1,Saturday,August 15th,PHI,BAL,2nd Quarter,5,Baltimore Ravens,0,2,0,3 Yard Run,1st & 10 at BAL 26,04:21 2nd,— D.McMillan right tackle to BAL 29 for 3 yards (T.Jackson).
2026,PRESEASON WEEK 1,Saturday,August 15th,PHI,BAL,2nd Quarter,5,Baltimore Ravens,0,3,0,9 Yard Run,2nd & 7 at BAL 29,03:44 2nd,— D.McMillan right tackle to BAL 38 for 9 yards (A.Sam).
2026,PRESEASON WEEK 1,Saturday,August 15th,PHI,BAL,2nd Quarter,5,Baltimore Ravens,0,4,0,-5 Yard Penalty,1st & 10 at BAL 38,03:03 2nd,"— PENALTY on BAL-A.Vorhees, False Start, 5 yards, enforced at BAL 38 - No Play."
2026,PRESEASON WEEK 1,Saturday,August 15th,PHI,BAL,2nd Quarter,5,Baltimore Ravens,0,5,0,18 Yard Pass,1st & 15 at BAL 33,02:43 2nd,"— J.Fagnano pass deep left to E.Sarratt to PHI 49 for 18 yards (M.McWilliams). Penalty on PHI-M.McWilliams, Defensive Holding, declined."
2026,PRESEASON WEEK 1,Saturday,August 15th,PHI,BAL,2nd Quarter,5,Baltimore Ravens,0,6,0,5 Yard Run,1st & 10 at PHI 49,02:13 2nd,— E.Tau-Tolliver left guard to PHI 44 for 5 yards (M.McWilliams).
2026,PRESEASON WEEK 1,Saturday,August 15th,PHI,BAL,2nd Quarter,5,Baltimore Ravens,0,7,0,6 Yard Pass,2nd & 5 at PHI 44,02:00 2nd,— J.Fagnano pass short right to E.Sarratt to PHI 38 for 6 yards (S.Wade).
2026,PRESEASON WEEK 1,Saturday,August 15th,PHI,BAL,2nd Quarter,5,Baltimore Ravens,0,8,0,10 Yard Pass,1st & 10 at PHI 38,01:17 2nd Shotgun,— J.Fagnano pass short right to D.Wade to PHI 28 for 10 yards (S.Wade).
2026,PRESEASON WEEK 1,Saturday,August 15th,PHI,BAL,2nd Quarter,5,Baltimore Ravens,0,9,0,7 Yard Pass,1st & 10 at PHI 28,"00:56 2nd No Huddle, Shotgun",— J.Fagnano pass short middle to E.Sarratt to PHI 21 for 7 yards (M.McWilliams).
2026,PRESEASON WEEK 1,Saturday,August 15th,PHI,BAL,2nd Quarter,5,Baltimore Ravens,0,10,0,16 Yard Penalty,2nd & 3 at PHI 21,"00:38 2nd No Huddle, Shotgun","— J.Fagnano pass incomplete deep left to X.Guillory. PENALTY on PHI-K.Ringo, Defensive Pass Interference, 16 yards, enforced at PHI 21 - No Play."
2026,PRESEASON WEEK 1,Saturday,August 15th,PHI,BAL,2nd Quarter,5,Baltimore Ravens,0,11,0,Interception,1st & 5 at PHI 5,00:35 2nd,— J.Fagnano pass short middle intended for X.Guillory INTERCEPTED by K.Ringo [D.Blay] at PHI -9. Touchback.
2026,PRESEASON WEEK 1,Saturday,August 15th,PHI,BAL,2nd Quarter,6,Philadelphia Eagles,0,1,0,3 Yard Pass,1st & 10 at PHI 20,00:29 2nd Shotgun,— T.McKee pass short right to E.Stowers to PHI 23 for 3 yards (K.Martin).
2026,PRESEASON WEEK 1,Saturday,August 15th,PHI,BAL,2nd Quarter,6,Philadelphia Eagles,0,2,0,Timeout,,00:23 2nd,— Timeout #1 by PHI at 00:23.
2026,PRESEASON WEEK 1,Saturday,August 15th,PHI,BAL,2nd Quarter,6,Philadelphia Eagles,0,3,0,3 Yard Pass,2nd & 7 at PHI 23,00:23 2nd Shotgun,— T.McKee pass short middle to E.Stowers to PHI 26 for 3 yards (R.Williford; R.Longerbeam).
2026,PRESEASON WEEK 1,Saturday,August 15th,PHI,BAL,3rd Quarter,1,Baltimore Ravens,1,1,0,Kickoff from PHI 35,,Kickoff,— J.Elliott kicks 59 yards from PHI 35 to BAL 6. L.Wester to BAL 29 for 23 yards (B.George; C.Latu).
2026,PRESEASON WEEK 1,Saturday,August 15th,PHI,BAL,3rd Quarter,1,Baltimore Ravens,1,2,0,2 Yard Run,1st & 10 at BAL 29,14:54 3rd Shotgun,— A.Randall right guard to BAL 31 for 2 yards (D.Blay; S.Mondon).
2026,PRESEASON WEEK 1,Saturday,August 15th,PHI,BAL,3rd Quarter,1,Baltimore Ravens,1,3,0,9 Yard Pass,2nd & 8 at BAL 31,14:22 3rd,— J.Fagnano pass short middle to M.Hibner to BAL 40 for 9 yards (D.Lawson).
2026,PRESEASON WEEK 1,Saturday,August 15th,PHI,BAL,3rd Quarter,1,Baltimore Ravens,1,4,0,6 Yard Run,1st & 10 at BAL 40,13:43 3rd,— A.Randall right guard to BAL 46 for 6 yards (Z.Wilson).
2026,PRESEASON WEEK 1,Saturday,August 15th,PHI,BAL,3rd Quarter,1,Baltimore Ravens,1,5,0,6 Yard Pass,2nd & 4 at BAL 46,13:07 3rd,— J.Fagnano pass short right to D.Wade ran ob at PHI 48 for 6 yards (S.Wade).
2026,PRESEASON WEEK 1,Saturday,August 15th,PHI,BAL,3rd Quarter,1,Baltimore Ravens,1,6,0,11 Yard Run,1st & 10 at PHI 48,12:35 3rd,— D.McMillan right tackle to PHI 37 for 11 yards (A.Sam; D.Blay).
2026,PRESEASON WEEK 1,Saturday,August 15th,PHI,BAL,3rd Quarter,1,Baltimore Ravens,1,7,0,Pass Incomplete,1st & 10 at PHI 37,11:58 3rd,— J.Fagnano pass incomplete deep left to D.Wade (S.Wade).
2026,PRESEASON WEEK 1,Saturday,August 15th,PHI,BAL,3rd Quarter,1,Baltimore Ravens,1,8,0,12 Yard Pass,2nd & 10 at PHI 37,11:50 3rd Shotgun,— J.Fagnano pass short left to E.Sarratt pushed ob at PHI 25 for 12 yards (M.McWilliams).
2026,PRESEASON WEEK 1,Saturday,August 15th,PHI,BAL,3rd Quarter,1,Baltimore Ravens,1,9,0,1 Yard Run,1st & 10 at PHI 25,11:17 3rd,— E.Tau-Tolliver right end to PHI 24 for 1 yard (D.Lawson).
2026,PRESEASON WEEK 1,Saturday,August 15th,PHI,BAL,3rd Quarter,1,Baltimore Ravens,1,10,0,Pass Incomplete,2nd & 9 at PHI 24,10:39 3rd Shotgun,— J.Fagnano pass incomplete short left to E.Sarratt [S.Mondon].
2026,PRESEASON WEEK 1,Saturday,August 15th,PHI,BAL,3rd Quarter,1,Baltimore Ravens,1,11,0,Pass Incomplete,3rd & 9 at PHI 24,10:35 3rd Shotgun,— J.Fagnano pass incomplete short right to A.Randall [J.Weru].
2026,PRESEASON WEEK 1,Saturday,August 15th,PHI,BAL,3rd Quarter,1,Baltimore Ravens,1,12,1,Field Goal,4th & 9 at PHI 24,10:31 3rd,"— T.Loop 42 yard field goal is GOOD, Center-N.Moore, Holder-R.Eckley."
2026,PRESEASON WEEK 1,Saturday,August 15th,PHI,BAL,3rd Quarter,2,Philadelphia Eagles,0,1,0,Kickoff from BAL 35,,Kickoff,— T.Loop kicks 62 yards from BAL 35 to PHI 3. E.Ezukanma to PHI 28 for 25 yards (E.Burke).
2026,PRESEASON WEEK 1,Saturday,August 15th,PHI,BAL,3rd Quarter,2,Philadelphia Eagles,0,2,0,-3 Yard Run,1st & 10 at PHI 28,10:20 3rd,"— W.Shipley left guard to PHI 25 for -3 yards (K.Martin, D.Olajiga)."
2026,PRESEASON WEEK 1,Saturday,August 15th,PHI,BAL,3rd Quarter,2,Philadelphia Eagles,0,3,0,6 Yard Pass,2nd & 13 at PHI 25,09:47 3rd Shotgun,— T.McKee pass short middle to E.Stowers to PHI 31 for 6 yards (T.Tampa).
2026,PRESEASON WEEK 1,Saturday,August 15th,PHI,BAL,3rd Quarter,2,Philadelphia Eagles,0,4,0,-9 Yard Sack,3rd & 7 at PHI 31,09:08 3rd Shotgun,— T.McKee sacked at PHI 22 for -9 yards (K.Martin).
2026,PRESEASON WEEK 1,Saturday,August 15th,PHI,BAL,3rd Quarter,2,Philadelphia Eagles,0,5,0,Punt,4th & 16 at PHI 22,08:32 3rd,"— B.Mann punts 47 yards to BAL 31, Center-R.Underwood. E.Sarratt to BAL 44 for 13 yards (K.Gushiken). PENALTY on BAL-X.Guillory, Offensive Holding, 10 yards, enforced at BAL 31."
2026,PRESEASON WEEK 1,Saturday,August 15th,PHI,BAL,3rd Quarter,3,Baltimore Ravens,0,1,0,7 Yard Pass,1st & 10 at BAL 21,08:22 3rd,— J.Fagnano pass short middle to L.Scott to BAL 28 for 7 yards (S.Mondon).
2026,PRESEASON WEEK 1,Saturday,August 15th,PHI,BAL,3rd Quarter,3,Baltimore Ravens,0,2,0,5 Yard Run,2nd & 3 at BAL 28,07:44 3rd,— D.McMillan right end to BAL 33 for 5 yards (Z.Wilson; T.Jackson).
2026,PRESEASON WEEK 1,Saturday,August 15th,PHI,BAL,3rd Quarter,3,Baltimore Ravens,0,3,0,2 Yard Run,1st & 10 at BAL 33,07:07 3rd,— E.Tau-Tolliver left end to BAL 35 for 2 yards (D.Blay).
2026,PRESEASON WEEK 1,Saturday,August 15th,PHI,BAL,3rd Quarter,3,Baltimore Ravens,0,4,0,8 Yard Pass,2nd & 8 at BAL 35,06:25 3rd,— J.Fagnano pass short middle to E.Tau-Tolliver to BAL 43 for 8 yards (D.Blay).
2026,PRESEASON WEEK 1,Saturday,August 15th,PHI,BAL,3rd Quarter,3,Baltimore Ravens,0,5,0,2 Yard Pass,1st & 10 at BAL 43,05:40 3rd Shotgun,— J.Fagnano pass short left to A.Randall to BAL 45 for 2 yards (K.Gushiken).
2026,PRESEASON WEEK 1,Saturday,August 15th,PHI,BAL,3rd Quarter,3,Baltimore Ravens,0,6,0,7 Yard Run,2nd & 8 at BAL 45,05:02 3rd,— A.Randall left end to PHI 48 for 7 yards (A.Thomas).
2026,PRESEASON WEEK 1,Saturday,August 15th,PHI,BAL,3rd Quarter,3,Baltimore Ravens,0,7,0,Fumble,3rd & 1 at PHI 48,04:16 3rd Shotgun,"— J.Fagnano pass short right to E.Sarratt to PHI 36 for 12 yards (S.Wade). FUMBLES (S.Wade), RECOVERED by PHI-A.Thomas at PHI 24."
2026,PRESEASON WEEK 1,Saturday,August 15th,PHI,BAL,3rd Quarter,4,Philadelphia Eagles,0,1,0,2 Yard Run,1st & 10 at PHI 24,04:04 3rd,— C.Steele right tackle to PHI 26 for 2 yards (K.Jackson).
2026,PRESEASON WEEK 1,Saturday,August 15th,PHI,BAL,3rd Quarter,4,Philadelphia Eagles,0,2,0,Pass Incomplete,2nd & 8 at PHI 26,03:25 3rd Shotgun,— T.McKee pass incomplete short right to C.Latu (R.Williford).
2026,PRESEASON WEEK 1,Saturday,August 15th,PHI,BAL,3rd Quarter,4,Philadelphia Eagles,0,3,0,Pass Incomplete,3rd & 8 at PHI 26,03:19 3rd Shotgun,— T.McKee pass incomplete short right to D.Cooper.
2026,PRESEASON WEEK 1,Saturday,August 15th,PHI,BAL,3rd Quarter,4,Philadelphia Eagles,0,4,0,Punt,4th & 8 at PHI 26,03:14 3rd,"— B.Mann punts 51 yards to BAL 23, Center-R.Underwood. E.Sarratt to BAL 31 for 8 yards (M.Pulley)."
2026,PRESEASON WEEK 1,Saturday,August 15th,PHI,BAL,4th Quarter,1,Baltimore Ravens,1,1,0,2 Yard Run,1st & 10 at BAL 31,03:03 3rd,— D.McMillan right end to BAL 33 for 2 yards (M.Pulley).
2026,PRESEASON WEEK 1,Saturday,August 15th,PHI,BAL,4th Quarter,1,Baltimore Ravens,1,2,0,19 Yard Pass,2nd & 8 at BAL 33,02:22 3rd Shotgun,— J.Fagnano pass short left to T.Pezza pushed ob at PHI 48 for 19 yards (A.Thomas; M.Pulley).
2026,PRESEASON WEEK 1,Saturday,August 15th,PHI,BAL,4th Quarter,1,Baltimore Ravens,1,3,0,1 Yard Run,1st & 10 at PHI 48,01:46 3rd,— D.Wade left end to PHI 47 for 1 yard (J.Ramirez).
2026,PRESEASON WEEK 1,Saturday,August 15th,PHI,BAL,4th Quarter,1,Baltimore Ravens,1,4,0,12 Yard Pass,2nd & 9 at PHI 47,01:07 3rd Shotgun,— J.Fagnano pass short middle to C.Moore to PHI 35 for 12 yards (A.Thomas).
2026,PRESEASON WEEK 1,Saturday,August 15th,PHI,BAL,4th Quarter,1,Baltimore Ravens,1,5,0,1 Yard Run,1st & 10 at PHI 35,00:27 3rd,— E.Tau-Tolliver up the middle to PHI 34 for 1 yard (S.Mondon).
2026,PRESEASON WEEK 1,Saturday,August 15th,PHI,BAL,4th Quarter,1,Baltimore Ravens,1,6,0,4 Yard Run,2nd & 9 at PHI 34,15:00 4th Shotgun,— A.Randall right guard to PHI 30 for 4 yards (D.Lawson; Z.Wilson).
2026,PRESEASON WEEK 1,Saturday,August 15th,PHI,BAL,4th Quarter,1,Baltimore Ravens,1,7,0,8 Yard Pass,3rd & 5 at PHI 30,14:19 4th Shotgun,— J.Fagnano pass short right to D.Wade to PHI 22 for 8 yards (M.McWilliams).
2026,PRESEASON WEEK 1,Saturday,August 15th,PHI,BAL,4th Quarter,1,Baltimore Ravens,1,8,0,1 Yard Run,1st & 10 at PHI 22,13:39 4th Shotgun,— J.Fagnano scrambles left guard to PHI 21 for 1 yard (J.Weru).
2026,PRESEASON WEEK 1,Saturday,August 15th,PHI,BAL,4th Quarter,1,Baltimore Ravens,1,9,0,1 Yard Run,2nd & 9 at PHI 21,12:58 4th,— D.McMillan left guard to PHI 20 for 1 yard (S.Mondon; D.Lawson).
2026,PRESEASON WEEK 1,Saturday,August 15th,PHI,BAL,4th Quarter,1,Baltimore Ravens,1,10,0,5 Yard Penalty,3rd & 8 at PHI 20,12:21 4th Shotgun,"— J.Fagnano pass incomplete short middle to C.Moore (J.Gray). PENALTY on PHI-A.Thomas, Illegal Contact, 5 yards, enforced at PHI 20 - No Play."
2026,PRESEASON WEEK 1,Saturday,August 15th,PHI,BAL,4th Quarter,1,Baltimore Ravens,1,11,0,11 Yard Pass,1st & 10 at PHI 15,12:15 4th,— J.Fagnano pass short left to X.Guillory to PHI 4 for 11 yards (K.Gushiken).
2026,PRESEASON WEEK 1,Saturday,August 15th,PHI,BAL,4th Quarter,1,Baltimore Ravens,1,12,1,Touchdown,1st & 4 at PHI 4,11:29 4th,"— A.Randall right guard for 4 yards, TOUCHDOWN."
2026,PRESEASON WEEK 1,Saturday,August 15th,PHI,BAL,4th Quarter,1,Baltimore Ravens,1,13,1,Extra Point,,11:24 4th,"— T.Loop extra point is GOOD, Center-N.Moore, Holder-R.Eckley."
2026,PRESEASON WEEK 1,Saturday,August 15th,PHI,BAL,4th Quarter,2,Philadelphia Eagles,0,1,0,Kickoff from BAL 35,,Kickoff,— T.Loop kicks 62 yards from BAL 35 to PHI 3. E.Ezukanma to PHI 22 for 19 yards (M.Robinson).
2026,PRESEASON WEEK 1,Saturday,August 15th,PHI,BAL,4th Quarter,2,Philadelphia Eagles,0,2,0,-10 Yard Penalty,1st & 10 at PHI 22,11:18 4th,"— C.Payton sacked at PHI 22 for 0 yards (J.Johnson). PENALTY on PHI-M.Hinton, Offensive Holding, 10 yards, enforced at PHI 22 - No Play."
2026,PRESEASON WEEK 1,Saturday,August 15th,PHI,BAL,4th Quarter,2,Philadelphia Eagles,0,3,0,3 Yard Pass,1st & 20 at PHI 12,10:58 4th Shotgun,— C.Payton pass short right to E.Jenkins to PHI 15 for 3 yards (R.Longerbeam).
2026,PRESEASON WEEK 1,Saturday,August 15th,PHI,BAL,4th Quarter,2,Philadelphia Eagles,0,4,0,Pass Incomplete,2nd & 17 at PHI 15,10:20 4th Shotgun,— C.Payton pass incomplete short left.
2026,PRESEASON WEEK 1,Saturday,August 15th,PHI,BAL,4th Quarter,2,Philadelphia Eagles,0,5,0,Pass Incomplete,3rd & 17 at PHI 15,10:13 4th Shotgun,— C.Payton pass incomplete short right to S.Toure.
2026,PRESEASON WEEK 1,Saturday,August 15th,PHI,BAL,4th Quarter,2,Philadelphia Eagles,0,6,0,Punt,4th & 17 at PHI 15,10:08 4th,"— B.Mann punts 51 yards to BAL 34, Center-R.Underwood. D.Wade to BAL 38 for 4 yards (B.George; S.Toure)."
2026,PRESEASON WEEK 1,Saturday,August 15th,PHI,BAL,4th Quarter,3,Baltimore Ravens,1,1,0,5 Yard Run,1st & 10 at BAL 38,09:57 4th,— E.Tau-Tolliver left end ran ob at BAL 43 for 5 yards (M.Pulley).
2026,PRESEASON WEEK 1,Saturday,August 15th,PHI,BAL,4th Quarter,3,Baltimore Ravens,1,2,0,5 Yard Penalty,2nd & 5 at BAL 43,09:28 4th,"— A.Reed pass incomplete deep left to C.Johnson [J.Weru]. PENALTY on PHI-M.McWilliams, Defensive Holding, 5 yards, enforced at BAL 43 - No Play."
2026,PRESEASON WEEK 1,Saturday,August 15th,PHI,BAL,4th Quarter,3,Baltimore Ravens,1,3,0,6 Yard Run,1st & 10 at BAL 48,09:22 4th,— E.Tau-Tolliver right guard to PHI 46 for 6 yards (A.Thomas; B.George).
2026,PRESEASON WEEK 1,Saturday,August 15th,PHI,BAL,4th Quarter,3,Baltimore Ravens,1,4,0,3 Yard Pass,2nd & 4 at PHI 46,08:47 4th,— A.Reed pass short left to T.Pezza to PHI 43 for 3 yards (K.Gushiken).
2026,PRESEASON WEEK 1,Saturday,August 15th,PHI,BAL,4th Quarter,3,Baltimore Ravens,1,5,0,10 Yard Run,3rd & 1 at PHI 43,08:08 4th,— E.Tau-Tolliver up the middle to PHI 33 for 10 yards (M.McWilliams).
2026,PRESEASON WEEK 1,Saturday,August 15th,PHI,BAL,4th Quarter,3,Baltimore Ravens,1,6,0,1 Yard Run,1st & 10 at PHI 33,07:30 4th,— D.McMillan up the middle to PHI 32 for 1 yard (B.George; D.Lawson).
2026,PRESEASON WEEK 1,Saturday,August 15th,PHI,BAL,4th Quarter,3,Baltimore Ravens,1,7,0,-9 Yard Sack,2nd & 9 at PHI 32,06:51 4th,— A.Reed sacked at PHI 41 for -9 yards (T.Jackson).
2026,PRESEASON WEEK 1,Saturday,August 15th,PHI,BAL,4th Quarter,3,Baltimore Ravens,1,8,0,26 Yard Pass,3rd & 18 at PHI 41,06:10 4th Shotgun,"— A.Reed pass short middle to E.Sarratt to PHI 30 for 11 yards (M.Pulley). PENALTY on PHI-T.Robinson, Roughing the Passer, 15 yards, enforced at PHI 30."
2026,PRESEASON WEEK 1,Saturday,August 15th,PHI,BAL,4th Quarter,3,Baltimore Ravens,1,9,0,1 Yard Run,1st & 10 at PHI 15,05:52 4th,— D.McMillan right guard to PHI 14 for 1 yard (J.Ramirez).
2026,PRESEASON WEEK 1,Saturday,August 15th,PHI,BAL,4th Quarter,3,Baltimore Ravens,1,10,1,Touchdown,2nd & 9 at PHI 14,05:15 4th Shotgun,"— A.Reed scrambles left end for 14 yards, TOUCHDOWN."
2026,PRESEASON WEEK 1,Saturday,August 15th,PHI,BAL,4th Quarter,3,Baltimore Ravens,1,11,1,Extra Point,,05:07 4th,"— T.Loop extra point is GOOD, Center-N.Moore, Holder-R.Eckley."
2026,PRESEASON WEEK 1,Saturday,August 15th,PHI,BAL,4th Quarter,4,Philadelphia Eagles,1,1,0,Kickoff from BAL 35,,Kickoff,— T.Loop kicks 57 yards from BAL 35 to PHI 8. E.Ezukanma to PHI 41 for 33 yards (A.Oruwariye; R.Longerbeam).
2026,PRESEASON WEEK 1,Saturday,August 15th,PHI,BAL,4th Quarter,4,Philadelphia Eagles,1,2,0,Pass Incomplete,1st & 10 at PHI 41,05:01 4th Shotgun,— C.Payton pass incomplete short left to E.Ezukanma.
2026,PRESEASON WEEK 1,Saturday,August 15th,PHI,BAL,4th Quarter,4,Philadelphia Eagles,1,3,0,-10 Yard Penalty,2nd & 10 at PHI 41,04:54 4th Shotgun,"— C.Payton scrambles left end to PHI 48 for 7 yards (C.Rivers; E.Burke). PENALTY on PHI-M.Hinton, Offensive Holding, 10 yards, enforced at PHI 41 - No Play."
2026,PRESEASON WEEK 1,Saturday,August 15th,PHI,BAL,4th Quarter,4,Philadelphia Eagles,1,4,0,17 Yard Pass,2nd & 20 at PHI 31,04:43 4th Shotgun,— C.Payton pass short middle to E.Jenkins to PHI 48 for 17 yards (S.Walters; R.Williford).
2026,PRESEASON WEEK 1,Saturday,August 15th,PHI,BAL,4th Quarter,4,Philadelphia Eagles,1,5,0,Pass Incomplete,3rd & 3 at PHI 48,04:09 4th Shotgun,— C.Payton pass incomplete short middle to S.Toure (C.Rivers).
2026,PRESEASON WEEK 1,Saturday,August 15th,PHI,BAL,4th Quarter,4,Philadelphia Eagles,1,6,0,17 Yard Run,4th & 3 at PHI 48,04:05 4th Shotgun,— C.Payton scrambles right tackle pushed ob at BAL 35 for 17 yards (E.Burke).
2026,PRESEASON WEEK 1,Saturday,August 15th,PHI,BAL,4th Quarter,4,Philadelphia Eagles,1,7,0,Pass Incomplete,1st & 10 at BAL 35,"03:57 4th No Huddle, Shotgun",— C.Payton pass incomplete short middle to S.Toure (D.Wilson).
2026,PRESEASON WEEK 1,Saturday,August 15th,PHI,BAL,4th Quarter,4,Philadelphia Eagles,1,8,0,15 Yard Run,2nd & 10 at BAL 35,03:53 4th Shotgun,— C.Payton right end to BAL 20 for 15 yards (S.Walters).
2026,PRESEASON WEEK 1,Saturday,August 15th,PHI,BAL,4th Quarter,4,Philadelphia Eagles,1,9,0,11 Yard Pass,1st & 10 at BAL 20,"03:29 4th No Huddle, Shotgun",— C.Payton pass short right to J.Jackson to BAL 9 for 11 yards (L.Webb).
2026,PRESEASON WEEK 1,Saturday,August 15th,PHI,BAL,4th Quarter,4,Philadelphia Eagles,1,10,0,-10 Yard Penalty,1st & 9 at BAL 9,"03:05 4th No Huddle, Shotgun","— C.Payton scrambles left tackle ran ob at BAL 3 for 6 yards (C.Rivers). PENALTY on PHI-M.Morris, Offensive Holding, 10 yards, enforced at BAL 9 - No Play."
2026,PRESEASON WEEK 1,Saturday,August 15th,PHI,BAL,4th Quarter,4,Philadelphia Eagles,1,11,0,13 Yard Run,1st & 19 at BAL 19,02:55 4th Shotgun,— C.Payton scrambles up the middle to BAL 6 for 13 yards (C.Rivers).
2026,PRESEASON WEEK 1,Saturday,August 15th,PHI,BAL,4th Quarter,4,Philadelphia Eagles,1,12,1,Touchdown,2nd & 6 at BAL 6,"02:24 4th No Huddle, Shotgun","— C.Payton pass short right to E.Ezukanma for 6 yards, TOUCHDOWN [A.Graves]."
2026,PRESEASON WEEK 1,Saturday,August 15th,PHI,BAL,4th Quarter,4,Philadelphia Eagles,1,13,1,Extra Point,,02:14 4th,"— J.Elliott extra point is GOOD, Center-R.Underwood, Holder-B.Mann."
2026,PRESEASON WEEK 1,Saturday,August 15th,PHI,BAL,4th Quarter,5,Baltimore Ravens,0,1,0,Kickoff from PHI 35,,Kickoff,— J.Elliott kicks 60 yards from PHI 35 to BAL 5. C.Moore to BAL 34 for 29 yards (B.George; E.Stowers).
2026,PRESEASON WEEK 1,Saturday,August 15th,PHI,BAL,4th Quarter,5,Baltimore Ravens,0,2,0,6 Yard Run,1st & 10 at BAL 34,02:08 4th,— E.Tau-Tolliver right end to BAL 40 for 6 yards (D.Blay; B.George).
2026,PRESEASON WEEK 1,Saturday,August 15th,PHI,BAL,4th Quarter,5,Baltimore Ravens,0,3,0,7 Yard Run,2nd & 4 at BAL 40,02:00 4th,— D.McMillan up the middle to BAL 47 for 7 yards (M.Pulley).
2026,PRESEASON WEEK 1,Saturday,August 15th,PHI,BAL,4th Quarter,5,Baltimore Ravens,0,4,0,-1 Yard Run,1st & 10 at BAL 47,01:15 4th,— A.Reed kneels to BAL 46 for -1 yards.
2026,PRESEASON WEEK 1,Saturday,August 15th,PHI,BAL,4th Quarter,5,Baltimore Ravens,0,5,0,-1 Yard Run,2nd & 11 at BAL 46,00:33 4th,— A.Reed kneels to BAL 45 for -1 yards.
2026,PRESEASON WEEK 1,Saturday,August 15th,DAL,SEA,1st Quarter,1,Seattle Seahawks,1,1,0,Kickoff from DAL 35,,Kickoff,"— B.Aubrey kicks 53 yards from DAL 35 to SEA 12. C.White pushed ob at SEA 45 for 33 yards (A.Speed). PENALTY on SEA-N.Kallerup, Offensive Holding, 10 yards, enforced at SEA 30."
2026,PRESEASON WEEK 1,Saturday,August 15th,DAL,SEA,1st Quarter,1,Seattle Seahawks,1,2,0,3 Yard Run,1st & 10 at SEA 20,14:52 1st,— G.Holani left end to SEA 23 for 3 yards (C.Carson).
2026,PRESEASON WEEK 1,Saturday,August 15th,DAL,SEA,1st Quarter,1,Seattle Seahawks,1,3,0,3 Yard Pass,2nd & 7 at SEA 23,14:17 1st,— D.Lock pass short right to J.Bobo to SEA 26 for 3 yards (S.Revel).
2026,PRESEASON WEEK 1,Saturday,August 15th,DAL,SEA,1st Quarter,1,Seattle Seahawks,1,4,0,19 Yard Penalty,3rd & 4 at SEA 26,13:38 1st Shotgun,"— D.Lock pass incomplete deep left to C.White. PENALTY on DAL-C.Carson, Defensive Pass Interference, 19 yards, enforced at SEA 26 - No Play."
2026,PRESEASON WEEK 1,Saturday,August 15th,DAL,SEA,1st Quarter,1,Seattle Seahawks,1,5,0,4 Yard Run,1st & 10 at SEA 45,13:34 1st,— V.Jones left tackle to SEA 49 for 4 yards (C.Carson; S.James).
2026,PRESEASON WEEK 1,Saturday,August 15th,DAL,SEA,1st Quarter,1,Seattle Seahawks,1,6,0,5 Yard Run,2nd & 6 at SEA 49,12:57 1st,— V.Jones right end to DAL 46 for 5 yards (C.Robinson).
2026,PRESEASON WEEK 1,Saturday,August 15th,DAL,SEA,1st Quarter,1,Seattle Seahawks,1,7,0,2 Yard Run,3rd & 1 at DAL 46,12:21 1st,— G.Holani right guard to DAL 44 for 2 yards (M.Lawrence; J.Toia).
2026,PRESEASON WEEK 1,Saturday,August 15th,DAL,SEA,1st Quarter,1,Seattle Seahawks,1,8,0,Pass Incomplete,1st & 10 at DAL 44,11:42 1st,— D.Lock pass incomplete short left.
2026,PRESEASON WEEK 1,Saturday,August 15th,DAL,SEA,1st Quarter,1,Seattle Seahawks,1,9,0,5 Yard Run,2nd & 10 at DAL 44,11:37 1st Shotgun,— G.Holani right guard to DAL 39 for 5 yards (S.Williams; S.James).
2026,PRESEASON WEEK 1,Saturday,August 15th,DAL,SEA,1st Quarter,1,Seattle Seahawks,1,10,0,21 Yard Run,3rd & 5 at DAL 39,10:57 1st Shotgun,"— D.Lock scrambles left end to DAL 33 for 6 yards (C.Robinson; D.Kendrick). PENALTY on DAL-C.Carson, Face Mask, 15 yards, enforced at DAL 33."
2026,PRESEASON WEEK 1,Saturday,August 15th,DAL,SEA,1st Quarter,1,Seattle Seahawks,1,11,0,0 Yard Run,1st & 10 at DAL 18,10:39 1st,— G.Holani right tackle to DAL 18 for no gain (K.Gilliam; T.Bridges).
2026,PRESEASON WEEK 1,Saturday,August 15th,DAL,SEA,1st Quarter,1,Seattle Seahawks,1,12,0,12 Yard Pass,2nd & 10 at DAL 18,09:58 1st Shotgun,— D.Lock pass short middle to E.Arroyo to DAL 6 for 12 yards (C.Carson).
2026,PRESEASON WEEK 1,Saturday,August 15th,DAL,SEA,1st Quarter,1,Seattle Seahawks,1,13,0,2 Yard Run,1st & 6 at DAL 6,09:11 1st,— G.Holani left tackle to DAL 4 for 2 yards (M.Bell; L.Overton).
2026,PRESEASON WEEK 1,Saturday,August 15th,DAL,SEA,1st Quarter,1,Seattle Seahawks,1,14,0,-1 Yard Run,2nd & 4 at DAL 4,08:28 1st,— G.Holani up the middle to DAL 5 for -1 yards (M.Liufau).
2026,PRESEASON WEEK 1,Saturday,August 15th,DAL,SEA,1st Quarter,1,Seattle Seahawks,1,15,1,Touchdown,3rd & 5 at DAL 5,07:46 1st Shotgun,"— D.Lock pass short right to M.Foster for 5 yards, TOUCHDOWN. Penalty on DAL-M.Liufau, Defensive Pass Interference, declined."
2026,PRESEASON WEEK 1,Saturday,August 15th,DAL,SEA,1st Quarter,1,Seattle Seahawks,1,16,1,Extra Point,,07:42 1st,"— J.Myers extra point is GOOD, Center-C.Stoll, Holder-M.Dickson."
2026,PRESEASON WEEK 1,Saturday,August 15th,DAL,SEA,1st Quarter,2,Dallas Cowboys,0,1,0,Kickoff from SEA 35,,Kickoff,— J.Myers kicks 65 yards from SEA 35 to DAL 0. I.Abanikanda to DAL 25 for 25 yards (J.Ivey; B.Russell).
2026,PRESEASON WEEK 1,Saturday,August 15th,DAL,SEA,1st Quarter,2,Dallas Cowboys,0,2,0,2 Yard Run,1st & 10 at DAL 25,07:35 1st,— J.Blue up the middle to DAL 27 for 2 yards (R.Mills; B.Pili).
2026,PRESEASON WEEK 1,Saturday,August 15th,DAL,SEA,1st Quarter,2,Dallas Cowboys,0,3,0,4 Yard Run,2nd & 8 at DAL 27,07:05 1st,— J.Blue left guard to DAL 31 for 4 yards (J.Ivey).
2026,PRESEASON WEEK 1,Saturday,August 15th,DAL,SEA,1st Quarter,2,Dallas Cowboys,0,4,0,-5 Yard Penalty,3rd & 4 at DAL 31,06:28 1st Shotgun,"— PENALTY on DAL-N.Thomas, False Start, 5 yards, enforced at DAL 31 - No Play."
2026,PRESEASON WEEK 1,Saturday,August 15th,DAL,SEA,1st Quarter,2,Dallas Cowboys,0,5,0,Pass Incomplete,3rd & 9 at DAL 26,06:07 1st Shotgun,— S.Howell pass incomplete short left to A.Smith (T.Knight) [M.Morris].
2026,PRESEASON WEEK 1,Saturday,August 15th,DAL,SEA,1st Quarter,2,Dallas Cowboys,0,6,0,Punt,4th & 9 at DAL 26,06:03 1st,"— B.Anger punts 56 yards to SEA 18, Center-T.Sieg. C.White to SEA 36 for 18 yards (M.Bell)."
2026,PRESEASON WEEK 1,Saturday,August 15th,DAL,SEA,1st Quarter,3,Seattle Seahawks,0,1,0,-1 Yard Pass,1st & 10 at SEA 36,05:50 1st Shotgun,— D.Lock pass short left to V.Jones to SEA 35 for -1 yards (J.Barron).
2026,PRESEASON WEEK 1,Saturday,August 15th,DAL,SEA,1st Quarter,3,Seattle Seahawks,0,2,0,Pass Incomplete,2nd & 11 at SEA 35,05:13 1st,— D.Lock pass incomplete short middle to J.Bobo (C.Carson).
2026,PRESEASON WEEK 1,Saturday,August 15th,DAL,SEA,1st Quarter,3,Seattle Seahawks,0,3,0,Pass Incomplete,3rd & 11 at SEA 35,05:09 1st Shotgun,— D.Lock pass incomplete deep middle to J.Bobo.
2026,PRESEASON WEEK 1,Saturday,August 15th,DAL,SEA,1st Quarter,3,Seattle Seahawks,0,4,0,Punt,4th & 11 at SEA 35,05:04 1st,"— M.Dickson punts 39 yards to DAL 26, Center-C.Stoll, fair catch by J.Mingo. PENALTY on DAL-C.Robinson, Offensive Holding, 10 yards, enforced at DAL 26."
2026,PRESEASON WEEK 1,Saturday,August 15th,DAL,SEA,2nd Quarter,1,Dallas Cowboys,1,1,0,13 Yard Pass,1st & 10 at DAL 16,04:57 1st Shotgun,— S.Howell pass short left to J.Blue to DAL 29 for 13 yards (C.O'Toole).
2026,PRESEASON WEEK 1,Saturday,August 15th,DAL,SEA,2nd Quarter,1,Dallas Cowboys,1,2,0,Pass Incomplete,1st & 10 at DAL 29,04:21 1st,— S.Howell pass incomplete deep left to M.Valdes-Scantling.
2026,PRESEASON WEEK 1,Saturday,August 15th,DAL,SEA,2nd Quarter,1,Dallas Cowboys,1,3,0,3 Yard Run,2nd & 10 at DAL 29,04:16 1st Shotgun,— J.Blue left guard to DAL 32 for 3 yards (T.Knight).
2026,PRESEASON WEEK 1,Saturday,August 15th,DAL,SEA,2nd Quarter,1,Dallas Cowboys,1,4,0,16 Yard Penalty,3rd & 7 at DAL 32,03:35 1st Shotgun,"— S.Howell pass incomplete short middle to M.Valdes-Scantling. PENALTY on SEA-S.Jean-Charles, Defensive Pass Interference, 16 yards, enforced at DAL 32 - No Play."
2026,PRESEASON WEEK 1,Saturday,August 15th,DAL,SEA,2nd Quarter,1,Dallas Cowboys,1,5,0,1 Yard Run,1st & 10 at DAL 48,03:30 1st Shotgun,— J.Blue left guard to DAL 49 for 1 yard (T.Knight; C.O'Toole).
2026,PRESEASON WEEK 1,Saturday,August 15th,DAL,SEA,2nd Quarter,1,Dallas Cowboys,1,6,0,1 Yard Run,2nd & 9 at DAL 49,02:48 1st Shotgun,— J.Blue up the middle to 50 for 1 yard (T.Knight).
2026,PRESEASON WEEK 1,Saturday,August 15th,DAL,SEA,2nd Quarter,1,Dallas Cowboys,1,7,0,11 Yard Pass,3rd & 8 at 50,02:09 1st Shotgun,— S.Howell pass short left to J.Mingo to SEA 39 for 11 yards (T.Knight).
2026,PRESEASON WEEK 1,Saturday,August 15th,DAL,SEA,2nd Quarter,1,Dallas Cowboys,1,8,0,5 Yard Run,1st & 10 at SEA 39,01:32 1st,— S.Howell scrambles up the middle to SEA 34 for 5 yards (P.O'Connell).
2026,PRESEASON WEEK 1,Saturday,August 15th,DAL,SEA,2nd Quarter,1,Dallas Cowboys,1,9,0,1 Yard Run,2nd & 5 at SEA 34,00:44 1st Shotgun,— P.Mafah left guard to SEA 33 for 1 yard (P.O'Connell; D.Bell).
2026,PRESEASON WEEK 1,Saturday,August 15th,DAL,SEA,2nd Quarter,1,Dallas Cowboys,1,10,0,9 Yard Pass,3rd & 4 at SEA 33,15:00 2nd Shotgun,— S.Howell pass short right to J.Mingo to SEA 24 for 9 yards (N.Pritchett; C.O'Toole).
2026,PRESEASON WEEK 1,Saturday,August 15th,DAL,SEA,2nd Quarter,1,Dallas Cowboys,1,11,0,1 Yard Run,1st & 10 at SEA 24,14:25 2nd,— P.Mafah right tackle to SEA 23 for 1 yard (T.Knight).
2026,PRESEASON WEEK 1,Saturday,August 15th,DAL,SEA,2nd Quarter,1,Dallas Cowboys,1,12,0,6 Yard Pass,2nd & 9 at SEA 23,13:39 2nd Shotgun,— S.Howell pass short right to P.Mafah ran ob at SEA 17 for 6 yards (P.O'Connell; T.Knight).
2026,PRESEASON WEEK 1,Saturday,August 15th,DAL,SEA,2nd Quarter,1,Dallas Cowboys,1,13,0,4 Yard Run,3rd & 3 at SEA 17,"13:21 2nd No Huddle, Shotgun",— P.Mafah up the middle to SEA 13 for 4 yards (T.Knight; P.O'Connell).
2026,PRESEASON WEEK 1,Saturday,August 15th,DAL,SEA,2nd Quarter,1,Dallas Cowboys,1,14,0,1 Yard Run,1st & 10 at SEA 13,12:39 2nd Shotgun,— J.Blue up the middle to SEA 12 for 1 yard (U.Seumalo).
2026,PRESEASON WEEK 1,Saturday,August 15th,DAL,SEA,2nd Quarter,1,Dallas Cowboys,1,15,0,2 Yard Pass,2nd & 9 at SEA 12,12:02 2nd Shotgun,— S.Howell pass short right to J.Blue to SEA 10 for 2 yards (T.Knight).
2026,PRESEASON WEEK 1,Saturday,August 15th,DAL,SEA,2nd Quarter,1,Dallas Cowboys,1,16,0,Pass Incomplete,3rd & 7 at SEA 10,11:20 2nd Shotgun,— S.Howell pass incomplete short left to A.Smith.
2026,PRESEASON WEEK 1,Saturday,August 15th,DAL,SEA,2nd Quarter,1,Dallas Cowboys,1,17,1,Field Goal,4th & 7 at SEA 10,11:17 2nd,"— B.Aubrey 29 yard field goal is GOOD, Center-T.Sieg, Holder-B.Anger."
2026,PRESEASON WEEK 1,Saturday,August 15th,DAL,SEA,2nd Quarter,2,Seattle Seahawks,0,1,0,Kickoff from DAL 35,,Kickoff,— B.Aubrey kicks 58 yards from DAL 35 to SEA 7. C.White to SEA 23 for 16 yards (J.Wood).
2026,PRESEASON WEEK 1,Saturday,August 15th,DAL,SEA,2nd Quarter,2,Seattle Seahawks,0,2,0,5 Yard Run,1st & 10 at SEA 23,11:06 2nd,— G.Holani left end to SEA 28 for 5 yards (T.Dunn).
2026,PRESEASON WEEK 1,Saturday,August 15th,DAL,SEA,2nd Quarter,2,Seattle Seahawks,0,3,0,-1 Yard Run,2nd & 5 at SEA 28,10:22 2nd,"— J.Milroe FUMBLES (Aborted) at SEA 27, and recovers at SEA 27."
2026,PRESEASON WEEK 1,Saturday,August 15th,DAL,SEA,2nd Quarter,2,Seattle Seahawks,0,4,0,9 Yard Pass,3rd & 6 at SEA 27,09:44 2nd Shotgun,— J.Milroe pass short middle to J.Bobo to SEA 36 for 9 yards (J.Barron).
2026,PRESEASON WEEK 1,Saturday,August 15th,DAL,SEA,2nd Quarter,2,Seattle Seahawks,0,5,0,7 Yard Run,1st & 10 at SEA 36,09:04 2nd,"— J.Milroe scrambles right end ran ob at SEA 38 for 2 yards (M.Lawrence). PENALTY on DAL-C.Carson, Defensive Holding, 5 yards, enforced at SEA 38."
2026,PRESEASON WEEK 1,Saturday,August 15th,DAL,SEA,2nd Quarter,2,Seattle Seahawks,0,6,0,-5 Yard Penalty,1st & 10 at SEA 43,08:40 2nd,"— PENALTY on SEA-C.White, False Start, 5 yards, enforced at SEA 43 - No Play."
2026,PRESEASON WEEK 1,Saturday,August 15th,DAL,SEA,2nd Quarter,2,Seattle Seahawks,0,7,0,1 Yard Pass,1st & 15 at SEA 38,08:18 2nd Shotgun,— J.Milroe pass short left to J.Bobo to SEA 39 for 1 yard (J.Houston).
2026,PRESEASON WEEK 1,Saturday,August 15th,DAL,SEA,2nd Quarter,2,Seattle Seahawks,0,8,0,3 Yard Run,2nd & 14 at SEA 39,07:44 2nd Shotgun,— G.Holani left guard to SEA 42 for 3 yards (M.Lawrence).
2026,PRESEASON WEEK 1,Saturday,August 15th,DAL,SEA,2nd Quarter,2,Seattle Seahawks,0,9,0,12 Yard Run,3rd & 11 at SEA 42,07:06 2nd Shotgun,— J.Milroe scrambles right end pushed ob at DAL 46 for 12 yards (C.Robinson).
2026,PRESEASON WEEK 1,Saturday,August 15th,DAL,SEA,2nd Quarter,2,Seattle Seahawks,0,10,0,4 Yard Run,1st & 10 at DAL 46,06:26 2nd,— V.Jones left guard to DAL 42 for 4 yards (J.Barron; S.Williams).
2026,PRESEASON WEEK 1,Saturday,August 15th,DAL,SEA,2nd Quarter,2,Seattle Seahawks,0,11,0,6 Yard Pass,2nd & 6 at DAL 42,05:45 2nd Shotgun,— J.Milroe pass short middle to N.Kallerup to DAL 36 for 6 yards (C.Robinson).
2026,PRESEASON WEEK 1,Saturday,August 15th,DAL,SEA,2nd Quarter,2,Seattle Seahawks,0,12,0,8 Yard Run,1st & 10 at DAL 36,05:01 2nd Shotgun,— G.Holani right end to DAL 28 for 8 yards (C.Carson).
2026,PRESEASON WEEK 1,Saturday,August 15th,DAL,SEA,2nd Quarter,2,Seattle Seahawks,0,13,0,3 Yard Run,2nd & 2 at DAL 28,04:22 2nd Shotgun,— G.Holani left tackle to DAL 25 for 3 yards (L.Patterson; K.Gilliam).
2026,PRESEASON WEEK 1,Saturday,August 15th,DAL,SEA,2nd Quarter,2,Seattle Seahawks,0,14,0,5 Yard Run,1st & 10 at DAL 25,03:43 2nd,— G.Holani left end to DAL 20 for 5 yards (M.Bell).
2026,PRESEASON WEEK 1,Saturday,August 15th,DAL,SEA,2nd Quarter,2,Seattle Seahawks,0,15,0,3 Yard Run,2nd & 5 at DAL 20,03:09 2nd,— V.Jones up the middle to DAL 17 for 3 yards (J.Houston; C.Robinson).
2026,PRESEASON WEEK 1,Saturday,August 15th,DAL,SEA,2nd Quarter,2,Seattle Seahawks,0,16,0,Pass Incomplete,3rd & 2 at DAL 17,02:35 2nd Shotgun,— J.Milroe pass incomplete short left to C.White (T.Bridges).
2026,PRESEASON WEEK 1,Saturday,August 15th,DAL,SEA,2nd Quarter,2,Seattle Seahawks,0,17,0,-10 Yard Penalty,4th & 2 at DAL 17,02:30 2nd Shotgun,"— J.Milroe pass short middle to J.Bobo to DAL 7 for 10 yards (D.Withers; A.Clark). PENALTY on SEA-A.Kight, Offensive Holding, 10 yards, enforced at DAL 17 - No Play."
2026,PRESEASON WEEK 1,Saturday,August 15th,DAL,SEA,2nd Quarter,2,Seattle Seahawks,0,18,0,Field Goal No Good,4th & 12 at DAL 27,02:07 2nd,"— J.Myers 45 yard field goal is No Good, Wide Right, Center-C.Stoll, Holder-M.Dickson."
2026,PRESEASON WEEK 1,Saturday,August 15th,DAL,SEA,2nd Quarter,3,Dallas Cowboys,1,1,0,Pass Incomplete,1st & 10 at DAL 35,02:04 2nd,— S.Howell pass incomplete short left to M.Trigg (T.Knight).
2026,PRESEASON WEEK 1,Saturday,August 15th,DAL,SEA,2nd Quarter,3,Dallas Cowboys,1,2,0,3 Yard Run,2nd & 10 at DAL 35,01:59 2nd Shotgun,— J.Blue up the middle to DAL 38 for 3 yards (M.Morris).
2026,PRESEASON WEEK 1,Saturday,August 15th,DAL,SEA,2nd Quarter,3,Dallas Cowboys,1,3,0,10 Yard Run,3rd & 7 at DAL 38,01:21 2nd Shotgun,— S.Howell scrambles right end pushed ob at DAL 48 for 10 yards (N.Pritchett).
2026,PRESEASON WEEK 1,Saturday,August 15th,DAL,SEA,2nd Quarter,3,Dallas Cowboys,1,4,0,Timeout,,01:15 2nd,— Timeout #1 by SEA at 01:15.
2026,PRESEASON WEEK 1,Saturday,August 15th,DAL,SEA,2nd Quarter,3,Dallas Cowboys,1,5,0,4 Yard Pass,1st & 10 at DAL 48,01:15 2nd Shotgun,— S.Howell pass short right to M.Trigg to SEA 48 for 4 yards (T.Knight).
2026,PRESEASON WEEK 1,Saturday,August 15th,DAL,SEA,2nd Quarter,3,Dallas Cowboys,1,6,0,-5 Yard Penalty,2nd & 6 at SEA 48,"00:55 2nd No Huddle, Shotgun","— PENALTY on DAL-D.Shelton, False Start, 5 yards, enforced at SEA 48 - No Play."
2026,PRESEASON WEEK 1,Saturday,August 15th,DAL,SEA,2nd Quarter,3,Dallas Cowboys,1,7,0,Timeout,,00:55 2nd,— Timeout #1 by DAL at 00:55. 10-second runoff avoided.
2026,PRESEASON WEEK 1,Saturday,August 15th,DAL,SEA,2nd Quarter,3,Dallas Cowboys,1,8,0,10 Yard Pass,2nd & 11 at DAL 47,00:55 2nd Shotgun,— S.Howell pass short right to M.Trigg pushed ob at SEA 43 for 10 yards (T.Knight).
2026,PRESEASON WEEK 1,Saturday,August 15th,DAL,SEA,2nd Quarter,3,Dallas Cowboys,1,9,0,4 Yard Run,3rd & 1 at SEA 43,"00:49 2nd No Huddle, Shotgun",— J.Blue up the middle to SEA 39 for 4 yards (P.O'Connell).
2026,PRESEASON WEEK 1,Saturday,August 15th,DAL,SEA,2nd Quarter,3,Dallas Cowboys,1,10,0,Timeout,,00:45 2nd,— Timeout #1 by DAL at 00:45.
2026,PRESEASON WEEK 1,Saturday,August 15th,DAL,SEA,2nd Quarter,3,Dallas Cowboys,1,11,1,Touchdown,1st & 10 at SEA 39,00:45 2nd Shotgun,"— S.Howell pass deep right to C.Brown for 39 yards, TOUCHDOWN."
2026,PRESEASON WEEK 1,Saturday,August 15th,DAL,SEA,2nd Quarter,3,Dallas Cowboys,1,12,1,Extra Point,,00:38 2nd,"— B.Aubrey extra point is GOOD, Center-T.Sieg, Holder-B.Anger."
2026,PRESEASON WEEK 1,Saturday,August 15th,DAL,SEA,2nd Quarter,4,Seattle Seahawks,0,1,0,Kickoff from DAL 35,,Kickoff,— B.Aubrey kicks 59 yards from DAL 35 to SEA 6. R.Rochelle to SEA 28 for 22 yards (L.Patterson).
2026,PRESEASON WEEK 1,Saturday,August 15th,DAL,SEA,2nd Quarter,4,Seattle Seahawks,0,2,0,20 Yard Run,1st & 10 at SEA 28,00:33 2nd Shotgun,— J.Milroe scrambles right end ran ob at SEA 48 for 20 yards (C.Robinson).
2026,PRESEASON WEEK 1,Saturday,August 15th,DAL,SEA,2nd Quarter,4,Seattle Seahawks,0,3,0,-5 Yard Penalty,1st & 10 at SEA 48,00:25 2nd Shotgun,"— PENALTY on SEA-J.Bobo, False Start, 5 yards, enforced at SEA 48 - No Play."
2026,PRESEASON WEEK 1,Saturday,August 15th,DAL,SEA,2nd Quarter,4,Seattle Seahawks,0,4,0,-10 Yard Penalty,1st & 15 at SEA 43,00:25 2nd Shotgun,"— J.Milroe sacked at SEA 41 for -2 yards (J.Houston). PENALTY on SEA-B.Stephens, Offensive Holding, 10 yards, enforced at SEA 43 - No Play."
2026,PRESEASON WEEK 1,Saturday,August 15th,DAL,SEA,2nd Quarter,4,Seattle Seahawks,0,5,0,-4 Yard Sack,1st & 25 at SEA 33,00:19 2nd Shotgun,— J.Milroe sacked at SEA 29 for -4 yards (J.Houston).
2026,PRESEASON WEEK 1,Saturday,August 15th,DAL,SEA,2nd Quarter,4,Seattle Seahawks,0,6,0,Timeout,,00:13 2nd,— Timeout #2 by SEA at 00:13.
2026,PRESEASON WEEK 1,Saturday,August 15th,DAL,SEA,2nd Quarter,4,Seattle Seahawks,0,7,0,-10 Yard Penalty,2nd & 29 at SEA 29,00:13 2nd Shotgun,"— J.Milroe pass short left to E.Arroyo to SEA 38 for 9 yards (D.Kendrick). PENALTY on SEA-L.Brown, Offensive Holding, 10 yards, enforced at SEA 29 - No Play."
2026,PRESEASON WEEK 1,Saturday,August 15th,DAL,SEA,2nd Quarter,4,Seattle Seahawks,0,8,0,7 Yard Run,2nd & 39 at SEA 19,00:04 2nd Shotgun,— G.Holani left tackle to SEA 26 for 7 yards (J.Barron; T.Wheat).
2026,PRESEASON WEEK 1,Saturday,August 15th,DAL,SEA,3rd Quarter,1,Dallas Cowboys,1,1,0,Kickoff from SEA 35,,Kickoff,"— J.Myers kicks 62 yards from SEA 35 to DAL 3. J.Blue to DAL 28 for 25 yards (Ju.Jones). PENALTY on DAL-T.Holden, Illegal Block Above the Waist, 10 yards, enforced at DAL 26."
2026,PRESEASON WEEK 1,Saturday,August 15th,DAL,SEA,3rd Quarter,1,Dallas Cowboys,1,2,0,9 Yard Run,1st & 10 at DAL 16,14:55 3rd,— A.Smith left end to DAL 25 for 9 yards (M.Dansby; C.Surratt).
2026,PRESEASON WEEK 1,Saturday,August 15th,DAL,SEA,3rd Quarter,1,Dallas Cowboys,1,3,0,3 Yard Run,2nd & 1 at DAL 25,14:24 3rd Shotgun,— P.Mafah right guard to DAL 28 for 3 yards (J.Ivey).
2026,PRESEASON WEEK 1,Saturday,August 15th,DAL,SEA,3rd Quarter,1,Dallas Cowboys,1,4,0,9 Yard Pass,1st & 10 at DAL 28,13:49 3rd,— J.Milton pass short right to M.Trigg ran ob at DAL 37 for 9 yards (B.Clark). SEA-J.Ivey was injured during the play.
2026,PRESEASON WEEK 1,Saturday,August 15th,DAL,SEA,3rd Quarter,1,Dallas Cowboys,1,5,0,-4 Yard Penalty,2nd & 1 at DAL 37,13:21 3rd,"— PENALTY on DAL-M.Johnson, False Start, 4 yards, enforced at DAL 37 - No Play."
2026,PRESEASON WEEK 1,Saturday,August 15th,DAL,SEA,3rd Quarter,1,Dallas Cowboys,1,6,0,-10 Yard Penalty,2nd & 5 at DAL 33,13:03 3rd Shotgun,"— J.Milton pass incomplete short right to C.Brown. PENALTY on DAL-M.Johnson, Illegal Use of Hands, 10 yards, enforced at DAL 33 - No Play."
2026,PRESEASON WEEK 1,Saturday,August 15th,DAL,SEA,3rd Quarter,1,Dallas Cowboys,1,7,0,21 Yard Pass,2nd & 15 at DAL 23,13:00 3rd Shotgun,— J.Milton pass short middle to C.Brown to DAL 44 for 21 yards (S.Jean-Charles).
2026,PRESEASON WEEK 1,Saturday,August 15th,DAL,SEA,3rd Quarter,1,Dallas Cowboys,1,8,0,Pass Incomplete,1st & 10 at DAL 44,12:19 3rd,— J.Milton pass incomplete short right to A.Smith.
2026,PRESEASON WEEK 1,Saturday,August 15th,DAL,SEA,3rd Quarter,1,Dallas Cowboys,1,9,0,7 Yard Pass,2nd & 10 at DAL 44,12:15 3rd,— J.Milton pass short middle to M.Trigg to SEA 49 for 7 yards (R.Thomas; C.Surratt).
2026,PRESEASON WEEK 1,Saturday,August 15th,DAL,SEA,3rd Quarter,1,Dallas Cowboys,1,10,0,23 Yard Pass,3rd & 3 at SEA 49,11:33 3rd Shotgun,— J.Milton pass short left to A.Smith to SEA 26 for 23 yards (A.Fuller).
2026,PRESEASON WEEK 1,Saturday,August 15th,DAL,SEA,3rd Quarter,1,Dallas Cowboys,1,11,0,5 Yard Run,1st & 10 at SEA 26,10:54 3rd Shotgun,— J.Milton scrambles right tackle to SEA 21 for 5 yards (A.Smith).
2026,PRESEASON WEEK 1,Saturday,August 15th,DAL,SEA,3rd Quarter,1,Dallas Cowboys,1,12,0,8 Yard Run,2nd & 5 at SEA 21,10:12 3rd,— M.Davis right tackle to SEA 13 for 8 yards (R.Thomas; B.Clark).
2026,PRESEASON WEEK 1,Saturday,August 15th,DAL,SEA,3rd Quarter,1,Dallas Cowboys,1,13,0,8 Yard Run,1st & 10 at SEA 13,09:35 3rd,— M.Davis left guard to SEA 5 for 8 yards (D.Bell; C.Surratt).
2026,PRESEASON WEEK 1,Saturday,August 15th,DAL,SEA,3rd Quarter,1,Dallas Cowboys,1,14,0,1 Yard Run,2nd & 2 at SEA 5,08:54 3rd Shotgun,— J.Milton left end ran ob at SEA 4 for 1 yard (R.Thomas).
2026,PRESEASON WEEK 1,Saturday,August 15th,DAL,SEA,3rd Quarter,1,Dallas Cowboys,1,15,0,Timeout,,08:23 3rd,— Timeout #1 by DAL at 08:23.
2026,PRESEASON WEEK 1,Saturday,August 15th,DAL,SEA,3rd Quarter,1,Dallas Cowboys,1,16,0,2 Yard Run,3rd & 1 at SEA 4,08:23 3rd,— J.Milton up the middle to SEA 2 for 2 yards (J.Gaines). ** Injury Update: SEA-J.Ivey has returned to the game.
2026,PRESEASON WEEK 1,Saturday,August 15th,DAL,SEA,3rd Quarter,1,Dallas Cowboys,1,17,1,Touchdown,1st & 2 at SEA 2,07:46 3rd,"— J.Milton pass short left to C.Brown for 2 yards, TOUCHDOWN [J.Singleton]."
2026,PRESEASON WEEK 1,Saturday,August 15th,DAL,SEA,3rd Quarter,1,Dallas Cowboys,1,18,1,Extra Point,,07:41 3rd,"— B.Aubrey extra point is GOOD, Center-T.Sieg, Holder-B.Anger."
2026,PRESEASON WEEK 1,Saturday,August 15th,DAL,SEA,3rd Quarter,2,Seattle Seahawks,0,1,0,Kickoff from DAL 35,,Kickoff,— B.Aubrey kicks 58 yards from DAL 35 to SEA 7. R.Rochelle to SEA 25 for 18 yards (J.Hudson).
2026,PRESEASON WEEK 1,Saturday,August 15th,DAL,SEA,3rd Quarter,2,Seattle Seahawks,0,2,0,3 Yard Run,1st & 10 at SEA 25,07:37 3rd,— V.Jones up the middle to SEA 28 for 3 yards (D.Withers; J.Toia).
2026,PRESEASON WEEK 1,Saturday,August 15th,DAL,SEA,3rd Quarter,2,Seattle Seahawks,0,3,0,4 Yard Pass,2nd & 7 at SEA 28,07:03 3rd,— D.Lock pass short right to R.White to SEA 32 for 4 yards (J.Butler).
2026,PRESEASON WEEK 1,Saturday,August 15th,DAL,SEA,3rd Quarter,2,Seattle Seahawks,0,4,0,Pass Incomplete,3rd & 3 at SEA 32,06:25 3rd Shotgun,— D.Lock pass incomplete deep left to M.Foster.
2026,PRESEASON WEEK 1,Saturday,August 15th,DAL,SEA,3rd Quarter,2,Seattle Seahawks,0,5,0,Punt,4th & 3 at SEA 32,06:19 3rd,"— M.Dickson punts 51 yards to DAL 17, Center-C.Stoll, out of bounds."
2026,PRESEASON WEEK 1,Saturday,August 15th,DAL,SEA,3rd Quarter,3,Dallas Cowboys,0,1,0,3 Yard Run,1st & 10 at DAL 17,06:12 3rd,— M.Davis left tackle to DAL 20 for 3 yards (W.Thomas).
2026,PRESEASON WEEK 1,Saturday,August 15th,DAL,SEA,3rd Quarter,3,Dallas Cowboys,0,2,0,14 Yard Run,2nd & 7 at DAL 20,05:38 3rd,— M.Davis left tackle to DAL 34 for 14 yards (B.Clark; R.Thomas).
2026,PRESEASON WEEK 1,Saturday,August 15th,DAL,SEA,3rd Quarter,3,Dallas Cowboys,0,3,0,-3 Yard Run,1st & 10 at DAL 34,04:53 3rd,— M.Davis right tackle to DAL 31 for -3 yards (J.Gaines).
2026,PRESEASON WEEK 1,Saturday,August 15th,DAL,SEA,3rd Quarter,3,Dallas Cowboys,0,4,0,Pass Incomplete,2nd & 13 at DAL 31,04:14 3rd,— J.Milton pass incomplete short right to I.Abanikanda.
2026,PRESEASON WEEK 1,Saturday,August 15th,DAL,SEA,3rd Quarter,3,Dallas Cowboys,0,5,0,-5 Yard Penalty,3rd & 13 at DAL 31,04:06 3rd Shotgun,"— PENALTY on DAL, Delay of Game, 5 yards, enforced at DAL 31 - No Play."
2026,PRESEASON WEEK 1,Saturday,August 15th,DAL,SEA,3rd Quarter,3,Dallas Cowboys,0,6,0,5 Yard Pass,3rd & 18 at DAL 26,04:06 3rd Shotgun,— J.Milton pass short left to A.Smith to DAL 31 for 5 yards (A.Fuller).
2026,PRESEASON WEEK 1,Saturday,August 15th,DAL,SEA,3rd Quarter,3,Dallas Cowboys,0,7,0,Punt,4th & 13 at DAL 31,03:19 3rd,"— B.Anger punts 53 yards to SEA 16, Center-T.Sieg. R.Rochelle to DAL 32 for 52 yards (J.Mingo). PENALTY on DAL-J.Barron, Illegal Formation, 5 yards, enforced at DAL 32."
2026,PRESEASON WEEK 1,Saturday,August 15th,DAL,SEA,4th Quarter,1,Seattle Seahawks,0,1,0,0 Yard Run,1st & 10 at DAL 27,03:01 3rd,— V.Jones right end ran ob at DAL 27 for no gain (J.Butler).
2026,PRESEASON WEEK 1,Saturday,August 15th,DAL,SEA,4th Quarter,1,Seattle Seahawks,0,2,0,15 Yard Pass,2nd & 10 at DAL 27,02:30 3rd Shotgun,— D.Lock pass short middle to M.Foster to DAL 12 for 15 yards (C.Robinson; A.Clark).
2026,PRESEASON WEEK 1,Saturday,August 15th,DAL,SEA,4th Quarter,1,Seattle Seahawks,0,3,0,0 Yard Run,1st & 10 at DAL 12,01:50 3rd Shotgun,— V.Jones up the middle to DAL 12 for no gain (J.Wood; K.Gilliam).
2026,PRESEASON WEEK 1,Saturday,August 15th,DAL,SEA,4th Quarter,1,Seattle Seahawks,0,4,0,3 Yard Pass,2nd & 10 at DAL 12,01:14 3rd Shotgun,— D.Lock pass short left to M.Foster to DAL 9 for 3 yards (J.Wood; I.Land).
2026,PRESEASON WEEK 1,Saturday,August 15th,DAL,SEA,4th Quarter,1,Seattle Seahawks,0,5,0,3 Yard Pass,3rd & 7 at DAL 9,00:29 3rd Shotgun,— D.Lock pass short left to M.Foster pushed ob at DAL 6 for 3 yards (A.Speed).
2026,PRESEASON WEEK 1,Saturday,August 15th,DAL,SEA,4th Quarter,1,Seattle Seahawks,0,6,0,Turnover on Downs,4th & 4 at DAL 6,15:00 4th Shotgun,"— D.Lock pass short left to V.Jones to DAL 10 for -4 yards (C.Robinson). Penalty on SEA-L.Brown, Offensive Holding, declined."
2026,PRESEASON WEEK 1,Saturday,August 15th,DAL,SEA,4th Quarter,2,Dallas Cowboys,0,1,0,-5 Yard Penalty,1st & 10 at DAL 10,14:52 4th Shotgun,"— J.Milton scrambles left end to DAL 11 for 1 yard (R.Thomas). PENALTY on DAL-S.Pete, Illegal Use of Hands, 5 yards, enforced at DAL 10 - No Play."
2026,PRESEASON WEEK 1,Saturday,August 15th,DAL,SEA,4th Quarter,2,Dallas Cowboys,0,2,0,8 Yard Run,1st & 15 at DAL 5,14:28 4th Shotgun,— M.Davis left guard to DAL 13 for 8 yards (A.Fuller).
2026,PRESEASON WEEK 1,Saturday,August 15th,DAL,SEA,4th Quarter,2,Dallas Cowboys,0,3,0,1 Yard Run,2nd & 7 at DAL 13,13:53 4th,— M.Davis left end to DAL 14 for 1 yard (A.Hubbard).
2026,PRESEASON WEEK 1,Saturday,August 15th,DAL,SEA,4th Quarter,2,Dallas Cowboys,0,4,0,10 Yard Pass,3rd & 6 at DAL 14,13:13 4th Shotgun,— J.Milton pass short right to J.Hudson to DAL 24 for 10 yards (J.Washington).
2026,PRESEASON WEEK 1,Saturday,August 15th,DAL,SEA,4th Quarter,2,Dallas Cowboys,0,5,0,5 Yard Run,1st & 10 at DAL 24,12:39 4th,— I.Abanikanda up the middle to DAL 29 for 5 yards (C.Surratt; R.Thomas).
2026,PRESEASON WEEK 1,Saturday,August 15th,DAL,SEA,4th Quarter,2,Dallas Cowboys,0,6,0,2 Yard Pass,2nd & 5 at DAL 29,12:03 4th,"— J.Milton pass short right to D.Rogers to DAL 31 for 2 yards (C.Surratt). FUMBLES (C.Surratt), ball out of bounds at DAL 31."
2026,PRESEASON WEEK 1,Saturday,August 15th,DAL,SEA,4th Quarter,2,Dallas Cowboys,0,7,0,-2 Yard Pass,3rd & 3 at DAL 31,11:41 4th Shotgun,— J.Milton pass short right to Z.Kuntz to DAL 29 for -2 yards (A.Finley).
2026,PRESEASON WEEK 1,Saturday,August 15th,DAL,SEA,4th Quarter,2,Dallas Cowboys,0,8,0,Punt,4th & 5 at DAL 29,11:06 4th,"— B.Anger punts 37 yards to SEA 34, Center-T.Sieg, fair catch by R.Rochelle."
2026,PRESEASON WEEK 1,Saturday,August 15th,DAL,SEA,4th Quarter,3,Seattle Seahawks,0,1,0,Pass Incomplete,1st & 10 at SEA 34,11:00 4th,— J.Milroe pass incomplete short left to M.Foster.
2026,PRESEASON WEEK 1,Saturday,August 15th,DAL,SEA,4th Quarter,3,Seattle Seahawks,0,2,0,Pass Incomplete,2nd & 10 at SEA 34,10:54 4th Shotgun,— J.Milroe pass incomplete short right to T.Harden [T.Wheat].
2026,PRESEASON WEEK 1,Saturday,August 15th,DAL,SEA,4th Quarter,3,Seattle Seahawks,0,3,0,10 Yard Pass,3rd & 10 at SEA 34,10:49 4th Shotgun,"— J.Milroe pass short left to M.Foster to SEA 43 for 9 yards (T.Bridges). Seattle challenged the short of the line to gain ruling, and the play was REVERSED. (Shotgun) J.Milroe pass short left to M.Foster to SEA 44 for 10 yards (T.Bridges)."
2026,PRESEASON WEEK 1,Saturday,August 15th,DAL,SEA,4th Quarter,3,Seattle Seahawks,0,4,0,-9 Yard Sack,1st & 10 at SEA 44,10:26 4th,— J.Milroe sacked at SEA 35 for -9 yards (sack split by T.Wheat and R.Steward).
2026,PRESEASON WEEK 1,Saturday,August 15th,DAL,SEA,4th Quarter,3,Seattle Seahawks,0,5,0,10 Yard Pass,2nd & 19 at SEA 35,09:43 4th Shotgun,— J.Milroe pass short left to N.Vannett to SEA 45 for 10 yards (L.Patterson; J.Wood).
2026,PRESEASON WEEK 1,Saturday,August 15th,DAL,SEA,4th Quarter,3,Seattle Seahawks,0,6,0,2 Yard Run,3rd & 9 at SEA 45,08:55 4th Shotgun,"— J.Milroe scrambles right end pushed ob at SEA 47 for 2 yards (R.Steward). Penalty on SEA-M.Foster, Offensive Offside, declined."
2026,PRESEASON WEEK 1,Saturday,August 15th,DAL,SEA,4th Quarter,3,Seattle Seahawks,0,7,0,-5 Yard Penalty,4th & 2 at DAL 48,08:32 4th Shotgun,"— PENALTY on SEA-L.Brown, False Start, 5 yards, enforced at DAL 48 - No Play."
2026,PRESEASON WEEK 1,Saturday,August 15th,DAL,SEA,4th Quarter,3,Seattle Seahawks,0,8,0,Fumble,4th & 7 at SEA 47,08:32 4th,"— M.Dickson punts 51 yards to DAL 2, Center-C.Stoll. T.Holden MUFFS catch, RECOVERED by SEA-T.Harden at DAL 5. Penalty on DAL-J.Butler, Offensive Holding, declined."
2026,PRESEASON WEEK 1,Saturday,August 15th,DAL,SEA,4th Quarter,4,Seattle Seahawks,0,1,0,3 Yard Run,1st & 5 at DAL 5,08:21 4th,— Ju.Jones right end ran ob at DAL 2 for 3 yards (R.Steward).
2026,PRESEASON WEEK 1,Saturday,August 15th,DAL,SEA,4th Quarter,4,Seattle Seahawks,0,2,0,1 Yard Run,2nd & 2 at DAL 2,07:48 4th,— T.Harden right end pushed ob at DAL 1 for 1 yard (J.Wood).
2026,PRESEASON WEEK 1,Saturday,August 15th,DAL,SEA,4th Quarter,4,Seattle Seahawks,0,3,0,0 Yard Run,3rd & 1 at DAL 1,07:22 4th,— T.Harden up the middle to DAL 1 for no gain (D.Withers).
2026,PRESEASON WEEK 1,Saturday,August 15th,DAL,SEA,4th Quarter,4,Seattle Seahawks,0,4,0,Turnover on Downs,4th & 1 at DAL 1,06:40 4th Shotgun,— J.Milroe sacked at DAL 15 for -14 yards (I.Land).
2026,PRESEASON WEEK 1,Saturday,August 15th,DAL,SEA,4th Quarter,5,Dallas Cowboys,0,1,0,8 Yard Run,1st & 10 at DAL 15,06:32 4th,"— J.Milton to DAL 14 for -1 yards. FUMBLES, and recovers at DAL 14. J.Milton to DAL 11 for -3 yards. Handoff to I.Abanikanda to DAL 23 for 12 yards (M.Dansby; A.Smith)."
2026,PRESEASON WEEK 1,Saturday,August 15th,DAL,SEA,4th Quarter,5,Dallas Cowboys,0,2,0,0 Yard Run,2nd & 2 at DAL 23,05:51 4th,— I.Abanikanda up the middle to DAL 23 for no gain (M.Jones; M.Hook).
2026,PRESEASON WEEK 1,Saturday,August 15th,DAL,SEA,4th Quarter,5,Dallas Cowboys,0,3,0,Timeout,,05:42 4th,— Timeout #1 by SEA at 05:42.
2026,PRESEASON WEEK 1,Saturday,August 15th,DAL,SEA,4th Quarter,5,Dallas Cowboys,0,4,0,5 Yard Pass,3rd & 2 at DAL 23,05:42 4th Shotgun,"— J.Milton pass short right to J.Hudson to DAL 28 for 5 yards (J.Washington). Penalty on SEA-J.Washington, Illegal Use of Hands, declined."
2026,PRESEASON WEEK 1,Saturday,August 15th,DAL,SEA,4th Quarter,5,Dallas Cowboys,0,5,0,14 Yard Pass,1st & 10 at DAL 28,05:23 4th Shotgun,— J.Milton pass short left to T.Johnson to DAL 42 for 14 yards (A.Smith).
2026,PRESEASON WEEK 1,Saturday,August 15th,DAL,SEA,4th Quarter,5,Dallas Cowboys,0,6,0,Timeout,,05:14 4th,— Timeout #2 by SEA at 05:14.
2026,PRESEASON WEEK 1,Saturday,August 15th,DAL,SEA,4th Quarter,5,Dallas Cowboys,0,7,0,Pass Incomplete,1st & 10 at DAL 42,05:14 4th Shotgun,— J.Milton pass incomplete short right to D.Rogers.
2026,PRESEASON WEEK 1,Saturday,August 15th,DAL,SEA,4th Quarter,5,Dallas Cowboys,0,8,0,5 Yard Run,2nd & 10 at DAL 42,05:09 4th,— I.Abanikanda left guard to DAL 47 for 5 yards (J.Singleton; A.Smith).
2026,PRESEASON WEEK 1,Saturday,August 15th,DAL,SEA,4th Quarter,5,Dallas Cowboys,0,9,0,Timeout,,05:03 4th,— Timeout #3 by SEA at 05:03.
2026,PRESEASON WEEK 1,Saturday,August 15th,DAL,SEA,4th Quarter,5,Dallas Cowboys,0,10,0,11 Yard Pass,3rd & 5 at DAL 47,05:03 4th Shotgun,— J.Milton pass short right to T.Johnson to SEA 42 for 11 yards (A.Smith).
2026,PRESEASON WEEK 1,Saturday,August 15th,DAL,SEA,4th Quarter,5,Dallas Cowboys,0,11,0,6 Yard Run,1st & 10 at SEA 42,04:27 4th,— I.Abanikanda up the middle to SEA 36 for 6 yards (J.Gaines; U.Seumalo).
2026,PRESEASON WEEK 1,Saturday,August 15th,DAL,SEA,4th Quarter,5,Dallas Cowboys,0,12,0,Timeout,,03:45 4th,— Timeout #2 by DAL at 03:45.
2026,PRESEASON WEEK 1,Saturday,August 15th,DAL,SEA,4th Quarter,5,Dallas Cowboys,0,13,0,3 Yard Run,2nd & 4 at SEA 36,03:45 4th,— I.Abanikanda up the middle to SEA 33 for 3 yards (J.Gaines; M.Hook).
2026,PRESEASON WEEK 1,Saturday,August 15th,DAL,SEA,4th Quarter,5,Dallas Cowboys,0,14,0,2 Yard Run,3rd & 1 at SEA 33,03:06 4th,— J.Milton up the middle to SEA 31 for 2 yards (M.Jones).
2026,PRESEASON WEEK 1,Saturday,August 15th,DAL,SEA,4th Quarter,5,Dallas Cowboys,0,15,0,9 Yard Run,1st & 10 at SEA 31,02:24 4th Shotgun,— I.Abanikanda up the middle to SEA 22 for 9 yards (C.Surratt).
2026,PRESEASON WEEK 1,Saturday,August 15th,DAL,SEA,4th Quarter,5,Dallas Cowboys,0,16,0,2 Yard Run,2nd & 1 at SEA 22,02:00 4th,— J.Milton up the middle to SEA 20 for 2 yards (J.Singleton).
2026,PRESEASON WEEK 1,Saturday,August 15th,DAL,SEA,4th Quarter,5,Dallas Cowboys,0,17,0,-1 Yard Run,1st & 10 at SEA 20,01:17 4th,— J.Milton kneels to SEA 21 for -1 yards.
2026,PRESEASON WEEK 1,Saturday,August 15th,DAL,SEA,4th Quarter,5,Dallas Cowboys,0,18,0,-1 Yard Run,2nd & 11 at SEA 21,00:43 4th,— J.Milton kneels to SEA 22 for -1 yards.
